run_index,run_label,mode,workload,timestamp,path,offset,size,phase,confidence,decay_rate,seek_delta,prefetch,prefetch_offset,prefetch_size,prefetch_depth,cache_hit,false_negative
334,334_adaptive_sequential_run14,adaptive,sequential,1778268846.3551517,/big.txt,0,131072,unknown,0.0000,0.0000,0,0,,,1,-1,0
334,334_adaptive_sequential_run14,adaptive,sequential,1778268846.35848,/big.txt,131072,131072,sequential,1.0000,0.0000,0,1,262144,4096,1,-1,1
334,334_adaptive_sequential_run14,adaptive,sequential,1778268846.3616045,/big.txt,262144,131072,sequential,1.0000,0.0000,0,1,393216,4096,1,-1,0
334,334_adaptive_sequential_run14,adaptive,sequential,1778268846.3648112,/big.txt,393216,131072,sequential,1.0000,0.0000,0,1,524288,4096,1,-1,0
334,334_adaptive_sequential_run14,adaptive,sequential,1778268846.3679585,/big.txt,524288,131072,sequential,1.0000,0.0000,0,1,655360,4096,1,-1,0
334,334_adaptive_sequential_run14,adaptive,sequential,1778268846.3711123,/big.txt,655360,131072,sequential,1.0000,0.0000,0,1,786432,4096,1,-1,0
334,334_adaptive_sequential_run14,adaptive,sequential,1778268846.3741605,/big.txt,786432,131072,sequential,1.0000,0.0000,0,1,917504,4096,1,-1,0
334,334_adaptive_sequential_run14,adaptive,sequential,1778268846.3771944,/big.txt,917504,131072,sequential,1.0000,0.0000,0,1,1048576,4096,1,-1,0
334,334_adaptive_sequential_run14,adaptive,sequential,1778268846.380168,/big.txt,1048576,131072,sequential,1.0000,0.0000,0,1,1179648,4096,1,-1,0
334,334_adaptive_sequential_run14,adaptive,sequential,1778268846.3831854,/big.txt,1179648,131072,sequential,1.0000,0.0000,0,1,1310720,4096,1,-1,0
334,334_adaptive_sequential_run14,adaptive,sequential,1778268846.386176,/big.txt,1310720,131072,sequential,1.0000,0.0000,0,1,1441792,4096,1,-1,0
334,334_adaptive_sequential_run14,adaptive,sequential,1778268846.3891673,/big.txt,1441792,131072,sequential,1.0000,0.0000,0,1,1572864,4096,1,-1,0
334,334_adaptive_sequential_run14,adaptive,sequential,1778268846.3921523,/big.txt,1572864,131072,sequential,1.0000,0.0000,0,1,1703936,4096,1,-1,0
334,334_adaptive_sequential_run14,adaptive,sequential,1778268846.3950868,/big.txt,1703936,131072,sequential,1.0000,0.0000,0,1,1835008,4096,1,-1,0
334,334_adaptive_sequential_run14,adaptive,sequential,1778268846.3980286,/big.txt,1835008,131072,sequential,1.0000,0.0000,0,1,1966080,4096,1,-1,0
334,334_adaptive_sequential_run14,adaptive,sequential,1778268846.4010372,/big.txt,1966080,131072,sequential,1.0000,0.0000,0,1,2097152,4096,1,-1,0
334,334_adaptive_sequential_run14,adaptive,sequential,1778268846.4040012,/big.txt,2097152,131072,sequential,1.0000,0.0000,0,1,2228224,4096,1,-1,0
334,334_adaptive_sequential_run14,adaptive,sequential,1778268846.4069893,/big.txt,2228224,131072,sequential,1.0000,0.0000,0,1,2359296,4096,1,-1,0
334,334_adaptive_sequential_run14,adaptive,sequential,1778268846.4099176,/big.txt,2359296,131072,sequential,1.0000,0.0000,0,1,2490368,4096,1,-1,0
334,334_adaptive_sequential_run14,adaptive,sequential,1778268846.4128675,/big.txt,2490368,131072,sequential,1.0000,0.0000,0,1,2621440,4096,1,-1,0
334,334_adaptive_sequential_run14,adaptive,sequential,1778268846.41589,/big.txt,2621440,131072,sequential,1.0000,0.0000,0,1,2752512,4096,1,-1,0
334,334_adaptive_sequential_run14,adaptive,sequential,1778268846.4188197,/big.txt,2752512,131072,sequential,1.0000,0.0000,0,1,2883584,4096,1,-1,0
334,334_adaptive_sequential_run14,adaptive,sequential,1778268846.4217894,/big.txt,2883584,131072,sequential,1.0000,0.0000,0,1,3014656,4096,1,-1,0
334,334_adaptive_sequential_run14,adaptive,sequential,1778268846.4247828,/big.txt,3014656,131072,sequential,1.0000,0.0000,0,1,3145728,4096,1,-1,0
334,334_adaptive_sequential_run14,adaptive,sequential,1778268846.4277241,/big.txt,3145728,131072,sequential,1.0000,0.0000,0,1,3276800,4096,1,-1,0
334,334_adaptive_sequential_run14,adaptive,sequential,1778268846.4307084,/big.txt,3276800,131072,sequential,1.0000,0.0000,0,1,3407872,4096,1,-1,0
334,334_adaptive_sequential_run14,adaptive,sequential,1778268846.4337242,/big.txt,3407872,131072,sequential,1.0000,0.0000,0,1,3538944,4096,1,-1,0
334,334_adaptive_sequential_run14,adaptive,sequential,1778268846.436718,/big.txt,3538944,131072,sequential,1.0000,0.0000,0,1,3670016,4096,1,-1,0
334,334_adaptive_sequential_run14,adaptive,sequential,1778268846.4395387,/big.txt,3670016,131072,sequential,1.0000,0.0000,0,1,3801088,4096,1,-1,0
334,334_adaptive_sequential_run14,adaptive,sequential,1778268846.4424055,/big.txt,3801088,131072,sequential,1.0000,0.0000,0,1,3932160,4096,1,-1,0
334,334_adaptive_sequential_run14,adaptive,sequential,1778268846.4452384,/big.txt,3932160,131072,sequential,1.0000,0.0000,0,1,4063232,4096,1,-1,0
334,334_adaptive_sequential_run14,adaptive,sequential,1778268846.4479947,/big.txt,4063232,131072,sequential,1.0000,0.0000,0,1,4194304,4096,1,-1,0
334,334_adaptive_sequential_run14,adaptive,sequential,1778268846.450707,/big.txt,4194304,131072,sequential,1.0000,0.0000,0,1,4325376,4096,1,-1,0
334,334_adaptive_sequential_run14,adaptive,sequential,1778268846.4534209,/big.txt,4325376,131072,sequential,1.0000,0.0000,0,1,4456448,4096,1,-1,0
334,334_adaptive_sequential_run14,adaptive,sequential,1778268846.4560664,/big.txt,4456448,131072,sequential,1.0000,0.0000,0,1,4587520,4096,1,-1,0
334,334_adaptive_sequential_run14,adaptive,sequential,1778268846.458677,/big.txt,4587520,131072,sequential,1.0000,0.0000,0,1,4718592,4096,1,-1,0
334,334_adaptive_sequential_run14,adaptive,sequential,1778268846.4613974,/big.txt,4718592,131072,sequential,1.0000,0.0000,0,1,4849664,4096,1,-1,0
334,334_adaptive_sequential_run14,adaptive,sequential,1778268846.4640622,/big.txt,4849664,131072,sequential,1.0000,0.0000,0,1,4980736,4096,1,-1,0
334,334_adaptive_sequential_run14,adaptive,sequential,1778268846.4666774,/big.txt,4980736,131072,sequential,1.0000,0.0000,0,1,5111808,4096,1,-1,0
334,334_adaptive_sequential_run14,adaptive,sequential,1778268846.469304,/big.txt,5111808,131072,sequential,1.0000,0.0000,0,1,5242880,4096,1,-1,0
334,334_adaptive_sequential_run14,adaptive,sequential,1778268846.4719508,/big.txt,5242880,131072,sequential,1.0000,0.0000,0,1,5373952,4096,1,-1,0
334,334_adaptive_sequential_run14,adaptive,sequential,1778268846.4745762,/big.txt,5373952,131072,sequential,1.0000,0.0000,0,1,5505024,4096,1,-1,0
334,334_adaptive_sequential_run14,adaptive,sequential,1778268846.47734,/big.txt,5505024,131072,sequential,1.0000,0.0000,0,1,5636096,4096,1,-1,0
334,334_adaptive_sequential_run14,adaptive,sequential,1778268846.4799626,/big.txt,5636096,131072,sequential,1.0000,0.0000,0,1,5767168,4096,1,-1,0
334,334_adaptive_sequential_run14,adaptive,sequential,1778268846.4825795,/big.txt,5767168,131072,sequential,1.0000,0.0000,0,1,5898240,4096,1,-1,0
334,334_adaptive_sequential_run14,adaptive,sequential,1778268846.485195,/big.txt,5898240,131072,sequential,1.0000,0.0000,0,1,6029312,4096,1,-1,0
334,334_adaptive_sequential_run14,adaptive,sequential,1778268846.487816,/big.txt,6029312,131072,sequential,1.0000,0.0000,0,1,6160384,4096,1,-1,0
334,334_adaptive_sequential_run14,adaptive,sequential,1778268846.4904037,/big.txt,6160384,131072,sequential,1.0000,0.0000,0,1,6291456,4096,1,-1,0
334,334_adaptive_sequential_run14,adaptive,sequential,1778268846.4929802,/big.txt,6291456,131072,sequential,1.0000,0.0000,0,1,6422528,4096,1,-1,0
334,334_adaptive_sequential_run14,adaptive,sequential,1778268846.495605,/big.txt,6422528,131072,sequential,1.0000,0.0000,0,1,6553600,4096,1,-1,0
334,334_adaptive_sequential_run14,adaptive,sequential,1778268846.4982085,/big.txt,6553600,131072,sequential,1.0000,0.0000,0,1,6684672,4096,1,-1,0
334,334_adaptive_sequential_run14,adaptive,sequential,1778268846.500827,/big.txt,6684672,131072,sequential,1.0000,0.0000,0,1,6815744,4096,1,-1,0
334,334_adaptive_sequential_run14,adaptive,sequential,1778268846.5034432,/big.txt,6815744,131072,sequential,1.0000,0.0000,0,1,6946816,4096,1,-1,0
334,334_adaptive_sequential_run14,adaptive,sequential,1778268846.5060408,/big.txt,6946816,131072,sequential,1.0000,0.0000,0,1,7077888,4096,1,-1,0
334,334_adaptive_sequential_run14,adaptive,sequential,1778268846.5087202,/big.txt,7077888,131072,sequential,1.0000,0.0000,0,1,7208960,4096,1,-1,0
334,334_adaptive_sequential_run14,adaptive,sequential,1778268846.5113811,/big.txt,7208960,131072,sequential,1.0000,0.0000,0,1,7340032,4096,1,-1,0
334,334_adaptive_sequential_run14,adaptive,sequential,1778268846.5140033,/big.txt,7340032,131072,sequential,1.0000,0.0000,0,1,7471104,4096,1,-1,0
334,334_adaptive_sequential_run14,adaptive,sequential,1778268846.5166805,/big.txt,7471104,131072,sequential,1.0000,0.0000,0,1,7602176,4096,1,-1,0
334,334_adaptive_sequential_run14,adaptive,sequential,1778268846.5193322,/big.txt,7602176,131072,sequential,1.0000,0.0000,0,1,7733248,4096,1,-1,0
334,334_adaptive_sequential_run14,adaptive,sequential,1778268846.5219958,/big.txt,7733248,131072,sequential,1.0000,0.0000,0,1,7864320,4096,1,-1,0
334,334_adaptive_sequential_run14,adaptive,sequential,1778268846.5246794,/big.txt,7864320,131072,sequential,1.0000,0.0000,0,1,7995392,4096,1,-1,0
334,334_adaptive_sequential_run14,adaptive,sequential,1778268846.5273967,/big.txt,7995392,131072,sequential,1.0000,0.0000,0,1,8126464,4096,1,-1,0
334,334_adaptive_sequential_run14,adaptive,sequential,1778268846.5300856,/big.txt,8126464,131072,sequential,1.0000,0.0000,0,1,8257536,4096,1,-1,0
334,334_adaptive_sequential_run14,adaptive,sequential,1778268846.5327516,/big.txt,8257536,131072,sequential,1.0000,0.0000,0,1,8388608,4096,1,-1,0
334,334_adaptive_sequential_run14,adaptive,sequential,1778268846.535459,/big.txt,8388608,131072,sequential,1.0000,0.0000,0,1,8519680,4096,1,-1,0
334,334_adaptive_sequential_run14,adaptive,sequential,1778268846.5380795,/big.txt,8519680,131072,sequential,1.0000,0.0000,0,1,8650752,4096,1,-1,0
334,334_adaptive_sequential_run14,adaptive,sequential,1778268846.5407493,/big.txt,8650752,131072,sequential,1.0000,0.0000,0,1,8781824,4096,1,-1,0
334,334_adaptive_sequential_run14,adaptive,sequential,1778268846.5434594,/big.txt,8781824,131072,sequential,1.0000,0.0000,0,1,8912896,4096,1,-1,0
334,334_adaptive_sequential_run14,adaptive,sequential,1778268846.546115,/big.txt,8912896,131072,sequential,1.0000,0.0000,0,1,9043968,4096,1,-1,0
334,334_adaptive_sequential_run14,adaptive,sequential,1778268846.5487685,/big.txt,9043968,131072,sequential,1.0000,0.0000,0,1,9175040,4096,1,-1,0
334,334_adaptive_sequential_run14,adaptive,sequential,1778268846.5515296,/big.txt,9175040,131072,sequential,1.0000,0.0000,0,1,9306112,4096,1,-1,0
334,334_adaptive_sequential_run14,adaptive,sequential,1778268846.554251,/big.txt,9306112,131072,sequential,1.0000,0.0000,0,1,9437184,4096,1,-1,0
334,334_adaptive_sequential_run14,adaptive,sequential,1778268846.5569556,/big.txt,9437184,131072,sequential,1.0000,0.0000,0,1,9568256,4096,1,-1,0
334,334_adaptive_sequential_run14,adaptive,sequential,1778268846.559627,/big.txt,9568256,131072,sequential,1.0000,0.0000,0,1,9699328,4096,1,-1,0
334,334_adaptive_sequential_run14,adaptive,sequential,1778268846.5622933,/big.txt,9699328,131072,sequential,1.0000,0.0000,0,1,9830400,4096,1,-1,0
334,334_adaptive_sequential_run14,adaptive,sequential,1778268846.564929,/big.txt,9830400,131072,sequential,1.0000,0.0000,0,1,9961472,4096,1,-1,0
334,334_adaptive_sequential_run14,adaptive,sequential,1778268846.5675623,/big.txt,9961472,131072,sequential,1.0000,0.0000,0,1,10092544,4096,1,-1,0
334,334_adaptive_sequential_run14,adaptive,sequential,1778268846.570171,/big.txt,10092544,131072,sequential,1.0000,0.0000,0,1,10223616,4096,1,-1,0
334,334_adaptive_sequential_run14,adaptive,sequential,1778268846.5727873,/big.txt,10223616,131072,sequential,1.0000,0.0000,0,1,10354688,4096,1,-1,0
334,334_adaptive_sequential_run14,adaptive,sequential,1778268846.5754275,/big.txt,10354688,131072,sequential,1.0000,0.0000,0,1,10485760,4096,1,-1,0
334,334_adaptive_sequential_run14,adaptive,sequential,1778268846.5781658,/big.txt,10485760,131072,sequential,1.0000,0.0000,0,1,10616832,4096,1,-1,0
334,334_adaptive_sequential_run14,adaptive,sequential,1778268846.5808187,/big.txt,10616832,131072,sequential,1.0000,0.0000,0,1,10747904,4096,1,-1,0
334,334_adaptive_sequential_run14,adaptive,sequential,1778268846.5834165,/big.txt,10747904,131072,sequential,1.0000,0.0000,0,1,10878976,4096,1,-1,0
334,334_adaptive_sequential_run14,adaptive,sequential,1778268846.5860941,/big.txt,10878976,131072,sequential,1.0000,0.0000,0,1,11010048,4096,1,-1,0
334,334_adaptive_sequential_run14,adaptive,sequential,1778268846.5887623,/big.txt,11010048,131072,sequential,1.0000,0.0000,0,1,11141120,4096,1,-1,0
334,334_adaptive_sequential_run14,adaptive,sequential,1778268846.5927885,/big.txt,11141120,131072,sequential,1.0000,0.0000,0,1,11272192,4096,1,-1,0
334,334_adaptive_sequential_run14,adaptive,sequential,1778268846.598065,/big.txt,11272192,131072,sequential,1.0000,0.0000,0,1,11403264,4096,1,-1,0
334,334_adaptive_sequential_run14,adaptive,sequential,1778268846.600768,/big.txt,11403264,131072,sequential,1.0000,0.0000,0,1,11534336,4096,1,-1,0
334,334_adaptive_sequential_run14,adaptive,sequential,1778268846.6034658,/big.txt,11534336,131072,sequential,1.0000,0.0000,0,1,11665408,4096,1,-1,0
334,334_adaptive_sequential_run14,adaptive,sequential,1778268846.60612,/big.txt,11665408,131072,sequential,1.0000,0.0000,0,1,11796480,4096,1,-1,0
334,334_adaptive_sequential_run14,adaptive,sequential,1778268846.6087954,/big.txt,11796480,131072,sequential,1.0000,0.0000,0,1,11927552,4096,1,-1,0
334,334_adaptive_sequential_run14,adaptive,sequential,1778268846.6114445,/big.txt,11927552,131072,sequential,1.0000,0.0000,0,1,12058624,4096,1,-1,0
334,334_adaptive_sequential_run14,adaptive,sequential,1778268846.6141338,/big.txt,12058624,131072,sequential,1.0000,0.0000,0,1,12189696,4096,1,-1,0
334,334_adaptive_sequential_run14,adaptive,sequential,1778268846.616786,/big.txt,12189696,131072,sequential,1.0000,0.0000,0,1,12320768,4096,1,-1,0
334,334_adaptive_sequential_run14,adaptive,sequential,1778268846.6195376,/big.txt,12320768,131072,sequential,1.0000,0.0000,0,1,12451840,4096,1,-1,0
334,334_adaptive_sequential_run14,adaptive,sequential,1778268846.6222157,/big.txt,12451840,131072,sequential,1.0000,0.0000,0,1,12582912,4096,1,-1,0
334,334_adaptive_sequential_run14,adaptive,sequential,1778268846.6248424,/big.txt,12582912,131072,sequential,1.0000,0.0000,0,1,12713984,4096,1,-1,0
334,334_adaptive_sequential_run14,adaptive,sequential,1778268846.6274529,/big.txt,12713984,131072,sequential,1.0000,0.0000,0,1,12845056,4096,1,-1,0
334,334_adaptive_sequential_run14,adaptive,sequential,1778268846.6300602,/big.txt,12845056,131072,sequential,1.0000,0.0000,0,1,12976128,4096,1,-1,0
334,334_adaptive_sequential_run14,adaptive,sequential,1778268846.6327467,/big.txt,12976128,131072,sequential,1.0000,0.0000,0,1,13107200,4096,1,-1,0
334,334_adaptive_sequential_run14,adaptive,sequential,1778268846.6354506,/big.txt,13107200,131072,sequential,1.0000,0.0000,0,1,13238272,4096,1,-1,0
334,334_adaptive_sequential_run14,adaptive,sequential,1778268846.638085,/big.txt,13238272,131072,sequential,1.0000,0.0000,0,1,13369344,4096,1,-1,0
334,334_adaptive_sequential_run14,adaptive,sequential,1778268846.6407654,/big.txt,13369344,131072,sequential,1.0000,0.0000,0,1,13500416,4096,1,-1,0
334,334_adaptive_sequential_run14,adaptive,sequential,1778268846.643407,/big.txt,13500416,131072,sequential,1.0000,0.0000,0,1,13631488,4096,1,-1,0
334,334_adaptive_sequential_run14,adaptive,sequential,1778268846.646029,/big.txt,13631488,131072,sequential,1.0000,0.0000,0,1,13762560,4096,1,-1,0
334,334_adaptive_sequential_run14,adaptive,sequential,1778268846.6487298,/big.txt,13762560,131072,sequential,1.0000,0.0000,0,1,13893632,4096,1,-1,0
334,334_adaptive_sequential_run14,adaptive,sequential,1778268846.6514783,/big.txt,13893632,131072,sequential,1.0000,0.0000,0,1,14024704,4096,1,-1,0
334,334_adaptive_sequential_run14,adaptive,sequential,1778268846.6541142,/big.txt,14024704,131072,sequential,1.0000,0.0000,0,1,14155776,4096,1,-1,0
334,334_adaptive_sequential_run14,adaptive,sequential,1778268846.6567657,/big.txt,14155776,131072,sequential,1.0000,0.0000,0,1,14286848,4096,1,-1,0
334,334_adaptive_sequential_run14,adaptive,sequential,1778268846.659389,/big.txt,14286848,131072,sequential,1.0000,0.0000,0,1,14417920,4096,1,-1,0
334,334_adaptive_sequential_run14,adaptive,sequential,1778268846.661989,/big.txt,14417920,131072,sequential,1.0000,0.0000,0,1,14548992,4096,1,-1,0
334,334_adaptive_sequential_run14,adaptive,sequential,1778268846.6646717,/big.txt,14548992,131072,sequential,1.0000,0.0000,0,1,14680064,4096,1,-1,0
334,334_adaptive_sequential_run14,adaptive,sequential,1778268846.667405,/big.txt,14680064,131072,sequential,1.0000,0.0000,0,1,14811136,4096,1,-1,0
334,334_adaptive_sequential_run14,adaptive,sequential,1778268846.6700408,/big.txt,14811136,131072,sequential,1.0000,0.0000,0,1,14942208,4096,1,-1,0
334,334_adaptive_sequential_run14,adaptive,sequential,1778268846.6727195,/big.txt,14942208,131072,sequential,1.0000,0.0000,0,1,15073280,4096,1,-1,0
334,334_adaptive_sequential_run14,adaptive,sequential,1778268846.675343,/big.txt,15073280,131072,sequential,1.0000,0.0000,0,1,15204352,4096,1,-1,0
334,334_adaptive_sequential_run14,adaptive,sequential,1778268846.677947,/big.txt,15204352,131072,sequential,1.0000,0.0000,0,1,15335424,4096,1,-1,0
334,334_adaptive_sequential_run14,adaptive,sequential,1778268846.6806505,/big.txt,15335424,131072,sequential,1.0000,0.0000,0,1,15466496,4096,1,-1,0
334,334_adaptive_sequential_run14,adaptive,sequential,1778268846.6832955,/big.txt,15466496,131072,sequential,1.0000,0.0000,0,1,15597568,4096,1,-1,0
334,334_adaptive_sequential_run14,adaptive,sequential,1778268846.6859405,/big.txt,15597568,131072,sequential,1.0000,0.0000,0,1,15728640,4096,1,-1,0
334,334_adaptive_sequential_run14,adaptive,sequential,1778268846.6886446,/big.txt,15728640,131072,sequential,1.0000,0.0000,0,1,15859712,4096,1,-1,0
334,334_adaptive_sequential_run14,adaptive,sequential,1778268846.6912653,/big.txt,15859712,131072,sequential,1.0000,0.0000,0,1,15990784,4096,1,-1,0
334,334_adaptive_sequential_run14,adaptive,sequential,1778268846.693874,/big.txt,15990784,131072,sequential,1.0000,0.0000,0,1,16121856,4096,1,-1,0
334,334_adaptive_sequential_run14,adaptive,sequential,1778268846.6965272,/big.txt,16121856,131072,sequential,1.0000,0.0000,0,1,16252928,4096,1,-1,0
334,334_adaptive_sequential_run14,adaptive,sequential,1778268846.6991947,/big.txt,16252928,131072,sequential,1.0000,0.0000,0,1,16384000,4096,1,-1,0
334,334_adaptive_sequential_run14,adaptive,sequential,1778268846.7017987,/big.txt,16384000,131072,sequential,1.0000,0.0000,0,1,16515072,4096,1,-1,0
334,334_adaptive_sequential_run14,adaptive,sequential,1778268846.7045026,/big.txt,16515072,131072,sequential,1.0000,0.0000,0,1,16646144,4096,1,-1,0
334,334_adaptive_sequential_run14,adaptive,sequential,1778268846.7071543,/big.txt,16646144,131072,sequential,1.0000,0.0000,0,1,16777216,4096,1,-1,0
334,334_adaptive_sequential_run14,adaptive,sequential,1778268846.7097893,/big.txt,16777216,131072,sequential,1.0000,0.0000,0,1,16908288,4096,1,-1,0
334,334_adaptive_sequential_run14,adaptive,sequential,1778268846.71252,/big.txt,16908288,131072,sequential,1.0000,0.0000,0,1,17039360,4096,1,-1,0
334,334_adaptive_sequential_run14,adaptive,sequential,1778268846.7151966,/big.txt,17039360,131072,sequential,1.0000,0.0000,0,1,17170432,4096,1,-1,0
334,334_adaptive_sequential_run14,adaptive,sequential,1778268846.7178345,/big.txt,17170432,131072,sequential,1.0000,0.0000,0,1,17301504,4096,1,-1,0
334,334_adaptive_sequential_run14,adaptive,sequential,1778268846.7205708,/big.txt,17301504,131072,sequential,1.0000,0.0000,0,1,17432576,4096,1,-1,0
334,334_adaptive_sequential_run14,adaptive,sequential,1778268846.7232325,/big.txt,17432576,131072,sequential,1.0000,0.0000,0,1,17563648,4096,1,-1,0
334,334_adaptive_sequential_run14,adaptive,sequential,1778268846.7258894,/big.txt,17563648,131072,sequential,1.0000,0.0000,0,1,17694720,4096,1,-1,0
334,334_adaptive_sequential_run14,adaptive,sequential,1778268846.7286196,/big.txt,17694720,131072,sequential,1.0000,0.0000,0,1,17825792,4096,1,-1,0
334,334_adaptive_sequential_run14,adaptive,sequential,1778268846.731267,/big.txt,17825792,131072,sequential,1.0000,0.0000,0,1,17956864,4096,1,-1,0
334,334_adaptive_sequential_run14,adaptive,sequential,1778268846.7339761,/big.txt,17956864,131072,sequential,1.0000,0.0000,0,1,18087936,4096,1,-1,0
334,334_adaptive_sequential_run14,adaptive,sequential,1778268846.7366555,/big.txt,18087936,131072,sequential,1.0000,0.0000,0,1,18219008,4096,1,-1,0
334,334_adaptive_sequential_run14,adaptive,sequential,1778268846.739305,/big.txt,18219008,131072,sequential,1.0000,0.0000,0,1,18350080,4096,1,-1,0
334,334_adaptive_sequential_run14,adaptive,sequential,1778268846.7419808,/big.txt,18350080,131072,sequential,1.0000,0.0000,0,1,18481152,4096,1,-1,0
334,334_adaptive_sequential_run14,adaptive,sequential,1778268846.74467,/big.txt,18481152,131072,sequential,1.0000,0.0000,0,1,18612224,4096,1,-1,0
334,334_adaptive_sequential_run14,adaptive,sequential,1778268846.7472787,/big.txt,18612224,131072,sequential,1.0000,0.0000,0,1,18743296,4096,1,-1,0
334,334_adaptive_sequential_run14,adaptive,sequential,1778268846.7498841,/big.txt,18743296,131072,sequential,1.0000,0.0000,0,1,18874368,4096,1,-1,0
334,334_adaptive_sequential_run14,adaptive,sequential,1778268846.752556,/big.txt,18874368,131072,sequential,1.0000,0.0000,0,1,19005440,4096,1,-1,0
334,334_adaptive_sequential_run14,adaptive,sequential,1778268846.7553208,/big.txt,19005440,131072,sequential,1.0000,0.0000,0,1,19136512,4096,1,-1,0
334,334_adaptive_sequential_run14,adaptive,sequential,1778268846.7579281,/big.txt,19136512,131072,sequential,1.0000,0.0000,0,1,19267584,4096,1,-1,0
334,334_adaptive_sequential_run14,adaptive,sequential,1778268846.7605803,/big.txt,19267584,131072,sequential,1.0000,0.0000,0,1,19398656,4096,1,-1,0
334,334_adaptive_sequential_run14,adaptive,sequential,1778268846.7632036,/big.txt,19398656,131072,sequential,1.0000,0.0000,0,1,19529728,4096,1,-1,0
334,334_adaptive_sequential_run14,adaptive,sequential,1778268846.7658377,/big.txt,19529728,131072,sequential,1.0000,0.0000,0,1,19660800,4096,1,-1,0
334,334_adaptive_sequential_run14,adaptive,sequential,1778268846.7685375,/big.txt,19660800,131072,sequential,1.0000,0.0000,0,1,19791872,4096,1,-1,0
334,334_adaptive_sequential_run14,adaptive,sequential,1778268846.7712023,/big.txt,19791872,131072,sequential,1.0000,0.0000,0,1,19922944,4096,1,-1,0
334,334_adaptive_sequential_run14,adaptive,sequential,1778268846.773818,/big.txt,19922944,131072,sequential,1.0000,0.0000,0,1,20054016,4096,1,-1,0
334,334_adaptive_sequential_run14,adaptive,sequential,1778268846.7764997,/big.txt,20054016,131072,sequential,1.0000,0.0000,0,1,20185088,4096,1,-1,0
334,334_adaptive_sequential_run14,adaptive,sequential,1778268846.7791736,/big.txt,20185088,131072,sequential,1.0000,0.0000,0,1,20316160,4096,1,-1,0
334,334_adaptive_sequential_run14,adaptive,sequential,1778268846.7817924,/big.txt,20316160,131072,sequential,1.0000,0.0000,0,1,20447232,4096,1,-1,0
334,334_adaptive_sequential_run14,adaptive,sequential,1778268846.7845175,/big.txt,20447232,131072,sequential,1.0000,0.0000,0,1,20578304,4096,1,-1,0
334,334_adaptive_sequential_run14,adaptive,sequential,1778268846.7872021,/big.txt,20578304,131072,sequential,1.0000,0.0000,0,1,20709376,4096,1,-1,0
334,334_adaptive_sequential_run14,adaptive,sequential,1778268846.7898488,/big.txt,20709376,131072,sequential,1.0000,0.0000,0,1,20840448,4096,1,-1,0
334,334_adaptive_sequential_run14,adaptive,sequential,1778268846.7925503,/big.txt,20840448,131072,sequential,1.0000,0.0000,0,1,20971520,4096,1,-1,0
334,334_adaptive_sequential_run14,adaptive,sequential,1778268846.7953243,/big.txt,20971520,131072,sequential,1.0000,0.0000,0,1,21102592,4096,1,-1,0
334,334_adaptive_sequential_run14,adaptive,sequential,1778268846.7979438,/big.txt,21102592,131072,sequential,1.0000,0.0000,0,1,21233664,4096,1,-1,0
334,334_adaptive_sequential_run14,adaptive,sequential,1778268846.8006566,/big.txt,21233664,131072,sequential,1.0000,0.0000,0,1,21364736,4096,1,-1,0
334,334_adaptive_sequential_run14,adaptive,sequential,1778268846.8033814,/big.txt,21364736,131072,sequential,1.0000,0.0000,0,1,21495808,4096,1,-1,0
334,334_adaptive_sequential_run14,adaptive,sequential,1778268846.8060613,/big.txt,21495808,131072,sequential,1.0000,0.0000,0,1,21626880,4096,1,-1,0
334,334_adaptive_sequential_run14,adaptive,sequential,1778268846.808759,/big.txt,21626880,131072,sequential,1.0000,0.0000,0,1,21757952,4096,1,-1,0
334,334_adaptive_sequential_run14,adaptive,sequential,1778268846.811421,/big.txt,21757952,131072,sequential,1.0000,0.0000,0,1,21889024,4096,1,-1,0
334,334_adaptive_sequential_run14,adaptive,sequential,1778268846.8141344,/big.txt,21889024,131072,sequential,1.0000,0.0000,0,1,22020096,4096,1,-1,0
334,334_adaptive_sequential_run14,adaptive,sequential,1778268846.8168044,/big.txt,22020096,131072,sequential,1.0000,0.0000,0,1,22151168,4096,1,-1,0
334,334_adaptive_sequential_run14,adaptive,sequential,1778268846.8194222,/big.txt,22151168,131072,sequential,1.0000,0.0000,0,1,22282240,4096,1,-1,0
334,334_adaptive_sequential_run14,adaptive,sequential,1778268846.822109,/big.txt,22282240,131072,sequential,1.0000,0.0000,0,1,22413312,4096,1,-1,0
334,334_adaptive_sequential_run14,adaptive,sequential,1778268846.8248034,/big.txt,22413312,131072,sequential,1.0000,0.0000,0,1,22544384,4096,1,-1,0
334,334_adaptive_sequential_run14,adaptive,sequential,1778268846.8274348,/big.txt,22544384,131072,sequential,1.0000,0.0000,0,1,22675456,4096,1,-1,0
334,334_adaptive_sequential_run14,adaptive,sequential,1778268846.8300686,/big.txt,22675456,131072,sequential,1.0000,0.0000,0,1,22806528,4096,1,-1,0
334,334_adaptive_sequential_run14,adaptive,sequential,1778268846.832751,/big.txt,22806528,131072,sequential,1.0000,0.0000,0,1,22937600,4096,1,-1,0
334,334_adaptive_sequential_run14,adaptive,sequential,1778268846.8355145,/big.txt,22937600,131072,sequential,1.0000,0.0000,0,1,23068672,4096,1,-1,0
334,334_adaptive_sequential_run14,adaptive,sequential,1778268846.8381598,/big.txt,23068672,131072,sequential,1.0000,0.0000,0,1,23199744,4096,1,-1,0
334,334_adaptive_sequential_run14,adaptive,sequential,1778268846.840784,/big.txt,23199744,131072,sequential,1.0000,0.0000,0,1,23330816,4096,1,-1,0
334,334_adaptive_sequential_run14,adaptive,sequential,1778268846.8433557,/big.txt,23330816,131072,sequential,1.0000,0.0000,0,1,23461888,4096,1,-1,0
334,334_adaptive_sequential_run14,adaptive,sequential,1778268846.845966,/big.txt,23461888,131072,sequential,1.0000,0.0000,0,1,23592960,4096,1,-1,0
334,334_adaptive_sequential_run14,adaptive,sequential,1778268846.8486407,/big.txt,23592960,131072,sequential,1.0000,0.0000,0,1,23724032,4096,1,-1,0
334,334_adaptive_sequential_run14,adaptive,sequential,1778268846.8513145,/big.txt,23724032,131072,sequential,1.0000,0.0000,0,1,23855104,4096,1,-1,0
334,334_adaptive_sequential_run14,adaptive,sequential,1778268846.8540096,/big.txt,23855104,131072,sequential,1.0000,0.0000,0,1,23986176,4096,1,-1,0
334,334_adaptive_sequential_run14,adaptive,sequential,1778268846.8567083,/big.txt,23986176,131072,sequential,1.0000,0.0000,0,1,24117248,4096,1,-1,0
334,334_adaptive_sequential_run14,adaptive,sequential,1778268846.859383,/big.txt,24117248,131072,sequential,1.0000,0.0000,0,1,24248320,4096,1,-1,0
334,334_adaptive_sequential_run14,adaptive,sequential,1778268846.8620985,/big.txt,24248320,131072,sequential,1.0000,0.0000,0,1,24379392,4096,1,-1,0
334,334_adaptive_sequential_run14,adaptive,sequential,1778268846.8647847,/big.txt,24379392,131072,sequential,1.0000,0.0000,0,1,24510464,4096,1,-1,0
334,334_adaptive_sequential_run14,adaptive,sequential,1778268846.8674507,/big.txt,24510464,131072,sequential,1.0000,0.0000,0,1,24641536,4096,1,-1,0
334,334_adaptive_sequential_run14,adaptive,sequential,1778268846.8700967,/big.txt,24641536,131072,sequential,1.0000,0.0000,0,1,24772608,4096,1,-1,0
334,334_adaptive_sequential_run14,adaptive,sequential,1778268846.872788,/big.txt,24772608,131072,sequential,1.0000,0.0000,0,1,24903680,4096,1,-1,0
334,334_adaptive_sequential_run14,adaptive,sequential,1778268846.8754015,/big.txt,24903680,131072,sequential,1.0000,0.0000,0,1,25034752,4096,1,-1,0
334,334_adaptive_sequential_run14,adaptive,sequential,1778268846.8779993,/big.txt,25034752,131072,sequential,1.0000,0.0000,0,1,25165824,4096,1,-1,0
334,334_adaptive_sequential_run14,adaptive,sequential,1778268846.8806894,/big.txt,25165824,131072,sequential,1.0000,0.0000,0,1,25296896,4096,1,-1,0
334,334_adaptive_sequential_run14,adaptive,sequential,1778268846.8834305,/big.txt,25296896,131072,sequential,1.0000,0.0000,0,1,25427968,4096,1,-1,0
334,334_adaptive_sequential_run14,adaptive,sequential,1778268846.8861263,/big.txt,25427968,131072,sequential,1.0000,0.0000,0,1,25559040,4096,1,-1,0
334,334_adaptive_sequential_run14,adaptive,sequential,1778268846.8887753,/big.txt,25559040,131072,sequential,1.0000,0.0000,0,1,25690112,4096,1,-1,0
334,334_adaptive_sequential_run14,adaptive,sequential,1778268846.8914092,/big.txt,25690112,131072,sequential,1.0000,0.0000,0,1,25821184,4096,1,-1,0
334,334_adaptive_sequential_run14,adaptive,sequential,1778268846.8940048,/big.txt,25821184,131072,sequential,1.0000,0.0000,0,1,25952256,4096,1,-1,0
334,334_adaptive_sequential_run14,adaptive,sequential,1778268846.896703,/big.txt,25952256,131072,sequential,1.0000,0.0000,0,1,26083328,4096,1,-1,0
334,334_adaptive_sequential_run14,adaptive,sequential,1778268846.899353,/big.txt,26083328,131072,sequential,1.0000,0.0000,0,1,26214400,4096,1,-1,0
334,334_adaptive_sequential_run14,adaptive,sequential,1778268846.9019833,/big.txt,26214400,131072,sequential,1.0000,0.0000,0,1,26345472,4096,1,-1,0
334,334_adaptive_sequential_run14,adaptive,sequential,1778268846.9046686,/big.txt,26345472,131072,sequential,1.0000,0.0000,0,1,26476544,4096,1,-1,0
334,334_adaptive_sequential_run14,adaptive,sequential,1778268846.9072957,/big.txt,26476544,131072,sequential,1.0000,0.0000,0,1,26607616,4096,1,-1,0
334,334_adaptive_sequential_run14,adaptive,sequential,1778268846.9099228,/big.txt,26607616,131072,sequential,1.0000,0.0000,0,1,26738688,4096,1,-1,0
334,334_adaptive_sequential_run14,adaptive,sequential,1778268846.9126194,/big.txt,26738688,131072,sequential,1.0000,0.0000,0,1,26869760,4096,1,-1,0
334,334_adaptive_sequential_run14,adaptive,sequential,1778268846.915267,/big.txt,26869760,131072,sequential,1.0000,0.0000,0,1,27000832,4096,1,-1,0
334,334_adaptive_sequential_run14,adaptive,sequential,1778268846.9178815,/big.txt,27000832,131072,sequential,1.0000,0.0000,0,1,27131904,4096,1,-1,0
334,334_adaptive_sequential_run14,adaptive,sequential,1778268846.9205623,/big.txt,27131904,131072,sequential,1.0000,0.0000,0,1,27262976,4096,1,-1,0
334,334_adaptive_sequential_run14,adaptive,sequential,1778268846.9232392,/big.txt,27262976,131072,sequential,1.0000,0.0000,0,1,27394048,4096,1,-1,0
334,334_adaptive_sequential_run14,adaptive,sequential,1778268846.925925,/big.txt,27394048,131072,sequential,1.0000,0.0000,0,1,27525120,4096,1,-1,0
334,334_adaptive_sequential_run14,adaptive,sequential,1778268846.928668,/big.txt,27525120,131072,sequential,1.0000,0.0000,0,1,27656192,4096,1,-1,0
334,334_adaptive_sequential_run14,adaptive,sequential,1778268846.9313955,/big.txt,27656192,131072,sequential,1.0000,0.0000,0,1,27787264,4096,1,-1,0
334,334_adaptive_sequential_run14,adaptive,sequential,1778268846.9340978,/big.txt,27787264,131072,sequential,1.0000,0.0000,0,1,27918336,4096,1,-1,0
334,334_adaptive_sequential_run14,adaptive,sequential,1778268846.936752,/big.txt,27918336,131072,sequential,1.0000,0.0000,0,1,28049408,4096,1,-1,0
334,334_adaptive_sequential_run14,adaptive,sequential,1778268846.9393685,/big.txt,28049408,131072,sequential,1.0000,0.0000,0,1,28180480,4096,1,-1,0
334,334_adaptive_sequential_run14,adaptive,sequential,1778268846.9420028,/big.txt,28180480,131072,sequential,1.0000,0.0000,0,1,28311552,4096,1,-1,0
334,334_adaptive_sequential_run14,adaptive,sequential,1778268846.9446576,/big.txt,28311552,131072,sequential,1.0000,0.0000,0,1,28442624,4096,1,-1,0
334,334_adaptive_sequential_run14,adaptive,sequential,1778268846.947325,/big.txt,28442624,131072,sequential,1.0000,0.0000,0,1,28573696,4096,1,-1,0
334,334_adaptive_sequential_run14,adaptive,sequential,1778268846.949937,/big.txt,28573696,131072,sequential,1.0000,0.0000,0,1,28704768,4096,1,-1,0
334,334_adaptive_sequential_run14,adaptive,sequential,1778268846.952629,/big.txt,28704768,131072,sequential,1.0000,0.0000,0,1,28835840,4096,1,-1,0
334,334_adaptive_sequential_run14,adaptive,sequential,1778268846.9553425,/big.txt,28835840,131072,sequential,1.0000,0.0000,0,1,28966912,4096,1,-1,0
334,334_adaptive_sequential_run14,adaptive,sequential,1778268846.958084,/big.txt,28966912,131072,sequential,1.0000,0.0000,0,1,29097984,4096,1,-1,0
334,334_adaptive_sequential_run14,adaptive,sequential,1778268846.9607778,/big.txt,29097984,131072,sequential,1.0000,0.0000,0,1,29229056,4096,1,-1,0
334,334_adaptive_sequential_run14,adaptive,sequential,1778268846.9635208,/big.txt,29229056,131072,sequential,1.0000,0.0000,0,1,29360128,4096,1,-1,0
334,334_adaptive_sequential_run14,adaptive,sequential,1778268846.9661586,/big.txt,29360128,131072,sequential,1.0000,0.0000,0,1,29491200,4096,1,-1,0
334,334_adaptive_sequential_run14,adaptive,sequential,1778268846.9688098,/big.txt,29491200,131072,sequential,1.0000,0.0000,0,1,29622272,4096,1,-1,0
334,334_adaptive_sequential_run14,adaptive,sequential,1778268846.9714525,/big.txt,29622272,131072,sequential,1.0000,0.0000,0,1,29753344,4096,1,-1,0
334,334_adaptive_sequential_run14,adaptive,sequential,1778268846.9741418,/big.txt,29753344,131072,sequential,1.0000,0.0000,0,1,29884416,4096,1,-1,0
334,334_adaptive_sequential_run14,adaptive,sequential,1778268846.97679,/big.txt,29884416,131072,sequential,1.0000,0.0000,0,1,30015488,4096,1,-1,0
334,334_adaptive_sequential_run14,adaptive,sequential,1778268846.9794781,/big.txt,30015488,131072,sequential,1.0000,0.0000,0,1,30146560,4096,1,-1,0
334,334_adaptive_sequential_run14,adaptive,sequential,1778268846.9820948,/big.txt,30146560,131072,sequential,1.0000,0.0000,0,1,30277632,4096,1,-1,0
334,334_adaptive_sequential_run14,adaptive,sequential,1778268846.9847848,/big.txt,30277632,131072,sequential,1.0000,0.0000,0,1,30408704,4096,1,-1,0
334,334_adaptive_sequential_run14,adaptive,sequential,1778268846.9874804,/big.txt,30408704,131072,sequential,1.0000,0.0000,0,1,30539776,4096,1,-1,0
334,334_adaptive_sequential_run14,adaptive,sequential,1778268846.9901006,/big.txt,30539776,131072,sequential,1.0000,0.0000,0,1,30670848,4096,1,-1,0
334,334_adaptive_sequential_run14,adaptive,sequential,1778268846.992776,/big.txt,30670848,131072,sequential,1.0000,0.0000,0,1,30801920,4096,1,-1,0
334,334_adaptive_sequential_run14,adaptive,sequential,1778268846.99554,/big.txt,30801920,131072,sequential,1.0000,0.0000,0,1,30932992,4096,1,-1,0
334,334_adaptive_sequential_run14,adaptive,sequential,1778268846.9981475,/big.txt,30932992,131072,sequential,1.0000,0.0000,0,1,31064064,4096,1,-1,0
334,334_adaptive_sequential_run14,adaptive,sequential,1778268847.0007796,/big.txt,31064064,131072,sequential,1.0000,0.0000,0,1,31195136,4096,1,-1,0
334,334_adaptive_sequential_run14,adaptive,sequential,1778268847.0033789,/big.txt,31195136,131072,sequential,1.0000,0.0000,0,1,31326208,4096,1,-1,0
334,334_adaptive_sequential_run14,adaptive,sequential,1778268847.0060372,/big.txt,31326208,131072,sequential,1.0000,0.0000,0,1,31457280,4096,1,-1,0
334,334_adaptive_sequential_run14,adaptive,sequential,1778268847.0087512,/big.txt,31457280,131072,sequential,1.0000,0.0000,0,1,31588352,4096,1,-1,0
334,334_adaptive_sequential_run14,adaptive,sequential,1778268847.011453,/big.txt,31588352,131072,sequential,1.0000,0.0000,0,1,31719424,4096,1,-1,0
334,334_adaptive_sequential_run14,adaptive,sequential,1778268847.0140836,/big.txt,31719424,131072,sequential,1.0000,0.0000,0,1,31850496,4096,1,-1,0
334,334_adaptive_sequential_run14,adaptive,sequential,1778268847.016741,/big.txt,31850496,131072,sequential,1.0000,0.0000,0,1,31981568,4096,1,-1,0
334,334_adaptive_sequential_run14,adaptive,sequential,1778268847.019393,/big.txt,31981568,131072,sequential,1.0000,0.0000,0,1,32112640,4096,1,-1,0
334,334_adaptive_sequential_run14,adaptive,sequential,1778268847.022031,/big.txt,32112640,131072,sequential,1.0000,0.0000,0,1,32243712,4096,1,-1,0
334,334_adaptive_sequential_run14,adaptive,sequential,1778268847.0247433,/big.txt,32243712,131072,sequential,1.0000,0.0000,0,1,32374784,4096,1,-1,0
334,334_adaptive_sequential_run14,adaptive,sequential,1778268847.0273895,/big.txt,32374784,131072,sequential,1.0000,0.0000,0,1,32505856,4096,1,-1,0
334,334_adaptive_sequential_run14,adaptive,sequential,1778268847.0300589,/big.txt,32505856,131072,sequential,1.0000,0.0000,0,1,32636928,4096,1,-1,0
334,334_adaptive_sequential_run14,adaptive,sequential,1778268847.0327644,/big.txt,32636928,131072,sequential,1.0000,0.0000,0,1,32768000,4096,1,-1,0
334,334_adaptive_sequential_run14,adaptive,sequential,1778268847.0354166,/big.txt,32768000,131072,sequential,1.0000,0.0000,0,1,32899072,4096,1,-1,0
334,334_adaptive_sequential_run14,adaptive,sequential,1778268847.0381129,/big.txt,32899072,131072,sequential,1.0000,0.0000,0,1,33030144,4096,1,-1,0
334,334_adaptive_sequential_run14,adaptive,sequential,1778268847.0407774,/big.txt,33030144,131072,sequential,1.0000,0.0000,0,1,33161216,4096,1,-1,0
334,334_adaptive_sequential_run14,adaptive,sequential,1778268847.0448442,/big.txt,33161216,131072,sequential,1.0000,0.0000,0,1,33292288,4096,1,-1,0
334,334_adaptive_sequential_run14,adaptive,sequential,1778268847.0501518,/big.txt,33292288,131072,sequential,1.0000,0.0000,0,1,33423360,4096,1,-1,0
334,334_adaptive_sequential_run14,adaptive,sequential,1778268847.055137,/big.txt,33423360,131072,sequential,1.0000,0.0000,0,1,33554432,4096,1,-1,0
334,334_adaptive_sequential_run14,adaptive,sequential,1778268847.0577931,/big.txt,33554432,131072,sequential,1.0000,0.0000,0,1,33685504,4096,1,-1,0
334,334_adaptive_sequential_run14,adaptive,sequential,1778268847.0604775,/big.txt,33685504,131072,sequential,1.0000,0.0000,0,1,33816576,4096,1,-1,0
334,334_adaptive_sequential_run14,adaptive,sequential,1778268847.0631242,/big.txt,33816576,131072,sequential,1.0000,0.0000,0,1,33947648,4096,1,-1,0
334,334_adaptive_sequential_run14,adaptive,sequential,1778268847.0657299,/big.txt,33947648,131072,sequential,1.0000,0.0000,0,1,34078720,4096,1,-1,0
334,334_adaptive_sequential_run14,adaptive,sequential,1778268847.0684204,/big.txt,34078720,131072,sequential,1.0000,0.0000,0,1,34209792,4096,1,-1,0
334,334_adaptive_sequential_run14,adaptive,sequential,1778268847.0711026,/big.txt,34209792,131072,sequential,1.0000,0.0000,0,1,34340864,4096,1,-1,0
334,334_adaptive_sequential_run14,adaptive,sequential,1778268847.07376,/big.txt,34340864,131072,sequential,1.0000,0.0000,0,1,34471936,4096,1,-1,0
334,334_adaptive_sequential_run14,adaptive,sequential,1778268847.0764487,/big.txt,34471936,131072,sequential,1.0000,0.0000,0,1,34603008,4096,1,-1,0
334,334_adaptive_sequential_run14,adaptive,sequential,1778268847.0791185,/big.txt,34603008,131072,sequential,1.0000,0.0000,0,1,34734080,4096,1,-1,0
334,334_adaptive_sequential_run14,adaptive,sequential,1778268847.0817847,/big.txt,34734080,131072,sequential,1.0000,0.0000,0,1,34865152,4096,1,-1,0
334,334_adaptive_sequential_run14,adaptive,sequential,1778268847.0844574,/big.txt,34865152,131072,sequential,1.0000,0.0000,0,1,34996224,4096,1,-1,0
334,334_adaptive_sequential_run14,adaptive,sequential,1778268847.087149,/big.txt,34996224,131072,sequential,1.0000,0.0000,0,1,35127296,4096,1,-1,0
334,334_adaptive_sequential_run14,adaptive,sequential,1778268847.089761,/big.txt,35127296,131072,sequential,1.0000,0.0000,0,1,35258368,4096,1,-1,0
334,334_adaptive_sequential_run14,adaptive,sequential,1778268847.0924375,/big.txt,35258368,131072,sequential,1.0000,0.0000,0,1,35389440,4096,1,-1,0
334,334_adaptive_sequential_run14,adaptive,sequential,1778268847.0950587,/big.txt,35389440,131072,sequential,1.0000,0.0000,0,1,35520512,4096,1,-1,0
334,334_adaptive_sequential_run14,adaptive,sequential,1778268847.0977235,/big.txt,35520512,131072,sequential,1.0000,0.0000,0,1,35651584,4096,1,-1,0
334,334_adaptive_sequential_run14,adaptive,sequential,1778268847.1004157,/big.txt,35651584,131072,sequential,1.0000,0.0000,0,1,35782656,4096,1,-1,0
334,334_adaptive_sequential_run14,adaptive,sequential,1778268847.1030977,/big.txt,35782656,131072,sequential,1.0000,0.0000,0,1,35913728,4096,1,-1,0
334,334_adaptive_sequential_run14,adaptive,sequential,1778268847.1057484,/big.txt,35913728,131072,sequential,1.0000,0.0000,0,1,36044800,4096,1,-1,0
334,334_adaptive_sequential_run14,adaptive,sequential,1778268847.1084442,/big.txt,36044800,131072,sequential,1.0000,0.0000,0,1,36175872,4096,1,-1,0
334,334_adaptive_sequential_run14,adaptive,sequential,1778268847.1112092,/big.txt,36175872,131072,sequential,1.0000,0.0000,0,1,36306944,4096,1,-1,0
334,334_adaptive_sequential_run14,adaptive,sequential,1778268847.113867,/big.txt,36306944,131072,sequential,1.0000,0.0000,0,1,36438016,4096,1,-1,0
334,334_adaptive_sequential_run14,adaptive,sequential,1778268847.1166077,/big.txt,36438016,131072,sequential,1.0000,0.0000,0,1,36569088,4096,1,-1,0
334,334_adaptive_sequential_run14,adaptive,sequential,1778268847.1192827,/big.txt,36569088,131072,sequential,1.0000,0.0000,0,1,36700160,4096,1,-1,0
334,334_adaptive_sequential_run14,adaptive,sequential,1778268847.1219838,/big.txt,36700160,131072,sequential,1.0000,0.0000,0,1,36831232,4096,1,-1,0
334,334_adaptive_sequential_run14,adaptive,sequential,1778268847.124701,/big.txt,36831232,131072,sequential,1.0000,0.0000,0,1,36962304,4096,1,-1,0
334,334_adaptive_sequential_run14,adaptive,sequential,1778268847.1275122,/big.txt,36962304,131072,sequential,1.0000,0.0000,0,1,37093376,4096,1,-1,0
334,334_adaptive_sequential_run14,adaptive,sequential,1778268847.1301575,/big.txt,37093376,131072,sequential,1.0000,0.0000,0,1,37224448,4096,1,-1,0
334,334_adaptive_sequential_run14,adaptive,sequential,1778268847.1328254,/big.txt,37224448,131072,sequential,1.0000,0.0000,0,1,37355520,4096,1,-1,0
334,334_adaptive_sequential_run14,adaptive,sequential,1778268847.1354725,/big.txt,37355520,131072,sequential,1.0000,0.0000,0,1,37486592,4096,1,-1,0
334,334_adaptive_sequential_run14,adaptive,sequential,1778268847.1381629,/big.txt,37486592,131072,sequential,1.0000,0.0000,0,1,37617664,4096,1,-1,0
334,334_adaptive_sequential_run14,adaptive,sequential,1778268847.1408079,/big.txt,37617664,131072,sequential,1.0000,0.0000,0,1,37748736,4096,1,-1,0
334,334_adaptive_sequential_run14,adaptive,sequential,1778268847.143442,/big.txt,37748736,131072,sequential,1.0000,0.0000,0,1,37879808,4096,1,-1,0
334,334_adaptive_sequential_run14,adaptive,sequential,1778268847.1461234,/big.txt,37879808,131072,sequential,1.0000,0.0000,0,1,38010880,4096,1,-1,0
334,334_adaptive_sequential_run14,adaptive,sequential,1778268847.1487672,/big.txt,38010880,131072,sequential,1.0000,0.0000,0,1,38141952,4096,1,-1,0
334,334_adaptive_sequential_run14,adaptive,sequential,1778268847.1513696,/big.txt,38141952,131072,sequential,1.0000,0.0000,0,1,38273024,4096,1,-1,0
334,334_adaptive_sequential_run14,adaptive,sequential,1778268847.1539912,/big.txt,38273024,131072,sequential,1.0000,0.0000,0,1,38404096,4096,1,-1,0
334,334_adaptive_sequential_run14,adaptive,sequential,1778268847.1566863,/big.txt,38404096,131072,sequential,1.0000,0.0000,0,1,38535168,4096,1,-1,0
334,334_adaptive_sequential_run14,adaptive,sequential,1778268847.1594203,/big.txt,38535168,131072,sequential,1.0000,0.0000,0,1,38666240,4096,1,-1,0
334,334_adaptive_sequential_run14,adaptive,sequential,1778268847.1620276,/big.txt,38666240,131072,sequential,1.0000,0.0000,0,1,38797312,4096,1,-1,0
334,334_adaptive_sequential_run14,adaptive,sequential,1778268847.164705,/big.txt,38797312,131072,sequential,1.0000,0.0000,0,1,38928384,4096,1,-1,0
334,334_adaptive_sequential_run14,adaptive,sequential,1778268847.1673634,/big.txt,38928384,131072,sequential,1.0000,0.0000,0,1,39059456,4096,1,-1,0
334,334_adaptive_sequential_run14,adaptive,sequential,1778268847.1700556,/big.txt,39059456,131072,sequential,1.0000,0.0000,0,1,39190528,4096,1,-1,0
334,334_adaptive_sequential_run14,adaptive,sequential,1778268847.172721,/big.txt,39190528,131072,sequential,1.0000,0.0000,0,1,39321600,4096,1,-1,0
334,334_adaptive_sequential_run14,adaptive,sequential,1778268847.1754093,/big.txt,39321600,131072,sequential,1.0000,0.0000,0,1,39452672,4096,1,-1,0
334,334_adaptive_sequential_run14,adaptive,sequential,1778268847.178112,/big.txt,39452672,131072,sequential,1.0000,0.0000,0,1,39583744,4096,1,-1,0
334,334_adaptive_sequential_run14,adaptive,sequential,1778268847.1807697,/big.txt,39583744,131072,sequential,1.0000,0.0000,0,1,39714816,4096,1,-1,0
334,334_adaptive_sequential_run14,adaptive,sequential,1778268847.1834636,/big.txt,39714816,131072,sequential,1.0000,0.0000,0,1,39845888,4096,1,-1,0
334,334_adaptive_sequential_run14,adaptive,sequential,1778268847.1860664,/big.txt,39845888,131072,sequential,1.0000,0.0000,0,1,39976960,4096,1,-1,0
334,334_adaptive_sequential_run14,adaptive,sequential,1778268847.188711,/big.txt,39976960,131072,sequential,1.0000,0.0000,0,1,40108032,4096,1,-1,0
334,334_adaptive_sequential_run14,adaptive,sequential,1778268847.1914585,/big.txt,40108032,131072,sequential,1.0000,0.0000,0,1,40239104,4096,1,-1,0
334,334_adaptive_sequential_run14,adaptive,sequential,1778268847.1940775,/big.txt,40239104,131072,sequential,1.0000,0.0000,0,1,40370176,4096,1,-1,0
334,334_adaptive_sequential_run14,adaptive,sequential,1778268847.1967475,/big.txt,40370176,131072,sequential,1.0000,0.0000,0,1,40501248,4096,1,-1,0
334,334_adaptive_sequential_run14,adaptive,sequential,1778268847.1993768,/big.txt,40501248,131072,sequential,1.0000,0.0000,0,1,40632320,4096,1,-1,0
334,334_adaptive_sequential_run14,adaptive,sequential,1778268847.2020428,/big.txt,40632320,131072,sequential,1.0000,0.0000,0,1,40763392,4096,1,-1,0
334,334_adaptive_sequential_run14,adaptive,sequential,1778268847.2047281,/big.txt,40763392,131072,sequential,1.0000,0.0000,0,1,40894464,4096,1,-1,0
334,334_adaptive_sequential_run14,adaptive,sequential,1778268847.2073636,/big.txt,40894464,131072,sequential,1.0000,0.0000,0,1,41025536,4096,1,-1,0
334,334_adaptive_sequential_run14,adaptive,sequential,1778268847.2100275,/big.txt,41025536,131072,sequential,1.0000,0.0000,0,1,41156608,4096,1,-1,0
334,334_adaptive_sequential_run14,adaptive,sequential,1778268847.2127473,/big.txt,41156608,131072,sequential,1.0000,0.0000,0,1,41287680,4096,1,-1,0
334,334_adaptive_sequential_run14,adaptive,sequential,1778268847.2153869,/big.txt,41287680,131072,sequential,1.0000,0.0000,0,1,41418752,4096,1,-1,0
334,334_adaptive_sequential_run14,adaptive,sequential,1778268847.2178857,/big.txt,41418752,131072,sequential,1.0000,0.0000,0,1,41549824,4096,1,-1,0
334,334_adaptive_sequential_run14,adaptive,sequential,1778268847.2204528,/big.txt,41549824,131072,sequential,1.0000,0.0000,0,1,41680896,4096,1,-1,0
334,334_adaptive_sequential_run14,adaptive,sequential,1778268847.2230012,/big.txt,41680896,131072,sequential,1.0000,0.0000,0,1,41811968,4096,1,-1,0
334,334_adaptive_sequential_run14,adaptive,sequential,1778268847.225523,/big.txt,41811968,131072,sequential,1.0000,0.0000,0,1,41943040,4096,1,-1,0
334,334_adaptive_sequential_run14,adaptive,sequential,1778268847.2280726,/big.txt,41943040,131072,sequential,1.0000,0.0000,0,1,42074112,4096,1,-1,0
334,334_adaptive_sequential_run14,adaptive,sequential,1778268847.2305892,/big.txt,42074112,131072,sequential,1.0000,0.0000,0,1,42205184,4096,1,-1,0
334,334_adaptive_sequential_run14,adaptive,sequential,1778268847.233137,/big.txt,42205184,131072,sequential,1.0000,0.0000,0,1,42336256,4096,1,-1,0
334,334_adaptive_sequential_run14,adaptive,sequential,1778268847.2356226,/big.txt,42336256,131072,sequential,1.0000,0.0000,0,1,42467328,4096,1,-1,0
334,334_adaptive_sequential_run14,adaptive,sequential,1778268847.238133,/big.txt,42467328,131072,sequential,1.0000,0.0000,0,1,42598400,4096,1,-1,0
334,334_adaptive_sequential_run14,adaptive,sequential,1778268847.2406716,/big.txt,42598400,131072,sequential,1.0000,0.0000,0,1,42729472,4096,1,-1,0
334,334_adaptive_sequential_run14,adaptive,sequential,1778268847.243175,/big.txt,42729472,131072,sequential,1.0000,0.0000,0,1,42860544,4096,1,-1,0
334,334_adaptive_sequential_run14,adaptive,sequential,1778268847.2456768,/big.txt,42860544,131072,sequential,1.0000,0.0000,0,1,42991616,4096,1,-1,0
334,334_adaptive_sequential_run14,adaptive,sequential,1778268847.2482095,/big.txt,42991616,131072,sequential,1.0000,0.0000,0,1,43122688,4096,1,-1,0
334,334_adaptive_sequential_run14,adaptive,sequential,1778268847.2507124,/big.txt,43122688,131072,sequential,1.0000,0.0000,0,1,43253760,4096,1,-1,0
334,334_adaptive_sequential_run14,adaptive,sequential,1778268847.2532275,/big.txt,43253760,131072,sequential,1.0000,0.0000,0,1,43384832,4096,1,-1,0
334,334_adaptive_sequential_run14,adaptive,sequential,1778268847.255713,/big.txt,43384832,131072,sequential,1.0000,0.0000,0,1,43515904,4096,1,-1,0
334,334_adaptive_sequential_run14,adaptive,sequential,1778268847.258184,/big.txt,43515904,131072,sequential,1.0000,0.0000,0,1,43646976,4096,1,-1,0
334,334_adaptive_sequential_run14,adaptive,sequential,1778268847.2606914,/big.txt,43646976,131072,sequential,1.0000,0.0000,0,1,43778048,4096,1,-1,0
334,334_adaptive_sequential_run14,adaptive,sequential,1778268847.2632031,/big.txt,43778048,131072,sequential,1.0000,0.0000,0,1,43909120,4096,1,-1,0
334,334_adaptive_sequential_run14,adaptive,sequential,1778268847.2657292,/big.txt,43909120,131072,sequential,1.0000,0.0000,0,1,44040192,4096,1,-1,0
334,334_adaptive_sequential_run14,adaptive,sequential,1778268847.2683132,/big.txt,44040192,131072,sequential,1.0000,0.0000,0,1,44171264,4096,1,-1,0
334,334_adaptive_sequential_run14,adaptive,sequential,1778268847.2709992,/big.txt,44171264,131072,sequential,1.0000,0.0000,0,1,44302336,4096,1,-1,0
334,334_adaptive_sequential_run14,adaptive,sequential,1778268847.2734656,/big.txt,44302336,131072,sequential,1.0000,0.0000,0,1,44433408,4096,1,-1,0
334,334_adaptive_sequential_run14,adaptive,sequential,1778268847.2760043,/big.txt,44433408,131072,sequential,1.0000,0.0000,0,1,44564480,4096,1,-1,0
334,334_adaptive_sequential_run14,adaptive,sequential,1778268847.278485,/big.txt,44564480,131072,sequential,1.0000,0.0000,0,1,44695552,4096,1,-1,0
334,334_adaptive_sequential_run14,adaptive,sequential,1778268847.2809165,/big.txt,44695552,131072,sequential,1.0000,0.0000,0,1,44826624,4096,1,-1,0
334,334_adaptive_sequential_run14,adaptive,sequential,1778268847.2834773,/big.txt,44826624,131072,sequential,1.0000,0.0000,0,1,44957696,4096,1,-1,0
334,334_adaptive_sequential_run14,adaptive,sequential,1778268847.2859347,/big.txt,44957696,131072,sequential,1.0000,0.0000,0,1,45088768,4096,1,-1,0
334,334_adaptive_sequential_run14,adaptive,sequential,1778268847.2884748,/big.txt,45088768,131072,sequential,1.0000,0.0000,0,1,45219840,4096,1,-1,0
334,334_adaptive_sequential_run14,adaptive,sequential,1778268847.2909822,/big.txt,45219840,131072,sequential,1.0000,0.0000,0,1,45350912,4096,1,-1,0
334,334_adaptive_sequential_run14,adaptive,sequential,1778268847.2934818,/big.txt,45350912,131072,sequential,1.0000,0.0000,0,1,45481984,4096,1,-1,0
334,334_adaptive_sequential_run14,adaptive,sequential,1778268847.2960322,/big.txt,45481984,131072,sequential,1.0000,0.0000,0,1,45613056,4096,1,-1,0
334,334_adaptive_sequential_run14,adaptive,sequential,1778268847.2985775,/big.txt,45613056,131072,sequential,1.0000,0.0000,0,1,45744128,4096,1,-1,0
334,334_adaptive_sequential_run14,adaptive,sequential,1778268847.3010693,/big.txt,45744128,131072,sequential,1.0000,0.0000,0,1,45875200,4096,1,-1,0
334,334_adaptive_sequential_run14,adaptive,sequential,1778268847.3035605,/big.txt,45875200,131072,sequential,1.0000,0.0000,0,1,46006272,4096,1,-1,0
334,334_adaptive_sequential_run14,adaptive,sequential,1778268847.3060522,/big.txt,46006272,131072,sequential,1.0000,0.0000,0,1,46137344,4096,1,-1,0
334,334_adaptive_sequential_run14,adaptive,sequential,1778268847.308649,/big.txt,46137344,131072,sequential,1.0000,0.0000,0,1,46268416,4096,1,-1,0
334,334_adaptive_sequential_run14,adaptive,sequential,1778268847.3112664,/big.txt,46268416,131072,sequential,1.0000,0.0000,0,1,46399488,4096,1,-1,0
334,334_adaptive_sequential_run14,adaptive,sequential,1778268847.3137698,/big.txt,46399488,131072,sequential,1.0000,0.0000,0,1,46530560,4096,1,-1,0
334,334_adaptive_sequential_run14,adaptive,sequential,1778268847.3163266,/big.txt,46530560,131072,sequential,1.0000,0.0000,0,1,46661632,4096,1,-1,0
334,334_adaptive_sequential_run14,adaptive,sequential,1778268847.3188908,/big.txt,46661632,131072,sequential,1.0000,0.0000,0,1,46792704,4096,1,-1,0
334,334_adaptive_sequential_run14,adaptive,sequential,1778268847.3214595,/big.txt,46792704,131072,sequential,1.0000,0.0000,0,1,46923776,4096,1,-1,0
334,334_adaptive_sequential_run14,adaptive,sequential,1778268847.3239956,/big.txt,46923776,131072,sequential,1.0000,0.0000,0,1,47054848,4096,1,-1,0
334,334_adaptive_sequential_run14,adaptive,sequential,1778268847.3264894,/big.txt,47054848,131072,sequential,1.0000,0.0000,0,1,47185920,4096,1,-1,0
334,334_adaptive_sequential_run14,adaptive,sequential,1778268847.3289394,/big.txt,47185920,131072,sequential,1.0000,0.0000,0,1,47316992,4096,1,-1,0
334,334_adaptive_sequential_run14,adaptive,sequential,1778268847.3314407,/big.txt,47316992,131072,sequential,1.0000,0.0000,0,1,47448064,4096,1,-1,0
334,334_adaptive_sequential_run14,adaptive,sequential,1778268847.3339832,/big.txt,47448064,131072,sequential,1.0000,0.0000,0,1,47579136,4096,1,-1,0
334,334_adaptive_sequential_run14,adaptive,sequential,1778268847.3365312,/big.txt,47579136,131072,sequential,1.0000,0.0000,0,1,47710208,4096,1,-1,0
334,334_adaptive_sequential_run14,adaptive,sequential,1778268847.3390188,/big.txt,47710208,131072,sequential,1.0000,0.0000,0,1,47841280,4096,1,-1,0
334,334_adaptive_sequential_run14,adaptive,sequential,1778268847.3414984,/big.txt,47841280,131072,sequential,1.0000,0.0000,0,1,47972352,4096,1,-1,0
334,334_adaptive_sequential_run14,adaptive,sequential,1778268847.3440259,/big.txt,47972352,131072,sequential,1.0000,0.0000,0,1,48103424,4096,1,-1,0
334,334_adaptive_sequential_run14,adaptive,sequential,1778268847.3465197,/big.txt,48103424,131072,sequential,1.0000,0.0000,0,1,48234496,4096,1,-1,0
334,334_adaptive_sequential_run14,adaptive,sequential,1778268847.3489823,/big.txt,48234496,131072,sequential,1.0000,0.0000,0,1,48365568,4096,1,-1,0
334,334_adaptive_sequential_run14,adaptive,sequential,1778268847.3515697,/big.txt,48365568,131072,sequential,1.0000,0.0000,0,1,48496640,4096,1,-1,0
334,334_adaptive_sequential_run14,adaptive,sequential,1778268847.354026,/big.txt,48496640,131072,sequential,1.0000,0.0000,0,1,48627712,4096,1,-1,0
334,334_adaptive_sequential_run14,adaptive,sequential,1778268847.3565602,/big.txt,48627712,131072,sequential,1.0000,0.0000,0,1,48758784,4096,1,-1,0
334,334_adaptive_sequential_run14,adaptive,sequential,1778268847.3591561,/big.txt,48758784,131072,sequential,1.0000,0.0000,0,1,48889856,4096,1,-1,0
334,334_adaptive_sequential_run14,adaptive,sequential,1778268847.361635,/big.txt,48889856,131072,sequential,1.0000,0.0000,0,1,49020928,4096,1,-1,0
334,334_adaptive_sequential_run14,adaptive,sequential,1778268847.364192,/big.txt,49020928,131072,sequential,1.0000,0.0000,0,1,49152000,4096,1,-1,0
334,334_adaptive_sequential_run14,adaptive,sequential,1778268847.366693,/big.txt,49152000,131072,sequential,1.0000,0.0000,0,1,49283072,4096,1,-1,0
334,334_adaptive_sequential_run14,adaptive,sequential,1778268847.3691459,/big.txt,49283072,131072,sequential,1.0000,0.0000,0,1,49414144,4096,1,-1,0
334,334_adaptive_sequential_run14,adaptive,sequential,1778268847.3716085,/big.txt,49414144,131072,sequential,1.0000,0.0000,0,1,49545216,4096,1,-1,0
334,334_adaptive_sequential_run14,adaptive,sequential,1778268847.3741271,/big.txt,49545216,131072,sequential,1.0000,0.0000,0,1,49676288,4096,1,-1,0
334,334_adaptive_sequential_run14,adaptive,sequential,1778268847.376703,/big.txt,49676288,131072,sequential,1.0000,0.0000,0,1,49807360,4096,1,-1,0
334,334_adaptive_sequential_run14,adaptive,sequential,1778268847.379201,/big.txt,49807360,131072,sequential,1.0000,0.0000,0,1,49938432,4096,1,-1,0
334,334_adaptive_sequential_run14,adaptive,sequential,1778268847.381685,/big.txt,49938432,131072,sequential,1.0000,0.0000,0,1,50069504,4096,1,-1,0
334,334_adaptive_sequential_run14,adaptive,sequential,1778268847.3841872,/big.txt,50069504,131072,sequential,1.0000,0.0000,0,1,50200576,4096,1,-1,0
334,334_adaptive_sequential_run14,adaptive,sequential,1778268847.3866563,/big.txt,50200576,131072,sequential,1.0000,0.0000,0,1,50331648,4096,1,-1,0
334,334_adaptive_sequential_run14,adaptive,sequential,1778268847.3891146,/big.txt,50331648,131072,sequential,1.0000,0.0000,0,1,50462720,4096,1,-1,0
334,334_adaptive_sequential_run14,adaptive,sequential,1778268847.3917065,/big.txt,50462720,131072,sequential,1.0000,0.0000,0,1,50593792,4096,1,-1,0
334,334_adaptive_sequential_run14,adaptive,sequential,1778268847.394219,/big.txt,50593792,131072,sequential,1.0000,0.0000,0,1,50724864,4096,1,-1,0
334,334_adaptive_sequential_run14,adaptive,sequential,1778268847.3967338,/big.txt,50724864,131072,sequential,1.0000,0.0000,0,1,50855936,4096,1,-1,0
334,334_adaptive_sequential_run14,adaptive,sequential,1778268847.3992474,/big.txt,50855936,131072,sequential,1.0000,0.0000,0,1,50987008,4096,1,-1,0
334,334_adaptive_sequential_run14,adaptive,sequential,1778268847.401741,/big.txt,50987008,131072,sequential,1.0000,0.0000,0,1,51118080,4096,1,-1,0
334,334_adaptive_sequential_run14,adaptive,sequential,1778268847.4042783,/big.txt,51118080,131072,sequential,1.0000,0.0000,0,1,51249152,4096,1,-1,0
334,334_adaptive_sequential_run14,adaptive,sequential,1778268847.4067903,/big.txt,51249152,131072,sequential,1.0000,0.0000,0,1,51380224,4096,1,-1,0
334,334_adaptive_sequential_run14,adaptive,sequential,1778268847.40927,/big.txt,51380224,131072,sequential,1.0000,0.0000,0,1,51511296,4096,1,-1,0
334,334_adaptive_sequential_run14,adaptive,sequential,1778268847.4117515,/big.txt,51511296,131072,sequential,1.0000,0.0000,0,1,51642368,4096,1,-1,0
334,334_adaptive_sequential_run14,adaptive,sequential,1778268847.4142094,/big.txt,51642368,131072,sequential,1.0000,0.0000,0,1,51773440,4096,1,-1,0
334,334_adaptive_sequential_run14,adaptive,sequential,1778268847.416711,/big.txt,51773440,131072,sequential,1.0000,0.0000,0,1,51904512,4096,1,-1,0
334,334_adaptive_sequential_run14,adaptive,sequential,1778268847.4191685,/big.txt,51904512,131072,sequential,1.0000,0.0000,0,1,52035584,4096,1,-1,0
334,334_adaptive_sequential_run14,adaptive,sequential,1778268847.4216423,/big.txt,52035584,131072,sequential,1.0000,0.0000,0,1,52166656,4096,1,-1,0
334,334_adaptive_sequential_run14,adaptive,sequential,1778268847.4241676,/big.txt,52166656,131072,sequential,1.0000,0.0000,0,1,52297728,4096,1,-1,0
334,334_adaptive_sequential_run14,adaptive,sequential,1778268847.4266315,/big.txt,52297728,131072,sequential,1.0000,0.0000,0,1,52428800,4096,1,-1,0
334,334_adaptive_sequential_run14,adaptive,sequential,1778268847.4291325,/big.txt,52428800,131072,sequential,1.0000,0.0000,0,1,52559872,4096,1,-1,0
334,334_adaptive_sequential_run14,adaptive,sequential,1778268847.4316142,/big.txt,52559872,131072,sequential,1.0000,0.0000,0,1,52690944,4096,1,-1,0
334,334_adaptive_sequential_run14,adaptive,sequential,1778268847.4341278,/big.txt,52690944,131072,sequential,1.0000,0.0000,0,1,52822016,4096,1,-1,0
334,334_adaptive_sequential_run14,adaptive,sequential,1778268847.4366686,/big.txt,52822016,131072,sequential,1.0000,0.0000,0,1,52953088,4096,1,-1,0
334,334_adaptive_sequential_run14,adaptive,sequential,1778268847.4391687,/big.txt,52953088,131072,sequential,1.0000,0.0000,0,1,53084160,4096,1,-1,0
334,334_adaptive_sequential_run14,adaptive,sequential,1778268847.4416595,/big.txt,53084160,131072,sequential,1.0000,0.0000,0,1,53215232,4096,1,-1,0
334,334_adaptive_sequential_run14,adaptive,sequential,1778268847.4442053,/big.txt,53215232,131072,sequential,1.0000,0.0000,0,1,53346304,4096,1,-1,0
334,334_adaptive_sequential_run14,adaptive,sequential,1778268847.4467146,/big.txt,53346304,131072,sequential,1.0000,0.0000,0,1,53477376,4096,1,-1,0
334,334_adaptive_sequential_run14,adaptive,sequential,1778268847.4492338,/big.txt,53477376,131072,sequential,1.0000,0.0000,0,1,53608448,4096,1,-1,0
334,334_adaptive_sequential_run14,adaptive,sequential,1778268847.4517314,/big.txt,53608448,131072,sequential,1.0000,0.0000,0,1,53739520,4096,1,-1,0
334,334_adaptive_sequential_run14,adaptive,sequential,1778268847.4541948,/big.txt,53739520,131072,sequential,1.0000,0.0000,0,1,53870592,4096,1,-1,0
334,334_adaptive_sequential_run14,adaptive,sequential,1778268847.456662,/big.txt,53870592,131072,sequential,1.0000,0.0000,0,1,54001664,4096,1,-1,0
334,334_adaptive_sequential_run14,adaptive,sequential,1778268847.459225,/big.txt,54001664,131072,sequential,1.0000,0.0000,0,1,54132736,4096,1,-1,0
334,334_adaptive_sequential_run14,adaptive,sequential,1778268847.4616828,/big.txt,54132736,131072,sequential,1.0000,0.0000,0,1,54263808,4096,1,-1,0
334,334_adaptive_sequential_run14,adaptive,sequential,1778268847.4642081,/big.txt,54263808,131072,sequential,1.0000,0.0000,0,1,54394880,4096,1,-1,0
334,334_adaptive_sequential_run14,adaptive,sequential,1778268847.4666946,/big.txt,54394880,131072,sequential,1.0000,0.0000,0,1,54525952,4096,1,-1,0
334,334_adaptive_sequential_run14,adaptive,sequential,1778268847.4691584,/big.txt,54525952,131072,sequential,1.0000,0.0000,0,1,54657024,4096,1,-1,0
334,334_adaptive_sequential_run14,adaptive,sequential,1778268847.471704,/big.txt,54657024,131072,sequential,1.0000,0.0000,0,1,54788096,4096,1,-1,0
334,334_adaptive_sequential_run14,adaptive,sequential,1778268847.474199,/big.txt,54788096,131072,sequential,1.0000,0.0000,0,1,54919168,4096,1,-1,0
334,334_adaptive_sequential_run14,adaptive,sequential,1778268847.4767218,/big.txt,54919168,131072,sequential,1.0000,0.0000,0,1,55050240,4096,1,-1,0
334,334_adaptive_sequential_run14,adaptive,sequential,1778268847.4792037,/big.txt,55050240,131072,sequential,1.0000,0.0000,0,1,55181312,4096,1,-1,0
334,334_adaptive_sequential_run14,adaptive,sequential,1778268847.4817104,/big.txt,55181312,131072,sequential,1.0000,0.0000,0,1,55312384,4096,1,-1,0
334,334_adaptive_sequential_run14,adaptive,sequential,1778268847.484251,/big.txt,55312384,131072,sequential,1.0000,0.0000,0,1,55443456,4096,1,-1,0
334,334_adaptive_sequential_run14,adaptive,sequential,1778268847.4867463,/big.txt,55443456,131072,sequential,1.0000,0.0000,0,1,55574528,4096,1,-1,0
334,334_adaptive_sequential_run14,adaptive,sequential,1778268847.4892056,/big.txt,55574528,131072,sequential,1.0000,0.0000,0,1,55705600,4096,1,-1,0
334,334_adaptive_sequential_run14,adaptive,sequential,1778268847.4917057,/big.txt,55705600,131072,sequential,1.0000,0.0000,0,1,55836672,4096,1,-1,0
334,334_adaptive_sequential_run14,adaptive,sequential,1778268847.4941623,/big.txt,55836672,131072,sequential,1.0000,0.0000,0,1,55967744,4096,1,-1,0
334,334_adaptive_sequential_run14,adaptive,sequential,1778268847.4966922,/big.txt,55967744,131072,sequential,1.0000,0.0000,0,1,56098816,4096,1,-1,0
334,334_adaptive_sequential_run14,adaptive,sequential,1778268847.4991777,/big.txt,56098816,131072,sequential,1.0000,0.0000,0,1,56229888,4096,1,-1,0
334,334_adaptive_sequential_run14,adaptive,sequential,1778268847.5016503,/big.txt,56229888,131072,sequential,1.0000,0.0000,0,1,56360960,4096,1,-1,0
334,334_adaptive_sequential_run14,adaptive,sequential,1778268847.5041564,/big.txt,56360960,131072,sequential,1.0000,0.0000,0,1,56492032,4096,1,-1,0
334,334_adaptive_sequential_run14,adaptive,sequential,1778268847.5066328,/big.txt,56492032,131072,sequential,1.0000,0.0000,0,1,56623104,4096,1,-1,0
334,334_adaptive_sequential_run14,adaptive,sequential,1778268847.5116963,/big.txt,56623104,131072,sequential,1.0000,0.0000,0,1,56754176,4096,1,-1,0
334,334_adaptive_sequential_run14,adaptive,sequential,1778268847.5166101,/big.txt,56754176,131072,sequential,1.0000,0.0000,0,1,56885248,4096,1,-1,0
334,334_adaptive_sequential_run14,adaptive,sequential,1778268847.519622,/big.txt,56885248,131072,sequential,1.0000,0.0000,0,1,57016320,4096,1,-1,0
334,334_adaptive_sequential_run14,adaptive,sequential,1778268847.5221136,/big.txt,57016320,131072,sequential,1.0000,0.0000,0,1,57147392,4096,1,-1,0
334,334_adaptive_sequential_run14,adaptive,sequential,1778268847.5246863,/big.txt,57147392,131072,sequential,1.0000,0.0000,0,1,57278464,4096,1,-1,0
334,334_adaptive_sequential_run14,adaptive,sequential,1778268847.527217,/big.txt,57278464,131072,sequential,1.0000,0.0000,0,1,57409536,4096,1,-1,0
334,334_adaptive_sequential_run14,adaptive,sequential,1778268847.5296912,/big.txt,57409536,131072,sequential,1.0000,0.0000,0,1,57540608,4096,1,-1,0
334,334_adaptive_sequential_run14,adaptive,sequential,1778268847.5322452,/big.txt,57540608,131072,sequential,1.0000,0.0000,0,1,57671680,4096,1,-1,0
334,334_adaptive_sequential_run14,adaptive,sequential,1778268847.534733,/big.txt,57671680,131072,sequential,1.0000,0.0000,0,1,57802752,4096,1,-1,0
334,334_adaptive_sequential_run14,adaptive,sequential,1778268847.5371969,/big.txt,57802752,131072,sequential,1.0000,0.0000,0,1,57933824,4096,1,-1,0
334,334_adaptive_sequential_run14,adaptive,sequential,1778268847.5397034,/big.txt,57933824,131072,sequential,1.0000,0.0000,0,1,58064896,4096,1,-1,0
334,334_adaptive_sequential_run14,adaptive,sequential,1778268847.5421686,/big.txt,58064896,131072,sequential,1.0000,0.0000,0,1,58195968,4096,1,-1,0
334,334_adaptive_sequential_run14,adaptive,sequential,1778268847.5446866,/big.txt,58195968,131072,sequential,1.0000,0.0000,0,1,58327040,4096,1,-1,0
334,334_adaptive_sequential_run14,adaptive,sequential,1778268847.5472434,/big.txt,58327040,131072,sequential,1.0000,0.0000,0,1,58458112,4096,1,-1,0
334,334_adaptive_sequential_run14,adaptive,sequential,1778268847.549759,/big.txt,58458112,131072,sequential,1.0000,0.0000,0,1,58589184,4096,1,-1,0
334,334_adaptive_sequential_run14,adaptive,sequential,1778268847.5522869,/big.txt,58589184,131072,sequential,1.0000,0.0000,0,1,58720256,4096,1,-1,0
334,334_adaptive_sequential_run14,adaptive,sequential,1778268847.5549297,/big.txt,58720256,131072,sequential,1.0000,0.0000,0,1,58851328,4096,1,-1,0
334,334_adaptive_sequential_run14,adaptive,sequential,1778268847.5573986,/big.txt,58851328,131072,sequential,1.0000,0.0000,0,1,58982400,4096,1,-1,0
334,334_adaptive_sequential_run14,adaptive,sequential,1778268847.559886,/big.txt,58982400,131072,sequential,1.0000,0.0000,0,1,59113472,4096,1,-1,0
334,334_adaptive_sequential_run14,adaptive,sequential,1778268847.5623739,/big.txt,59113472,131072,sequential,1.0000,0.0000,0,1,59244544,4096,1,-1,0
334,334_adaptive_sequential_run14,adaptive,sequential,1778268847.5648575,/big.txt,59244544,131072,sequential,1.0000,0.0000,0,1,59375616,4096,1,-1,0
334,334_adaptive_sequential_run14,adaptive,sequential,1778268847.5673268,/big.txt,59375616,131072,sequential,1.0000,0.0000,0,1,59506688,4096,1,-1,0
334,334_adaptive_sequential_run14,adaptive,sequential,1778268847.5697894,/big.txt,59506688,131072,sequential,1.0000,0.0000,0,1,59637760,4096,1,-1,0
334,334_adaptive_sequential_run14,adaptive,sequential,1778268847.5723238,/big.txt,59637760,131072,sequential,1.0000,0.0000,0,1,59768832,4096,1,-1,0
334,334_adaptive_sequential_run14,adaptive,sequential,1778268847.574915,/big.txt,59768832,131072,sequential,1.0000,0.0000,0,1,59899904,4096,1,-1,0
334,334_adaptive_sequential_run14,adaptive,sequential,1778268847.5773742,/big.txt,59899904,131072,sequential,1.0000,0.0000,0,1,60030976,4096,1,-1,0
334,334_adaptive_sequential_run14,adaptive,sequential,1778268847.5798333,/big.txt,60030976,131072,sequential,1.0000,0.0000,0,1,60162048,4096,1,-1,0
334,334_adaptive_sequential_run14,adaptive,sequential,1778268847.5823064,/big.txt,60162048,131072,sequential,1.0000,0.0000,0,1,60293120,4096,1,-1,0
334,334_adaptive_sequential_run14,adaptive,sequential,1778268847.5847774,/big.txt,60293120,131072,sequential,1.0000,0.0000,0,1,60424192,4096,1,-1,0
334,334_adaptive_sequential_run14,adaptive,sequential,1778268847.5872624,/big.txt,60424192,131072,sequential,1.0000,0.0000,0,1,60555264,4096,1,-1,0
334,334_adaptive_sequential_run14,adaptive,sequential,1778268847.5897253,/big.txt,60555264,131072,sequential,1.0000,0.0000,0,1,60686336,4096,1,-1,0
334,334_adaptive_sequential_run14,adaptive,sequential,1778268847.5922248,/big.txt,60686336,131072,sequential,1.0000,0.0000,0,1,60817408,4096,1,-1,0
334,334_adaptive_sequential_run14,adaptive,sequential,1778268847.5947042,/big.txt,60817408,131072,sequential,1.0000,0.0000,0,1,60948480,4096,1,-1,0
334,334_adaptive_sequential_run14,adaptive,sequential,1778268847.5972676,/big.txt,60948480,131072,sequential,1.0000,0.0000,0,1,61079552,4096,1,-1,0
334,334_adaptive_sequential_run14,adaptive,sequential,1778268847.5997636,/big.txt,61079552,131072,sequential,1.0000,0.0000,0,1,61210624,4096,1,-1,0
334,334_adaptive_sequential_run14,adaptive,sequential,1778268847.602214,/big.txt,61210624,131072,sequential,1.0000,0.0000,0,1,61341696,4096,1,-1,0
334,334_adaptive_sequential_run14,adaptive,sequential,1778268847.604692,/big.txt,61341696,131072,sequential,1.0000,0.0000,0,1,61472768,4096,1,-1,0
334,334_adaptive_sequential_run14,adaptive,sequential,1778268847.607243,/big.txt,61472768,131072,sequential,1.0000,0.0000,0,1,61603840,4096,1,-1,0
334,334_adaptive_sequential_run14,adaptive,sequential,1778268847.6097212,/big.txt,61603840,131072,sequential,1.0000,0.0000,0,1,61734912,4096,1,-1,0
334,334_adaptive_sequential_run14,adaptive,sequential,1778268847.61225,/big.txt,61734912,131072,sequential,1.0000,0.0000,0,1,61865984,4096,1,-1,0
334,334_adaptive_sequential_run14,adaptive,sequential,1778268847.6147177,/big.txt,61865984,131072,sequential,1.0000,0.0000,0,1,61997056,4096,1,-1,0
334,334_adaptive_sequential_run14,adaptive,sequential,1778268847.6172018,/big.txt,61997056,131072,sequential,1.0000,0.0000,0,1,62128128,4096,1,-1,0
334,334_adaptive_sequential_run14,adaptive,sequential,1778268847.6196966,/big.txt,62128128,131072,sequential,1.0000,0.0000,0,1,62259200,4096,1,-1,0
334,334_adaptive_sequential_run14,adaptive,sequential,1778268847.6221864,/big.txt,62259200,131072,sequential,1.0000,0.0000,0,1,62390272,4096,1,-1,0
334,334_adaptive_sequential_run14,adaptive,sequential,1778268847.6246984,/big.txt,62390272,131072,sequential,1.0000,0.0000,0,1,62521344,4096,1,-1,0
334,334_adaptive_sequential_run14,adaptive,sequential,1778268847.6272023,/big.txt,62521344,131072,sequential,1.0000,0.0000,0,1,62652416,4096,1,-1,0
334,334_adaptive_sequential_run14,adaptive,sequential,1778268847.62967,/big.txt,62652416,131072,sequential,1.0000,0.0000,0,1,62783488,4096,1,-1,0
334,334_adaptive_sequential_run14,adaptive,sequential,1778268847.6322045,/big.txt,62783488,131072,sequential,1.0000,0.0000,0,1,62914560,4096,1,-1,0
334,334_adaptive_sequential_run14,adaptive,sequential,1778268847.634672,/big.txt,62914560,131072,sequential,1.0000,0.0000,0,1,63045632,4096,1,-1,0
334,334_adaptive_sequential_run14,adaptive,sequential,1778268847.639674,/big.txt,63045632,131072,sequential,1.0000,0.0000,0,1,63176704,4096,1,-1,0
334,334_adaptive_sequential_run14,adaptive,sequential,1778268847.64459,/big.txt,63176704,131072,sequential,1.0000,0.0000,0,1,63307776,4096,1,-1,0
334,334_adaptive_sequential_run14,adaptive,sequential,1778268847.6475549,/big.txt,63307776,131072,sequential,1.0000,0.0000,0,1,63438848,4096,1,-1,0
334,334_adaptive_sequential_run14,adaptive,sequential,1778268847.650047,/big.txt,63438848,131072,sequential,1.0000,0.0000,0,1,63569920,4096,1,-1,0
334,334_adaptive_sequential_run14,adaptive,sequential,1778268847.6525886,/big.txt,63569920,131072,sequential,1.0000,0.0000,0,1,63700992,4096,1,-1,0
334,334_adaptive_sequential_run14,adaptive,sequential,1778268847.655145,/big.txt,63700992,131072,sequential,1.0000,0.0000,0,1,63832064,4096,1,-1,0
334,334_adaptive_sequential_run14,adaptive,sequential,1778268847.6576242,/big.txt,63832064,131072,sequential,1.0000,0.0000,0,1,63963136,4096,1,-1,0
334,334_adaptive_sequential_run14,adaptive,sequential,1778268847.6601436,/big.txt,63963136,131072,sequential,1.0000,0.0000,0,1,64094208,4096,1,-1,0
334,334_adaptive_sequential_run14,adaptive,sequential,1778268847.6626327,/big.txt,64094208,131072,sequential,1.0000,0.0000,0,1,64225280,4096,1,-1,0
334,334_adaptive_sequential_run14,adaptive,sequential,1778268847.665109,/big.txt,64225280,131072,sequential,1.0000,0.0000,0,1,64356352,4096,1,-1,0
334,334_adaptive_sequential_run14,adaptive,sequential,1778268847.6676025,/big.txt,64356352,131072,sequential,1.0000,0.0000,0,1,64487424,4096,1,-1,0
334,334_adaptive_sequential_run14,adaptive,sequential,1778268847.6701314,/big.txt,64487424,131072,sequential,1.0000,0.0000,0,1,64618496,4096,1,-1,0
334,334_adaptive_sequential_run14,adaptive,sequential,1778268847.6727035,/big.txt,64618496,131072,sequential,1.0000,0.0000,0,1,64749568,4096,1,-1,0
334,334_adaptive_sequential_run14,adaptive,sequential,1778268847.6752312,/big.txt,64749568,131072,sequential,1.0000,0.0000,0,1,64880640,4096,1,-1,0
334,334_adaptive_sequential_run14,adaptive,sequential,1778268847.677738,/big.txt,64880640,131072,sequential,1.0000,0.0000,0,1,65011712,4096,1,-1,0
334,334_adaptive_sequential_run14,adaptive,sequential,1778268847.6803188,/big.txt,65011712,131072,sequential,1.0000,0.0000,0,1,65142784,4096,1,-1,0
334,334_adaptive_sequential_run14,adaptive,sequential,1778268847.6830041,/big.txt,65142784,131072,sequential,1.0000,0.0000,0,1,65273856,4096,1,-1,0
334,334_adaptive_sequential_run14,adaptive,sequential,1778268847.6855297,/big.txt,65273856,131072,sequential,1.0000,0.0000,0,1,65404928,4096,1,-1,0
334,334_adaptive_sequential_run14,adaptive,sequential,1778268847.6881142,/big.txt,65404928,131072,sequential,1.0000,0.0000,0,1,65536000,4096,1,-1,0
334,334_adaptive_sequential_run14,adaptive,sequential,1778268847.6906445,/big.txt,65536000,131072,sequential,1.0000,0.0000,0,1,65667072,4096,1,-1,0
334,334_adaptive_sequential_run14,adaptive,sequential,1778268847.693157,/big.txt,65667072,131072,sequential,1.0000,0.0000,0,1,65798144,4096,1,-1,0
334,334_adaptive_sequential_run14,adaptive,sequential,1778268847.6956398,/big.txt,65798144,131072,sequential,1.0000,0.0000,0,1,65929216,4096,1,-1,0
334,334_adaptive_sequential_run14,adaptive,sequential,1778268847.6981192,/big.txt,65929216,131072,sequential,1.0000,0.0000,0,1,66060288,4096,1,-1,0
334,334_adaptive_sequential_run14,adaptive,sequential,1778268847.7006767,/big.txt,66060288,131072,sequential,1.0000,0.0000,0,1,66191360,4096,1,-1,0
334,334_adaptive_sequential_run14,adaptive,sequential,1778268847.703259,/big.txt,66191360,131072,sequential,1.0000,0.0000,0,1,66322432,4096,1,-1,0
334,334_adaptive_sequential_run14,adaptive,sequential,1778268847.7058325,/big.txt,66322432,131072,sequential,1.0000,0.0000,0,1,66453504,4096,1,-1,0
334,334_adaptive_sequential_run14,adaptive,sequential,1778268847.7084262,/big.txt,66453504,131072,sequential,1.0000,0.0000,0,1,66584576,4096,1,-1,0
334,334_adaptive_sequential_run14,adaptive,sequential,1778268847.710973,/big.txt,66584576,131072,sequential,1.0000,0.0000,0,1,66715648,4096,1,-1,0
334,334_adaptive_sequential_run14,adaptive,sequential,1778268847.7135434,/big.txt,66715648,131072,sequential,1.0000,0.0000,0,1,66846720,4096,1,-1,0
334,334_adaptive_sequential_run14,adaptive,sequential,1778268847.7161226,/big.txt,66846720,131072,sequential,1.0000,0.0000,0,1,66977792,4096,1,-1,0
334,334_adaptive_sequential_run14,adaptive,sequential,1778268847.7184777,/big.txt,66977792,131072,sequential,1.0000,0.0000,0,1,67108864,4096,1,-1,0
334,334_adaptive_sequential_run14,adaptive,sequential,1778268847.7206905,/big.txt,67108864,131072,sequential,1.0000,0.0000,0,1,67239936,4096,1,-1,0
334,334_adaptive_sequential_run14,adaptive,sequential,1778268847.722987,/big.txt,67239936,131072,sequential,1.0000,0.0000,0,1,67371008,4096,1,-1,0
334,334_adaptive_sequential_run14,adaptive,sequential,1778268847.7253053,/big.txt,67371008,131072,sequential,1.0000,0.0000,0,1,67502080,4096,1,-1,0
334,334_adaptive_sequential_run14,adaptive,sequential,1778268847.727748,/big.txt,67502080,131072,sequential,1.0000,0.0000,0,1,67633152,4096,1,-1,0
334,334_adaptive_sequential_run14,adaptive,sequential,1778268847.7300026,/big.txt,67633152,131072,sequential,1.0000,0.0000,0,1,67764224,4096,1,-1,0
334,334_adaptive_sequential_run14,adaptive,sequential,1778268847.7322967,/big.txt,67764224,131072,sequential,1.0000,0.0000,0,1,67895296,4096,1,-1,0
334,334_adaptive_sequential_run14,adaptive,sequential,1778268847.7345204,/big.txt,67895296,131072,sequential,1.0000,0.0000,0,1,68026368,4096,1,-1,0
334,334_adaptive_sequential_run14,adaptive,sequential,1778268847.7367468,/big.txt,68026368,131072,sequential,1.0000,0.0000,0,1,68157440,4096,1,-1,0
334,334_adaptive_sequential_run14,adaptive,sequential,1778268847.7390501,/big.txt,68157440,131072,sequential,1.0000,0.0000,0,1,68288512,4096,1,-1,0
334,334_adaptive_sequential_run14,adaptive,sequential,1778268847.7413008,/big.txt,68288512,131072,sequential,1.0000,0.0000,0,1,68419584,4096,1,-1,0
334,334_adaptive_sequential_run14,adaptive,sequential,1778268847.7435465,/big.txt,68419584,131072,sequential,1.0000,0.0000,0,1,68550656,4096,1,-1,0
334,334_adaptive_sequential_run14,adaptive,sequential,1778268847.7457638,/big.txt,68550656,131072,sequential,1.0000,0.0000,0,1,68681728,4096,1,-1,0
334,334_adaptive_sequential_run14,adaptive,sequential,1778268847.7480536,/big.txt,68681728,131072,sequential,1.0000,0.0000,0,1,68812800,4096,1,-1,0
334,334_adaptive_sequential_run14,adaptive,sequential,1778268847.7502906,/big.txt,68812800,131072,sequential,1.0000,0.0000,0,1,68943872,4096,1,-1,0
334,334_adaptive_sequential_run14,adaptive,sequential,1778268847.7525666,/big.txt,68943872,131072,sequential,1.0000,0.0000,0,1,69074944,4096,1,-1,0
334,334_adaptive_sequential_run14,adaptive,sequential,1778268847.7548163,/big.txt,69074944,131072,sequential,1.0000,0.0000,0,1,69206016,4096,1,-1,0
334,334_adaptive_sequential_run14,adaptive,sequential,1778268847.7569673,/big.txt,69206016,131072,sequential,1.0000,0.0000,0,1,69337088,4096,1,-1,0
334,334_adaptive_sequential_run14,adaptive,sequential,1778268847.759128,/big.txt,69337088,131072,sequential,1.0000,0.0000,0,1,69468160,4096,1,-1,0
334,334_adaptive_sequential_run14,adaptive,sequential,1778268847.7612734,/big.txt,69468160,131072,sequential,1.0000,0.0000,0,1,69599232,4096,1,-1,0
334,334_adaptive_sequential_run14,adaptive,sequential,1778268847.7635202,/big.txt,69599232,131072,sequential,1.0000,0.0000,0,1,69730304,4096,1,-1,0
334,334_adaptive_sequential_run14,adaptive,sequential,1778268847.7656722,/big.txt,69730304,131072,sequential,1.0000,0.0000,0,1,69861376,4096,1,-1,0
334,334_adaptive_sequential_run14,adaptive,sequential,1778268847.7678688,/big.txt,69861376,131072,sequential,1.0000,0.0000,0,1,69992448,4096,1,-1,0
334,334_adaptive_sequential_run14,adaptive,sequential,1778268847.77002,/big.txt,69992448,131072,sequential,1.0000,0.0000,0,1,70123520,4096,1,-1,0
334,334_adaptive_sequential_run14,adaptive,sequential,1778268847.7721949,/big.txt,70123520,131072,sequential,1.0000,0.0000,0,1,70254592,4096,1,-1,0
334,334_adaptive_sequential_run14,adaptive,sequential,1778268847.7743306,/big.txt,70254592,131072,sequential,1.0000,0.0000,0,1,70385664,4096,1,-1,0
334,334_adaptive_sequential_run14,adaptive,sequential,1778268847.7764876,/big.txt,70385664,131072,sequential,1.0000,0.0000,0,1,70516736,4096,1,-1,0
334,334_adaptive_sequential_run14,adaptive,sequential,1778268847.7786484,/big.txt,70516736,131072,sequential,1.0000,0.0000,0,1,70647808,4096,1,-1,0
334,334_adaptive_sequential_run14,adaptive,sequential,1778268847.7809107,/big.txt,70647808,131072,sequential,1.0000,0.0000,0,1,70778880,4096,1,-1,0
334,334_adaptive_sequential_run14,adaptive,sequential,1778268847.7830935,/big.txt,70778880,131072,sequential,1.0000,0.0000,0,1,70909952,4096,1,-1,0
334,334_adaptive_sequential_run14,adaptive,sequential,1778268847.7852354,/big.txt,70909952,131072,sequential,1.0000,0.0000,0,1,71041024,4096,1,-1,0
334,334_adaptive_sequential_run14,adaptive,sequential,1778268847.787399,/big.txt,71041024,131072,sequential,1.0000,0.0000,0,1,71172096,4096,1,-1,0
334,334_adaptive_sequential_run14,adaptive,sequential,1778268847.7895734,/big.txt,71172096,131072,sequential,1.0000,0.0000,0,1,71303168,4096,1,-1,0
334,334_adaptive_sequential_run14,adaptive,sequential,1778268847.7917488,/big.txt,71303168,131072,sequential,1.0000,0.0000,0,1,71434240,4096,1,-1,0
334,334_adaptive_sequential_run14,adaptive,sequential,1778268847.7939093,/big.txt,71434240,131072,sequential,1.0000,0.0000,0,1,71565312,4096,1,-1,0
334,334_adaptive_sequential_run14,adaptive,sequential,1778268847.796097,/big.txt,71565312,131072,sequential,1.0000,0.0000,0,1,71696384,4096,1,-1,0
334,334_adaptive_sequential_run14,adaptive,sequential,1778268847.7982645,/big.txt,71696384,131072,sequential,1.0000,0.0000,0,1,71827456,4096,1,-1,0
334,334_adaptive_sequential_run14,adaptive,sequential,1778268847.8004258,/big.txt,71827456,131072,sequential,1.0000,0.0000,0,1,71958528,4096,1,-1,0
334,334_adaptive_sequential_run14,adaptive,sequential,1778268847.8025792,/big.txt,71958528,131072,sequential,1.0000,0.0000,0,1,72089600,4096,1,-1,0
334,334_adaptive_sequential_run14,adaptive,sequential,1778268847.8048491,/big.txt,72089600,131072,sequential,1.0000,0.0000,0,1,72220672,4096,1,-1,0
334,334_adaptive_sequential_run14,adaptive,sequential,1778268847.8070307,/big.txt,72220672,131072,sequential,1.0000,0.0000,0,1,72351744,4096,1,-1,0
334,334_adaptive_sequential_run14,adaptive,sequential,1778268847.8091772,/big.txt,72351744,131072,sequential,1.0000,0.0000,0,1,72482816,4096,1,-1,0
334,334_adaptive_sequential_run14,adaptive,sequential,1778268847.8113613,/big.txt,72482816,131072,sequential,1.0000,0.0000,0,1,72613888,4096,1,-1,0
334,334_adaptive_sequential_run14,adaptive,sequential,1778268847.813504,/big.txt,72613888,131072,sequential,1.0000,0.0000,0,1,72744960,4096,1,-1,0
334,334_adaptive_sequential_run14,adaptive,sequential,1778268847.8156695,/big.txt,72744960,131072,sequential,1.0000,0.0000,0,1,72876032,4096,1,-1,0
334,334_adaptive_sequential_run14,adaptive,sequential,1778268847.8178277,/big.txt,72876032,131072,sequential,1.0000,0.0000,0,1,73007104,4096,1,-1,0
334,334_adaptive_sequential_run14,adaptive,sequential,1778268847.8199832,/big.txt,73007104,131072,sequential,1.0000,0.0000,0,1,73138176,4096,1,-1,0
334,334_adaptive_sequential_run14,adaptive,sequential,1778268847.8221412,/big.txt,73138176,131072,sequential,1.0000,0.0000,0,1,73269248,4096,1,-1,0
334,334_adaptive_sequential_run14,adaptive,sequential,1778268847.8243365,/big.txt,73269248,131072,sequential,1.0000,0.0000,0,1,73400320,4096,1,-1,0
334,334_adaptive_sequential_run14,adaptive,sequential,1778268847.8264809,/big.txt,73400320,131072,sequential,1.0000,0.0000,0,1,73531392,4096,1,-1,0
334,334_adaptive_sequential_run14,adaptive,sequential,1778268847.8286319,/big.txt,73531392,131072,sequential,1.0000,0.0000,0,1,73662464,4096,1,-1,0
334,334_adaptive_sequential_run14,adaptive,sequential,1778268847.8307877,/big.txt,73662464,131072,sequential,1.0000,0.0000,0,1,73793536,4096,1,-1,0
334,334_adaptive_sequential_run14,adaptive,sequential,1778268847.8329487,/big.txt,73793536,131072,sequential,1.0000,0.0000,0,1,73924608,4096,1,-1,0
334,334_adaptive_sequential_run14,adaptive,sequential,1778268847.8351176,/big.txt,73924608,131072,sequential,1.0000,0.0000,0,1,74055680,4096,1,-1,0
334,334_adaptive_sequential_run14,adaptive,sequential,1778268847.8372836,/big.txt,74055680,131072,sequential,1.0000,0.0000,0,1,74186752,4096,1,-1,0
334,334_adaptive_sequential_run14,adaptive,sequential,1778268847.8395114,/big.txt,74186752,131072,sequential,1.0000,0.0000,0,1,74317824,4096,1,-1,0
334,334_adaptive_sequential_run14,adaptive,sequential,1778268847.8416886,/big.txt,74317824,131072,sequential,1.0000,0.0000,0,1,74448896,4096,1,-1,0
334,334_adaptive_sequential_run14,adaptive,sequential,1778268847.8438942,/big.txt,74448896,131072,sequential,1.0000,0.0000,0,1,74579968,4096,1,-1,0
334,334_adaptive_sequential_run14,adaptive,sequential,1778268847.846058,/big.txt,74579968,131072,sequential,1.0000,0.0000,0,1,74711040,4096,1,-1,0
334,334_adaptive_sequential_run14,adaptive,sequential,1778268847.8482249,/big.txt,74711040,131072,sequential,1.0000,0.0000,0,1,74842112,4096,1,-1,0
334,334_adaptive_sequential_run14,adaptive,sequential,1778268847.850397,/big.txt,74842112,131072,sequential,1.0000,0.0000,0,1,74973184,4096,1,-1,0
334,334_adaptive_sequential_run14,adaptive,sequential,1778268847.8525598,/big.txt,74973184,131072,sequential,1.0000,0.0000,0,1,75104256,4096,1,-1,0
334,334_adaptive_sequential_run14,adaptive,sequential,1778268847.8547294,/big.txt,75104256,131072,sequential,1.0000,0.0000,0,1,75235328,4096,1,-1,0
334,334_adaptive_sequential_run14,adaptive,sequential,1778268847.8568697,/big.txt,75235328,131072,sequential,1.0000,0.0000,0,1,75366400,4096,1,-1,0
334,334_adaptive_sequential_run14,adaptive,sequential,1778268847.8591268,/big.txt,75366400,131072,sequential,1.0000,0.0000,0,1,75497472,4096,1,-1,0
334,334_adaptive_sequential_run14,adaptive,sequential,1778268847.8612754,/big.txt,75497472,131072,sequential,1.0000,0.0000,0,1,75628544,4096,1,-1,0
334,334_adaptive_sequential_run14,adaptive,sequential,1778268847.8634381,/big.txt,75628544,131072,sequential,1.0000,0.0000,0,1,75759616,4096,1,-1,0
334,334_adaptive_sequential_run14,adaptive,sequential,1778268847.865599,/big.txt,75759616,131072,sequential,1.0000,0.0000,0,1,75890688,4096,1,-1,0
334,334_adaptive_sequential_run14,adaptive,sequential,1778268847.8677964,/big.txt,75890688,131072,sequential,1.0000,0.0000,0,1,76021760,4096,1,-1,0
334,334_adaptive_sequential_run14,adaptive,sequential,1778268847.8699608,/big.txt,76021760,131072,sequential,1.0000,0.0000,0,1,76152832,4096,1,-1,0
334,334_adaptive_sequential_run14,adaptive,sequential,1778268847.8721328,/big.txt,76152832,131072,sequential,1.0000,0.0000,0,1,76283904,4096,1,-1,0
334,334_adaptive_sequential_run14,adaptive,sequential,1778268847.8743286,/big.txt,76283904,131072,sequential,1.0000,0.0000,0,1,76414976,4096,1,-1,0
334,334_adaptive_sequential_run14,adaptive,sequential,1778268847.8765008,/big.txt,76414976,131072,sequential,1.0000,0.0000,0,1,76546048,4096,1,-1,0
334,334_adaptive_sequential_run14,adaptive,sequential,1778268847.8786533,/big.txt,76546048,131072,sequential,1.0000,0.0000,0,1,76677120,4096,1,-1,0
334,334_adaptive_sequential_run14,adaptive,sequential,1778268847.8808632,/big.txt,76677120,131072,sequential,1.0000,0.0000,0,1,76808192,4096,1,-1,0
334,334_adaptive_sequential_run14,adaptive,sequential,1778268847.8830361,/big.txt,76808192,131072,sequential,1.0000,0.0000,0,1,76939264,4096,1,-1,0
334,334_adaptive_sequential_run14,adaptive,sequential,1778268847.8851738,/big.txt,76939264,131072,sequential,1.0000,0.0000,0,1,77070336,4096,1,-1,0
334,334_adaptive_sequential_run14,adaptive,sequential,1778268847.8873343,/big.txt,77070336,131072,sequential,1.0000,0.0000,0,1,77201408,4096,1,-1,0
334,334_adaptive_sequential_run14,adaptive,sequential,1778268847.8894706,/big.txt,77201408,131072,sequential,1.0000,0.0000,0,1,77332480,4096,1,-1,0
334,334_adaptive_sequential_run14,adaptive,sequential,1778268847.891635,/big.txt,77332480,131072,sequential,1.0000,0.0000,0,1,77463552,4096,1,-1,0
334,334_adaptive_sequential_run14,adaptive,sequential,1778268847.8937747,/big.txt,77463552,131072,sequential,1.0000,0.0000,0,1,77594624,4096,1,-1,0
334,334_adaptive_sequential_run14,adaptive,sequential,1778268847.8959408,/big.txt,77594624,131072,sequential,1.0000,0.0000,0,1,77725696,4096,1,-1,0
334,334_adaptive_sequential_run14,adaptive,sequential,1778268847.8980765,/big.txt,77725696,131072,sequential,1.0000,0.0000,0,1,77856768,4096,1,-1,0
334,334_adaptive_sequential_run14,adaptive,sequential,1778268847.9002547,/big.txt,77856768,131072,sequential,1.0000,0.0000,0,1,77987840,4096,1,-1,0
334,334_adaptive_sequential_run14,adaptive,sequential,1778268847.9024143,/big.txt,77987840,131072,sequential,1.0000,0.0000,0,1,78118912,4096,1,-1,0
334,334_adaptive_sequential_run14,adaptive,sequential,1778268847.9046218,/big.txt,78118912,131072,sequential,1.0000,0.0000,0,1,78249984,4096,1,-1,0
334,334_adaptive_sequential_run14,adaptive,sequential,1778268847.9067857,/big.txt,78249984,131072,sequential,1.0000,0.0000,0,1,78381056,4096,1,-1,0
334,334_adaptive_sequential_run14,adaptive,sequential,1778268847.9089408,/big.txt,78381056,131072,sequential,1.0000,0.0000,0,1,78512128,4096,1,-1,0
334,334_adaptive_sequential_run14,adaptive,sequential,1778268847.9111075,/big.txt,78512128,131072,sequential,1.0000,0.0000,0,1,78643200,4096,1,-1,0
334,334_adaptive_sequential_run14,adaptive,sequential,1778268847.9132624,/big.txt,78643200,131072,sequential,1.0000,0.0000,0,1,78774272,4096,1,-1,0
334,334_adaptive_sequential_run14,adaptive,sequential,1778268847.9155195,/big.txt,78774272,131072,sequential,1.0000,0.0000,0,1,78905344,4096,1,-1,0
334,334_adaptive_sequential_run14,adaptive,sequential,1778268847.9176786,/big.txt,78905344,131072,sequential,1.0000,0.0000,0,1,79036416,4096,1,-1,0
334,334_adaptive_sequential_run14,adaptive,sequential,1778268847.919881,/big.txt,79036416,131072,sequential,1.0000,0.0000,0,1,79167488,4096,1,-1,0
334,334_adaptive_sequential_run14,adaptive,sequential,1778268847.92203,/big.txt,79167488,131072,sequential,1.0000,0.0000,0,1,79298560,4096,1,-1,0
334,334_adaptive_sequential_run14,adaptive,sequential,1778268847.924215,/big.txt,79298560,131072,sequential,1.0000,0.0000,0,1,79429632,4096,1,-1,0
334,334_adaptive_sequential_run14,adaptive,sequential,1778268847.9263813,/big.txt,79429632,131072,sequential,1.0000,0.0000,0,1,79560704,4096,1,-1,0
334,334_adaptive_sequential_run14,adaptive,sequential,1778268847.928554,/big.txt,79560704,131072,sequential,1.0000,0.0000,0,1,79691776,4096,1,-1,0
334,334_adaptive_sequential_run14,adaptive,sequential,1778268847.9307103,/big.txt,79691776,131072,sequential,1.0000,0.0000,0,1,79822848,4096,1,-1,0
334,334_adaptive_sequential_run14,adaptive,sequential,1778268847.9328759,/big.txt,79822848,131072,sequential,1.0000,0.0000,0,1,79953920,4096,1,-1,0
334,334_adaptive_sequential_run14,adaptive,sequential,1778268847.9351227,/big.txt,79953920,131072,sequential,1.0000,0.0000,0,1,80084992,4096,1,-1,0
334,334_adaptive_sequential_run14,adaptive,sequential,1778268847.937266,/big.txt,80084992,131072,sequential,1.0000,0.0000,0,1,80216064,4096,1,-1,0
334,334_adaptive_sequential_run14,adaptive,sequential,1778268847.9394393,/big.txt,80216064,131072,sequential,1.0000,0.0000,0,1,80347136,4096,1,-1,0
334,334_adaptive_sequential_run14,adaptive,sequential,1778268847.9416173,/big.txt,80347136,131072,sequential,1.0000,0.0000,0,1,80478208,4096,1,-1,0
334,334_adaptive_sequential_run14,adaptive,sequential,1778268847.9437826,/big.txt,80478208,131072,sequential,1.0000,0.0000,0,1,80609280,4096,1,-1,0
334,334_adaptive_sequential_run14,adaptive,sequential,1778268847.945944,/big.txt,80609280,131072,sequential,1.0000,0.0000,0,1,80740352,4096,1,-1,0
334,334_adaptive_sequential_run14,adaptive,sequential,1778268847.948122,/big.txt,80740352,131072,sequential,1.0000,0.0000,0,1,80871424,4096,1,-1,0
334,334_adaptive_sequential_run14,adaptive,sequential,1778268847.9502788,/big.txt,80871424,131072,sequential,1.0000,0.0000,0,1,81002496,4096,1,-1,0
334,334_adaptive_sequential_run14,adaptive,sequential,1778268847.9524438,/big.txt,81002496,131072,sequential,1.0000,0.0000,0,1,81133568,4096,1,-1,0
334,334_adaptive_sequential_run14,adaptive,sequential,1778268847.954593,/big.txt,81133568,131072,sequential,1.0000,0.0000,0,1,81264640,4096,1,-1,0
334,334_adaptive_sequential_run14,adaptive,sequential,1778268847.9568007,/big.txt,81264640,131072,sequential,1.0000,0.0000,0,1,81395712,4096,1,-1,0
334,334_adaptive_sequential_run14,adaptive,sequential,1778268847.9589703,/big.txt,81395712,131072,sequential,1.0000,0.0000,0,1,81526784,4096,1,-1,0
334,334_adaptive_sequential_run14,adaptive,sequential,1778268847.9611144,/big.txt,81526784,131072,sequential,1.0000,0.0000,0,1,81657856,4096,1,-1,0
334,334_adaptive_sequential_run14,adaptive,sequential,1778268847.9632823,/big.txt,81657856,131072,sequential,1.0000,0.0000,0,1,81788928,4096,1,-1,0
334,334_adaptive_sequential_run14,adaptive,sequential,1778268847.9654374,/big.txt,81788928,131072,sequential,1.0000,0.0000,0,1,81920000,4096,1,-1,0
334,334_adaptive_sequential_run14,adaptive,sequential,1778268847.9676166,/big.txt,81920000,131072,sequential,1.0000,0.0000,0,1,82051072,4096,1,-1,0
334,334_adaptive_sequential_run14,adaptive,sequential,1778268847.9697711,/big.txt,82051072,131072,sequential,1.0000,0.0000,0,1,82182144,4096,1,-1,0
334,334_adaptive_sequential_run14,adaptive,sequential,1778268847.9719455,/big.txt,82182144,131072,sequential,1.0000,0.0000,0,1,82313216,4096,1,-1,0
334,334_adaptive_sequential_run14,adaptive,sequential,1778268847.9740987,/big.txt,82313216,131072,sequential,1.0000,0.0000,0,1,82444288,4096,1,-1,0
334,334_adaptive_sequential_run14,adaptive,sequential,1778268847.976267,/big.txt,82444288,131072,sequential,1.0000,0.0000,0,1,82575360,4096,1,-1,0
334,334_adaptive_sequential_run14,adaptive,sequential,1778268847.9784167,/big.txt,82575360,131072,sequential,1.0000,0.0000,0,1,82706432,4096,1,-1,0
334,334_adaptive_sequential_run14,adaptive,sequential,1778268847.9805837,/big.txt,82706432,131072,sequential,1.0000,0.0000,0,1,82837504,4096,1,-1,0
334,334_adaptive_sequential_run14,adaptive,sequential,1778268847.9827385,/big.txt,82837504,131072,sequential,1.0000,0.0000,0,1,82968576,4096,1,-1,0
334,334_adaptive_sequential_run14,adaptive,sequential,1778268847.984889,/big.txt,82968576,131072,sequential,1.0000,0.0000,0,1,83099648,4096,1,-1,0
334,334_adaptive_sequential_run14,adaptive,sequential,1778268847.987063,/big.txt,83099648,131072,sequential,1.0000,0.0000,0,1,83230720,4096,1,-1,0
334,334_adaptive_sequential_run14,adaptive,sequential,1778268847.9892216,/big.txt,83230720,131072,sequential,1.0000,0.0000,0,1,83361792,4096,1,-1,0
334,334_adaptive_sequential_run14,adaptive,sequential,1778268847.9915075,/big.txt,83361792,131072,sequential,1.0000,0.0000,0,1,83492864,4096,1,-1,0
334,334_adaptive_sequential_run14,adaptive,sequential,1778268847.9936628,/big.txt,83492864,131072,sequential,1.0000,0.0000,0,1,83623936,4096,1,-1,0
334,334_adaptive_sequential_run14,adaptive,sequential,1778268847.9958453,/big.txt,83623936,131072,sequential,1.0000,0.0000,0,1,83755008,4096,1,-1,0
334,334_adaptive_sequential_run14,adaptive,sequential,1778268847.9980285,/big.txt,83755008,131072,sequential,1.0000,0.0000,0,1,83886080,4096,1,-1,0
334,334_adaptive_sequential_run14,adaptive,sequential,1778268848.0002174,/big.txt,83886080,131072,sequential,1.0000,0.0000,0,1,84017152,4096,1,-1,0
334,334_adaptive_sequential_run14,adaptive,sequential,1778268848.0023756,/big.txt,84017152,131072,sequential,1.0000,0.0000,0,1,84148224,4096,1,-1,0
334,334_adaptive_sequential_run14,adaptive,sequential,1778268848.0067308,/big.txt,84148224,131072,sequential,1.0000,0.0000,0,1,84279296,4096,1,-1,0
334,334_adaptive_sequential_run14,adaptive,sequential,1778268848.0110264,/big.txt,84279296,131072,sequential,1.0000,0.0000,0,1,84410368,4096,1,-1,0
334,334_adaptive_sequential_run14,adaptive,sequential,1778268848.0131757,/big.txt,84410368,131072,sequential,1.0000,0.0000,0,1,84541440,4096,1,-1,0
334,334_adaptive_sequential_run14,adaptive,sequential,1778268848.0153973,/big.txt,84541440,131072,sequential,1.0000,0.0000,0,1,84672512,4096,1,-1,0
334,334_adaptive_sequential_run14,adaptive,sequential,1778268848.017556,/big.txt,84672512,131072,sequential,1.0000,0.0000,0,1,84803584,4096,1,-1,0
334,334_adaptive_sequential_run14,adaptive,sequential,1778268848.0197308,/big.txt,84803584,131072,sequential,1.0000,0.0000,0,1,84934656,4096,1,-1,0
334,334_adaptive_sequential_run14,adaptive,sequential,1778268848.0218735,/big.txt,84934656,131072,sequential,1.0000,0.0000,0,1,85065728,4096,1,-1,0
334,334_adaptive_sequential_run14,adaptive,sequential,1778268848.0240521,/big.txt,85065728,131072,sequential,1.0000,0.0000,0,1,85196800,4096,1,-1,0
334,334_adaptive_sequential_run14,adaptive,sequential,1778268848.0262449,/big.txt,85196800,131072,sequential,1.0000,0.0000,0,1,85327872,4096,1,-1,0
334,334_adaptive_sequential_run14,adaptive,sequential,1778268848.0284202,/big.txt,85327872,131072,sequential,1.0000,0.0000,0,1,85458944,4096,1,-1,0
334,334_adaptive_sequential_run14,adaptive,sequential,1778268848.0305781,/big.txt,85458944,131072,sequential,1.0000,0.0000,0,1,85590016,4096,1,-1,0
334,334_adaptive_sequential_run14,adaptive,sequential,1778268848.0327296,/big.txt,85590016,131072,sequential,1.0000,0.0000,0,1,85721088,4096,1,-1,0
334,334_adaptive_sequential_run14,adaptive,sequential,1778268848.03487,/big.txt,85721088,131072,sequential,1.0000,0.0000,0,1,85852160,4096,1,-1,0
334,334_adaptive_sequential_run14,adaptive,sequential,1778268848.0370176,/big.txt,85852160,131072,sequential,1.0000,0.0000,0,1,85983232,4096,1,-1,0
334,334_adaptive_sequential_run14,adaptive,sequential,1778268848.0392504,/big.txt,85983232,131072,sequential,1.0000,0.0000,0,1,86114304,4096,1,-1,0
334,334_adaptive_sequential_run14,adaptive,sequential,1778268848.0414047,/big.txt,86114304,131072,sequential,1.0000,0.0000,0,1,86245376,4096,1,-1,0
334,334_adaptive_sequential_run14,adaptive,sequential,1778268848.043573,/big.txt,86245376,131072,sequential,1.0000,0.0000,0,1,86376448,4096,1,-1,0
334,334_adaptive_sequential_run14,adaptive,sequential,1778268848.0457284,/big.txt,86376448,131072,sequential,1.0000,0.0000,0,1,86507520,4096,1,-1,0
334,334_adaptive_sequential_run14,adaptive,sequential,1778268848.047912,/big.txt,86507520,131072,sequential,1.0000,0.0000,0,1,86638592,4096,1,-1,0
334,334_adaptive_sequential_run14,adaptive,sequential,1778268848.0500817,/big.txt,86638592,131072,sequential,1.0000,0.0000,0,1,86769664,4096,1,-1,0
334,334_adaptive_sequential_run14,adaptive,sequential,1778268848.0522373,/big.txt,86769664,131072,sequential,1.0000,0.0000,0,1,86900736,4096,1,-1,0
334,334_adaptive_sequential_run14,adaptive,sequential,1778268848.0544024,/big.txt,86900736,131072,sequential,1.0000,0.0000,0,1,87031808,4096,1,-1,0
334,334_adaptive_sequential_run14,adaptive,sequential,1778268848.0565643,/big.txt,87031808,131072,sequential,1.0000,0.0000,0,1,87162880,4096,1,-1,0
334,334_adaptive_sequential_run14,adaptive,sequential,1778268848.0587163,/big.txt,87162880,131072,sequential,1.0000,0.0000,0,1,87293952,4096,1,-1,0
334,334_adaptive_sequential_run14,adaptive,sequential,1778268848.06088,/big.txt,87293952,131072,sequential,1.0000,0.0000,0,1,87425024,4096,1,-1,0
334,334_adaptive_sequential_run14,adaptive,sequential,1778268848.0631764,/big.txt,87425024,131072,sequential,1.0000,0.0000,0,1,87556096,4096,1,-1,0
334,334_adaptive_sequential_run14,adaptive,sequential,1778268848.065324,/big.txt,87556096,131072,sequential,1.0000,0.0000,0,1,87687168,4096,1,-1,0
334,334_adaptive_sequential_run14,adaptive,sequential,1778268848.067494,/big.txt,87687168,131072,sequential,1.0000,0.0000,0,1,87818240,4096,1,-1,0
334,334_adaptive_sequential_run14,adaptive,sequential,1778268848.0696528,/big.txt,87818240,131072,sequential,1.0000,0.0000,0,1,87949312,4096,1,-1,0
334,334_adaptive_sequential_run14,adaptive,sequential,1778268848.0718281,/big.txt,87949312,131072,sequential,1.0000,0.0000,0,1,88080384,4096,1,-1,0
334,334_adaptive_sequential_run14,adaptive,sequential,1778268848.0739787,/big.txt,88080384,131072,sequential,1.0000,0.0000,0,1,88211456,4096,1,-1,0
334,334_adaptive_sequential_run14,adaptive,sequential,1778268848.0761511,/big.txt,88211456,131072,sequential,1.0000,0.0000,0,1,88342528,4096,1,-1,0
334,334_adaptive_sequential_run14,adaptive,sequential,1778268848.0783124,/big.txt,88342528,131072,sequential,1.0000,0.0000,0,1,88473600,4096,1,-1,0
334,334_adaptive_sequential_run14,adaptive,sequential,1778268848.080456,/big.txt,88473600,131072,sequential,1.0000,0.0000,0,1,88604672,4096,1,-1,0
334,334_adaptive_sequential_run14,adaptive,sequential,1778268848.0826151,/big.txt,88604672,131072,sequential,1.0000,0.0000,0,1,88735744,4096,1,-1,0
334,334_adaptive_sequential_run14,adaptive,sequential,1778268848.0849576,/big.txt,88735744,131072,sequential,1.0000,0.0000,0,1,88866816,4096,1,-1,0
334,334_adaptive_sequential_run14,adaptive,sequential,1778268848.0871325,/big.txt,88866816,131072,sequential,1.0000,0.0000,0,1,88997888,4096,1,-1,0
334,334_adaptive_sequential_run14,adaptive,sequential,1778268848.089309,/big.txt,88997888,131072,sequential,1.0000,0.0000,0,1,89128960,4096,1,-1,0
334,334_adaptive_sequential_run14,adaptive,sequential,1778268848.0914502,/big.txt,89128960,131072,sequential,1.0000,0.0000,0,1,89260032,4096,1,-1,0
334,334_adaptive_sequential_run14,adaptive,sequential,1778268848.0936024,/big.txt,89260032,131072,sequential,1.0000,0.0000,0,1,89391104,4096,1,-1,0
334,334_adaptive_sequential_run14,adaptive,sequential,1778268848.09578,/big.txt,89391104,131072,sequential,1.0000,0.0000,0,1,89522176,4096,1,-1,0
334,334_adaptive_sequential_run14,adaptive,sequential,1778268848.0979297,/big.txt,89522176,131072,sequential,1.0000,0.0000,0,1,89653248,4096,1,-1,0
334,334_adaptive_sequential_run14,adaptive,sequential,1778268848.1000886,/big.txt,89653248,131072,sequential,1.0000,0.0000,0,1,89784320,4096,1,-1,0
334,334_adaptive_sequential_run14,adaptive,sequential,1778268848.1022537,/big.txt,89784320,131072,sequential,1.0000,0.0000,0,1,89915392,4096,1,-1,0
334,334_adaptive_sequential_run14,adaptive,sequential,1778268848.1044378,/big.txt,89915392,131072,sequential,1.0000,0.0000,0,1,90046464,4096,1,-1,0
334,334_adaptive_sequential_run14,adaptive,sequential,1778268848.1065881,/big.txt,90046464,131072,sequential,1.0000,0.0000,0,1,90177536,4096,1,-1,0
334,334_adaptive_sequential_run14,adaptive,sequential,1778268848.108772,/big.txt,90177536,131072,sequential,1.0000,0.0000,0,1,90308608,4096,1,-1,0
334,334_adaptive_sequential_run14,adaptive,sequential,1778268848.1109445,/big.txt,90308608,131072,sequential,1.0000,0.0000,0,1,90439680,4096,1,-1,0
334,334_adaptive_sequential_run14,adaptive,sequential,1778268848.1131127,/big.txt,90439680,131072,sequential,1.0000,0.0000,0,1,90570752,4096,1,-1,0
334,334_adaptive_sequential_run14,adaptive,sequential,1778268848.1154053,/big.txt,90570752,131072,sequential,1.0000,0.0000,0,1,90701824,4096,1,-1,0
334,334_adaptive_sequential_run14,adaptive,sequential,1778268848.1175678,/big.txt,90701824,131072,sequential,1.0000,0.0000,0,1,90832896,4096,1,-1,0
334,334_adaptive_sequential_run14,adaptive,sequential,1778268848.1197336,/big.txt,90832896,131072,sequential,1.0000,0.0000,0,1,90963968,4096,1,-1,0
334,334_adaptive_sequential_run14,adaptive,sequential,1778268848.121879,/big.txt,90963968,131072,sequential,1.0000,0.0000,0,1,91095040,4096,1,-1,0
334,334_adaptive_sequential_run14,adaptive,sequential,1778268848.124063,/big.txt,91095040,131072,sequential,1.0000,0.0000,0,1,91226112,4096,1,-1,0
334,334_adaptive_sequential_run14,adaptive,sequential,1778268848.1262267,/big.txt,91226112,131072,sequential,1.0000,0.0000,0,1,91357184,4096,1,-1,0
334,334_adaptive_sequential_run14,adaptive,sequential,1778268848.1283922,/big.txt,91357184,131072,sequential,1.0000,0.0000,0,1,91488256,4096,1,-1,0
334,334_adaptive_sequential_run14,adaptive,sequential,1778268848.1305506,/big.txt,91488256,131072,sequential,1.0000,0.0000,0,1,91619328,4096,1,-1,0
334,334_adaptive_sequential_run14,adaptive,sequential,1778268848.1327758,/big.txt,91619328,131072,sequential,1.0000,0.0000,0,1,91750400,4096,1,-1,0
334,334_adaptive_sequential_run14,adaptive,sequential,1778268848.1356544,/big.txt,91750400,131072,sequential,1.0000,0.0000,0,1,91881472,4096,1,-1,0
334,334_adaptive_sequential_run14,adaptive,sequential,1778268848.137821,/big.txt,91881472,131072,sequential,1.0000,0.0000,0,1,92012544,4096,1,-1,0
334,334_adaptive_sequential_run14,adaptive,sequential,1778268848.1400096,/big.txt,92012544,131072,sequential,1.0000,0.0000,0,1,92143616,4096,1,-1,0
334,334_adaptive_sequential_run14,adaptive,sequential,1778268848.1421897,/big.txt,92143616,131072,sequential,1.0000,0.0000,0,1,92274688,4096,1,-1,0
334,334_adaptive_sequential_run14,adaptive,sequential,1778268848.1443832,/big.txt,92274688,131072,sequential,1.0000,0.0000,0,1,92405760,4096,1,-1,0
334,334_adaptive_sequential_run14,adaptive,sequential,1778268848.146548,/big.txt,92405760,131072,sequential,1.0000,0.0000,0,1,92536832,4096,1,-1,0
334,334_adaptive_sequential_run14,adaptive,sequential,1778268848.1488583,/big.txt,92536832,131072,sequential,1.0000,0.0000,0,1,92667904,4096,1,-1,0
334,334_adaptive_sequential_run14,adaptive,sequential,1778268848.1510131,/big.txt,92667904,131072,sequential,1.0000,0.0000,0,1,92798976,4096,1,-1,0
334,334_adaptive_sequential_run14,adaptive,sequential,1778268848.1531773,/big.txt,92798976,131072,sequential,1.0000,0.0000,0,1,92930048,4096,1,-1,0
334,334_adaptive_sequential_run14,adaptive,sequential,1778268848.155339,/big.txt,92930048,131072,sequential,1.0000,0.0000,0,1,93061120,4096,1,-1,0
334,334_adaptive_sequential_run14,adaptive,sequential,1778268848.1574762,/big.txt,93061120,131072,sequential,1.0000,0.0000,0,1,93192192,4096,1,-1,0
334,334_adaptive_sequential_run14,adaptive,sequential,1778268848.1596432,/big.txt,93192192,131072,sequential,1.0000,0.0000,0,1,93323264,4096,1,-1,0
334,334_adaptive_sequential_run14,adaptive,sequential,1778268848.1617947,/big.txt,93323264,131072,sequential,1.0000,0.0000,0,1,93454336,4096,1,-1,0
334,334_adaptive_sequential_run14,adaptive,sequential,1778268848.1639915,/big.txt,93454336,131072,sequential,1.0000,0.0000,0,1,93585408,4096,1,-1,0
334,334_adaptive_sequential_run14,adaptive,sequential,1778268848.1661522,/big.txt,93585408,131072,sequential,1.0000,0.0000,0,1,93716480,4096,1,-1,0
334,334_adaptive_sequential_run14,adaptive,sequential,1778268848.1683335,/big.txt,93716480,131072,sequential,1.0000,0.0000,0,1,93847552,4096,1,-1,0
334,334_adaptive_sequential_run14,adaptive,sequential,1778268848.1705065,/big.txt,93847552,131072,sequential,1.0000,0.0000,0,1,93978624,4096,1,-1,0
334,334_adaptive_sequential_run14,adaptive,sequential,1778268848.172677,/big.txt,93978624,131072,sequential,1.0000,0.0000,0,1,94109696,4096,1,-1,0
334,334_adaptive_sequential_run14,adaptive,sequential,1778268848.1748865,/big.txt,94109696,131072,sequential,1.0000,0.0000,0,1,94240768,4096,1,-1,0
334,334_adaptive_sequential_run14,adaptive,sequential,1778268848.1770544,/big.txt,94240768,131072,sequential,1.0000,0.0000,0,1,94371840,4096,1,-1,0
334,334_adaptive_sequential_run14,adaptive,sequential,1778268848.1793516,/big.txt,94371840,131072,sequential,1.0000,0.0000,0,1,94502912,4096,1,-1,0
334,334_adaptive_sequential_run14,adaptive,sequential,1778268848.1814945,/big.txt,94502912,131072,sequential,1.0000,0.0000,0,1,94633984,4096,1,-1,0
334,334_adaptive_sequential_run14,adaptive,sequential,1778268848.1836677,/big.txt,94633984,131072,sequential,1.0000,0.0000,0,1,94765056,4096,1,-1,0
334,334_adaptive_sequential_run14,adaptive,sequential,1778268848.185847,/big.txt,94765056,131072,sequential,1.0000,0.0000,0,1,94896128,4096,1,-1,0
334,334_adaptive_sequential_run14,adaptive,sequential,1778268848.1880271,/big.txt,94896128,131072,sequential,1.0000,0.0000,0,1,95027200,4096,1,-1,0
334,334_adaptive_sequential_run14,adaptive,sequential,1778268848.1902044,/big.txt,95027200,131072,sequential,1.0000,0.0000,0,1,95158272,4096,1,-1,0
334,334_adaptive_sequential_run14,adaptive,sequential,1778268848.1923714,/big.txt,95158272,131072,sequential,1.0000,0.0000,0,1,95289344,4096,1,-1,0
334,334_adaptive_sequential_run14,adaptive,sequential,1778268848.194532,/big.txt,95289344,131072,sequential,1.0000,0.0000,0,1,95420416,4096,1,-1,0
334,334_adaptive_sequential_run14,adaptive,sequential,1778268848.1966622,/big.txt,95420416,131072,sequential,1.0000,0.0000,0,1,95551488,4096,1,-1,0
334,334_adaptive_sequential_run14,adaptive,sequential,1778268848.1988034,/big.txt,95551488,131072,sequential,1.0000,0.0000,0,1,95682560,4096,1,-1,0
334,334_adaptive_sequential_run14,adaptive,sequential,1778268848.2009456,/big.txt,95682560,131072,sequential,1.0000,0.0000,0,1,95813632,4096,1,-1,0
334,334_adaptive_sequential_run14,adaptive,sequential,1778268848.2031167,/big.txt,95813632,131072,sequential,1.0000,0.0000,0,1,95944704,4096,1,-1,0
334,334_adaptive_sequential_run14,adaptive,sequential,1778268848.2052565,/big.txt,95944704,131072,sequential,1.0000,0.0000,0,1,96075776,4096,1,-1,0
334,334_adaptive_sequential_run14,adaptive,sequential,1778268848.2073913,/big.txt,96075776,131072,sequential,1.0000,0.0000,0,1,96206848,4096,1,-1,0
334,334_adaptive_sequential_run14,adaptive,sequential,1778268848.2095394,/big.txt,96206848,131072,sequential,1.0000,0.0000,0,1,96337920,4096,1,-1,0
334,334_adaptive_sequential_run14,adaptive,sequential,1778268848.2117145,/big.txt,96337920,131072,sequential,1.0000,0.0000,0,1,96468992,4096,1,-1,0
334,334_adaptive_sequential_run14,adaptive,sequential,1778268848.2138662,/big.txt,96468992,131072,sequential,1.0000,0.0000,0,1,96600064,4096,1,-1,0
334,334_adaptive_sequential_run14,adaptive,sequential,1778268848.216029,/big.txt,96600064,131072,sequential,1.0000,0.0000,0,1,96731136,4096,1,-1,0
334,334_adaptive_sequential_run14,adaptive,sequential,1778268848.218176,/big.txt,96731136,131072,sequential,1.0000,0.0000,0,1,96862208,4096,1,-1,0
334,334_adaptive_sequential_run14,adaptive,sequential,1778268848.220354,/big.txt,96862208,131072,sequential,1.0000,0.0000,0,1,96993280,4096,1,-1,0
334,334_adaptive_sequential_run14,adaptive,sequential,1778268848.2225134,/big.txt,96993280,131072,sequential,1.0000,0.0000,0,1,97124352,4096,1,-1,0
334,334_adaptive_sequential_run14,adaptive,sequential,1778268848.2246492,/big.txt,97124352,131072,sequential,1.0000,0.0000,0,1,97255424,4096,1,-1,0
334,334_adaptive_sequential_run14,adaptive,sequential,1778268848.2267969,/big.txt,97255424,131072,sequential,1.0000,0.0000,0,1,97386496,4096,1,-1,0
334,334_adaptive_sequential_run14,adaptive,sequential,1778268848.2288604,/big.txt,97386496,131072,sequential,1.0000,0.0000,0,1,97517568,4096,1,-1,0
334,334_adaptive_sequential_run14,adaptive,sequential,1778268848.2310476,/big.txt,97517568,131072,sequential,1.0000,0.0000,0,1,97648640,4096,1,-1,0
334,334_adaptive_sequential_run14,adaptive,sequential,1778268848.2352648,/big.txt,97648640,131072,sequential,1.0000,0.0000,0,1,97779712,4096,1,-1,0
334,334_adaptive_sequential_run14,adaptive,sequential,1778268848.239454,/big.txt,97779712,131072,sequential,1.0000,0.0000,0,1,97910784,4096,1,-1,0
334,334_adaptive_sequential_run14,adaptive,sequential,1778268848.2431293,/big.txt,97910784,131072,sequential,1.0000,0.0000,0,1,98041856,4096,1,-1,0
334,334_adaptive_sequential_run14,adaptive,sequential,1778268848.2452013,/big.txt,98041856,131072,sequential,1.0000,0.0000,0,1,98172928,4096,1,-1,0
334,334_adaptive_sequential_run14,adaptive,sequential,1778268848.2473626,/big.txt,98172928,131072,sequential,1.0000,0.0000,0,1,98304000,4096,1,-1,0
334,334_adaptive_sequential_run14,adaptive,sequential,1778268848.2494266,/big.txt,98304000,131072,sequential,1.0000,0.0000,0,1,98435072,4096,1,-1,0
334,334_adaptive_sequential_run14,adaptive,sequential,1778268848.251502,/big.txt,98435072,131072,sequential,1.0000,0.0000,0,1,98566144,4096,1,-1,0
334,334_adaptive_sequential_run14,adaptive,sequential,1778268848.2535608,/big.txt,98566144,131072,sequential,1.0000,0.0000,0,1,98697216,4096,1,-1,0
334,334_adaptive_sequential_run14,adaptive,sequential,1778268848.255647,/big.txt,98697216,131072,sequential,1.0000,0.0000,0,1,98828288,4096,1,-1,0
334,334_adaptive_sequential_run14,adaptive,sequential,1778268848.257709,/big.txt,98828288,131072,sequential,1.0000,0.0000,0,1,98959360,4096,1,-1,0
334,334_adaptive_sequential_run14,adaptive,sequential,1778268848.2598128,/big.txt,98959360,131072,sequential,1.0000,0.0000,0,1,99090432,4096,1,-1,0
334,334_adaptive_sequential_run14,adaptive,sequential,1778268848.2618845,/big.txt,99090432,131072,sequential,1.0000,0.0000,0,1,99221504,4096,1,-1,0
334,334_adaptive_sequential_run14,adaptive,sequential,1778268848.263963,/big.txt,99221504,131072,sequential,1.0000,0.0000,0,1,99352576,4096,1,-1,0
334,334_adaptive_sequential_run14,adaptive,sequential,1778268848.2660425,/big.txt,99352576,131072,sequential,1.0000,0.0000,0,1,99483648,4096,1,-1,0
334,334_adaptive_sequential_run14,adaptive,sequential,1778268848.268134,/big.txt,99483648,131072,sequential,1.0000,0.0000,0,1,99614720,4096,1,-1,0
334,334_adaptive_sequential_run14,adaptive,sequential,1778268848.2702096,/big.txt,99614720,131072,sequential,1.0000,0.0000,0,1,99745792,4096,1,-1,0
334,334_adaptive_sequential_run14,adaptive,sequential,1778268848.272289,/big.txt,99745792,131072,sequential,1.0000,0.0000,0,1,99876864,4096,1,-1,0
334,334_adaptive_sequential_run14,adaptive,sequential,1778268848.2743495,/big.txt,99876864,131072,sequential,1.0000,0.0000,0,1,100007936,4096,1,-1,0
334,334_adaptive_sequential_run14,adaptive,sequential,1778268848.2764223,/big.txt,100007936,131072,sequential,1.0000,0.0000,0,1,100139008,4096,1,-1,0
334,334_adaptive_sequential_run14,adaptive,sequential,1778268848.2785008,/big.txt,100139008,131072,sequential,1.0000,0.0000,0,1,100270080,4096,1,-1,0
334,334_adaptive_sequential_run14,adaptive,sequential,1778268848.2805762,/big.txt,100270080,131072,sequential,1.0000,0.0000,0,1,100401152,4096,1,-1,0
334,334_adaptive_sequential_run14,adaptive,sequential,1778268848.2826273,/big.txt,100401152,131072,sequential,1.0000,0.0000,0,1,100532224,4096,1,-1,0
334,334_adaptive_sequential_run14,adaptive,sequential,1778268848.2847133,/big.txt,100532224,131072,sequential,1.0000,0.0000,0,1,100663296,4096,1,-1,0
334,334_adaptive_sequential_run14,adaptive,sequential,1778268848.2868738,/big.txt,100663296,131072,sequential,1.0000,0.0000,0,1,100794368,4096,1,-1,0
334,334_adaptive_sequential_run14,adaptive,sequential,1778268848.2889225,/big.txt,100794368,131072,sequential,1.0000,0.0000,0,1,100925440,4096,1,-1,0
334,334_adaptive_sequential_run14,adaptive,sequential,1778268848.29101,/big.txt,100925440,131072,sequential,1.0000,0.0000,0,1,101056512,4096,1,-1,0
334,334_adaptive_sequential_run14,adaptive,sequential,1778268848.2930744,/big.txt,101056512,131072,sequential,1.0000,0.0000,0,1,101187584,4096,1,-1,0
334,334_adaptive_sequential_run14,adaptive,sequential,1778268848.2952464,/big.txt,101187584,131072,sequential,1.0000,0.0000,0,1,101318656,4096,1,-1,0
334,334_adaptive_sequential_run14,adaptive,sequential,1778268848.297329,/big.txt,101318656,131072,sequential,1.0000,0.0000,0,1,101449728,4096,1,-1,0
334,334_adaptive_sequential_run14,adaptive,sequential,1778268848.2994146,/big.txt,101449728,131072,sequential,1.0000,0.0000,0,1,101580800,4096,1,-1,0
334,334_adaptive_sequential_run14,adaptive,sequential,1778268848.3014877,/big.txt,101580800,131072,sequential,1.0000,0.0000,0,1,101711872,4096,1,-1,0
334,334_adaptive_sequential_run14,adaptive,sequential,1778268848.3035722,/big.txt,101711872,131072,sequential,1.0000,0.0000,0,1,101842944,4096,1,-1,0
334,334_adaptive_sequential_run14,adaptive,sequential,1778268848.305635,/big.txt,101842944,131072,sequential,1.0000,0.0000,0,1,101974016,4096,1,-1,0
334,334_adaptive_sequential_run14,adaptive,sequential,1778268848.307725,/big.txt,101974016,131072,sequential,1.0000,0.0000,0,1,102105088,4096,1,-1,0
334,334_adaptive_sequential_run14,adaptive,sequential,1778268848.309787,/big.txt,102105088,131072,sequential,1.0000,0.0000,0,1,102236160,4096,1,-1,0
334,334_adaptive_sequential_run14,adaptive,sequential,1778268848.3118732,/big.txt,102236160,131072,sequential,1.0000,0.0000,0,1,102367232,4096,1,-1,0
334,334_adaptive_sequential_run14,adaptive,sequential,1778268848.313931,/big.txt,102367232,131072,sequential,1.0000,0.0000,0,1,102498304,4096,1,-1,0
334,334_adaptive_sequential_run14,adaptive,sequential,1778268848.3160179,/big.txt,102498304,131072,sequential,1.0000,0.0000,0,1,102629376,4096,1,-1,0
334,334_adaptive_sequential_run14,adaptive,sequential,1778268848.318099,/big.txt,102629376,131072,sequential,1.0000,0.0000,0,1,102760448,4096,1,-1,0
334,334_adaptive_sequential_run14,adaptive,sequential,1778268848.3201835,/big.txt,102760448,131072,sequential,1.0000,0.0000,0,1,102891520,4096,1,-1,0
334,334_adaptive_sequential_run14,adaptive,sequential,1778268848.3222513,/big.txt,102891520,131072,sequential,1.0000,0.0000,0,1,103022592,4096,1,-1,0
334,334_adaptive_sequential_run14,adaptive,sequential,1778268848.3243701,/big.txt,103022592,131072,sequential,1.0000,0.0000,0,1,103153664,4096,1,-1,0
334,334_adaptive_sequential_run14,adaptive,sequential,1778268848.3264291,/big.txt,103153664,131072,sequential,1.0000,0.0000,0,1,103284736,4096,1,-1,0
334,334_adaptive_sequential_run14,adaptive,sequential,1778268848.3285117,/big.txt,103284736,131072,sequential,1.0000,0.0000,0,1,103415808,4096,1,-1,0
334,334_adaptive_sequential_run14,adaptive,sequential,1778268848.3305757,/big.txt,103415808,131072,sequential,1.0000,0.0000,0,1,103546880,4096,1,-1,0
334,334_adaptive_sequential_run14,adaptive,sequential,1778268848.3326814,/big.txt,103546880,131072,sequential,1.0000,0.0000,0,1,103677952,4096,1,-1,0
334,334_adaptive_sequential_run14,adaptive,sequential,1778268848.3347383,/big.txt,103677952,131072,sequential,1.0000,0.0000,0,1,103809024,4096,1,-1,0
334,334_adaptive_sequential_run14,adaptive,sequential,1778268848.33686,/big.txt,103809024,131072,sequential,1.0000,0.0000,0,1,103940096,4096,1,-1,0
334,334_adaptive_sequential_run14,adaptive,sequential,1778268848.3389263,/big.txt,103940096,131072,sequential,1.0000,0.0000,0,1,104071168,4096,1,-1,0
334,334_adaptive_sequential_run14,adaptive,sequential,1778268848.3409798,/big.txt,104071168,131072,sequential,1.0000,0.0000,0,1,104202240,4096,1,-1,0
334,334_adaptive_sequential_run14,adaptive,sequential,1778268848.3430533,/big.txt,104202240,131072,sequential,1.0000,0.0000,0,1,104333312,4096,1,-1,0
334,334_adaptive_sequential_run14,adaptive,sequential,1778268848.34512,/big.txt,104333312,131072,sequential,1.0000,0.0000,0,1,104464384,4096,1,-1,0
334,334_adaptive_sequential_run14,adaptive,sequential,1778268848.347231,/big.txt,104464384,131072,sequential,1.0000,0.0000,0,1,104595456,4096,1,-1,0
334,334_adaptive_sequential_run14,adaptive,sequential,1778268848.349297,/big.txt,104595456,131072,sequential,1.0000,0.0000,0,1,104726528,4096,1,-1,0
334,334_adaptive_sequential_run14,adaptive,sequential,1778268848.3513777,/big.txt,104726528,131072,sequential,1.0000,0.0000,0,1,104857600,4096,1,-1,0
334,334_adaptive_sequential_run14,adaptive,sequential,1778268848.3515534,/big.txt,104857600,0,sequential,1.0000,0.0000,0,0,,,1,0,0
