run_index,run_label,mode,workload,seq,timestamp,path,offset,size
368,368_adaptive_phase_change_run08,adaptive,phase_change,1,1778259546.4658198,/big.txt,0,131072
368,368_adaptive_phase_change_run08,adaptive,phase_change,2,1778259546.4664955,/big.txt,131072,131072
368,368_adaptive_phase_change_run08,adaptive,phase_change,3,1778259546.4669547,/big.txt,262144,131072
368,368_adaptive_phase_change_run08,adaptive,phase_change,4,1778259546.4673748,/big.txt,393216,131072
368,368_adaptive_phase_change_run08,adaptive,phase_change,5,1778259546.4677927,/big.txt,524288,131072
368,368_adaptive_phase_change_run08,adaptive,phase_change,6,1778259546.468163,/big.txt,655360,131072
368,368_adaptive_phase_change_run08,adaptive,phase_change,7,1778259546.468502,/big.txt,786432,131072
368,368_adaptive_phase_change_run08,adaptive,phase_change,8,1778259546.468813,/big.txt,917504,131072
368,368_adaptive_phase_change_run08,adaptive,phase_change,9,1778259546.4693775,/big.txt,1048576,131072
368,368_adaptive_phase_change_run08,adaptive,phase_change,10,1778259546.4696882,/big.txt,1179648,131072
368,368_adaptive_phase_change_run08,adaptive,phase_change,11,1778259546.4699695,/big.txt,1310720,131072
368,368_adaptive_phase_change_run08,adaptive,phase_change,12,1778259546.4702487,/big.txt,1441792,131072
368,368_adaptive_phase_change_run08,adaptive,phase_change,13,1778259546.4705255,/big.txt,1572864,131072
368,368_adaptive_phase_change_run08,adaptive,phase_change,14,1778259546.4708178,/big.txt,1703936,131072
368,368_adaptive_phase_change_run08,adaptive,phase_change,15,1778259546.4711168,/big.txt,1835008,131072
368,368_adaptive_phase_change_run08,adaptive,phase_change,16,1778259546.4714131,/big.txt,1966080,131072
368,368_adaptive_phase_change_run08,adaptive,phase_change,17,1778259546.4716954,/big.txt,2097152,131072
368,368_adaptive_phase_change_run08,adaptive,phase_change,18,1778259546.4719691,/big.txt,2228224,131072
368,368_adaptive_phase_change_run08,adaptive,phase_change,19,1778259546.4722552,/big.txt,2359296,131072
368,368_adaptive_phase_change_run08,adaptive,phase_change,20,1778259546.472534,/big.txt,2490368,131072
368,368_adaptive_phase_change_run08,adaptive,phase_change,21,1778259546.4728134,/big.txt,2621440,131072
368,368_adaptive_phase_change_run08,adaptive,phase_change,22,1778259546.473088,/big.txt,2752512,131072
368,368_adaptive_phase_change_run08,adaptive,phase_change,23,1778259546.473345,/big.txt,2883584,131072
368,368_adaptive_phase_change_run08,adaptive,phase_change,24,1778259546.47361,/big.txt,3014656,131072
368,368_adaptive_phase_change_run08,adaptive,phase_change,25,1778259546.4738667,/big.txt,3145728,131072
368,368_adaptive_phase_change_run08,adaptive,phase_change,26,1778259546.4741323,/big.txt,3276800,131072
368,368_adaptive_phase_change_run08,adaptive,phase_change,27,1778259546.474397,/big.txt,3407872,131072
368,368_adaptive_phase_change_run08,adaptive,phase_change,28,1778259546.474656,/big.txt,3538944,131072
368,368_adaptive_phase_change_run08,adaptive,phase_change,29,1778259546.4749384,/big.txt,3670016,131072
368,368_adaptive_phase_change_run08,adaptive,phase_change,30,1778259546.4752347,/big.txt,3801088,131072
368,368_adaptive_phase_change_run08,adaptive,phase_change,31,1778259546.4754896,/big.txt,3932160,131072
368,368_adaptive_phase_change_run08,adaptive,phase_change,32,1778259546.4757302,/big.txt,4063232,131072
368,368_adaptive_phase_change_run08,adaptive,phase_change,33,1778259546.4759672,/big.txt,4194304,131072
368,368_adaptive_phase_change_run08,adaptive,phase_change,34,1778259546.4762154,/big.txt,4325376,131072
368,368_adaptive_phase_change_run08,adaptive,phase_change,35,1778259546.4764557,/big.txt,4456448,131072
368,368_adaptive_phase_change_run08,adaptive,phase_change,36,1778259546.4766965,/big.txt,4587520,131072
368,368_adaptive_phase_change_run08,adaptive,phase_change,37,1778259546.4769347,/big.txt,4718592,131072
368,368_adaptive_phase_change_run08,adaptive,phase_change,38,1778259546.477173,/big.txt,4849664,131072
368,368_adaptive_phase_change_run08,adaptive,phase_change,39,1778259546.477417,/big.txt,4980736,131072
368,368_adaptive_phase_change_run08,adaptive,phase_change,40,1778259546.4776728,/big.txt,5111808,131072
368,368_adaptive_phase_change_run08,adaptive,phase_change,41,1778259546.477885,/big.txt,5242880,131072
368,368_adaptive_phase_change_run08,adaptive,phase_change,42,1778259546.4781315,/big.txt,5373952,131072
368,368_adaptive_phase_change_run08,adaptive,phase_change,43,1778259546.4783692,/big.txt,5505024,131072
368,368_adaptive_phase_change_run08,adaptive,phase_change,44,1778259546.4786139,/big.txt,5636096,131072
368,368_adaptive_phase_change_run08,adaptive,phase_change,45,1778259546.4788492,/big.txt,5767168,131072
368,368_adaptive_phase_change_run08,adaptive,phase_change,46,1778259546.479104,/big.txt,5898240,131072
368,368_adaptive_phase_change_run08,adaptive,phase_change,47,1778259546.4793422,/big.txt,6029312,131072
368,368_adaptive_phase_change_run08,adaptive,phase_change,48,1778259546.4795878,/big.txt,6160384,131072
368,368_adaptive_phase_change_run08,adaptive,phase_change,49,1778259546.4798288,/big.txt,6291456,131072
368,368_adaptive_phase_change_run08,adaptive,phase_change,50,1778259546.4800723,/big.txt,6422528,131072
368,368_adaptive_phase_change_run08,adaptive,phase_change,51,1778259546.4803197,/big.txt,6553600,131072
368,368_adaptive_phase_change_run08,adaptive,phase_change,52,1778259546.4805603,/big.txt,6684672,131072
368,368_adaptive_phase_change_run08,adaptive,phase_change,53,1778259546.4808033,/big.txt,6815744,131072
368,368_adaptive_phase_change_run08,adaptive,phase_change,54,1778259546.481042,/big.txt,6946816,131072
368,368_adaptive_phase_change_run08,adaptive,phase_change,55,1778259546.4812808,/big.txt,7077888,131072
368,368_adaptive_phase_change_run08,adaptive,phase_change,56,1778259546.4815185,/big.txt,7208960,131072
368,368_adaptive_phase_change_run08,adaptive,phase_change,57,1778259546.4817424,/big.txt,7340032,131072
368,368_adaptive_phase_change_run08,adaptive,phase_change,58,1778259546.481958,/big.txt,7471104,131072
368,368_adaptive_phase_change_run08,adaptive,phase_change,59,1778259546.4821968,/big.txt,7602176,131072
368,368_adaptive_phase_change_run08,adaptive,phase_change,60,1778259546.4824347,/big.txt,7733248,131072
368,368_adaptive_phase_change_run08,adaptive,phase_change,61,1778259546.4826734,/big.txt,7864320,131072
368,368_adaptive_phase_change_run08,adaptive,phase_change,62,1778259546.482926,/big.txt,7995392,131072
368,368_adaptive_phase_change_run08,adaptive,phase_change,63,1778259546.483179,/big.txt,8126464,131072
368,368_adaptive_phase_change_run08,adaptive,phase_change,64,1778259546.4834197,/big.txt,8257536,131072
368,368_adaptive_phase_change_run08,adaptive,phase_change,65,1778259546.4836595,/big.txt,8388608,131072
368,368_adaptive_phase_change_run08,adaptive,phase_change,66,1778259546.4839063,/big.txt,8519680,131072
368,368_adaptive_phase_change_run08,adaptive,phase_change,67,1778259546.4841533,/big.txt,8650752,131072
368,368_adaptive_phase_change_run08,adaptive,phase_change,68,1778259546.484394,/big.txt,8781824,131072
368,368_adaptive_phase_change_run08,adaptive,phase_change,69,1778259546.484634,/big.txt,8912896,131072
368,368_adaptive_phase_change_run08,adaptive,phase_change,70,1778259546.484872,/big.txt,9043968,131072
368,368_adaptive_phase_change_run08,adaptive,phase_change,71,1778259546.4851134,/big.txt,9175040,131072
368,368_adaptive_phase_change_run08,adaptive,phase_change,72,1778259546.4853504,/big.txt,9306112,131072
368,368_adaptive_phase_change_run08,adaptive,phase_change,73,1778259546.4855874,/big.txt,9437184,131072
368,368_adaptive_phase_change_run08,adaptive,phase_change,74,1778259546.4858022,/big.txt,9568256,131072
368,368_adaptive_phase_change_run08,adaptive,phase_change,75,1778259546.4860156,/big.txt,9699328,131072
368,368_adaptive_phase_change_run08,adaptive,phase_change,76,1778259546.486253,/big.txt,9830400,131072
368,368_adaptive_phase_change_run08,adaptive,phase_change,77,1778259546.4865024,/big.txt,9961472,131072
368,368_adaptive_phase_change_run08,adaptive,phase_change,78,1778259546.486755,/big.txt,10092544,131072
368,368_adaptive_phase_change_run08,adaptive,phase_change,79,1778259546.4870272,/big.txt,10223616,131072
368,368_adaptive_phase_change_run08,adaptive,phase_change,80,1778259546.4872713,/big.txt,10354688,131072
368,368_adaptive_phase_change_run08,adaptive,phase_change,81,1778259546.4875135,/big.txt,10485760,131072
368,368_adaptive_phase_change_run08,adaptive,phase_change,82,1778259546.4877658,/big.txt,10616832,131072
368,368_adaptive_phase_change_run08,adaptive,phase_change,83,1778259546.4880164,/big.txt,10747904,131072
368,368_adaptive_phase_change_run08,adaptive,phase_change,84,1778259546.4882586,/big.txt,10878976,131072
368,368_adaptive_phase_change_run08,adaptive,phase_change,85,1778259546.4885087,/big.txt,11010048,131072
368,368_adaptive_phase_change_run08,adaptive,phase_change,86,1778259546.4887578,/big.txt,11141120,131072
368,368_adaptive_phase_change_run08,adaptive,phase_change,87,1778259546.4889965,/big.txt,11272192,131072
368,368_adaptive_phase_change_run08,adaptive,phase_change,88,1778259546.4892378,/big.txt,11403264,131072
368,368_adaptive_phase_change_run08,adaptive,phase_change,89,1778259546.489478,/big.txt,11534336,131072
368,368_adaptive_phase_change_run08,adaptive,phase_change,90,1778259546.4896991,/big.txt,11665408,131072
368,368_adaptive_phase_change_run08,adaptive,phase_change,91,1778259546.4899142,/big.txt,11796480,131072
368,368_adaptive_phase_change_run08,adaptive,phase_change,92,1778259546.49016,/big.txt,11927552,131072
368,368_adaptive_phase_change_run08,adaptive,phase_change,93,1778259546.4904032,/big.txt,12058624,131072
368,368_adaptive_phase_change_run08,adaptive,phase_change,94,1778259546.4906511,/big.txt,12189696,131072
368,368_adaptive_phase_change_run08,adaptive,phase_change,95,1778259546.4909203,/big.txt,12320768,131072
368,368_adaptive_phase_change_run08,adaptive,phase_change,96,1778259546.4911752,/big.txt,12451840,131072
368,368_adaptive_phase_change_run08,adaptive,phase_change,97,1778259546.4914184,/big.txt,12582912,131072
368,368_adaptive_phase_change_run08,adaptive,phase_change,98,1778259546.4916685,/big.txt,12713984,131072
368,368_adaptive_phase_change_run08,adaptive,phase_change,99,1778259546.4919105,/big.txt,12845056,131072
368,368_adaptive_phase_change_run08,adaptive,phase_change,100,1778259546.4921565,/big.txt,12976128,131072
368,368_adaptive_phase_change_run08,adaptive,phase_change,101,1778259546.4923983,/big.txt,13107200,131072
368,368_adaptive_phase_change_run08,adaptive,phase_change,102,1778259546.4926414,/big.txt,13238272,131072
368,368_adaptive_phase_change_run08,adaptive,phase_change,103,1778259546.4928827,/big.txt,13369344,131072
368,368_adaptive_phase_change_run08,adaptive,phase_change,104,1778259546.4931235,/big.txt,13500416,131072
368,368_adaptive_phase_change_run08,adaptive,phase_change,105,1778259546.4933643,/big.txt,13631488,131072
368,368_adaptive_phase_change_run08,adaptive,phase_change,106,1778259546.4936097,/big.txt,13762560,131072
368,368_adaptive_phase_change_run08,adaptive,phase_change,107,1778259546.493849,/big.txt,13893632,131072
368,368_adaptive_phase_change_run08,adaptive,phase_change,108,1778259546.4940968,/big.txt,14024704,131072
368,368_adaptive_phase_change_run08,adaptive,phase_change,109,1778259546.4943488,/big.txt,14155776,131072
368,368_adaptive_phase_change_run08,adaptive,phase_change,110,1778259546.494595,/big.txt,14286848,131072
368,368_adaptive_phase_change_run08,adaptive,phase_change,111,1778259546.494858,/big.txt,14417920,131072
368,368_adaptive_phase_change_run08,adaptive,phase_change,112,1778259546.4951098,/big.txt,14548992,131072
368,368_adaptive_phase_change_run08,adaptive,phase_change,113,1778259546.4953609,/big.txt,14680064,131072
368,368_adaptive_phase_change_run08,adaptive,phase_change,114,1778259546.4956028,/big.txt,14811136,131072
368,368_adaptive_phase_change_run08,adaptive,phase_change,115,1778259546.4958518,/big.txt,14942208,131072
368,368_adaptive_phase_change_run08,adaptive,phase_change,116,1778259546.4960966,/big.txt,15073280,131072
368,368_adaptive_phase_change_run08,adaptive,phase_change,117,1778259546.4963362,/big.txt,15204352,131072
368,368_adaptive_phase_change_run08,adaptive,phase_change,118,1778259546.4965887,/big.txt,15335424,131072
368,368_adaptive_phase_change_run08,adaptive,phase_change,119,1778259546.4968317,/big.txt,15466496,131072
368,368_adaptive_phase_change_run08,adaptive,phase_change,120,1778259546.4970725,/big.txt,15597568,131072
368,368_adaptive_phase_change_run08,adaptive,phase_change,121,1778259546.4973142,/big.txt,15728640,131072
368,368_adaptive_phase_change_run08,adaptive,phase_change,122,1778259546.497566,/big.txt,15859712,131072
368,368_adaptive_phase_change_run08,adaptive,phase_change,123,1778259546.497807,/big.txt,15990784,131072
368,368_adaptive_phase_change_run08,adaptive,phase_change,124,1778259546.4980538,/big.txt,16121856,131072
368,368_adaptive_phase_change_run08,adaptive,phase_change,125,1778259546.4982953,/big.txt,16252928,131072
368,368_adaptive_phase_change_run08,adaptive,phase_change,126,1778259546.498543,/big.txt,16384000,131072
368,368_adaptive_phase_change_run08,adaptive,phase_change,127,1778259546.4987924,/big.txt,16515072,131072
368,368_adaptive_phase_change_run08,adaptive,phase_change,128,1778259546.499038,/big.txt,16646144,131072
368,368_adaptive_phase_change_run08,adaptive,phase_change,129,1778259546.4992807,/big.txt,16777216,131072
368,368_adaptive_phase_change_run08,adaptive,phase_change,130,1778259546.499523,/big.txt,16908288,131072
368,368_adaptive_phase_change_run08,adaptive,phase_change,131,1778259546.4997735,/big.txt,17039360,131072
368,368_adaptive_phase_change_run08,adaptive,phase_change,132,1778259546.5000162,/big.txt,17170432,131072
368,368_adaptive_phase_change_run08,adaptive,phase_change,133,1778259546.5002599,/big.txt,17301504,131072
368,368_adaptive_phase_change_run08,adaptive,phase_change,134,1778259546.500503,/big.txt,17432576,131072
368,368_adaptive_phase_change_run08,adaptive,phase_change,135,1778259546.5007517,/big.txt,17563648,131072
368,368_adaptive_phase_change_run08,adaptive,phase_change,136,1778259546.5009937,/big.txt,17694720,131072
368,368_adaptive_phase_change_run08,adaptive,phase_change,137,1778259546.5012348,/big.txt,17825792,131072
368,368_adaptive_phase_change_run08,adaptive,phase_change,138,1778259546.5014765,/big.txt,17956864,131072
368,368_adaptive_phase_change_run08,adaptive,phase_change,139,1778259546.5017178,/big.txt,18087936,131072
368,368_adaptive_phase_change_run08,adaptive,phase_change,140,1778259546.5019746,/big.txt,18219008,131072
368,368_adaptive_phase_change_run08,adaptive,phase_change,141,1778259546.502224,/big.txt,18350080,131072
368,368_adaptive_phase_change_run08,adaptive,phase_change,142,1778259546.5024679,/big.txt,18481152,131072
368,368_adaptive_phase_change_run08,adaptive,phase_change,143,1778259546.5027106,/big.txt,18612224,131072
368,368_adaptive_phase_change_run08,adaptive,phase_change,144,1778259546.5029671,/big.txt,18743296,131072
368,368_adaptive_phase_change_run08,adaptive,phase_change,145,1778259546.5032115,/big.txt,18874368,131072
368,368_adaptive_phase_change_run08,adaptive,phase_change,146,1778259546.5034537,/big.txt,19005440,131072
368,368_adaptive_phase_change_run08,adaptive,phase_change,147,1778259546.5037074,/big.txt,19136512,131072
368,368_adaptive_phase_change_run08,adaptive,phase_change,148,1778259546.5039566,/big.txt,19267584,131072
368,368_adaptive_phase_change_run08,adaptive,phase_change,149,1778259546.5041997,/big.txt,19398656,131072
368,368_adaptive_phase_change_run08,adaptive,phase_change,150,1778259546.504419,/big.txt,19529728,131072
368,368_adaptive_phase_change_run08,adaptive,phase_change,151,1778259546.5046227,/big.txt,19660800,131072
368,368_adaptive_phase_change_run08,adaptive,phase_change,152,1778259546.5048254,/big.txt,19791872,131072
368,368_adaptive_phase_change_run08,adaptive,phase_change,153,1778259546.505024,/big.txt,19922944,131072
368,368_adaptive_phase_change_run08,adaptive,phase_change,154,1778259546.5052183,/big.txt,20054016,131072
368,368_adaptive_phase_change_run08,adaptive,phase_change,155,1778259546.505419,/big.txt,20185088,131072
368,368_adaptive_phase_change_run08,adaptive,phase_change,156,1778259546.5056236,/big.txt,20316160,131072
368,368_adaptive_phase_change_run08,adaptive,phase_change,157,1778259546.5058186,/big.txt,20447232,131072
368,368_adaptive_phase_change_run08,adaptive,phase_change,158,1778259546.5060184,/big.txt,20578304,131072
368,368_adaptive_phase_change_run08,adaptive,phase_change,159,1778259546.5062137,/big.txt,20709376,131072
368,368_adaptive_phase_change_run08,adaptive,phase_change,160,1778259546.5064092,/big.txt,20840448,131072
368,368_adaptive_phase_change_run08,adaptive,phase_change,161,1778259546.5066037,/big.txt,20971520,131072
368,368_adaptive_phase_change_run08,adaptive,phase_change,162,1778259546.506818,/big.txt,21102592,131072
368,368_adaptive_phase_change_run08,adaptive,phase_change,163,1778259546.5070198,/big.txt,21233664,131072
368,368_adaptive_phase_change_run08,adaptive,phase_change,164,1778259546.5072188,/big.txt,21364736,131072
368,368_adaptive_phase_change_run08,adaptive,phase_change,165,1778259546.5074139,/big.txt,21495808,131072
368,368_adaptive_phase_change_run08,adaptive,phase_change,166,1778259546.5076103,/big.txt,21626880,131072
368,368_adaptive_phase_change_run08,adaptive,phase_change,167,1778259546.5078075,/big.txt,21757952,131072
368,368_adaptive_phase_change_run08,adaptive,phase_change,168,1778259546.508011,/big.txt,21889024,131072
368,368_adaptive_phase_change_run08,adaptive,phase_change,169,1778259546.5082068,/big.txt,22020096,131072
368,368_adaptive_phase_change_run08,adaptive,phase_change,170,1778259546.5084035,/big.txt,22151168,131072
368,368_adaptive_phase_change_run08,adaptive,phase_change,171,1778259546.5085995,/big.txt,22282240,131072
368,368_adaptive_phase_change_run08,adaptive,phase_change,172,1778259546.5087962,/big.txt,22413312,131072
368,368_adaptive_phase_change_run08,adaptive,phase_change,173,1778259546.5089982,/big.txt,22544384,131072
368,368_adaptive_phase_change_run08,adaptive,phase_change,174,1778259546.5091953,/big.txt,22675456,131072
368,368_adaptive_phase_change_run08,adaptive,phase_change,175,1778259546.5093808,/big.txt,22806528,131072
368,368_adaptive_phase_change_run08,adaptive,phase_change,176,1778259546.5095477,/big.txt,22937600,131072
368,368_adaptive_phase_change_run08,adaptive,phase_change,177,1778259546.5097141,/big.txt,23068672,131072
368,368_adaptive_phase_change_run08,adaptive,phase_change,178,1778259546.5098875,/big.txt,23199744,131072
368,368_adaptive_phase_change_run08,adaptive,phase_change,179,1778259546.5100315,/big.txt,23330816,131072
368,368_adaptive_phase_change_run08,adaptive,phase_change,180,1778259546.510175,/big.txt,23461888,131072
368,368_adaptive_phase_change_run08,adaptive,phase_change,181,1778259546.5102992,/big.txt,23592960,131072
368,368_adaptive_phase_change_run08,adaptive,phase_change,182,1778259546.5103843,/big.txt,23724032,131072
368,368_adaptive_phase_change_run08,adaptive,phase_change,183,1778259546.5104692,/big.txt,23855104,131072
368,368_adaptive_phase_change_run08,adaptive,phase_change,184,1778259546.5105543,/big.txt,23986176,131072
368,368_adaptive_phase_change_run08,adaptive,phase_change,185,1778259546.5106394,/big.txt,24117248,131072
368,368_adaptive_phase_change_run08,adaptive,phase_change,186,1778259546.5107245,/big.txt,24248320,131072
368,368_adaptive_phase_change_run08,adaptive,phase_change,187,1778259546.5108368,/big.txt,24379392,131072
368,368_adaptive_phase_change_run08,adaptive,phase_change,188,1778259546.5109348,/big.txt,24510464,131072
368,368_adaptive_phase_change_run08,adaptive,phase_change,189,1778259546.5110185,/big.txt,24641536,131072
368,368_adaptive_phase_change_run08,adaptive,phase_change,190,1778259546.5111012,/big.txt,24772608,131072
368,368_adaptive_phase_change_run08,adaptive,phase_change,191,1778259546.5111842,/big.txt,24903680,131072
368,368_adaptive_phase_change_run08,adaptive,phase_change,192,1778259546.5112667,/big.txt,25034752,131072
368,368_adaptive_phase_change_run08,adaptive,phase_change,193,1778259546.5113487,/big.txt,25165824,131072
368,368_adaptive_phase_change_run08,adaptive,phase_change,194,1778259546.5114312,/big.txt,25296896,131072
368,368_adaptive_phase_change_run08,adaptive,phase_change,195,1778259546.5115178,/big.txt,25427968,131072
368,368_adaptive_phase_change_run08,adaptive,phase_change,196,1778259546.5116034,/big.txt,25559040,131072
368,368_adaptive_phase_change_run08,adaptive,phase_change,197,1778259546.5116866,/big.txt,25690112,131072
368,368_adaptive_phase_change_run08,adaptive,phase_change,198,1778259546.5117693,/big.txt,25821184,131072
368,368_adaptive_phase_change_run08,adaptive,phase_change,199,1778259546.5118525,/big.txt,25952256,131072
368,368_adaptive_phase_change_run08,adaptive,phase_change,200,1778259546.5119357,/big.txt,26083328,131072
368,368_adaptive_phase_change_run08,adaptive,phase_change,201,1778259546.5120227,/big.txt,26214400,131072
368,368_adaptive_phase_change_run08,adaptive,phase_change,202,1778259546.5121086,/big.txt,26345472,131072
368,368_adaptive_phase_change_run08,adaptive,phase_change,203,1778259546.5121965,/big.txt,26476544,131072
368,368_adaptive_phase_change_run08,adaptive,phase_change,204,1778259546.5122802,/big.txt,26607616,131072
368,368_adaptive_phase_change_run08,adaptive,phase_change,205,1778259546.512368,/big.txt,26738688,131072
368,368_adaptive_phase_change_run08,adaptive,phase_change,206,1778259546.5124524,/big.txt,26869760,131072
368,368_adaptive_phase_change_run08,adaptive,phase_change,207,1778259546.5125353,/big.txt,27000832,131072
368,368_adaptive_phase_change_run08,adaptive,phase_change,208,1778259546.512619,/big.txt,27131904,131072
368,368_adaptive_phase_change_run08,adaptive,phase_change,209,1778259546.5127022,/big.txt,27262976,131072
368,368_adaptive_phase_change_run08,adaptive,phase_change,210,1778259546.512789,/big.txt,27394048,131072
368,368_adaptive_phase_change_run08,adaptive,phase_change,211,1778259546.5128717,/big.txt,27525120,131072
368,368_adaptive_phase_change_run08,adaptive,phase_change,212,1778259546.512954,/big.txt,27656192,131072
368,368_adaptive_phase_change_run08,adaptive,phase_change,213,1778259546.5130377,/big.txt,27787264,131072
368,368_adaptive_phase_change_run08,adaptive,phase_change,214,1778259546.5131204,/big.txt,27918336,131072
368,368_adaptive_phase_change_run08,adaptive,phase_change,215,1778259546.5132031,/big.txt,28049408,131072
368,368_adaptive_phase_change_run08,adaptive,phase_change,216,1778259546.5132864,/big.txt,28180480,131072
368,368_adaptive_phase_change_run08,adaptive,phase_change,217,1778259546.5133696,/big.txt,28311552,131072
368,368_adaptive_phase_change_run08,adaptive,phase_change,218,1778259546.513452,/big.txt,28442624,131072
368,368_adaptive_phase_change_run08,adaptive,phase_change,219,1778259546.513535,/big.txt,28573696,131072
368,368_adaptive_phase_change_run08,adaptive,phase_change,220,1778259546.5136182,/big.txt,28704768,131072
368,368_adaptive_phase_change_run08,adaptive,phase_change,221,1778259546.5137012,/big.txt,28835840,131072
368,368_adaptive_phase_change_run08,adaptive,phase_change,222,1778259546.513783,/big.txt,28966912,131072
368,368_adaptive_phase_change_run08,adaptive,phase_change,223,1778259546.513869,/big.txt,29097984,131072
368,368_adaptive_phase_change_run08,adaptive,phase_change,224,1778259546.5139556,/big.txt,29229056,131072
368,368_adaptive_phase_change_run08,adaptive,phase_change,225,1778259546.514039,/big.txt,29360128,131072
368,368_adaptive_phase_change_run08,adaptive,phase_change,226,1778259546.514122,/big.txt,29491200,131072
368,368_adaptive_phase_change_run08,adaptive,phase_change,227,1778259546.514205,/big.txt,29622272,131072
368,368_adaptive_phase_change_run08,adaptive,phase_change,228,1778259546.5142884,/big.txt,29753344,131072
368,368_adaptive_phase_change_run08,adaptive,phase_change,229,1778259546.5143719,/big.txt,29884416,131072
368,368_adaptive_phase_change_run08,adaptive,phase_change,230,1778259546.514455,/big.txt,30015488,131072
368,368_adaptive_phase_change_run08,adaptive,phase_change,231,1778259546.514538,/big.txt,30146560,131072
368,368_adaptive_phase_change_run08,adaptive,phase_change,232,1778259546.5146217,/big.txt,30277632,131072
368,368_adaptive_phase_change_run08,adaptive,phase_change,233,1778259546.5147095,/big.txt,30408704,131072
368,368_adaptive_phase_change_run08,adaptive,phase_change,234,1778259546.5148156,/big.txt,30539776,131072
368,368_adaptive_phase_change_run08,adaptive,phase_change,235,1778259546.5149176,/big.txt,30670848,131072
368,368_adaptive_phase_change_run08,adaptive,phase_change,236,1778259546.5150049,/big.txt,30801920,131072
368,368_adaptive_phase_change_run08,adaptive,phase_change,237,1778259546.51509,/big.txt,30932992,131072
368,368_adaptive_phase_change_run08,adaptive,phase_change,238,1778259546.5151734,/big.txt,31064064,131072
368,368_adaptive_phase_change_run08,adaptive,phase_change,239,1778259546.5152578,/big.txt,31195136,131072
368,368_adaptive_phase_change_run08,adaptive,phase_change,240,1778259546.5153422,/big.txt,31326208,131072
368,368_adaptive_phase_change_run08,adaptive,phase_change,241,1778259546.5154262,/big.txt,31457280,131072
368,368_adaptive_phase_change_run08,adaptive,phase_change,242,1778259546.515512,/big.txt,31588352,131072
368,368_adaptive_phase_change_run08,adaptive,phase_change,243,1778259546.5155973,/big.txt,31719424,131072
368,368_adaptive_phase_change_run08,adaptive,phase_change,244,1778259546.515682,/big.txt,31850496,131072
368,368_adaptive_phase_change_run08,adaptive,phase_change,245,1778259546.5157666,/big.txt,31981568,131072
368,368_adaptive_phase_change_run08,adaptive,phase_change,246,1778259546.515851,/big.txt,32112640,131072
368,368_adaptive_phase_change_run08,adaptive,phase_change,247,1778259546.515938,/big.txt,32243712,131072
368,368_adaptive_phase_change_run08,adaptive,phase_change,248,1778259546.5160224,/big.txt,32374784,131072
368,368_adaptive_phase_change_run08,adaptive,phase_change,249,1778259546.516107,/big.txt,32505856,131072
368,368_adaptive_phase_change_run08,adaptive,phase_change,250,1778259546.5161924,/big.txt,32636928,131072
368,368_adaptive_phase_change_run08,adaptive,phase_change,251,1778259546.5162816,/big.txt,32768000,131072
368,368_adaptive_phase_change_run08,adaptive,phase_change,252,1778259546.5163665,/big.txt,32899072,131072
368,368_adaptive_phase_change_run08,adaptive,phase_change,253,1778259546.5164504,/big.txt,33030144,131072
368,368_adaptive_phase_change_run08,adaptive,phase_change,254,1778259546.5165343,/big.txt,33161216,131072
368,368_adaptive_phase_change_run08,adaptive,phase_change,255,1778259546.5166187,/big.txt,33292288,131072
368,368_adaptive_phase_change_run08,adaptive,phase_change,256,1778259546.516703,/big.txt,33423360,131072
368,368_adaptive_phase_change_run08,adaptive,phase_change,257,1778259546.5167878,/big.txt,33554432,131072
368,368_adaptive_phase_change_run08,adaptive,phase_change,258,1778259546.5168722,/big.txt,33685504,131072
368,368_adaptive_phase_change_run08,adaptive,phase_change,259,1778259546.5169582,/big.txt,33816576,131072
368,368_adaptive_phase_change_run08,adaptive,phase_change,260,1778259546.5170429,/big.txt,33947648,131072
368,368_adaptive_phase_change_run08,adaptive,phase_change,261,1778259546.5171287,/big.txt,34078720,131072
368,368_adaptive_phase_change_run08,adaptive,phase_change,262,1778259546.5172133,/big.txt,34209792,131072
368,368_adaptive_phase_change_run08,adaptive,phase_change,263,1778259546.5172977,/big.txt,34340864,131072
368,368_adaptive_phase_change_run08,adaptive,phase_change,264,1778259546.5173826,/big.txt,34471936,131072
368,368_adaptive_phase_change_run08,adaptive,phase_change,265,1778259546.5174668,/big.txt,34603008,131072
368,368_adaptive_phase_change_run08,adaptive,phase_change,266,1778259546.5175517,/big.txt,34734080,131072
368,368_adaptive_phase_change_run08,adaptive,phase_change,267,1778259546.5176358,/big.txt,34865152,131072
368,368_adaptive_phase_change_run08,adaptive,phase_change,268,1778259546.517722,/big.txt,34996224,131072
368,368_adaptive_phase_change_run08,adaptive,phase_change,269,1778259546.5178063,/big.txt,35127296,131072
368,368_adaptive_phase_change_run08,adaptive,phase_change,270,1778259546.517894,/big.txt,35258368,131072
368,368_adaptive_phase_change_run08,adaptive,phase_change,271,1778259546.5179825,/big.txt,35389440,131072
368,368_adaptive_phase_change_run08,adaptive,phase_change,272,1778259546.5180671,/big.txt,35520512,131072
368,368_adaptive_phase_change_run08,adaptive,phase_change,273,1778259546.5181515,/big.txt,35651584,131072
368,368_adaptive_phase_change_run08,adaptive,phase_change,274,1778259546.5182395,/big.txt,35782656,131072
368,368_adaptive_phase_change_run08,adaptive,phase_change,275,1778259546.5183258,/big.txt,35913728,131072
368,368_adaptive_phase_change_run08,adaptive,phase_change,276,1778259546.5184097,/big.txt,36044800,131072
368,368_adaptive_phase_change_run08,adaptive,phase_change,277,1778259546.5184941,/big.txt,36175872,131072
368,368_adaptive_phase_change_run08,adaptive,phase_change,278,1778259546.5185783,/big.txt,36306944,131072
368,368_adaptive_phase_change_run08,adaptive,phase_change,279,1778259546.5186682,/big.txt,36438016,131072
368,368_adaptive_phase_change_run08,adaptive,phase_change,280,1778259546.5187528,/big.txt,36569088,131072
368,368_adaptive_phase_change_run08,adaptive,phase_change,281,1778259546.5188832,/big.txt,36700160,131072
368,368_adaptive_phase_change_run08,adaptive,phase_change,282,1778259546.5189693,/big.txt,36831232,131072
368,368_adaptive_phase_change_run08,adaptive,phase_change,283,1778259546.5190535,/big.txt,36962304,131072
368,368_adaptive_phase_change_run08,adaptive,phase_change,284,1778259546.5191395,/big.txt,37093376,131072
368,368_adaptive_phase_change_run08,adaptive,phase_change,285,1778259546.5192242,/big.txt,37224448,131072
368,368_adaptive_phase_change_run08,adaptive,phase_change,286,1778259546.519308,/big.txt,37355520,131072
368,368_adaptive_phase_change_run08,adaptive,phase_change,287,1778259546.5193927,/big.txt,37486592,131072
368,368_adaptive_phase_change_run08,adaptive,phase_change,288,1778259546.5194771,/big.txt,37617664,131072
368,368_adaptive_phase_change_run08,adaptive,phase_change,289,1778259546.5195613,/big.txt,37748736,131072
368,368_adaptive_phase_change_run08,adaptive,phase_change,290,1778259546.5196464,/big.txt,37879808,131072
368,368_adaptive_phase_change_run08,adaptive,phase_change,291,1778259546.5197303,/big.txt,38010880,131072
368,368_adaptive_phase_change_run08,adaptive,phase_change,292,1778259546.5198147,/big.txt,38141952,131072
368,368_adaptive_phase_change_run08,adaptive,phase_change,293,1778259546.5199034,/big.txt,38273024,131072
368,368_adaptive_phase_change_run08,adaptive,phase_change,294,1778259546.5199883,/big.txt,38404096,131072
368,368_adaptive_phase_change_run08,adaptive,phase_change,295,1778259546.5200727,/big.txt,38535168,131072
368,368_adaptive_phase_change_run08,adaptive,phase_change,296,1778259546.5201573,/big.txt,38666240,131072
368,368_adaptive_phase_change_run08,adaptive,phase_change,297,1778259546.5202427,/big.txt,38797312,131072
368,368_adaptive_phase_change_run08,adaptive,phase_change,298,1778259546.5203269,/big.txt,38928384,131072
368,368_adaptive_phase_change_run08,adaptive,phase_change,299,1778259546.5204113,/big.txt,39059456,131072
368,368_adaptive_phase_change_run08,adaptive,phase_change,300,1778259546.5204976,/big.txt,39190528,131072
368,368_adaptive_phase_change_run08,adaptive,phase_change,301,1778259546.5205824,/big.txt,39321600,131072
368,368_adaptive_phase_change_run08,adaptive,phase_change,302,1778259546.520667,/big.txt,39452672,131072
368,368_adaptive_phase_change_run08,adaptive,phase_change,303,1778259546.520751,/big.txt,39583744,131072
368,368_adaptive_phase_change_run08,adaptive,phase_change,304,1778259546.5208359,/big.txt,39714816,131072
368,368_adaptive_phase_change_run08,adaptive,phase_change,305,1778259546.520923,/big.txt,39845888,131072
368,368_adaptive_phase_change_run08,adaptive,phase_change,306,1778259546.5210075,/big.txt,39976960,131072
368,368_adaptive_phase_change_run08,adaptive,phase_change,307,1778259546.5210958,/big.txt,40108032,131072
368,368_adaptive_phase_change_run08,adaptive,phase_change,308,1778259546.5211806,/big.txt,40239104,131072
368,368_adaptive_phase_change_run08,adaptive,phase_change,309,1778259546.5212655,/big.txt,40370176,131072
368,368_adaptive_phase_change_run08,adaptive,phase_change,310,1778259546.5213542,/big.txt,40501248,131072
368,368_adaptive_phase_change_run08,adaptive,phase_change,311,1778259546.5214384,/big.txt,40632320,131072
368,368_adaptive_phase_change_run08,adaptive,phase_change,312,1778259546.5215223,/big.txt,40763392,131072
368,368_adaptive_phase_change_run08,adaptive,phase_change,313,1778259546.5216062,/big.txt,40894464,131072
368,368_adaptive_phase_change_run08,adaptive,phase_change,314,1778259546.5216906,/big.txt,41025536,131072
368,368_adaptive_phase_change_run08,adaptive,phase_change,315,1778259546.5217774,/big.txt,41156608,131072
368,368_adaptive_phase_change_run08,adaptive,phase_change,316,1778259546.521862,/big.txt,41287680,131072
368,368_adaptive_phase_change_run08,adaptive,phase_change,317,1778259546.5219467,/big.txt,41418752,131072
368,368_adaptive_phase_change_run08,adaptive,phase_change,318,1778259546.5220304,/big.txt,41549824,131072
368,368_adaptive_phase_change_run08,adaptive,phase_change,319,1778259546.522114,/big.txt,41680896,131072
368,368_adaptive_phase_change_run08,adaptive,phase_change,320,1778259546.522198,/big.txt,41811968,131072
368,368_adaptive_phase_change_run08,adaptive,phase_change,321,1778259546.522282,/big.txt,41943040,131072
368,368_adaptive_phase_change_run08,adaptive,phase_change,322,1778259546.5223658,/big.txt,42074112,131072
368,368_adaptive_phase_change_run08,adaptive,phase_change,323,1778259546.5224504,/big.txt,42205184,131072
368,368_adaptive_phase_change_run08,adaptive,phase_change,324,1778259546.5225341,/big.txt,42336256,131072
368,368_adaptive_phase_change_run08,adaptive,phase_change,325,1778259546.5226178,/big.txt,42467328,131072
368,368_adaptive_phase_change_run08,adaptive,phase_change,326,1778259546.5227015,/big.txt,42598400,131072
368,368_adaptive_phase_change_run08,adaptive,phase_change,327,1778259546.52279,/big.txt,42729472,131072
368,368_adaptive_phase_change_run08,adaptive,phase_change,328,1778259546.5229132,/big.txt,42860544,131072
368,368_adaptive_phase_change_run08,adaptive,phase_change,329,1778259546.5229993,/big.txt,42991616,131072
368,368_adaptive_phase_change_run08,adaptive,phase_change,330,1778259546.5230837,/big.txt,43122688,131072
368,368_adaptive_phase_change_run08,adaptive,phase_change,331,1778259546.523169,/big.txt,43253760,131072
368,368_adaptive_phase_change_run08,adaptive,phase_change,332,1778259546.523259,/big.txt,43384832,131072
368,368_adaptive_phase_change_run08,adaptive,phase_change,333,1778259546.5233452,/big.txt,43515904,131072
368,368_adaptive_phase_change_run08,adaptive,phase_change,334,1778259546.5234306,/big.txt,43646976,131072
368,368_adaptive_phase_change_run08,adaptive,phase_change,335,1778259546.5235207,/big.txt,43778048,131072
368,368_adaptive_phase_change_run08,adaptive,phase_change,336,1778259546.5236065,/big.txt,43909120,131072
368,368_adaptive_phase_change_run08,adaptive,phase_change,337,1778259546.523694,/big.txt,44040192,131072
368,368_adaptive_phase_change_run08,adaptive,phase_change,338,1778259546.52378,/big.txt,44171264,131072
368,368_adaptive_phase_change_run08,adaptive,phase_change,339,1778259546.523868,/big.txt,44302336,131072
368,368_adaptive_phase_change_run08,adaptive,phase_change,340,1778259546.523953,/big.txt,44433408,131072
368,368_adaptive_phase_change_run08,adaptive,phase_change,341,1778259546.5240378,/big.txt,44564480,131072
368,368_adaptive_phase_change_run08,adaptive,phase_change,342,1778259546.5241237,/big.txt,44695552,131072
368,368_adaptive_phase_change_run08,adaptive,phase_change,343,1778259546.5242083,/big.txt,44826624,131072
368,368_adaptive_phase_change_run08,adaptive,phase_change,344,1778259546.5242944,/big.txt,44957696,131072
368,368_adaptive_phase_change_run08,adaptive,phase_change,345,1778259546.5243797,/big.txt,45088768,131072
368,368_adaptive_phase_change_run08,adaptive,phase_change,346,1778259546.5244644,/big.txt,45219840,131072
368,368_adaptive_phase_change_run08,adaptive,phase_change,347,1778259546.5245497,/big.txt,45350912,131072
368,368_adaptive_phase_change_run08,adaptive,phase_change,348,1778259546.5246396,/big.txt,45481984,131072
368,368_adaptive_phase_change_run08,adaptive,phase_change,349,1778259546.5247238,/big.txt,45613056,131072
368,368_adaptive_phase_change_run08,adaptive,phase_change,350,1778259546.5248084,/big.txt,45744128,131072
368,368_adaptive_phase_change_run08,adaptive,phase_change,351,1778259546.524894,/big.txt,45875200,131072
368,368_adaptive_phase_change_run08,adaptive,phase_change,352,1778259546.5249798,/big.txt,46006272,131072
368,368_adaptive_phase_change_run08,adaptive,phase_change,353,1778259546.5250657,/big.txt,46137344,131072
368,368_adaptive_phase_change_run08,adaptive,phase_change,354,1778259546.5251522,/big.txt,46268416,131072
368,368_adaptive_phase_change_run08,adaptive,phase_change,355,1778259546.5252419,/big.txt,46399488,131072
368,368_adaptive_phase_change_run08,adaptive,phase_change,356,1778259546.5253282,/big.txt,46530560,131072
368,368_adaptive_phase_change_run08,adaptive,phase_change,357,1778259546.5254145,/big.txt,46661632,131072
368,368_adaptive_phase_change_run08,adaptive,phase_change,358,1778259546.5255,/big.txt,46792704,131072
368,368_adaptive_phase_change_run08,adaptive,phase_change,359,1778259546.525586,/big.txt,46923776,131072
368,368_adaptive_phase_change_run08,adaptive,phase_change,360,1778259546.5256717,/big.txt,47054848,131072
368,368_adaptive_phase_change_run08,adaptive,phase_change,361,1778259546.5257578,/big.txt,47185920,131072
368,368_adaptive_phase_change_run08,adaptive,phase_change,362,1778259546.52585,/big.txt,47316992,131072
368,368_adaptive_phase_change_run08,adaptive,phase_change,363,1778259546.5259368,/big.txt,47448064,131072
368,368_adaptive_phase_change_run08,adaptive,phase_change,364,1778259546.5260274,/big.txt,47579136,131072
368,368_adaptive_phase_change_run08,adaptive,phase_change,365,1778259546.526113,/big.txt,47710208,131072
368,368_adaptive_phase_change_run08,adaptive,phase_change,366,1778259546.526198,/big.txt,47841280,131072
368,368_adaptive_phase_change_run08,adaptive,phase_change,367,1778259546.5262842,/big.txt,47972352,131072
368,368_adaptive_phase_change_run08,adaptive,phase_change,368,1778259546.52637,/big.txt,48103424,131072
368,368_adaptive_phase_change_run08,adaptive,phase_change,369,1778259546.526458,/big.txt,48234496,131072
368,368_adaptive_phase_change_run08,adaptive,phase_change,370,1778259546.5265443,/big.txt,48365568,131072
368,368_adaptive_phase_change_run08,adaptive,phase_change,371,1778259546.52663,/big.txt,48496640,131072
368,368_adaptive_phase_change_run08,adaptive,phase_change,372,1778259546.5267158,/big.txt,48627712,131072
368,368_adaptive_phase_change_run08,adaptive,phase_change,373,1778259546.526853,/big.txt,48758784,131072
368,368_adaptive_phase_change_run08,adaptive,phase_change,374,1778259546.5269406,/big.txt,48889856,131072
368,368_adaptive_phase_change_run08,adaptive,phase_change,375,1778259546.527027,/big.txt,49020928,131072
368,368_adaptive_phase_change_run08,adaptive,phase_change,376,1778259546.5271134,/big.txt,49152000,131072
368,368_adaptive_phase_change_run08,adaptive,phase_change,377,1778259546.5272002,/big.txt,49283072,131072
368,368_adaptive_phase_change_run08,adaptive,phase_change,378,1778259546.527287,/big.txt,49414144,131072
368,368_adaptive_phase_change_run08,adaptive,phase_change,379,1778259546.5273733,/big.txt,49545216,131072
368,368_adaptive_phase_change_run08,adaptive,phase_change,380,1778259546.5274599,/big.txt,49676288,131072
368,368_adaptive_phase_change_run08,adaptive,phase_change,381,1778259546.5275462,/big.txt,49807360,131072
368,368_adaptive_phase_change_run08,adaptive,phase_change,382,1778259546.5276318,/big.txt,49938432,131072
368,368_adaptive_phase_change_run08,adaptive,phase_change,383,1778259546.5277185,/big.txt,50069504,131072
368,368_adaptive_phase_change_run08,adaptive,phase_change,384,1778259546.527805,/big.txt,50200576,131072
368,368_adaptive_phase_change_run08,adaptive,phase_change,385,1778259546.527894,/big.txt,50331648,131072
368,368_adaptive_phase_change_run08,adaptive,phase_change,386,1778259546.5279846,/big.txt,50462720,131072
368,368_adaptive_phase_change_run08,adaptive,phase_change,387,1778259546.5280712,/big.txt,50593792,131072
368,368_adaptive_phase_change_run08,adaptive,phase_change,388,1778259546.5281577,/big.txt,50724864,131072
368,368_adaptive_phase_change_run08,adaptive,phase_change,389,1778259546.528244,/big.txt,50855936,131072
368,368_adaptive_phase_change_run08,adaptive,phase_change,390,1778259546.5283337,/big.txt,50987008,131072
368,368_adaptive_phase_change_run08,adaptive,phase_change,391,1778259546.5284212,/big.txt,51118080,131072
368,368_adaptive_phase_change_run08,adaptive,phase_change,392,1778259546.5285072,/big.txt,51249152,131072
368,368_adaptive_phase_change_run08,adaptive,phase_change,393,1778259546.5285943,/big.txt,51380224,131072
368,368_adaptive_phase_change_run08,adaptive,phase_change,394,1778259546.5286808,/big.txt,51511296,131072
368,368_adaptive_phase_change_run08,adaptive,phase_change,395,1778259546.5287669,/big.txt,51642368,131072
368,368_adaptive_phase_change_run08,adaptive,phase_change,396,1778259546.5288565,/big.txt,51773440,131072
368,368_adaptive_phase_change_run08,adaptive,phase_change,397,1778259546.5289428,/big.txt,51904512,131072
368,368_adaptive_phase_change_run08,adaptive,phase_change,398,1778259546.529029,/big.txt,52035584,131072
368,368_adaptive_phase_change_run08,adaptive,phase_change,399,1778259546.529116,/big.txt,52166656,131072
368,368_adaptive_phase_change_run08,adaptive,phase_change,400,1778259546.5292025,/big.txt,52297728,131072
368,368_adaptive_phase_change_run08,adaptive,phase_change,401,1778259546.5292928,/big.txt,52428800,131072
368,368_adaptive_phase_change_run08,adaptive,phase_change,402,1778259546.5293803,/big.txt,52559872,131072
368,368_adaptive_phase_change_run08,adaptive,phase_change,403,1778259546.5294695,/big.txt,52690944,131072
368,368_adaptive_phase_change_run08,adaptive,phase_change,404,1778259546.5295577,/big.txt,52822016,131072
368,368_adaptive_phase_change_run08,adaptive,phase_change,405,1778259546.5296447,/big.txt,52953088,131072
368,368_adaptive_phase_change_run08,adaptive,phase_change,406,1778259546.5297318,/big.txt,53084160,131072
368,368_adaptive_phase_change_run08,adaptive,phase_change,407,1778259546.5298216,/big.txt,53215232,131072
368,368_adaptive_phase_change_run08,adaptive,phase_change,408,1778259546.5299096,/big.txt,53346304,131072
368,368_adaptive_phase_change_run08,adaptive,phase_change,409,1778259546.5299964,/big.txt,53477376,131072
368,368_adaptive_phase_change_run08,adaptive,phase_change,410,1778259546.5300825,/big.txt,53608448,131072
368,368_adaptive_phase_change_run08,adaptive,phase_change,411,1778259546.5301695,/big.txt,53739520,131072
368,368_adaptive_phase_change_run08,adaptive,phase_change,412,1778259546.5302556,/big.txt,53870592,131072
368,368_adaptive_phase_change_run08,adaptive,phase_change,413,1778259546.5303435,/big.txt,54001664,131072
368,368_adaptive_phase_change_run08,adaptive,phase_change,414,1778259546.5304303,/big.txt,54132736,131072
368,368_adaptive_phase_change_run08,adaptive,phase_change,415,1778259546.5305164,/big.txt,54263808,131072
368,368_adaptive_phase_change_run08,adaptive,phase_change,416,1778259546.5306034,/big.txt,54394880,131072
368,368_adaptive_phase_change_run08,adaptive,phase_change,417,1778259546.5306902,/big.txt,54525952,131072
368,368_adaptive_phase_change_run08,adaptive,phase_change,418,1778259546.5307853,/big.txt,54657024,131072
368,368_adaptive_phase_change_run08,adaptive,phase_change,419,1778259546.53091,/big.txt,54788096,131072
368,368_adaptive_phase_change_run08,adaptive,phase_change,420,1778259546.5309963,/big.txt,54919168,131072
368,368_adaptive_phase_change_run08,adaptive,phase_change,421,1778259546.531084,/big.txt,55050240,131072
368,368_adaptive_phase_change_run08,adaptive,phase_change,422,1778259546.5311701,/big.txt,55181312,131072
368,368_adaptive_phase_change_run08,adaptive,phase_change,423,1778259546.5312579,/big.txt,55312384,131072
368,368_adaptive_phase_change_run08,adaptive,phase_change,424,1778259546.5313447,/big.txt,55443456,131072
368,368_adaptive_phase_change_run08,adaptive,phase_change,425,1778259546.5314355,/big.txt,55574528,131072
368,368_adaptive_phase_change_run08,adaptive,phase_change,426,1778259546.5315228,/big.txt,55705600,131072
368,368_adaptive_phase_change_run08,adaptive,phase_change,427,1778259546.531609,/big.txt,55836672,131072
368,368_adaptive_phase_change_run08,adaptive,phase_change,428,1778259546.531699,/big.txt,55967744,131072
368,368_adaptive_phase_change_run08,adaptive,phase_change,429,1778259546.5317862,/big.txt,56098816,131072
368,368_adaptive_phase_change_run08,adaptive,phase_change,430,1778259546.5318727,/big.txt,56229888,131072
368,368_adaptive_phase_change_run08,adaptive,phase_change,431,1778259546.531962,/big.txt,56360960,131072
368,368_adaptive_phase_change_run08,adaptive,phase_change,432,1778259546.532049,/big.txt,56492032,131072
368,368_adaptive_phase_change_run08,adaptive,phase_change,433,1778259546.5321386,/big.txt,56623104,131072
368,368_adaptive_phase_change_run08,adaptive,phase_change,434,1778259546.5322247,/big.txt,56754176,131072
368,368_adaptive_phase_change_run08,adaptive,phase_change,435,1778259546.5323112,/big.txt,56885248,131072
368,368_adaptive_phase_change_run08,adaptive,phase_change,436,1778259546.5323977,/big.txt,57016320,131072
368,368_adaptive_phase_change_run08,adaptive,phase_change,437,1778259546.5324843,/big.txt,57147392,131072
368,368_adaptive_phase_change_run08,adaptive,phase_change,438,1778259546.5325696,/big.txt,57278464,131072
368,368_adaptive_phase_change_run08,adaptive,phase_change,439,1778259546.5326555,/big.txt,57409536,131072
368,368_adaptive_phase_change_run08,adaptive,phase_change,440,1778259546.5327415,/big.txt,57540608,131072
368,368_adaptive_phase_change_run08,adaptive,phase_change,441,1778259546.5328283,/big.txt,57671680,131072
368,368_adaptive_phase_change_run08,adaptive,phase_change,442,1778259546.5329144,/big.txt,57802752,131072
368,368_adaptive_phase_change_run08,adaptive,phase_change,443,1778259546.5330014,/big.txt,57933824,131072
368,368_adaptive_phase_change_run08,adaptive,phase_change,444,1778259546.5330882,/big.txt,58064896,131072
368,368_adaptive_phase_change_run08,adaptive,phase_change,445,1778259546.5331802,/big.txt,58195968,131072
368,368_adaptive_phase_change_run08,adaptive,phase_change,446,1778259546.5332677,/big.txt,58327040,131072
368,368_adaptive_phase_change_run08,adaptive,phase_change,447,1778259546.533354,/big.txt,58458112,131072
368,368_adaptive_phase_change_run08,adaptive,phase_change,448,1778259546.5334406,/big.txt,58589184,131072
368,368_adaptive_phase_change_run08,adaptive,phase_change,449,1778259546.5335274,/big.txt,58720256,131072
368,368_adaptive_phase_change_run08,adaptive,phase_change,450,1778259546.5336137,/big.txt,58851328,131072
368,368_adaptive_phase_change_run08,adaptive,phase_change,451,1778259546.5337007,/big.txt,58982400,131072
368,368_adaptive_phase_change_run08,adaptive,phase_change,452,1778259546.5337873,/big.txt,59113472,131072
368,368_adaptive_phase_change_run08,adaptive,phase_change,453,1778259546.5338745,/big.txt,59244544,131072
368,368_adaptive_phase_change_run08,adaptive,phase_change,454,1778259546.5339644,/big.txt,59375616,131072
368,368_adaptive_phase_change_run08,adaptive,phase_change,455,1778259546.5340512,/big.txt,59506688,131072
368,368_adaptive_phase_change_run08,adaptive,phase_change,456,1778259546.5341375,/big.txt,59637760,131072
368,368_adaptive_phase_change_run08,adaptive,phase_change,457,1778259546.5342238,/big.txt,59768832,131072
368,368_adaptive_phase_change_run08,adaptive,phase_change,458,1778259546.534313,/big.txt,59899904,131072
368,368_adaptive_phase_change_run08,adaptive,phase_change,459,1778259546.5344045,/big.txt,60030976,131072
368,368_adaptive_phase_change_run08,adaptive,phase_change,460,1778259546.5345042,/big.txt,60162048,131072
368,368_adaptive_phase_change_run08,adaptive,phase_change,461,1778259546.5345917,/big.txt,60293120,131072
368,368_adaptive_phase_change_run08,adaptive,phase_change,462,1778259546.5346777,/big.txt,60424192,131072
368,368_adaptive_phase_change_run08,adaptive,phase_change,463,1778259546.5347688,/big.txt,60555264,131072
368,368_adaptive_phase_change_run08,adaptive,phase_change,464,1778259546.534892,/big.txt,60686336,131072
368,368_adaptive_phase_change_run08,adaptive,phase_change,465,1778259546.5349817,/big.txt,60817408,131072
368,368_adaptive_phase_change_run08,adaptive,phase_change,466,1778259546.5350668,/big.txt,60948480,131072
368,368_adaptive_phase_change_run08,adaptive,phase_change,467,1778259546.535153,/big.txt,61079552,131072
368,368_adaptive_phase_change_run08,adaptive,phase_change,468,1778259546.5352395,/big.txt,61210624,131072
368,368_adaptive_phase_change_run08,adaptive,phase_change,469,1778259546.5353255,/big.txt,61341696,131072
368,368_adaptive_phase_change_run08,adaptive,phase_change,470,1778259546.5354114,/big.txt,61472768,131072
368,368_adaptive_phase_change_run08,adaptive,phase_change,471,1778259546.5354981,/big.txt,61603840,131072
368,368_adaptive_phase_change_run08,adaptive,phase_change,472,1778259546.5355842,/big.txt,61734912,131072
368,368_adaptive_phase_change_run08,adaptive,phase_change,473,1778259546.5356746,/big.txt,61865984,131072
368,368_adaptive_phase_change_run08,adaptive,phase_change,474,1778259546.5357606,/big.txt,61997056,131072
368,368_adaptive_phase_change_run08,adaptive,phase_change,475,1778259546.5358462,/big.txt,62128128,131072
368,368_adaptive_phase_change_run08,adaptive,phase_change,476,1778259546.5359323,/big.txt,62259200,131072
368,368_adaptive_phase_change_run08,adaptive,phase_change,477,1778259546.5360222,/big.txt,62390272,131072
368,368_adaptive_phase_change_run08,adaptive,phase_change,478,1778259546.5361085,/big.txt,62521344,131072
368,368_adaptive_phase_change_run08,adaptive,phase_change,479,1778259546.5361958,/big.txt,62652416,131072
368,368_adaptive_phase_change_run08,adaptive,phase_change,480,1778259546.536282,/big.txt,62783488,131072
368,368_adaptive_phase_change_run08,adaptive,phase_change,481,1778259546.5363681,/big.txt,62914560,131072
368,368_adaptive_phase_change_run08,adaptive,phase_change,482,1778259546.5364544,/big.txt,63045632,131072
368,368_adaptive_phase_change_run08,adaptive,phase_change,483,1778259546.5365405,/big.txt,63176704,131072
368,368_adaptive_phase_change_run08,adaptive,phase_change,484,1778259546.536626,/big.txt,63307776,131072
368,368_adaptive_phase_change_run08,adaptive,phase_change,485,1778259546.5367122,/big.txt,63438848,131072
368,368_adaptive_phase_change_run08,adaptive,phase_change,486,1778259546.5367982,/big.txt,63569920,131072
368,368_adaptive_phase_change_run08,adaptive,phase_change,487,1778259546.5368845,/big.txt,63700992,131072
368,368_adaptive_phase_change_run08,adaptive,phase_change,488,1778259546.536971,/big.txt,63832064,131072
368,368_adaptive_phase_change_run08,adaptive,phase_change,489,1778259546.5370572,/big.txt,63963136,131072
368,368_adaptive_phase_change_run08,adaptive,phase_change,490,1778259546.5371444,/big.txt,64094208,131072
368,368_adaptive_phase_change_run08,adaptive,phase_change,491,1778259546.5372324,/big.txt,64225280,131072
368,368_adaptive_phase_change_run08,adaptive,phase_change,492,1778259546.5373192,/big.txt,64356352,131072
368,368_adaptive_phase_change_run08,adaptive,phase_change,493,1778259546.537405,/big.txt,64487424,131072
368,368_adaptive_phase_change_run08,adaptive,phase_change,494,1778259546.5374916,/big.txt,64618496,131072
368,368_adaptive_phase_change_run08,adaptive,phase_change,495,1778259546.5375774,/big.txt,64749568,131072
368,368_adaptive_phase_change_run08,adaptive,phase_change,496,1778259546.5376632,/big.txt,64880640,131072
368,368_adaptive_phase_change_run08,adaptive,phase_change,497,1778259546.5377526,/big.txt,65011712,131072
368,368_adaptive_phase_change_run08,adaptive,phase_change,498,1778259546.5378387,/big.txt,65142784,131072
368,368_adaptive_phase_change_run08,adaptive,phase_change,499,1778259546.5379272,/big.txt,65273856,131072
368,368_adaptive_phase_change_run08,adaptive,phase_change,500,1778259546.5380132,/big.txt,65404928,131072
368,368_adaptive_phase_change_run08,adaptive,phase_change,501,1778259546.5381026,/big.txt,65536000,131072
368,368_adaptive_phase_change_run08,adaptive,phase_change,502,1778259546.5381927,/big.txt,65667072,131072
368,368_adaptive_phase_change_run08,adaptive,phase_change,503,1778259546.5382798,/big.txt,65798144,131072
368,368_adaptive_phase_change_run08,adaptive,phase_change,504,1778259546.5383663,/big.txt,65929216,131072
368,368_adaptive_phase_change_run08,adaptive,phase_change,505,1778259546.5384526,/big.txt,66060288,131072
368,368_adaptive_phase_change_run08,adaptive,phase_change,506,1778259546.53854,/big.txt,66191360,131072
368,368_adaptive_phase_change_run08,adaptive,phase_change,507,1778259546.538626,/big.txt,66322432,131072
368,368_adaptive_phase_change_run08,adaptive,phase_change,508,1778259546.5387118,/big.txt,66453504,131072
368,368_adaptive_phase_change_run08,adaptive,phase_change,509,1778259546.5388265,/big.txt,66584576,131072
368,368_adaptive_phase_change_run08,adaptive,phase_change,510,1778259546.5389304,/big.txt,66715648,131072
368,368_adaptive_phase_change_run08,adaptive,phase_change,511,1778259546.5390174,/big.txt,66846720,131072
368,368_adaptive_phase_change_run08,adaptive,phase_change,512,1778259546.5391045,/big.txt,66977792,131072
368,368_adaptive_phase_change_run08,adaptive,phase_change,513,1778259546.539191,/big.txt,67108864,131072
368,368_adaptive_phase_change_run08,adaptive,phase_change,514,1778259546.5392785,/big.txt,67239936,131072
368,368_adaptive_phase_change_run08,adaptive,phase_change,515,1778259546.539366,/big.txt,67371008,131072
368,368_adaptive_phase_change_run08,adaptive,phase_change,516,1778259546.539453,/big.txt,67502080,131072
368,368_adaptive_phase_change_run08,adaptive,phase_change,517,1778259546.53954,/big.txt,67633152,131072
368,368_adaptive_phase_change_run08,adaptive,phase_change,518,1778259546.539627,/big.txt,67764224,131072
368,368_adaptive_phase_change_run08,adaptive,phase_change,519,1778259546.5397146,/big.txt,67895296,131072
368,368_adaptive_phase_change_run08,adaptive,phase_change,520,1778259546.539801,/big.txt,68026368,131072
368,368_adaptive_phase_change_run08,adaptive,phase_change,521,1778259546.5398881,/big.txt,68157440,131072
368,368_adaptive_phase_change_run08,adaptive,phase_change,522,1778259546.5399752,/big.txt,68288512,131072
368,368_adaptive_phase_change_run08,adaptive,phase_change,523,1778259546.540069,/big.txt,68419584,131072
368,368_adaptive_phase_change_run08,adaptive,phase_change,524,1778259546.5401564,/big.txt,68550656,131072
368,368_adaptive_phase_change_run08,adaptive,phase_change,525,1778259546.5402448,/big.txt,68681728,131072
368,368_adaptive_phase_change_run08,adaptive,phase_change,526,1778259546.5403318,/big.txt,68812800,131072
368,368_adaptive_phase_change_run08,adaptive,phase_change,527,1778259546.540419,/big.txt,68943872,131072
368,368_adaptive_phase_change_run08,adaptive,phase_change,528,1778259546.540506,/big.txt,69074944,131072
368,368_adaptive_phase_change_run08,adaptive,phase_change,529,1778259546.540602,/big.txt,69206016,131072
368,368_adaptive_phase_change_run08,adaptive,phase_change,530,1778259546.5406916,/big.txt,69337088,131072
368,368_adaptive_phase_change_run08,adaptive,phase_change,531,1778259546.5407796,/big.txt,69468160,131072
368,368_adaptive_phase_change_run08,adaptive,phase_change,532,1778259546.540867,/big.txt,69599232,131072
368,368_adaptive_phase_change_run08,adaptive,phase_change,533,1778259546.5409539,/big.txt,69730304,131072
368,368_adaptive_phase_change_run08,adaptive,phase_change,534,1778259546.5410416,/big.txt,69861376,131072
368,368_adaptive_phase_change_run08,adaptive,phase_change,535,1778259546.5411277,/big.txt,69992448,131072
368,368_adaptive_phase_change_run08,adaptive,phase_change,536,1778259546.541214,/big.txt,70123520,131072
368,368_adaptive_phase_change_run08,adaptive,phase_change,537,1778259546.5413003,/big.txt,70254592,131072
368,368_adaptive_phase_change_run08,adaptive,phase_change,538,1778259546.541387,/big.txt,70385664,131072
368,368_adaptive_phase_change_run08,adaptive,phase_change,539,1778259546.5414734,/big.txt,70516736,131072
368,368_adaptive_phase_change_run08,adaptive,phase_change,540,1778259546.5415645,/big.txt,70647808,131072
368,368_adaptive_phase_change_run08,adaptive,phase_change,541,1778259546.541651,/big.txt,70778880,131072
368,368_adaptive_phase_change_run08,adaptive,phase_change,542,1778259546.541738,/big.txt,70909952,131072
368,368_adaptive_phase_change_run08,adaptive,phase_change,543,1778259546.5418255,/big.txt,71041024,131072
368,368_adaptive_phase_change_run08,adaptive,phase_change,544,1778259546.541912,/big.txt,71172096,131072
368,368_adaptive_phase_change_run08,adaptive,phase_change,545,1778259546.5419986,/big.txt,71303168,131072
368,368_adaptive_phase_change_run08,adaptive,phase_change,546,1778259546.5420883,/big.txt,71434240,131072
368,368_adaptive_phase_change_run08,adaptive,phase_change,547,1778259546.5421755,/big.txt,71565312,131072
368,368_adaptive_phase_change_run08,adaptive,phase_change,548,1778259546.5422628,/big.txt,71696384,131072
368,368_adaptive_phase_change_run08,adaptive,phase_change,549,1778259546.5423496,/big.txt,71827456,131072
368,368_adaptive_phase_change_run08,adaptive,phase_change,550,1778259546.542436,/big.txt,71958528,131072
368,368_adaptive_phase_change_run08,adaptive,phase_change,551,1778259546.5425234,/big.txt,72089600,131072
368,368_adaptive_phase_change_run08,adaptive,phase_change,552,1778259546.5426111,/big.txt,72220672,131072
368,368_adaptive_phase_change_run08,adaptive,phase_change,553,1778259546.5427003,/big.txt,72351744,131072
368,368_adaptive_phase_change_run08,adaptive,phase_change,554,1778259546.542846,/big.txt,72482816,131072
368,368_adaptive_phase_change_run08,adaptive,phase_change,555,1778259546.542938,/big.txt,72613888,131072
368,368_adaptive_phase_change_run08,adaptive,phase_change,556,1778259546.54303,/big.txt,72744960,131072
368,368_adaptive_phase_change_run08,adaptive,phase_change,557,1778259546.5431175,/big.txt,72876032,131072
368,368_adaptive_phase_change_run08,adaptive,phase_change,558,1778259546.5432053,/big.txt,73007104,131072
368,368_adaptive_phase_change_run08,adaptive,phase_change,559,1778259546.5432928,/big.txt,73138176,131072
368,368_adaptive_phase_change_run08,adaptive,phase_change,560,1778259546.5433836,/big.txt,73269248,131072
368,368_adaptive_phase_change_run08,adaptive,phase_change,561,1778259546.543471,/big.txt,73400320,131072
368,368_adaptive_phase_change_run08,adaptive,phase_change,562,1778259546.5435584,/big.txt,73531392,131072
368,368_adaptive_phase_change_run08,adaptive,phase_change,563,1778259546.543647,/big.txt,73662464,131072
368,368_adaptive_phase_change_run08,adaptive,phase_change,564,1778259546.5437348,/big.txt,73793536,131072
368,368_adaptive_phase_change_run08,adaptive,phase_change,565,1778259546.543823,/big.txt,73924608,131072
368,368_adaptive_phase_change_run08,adaptive,phase_change,566,1778259546.5439105,/big.txt,74055680,131072
368,368_adaptive_phase_change_run08,adaptive,phase_change,567,1778259546.5439973,/big.txt,74186752,131072
368,368_adaptive_phase_change_run08,adaptive,phase_change,568,1778259546.5440848,/big.txt,74317824,131072
368,368_adaptive_phase_change_run08,adaptive,phase_change,569,1778259546.5441754,/big.txt,74448896,131072
368,368_adaptive_phase_change_run08,adaptive,phase_change,570,1778259546.5442631,/big.txt,74579968,131072
368,368_adaptive_phase_change_run08,adaptive,phase_change,571,1778259546.5443506,/big.txt,74711040,131072
368,368_adaptive_phase_change_run08,adaptive,phase_change,572,1778259546.5444381,/big.txt,74842112,131072
368,368_adaptive_phase_change_run08,adaptive,phase_change,573,1778259546.5445259,/big.txt,74973184,131072
368,368_adaptive_phase_change_run08,adaptive,phase_change,574,1778259546.5446134,/big.txt,75104256,131072
368,368_adaptive_phase_change_run08,adaptive,phase_change,575,1778259546.544701,/big.txt,75235328,131072
368,368_adaptive_phase_change_run08,adaptive,phase_change,576,1778259546.5447881,/big.txt,75366400,131072
368,368_adaptive_phase_change_run08,adaptive,phase_change,577,1778259546.5448756,/big.txt,75497472,131072
368,368_adaptive_phase_change_run08,adaptive,phase_change,578,1778259546.5449677,/big.txt,75628544,131072
368,368_adaptive_phase_change_run08,adaptive,phase_change,579,1778259546.545056,/big.txt,75759616,131072
368,368_adaptive_phase_change_run08,adaptive,phase_change,580,1778259546.5451431,/big.txt,75890688,131072
368,368_adaptive_phase_change_run08,adaptive,phase_change,581,1778259546.5452306,/big.txt,76021760,131072
368,368_adaptive_phase_change_run08,adaptive,phase_change,582,1778259546.5453188,/big.txt,76152832,131072
368,368_adaptive_phase_change_run08,adaptive,phase_change,583,1778259546.545407,/big.txt,76283904,131072
368,368_adaptive_phase_change_run08,adaptive,phase_change,584,1778259546.5454981,/big.txt,76414976,131072
368,368_adaptive_phase_change_run08,adaptive,phase_change,585,1778259546.545586,/big.txt,76546048,131072
368,368_adaptive_phase_change_run08,adaptive,phase_change,586,1778259546.545673,/big.txt,76677120,131072
368,368_adaptive_phase_change_run08,adaptive,phase_change,587,1778259546.5457652,/big.txt,76808192,131072
368,368_adaptive_phase_change_run08,adaptive,phase_change,588,1778259546.5458548,/big.txt,76939264,131072
368,368_adaptive_phase_change_run08,adaptive,phase_change,589,1778259546.545942,/big.txt,77070336,131072
368,368_adaptive_phase_change_run08,adaptive,phase_change,590,1778259546.5460305,/big.txt,77201408,131072
368,368_adaptive_phase_change_run08,adaptive,phase_change,591,1778259546.5461206,/big.txt,77332480,131072
368,368_adaptive_phase_change_run08,adaptive,phase_change,592,1778259546.546212,/big.txt,77463552,131072
368,368_adaptive_phase_change_run08,adaptive,phase_change,593,1778259546.5463,/big.txt,77594624,131072
368,368_adaptive_phase_change_run08,adaptive,phase_change,594,1778259546.5463877,/big.txt,77725696,131072
368,368_adaptive_phase_change_run08,adaptive,phase_change,595,1778259546.5464766,/big.txt,77856768,131072
368,368_adaptive_phase_change_run08,adaptive,phase_change,596,1778259546.5465648,/big.txt,77987840,131072
368,368_adaptive_phase_change_run08,adaptive,phase_change,597,1778259546.5466533,/big.txt,78118912,131072
368,368_adaptive_phase_change_run08,adaptive,phase_change,598,1778259546.5467415,/big.txt,78249984,131072
368,368_adaptive_phase_change_run08,adaptive,phase_change,599,1778259546.5468721,/big.txt,78381056,131072
368,368_adaptive_phase_change_run08,adaptive,phase_change,600,1778259546.5469606,/big.txt,78512128,131072
368,368_adaptive_phase_change_run08,adaptive,phase_change,601,1778259546.5470476,/big.txt,78643200,131072
368,368_adaptive_phase_change_run08,adaptive,phase_change,602,1778259546.547135,/big.txt,78774272,131072
368,368_adaptive_phase_change_run08,adaptive,phase_change,603,1778259546.5472224,/big.txt,78905344,131072
368,368_adaptive_phase_change_run08,adaptive,phase_change,604,1778259546.5473087,/big.txt,79036416,131072
368,368_adaptive_phase_change_run08,adaptive,phase_change,605,1778259546.547396,/big.txt,79167488,131072
368,368_adaptive_phase_change_run08,adaptive,phase_change,606,1778259546.5474823,/big.txt,79298560,131072
368,368_adaptive_phase_change_run08,adaptive,phase_change,607,1778259546.5475698,/big.txt,79429632,131072
368,368_adaptive_phase_change_run08,adaptive,phase_change,608,1778259546.5476575,/big.txt,79560704,131072
368,368_adaptive_phase_change_run08,adaptive,phase_change,609,1778259546.5477452,/big.txt,79691776,131072
368,368_adaptive_phase_change_run08,adaptive,phase_change,610,1778259546.5478327,/big.txt,79822848,131072
368,368_adaptive_phase_change_run08,adaptive,phase_change,611,1778259546.5479207,/big.txt,79953920,131072
368,368_adaptive_phase_change_run08,adaptive,phase_change,612,1778259546.548011,/big.txt,80084992,131072
368,368_adaptive_phase_change_run08,adaptive,phase_change,613,1778259546.5480983,/big.txt,80216064,131072
368,368_adaptive_phase_change_run08,adaptive,phase_change,614,1778259546.5481863,/big.txt,80347136,131072
368,368_adaptive_phase_change_run08,adaptive,phase_change,615,1778259546.5482767,/big.txt,80478208,131072
368,368_adaptive_phase_change_run08,adaptive,phase_change,616,1778259546.5483644,/big.txt,80609280,131072
368,368_adaptive_phase_change_run08,adaptive,phase_change,617,1778259546.5484557,/big.txt,80740352,131072
368,368_adaptive_phase_change_run08,adaptive,phase_change,618,1778259546.5485427,/big.txt,80871424,131072
368,368_adaptive_phase_change_run08,adaptive,phase_change,619,1778259546.5486336,/big.txt,81002496,131072
368,368_adaptive_phase_change_run08,adaptive,phase_change,620,1778259546.5487235,/big.txt,81133568,131072
368,368_adaptive_phase_change_run08,adaptive,phase_change,621,1778259546.5488105,/big.txt,81264640,131072
368,368_adaptive_phase_change_run08,adaptive,phase_change,622,1778259546.5488977,/big.txt,81395712,131072
368,368_adaptive_phase_change_run08,adaptive,phase_change,623,1778259546.5489845,/big.txt,81526784,131072
368,368_adaptive_phase_change_run08,adaptive,phase_change,624,1778259546.5490742,/big.txt,81657856,131072
368,368_adaptive_phase_change_run08,adaptive,phase_change,625,1778259546.5491614,/big.txt,81788928,131072
368,368_adaptive_phase_change_run08,adaptive,phase_change,626,1778259546.5492482,/big.txt,81920000,131072
368,368_adaptive_phase_change_run08,adaptive,phase_change,627,1778259546.5493348,/big.txt,82051072,131072
368,368_adaptive_phase_change_run08,adaptive,phase_change,628,1778259546.549422,/big.txt,82182144,131072
368,368_adaptive_phase_change_run08,adaptive,phase_change,629,1778259546.5495095,/big.txt,82313216,131072
368,368_adaptive_phase_change_run08,adaptive,phase_change,630,1778259546.5495963,/big.txt,82444288,131072
368,368_adaptive_phase_change_run08,adaptive,phase_change,631,1778259546.5496845,/big.txt,82575360,131072
368,368_adaptive_phase_change_run08,adaptive,phase_change,632,1778259546.5497718,/big.txt,82706432,131072
368,368_adaptive_phase_change_run08,adaptive,phase_change,633,1778259546.5498595,/big.txt,82837504,131072
368,368_adaptive_phase_change_run08,adaptive,phase_change,634,1778259546.5499463,/big.txt,82968576,131072
368,368_adaptive_phase_change_run08,adaptive,phase_change,635,1778259546.5500345,/big.txt,83099648,131072
368,368_adaptive_phase_change_run08,adaptive,phase_change,636,1778259546.550122,/big.txt,83230720,131072
368,368_adaptive_phase_change_run08,adaptive,phase_change,637,1778259546.55021,/big.txt,83361792,131072
368,368_adaptive_phase_change_run08,adaptive,phase_change,638,1778259546.5503004,/big.txt,83492864,131072
368,368_adaptive_phase_change_run08,adaptive,phase_change,639,1778259546.5503914,/big.txt,83623936,131072
368,368_adaptive_phase_change_run08,adaptive,phase_change,640,1778259546.55048,/big.txt,83755008,131072
368,368_adaptive_phase_change_run08,adaptive,phase_change,641,1778259546.5505667,/big.txt,83886080,131072
368,368_adaptive_phase_change_run08,adaptive,phase_change,642,1778259546.5506537,/big.txt,84017152,131072
368,368_adaptive_phase_change_run08,adaptive,phase_change,643,1778259546.5507412,/big.txt,84148224,131072
368,368_adaptive_phase_change_run08,adaptive,phase_change,644,1778259546.5508714,/big.txt,84279296,131072
368,368_adaptive_phase_change_run08,adaptive,phase_change,645,1778259546.55096,/big.txt,84410368,131072
368,368_adaptive_phase_change_run08,adaptive,phase_change,646,1778259546.5510483,/big.txt,84541440,131072
368,368_adaptive_phase_change_run08,adaptive,phase_change,647,1778259546.5511367,/big.txt,84672512,131072
368,368_adaptive_phase_change_run08,adaptive,phase_change,648,1778259546.5512245,/big.txt,84803584,131072
368,368_adaptive_phase_change_run08,adaptive,phase_change,649,1778259546.551312,/big.txt,84934656,131072
368,368_adaptive_phase_change_run08,adaptive,phase_change,650,1778259546.551399,/big.txt,85065728,131072
368,368_adaptive_phase_change_run08,adaptive,phase_change,651,1778259546.5514896,/big.txt,85196800,131072
368,368_adaptive_phase_change_run08,adaptive,phase_change,652,1778259546.55158,/big.txt,85327872,131072
368,368_adaptive_phase_change_run08,adaptive,phase_change,653,1778259546.5516675,/big.txt,85458944,131072
368,368_adaptive_phase_change_run08,adaptive,phase_change,654,1778259546.5517561,/big.txt,85590016,131072
368,368_adaptive_phase_change_run08,adaptive,phase_change,655,1778259546.5518482,/big.txt,85721088,131072
368,368_adaptive_phase_change_run08,adaptive,phase_change,656,1778259546.5519397,/big.txt,85852160,131072
368,368_adaptive_phase_change_run08,adaptive,phase_change,657,1778259546.5520284,/big.txt,85983232,131072
368,368_adaptive_phase_change_run08,adaptive,phase_change,658,1778259546.5521162,/big.txt,86114304,131072
368,368_adaptive_phase_change_run08,adaptive,phase_change,659,1778259546.5522041,/big.txt,86245376,131072
368,368_adaptive_phase_change_run08,adaptive,phase_change,660,1778259546.5522928,/big.txt,86376448,131072
368,368_adaptive_phase_change_run08,adaptive,phase_change,661,1778259546.5523834,/big.txt,86507520,131072
368,368_adaptive_phase_change_run08,adaptive,phase_change,662,1778259546.5524707,/big.txt,86638592,131072
368,368_adaptive_phase_change_run08,adaptive,phase_change,663,1778259546.5525582,/big.txt,86769664,131072
368,368_adaptive_phase_change_run08,adaptive,phase_change,664,1778259546.5526452,/big.txt,86900736,131072
368,368_adaptive_phase_change_run08,adaptive,phase_change,665,1778259546.5527325,/big.txt,87031808,131072
368,368_adaptive_phase_change_run08,adaptive,phase_change,666,1778259546.55282,/big.txt,87162880,131072
368,368_adaptive_phase_change_run08,adaptive,phase_change,667,1778259546.5529108,/big.txt,87293952,131072
368,368_adaptive_phase_change_run08,adaptive,phase_change,668,1778259546.5529983,/big.txt,87425024,131072
368,368_adaptive_phase_change_run08,adaptive,phase_change,669,1778259546.5530865,/big.txt,87556096,131072
368,368_adaptive_phase_change_run08,adaptive,phase_change,670,1778259546.5531735,/big.txt,87687168,131072
368,368_adaptive_phase_change_run08,adaptive,phase_change,671,1778259546.5532608,/big.txt,87818240,131072
368,368_adaptive_phase_change_run08,adaptive,phase_change,672,1778259546.5533483,/big.txt,87949312,131072
368,368_adaptive_phase_change_run08,adaptive,phase_change,673,1778259546.5534358,/big.txt,88080384,131072
368,368_adaptive_phase_change_run08,adaptive,phase_change,674,1778259546.5535243,/big.txt,88211456,131072
368,368_adaptive_phase_change_run08,adaptive,phase_change,675,1778259546.5536127,/big.txt,88342528,131072
368,368_adaptive_phase_change_run08,adaptive,phase_change,676,1778259546.5537002,/big.txt,88473600,131072
368,368_adaptive_phase_change_run08,adaptive,phase_change,677,1778259546.5537877,/big.txt,88604672,131072
368,368_adaptive_phase_change_run08,adaptive,phase_change,678,1778259546.5538752,/big.txt,88735744,131072
368,368_adaptive_phase_change_run08,adaptive,phase_change,679,1778259546.553963,/big.txt,88866816,131072
368,368_adaptive_phase_change_run08,adaptive,phase_change,680,1778259546.5540504,/big.txt,88997888,131072
368,368_adaptive_phase_change_run08,adaptive,phase_change,681,1778259546.554139,/big.txt,89128960,131072
368,368_adaptive_phase_change_run08,adaptive,phase_change,682,1778259546.5542264,/big.txt,89260032,131072
368,368_adaptive_phase_change_run08,adaptive,phase_change,683,1778259546.5543184,/big.txt,89391104,131072
368,368_adaptive_phase_change_run08,adaptive,phase_change,684,1778259546.554407,/big.txt,89522176,131072
368,368_adaptive_phase_change_run08,adaptive,phase_change,685,1778259546.5544944,/big.txt,89653248,131072
368,368_adaptive_phase_change_run08,adaptive,phase_change,686,1778259546.554582,/big.txt,89784320,131072
368,368_adaptive_phase_change_run08,adaptive,phase_change,687,1778259546.5546706,/big.txt,89915392,131072
368,368_adaptive_phase_change_run08,adaptive,phase_change,688,1778259546.554761,/big.txt,90046464,131072
368,368_adaptive_phase_change_run08,adaptive,phase_change,689,1778259546.5549,/big.txt,90177536,131072
368,368_adaptive_phase_change_run08,adaptive,phase_change,690,1778259546.5549886,/big.txt,90308608,131072
368,368_adaptive_phase_change_run08,adaptive,phase_change,691,1778259546.555077,/big.txt,90439680,131072
368,368_adaptive_phase_change_run08,adaptive,phase_change,692,1778259546.5551658,/big.txt,90570752,131072
368,368_adaptive_phase_change_run08,adaptive,phase_change,693,1778259546.555254,/big.txt,90701824,131072
368,368_adaptive_phase_change_run08,adaptive,phase_change,694,1778259546.5553465,/big.txt,90832896,131072
368,368_adaptive_phase_change_run08,adaptive,phase_change,695,1778259546.5554383,/big.txt,90963968,131072
368,368_adaptive_phase_change_run08,adaptive,phase_change,696,1778259546.5555272,/big.txt,91095040,131072
368,368_adaptive_phase_change_run08,adaptive,phase_change,697,1778259546.555616,/big.txt,91226112,131072
368,368_adaptive_phase_change_run08,adaptive,phase_change,698,1778259546.5557048,/big.txt,91357184,131072
368,368_adaptive_phase_change_run08,adaptive,phase_change,699,1778259546.5557935,/big.txt,91488256,131072
368,368_adaptive_phase_change_run08,adaptive,phase_change,700,1778259546.555882,/big.txt,91619328,131072
368,368_adaptive_phase_change_run08,adaptive,phase_change,701,1778259546.55597,/big.txt,91750400,131072
368,368_adaptive_phase_change_run08,adaptive,phase_change,702,1778259546.5560584,/big.txt,91881472,131072
368,368_adaptive_phase_change_run08,adaptive,phase_change,703,1778259546.5561464,/big.txt,92012544,131072
368,368_adaptive_phase_change_run08,adaptive,phase_change,704,1778259546.5562341,/big.txt,92143616,131072
368,368_adaptive_phase_change_run08,adaptive,phase_change,705,1778259546.556323,/big.txt,92274688,131072
368,368_adaptive_phase_change_run08,adaptive,phase_change,706,1778259546.5564122,/big.txt,92405760,131072
368,368_adaptive_phase_change_run08,adaptive,phase_change,707,1778259546.5565047,/big.txt,92536832,131072
368,368_adaptive_phase_change_run08,adaptive,phase_change,708,1778259546.5565934,/big.txt,92667904,131072
368,368_adaptive_phase_change_run08,adaptive,phase_change,709,1778259546.556683,/big.txt,92798976,131072
368,368_adaptive_phase_change_run08,adaptive,phase_change,710,1778259546.5567718,/big.txt,92930048,131072
368,368_adaptive_phase_change_run08,adaptive,phase_change,711,1778259546.5568602,/big.txt,93061120,131072
368,368_adaptive_phase_change_run08,adaptive,phase_change,712,1778259546.5569484,/big.txt,93192192,131072
368,368_adaptive_phase_change_run08,adaptive,phase_change,713,1778259546.5570374,/big.txt,93323264,131072
368,368_adaptive_phase_change_run08,adaptive,phase_change,714,1778259546.5571263,/big.txt,93454336,131072
368,368_adaptive_phase_change_run08,adaptive,phase_change,715,1778259546.5572183,/big.txt,93585408,131072
368,368_adaptive_phase_change_run08,adaptive,phase_change,716,1778259546.5573082,/big.txt,93716480,131072
368,368_adaptive_phase_change_run08,adaptive,phase_change,717,1778259546.5573974,/big.txt,93847552,131072
368,368_adaptive_phase_change_run08,adaptive,phase_change,718,1778259546.5574863,/big.txt,93978624,131072
368,368_adaptive_phase_change_run08,adaptive,phase_change,719,1778259546.557575,/big.txt,94109696,131072
368,368_adaptive_phase_change_run08,adaptive,phase_change,720,1778259546.5576675,/big.txt,94240768,131072
368,368_adaptive_phase_change_run08,adaptive,phase_change,721,1778259546.557757,/big.txt,94371840,131072
368,368_adaptive_phase_change_run08,adaptive,phase_change,722,1778259546.557846,/big.txt,94502912,131072
368,368_adaptive_phase_change_run08,adaptive,phase_change,723,1778259546.5579393,/big.txt,94633984,131072
368,368_adaptive_phase_change_run08,adaptive,phase_change,724,1778259546.5580297,/big.txt,94765056,131072
368,368_adaptive_phase_change_run08,adaptive,phase_change,725,1778259546.5581195,/big.txt,94896128,131072
368,368_adaptive_phase_change_run08,adaptive,phase_change,726,1778259546.5582092,/big.txt,95027200,131072
368,368_adaptive_phase_change_run08,adaptive,phase_change,727,1778259546.5582986,/big.txt,95158272,131072
368,368_adaptive_phase_change_run08,adaptive,phase_change,728,1778259546.558388,/big.txt,95289344,131072
368,368_adaptive_phase_change_run08,adaptive,phase_change,729,1778259546.5584776,/big.txt,95420416,131072
368,368_adaptive_phase_change_run08,adaptive,phase_change,730,1778259546.5585704,/big.txt,95551488,131072
368,368_adaptive_phase_change_run08,adaptive,phase_change,731,1778259546.55866,/big.txt,95682560,131072
368,368_adaptive_phase_change_run08,adaptive,phase_change,732,1778259546.558753,/big.txt,95813632,131072
368,368_adaptive_phase_change_run08,adaptive,phase_change,733,1778259546.5588782,/big.txt,95944704,131072
368,368_adaptive_phase_change_run08,adaptive,phase_change,734,1778259546.5589683,/big.txt,96075776,131072
368,368_adaptive_phase_change_run08,adaptive,phase_change,735,1778259546.5590568,/big.txt,96206848,131072
368,368_adaptive_phase_change_run08,adaptive,phase_change,736,1778259546.5591457,/big.txt,96337920,131072
368,368_adaptive_phase_change_run08,adaptive,phase_change,737,1778259546.5592349,/big.txt,96468992,131072
368,368_adaptive_phase_change_run08,adaptive,phase_change,738,1778259546.5593238,/big.txt,96600064,131072
368,368_adaptive_phase_change_run08,adaptive,phase_change,739,1778259546.5594127,/big.txt,96731136,131072
368,368_adaptive_phase_change_run08,adaptive,phase_change,740,1778259546.5595014,/big.txt,96862208,131072
368,368_adaptive_phase_change_run08,adaptive,phase_change,741,1778259546.5595896,/big.txt,96993280,131072
368,368_adaptive_phase_change_run08,adaptive,phase_change,742,1778259546.5596774,/big.txt,97124352,131072
368,368_adaptive_phase_change_run08,adaptive,phase_change,743,1778259546.559765,/big.txt,97255424,131072
368,368_adaptive_phase_change_run08,adaptive,phase_change,744,1778259546.5598533,/big.txt,97386496,131072
368,368_adaptive_phase_change_run08,adaptive,phase_change,745,1778259546.559942,/big.txt,97517568,131072
368,368_adaptive_phase_change_run08,adaptive,phase_change,746,1778259546.5600326,/big.txt,97648640,131072
368,368_adaptive_phase_change_run08,adaptive,phase_change,747,1778259546.5601213,/big.txt,97779712,131072
368,368_adaptive_phase_change_run08,adaptive,phase_change,748,1778259546.5602098,/big.txt,97910784,131072
368,368_adaptive_phase_change_run08,adaptive,phase_change,749,1778259546.5602975,/big.txt,98041856,131072
368,368_adaptive_phase_change_run08,adaptive,phase_change,750,1778259546.5603888,/big.txt,98172928,131072
368,368_adaptive_phase_change_run08,adaptive,phase_change,751,1778259546.560478,/big.txt,98304000,131072
368,368_adaptive_phase_change_run08,adaptive,phase_change,752,1778259546.5605698,/big.txt,98435072,131072
368,368_adaptive_phase_change_run08,adaptive,phase_change,753,1778259546.560661,/big.txt,98566144,131072
368,368_adaptive_phase_change_run08,adaptive,phase_change,754,1778259546.5607502,/big.txt,98697216,131072
368,368_adaptive_phase_change_run08,adaptive,phase_change,755,1778259546.5608387,/big.txt,98828288,131072
368,368_adaptive_phase_change_run08,adaptive,phase_change,756,1778259546.5609274,/big.txt,98959360,131072
368,368_adaptive_phase_change_run08,adaptive,phase_change,757,1778259546.561016,/big.txt,99090432,131072
368,368_adaptive_phase_change_run08,adaptive,phase_change,758,1778259546.5611045,/big.txt,99221504,131072
368,368_adaptive_phase_change_run08,adaptive,phase_change,759,1778259546.5611935,/big.txt,99352576,131072
368,368_adaptive_phase_change_run08,adaptive,phase_change,760,1778259546.5612824,/big.txt,99483648,131072
368,368_adaptive_phase_change_run08,adaptive,phase_change,761,1778259546.561371,/big.txt,99614720,131072
368,368_adaptive_phase_change_run08,adaptive,phase_change,762,1778259546.5614667,/big.txt,99745792,131072
368,368_adaptive_phase_change_run08,adaptive,phase_change,763,1778259546.5615566,/big.txt,99876864,131072
368,368_adaptive_phase_change_run08,adaptive,phase_change,764,1778259546.5616455,/big.txt,100007936,131072
368,368_adaptive_phase_change_run08,adaptive,phase_change,765,1778259546.5617356,/big.txt,100139008,131072
368,368_adaptive_phase_change_run08,adaptive,phase_change,766,1778259546.561824,/big.txt,100270080,131072
368,368_adaptive_phase_change_run08,adaptive,phase_change,767,1778259546.5619123,/big.txt,100401152,131072
368,368_adaptive_phase_change_run08,adaptive,phase_change,768,1778259546.5620012,/big.txt,100532224,131072
368,368_adaptive_phase_change_run08,adaptive,phase_change,769,1778259546.5620897,/big.txt,100663296,131072
368,368_adaptive_phase_change_run08,adaptive,phase_change,770,1778259546.5621827,/big.txt,100794368,131072
368,368_adaptive_phase_change_run08,adaptive,phase_change,771,1778259546.5622718,/big.txt,100925440,131072
368,368_adaptive_phase_change_run08,adaptive,phase_change,772,1778259546.562361,/big.txt,101056512,131072
368,368_adaptive_phase_change_run08,adaptive,phase_change,773,1778259546.5624502,/big.txt,101187584,131072
368,368_adaptive_phase_change_run08,adaptive,phase_change,774,1778259546.5625393,/big.txt,101318656,131072
368,368_adaptive_phase_change_run08,adaptive,phase_change,775,1778259546.562631,/big.txt,101449728,131072
368,368_adaptive_phase_change_run08,adaptive,phase_change,776,1778259546.56272,/big.txt,101580800,131072
368,368_adaptive_phase_change_run08,adaptive,phase_change,777,1778259546.5628138,/big.txt,101711872,131072
368,368_adaptive_phase_change_run08,adaptive,phase_change,778,1778259546.5629117,/big.txt,101842944,131072
368,368_adaptive_phase_change_run08,adaptive,phase_change,779,1778259546.5630002,/big.txt,101974016,131072
368,368_adaptive_phase_change_run08,adaptive,phase_change,780,1778259546.5630894,/big.txt,102105088,131072
368,368_adaptive_phase_change_run08,adaptive,phase_change,781,1778259546.5631783,/big.txt,102236160,131072
368,368_adaptive_phase_change_run08,adaptive,phase_change,782,1778259546.5632668,/big.txt,102367232,131072
368,368_adaptive_phase_change_run08,adaptive,phase_change,783,1778259546.5633562,/big.txt,102498304,131072
368,368_adaptive_phase_change_run08,adaptive,phase_change,784,1778259546.5634532,/big.txt,102629376,131072
368,368_adaptive_phase_change_run08,adaptive,phase_change,785,1778259546.5635433,/big.txt,102760448,131072
368,368_adaptive_phase_change_run08,adaptive,phase_change,786,1778259546.563633,/big.txt,102891520,131072
368,368_adaptive_phase_change_run08,adaptive,phase_change,787,1778259546.5637212,/big.txt,103022592,131072
368,368_adaptive_phase_change_run08,adaptive,phase_change,788,1778259546.56381,/big.txt,103153664,131072
368,368_adaptive_phase_change_run08,adaptive,phase_change,789,1778259546.5638983,/big.txt,103284736,131072
368,368_adaptive_phase_change_run08,adaptive,phase_change,790,1778259546.5639877,/big.txt,103415808,131072
368,368_adaptive_phase_change_run08,adaptive,phase_change,791,1778259546.5640762,/big.txt,103546880,131072
368,368_adaptive_phase_change_run08,adaptive,phase_change,792,1778259546.5641646,/big.txt,103677952,131072
368,368_adaptive_phase_change_run08,adaptive,phase_change,793,1778259546.5642538,/big.txt,103809024,131072
368,368_adaptive_phase_change_run08,adaptive,phase_change,794,1778259546.5643418,/big.txt,103940096,131072
368,368_adaptive_phase_change_run08,adaptive,phase_change,795,1778259546.5644302,/big.txt,104071168,131072
368,368_adaptive_phase_change_run08,adaptive,phase_change,796,1778259546.564519,/big.txt,104202240,131072
368,368_adaptive_phase_change_run08,adaptive,phase_change,797,1778259546.5646067,/big.txt,104333312,131072
368,368_adaptive_phase_change_run08,adaptive,phase_change,798,1778259546.5646956,/big.txt,104464384,131072
368,368_adaptive_phase_change_run08,adaptive,phase_change,799,1778259546.5647871,/big.txt,104595456,131072
368,368_adaptive_phase_change_run08,adaptive,phase_change,800,1778259546.5648775,/big.txt,104726528,131072
368,368_adaptive_phase_change_run08,adaptive,phase_change,801,1778259546.5649576,/big.txt,104857600,0
368,368_adaptive_phase_change_run08,adaptive,phase_change,802,1778259546.5661635,/big.txt,20480,4096
368,368_adaptive_phase_change_run08,adaptive,phase_change,803,1778259546.567165,/big.txt,491520,4096
368,368_adaptive_phase_change_run08,adaptive,phase_change,804,1778259546.56805,/big.txt,172032,4096
368,368_adaptive_phase_change_run08,adaptive,phase_change,805,1778259546.5688045,/big.txt,1228800,4096
368,368_adaptive_phase_change_run08,adaptive,phase_change,806,1778259546.5696332,/big.txt,69632,4096
368,368_adaptive_phase_change_run08,adaptive,phase_change,807,1778259546.570366,/big.txt,1024000,4096
368,368_adaptive_phase_change_run08,adaptive,phase_change,808,1778259546.571121,/big.txt,360448,4096
368,368_adaptive_phase_change_run08,adaptive,phase_change,809,1778259546.5720146,/big.txt,778240,4096
368,368_adaptive_phase_change_run08,adaptive,phase_change,810,1778259546.5729654,/big.txt,245760,4096
368,368_adaptive_phase_change_run08,adaptive,phase_change,811,1778259546.5737643,/big.txt,40960,4096
368,368_adaptive_phase_change_run08,adaptive,phase_change,812,1778259546.5744855,/big.txt,1363968,4096
368,368_adaptive_phase_change_run08,adaptive,phase_change,813,1778259546.5752397,/big.txt,307200,4096
368,368_adaptive_phase_change_run08,adaptive,phase_change,814,1778259546.576167,/big.txt,2097152,4096
368,368_adaptive_phase_change_run08,adaptive,phase_change,815,1778259546.57701,/big.txt,819200,4096
368,368_adaptive_phase_change_run08,adaptive,phase_change,816,1778259546.5777318,/big.txt,1843200,4096
368,368_adaptive_phase_change_run08,adaptive,phase_change,817,1778259546.5784476,/big.txt,405504,4096
368,368_adaptive_phase_change_run08,adaptive,phase_change,818,1778259546.579203,/big.txt,2457600,4096
368,368_adaptive_phase_change_run08,adaptive,phase_change,819,1778259546.5800197,/big.txt,614400,4096
368,368_adaptive_phase_change_run08,adaptive,phase_change,820,1778259546.5808136,/big.txt,2949120,4096
368,368_adaptive_phase_change_run08,adaptive,phase_change,821,1778259546.5815578,/big.txt,1556480,4096
368,368_adaptive_phase_change_run08,adaptive,phase_change,822,1778259546.582296,/big.txt,102400,4096
368,368_adaptive_phase_change_run08,adaptive,phase_change,823,1778259546.5830462,/big.txt,1966080,4096
368,368_adaptive_phase_change_run08,adaptive,phase_change,824,1778259546.5838404,/big.txt,2621440,4096
368,368_adaptive_phase_change_run08,adaptive,phase_change,825,1778259546.5846496,/big.txt,225280,4096
368,368_adaptive_phase_change_run08,adaptive,phase_change,826,1778259546.5853906,/big.txt,3317760,4096
368,368_adaptive_phase_change_run08,adaptive,phase_change,827,1778259546.586172,/big.txt,0,131072
368,368_adaptive_phase_change_run08,adaptive,phase_change,828,1778259546.5862625,/big.txt,131072,131072
368,368_adaptive_phase_change_run08,adaptive,phase_change,829,1778259546.5863404,/big.txt,262144,131072
368,368_adaptive_phase_change_run08,adaptive,phase_change,830,1778259546.5864158,/big.txt,393216,131072
368,368_adaptive_phase_change_run08,adaptive,phase_change,831,1778259546.5864918,/big.txt,524288,131072
368,368_adaptive_phase_change_run08,adaptive,phase_change,832,1778259546.5865984,/big.txt,655360,131072
368,368_adaptive_phase_change_run08,adaptive,phase_change,833,1778259546.5866961,/big.txt,786432,131072
368,368_adaptive_phase_change_run08,adaptive,phase_change,834,1778259546.586797,/big.txt,917504,131072
368,368_adaptive_phase_change_run08,adaptive,phase_change,835,1778259546.5869293,/big.txt,1048576,131072
368,368_adaptive_phase_change_run08,adaptive,phase_change,836,1778259546.5870538,/big.txt,1179648,131072
368,368_adaptive_phase_change_run08,adaptive,phase_change,837,1778259546.587175,/big.txt,1310720,131072
368,368_adaptive_phase_change_run08,adaptive,phase_change,838,1778259546.5872955,/big.txt,1441792,131072
368,368_adaptive_phase_change_run08,adaptive,phase_change,839,1778259546.5874164,/big.txt,1572864,131072
368,368_adaptive_phase_change_run08,adaptive,phase_change,840,1778259546.5875387,/big.txt,1703936,131072
368,368_adaptive_phase_change_run08,adaptive,phase_change,841,1778259546.5876348,/big.txt,1835008,131072
368,368_adaptive_phase_change_run08,adaptive,phase_change,842,1778259546.587733,/big.txt,1966080,131072
368,368_adaptive_phase_change_run08,adaptive,phase_change,843,1778259546.58783,/big.txt,2097152,131072
368,368_adaptive_phase_change_run08,adaptive,phase_change,844,1778259546.5879288,/big.txt,2228224,131072
368,368_adaptive_phase_change_run08,adaptive,phase_change,845,1778259546.588024,/big.txt,2359296,131072
368,368_adaptive_phase_change_run08,adaptive,phase_change,846,1778259546.5881193,/big.txt,2490368,131072
368,368_adaptive_phase_change_run08,adaptive,phase_change,847,1778259546.5882142,/big.txt,2621440,131072
368,368_adaptive_phase_change_run08,adaptive,phase_change,848,1778259546.5883157,/big.txt,2752512,131072
368,368_adaptive_phase_change_run08,adaptive,phase_change,849,1778259546.588409,/big.txt,2883584,131072
368,368_adaptive_phase_change_run08,adaptive,phase_change,850,1778259546.5885031,/big.txt,3014656,131072
368,368_adaptive_phase_change_run08,adaptive,phase_change,851,1778259546.5885968,/big.txt,3145728,131072
368,368_adaptive_phase_change_run08,adaptive,phase_change,852,1778259546.5886903,/big.txt,3276800,131072
368,368_adaptive_phase_change_run08,adaptive,phase_change,853,1778259546.588783,/big.txt,3407872,131072
368,368_adaptive_phase_change_run08,adaptive,phase_change,854,1778259546.5888762,/big.txt,3538944,131072
368,368_adaptive_phase_change_run08,adaptive,phase_change,855,1778259546.588969,/big.txt,3670016,131072
368,368_adaptive_phase_change_run08,adaptive,phase_change,856,1778259546.589062,/big.txt,3801088,131072
368,368_adaptive_phase_change_run08,adaptive,phase_change,857,1778259546.5891542,/big.txt,3932160,131072
368,368_adaptive_phase_change_run08,adaptive,phase_change,858,1778259546.5892606,/big.txt,4063232,131072
368,368_adaptive_phase_change_run08,adaptive,phase_change,859,1778259546.5893502,/big.txt,4194304,131072
368,368_adaptive_phase_change_run08,adaptive,phase_change,860,1778259546.5894413,/big.txt,4325376,131072
368,368_adaptive_phase_change_run08,adaptive,phase_change,861,1778259546.5895321,/big.txt,4456448,131072
368,368_adaptive_phase_change_run08,adaptive,phase_change,862,1778259546.5896244,/big.txt,4587520,131072
368,368_adaptive_phase_change_run08,adaptive,phase_change,863,1778259546.58972,/big.txt,4718592,131072
368,368_adaptive_phase_change_run08,adaptive,phase_change,864,1778259546.589811,/big.txt,4849664,131072
368,368_adaptive_phase_change_run08,adaptive,phase_change,865,1778259546.589902,/big.txt,4980736,131072
368,368_adaptive_phase_change_run08,adaptive,phase_change,866,1778259546.5899959,/big.txt,5111808,131072
368,368_adaptive_phase_change_run08,adaptive,phase_change,867,1778259546.590087,/big.txt,5242880,131072
368,368_adaptive_phase_change_run08,adaptive,phase_change,868,1778259546.5901775,/big.txt,5373952,131072
368,368_adaptive_phase_change_run08,adaptive,phase_change,869,1778259546.5902686,/big.txt,5505024,131072
368,368_adaptive_phase_change_run08,adaptive,phase_change,870,1778259546.5903587,/big.txt,5636096,131072
368,368_adaptive_phase_change_run08,adaptive,phase_change,871,1778259546.5904508,/big.txt,5767168,131072
368,368_adaptive_phase_change_run08,adaptive,phase_change,872,1778259546.5905418,/big.txt,5898240,131072
368,368_adaptive_phase_change_run08,adaptive,phase_change,873,1778259546.5906324,/big.txt,6029312,131072
368,368_adaptive_phase_change_run08,adaptive,phase_change,874,1778259546.5907264,/big.txt,6160384,131072
368,368_adaptive_phase_change_run08,adaptive,phase_change,875,1778259546.590853,/big.txt,6291456,131072
368,368_adaptive_phase_change_run08,adaptive,phase_change,876,1778259546.5909443,/big.txt,6422528,131072
368,368_adaptive_phase_change_run08,adaptive,phase_change,877,1778259546.5910358,/big.txt,6553600,131072
368,368_adaptive_phase_change_run08,adaptive,phase_change,878,1778259546.5911267,/big.txt,6684672,131072
368,368_adaptive_phase_change_run08,adaptive,phase_change,879,1778259546.591218,/big.txt,6815744,131072
368,368_adaptive_phase_change_run08,adaptive,phase_change,880,1778259546.5913107,/big.txt,6946816,131072
368,368_adaptive_phase_change_run08,adaptive,phase_change,881,1778259546.5914023,/big.txt,7077888,131072
368,368_adaptive_phase_change_run08,adaptive,phase_change,882,1778259546.591493,/big.txt,7208960,131072
368,368_adaptive_phase_change_run08,adaptive,phase_change,883,1778259546.5915835,/big.txt,7340032,131072
368,368_adaptive_phase_change_run08,adaptive,phase_change,884,1778259546.5916743,/big.txt,7471104,131072
368,368_adaptive_phase_change_run08,adaptive,phase_change,885,1778259546.591765,/big.txt,7602176,131072
368,368_adaptive_phase_change_run08,adaptive,phase_change,886,1778259546.5918555,/big.txt,7733248,131072
368,368_adaptive_phase_change_run08,adaptive,phase_change,887,1778259546.5919502,/big.txt,7864320,131072
368,368_adaptive_phase_change_run08,adaptive,phase_change,888,1778259546.5920403,/big.txt,7995392,131072
368,368_adaptive_phase_change_run08,adaptive,phase_change,889,1778259546.5921304,/big.txt,8126464,131072
368,368_adaptive_phase_change_run08,adaptive,phase_change,890,1778259546.592225,/big.txt,8257536,131072
368,368_adaptive_phase_change_run08,adaptive,phase_change,891,1778259546.5923195,/big.txt,8388608,131072
368,368_adaptive_phase_change_run08,adaptive,phase_change,892,1778259546.5924127,/big.txt,8519680,131072
368,368_adaptive_phase_change_run08,adaptive,phase_change,893,1778259546.5925047,/big.txt,8650752,131072
368,368_adaptive_phase_change_run08,adaptive,phase_change,894,1778259546.5925992,/big.txt,8781824,131072
368,368_adaptive_phase_change_run08,adaptive,phase_change,895,1778259546.5926907,/big.txt,8912896,131072
368,368_adaptive_phase_change_run08,adaptive,phase_change,896,1778259546.5927815,/big.txt,9043968,131072
368,368_adaptive_phase_change_run08,adaptive,phase_change,897,1778259546.5928726,/big.txt,9175040,131072
368,368_adaptive_phase_change_run08,adaptive,phase_change,898,1778259546.5929625,/big.txt,9306112,131072
368,368_adaptive_phase_change_run08,adaptive,phase_change,899,1778259546.5930543,/big.txt,9437184,131072
368,368_adaptive_phase_change_run08,adaptive,phase_change,900,1778259546.5931456,/big.txt,9568256,131072
368,368_adaptive_phase_change_run08,adaptive,phase_change,901,1778259546.5932362,/big.txt,9699328,131072
368,368_adaptive_phase_change_run08,adaptive,phase_change,902,1778259546.593327,/big.txt,9830400,131072
368,368_adaptive_phase_change_run08,adaptive,phase_change,903,1778259546.5934186,/big.txt,9961472,131072
368,368_adaptive_phase_change_run08,adaptive,phase_change,904,1778259546.5935094,/big.txt,10092544,131072
368,368_adaptive_phase_change_run08,adaptive,phase_change,905,1778259546.5936012,/big.txt,10223616,131072
368,368_adaptive_phase_change_run08,adaptive,phase_change,906,1778259546.5936954,/big.txt,10354688,131072
368,368_adaptive_phase_change_run08,adaptive,phase_change,907,1778259546.5937874,/big.txt,10485760,131072
368,368_adaptive_phase_change_run08,adaptive,phase_change,908,1778259546.5938785,/big.txt,10616832,131072
368,368_adaptive_phase_change_run08,adaptive,phase_change,909,1778259546.593969,/big.txt,10747904,131072
368,368_adaptive_phase_change_run08,adaptive,phase_change,910,1778259546.59406,/big.txt,10878976,131072
368,368_adaptive_phase_change_run08,adaptive,phase_change,911,1778259546.5941513,/big.txt,11010048,131072
368,368_adaptive_phase_change_run08,adaptive,phase_change,912,1778259546.5942452,/big.txt,11141120,131072
368,368_adaptive_phase_change_run08,adaptive,phase_change,913,1778259546.5943398,/big.txt,11272192,131072
368,368_adaptive_phase_change_run08,adaptive,phase_change,914,1778259546.5944307,/big.txt,11403264,131072
368,368_adaptive_phase_change_run08,adaptive,phase_change,915,1778259546.594523,/big.txt,11534336,131072
368,368_adaptive_phase_change_run08,adaptive,phase_change,916,1778259546.594614,/big.txt,11665408,131072
368,368_adaptive_phase_change_run08,adaptive,phase_change,917,1778259546.5947053,/big.txt,11796480,131072
368,368_adaptive_phase_change_run08,adaptive,phase_change,918,1778259546.5948477,/big.txt,11927552,131072
368,368_adaptive_phase_change_run08,adaptive,phase_change,919,1778259546.5949621,/big.txt,12058624,131072
368,368_adaptive_phase_change_run08,adaptive,phase_change,920,1778259546.5950558,/big.txt,12189696,131072
368,368_adaptive_phase_change_run08,adaptive,phase_change,921,1778259546.5951483,/big.txt,12320768,131072
368,368_adaptive_phase_change_run08,adaptive,phase_change,922,1778259546.5952406,/big.txt,12451840,131072
368,368_adaptive_phase_change_run08,adaptive,phase_change,923,1778259546.595333,/big.txt,12582912,131072
368,368_adaptive_phase_change_run08,adaptive,phase_change,924,1778259546.5954256,/big.txt,12713984,131072
368,368_adaptive_phase_change_run08,adaptive,phase_change,925,1778259546.5955222,/big.txt,12845056,131072
368,368_adaptive_phase_change_run08,adaptive,phase_change,926,1778259546.5956142,/big.txt,12976128,131072
368,368_adaptive_phase_change_run08,adaptive,phase_change,927,1778259546.5957043,/big.txt,13107200,131072
368,368_adaptive_phase_change_run08,adaptive,phase_change,928,1778259546.5957954,/big.txt,13238272,131072
368,368_adaptive_phase_change_run08,adaptive,phase_change,929,1778259546.5958858,/big.txt,13369344,131072
368,368_adaptive_phase_change_run08,adaptive,phase_change,930,1778259546.595977,/big.txt,13500416,131072
368,368_adaptive_phase_change_run08,adaptive,phase_change,931,1778259546.5960681,/big.txt,13631488,131072
368,368_adaptive_phase_change_run08,adaptive,phase_change,932,1778259546.5961592,/big.txt,13762560,131072
368,368_adaptive_phase_change_run08,adaptive,phase_change,933,1778259546.5962517,/big.txt,13893632,131072
368,368_adaptive_phase_change_run08,adaptive,phase_change,934,1778259546.5963435,/big.txt,14024704,131072
368,368_adaptive_phase_change_run08,adaptive,phase_change,935,1778259546.5964339,/big.txt,14155776,131072
368,368_adaptive_phase_change_run08,adaptive,phase_change,936,1778259546.5965285,/big.txt,14286848,131072
368,368_adaptive_phase_change_run08,adaptive,phase_change,937,1778259546.5966203,/big.txt,14417920,131072
368,368_adaptive_phase_change_run08,adaptive,phase_change,938,1778259546.5967138,/big.txt,14548992,131072
368,368_adaptive_phase_change_run08,adaptive,phase_change,939,1778259546.5968049,/big.txt,14680064,131072
368,368_adaptive_phase_change_run08,adaptive,phase_change,940,1778259546.5968957,/big.txt,14811136,131072
368,368_adaptive_phase_change_run08,adaptive,phase_change,941,1778259546.5969865,/big.txt,14942208,131072
368,368_adaptive_phase_change_run08,adaptive,phase_change,942,1778259546.597078,/big.txt,15073280,131072
368,368_adaptive_phase_change_run08,adaptive,phase_change,943,1778259546.597172,/big.txt,15204352,131072
368,368_adaptive_phase_change_run08,adaptive,phase_change,944,1778259546.597264,/big.txt,15335424,131072
368,368_adaptive_phase_change_run08,adaptive,phase_change,945,1778259546.597356,/big.txt,15466496,131072
368,368_adaptive_phase_change_run08,adaptive,phase_change,946,1778259546.5974483,/big.txt,15597568,131072
368,368_adaptive_phase_change_run08,adaptive,phase_change,947,1778259546.5975435,/big.txt,15728640,131072
368,368_adaptive_phase_change_run08,adaptive,phase_change,948,1778259546.5976365,/big.txt,15859712,131072
368,368_adaptive_phase_change_run08,adaptive,phase_change,949,1778259546.597728,/big.txt,15990784,131072
368,368_adaptive_phase_change_run08,adaptive,phase_change,950,1778259546.59782,/big.txt,16121856,131072
368,368_adaptive_phase_change_run08,adaptive,phase_change,951,1778259546.5979114,/big.txt,16252928,131072
368,368_adaptive_phase_change_run08,adaptive,phase_change,952,1778259546.598003,/big.txt,16384000,131072
368,368_adaptive_phase_change_run08,adaptive,phase_change,953,1778259546.5980954,/big.txt,16515072,131072
368,368_adaptive_phase_change_run08,adaptive,phase_change,954,1778259546.598187,/big.txt,16646144,131072
368,368_adaptive_phase_change_run08,adaptive,phase_change,955,1778259546.598279,/big.txt,16777216,131072
368,368_adaptive_phase_change_run08,adaptive,phase_change,956,1778259546.5983706,/big.txt,16908288,131072
368,368_adaptive_phase_change_run08,adaptive,phase_change,957,1778259546.598462,/big.txt,17039360,131072
368,368_adaptive_phase_change_run08,adaptive,phase_change,958,1778259546.5985565,/big.txt,17170432,131072
368,368_adaptive_phase_change_run08,adaptive,phase_change,959,1778259546.5986483,/big.txt,17301504,131072
368,368_adaptive_phase_change_run08,adaptive,phase_change,960,1778259546.5987394,/big.txt,17432576,131072
368,368_adaptive_phase_change_run08,adaptive,phase_change,961,1778259546.5988684,/big.txt,17563648,131072
368,368_adaptive_phase_change_run08,adaptive,phase_change,962,1778259546.598963,/big.txt,17694720,131072
368,368_adaptive_phase_change_run08,adaptive,phase_change,963,1778259546.5990562,/big.txt,17825792,131072
368,368_adaptive_phase_change_run08,adaptive,phase_change,964,1778259546.599153,/big.txt,17956864,131072
368,368_adaptive_phase_change_run08,adaptive,phase_change,965,1778259546.5992463,/big.txt,18087936,131072
368,368_adaptive_phase_change_run08,adaptive,phase_change,966,1778259546.599339,/big.txt,18219008,131072
368,368_adaptive_phase_change_run08,adaptive,phase_change,967,1778259546.5994322,/big.txt,18350080,131072
368,368_adaptive_phase_change_run08,adaptive,phase_change,968,1778259546.5995243,/big.txt,18481152,131072
368,368_adaptive_phase_change_run08,adaptive,phase_change,969,1778259546.5996163,/big.txt,18612224,131072
368,368_adaptive_phase_change_run08,adaptive,phase_change,970,1778259546.5997126,/big.txt,18743296,131072
368,368_adaptive_phase_change_run08,adaptive,phase_change,971,1778259546.5998049,/big.txt,18874368,131072
368,368_adaptive_phase_change_run08,adaptive,phase_change,972,1778259546.5998957,/big.txt,19005440,131072
368,368_adaptive_phase_change_run08,adaptive,phase_change,973,1778259546.599988,/big.txt,19136512,131072
368,368_adaptive_phase_change_run08,adaptive,phase_change,974,1778259546.6000915,/big.txt,19267584,131072
368,368_adaptive_phase_change_run08,adaptive,phase_change,975,1778259546.600187,/big.txt,19398656,131072
368,368_adaptive_phase_change_run08,adaptive,phase_change,976,1778259546.6002784,/big.txt,19529728,131072
368,368_adaptive_phase_change_run08,adaptive,phase_change,977,1778259546.6003695,/big.txt,19660800,131072
368,368_adaptive_phase_change_run08,adaptive,phase_change,978,1778259546.60046,/big.txt,19791872,131072
368,368_adaptive_phase_change_run08,adaptive,phase_change,979,1778259546.6005507,/big.txt,19922944,131072
368,368_adaptive_phase_change_run08,adaptive,phase_change,980,1778259546.6006415,/big.txt,20054016,131072
368,368_adaptive_phase_change_run08,adaptive,phase_change,981,1778259546.6007326,/big.txt,20185088,131072
368,368_adaptive_phase_change_run08,adaptive,phase_change,982,1778259546.6008267,/big.txt,20316160,131072
368,368_adaptive_phase_change_run08,adaptive,phase_change,983,1778259546.6009176,/big.txt,20447232,131072
368,368_adaptive_phase_change_run08,adaptive,phase_change,984,1778259546.6010084,/big.txt,20578304,131072
368,368_adaptive_phase_change_run08,adaptive,phase_change,985,1778259546.6010993,/big.txt,20709376,131072
368,368_adaptive_phase_change_run08,adaptive,phase_change,986,1778259546.6011899,/big.txt,20840448,131072
368,368_adaptive_phase_change_run08,adaptive,phase_change,987,1778259546.6012805,/big.txt,20971520,131072
368,368_adaptive_phase_change_run08,adaptive,phase_change,988,1778259546.6013727,/big.txt,21102592,131072
368,368_adaptive_phase_change_run08,adaptive,phase_change,989,1778259546.6014636,/big.txt,21233664,131072
368,368_adaptive_phase_change_run08,adaptive,phase_change,990,1778259546.6015544,/big.txt,21364736,131072
368,368_adaptive_phase_change_run08,adaptive,phase_change,991,1778259546.6016455,/big.txt,21495808,131072
368,368_adaptive_phase_change_run08,adaptive,phase_change,992,1778259546.6017365,/big.txt,21626880,131072
368,368_adaptive_phase_change_run08,adaptive,phase_change,993,1778259546.6018283,/big.txt,21757952,131072
368,368_adaptive_phase_change_run08,adaptive,phase_change,994,1778259546.60192,/big.txt,21889024,131072
368,368_adaptive_phase_change_run08,adaptive,phase_change,995,1778259546.6020117,/big.txt,22020096,131072
368,368_adaptive_phase_change_run08,adaptive,phase_change,996,1778259546.6021032,/big.txt,22151168,131072
368,368_adaptive_phase_change_run08,adaptive,phase_change,997,1778259546.6021957,/big.txt,22282240,131072
368,368_adaptive_phase_change_run08,adaptive,phase_change,998,1778259546.6022882,/big.txt,22413312,131072
368,368_adaptive_phase_change_run08,adaptive,phase_change,999,1778259546.6023803,/big.txt,22544384,131072
368,368_adaptive_phase_change_run08,adaptive,phase_change,1000,1778259546.602471,/big.txt,22675456,131072
368,368_adaptive_phase_change_run08,adaptive,phase_change,1001,1778259546.6025643,/big.txt,22806528,131072
368,368_adaptive_phase_change_run08,adaptive,phase_change,1002,1778259546.6026664,/big.txt,22937600,131072
368,368_adaptive_phase_change_run08,adaptive,phase_change,1003,1778259546.6027608,/big.txt,23068672,131072
368,368_adaptive_phase_change_run08,adaptive,phase_change,1004,1778259546.6029253,/big.txt,23199744,131072
368,368_adaptive_phase_change_run08,adaptive,phase_change,1005,1778259546.6030488,/big.txt,23330816,131072
368,368_adaptive_phase_change_run08,adaptive,phase_change,1006,1778259546.6031718,/big.txt,23461888,131072
368,368_adaptive_phase_change_run08,adaptive,phase_change,1007,1778259546.603294,/big.txt,23592960,131072
368,368_adaptive_phase_change_run08,adaptive,phase_change,1008,1778259546.603404,/big.txt,23724032,131072
368,368_adaptive_phase_change_run08,adaptive,phase_change,1009,1778259546.6034982,/big.txt,23855104,131072
368,368_adaptive_phase_change_run08,adaptive,phase_change,1010,1778259546.603592,/big.txt,23986176,131072
368,368_adaptive_phase_change_run08,adaptive,phase_change,1011,1778259546.6036856,/big.txt,24117248,131072
368,368_adaptive_phase_change_run08,adaptive,phase_change,1012,1778259546.6037793,/big.txt,24248320,131072
368,368_adaptive_phase_change_run08,adaptive,phase_change,1013,1778259546.603873,/big.txt,24379392,131072
368,368_adaptive_phase_change_run08,adaptive,phase_change,1014,1778259546.6039667,/big.txt,24510464,131072
368,368_adaptive_phase_change_run08,adaptive,phase_change,1015,1778259546.60406,/big.txt,24641536,131072
368,368_adaptive_phase_change_run08,adaptive,phase_change,1016,1778259546.604154,/big.txt,24772608,131072
368,368_adaptive_phase_change_run08,adaptive,phase_change,1017,1778259546.6042452,/big.txt,24903680,131072
368,368_adaptive_phase_change_run08,adaptive,phase_change,1018,1778259546.6043367,/big.txt,25034752,131072
368,368_adaptive_phase_change_run08,adaptive,phase_change,1019,1778259546.604427,/big.txt,25165824,131072
368,368_adaptive_phase_change_run08,adaptive,phase_change,1020,1778259546.6045198,/big.txt,25296896,131072
368,368_adaptive_phase_change_run08,adaptive,phase_change,1021,1778259546.6046114,/big.txt,25427968,131072
368,368_adaptive_phase_change_run08,adaptive,phase_change,1022,1778259546.604706,/big.txt,25559040,131072
368,368_adaptive_phase_change_run08,adaptive,phase_change,1023,1778259546.6047974,/big.txt,25690112,131072
368,368_adaptive_phase_change_run08,adaptive,phase_change,1024,1778259546.6048915,/big.txt,25821184,131072
368,368_adaptive_phase_change_run08,adaptive,phase_change,1025,1778259546.604988,/big.txt,25952256,131072
368,368_adaptive_phase_change_run08,adaptive,phase_change,1026,1778259546.6050825,/big.txt,26083328,131072
368,368_adaptive_phase_change_run08,adaptive,phase_change,1027,1778259546.6051743,/big.txt,26214400,131072
368,368_adaptive_phase_change_run08,adaptive,phase_change,1028,1778259546.6052663,/big.txt,26345472,131072
368,368_adaptive_phase_change_run08,adaptive,phase_change,1029,1778259546.6053586,/big.txt,26476544,131072
368,368_adaptive_phase_change_run08,adaptive,phase_change,1030,1778259546.6054535,/big.txt,26607616,131072
368,368_adaptive_phase_change_run08,adaptive,phase_change,1031,1778259546.6055458,/big.txt,26738688,131072
368,368_adaptive_phase_change_run08,adaptive,phase_change,1032,1778259546.6056364,/big.txt,26869760,131072
368,368_adaptive_phase_change_run08,adaptive,phase_change,1033,1778259546.6057274,/big.txt,27000832,131072
368,368_adaptive_phase_change_run08,adaptive,phase_change,1034,1778259546.6058183,/big.txt,27131904,131072
368,368_adaptive_phase_change_run08,adaptive,phase_change,1035,1778259546.6059086,/big.txt,27262976,131072
368,368_adaptive_phase_change_run08,adaptive,phase_change,1036,1778259546.606,/big.txt,27394048,131072
368,368_adaptive_phase_change_run08,adaptive,phase_change,1037,1778259546.6060898,/big.txt,27525120,131072
368,368_adaptive_phase_change_run08,adaptive,phase_change,1038,1778259546.6061807,/big.txt,27656192,131072
368,368_adaptive_phase_change_run08,adaptive,phase_change,1039,1778259546.606271,/big.txt,27787264,131072
368,368_adaptive_phase_change_run08,adaptive,phase_change,1040,1778259546.606366,/big.txt,27918336,131072
368,368_adaptive_phase_change_run08,adaptive,phase_change,1041,1778259546.606457,/big.txt,28049408,131072
368,368_adaptive_phase_change_run08,adaptive,phase_change,1042,1778259546.6065474,/big.txt,28180480,131072
368,368_adaptive_phase_change_run08,adaptive,phase_change,1043,1778259546.6066396,/big.txt,28311552,131072
368,368_adaptive_phase_change_run08,adaptive,phase_change,1044,1778259546.60673,/big.txt,28442624,131072
368,368_adaptive_phase_change_run08,adaptive,phase_change,1045,1778259546.6068573,/big.txt,28573696,131072
368,368_adaptive_phase_change_run08,adaptive,phase_change,1046,1778259546.6069486,/big.txt,28704768,131072
368,368_adaptive_phase_change_run08,adaptive,phase_change,1047,1778259546.60704,/big.txt,28835840,131072
368,368_adaptive_phase_change_run08,adaptive,phase_change,1048,1778259546.6071312,/big.txt,28966912,131072
368,368_adaptive_phase_change_run08,adaptive,phase_change,1049,1778259546.607222,/big.txt,29097984,131072
368,368_adaptive_phase_change_run08,adaptive,phase_change,1050,1778259546.607313,/big.txt,29229056,131072
368,368_adaptive_phase_change_run08,adaptive,phase_change,1051,1778259546.6074042,/big.txt,29360128,131072
368,368_adaptive_phase_change_run08,adaptive,phase_change,1052,1778259546.6074958,/big.txt,29491200,131072
368,368_adaptive_phase_change_run08,adaptive,phase_change,1053,1778259546.6075878,/big.txt,29622272,131072
368,368_adaptive_phase_change_run08,adaptive,phase_change,1054,1778259546.6076806,/big.txt,29753344,131072
368,368_adaptive_phase_change_run08,adaptive,phase_change,1055,1778259546.6077719,/big.txt,29884416,131072
368,368_adaptive_phase_change_run08,adaptive,phase_change,1056,1778259546.6078646,/big.txt,30015488,131072
368,368_adaptive_phase_change_run08,adaptive,phase_change,1057,1778259546.6079562,/big.txt,30146560,131072
368,368_adaptive_phase_change_run08,adaptive,phase_change,1058,1778259546.6080503,/big.txt,30277632,131072
368,368_adaptive_phase_change_run08,adaptive,phase_change,1059,1778259546.6081421,/big.txt,30408704,131072
368,368_adaptive_phase_change_run08,adaptive,phase_change,1060,1778259546.6082332,/big.txt,30539776,131072
368,368_adaptive_phase_change_run08,adaptive,phase_change,1061,1778259546.608324,/big.txt,30670848,131072
368,368_adaptive_phase_change_run08,adaptive,phase_change,1062,1778259546.608417,/big.txt,30801920,131072
368,368_adaptive_phase_change_run08,adaptive,phase_change,1063,1778259546.6085076,/big.txt,30932992,131072
368,368_adaptive_phase_change_run08,adaptive,phase_change,1064,1778259546.6085997,/big.txt,31064064,131072
368,368_adaptive_phase_change_run08,adaptive,phase_change,1065,1778259546.6086903,/big.txt,31195136,131072
368,368_adaptive_phase_change_run08,adaptive,phase_change,1066,1778259546.6087818,/big.txt,31326208,131072
368,368_adaptive_phase_change_run08,adaptive,phase_change,1067,1778259546.6088722,/big.txt,31457280,131072
368,368_adaptive_phase_change_run08,adaptive,phase_change,1068,1778259546.6089633,/big.txt,31588352,131072
368,368_adaptive_phase_change_run08,adaptive,phase_change,1069,1778259546.609055,/big.txt,31719424,131072
368,368_adaptive_phase_change_run08,adaptive,phase_change,1070,1778259546.6091464,/big.txt,31850496,131072
368,368_adaptive_phase_change_run08,adaptive,phase_change,1071,1778259546.6092372,/big.txt,31981568,131072
368,368_adaptive_phase_change_run08,adaptive,phase_change,1072,1778259546.6093295,/big.txt,32112640,131072
368,368_adaptive_phase_change_run08,adaptive,phase_change,1073,1778259546.6094208,/big.txt,32243712,131072
368,368_adaptive_phase_change_run08,adaptive,phase_change,1074,1778259546.6095119,/big.txt,32374784,131072
368,368_adaptive_phase_change_run08,adaptive,phase_change,1075,1778259546.6096036,/big.txt,32505856,131072
368,368_adaptive_phase_change_run08,adaptive,phase_change,1076,1778259546.6096947,/big.txt,32636928,131072
368,368_adaptive_phase_change_run08,adaptive,phase_change,1077,1778259546.609786,/big.txt,32768000,131072
368,368_adaptive_phase_change_run08,adaptive,phase_change,1078,1778259546.6098816,/big.txt,32899072,131072
368,368_adaptive_phase_change_run08,adaptive,phase_change,1079,1778259546.6099722,/big.txt,33030144,131072
368,368_adaptive_phase_change_run08,adaptive,phase_change,1080,1778259546.6100638,/big.txt,33161216,131072
368,368_adaptive_phase_change_run08,adaptive,phase_change,1081,1778259546.6101549,/big.txt,33292288,131072
368,368_adaptive_phase_change_run08,adaptive,phase_change,1082,1778259546.6102455,/big.txt,33423360,131072
368,368_adaptive_phase_change_run08,adaptive,phase_change,1083,1778259546.6103375,/big.txt,33554432,131072
368,368_adaptive_phase_change_run08,adaptive,phase_change,1084,1778259546.6104283,/big.txt,33685504,131072
368,368_adaptive_phase_change_run08,adaptive,phase_change,1085,1778259546.610523,/big.txt,33816576,131072
368,368_adaptive_phase_change_run08,adaptive,phase_change,1086,1778259546.6106143,/big.txt,33947648,131072
368,368_adaptive_phase_change_run08,adaptive,phase_change,1087,1778259546.6107056,/big.txt,34078720,131072
368,368_adaptive_phase_change_run08,adaptive,phase_change,1088,1778259546.6108632,/big.txt,34209792,131072
368,368_adaptive_phase_change_run08,adaptive,phase_change,1089,1778259546.6110036,/big.txt,34340864,131072
368,368_adaptive_phase_change_run08,adaptive,phase_change,1090,1778259546.611105,/big.txt,34471936,131072
368,368_adaptive_phase_change_run08,adaptive,phase_change,1091,1778259546.6112027,/big.txt,34603008,131072
368,368_adaptive_phase_change_run08,adaptive,phase_change,1092,1778259546.6112993,/big.txt,34734080,131072
368,368_adaptive_phase_change_run08,adaptive,phase_change,1093,1778259546.6113944,/big.txt,34865152,131072
368,368_adaptive_phase_change_run08,adaptive,phase_change,1094,1778259546.6114893,/big.txt,34996224,131072
368,368_adaptive_phase_change_run08,adaptive,phase_change,1095,1778259546.611588,/big.txt,35127296,131072
368,368_adaptive_phase_change_run08,adaptive,phase_change,1096,1778259546.6116812,/big.txt,35258368,131072
368,368_adaptive_phase_change_run08,adaptive,phase_change,1097,1778259546.611772,/big.txt,35389440,131072
368,368_adaptive_phase_change_run08,adaptive,phase_change,1098,1778259546.611863,/big.txt,35520512,131072
368,368_adaptive_phase_change_run08,adaptive,phase_change,1099,1778259546.6119523,/big.txt,35651584,131072
368,368_adaptive_phase_change_run08,adaptive,phase_change,1100,1778259546.6120434,/big.txt,35782656,131072
368,368_adaptive_phase_change_run08,adaptive,phase_change,1101,1778259546.6121323,/big.txt,35913728,131072
368,368_adaptive_phase_change_run08,adaptive,phase_change,1102,1778259546.6122231,/big.txt,36044800,131072
368,368_adaptive_phase_change_run08,adaptive,phase_change,1103,1778259546.6123142,/big.txt,36175872,131072
368,368_adaptive_phase_change_run08,adaptive,phase_change,1104,1778259546.6124046,/big.txt,36306944,131072
368,368_adaptive_phase_change_run08,adaptive,phase_change,1105,1778259546.6124952,/big.txt,36438016,131072
368,368_adaptive_phase_change_run08,adaptive,phase_change,1106,1778259546.6125853,/big.txt,36569088,131072
368,368_adaptive_phase_change_run08,adaptive,phase_change,1107,1778259546.6126754,/big.txt,36700160,131072
368,368_adaptive_phase_change_run08,adaptive,phase_change,1108,1778259546.612765,/big.txt,36831232,131072
368,368_adaptive_phase_change_run08,adaptive,phase_change,1109,1778259546.612854,/big.txt,36962304,131072
368,368_adaptive_phase_change_run08,adaptive,phase_change,1110,1778259546.612944,/big.txt,37093376,131072
368,368_adaptive_phase_change_run08,adaptive,phase_change,1111,1778259546.6130335,/big.txt,37224448,131072
368,368_adaptive_phase_change_run08,adaptive,phase_change,1112,1778259546.613124,/big.txt,37355520,131072
368,368_adaptive_phase_change_run08,adaptive,phase_change,1113,1778259546.6132183,/big.txt,37486592,131072
368,368_adaptive_phase_change_run08,adaptive,phase_change,1114,1778259546.613309,/big.txt,37617664,131072
368,368_adaptive_phase_change_run08,adaptive,phase_change,1115,1778259546.6133988,/big.txt,37748736,131072
368,368_adaptive_phase_change_run08,adaptive,phase_change,1116,1778259546.6134934,/big.txt,37879808,131072
368,368_adaptive_phase_change_run08,adaptive,phase_change,1117,1778259546.6135838,/big.txt,38010880,131072
368,368_adaptive_phase_change_run08,adaptive,phase_change,1118,1778259546.6136742,/big.txt,38141952,131072
368,368_adaptive_phase_change_run08,adaptive,phase_change,1119,1778259546.613765,/big.txt,38273024,131072
368,368_adaptive_phase_change_run08,adaptive,phase_change,1120,1778259546.6138556,/big.txt,38404096,131072
368,368_adaptive_phase_change_run08,adaptive,phase_change,1121,1778259546.613946,/big.txt,38535168,131072
368,368_adaptive_phase_change_run08,adaptive,phase_change,1122,1778259546.6140368,/big.txt,38666240,131072
368,368_adaptive_phase_change_run08,adaptive,phase_change,1123,1778259546.6141272,/big.txt,38797312,131072
368,368_adaptive_phase_change_run08,adaptive,phase_change,1124,1778259546.614217,/big.txt,38928384,131072
368,368_adaptive_phase_change_run08,adaptive,phase_change,1125,1778259546.614307,/big.txt,39059456,131072
368,368_adaptive_phase_change_run08,adaptive,phase_change,1126,1778259546.614398,/big.txt,39190528,131072
368,368_adaptive_phase_change_run08,adaptive,phase_change,1127,1778259546.614488,/big.txt,39321600,131072
368,368_adaptive_phase_change_run08,adaptive,phase_change,1128,1778259546.6145773,/big.txt,39452672,131072
368,368_adaptive_phase_change_run08,adaptive,phase_change,1129,1778259546.6146674,/big.txt,39583744,131072
368,368_adaptive_phase_change_run08,adaptive,phase_change,1130,1778259546.6147575,/big.txt,39714816,131072
368,368_adaptive_phase_change_run08,adaptive,phase_change,1131,1778259546.6148908,/big.txt,39845888,131072
368,368_adaptive_phase_change_run08,adaptive,phase_change,1132,1778259546.6149826,/big.txt,39976960,131072
368,368_adaptive_phase_change_run08,adaptive,phase_change,1133,1778259546.6150727,/big.txt,40108032,131072
368,368_adaptive_phase_change_run08,adaptive,phase_change,1134,1778259546.615163,/big.txt,40239104,131072
368,368_adaptive_phase_change_run08,adaptive,phase_change,1135,1778259546.615253,/big.txt,40370176,131072
368,368_adaptive_phase_change_run08,adaptive,phase_change,1136,1778259546.6153438,/big.txt,40501248,131072
368,368_adaptive_phase_change_run08,adaptive,phase_change,1137,1778259546.615434,/big.txt,40632320,131072
368,368_adaptive_phase_change_run08,adaptive,phase_change,1138,1778259546.615523,/big.txt,40763392,131072
368,368_adaptive_phase_change_run08,adaptive,phase_change,1139,1778259546.6156125,/big.txt,40894464,131072
368,368_adaptive_phase_change_run08,adaptive,phase_change,1140,1778259546.6157029,/big.txt,41025536,131072
368,368_adaptive_phase_change_run08,adaptive,phase_change,1141,1778259546.615797,/big.txt,41156608,131072
368,368_adaptive_phase_change_run08,adaptive,phase_change,1142,1778259546.6158872,/big.txt,41287680,131072
368,368_adaptive_phase_change_run08,adaptive,phase_change,1143,1778259546.6159773,/big.txt,41418752,131072
368,368_adaptive_phase_change_run08,adaptive,phase_change,1144,1778259546.616067,/big.txt,41549824,131072
368,368_adaptive_phase_change_run08,adaptive,phase_change,1145,1778259546.6161559,/big.txt,41680896,131072
368,368_adaptive_phase_change_run08,adaptive,phase_change,1146,1778259546.616245,/big.txt,41811968,131072
368,368_adaptive_phase_change_run08,adaptive,phase_change,1147,1778259546.6163352,/big.txt,41943040,131072
368,368_adaptive_phase_change_run08,adaptive,phase_change,1148,1778259546.6164255,/big.txt,42074112,131072
368,368_adaptive_phase_change_run08,adaptive,phase_change,1149,1778259546.616516,/big.txt,42205184,131072
368,368_adaptive_phase_change_run08,adaptive,phase_change,1150,1778259546.6166105,/big.txt,42336256,131072
368,368_adaptive_phase_change_run08,adaptive,phase_change,1151,1778259546.6167018,/big.txt,42467328,131072
368,368_adaptive_phase_change_run08,adaptive,phase_change,1152,1778259546.6167934,/big.txt,42598400,131072
368,368_adaptive_phase_change_run08,adaptive,phase_change,1153,1778259546.616884,/big.txt,42729472,131072
368,368_adaptive_phase_change_run08,adaptive,phase_change,1154,1778259546.6169784,/big.txt,42860544,131072
368,368_adaptive_phase_change_run08,adaptive,phase_change,1155,1778259546.617069,/big.txt,42991616,131072
368,368_adaptive_phase_change_run08,adaptive,phase_change,1156,1778259546.6171598,/big.txt,43122688,131072
368,368_adaptive_phase_change_run08,adaptive,phase_change,1157,1778259546.6172514,/big.txt,43253760,131072
368,368_adaptive_phase_change_run08,adaptive,phase_change,1158,1778259546.6173422,/big.txt,43384832,131072
368,368_adaptive_phase_change_run08,adaptive,phase_change,1159,1778259546.6174335,/big.txt,43515904,131072
368,368_adaptive_phase_change_run08,adaptive,phase_change,1160,1778259546.617524,/big.txt,43646976,131072
368,368_adaptive_phase_change_run08,adaptive,phase_change,1161,1778259546.6176143,/big.txt,43778048,131072
368,368_adaptive_phase_change_run08,adaptive,phase_change,1162,1778259546.617705,/big.txt,43909120,131072
368,368_adaptive_phase_change_run08,adaptive,phase_change,1163,1778259546.6177948,/big.txt,44040192,131072
368,368_adaptive_phase_change_run08,adaptive,phase_change,1164,1778259546.6178856,/big.txt,44171264,131072
368,368_adaptive_phase_change_run08,adaptive,phase_change,1165,1778259546.6179767,/big.txt,44302336,131072
368,368_adaptive_phase_change_run08,adaptive,phase_change,1166,1778259546.6180673,/big.txt,44433408,131072
368,368_adaptive_phase_change_run08,adaptive,phase_change,1167,1778259546.6181576,/big.txt,44564480,131072
368,368_adaptive_phase_change_run08,adaptive,phase_change,1168,1778259546.6182482,/big.txt,44695552,131072
368,368_adaptive_phase_change_run08,adaptive,phase_change,1169,1778259546.618342,/big.txt,44826624,131072
368,368_adaptive_phase_change_run08,adaptive,phase_change,1170,1778259546.6184325,/big.txt,44957696,131072
368,368_adaptive_phase_change_run08,adaptive,phase_change,1171,1778259546.6185224,/big.txt,45088768,131072
368,368_adaptive_phase_change_run08,adaptive,phase_change,1172,1778259546.618613,/big.txt,45219840,131072
368,368_adaptive_phase_change_run08,adaptive,phase_change,1173,1778259546.6187031,/big.txt,45350912,131072
368,368_adaptive_phase_change_run08,adaptive,phase_change,1174,1778259546.6188173,/big.txt,45481984,131072
368,368_adaptive_phase_change_run08,adaptive,phase_change,1175,1778259546.6189241,/big.txt,45613056,131072
368,368_adaptive_phase_change_run08,adaptive,phase_change,1176,1778259546.6190147,/big.txt,45744128,131072
368,368_adaptive_phase_change_run08,adaptive,phase_change,1177,1778259546.6191053,/big.txt,45875200,131072
368,368_adaptive_phase_change_run08,adaptive,phase_change,1178,1778259546.619196,/big.txt,46006272,131072
368,368_adaptive_phase_change_run08,adaptive,phase_change,1179,1778259546.619287,/big.txt,46137344,131072
368,368_adaptive_phase_change_run08,adaptive,phase_change,1180,1778259546.619378,/big.txt,46268416,131072
368,368_adaptive_phase_change_run08,adaptive,phase_change,1181,1778259546.6194685,/big.txt,46399488,131072
368,368_adaptive_phase_change_run08,adaptive,phase_change,1182,1778259546.6195605,/big.txt,46530560,131072
368,368_adaptive_phase_change_run08,adaptive,phase_change,1183,1778259546.6196513,/big.txt,46661632,131072
368,368_adaptive_phase_change_run08,adaptive,phase_change,1184,1778259546.6197417,/big.txt,46792704,131072
368,368_adaptive_phase_change_run08,adaptive,phase_change,1185,1778259546.6198318,/big.txt,46923776,131072
368,368_adaptive_phase_change_run08,adaptive,phase_change,1186,1778259546.6199217,/big.txt,47054848,131072
368,368_adaptive_phase_change_run08,adaptive,phase_change,1187,1778259546.620012,/big.txt,47185920,131072
368,368_adaptive_phase_change_run08,adaptive,phase_change,1188,1778259546.6201024,/big.txt,47316992,131072
368,368_adaptive_phase_change_run08,adaptive,phase_change,1189,1778259546.6201935,/big.txt,47448064,131072
368,368_adaptive_phase_change_run08,adaptive,phase_change,1190,1778259546.6202843,/big.txt,47579136,131072
368,368_adaptive_phase_change_run08,adaptive,phase_change,1191,1778259546.6203756,/big.txt,47710208,131072
368,368_adaptive_phase_change_run08,adaptive,phase_change,1192,1778259546.6204746,/big.txt,47841280,131072
368,368_adaptive_phase_change_run08,adaptive,phase_change,1193,1778259546.6205654,/big.txt,47972352,131072
368,368_adaptive_phase_change_run08,adaptive,phase_change,1194,1778259546.620656,/big.txt,48103424,131072
368,368_adaptive_phase_change_run08,adaptive,phase_change,1195,1778259546.6207454,/big.txt,48234496,131072
368,368_adaptive_phase_change_run08,adaptive,phase_change,1196,1778259546.6208396,/big.txt,48365568,131072
368,368_adaptive_phase_change_run08,adaptive,phase_change,1197,1778259546.6209295,/big.txt,48496640,131072
368,368_adaptive_phase_change_run08,adaptive,phase_change,1198,1778259546.6210186,/big.txt,48627712,131072
368,368_adaptive_phase_change_run08,adaptive,phase_change,1199,1778259546.6211083,/big.txt,48758784,131072
368,368_adaptive_phase_change_run08,adaptive,phase_change,1200,1778259546.6211975,/big.txt,48889856,131072
368,368_adaptive_phase_change_run08,adaptive,phase_change,1201,1778259546.6212873,/big.txt,49020928,131072
368,368_adaptive_phase_change_run08,adaptive,phase_change,1202,1778259546.6213777,/big.txt,49152000,131072
368,368_adaptive_phase_change_run08,adaptive,phase_change,1203,1778259546.621468,/big.txt,49283072,131072
368,368_adaptive_phase_change_run08,adaptive,phase_change,1204,1778259546.6215596,/big.txt,49414144,131072
368,368_adaptive_phase_change_run08,adaptive,phase_change,1205,1778259546.62165,/big.txt,49545216,131072
368,368_adaptive_phase_change_run08,adaptive,phase_change,1206,1778259546.6217408,/big.txt,49676288,131072
368,368_adaptive_phase_change_run08,adaptive,phase_change,1207,1778259546.6218314,/big.txt,49807360,131072
368,368_adaptive_phase_change_run08,adaptive,phase_change,1208,1778259546.621923,/big.txt,49938432,131072
368,368_adaptive_phase_change_run08,adaptive,phase_change,1209,1778259546.6220129,/big.txt,50069504,131072
368,368_adaptive_phase_change_run08,adaptive,phase_change,1210,1778259546.6221035,/big.txt,50200576,131072
368,368_adaptive_phase_change_run08,adaptive,phase_change,1211,1778259546.6221948,/big.txt,50331648,131072
368,368_adaptive_phase_change_run08,adaptive,phase_change,1212,1778259546.6222851,/big.txt,50462720,131072
368,368_adaptive_phase_change_run08,adaptive,phase_change,1213,1778259546.6223752,/big.txt,50593792,131072
368,368_adaptive_phase_change_run08,adaptive,phase_change,1214,1778259546.622466,/big.txt,50724864,131072
368,368_adaptive_phase_change_run08,adaptive,phase_change,1215,1778259546.6225564,/big.txt,50855936,131072
368,368_adaptive_phase_change_run08,adaptive,phase_change,1216,1778259546.6226468,/big.txt,50987008,131072
368,368_adaptive_phase_change_run08,adaptive,phase_change,1217,1778259546.622737,/big.txt,51118080,131072
368,368_adaptive_phase_change_run08,adaptive,phase_change,1218,1778259546.622873,/big.txt,51249152,131072
368,368_adaptive_phase_change_run08,adaptive,phase_change,1219,1778259546.6229663,/big.txt,51380224,131072
368,368_adaptive_phase_change_run08,adaptive,phase_change,1220,1778259546.6230574,/big.txt,51511296,131072
368,368_adaptive_phase_change_run08,adaptive,phase_change,1221,1778259546.6231492,/big.txt,51642368,131072
368,368_adaptive_phase_change_run08,adaptive,phase_change,1222,1778259546.6232388,/big.txt,51773440,131072
368,368_adaptive_phase_change_run08,adaptive,phase_change,1223,1778259546.623329,/big.txt,51904512,131072
368,368_adaptive_phase_change_run08,adaptive,phase_change,1224,1778259546.6234226,/big.txt,52035584,131072
368,368_adaptive_phase_change_run08,adaptive,phase_change,1225,1778259546.6235137,/big.txt,52166656,131072
368,368_adaptive_phase_change_run08,adaptive,phase_change,1226,1778259546.623604,/big.txt,52297728,131072
368,368_adaptive_phase_change_run08,adaptive,phase_change,1227,1778259546.6236947,/big.txt,52428800,131072
368,368_adaptive_phase_change_run08,adaptive,phase_change,1228,1778259546.6237857,/big.txt,52559872,131072
368,368_adaptive_phase_change_run08,adaptive,phase_change,1229,1778259546.6238763,/big.txt,52690944,131072
368,368_adaptive_phase_change_run08,adaptive,phase_change,1230,1778259546.6239717,/big.txt,52822016,131072
368,368_adaptive_phase_change_run08,adaptive,phase_change,1231,1778259546.624062,/big.txt,52953088,131072
368,368_adaptive_phase_change_run08,adaptive,phase_change,1232,1778259546.6241534,/big.txt,53084160,131072
368,368_adaptive_phase_change_run08,adaptive,phase_change,1233,1778259546.6242442,/big.txt,53215232,131072
368,368_adaptive_phase_change_run08,adaptive,phase_change,1234,1778259546.6243346,/big.txt,53346304,131072
368,368_adaptive_phase_change_run08,adaptive,phase_change,1235,1778259546.624426,/big.txt,53477376,131072
368,368_adaptive_phase_change_run08,adaptive,phase_change,1236,1778259546.6245167,/big.txt,53608448,131072
368,368_adaptive_phase_change_run08,adaptive,phase_change,1237,1778259546.6246076,/big.txt,53739520,131072
368,368_adaptive_phase_change_run08,adaptive,phase_change,1238,1778259546.624698,/big.txt,53870592,131072
368,368_adaptive_phase_change_run08,adaptive,phase_change,1239,1778259546.6247883,/big.txt,54001664,131072
368,368_adaptive_phase_change_run08,adaptive,phase_change,1240,1778259546.6248794,/big.txt,54132736,131072
368,368_adaptive_phase_change_run08,adaptive,phase_change,1241,1778259546.624971,/big.txt,54263808,131072
368,368_adaptive_phase_change_run08,adaptive,phase_change,1242,1778259546.6250625,/big.txt,54394880,131072
368,368_adaptive_phase_change_run08,adaptive,phase_change,1243,1778259546.625154,/big.txt,54525952,131072
368,368_adaptive_phase_change_run08,adaptive,phase_change,1244,1778259546.6252444,/big.txt,54657024,131072
368,368_adaptive_phase_change_run08,adaptive,phase_change,1245,1778259546.6253355,/big.txt,54788096,131072
368,368_adaptive_phase_change_run08,adaptive,phase_change,1246,1778259546.6254363,/big.txt,54919168,131072
368,368_adaptive_phase_change_run08,adaptive,phase_change,1247,1778259546.6255286,/big.txt,55050240,131072
368,368_adaptive_phase_change_run08,adaptive,phase_change,1248,1778259546.62562,/big.txt,55181312,131072
368,368_adaptive_phase_change_run08,adaptive,phase_change,1249,1778259546.6257112,/big.txt,55312384,131072
368,368_adaptive_phase_change_run08,adaptive,phase_change,1250,1778259546.625802,/big.txt,55443456,131072
368,368_adaptive_phase_change_run08,adaptive,phase_change,1251,1778259546.625893,/big.txt,55574528,131072
368,368_adaptive_phase_change_run08,adaptive,phase_change,1252,1778259546.6259882,/big.txt,55705600,131072
368,368_adaptive_phase_change_run08,adaptive,phase_change,1253,1778259546.6260796,/big.txt,55836672,131072
368,368_adaptive_phase_change_run08,adaptive,phase_change,1254,1778259546.6261706,/big.txt,55967744,131072
368,368_adaptive_phase_change_run08,adaptive,phase_change,1255,1778259546.626262,/big.txt,56098816,131072
368,368_adaptive_phase_change_run08,adaptive,phase_change,1256,1778259546.6263525,/big.txt,56229888,131072
368,368_adaptive_phase_change_run08,adaptive,phase_change,1257,1778259546.6264427,/big.txt,56360960,131072
368,368_adaptive_phase_change_run08,adaptive,phase_change,1258,1778259546.6265337,/big.txt,56492032,131072
368,368_adaptive_phase_change_run08,adaptive,phase_change,1259,1778259546.6266243,/big.txt,56623104,131072
368,368_adaptive_phase_change_run08,adaptive,phase_change,1260,1778259546.6267152,/big.txt,56754176,131072
368,368_adaptive_phase_change_run08,adaptive,phase_change,1261,1778259546.626843,/big.txt,56885248,131072
368,368_adaptive_phase_change_run08,adaptive,phase_change,1262,1778259546.626949,/big.txt,57016320,131072
368,368_adaptive_phase_change_run08,adaptive,phase_change,1263,1778259546.6270792,/big.txt,57147392,131072
368,368_adaptive_phase_change_run08,adaptive,phase_change,1264,1778259546.6272082,/big.txt,57278464,131072
368,368_adaptive_phase_change_run08,adaptive,phase_change,1265,1778259546.6273258,/big.txt,57409536,131072
368,368_adaptive_phase_change_run08,adaptive,phase_change,1266,1778259546.6274183,/big.txt,57540608,131072
368,368_adaptive_phase_change_run08,adaptive,phase_change,1267,1778259546.6275115,/big.txt,57671680,131072
368,368_adaptive_phase_change_run08,adaptive,phase_change,1268,1778259546.6276093,/big.txt,57802752,131072
368,368_adaptive_phase_change_run08,adaptive,phase_change,1269,1778259546.6277037,/big.txt,57933824,131072
368,368_adaptive_phase_change_run08,adaptive,phase_change,1270,1778259546.627797,/big.txt,58064896,131072
368,368_adaptive_phase_change_run08,adaptive,phase_change,1271,1778259546.6278908,/big.txt,58195968,131072
368,368_adaptive_phase_change_run08,adaptive,phase_change,1272,1778259546.6279845,/big.txt,58327040,131072
368,368_adaptive_phase_change_run08,adaptive,phase_change,1273,1778259546.6280775,/big.txt,58458112,131072
368,368_adaptive_phase_change_run08,adaptive,phase_change,1274,1778259546.628168,/big.txt,58589184,131072
368,368_adaptive_phase_change_run08,adaptive,phase_change,1275,1778259546.6282604,/big.txt,58720256,131072
368,368_adaptive_phase_change_run08,adaptive,phase_change,1276,1778259546.628355,/big.txt,58851328,131072
368,368_adaptive_phase_change_run08,adaptive,phase_change,1277,1778259546.6284466,/big.txt,58982400,131072
368,368_adaptive_phase_change_run08,adaptive,phase_change,1278,1778259546.6285377,/big.txt,59113472,131072
368,368_adaptive_phase_change_run08,adaptive,phase_change,1279,1778259546.6286335,/big.txt,59244544,131072
368,368_adaptive_phase_change_run08,adaptive,phase_change,1280,1778259546.6287258,/big.txt,59375616,131072
368,368_adaptive_phase_change_run08,adaptive,phase_change,1281,1778259546.6288166,/big.txt,59506688,131072
368,368_adaptive_phase_change_run08,adaptive,phase_change,1282,1778259546.6289077,/big.txt,59637760,131072
368,368_adaptive_phase_change_run08,adaptive,phase_change,1283,1778259546.6289988,/big.txt,59768832,131072
368,368_adaptive_phase_change_run08,adaptive,phase_change,1284,1778259546.6290889,/big.txt,59899904,131072
368,368_adaptive_phase_change_run08,adaptive,phase_change,1285,1778259546.6291804,/big.txt,60030976,131072
368,368_adaptive_phase_change_run08,adaptive,phase_change,1286,1778259546.6292717,/big.txt,60162048,131072
368,368_adaptive_phase_change_run08,adaptive,phase_change,1287,1778259546.6293633,/big.txt,60293120,131072
368,368_adaptive_phase_change_run08,adaptive,phase_change,1288,1778259546.629455,/big.txt,60424192,131072
368,368_adaptive_phase_change_run08,adaptive,phase_change,1289,1778259546.6295464,/big.txt,60555264,131072
368,368_adaptive_phase_change_run08,adaptive,phase_change,1290,1778259546.6296377,/big.txt,60686336,131072
368,368_adaptive_phase_change_run08,adaptive,phase_change,1291,1778259546.6297288,/big.txt,60817408,131072
368,368_adaptive_phase_change_run08,adaptive,phase_change,1292,1778259546.6298199,/big.txt,60948480,131072
368,368_adaptive_phase_change_run08,adaptive,phase_change,1293,1778259546.6299112,/big.txt,61079552,131072
368,368_adaptive_phase_change_run08,adaptive,phase_change,1294,1778259546.6300023,/big.txt,61210624,131072
368,368_adaptive_phase_change_run08,adaptive,phase_change,1295,1778259546.6300936,/big.txt,61341696,131072
368,368_adaptive_phase_change_run08,adaptive,phase_change,1296,1778259546.6301847,/big.txt,61472768,131072
368,368_adaptive_phase_change_run08,adaptive,phase_change,1297,1778259546.6302764,/big.txt,61603840,131072
368,368_adaptive_phase_change_run08,adaptive,phase_change,1298,1778259546.6303675,/big.txt,61734912,131072
368,368_adaptive_phase_change_run08,adaptive,phase_change,1299,1778259546.6304588,/big.txt,61865984,131072
368,368_adaptive_phase_change_run08,adaptive,phase_change,1300,1778259546.6305504,/big.txt,61997056,131072
368,368_adaptive_phase_change_run08,adaptive,phase_change,1301,1778259546.6306412,/big.txt,62128128,131072
368,368_adaptive_phase_change_run08,adaptive,phase_change,1302,1778259546.630732,/big.txt,62259200,131072
368,368_adaptive_phase_change_run08,adaptive,phase_change,1303,1778259546.6308312,/big.txt,62390272,131072
368,368_adaptive_phase_change_run08,adaptive,phase_change,1304,1778259546.6309245,/big.txt,62521344,131072
368,368_adaptive_phase_change_run08,adaptive,phase_change,1305,1778259546.6310155,/big.txt,62652416,131072
368,368_adaptive_phase_change_run08,adaptive,phase_change,1306,1778259546.63111,/big.txt,62783488,131072
368,368_adaptive_phase_change_run08,adaptive,phase_change,1307,1778259546.631204,/big.txt,62914560,131072
368,368_adaptive_phase_change_run08,adaptive,phase_change,1308,1778259546.6312947,/big.txt,63045632,131072
368,368_adaptive_phase_change_run08,adaptive,phase_change,1309,1778259546.6313858,/big.txt,63176704,131072
368,368_adaptive_phase_change_run08,adaptive,phase_change,1310,1778259546.6314762,/big.txt,63307776,131072
368,368_adaptive_phase_change_run08,adaptive,phase_change,1311,1778259546.631566,/big.txt,63438848,131072
368,368_adaptive_phase_change_run08,adaptive,phase_change,1312,1778259546.6316574,/big.txt,63569920,131072
368,368_adaptive_phase_change_run08,adaptive,phase_change,1313,1778259546.6317472,/big.txt,63700992,131072
368,368_adaptive_phase_change_run08,adaptive,phase_change,1314,1778259546.6318376,/big.txt,63832064,131072
368,368_adaptive_phase_change_run08,adaptive,phase_change,1315,1778259546.6319282,/big.txt,63963136,131072
368,368_adaptive_phase_change_run08,adaptive,phase_change,1316,1778259546.6320188,/big.txt,64094208,131072
368,368_adaptive_phase_change_run08,adaptive,phase_change,1317,1778259546.6321094,/big.txt,64225280,131072
368,368_adaptive_phase_change_run08,adaptive,phase_change,1318,1778259546.6322005,/big.txt,64356352,131072
368,368_adaptive_phase_change_run08,adaptive,phase_change,1319,1778259546.6322906,/big.txt,64487424,131072
368,368_adaptive_phase_change_run08,adaptive,phase_change,1320,1778259546.6323812,/big.txt,64618496,131072
368,368_adaptive_phase_change_run08,adaptive,phase_change,1321,1778259546.632472,/big.txt,64749568,131072
368,368_adaptive_phase_change_run08,adaptive,phase_change,1322,1778259546.6325626,/big.txt,64880640,131072
368,368_adaptive_phase_change_run08,adaptive,phase_change,1323,1778259546.6326542,/big.txt,65011712,131072
368,368_adaptive_phase_change_run08,adaptive,phase_change,1324,1778259546.632744,/big.txt,65142784,131072
368,368_adaptive_phase_change_run08,adaptive,phase_change,1325,1778259546.6328354,/big.txt,65273856,131072
368,368_adaptive_phase_change_run08,adaptive,phase_change,1326,1778259546.6329257,/big.txt,65404928,131072
368,368_adaptive_phase_change_run08,adaptive,phase_change,1327,1778259546.6330163,/big.txt,65536000,131072
368,368_adaptive_phase_change_run08,adaptive,phase_change,1328,1778259546.6331074,/big.txt,65667072,131072
368,368_adaptive_phase_change_run08,adaptive,phase_change,1329,1778259546.6331995,/big.txt,65798144,131072
368,368_adaptive_phase_change_run08,adaptive,phase_change,1330,1778259546.63329,/big.txt,65929216,131072
368,368_adaptive_phase_change_run08,adaptive,phase_change,1331,1778259546.6333816,/big.txt,66060288,131072
368,368_adaptive_phase_change_run08,adaptive,phase_change,1332,1778259546.633473,/big.txt,66191360,131072
368,368_adaptive_phase_change_run08,adaptive,phase_change,1333,1778259546.6335642,/big.txt,66322432,131072
368,368_adaptive_phase_change_run08,adaptive,phase_change,1334,1778259546.6336544,/big.txt,66453504,131072
368,368_adaptive_phase_change_run08,adaptive,phase_change,1335,1778259546.6337502,/big.txt,66584576,131072
368,368_adaptive_phase_change_run08,adaptive,phase_change,1336,1778259546.633842,/big.txt,66715648,131072
368,368_adaptive_phase_change_run08,adaptive,phase_change,1337,1778259546.633932,/big.txt,66846720,131072
368,368_adaptive_phase_change_run08,adaptive,phase_change,1338,1778259546.634024,/big.txt,66977792,131072
368,368_adaptive_phase_change_run08,adaptive,phase_change,1339,1778259546.6341147,/big.txt,67108864,131072
368,368_adaptive_phase_change_run08,adaptive,phase_change,1340,1778259546.6342056,/big.txt,67239936,131072
368,368_adaptive_phase_change_run08,adaptive,phase_change,1341,1778259546.6342967,/big.txt,67371008,131072
368,368_adaptive_phase_change_run08,adaptive,phase_change,1342,1778259546.6343875,/big.txt,67502080,131072
368,368_adaptive_phase_change_run08,adaptive,phase_change,1343,1778259546.6344779,/big.txt,67633152,131072
368,368_adaptive_phase_change_run08,adaptive,phase_change,1344,1778259546.634572,/big.txt,67764224,131072
368,368_adaptive_phase_change_run08,adaptive,phase_change,1345,1778259546.6346643,/big.txt,67895296,131072
368,368_adaptive_phase_change_run08,adaptive,phase_change,1346,1778259546.6347551,/big.txt,68026368,131072
368,368_adaptive_phase_change_run08,adaptive,phase_change,1347,1778259546.6348865,/big.txt,68157440,131072
368,368_adaptive_phase_change_run08,adaptive,phase_change,1348,1778259546.634979,/big.txt,68288512,131072
368,368_adaptive_phase_change_run08,adaptive,phase_change,1349,1778259546.635071,/big.txt,68419584,131072
368,368_adaptive_phase_change_run08,adaptive,phase_change,1350,1778259546.6351619,/big.txt,68550656,131072
368,368_adaptive_phase_change_run08,adaptive,phase_change,1351,1778259546.6352525,/big.txt,68681728,131072
368,368_adaptive_phase_change_run08,adaptive,phase_change,1352,1778259546.6353443,/big.txt,68812800,131072
368,368_adaptive_phase_change_run08,adaptive,phase_change,1353,1778259546.6354344,/big.txt,68943872,131072
368,368_adaptive_phase_change_run08,adaptive,phase_change,1354,1778259546.6355257,/big.txt,69074944,131072
368,368_adaptive_phase_change_run08,adaptive,phase_change,1355,1778259546.6356173,/big.txt,69206016,131072
368,368_adaptive_phase_change_run08,adaptive,phase_change,1356,1778259546.6357086,/big.txt,69337088,131072
368,368_adaptive_phase_change_run08,adaptive,phase_change,1357,1778259546.635799,/big.txt,69468160,131072
368,368_adaptive_phase_change_run08,adaptive,phase_change,1358,1778259546.635889,/big.txt,69599232,131072
368,368_adaptive_phase_change_run08,adaptive,phase_change,1359,1778259546.6359792,/big.txt,69730304,131072
368,368_adaptive_phase_change_run08,adaptive,phase_change,1360,1778259546.6360703,/big.txt,69861376,131072
368,368_adaptive_phase_change_run08,adaptive,phase_change,1361,1778259546.6361606,/big.txt,69992448,131072
368,368_adaptive_phase_change_run08,adaptive,phase_change,1362,1778259546.636251,/big.txt,70123520,131072
368,368_adaptive_phase_change_run08,adaptive,phase_change,1363,1778259546.6363447,/big.txt,70254592,131072
368,368_adaptive_phase_change_run08,adaptive,phase_change,1364,1778259546.6364348,/big.txt,70385664,131072
368,368_adaptive_phase_change_run08,adaptive,phase_change,1365,1778259546.6365254,/big.txt,70516736,131072
368,368_adaptive_phase_change_run08,adaptive,phase_change,1366,1778259546.6366148,/big.txt,70647808,131072
368,368_adaptive_phase_change_run08,adaptive,phase_change,1367,1778259546.6367059,/big.txt,70778880,131072
368,368_adaptive_phase_change_run08,adaptive,phase_change,1368,1778259546.6367962,/big.txt,70909952,131072
368,368_adaptive_phase_change_run08,adaptive,phase_change,1369,1778259546.6368866,/big.txt,71041024,131072
368,368_adaptive_phase_change_run08,adaptive,phase_change,1370,1778259546.6369767,/big.txt,71172096,131072
368,368_adaptive_phase_change_run08,adaptive,phase_change,1371,1778259546.6370668,/big.txt,71303168,131072
368,368_adaptive_phase_change_run08,adaptive,phase_change,1372,1778259546.6371562,/big.txt,71434240,131072
368,368_adaptive_phase_change_run08,adaptive,phase_change,1373,1778259546.6372476,/big.txt,71565312,131072
368,368_adaptive_phase_change_run08,adaptive,phase_change,1374,1778259546.6373374,/big.txt,71696384,131072
368,368_adaptive_phase_change_run08,adaptive,phase_change,1375,1778259546.6374276,/big.txt,71827456,131072
368,368_adaptive_phase_change_run08,adaptive,phase_change,1376,1778259546.637518,/big.txt,71958528,131072
368,368_adaptive_phase_change_run08,adaptive,phase_change,1377,1778259546.6376076,/big.txt,72089600,131072
368,368_adaptive_phase_change_run08,adaptive,phase_change,1378,1778259546.6376977,/big.txt,72220672,131072
368,368_adaptive_phase_change_run08,adaptive,phase_change,1379,1778259546.6377873,/big.txt,72351744,131072
368,368_adaptive_phase_change_run08,adaptive,phase_change,1380,1778259546.637877,/big.txt,72482816,131072
368,368_adaptive_phase_change_run08,adaptive,phase_change,1381,1778259546.6379664,/big.txt,72613888,131072
368,368_adaptive_phase_change_run08,adaptive,phase_change,1382,1778259546.638061,/big.txt,72744960,131072
368,368_adaptive_phase_change_run08,adaptive,phase_change,1383,1778259546.6381514,/big.txt,72876032,131072
368,368_adaptive_phase_change_run08,adaptive,phase_change,1384,1778259546.6382415,/big.txt,73007104,131072
368,368_adaptive_phase_change_run08,adaptive,phase_change,1385,1778259546.6383317,/big.txt,73138176,131072
368,368_adaptive_phase_change_run08,adaptive,phase_change,1386,1778259546.638422,/big.txt,73269248,131072
368,368_adaptive_phase_change_run08,adaptive,phase_change,1387,1778259546.6385114,/big.txt,73400320,131072
368,368_adaptive_phase_change_run08,adaptive,phase_change,1388,1778259546.6386018,/big.txt,73531392,131072
368,368_adaptive_phase_change_run08,adaptive,phase_change,1389,1778259546.6386912,/big.txt,73662464,131072
368,368_adaptive_phase_change_run08,adaptive,phase_change,1390,1778259546.6388347,/big.txt,73793536,131072
368,368_adaptive_phase_change_run08,adaptive,phase_change,1391,1778259546.6389291,/big.txt,73924608,131072
368,368_adaptive_phase_change_run08,adaptive,phase_change,1392,1778259546.63902,/big.txt,74055680,131072
368,368_adaptive_phase_change_run08,adaptive,phase_change,1393,1778259546.6391098,/big.txt,74186752,131072
368,368_adaptive_phase_change_run08,adaptive,phase_change,1394,1778259546.6391995,/big.txt,74317824,131072
368,368_adaptive_phase_change_run08,adaptive,phase_change,1395,1778259546.6392896,/big.txt,74448896,131072
368,368_adaptive_phase_change_run08,adaptive,phase_change,1396,1778259546.6393795,/big.txt,74579968,131072
368,368_adaptive_phase_change_run08,adaptive,phase_change,1397,1778259546.6394699,/big.txt,74711040,131072
368,368_adaptive_phase_change_run08,adaptive,phase_change,1398,1778259546.63956,/big.txt,74842112,131072
368,368_adaptive_phase_change_run08,adaptive,phase_change,1399,1778259546.6396503,/big.txt,74973184,131072
368,368_adaptive_phase_change_run08,adaptive,phase_change,1400,1778259546.63974,/big.txt,75104256,131072
368,368_adaptive_phase_change_run08,adaptive,phase_change,1401,1778259546.6398294,/big.txt,75235328,131072
368,368_adaptive_phase_change_run08,adaptive,phase_change,1402,1778259546.6399198,/big.txt,75366400,131072
368,368_adaptive_phase_change_run08,adaptive,phase_change,1403,1778259546.640011,/big.txt,75497472,131072
368,368_adaptive_phase_change_run08,adaptive,phase_change,1404,1778259546.640105,/big.txt,75628544,131072
368,368_adaptive_phase_change_run08,adaptive,phase_change,1405,1778259546.6401956,/big.txt,75759616,131072
368,368_adaptive_phase_change_run08,adaptive,phase_change,1406,1778259546.640293,/big.txt,75890688,131072
368,368_adaptive_phase_change_run08,adaptive,phase_change,1407,1778259546.6403842,/big.txt,76021760,131072
368,368_adaptive_phase_change_run08,adaptive,phase_change,1408,1778259546.640475,/big.txt,76152832,131072
368,368_adaptive_phase_change_run08,adaptive,phase_change,1409,1778259546.6405654,/big.txt,76283904,131072
368,368_adaptive_phase_change_run08,adaptive,phase_change,1410,1778259546.640655,/big.txt,76414976,131072
368,368_adaptive_phase_change_run08,adaptive,phase_change,1411,1778259546.6407456,/big.txt,76546048,131072
368,368_adaptive_phase_change_run08,adaptive,phase_change,1412,1778259546.640836,/big.txt,76677120,131072
368,368_adaptive_phase_change_run08,adaptive,phase_change,1413,1778259546.640927,/big.txt,76808192,131072
368,368_adaptive_phase_change_run08,adaptive,phase_change,1414,1778259546.6410162,/big.txt,76939264,131072
368,368_adaptive_phase_change_run08,adaptive,phase_change,1415,1778259546.641106,/big.txt,77070336,131072
368,368_adaptive_phase_change_run08,adaptive,phase_change,1416,1778259546.6411958,/big.txt,77201408,131072
368,368_adaptive_phase_change_run08,adaptive,phase_change,1417,1778259546.6412854,/big.txt,77332480,131072
368,368_adaptive_phase_change_run08,adaptive,phase_change,1418,1778259546.6413784,/big.txt,77463552,131072
368,368_adaptive_phase_change_run08,adaptive,phase_change,1419,1778259546.641468,/big.txt,77594624,131072
368,368_adaptive_phase_change_run08,adaptive,phase_change,1420,1778259546.6415613,/big.txt,77725696,131072
368,368_adaptive_phase_change_run08,adaptive,phase_change,1421,1778259546.6416512,/big.txt,77856768,131072
368,368_adaptive_phase_change_run08,adaptive,phase_change,1422,1778259546.6417413,/big.txt,77987840,131072
368,368_adaptive_phase_change_run08,adaptive,phase_change,1423,1778259546.641831,/big.txt,78118912,131072
368,368_adaptive_phase_change_run08,adaptive,phase_change,1424,1778259546.6419213,/big.txt,78249984,131072
368,368_adaptive_phase_change_run08,adaptive,phase_change,1425,1778259546.6420112,/big.txt,78381056,131072
368,368_adaptive_phase_change_run08,adaptive,phase_change,1426,1778259546.642101,/big.txt,78512128,131072
368,368_adaptive_phase_change_run08,adaptive,phase_change,1427,1778259546.6421907,/big.txt,78643200,131072
368,368_adaptive_phase_change_run08,adaptive,phase_change,1428,1778259546.642281,/big.txt,78774272,131072
368,368_adaptive_phase_change_run08,adaptive,phase_change,1429,1778259546.6423707,/big.txt,78905344,131072
368,368_adaptive_phase_change_run08,adaptive,phase_change,1430,1778259546.6424613,/big.txt,79036416,131072
368,368_adaptive_phase_change_run08,adaptive,phase_change,1431,1778259546.6425517,/big.txt,79167488,131072
368,368_adaptive_phase_change_run08,adaptive,phase_change,1432,1778259546.642641,/big.txt,79298560,131072
368,368_adaptive_phase_change_run08,adaptive,phase_change,1433,1778259546.6427307,/big.txt,79429632,131072
368,368_adaptive_phase_change_run08,adaptive,phase_change,1434,1778259546.6428592,/big.txt,79560704,131072
368,368_adaptive_phase_change_run08,adaptive,phase_change,1435,1778259546.6429503,/big.txt,79691776,131072
368,368_adaptive_phase_change_run08,adaptive,phase_change,1436,1778259546.6430402,/big.txt,79822848,131072
368,368_adaptive_phase_change_run08,adaptive,phase_change,1437,1778259546.6431298,/big.txt,79953920,131072
368,368_adaptive_phase_change_run08,adaptive,phase_change,1438,1778259546.6432202,/big.txt,80084992,131072
368,368_adaptive_phase_change_run08,adaptive,phase_change,1439,1778259546.6433105,/big.txt,80216064,131072
368,368_adaptive_phase_change_run08,adaptive,phase_change,1440,1778259546.6434011,/big.txt,80347136,131072
368,368_adaptive_phase_change_run08,adaptive,phase_change,1441,1778259546.6434915,/big.txt,80478208,131072
368,368_adaptive_phase_change_run08,adaptive,phase_change,1442,1778259546.6435819,/big.txt,80609280,131072
368,368_adaptive_phase_change_run08,adaptive,phase_change,1443,1778259546.6436718,/big.txt,80740352,131072
368,368_adaptive_phase_change_run08,adaptive,phase_change,1444,1778259546.6437614,/big.txt,80871424,131072
368,368_adaptive_phase_change_run08,adaptive,phase_change,1445,1778259546.6438515,/big.txt,81002496,131072
368,368_adaptive_phase_change_run08,adaptive,phase_change,1446,1778259546.6439457,/big.txt,81133568,131072
368,368_adaptive_phase_change_run08,adaptive,phase_change,1447,1778259546.644036,/big.txt,81264640,131072
368,368_adaptive_phase_change_run08,adaptive,phase_change,1448,1778259546.6441255,/big.txt,81395712,131072
368,368_adaptive_phase_change_run08,adaptive,phase_change,1449,1778259546.6442158,/big.txt,81526784,131072
368,368_adaptive_phase_change_run08,adaptive,phase_change,1450,1778259546.644306,/big.txt,81657856,131072
368,368_adaptive_phase_change_run08,adaptive,phase_change,1451,1778259546.6443956,/big.txt,81788928,131072
368,368_adaptive_phase_change_run08,adaptive,phase_change,1452,1778259546.644486,/big.txt,81920000,131072
368,368_adaptive_phase_change_run08,adaptive,phase_change,1453,1778259546.6445765,/big.txt,82051072,131072
368,368_adaptive_phase_change_run08,adaptive,phase_change,1454,1778259546.6446667,/big.txt,82182144,131072
368,368_adaptive_phase_change_run08,adaptive,phase_change,1455,1778259546.6447566,/big.txt,82313216,131072
368,368_adaptive_phase_change_run08,adaptive,phase_change,1456,1778259546.6448476,/big.txt,82444288,131072
368,368_adaptive_phase_change_run08,adaptive,phase_change,1457,1778259546.644938,/big.txt,82575360,131072
368,368_adaptive_phase_change_run08,adaptive,phase_change,1458,1778259546.6450324,/big.txt,82706432,131072
368,368_adaptive_phase_change_run08,adaptive,phase_change,1459,1778259546.6451228,/big.txt,82837504,131072
368,368_adaptive_phase_change_run08,adaptive,phase_change,1460,1778259546.6452134,/big.txt,82968576,131072
368,368_adaptive_phase_change_run08,adaptive,phase_change,1461,1778259546.6453037,/big.txt,83099648,131072
368,368_adaptive_phase_change_run08,adaptive,phase_change,1462,1778259546.6453943,/big.txt,83230720,131072
368,368_adaptive_phase_change_run08,adaptive,phase_change,1463,1778259546.6454854,/big.txt,83361792,131072
368,368_adaptive_phase_change_run08,adaptive,phase_change,1464,1778259546.6455753,/big.txt,83492864,131072
368,368_adaptive_phase_change_run08,adaptive,phase_change,1465,1778259546.645665,/big.txt,83623936,131072
368,368_adaptive_phase_change_run08,adaptive,phase_change,1466,1778259546.6457562,/big.txt,83755008,131072
368,368_adaptive_phase_change_run08,adaptive,phase_change,1467,1778259546.6458468,/big.txt,83886080,131072
368,368_adaptive_phase_change_run08,adaptive,phase_change,1468,1778259546.6459367,/big.txt,84017152,131072
368,368_adaptive_phase_change_run08,adaptive,phase_change,1469,1778259546.6460261,/big.txt,84148224,131072
368,368_adaptive_phase_change_run08,adaptive,phase_change,1470,1778259546.6461163,/big.txt,84279296,131072
368,368_adaptive_phase_change_run08,adaptive,phase_change,1471,1778259546.6462066,/big.txt,84410368,131072
368,368_adaptive_phase_change_run08,adaptive,phase_change,1472,1778259546.6462975,/big.txt,84541440,131072
368,368_adaptive_phase_change_run08,adaptive,phase_change,1473,1778259546.6463912,/big.txt,84672512,131072
368,368_adaptive_phase_change_run08,adaptive,phase_change,1474,1778259546.6464822,/big.txt,84803584,131072
368,368_adaptive_phase_change_run08,adaptive,phase_change,1475,1778259546.646572,/big.txt,84934656,131072
368,368_adaptive_phase_change_run08,adaptive,phase_change,1476,1778259546.6466622,/big.txt,85065728,131072
368,368_adaptive_phase_change_run08,adaptive,phase_change,1477,1778259546.6467524,/big.txt,85196800,131072
368,368_adaptive_phase_change_run08,adaptive,phase_change,1478,1778259546.646896,/big.txt,85327872,131072
368,368_adaptive_phase_change_run08,adaptive,phase_change,1479,1778259546.6469877,/big.txt,85458944,131072
368,368_adaptive_phase_change_run08,adaptive,phase_change,1480,1778259546.6470785,/big.txt,85590016,131072
368,368_adaptive_phase_change_run08,adaptive,phase_change,1481,1778259546.6471689,/big.txt,85721088,131072
368,368_adaptive_phase_change_run08,adaptive,phase_change,1482,1778259546.6472597,/big.txt,85852160,131072
368,368_adaptive_phase_change_run08,adaptive,phase_change,1483,1778259546.6473517,/big.txt,85983232,131072
368,368_adaptive_phase_change_run08,adaptive,phase_change,1484,1778259546.647443,/big.txt,86114304,131072
368,368_adaptive_phase_change_run08,adaptive,phase_change,1485,1778259546.647534,/big.txt,86245376,131072
368,368_adaptive_phase_change_run08,adaptive,phase_change,1486,1778259546.6476245,/big.txt,86376448,131072
368,368_adaptive_phase_change_run08,adaptive,phase_change,1487,1778259546.6477163,/big.txt,86507520,131072
368,368_adaptive_phase_change_run08,adaptive,phase_change,1488,1778259546.6478062,/big.txt,86638592,131072
368,368_adaptive_phase_change_run08,adaptive,phase_change,1489,1778259546.647897,/big.txt,86769664,131072
368,368_adaptive_phase_change_run08,adaptive,phase_change,1490,1778259546.6479883,/big.txt,86900736,131072
368,368_adaptive_phase_change_run08,adaptive,phase_change,1491,1778259546.6480794,/big.txt,87031808,131072
368,368_adaptive_phase_change_run08,adaptive,phase_change,1492,1778259546.6481712,/big.txt,87162880,131072
368,368_adaptive_phase_change_run08,adaptive,phase_change,1493,1778259546.6482623,/big.txt,87293952,131072
368,368_adaptive_phase_change_run08,adaptive,phase_change,1494,1778259546.6483521,/big.txt,87425024,131072
368,368_adaptive_phase_change_run08,adaptive,phase_change,1495,1778259546.6484425,/big.txt,87556096,131072
368,368_adaptive_phase_change_run08,adaptive,phase_change,1496,1778259546.648537,/big.txt,87687168,131072
368,368_adaptive_phase_change_run08,adaptive,phase_change,1497,1778259546.648627,/big.txt,87818240,131072
368,368_adaptive_phase_change_run08,adaptive,phase_change,1498,1778259546.6487176,/big.txt,87949312,131072
368,368_adaptive_phase_change_run08,adaptive,phase_change,1499,1778259546.6488082,/big.txt,88080384,131072
368,368_adaptive_phase_change_run08,adaptive,phase_change,1500,1778259546.648899,/big.txt,88211456,131072
368,368_adaptive_phase_change_run08,adaptive,phase_change,1501,1778259546.6489944,/big.txt,88342528,131072
368,368_adaptive_phase_change_run08,adaptive,phase_change,1502,1778259546.6490853,/big.txt,88473600,131072
368,368_adaptive_phase_change_run08,adaptive,phase_change,1503,1778259546.6491756,/big.txt,88604672,131072
368,368_adaptive_phase_change_run08,adaptive,phase_change,1504,1778259546.649266,/big.txt,88735744,131072
368,368_adaptive_phase_change_run08,adaptive,phase_change,1505,1778259546.6493566,/big.txt,88866816,131072
368,368_adaptive_phase_change_run08,adaptive,phase_change,1506,1778259546.6494474,/big.txt,88997888,131072
368,368_adaptive_phase_change_run08,adaptive,phase_change,1507,1778259546.6495383,/big.txt,89128960,131072
368,368_adaptive_phase_change_run08,adaptive,phase_change,1508,1778259546.6496289,/big.txt,89260032,131072
368,368_adaptive_phase_change_run08,adaptive,phase_change,1509,1778259546.64972,/big.txt,89391104,131072
368,368_adaptive_phase_change_run08,adaptive,phase_change,1510,1778259546.6498098,/big.txt,89522176,131072
368,368_adaptive_phase_change_run08,adaptive,phase_change,1511,1778259546.6499002,/big.txt,89653248,131072
368,368_adaptive_phase_change_run08,adaptive,phase_change,1512,1778259546.6499903,/big.txt,89784320,131072
368,368_adaptive_phase_change_run08,adaptive,phase_change,1513,1778259546.6500816,/big.txt,89915392,131072
368,368_adaptive_phase_change_run08,adaptive,phase_change,1514,1778259546.6501713,/big.txt,90046464,131072
368,368_adaptive_phase_change_run08,adaptive,phase_change,1515,1778259546.6502624,/big.txt,90177536,131072
368,368_adaptive_phase_change_run08,adaptive,phase_change,1516,1778259546.6503532,/big.txt,90308608,131072
368,368_adaptive_phase_change_run08,adaptive,phase_change,1517,1778259546.6504445,/big.txt,90439680,131072
368,368_adaptive_phase_change_run08,adaptive,phase_change,1518,1778259546.6505358,/big.txt,90570752,131072
368,368_adaptive_phase_change_run08,adaptive,phase_change,1519,1778259546.6506267,/big.txt,90701824,131072
368,368_adaptive_phase_change_run08,adaptive,phase_change,1520,1778259546.650718,/big.txt,90832896,131072
368,368_adaptive_phase_change_run08,adaptive,phase_change,1521,1778259546.6508477,/big.txt,90963968,131072
368,368_adaptive_phase_change_run08,adaptive,phase_change,1522,1778259546.6509404,/big.txt,91095040,131072
368,368_adaptive_phase_change_run08,adaptive,phase_change,1523,1778259546.6510313,/big.txt,91226112,131072
368,368_adaptive_phase_change_run08,adaptive,phase_change,1524,1778259546.6511233,/big.txt,91357184,131072
368,368_adaptive_phase_change_run08,adaptive,phase_change,1525,1778259546.6512148,/big.txt,91488256,131072
368,368_adaptive_phase_change_run08,adaptive,phase_change,1526,1778259546.6513057,/big.txt,91619328,131072
368,368_adaptive_phase_change_run08,adaptive,phase_change,1527,1778259546.6513968,/big.txt,91750400,131072
368,368_adaptive_phase_change_run08,adaptive,phase_change,1528,1778259546.6514876,/big.txt,91881472,131072
368,368_adaptive_phase_change_run08,adaptive,phase_change,1529,1778259546.6515818,/big.txt,92012544,131072
368,368_adaptive_phase_change_run08,adaptive,phase_change,1530,1778259546.6516745,/big.txt,92143616,131072
368,368_adaptive_phase_change_run08,adaptive,phase_change,1531,1778259546.6517658,/big.txt,92274688,131072
368,368_adaptive_phase_change_run08,adaptive,phase_change,1532,1778259546.6518607,/big.txt,92405760,131072
368,368_adaptive_phase_change_run08,adaptive,phase_change,1533,1778259546.6519506,/big.txt,92536832,131072
368,368_adaptive_phase_change_run08,adaptive,phase_change,1534,1778259546.6520464,/big.txt,92667904,131072
368,368_adaptive_phase_change_run08,adaptive,phase_change,1535,1778259546.6521373,/big.txt,92798976,131072
368,368_adaptive_phase_change_run08,adaptive,phase_change,1536,1778259546.6522284,/big.txt,92930048,131072
368,368_adaptive_phase_change_run08,adaptive,phase_change,1537,1778259546.6523192,/big.txt,93061120,131072
368,368_adaptive_phase_change_run08,adaptive,phase_change,1538,1778259546.6524096,/big.txt,93192192,131072
368,368_adaptive_phase_change_run08,adaptive,phase_change,1539,1778259546.6525002,/big.txt,93323264,131072
368,368_adaptive_phase_change_run08,adaptive,phase_change,1540,1778259546.6525908,/big.txt,93454336,131072
368,368_adaptive_phase_change_run08,adaptive,phase_change,1541,1778259546.652681,/big.txt,93585408,131072
368,368_adaptive_phase_change_run08,adaptive,phase_change,1542,1778259546.6527712,/big.txt,93716480,131072
368,368_adaptive_phase_change_run08,adaptive,phase_change,1543,1778259546.6528628,/big.txt,93847552,131072
368,368_adaptive_phase_change_run08,adaptive,phase_change,1544,1778259546.652954,/big.txt,93978624,131072
368,368_adaptive_phase_change_run08,adaptive,phase_change,1545,1778259546.6530447,/big.txt,94109696,131072
368,368_adaptive_phase_change_run08,adaptive,phase_change,1546,1778259546.6531348,/big.txt,94240768,131072
368,368_adaptive_phase_change_run08,adaptive,phase_change,1547,1778259546.653226,/big.txt,94371840,131072
368,368_adaptive_phase_change_run08,adaptive,phase_change,1548,1778259546.653317,/big.txt,94502912,131072
368,368_adaptive_phase_change_run08,adaptive,phase_change,1549,1778259546.6534083,/big.txt,94633984,131072
368,368_adaptive_phase_change_run08,adaptive,phase_change,1550,1778259546.6534994,/big.txt,94765056,131072
368,368_adaptive_phase_change_run08,adaptive,phase_change,1551,1778259546.6535916,/big.txt,94896128,131072
368,368_adaptive_phase_change_run08,adaptive,phase_change,1552,1778259546.653683,/big.txt,95027200,131072
368,368_adaptive_phase_change_run08,adaptive,phase_change,1553,1778259546.653773,/big.txt,95158272,131072
368,368_adaptive_phase_change_run08,adaptive,phase_change,1554,1778259546.653864,/big.txt,95289344,131072
368,368_adaptive_phase_change_run08,adaptive,phase_change,1555,1778259546.6539545,/big.txt,95420416,131072
368,368_adaptive_phase_change_run08,adaptive,phase_change,1556,1778259546.654045,/big.txt,95551488,131072
368,368_adaptive_phase_change_run08,adaptive,phase_change,1557,1778259546.6541405,/big.txt,95682560,131072
368,368_adaptive_phase_change_run08,adaptive,phase_change,1558,1778259546.6542318,/big.txt,95813632,131072
368,368_adaptive_phase_change_run08,adaptive,phase_change,1559,1778259546.6543224,/big.txt,95944704,131072
368,368_adaptive_phase_change_run08,adaptive,phase_change,1560,1778259546.6544135,/big.txt,96075776,131072
368,368_adaptive_phase_change_run08,adaptive,phase_change,1561,1778259546.6545045,/big.txt,96206848,131072
368,368_adaptive_phase_change_run08,adaptive,phase_change,1562,1778259546.6545954,/big.txt,96337920,131072
368,368_adaptive_phase_change_run08,adaptive,phase_change,1563,1778259546.654686,/big.txt,96468992,131072
368,368_adaptive_phase_change_run08,adaptive,phase_change,1564,1778259546.654811,/big.txt,96600064,131072
368,368_adaptive_phase_change_run08,adaptive,phase_change,1565,1778259546.6549056,/big.txt,96731136,131072
368,368_adaptive_phase_change_run08,adaptive,phase_change,1566,1778259546.6549976,/big.txt,96862208,131072
368,368_adaptive_phase_change_run08,adaptive,phase_change,1567,1778259546.6550877,/big.txt,96993280,131072
368,368_adaptive_phase_change_run08,adaptive,phase_change,1568,1778259546.655178,/big.txt,97124352,131072
368,368_adaptive_phase_change_run08,adaptive,phase_change,1569,1778259546.6552687,/big.txt,97255424,131072
368,368_adaptive_phase_change_run08,adaptive,phase_change,1570,1778259546.655359,/big.txt,97386496,131072
368,368_adaptive_phase_change_run08,adaptive,phase_change,1571,1778259546.6554492,/big.txt,97517568,131072
368,368_adaptive_phase_change_run08,adaptive,phase_change,1572,1778259546.6555433,/big.txt,97648640,131072
368,368_adaptive_phase_change_run08,adaptive,phase_change,1573,1778259546.6556332,/big.txt,97779712,131072
368,368_adaptive_phase_change_run08,adaptive,phase_change,1574,1778259546.655724,/big.txt,97910784,131072
368,368_adaptive_phase_change_run08,adaptive,phase_change,1575,1778259546.6558142,/big.txt,98041856,131072
368,368_adaptive_phase_change_run08,adaptive,phase_change,1576,1778259546.655904,/big.txt,98172928,131072
368,368_adaptive_phase_change_run08,adaptive,phase_change,1577,1778259546.6559947,/big.txt,98304000,131072
368,368_adaptive_phase_change_run08,adaptive,phase_change,1578,1778259546.6560853,/big.txt,98435072,131072
368,368_adaptive_phase_change_run08,adaptive,phase_change,1579,1778259546.6561756,/big.txt,98566144,131072
368,368_adaptive_phase_change_run08,adaptive,phase_change,1580,1778259546.6562662,/big.txt,98697216,131072
368,368_adaptive_phase_change_run08,adaptive,phase_change,1581,1778259546.656356,/big.txt,98828288,131072
368,368_adaptive_phase_change_run08,adaptive,phase_change,1582,1778259546.6564467,/big.txt,98959360,131072
368,368_adaptive_phase_change_run08,adaptive,phase_change,1583,1778259546.6565373,/big.txt,99090432,131072
368,368_adaptive_phase_change_run08,adaptive,phase_change,1584,1778259546.6566315,/big.txt,99221504,131072
368,368_adaptive_phase_change_run08,adaptive,phase_change,1585,1778259546.6567228,/big.txt,99352576,131072
368,368_adaptive_phase_change_run08,adaptive,phase_change,1586,1778259546.6568174,/big.txt,99483648,131072
368,368_adaptive_phase_change_run08,adaptive,phase_change,1587,1778259546.656908,/big.txt,99614720,131072
368,368_adaptive_phase_change_run08,adaptive,phase_change,1588,1778259546.6569984,/big.txt,99745792,131072
368,368_adaptive_phase_change_run08,adaptive,phase_change,1589,1778259546.6570883,/big.txt,99876864,131072
368,368_adaptive_phase_change_run08,adaptive,phase_change,1590,1778259546.6571777,/big.txt,100007936,131072
368,368_adaptive_phase_change_run08,adaptive,phase_change,1591,1778259546.6572683,/big.txt,100139008,131072
368,368_adaptive_phase_change_run08,adaptive,phase_change,1592,1778259546.6573572,/big.txt,100270080,131072
368,368_adaptive_phase_change_run08,adaptive,phase_change,1593,1778259546.6574466,/big.txt,100401152,131072
368,368_adaptive_phase_change_run08,adaptive,phase_change,1594,1778259546.6575363,/big.txt,100532224,131072
368,368_adaptive_phase_change_run08,adaptive,phase_change,1595,1778259546.6576254,/big.txt,100663296,131072
368,368_adaptive_phase_change_run08,adaptive,phase_change,1596,1778259546.6577144,/big.txt,100794368,131072
368,368_adaptive_phase_change_run08,adaptive,phase_change,1597,1778259546.6578045,/big.txt,100925440,131072
368,368_adaptive_phase_change_run08,adaptive,phase_change,1598,1778259546.657894,/big.txt,101056512,131072
368,368_adaptive_phase_change_run08,adaptive,phase_change,1599,1778259546.6579833,/big.txt,101187584,131072
368,368_adaptive_phase_change_run08,adaptive,phase_change,1600,1778259546.658073,/big.txt,101318656,131072
368,368_adaptive_phase_change_run08,adaptive,phase_change,1601,1778259546.6581619,/big.txt,101449728,131072
368,368_adaptive_phase_change_run08,adaptive,phase_change,1602,1778259546.6582508,/big.txt,101580800,131072
368,368_adaptive_phase_change_run08,adaptive,phase_change,1603,1778259546.6583407,/big.txt,101711872,131072
368,368_adaptive_phase_change_run08,adaptive,phase_change,1604,1778259546.65843,/big.txt,101842944,131072
368,368_adaptive_phase_change_run08,adaptive,phase_change,1605,1778259546.6585193,/big.txt,101974016,131072
368,368_adaptive_phase_change_run08,adaptive,phase_change,1606,1778259546.658609,/big.txt,102105088,131072
368,368_adaptive_phase_change_run08,adaptive,phase_change,1607,1778259546.658698,/big.txt,102236160,131072
368,368_adaptive_phase_change_run08,adaptive,phase_change,1608,1778259546.6588106,/big.txt,102367232,131072
368,368_adaptive_phase_change_run08,adaptive,phase_change,1609,1778259546.6589167,/big.txt,102498304,131072
368,368_adaptive_phase_change_run08,adaptive,phase_change,1610,1778259546.6590126,/big.txt,102629376,131072
368,368_adaptive_phase_change_run08,adaptive,phase_change,1611,1778259546.659102,/big.txt,102760448,131072
368,368_adaptive_phase_change_run08,adaptive,phase_change,1612,1778259546.6591945,/big.txt,102891520,131072
368,368_adaptive_phase_change_run08,adaptive,phase_change,1613,1778259546.6592839,/big.txt,103022592,131072
368,368_adaptive_phase_change_run08,adaptive,phase_change,1614,1778259546.659374,/big.txt,103153664,131072
368,368_adaptive_phase_change_run08,adaptive,phase_change,1615,1778259546.6594627,/big.txt,103284736,131072
368,368_adaptive_phase_change_run08,adaptive,phase_change,1616,1778259546.6595528,/big.txt,103415808,131072
368,368_adaptive_phase_change_run08,adaptive,phase_change,1617,1778259546.6596415,/big.txt,103546880,131072
368,368_adaptive_phase_change_run08,adaptive,phase_change,1618,1778259546.6597307,/big.txt,103677952,131072
368,368_adaptive_phase_change_run08,adaptive,phase_change,1619,1778259546.6598203,/big.txt,103809024,131072
368,368_adaptive_phase_change_run08,adaptive,phase_change,1620,1778259546.6599088,/big.txt,103940096,131072
368,368_adaptive_phase_change_run08,adaptive,phase_change,1621,1778259546.6599977,/big.txt,104071168,131072
368,368_adaptive_phase_change_run08,adaptive,phase_change,1622,1778259546.660087,/big.txt,104202240,131072
368,368_adaptive_phase_change_run08,adaptive,phase_change,1623,1778259546.6601763,/big.txt,104333312,131072
368,368_adaptive_phase_change_run08,adaptive,phase_change,1624,1778259546.6602654,/big.txt,104464384,131072
368,368_adaptive_phase_change_run08,adaptive,phase_change,1625,1778259546.6603546,/big.txt,104595456,131072
368,368_adaptive_phase_change_run08,adaptive,phase_change,1626,1778259546.6604435,/big.txt,104726528,131072
368,368_adaptive_phase_change_run08,adaptive,phase_change,1627,1778259546.6605246,/big.txt,104857600,0
