run_index,run_label,mode,workload,seq,timestamp,path,offset,size
129,129_adaptive_phase_change_run03,adaptive,phase_change,1,1778425974.0938704,/big.txt,0,131072
129,129_adaptive_phase_change_run03,adaptive,phase_change,2,1778425974.0954204,/big.txt,131072,131072
129,129_adaptive_phase_change_run03,adaptive,phase_change,3,1778425974.0976057,/big.txt,262144,131072
129,129_adaptive_phase_change_run03,adaptive,phase_change,4,1778425974.0989397,/big.txt,393216,131072
129,129_adaptive_phase_change_run03,adaptive,phase_change,5,1778425974.100211,/big.txt,524288,131072
129,129_adaptive_phase_change_run03,adaptive,phase_change,6,1778425974.101526,/big.txt,655360,131072
129,129_adaptive_phase_change_run03,adaptive,phase_change,7,1778425974.1028423,/big.txt,786432,131072
129,129_adaptive_phase_change_run03,adaptive,phase_change,8,1778425974.1041565,/big.txt,917504,131072
129,129_adaptive_phase_change_run03,adaptive,phase_change,9,1778425974.1054275,/big.txt,1048576,131072
129,129_adaptive_phase_change_run03,adaptive,phase_change,10,1778425974.1066988,/big.txt,1179648,131072
129,129_adaptive_phase_change_run03,adaptive,phase_change,11,1778425974.1080618,/big.txt,1310720,131072
129,129_adaptive_phase_change_run03,adaptive,phase_change,12,1778425974.1093323,/big.txt,1441792,131072
129,129_adaptive_phase_change_run03,adaptive,phase_change,13,1778425974.1106048,/big.txt,1572864,131072
129,129_adaptive_phase_change_run03,adaptive,phase_change,14,1778425974.1131268,/big.txt,1703936,131072
129,129_adaptive_phase_change_run03,adaptive,phase_change,15,1778425974.1157088,/big.txt,1835008,131072
129,129_adaptive_phase_change_run03,adaptive,phase_change,16,1778425974.118396,/big.txt,1966080,131072
129,129_adaptive_phase_change_run03,adaptive,phase_change,17,1778425974.1210735,/big.txt,2097152,131072
129,129_adaptive_phase_change_run03,adaptive,phase_change,18,1778425974.1231325,/big.txt,2228224,131072
129,129_adaptive_phase_change_run03,adaptive,phase_change,19,1778425974.1244974,/big.txt,2359296,131072
129,129_adaptive_phase_change_run03,adaptive,phase_change,20,1778425974.1258652,/big.txt,2490368,131072
129,129_adaptive_phase_change_run03,adaptive,phase_change,21,1778425974.1272628,/big.txt,2621440,131072
129,129_adaptive_phase_change_run03,adaptive,phase_change,22,1778425974.128622,/big.txt,2752512,131072
129,129_adaptive_phase_change_run03,adaptive,phase_change,23,1778425974.1299956,/big.txt,2883584,131072
129,129_adaptive_phase_change_run03,adaptive,phase_change,24,1778425974.1313741,/big.txt,3014656,131072
129,129_adaptive_phase_change_run03,adaptive,phase_change,25,1778425974.1327548,/big.txt,3145728,131072
129,129_adaptive_phase_change_run03,adaptive,phase_change,26,1778425974.1341264,/big.txt,3276800,131072
129,129_adaptive_phase_change_run03,adaptive,phase_change,27,1778425974.1355107,/big.txt,3407872,131072
129,129_adaptive_phase_change_run03,adaptive,phase_change,28,1778425974.1368825,/big.txt,3538944,131072
129,129_adaptive_phase_change_run03,adaptive,phase_change,29,1778425974.138248,/big.txt,3670016,131072
129,129_adaptive_phase_change_run03,adaptive,phase_change,30,1778425974.1396077,/big.txt,3801088,131072
129,129_adaptive_phase_change_run03,adaptive,phase_change,31,1778425974.140979,/big.txt,3932160,131072
129,129_adaptive_phase_change_run03,adaptive,phase_change,32,1778425974.1423464,/big.txt,4063232,131072
129,129_adaptive_phase_change_run03,adaptive,phase_change,33,1778425974.1437306,/big.txt,4194304,131072
129,129_adaptive_phase_change_run03,adaptive,phase_change,34,1778425974.1451025,/big.txt,4325376,131072
129,129_adaptive_phase_change_run03,adaptive,phase_change,35,1778425974.146474,/big.txt,4456448,131072
129,129_adaptive_phase_change_run03,adaptive,phase_change,36,1778425974.147821,/big.txt,4587520,131072
129,129_adaptive_phase_change_run03,adaptive,phase_change,37,1778425974.1491961,/big.txt,4718592,131072
129,129_adaptive_phase_change_run03,adaptive,phase_change,38,1778425974.1505656,/big.txt,4849664,131072
129,129_adaptive_phase_change_run03,adaptive,phase_change,39,1778425974.1519623,/big.txt,4980736,131072
129,129_adaptive_phase_change_run03,adaptive,phase_change,40,1778425974.1533325,/big.txt,5111808,131072
129,129_adaptive_phase_change_run03,adaptive,phase_change,41,1778425974.1546967,/big.txt,5242880,131072
129,129_adaptive_phase_change_run03,adaptive,phase_change,42,1778425974.1561065,/big.txt,5373952,131072
129,129_adaptive_phase_change_run03,adaptive,phase_change,43,1778425974.1580756,/big.txt,5505024,131072
129,129_adaptive_phase_change_run03,adaptive,phase_change,44,1778425974.1594646,/big.txt,5636096,131072
129,129_adaptive_phase_change_run03,adaptive,phase_change,45,1778425974.1608245,/big.txt,5767168,131072
129,129_adaptive_phase_change_run03,adaptive,phase_change,46,1778425974.1622016,/big.txt,5898240,131072
129,129_adaptive_phase_change_run03,adaptive,phase_change,47,1778425974.1635714,/big.txt,6029312,131072
129,129_adaptive_phase_change_run03,adaptive,phase_change,48,1778425974.1649559,/big.txt,6160384,131072
129,129_adaptive_phase_change_run03,adaptive,phase_change,49,1778425974.1663275,/big.txt,6291456,131072
129,129_adaptive_phase_change_run03,adaptive,phase_change,50,1778425974.1677492,/big.txt,6422528,131072
129,129_adaptive_phase_change_run03,adaptive,phase_change,51,1778425974.1691234,/big.txt,6553600,131072
129,129_adaptive_phase_change_run03,adaptive,phase_change,52,1778425974.1704931,/big.txt,6684672,131072
129,129_adaptive_phase_change_run03,adaptive,phase_change,53,1778425974.1718357,/big.txt,6815744,131072
129,129_adaptive_phase_change_run03,adaptive,phase_change,54,1778425974.1732063,/big.txt,6946816,131072
129,129_adaptive_phase_change_run03,adaptive,phase_change,55,1778425974.174596,/big.txt,7077888,131072
129,129_adaptive_phase_change_run03,adaptive,phase_change,56,1778425974.1760175,/big.txt,7208960,131072
129,129_adaptive_phase_change_run03,adaptive,phase_change,57,1778425974.1773882,/big.txt,7340032,131072
129,129_adaptive_phase_change_run03,adaptive,phase_change,58,1778425974.1787608,/big.txt,7471104,131072
129,129_adaptive_phase_change_run03,adaptive,phase_change,59,1778425974.1801946,/big.txt,7602176,131072
129,129_adaptive_phase_change_run03,adaptive,phase_change,60,1778425974.1815817,/big.txt,7733248,131072
129,129_adaptive_phase_change_run03,adaptive,phase_change,61,1778425974.1829436,/big.txt,7864320,131072
129,129_adaptive_phase_change_run03,adaptive,phase_change,62,1778425974.18432,/big.txt,7995392,131072
129,129_adaptive_phase_change_run03,adaptive,phase_change,63,1778425974.185685,/big.txt,8126464,131072
129,129_adaptive_phase_change_run03,adaptive,phase_change,64,1778425974.1870582,/big.txt,8257536,131072
129,129_adaptive_phase_change_run03,adaptive,phase_change,65,1778425974.188434,/big.txt,8388608,131072
129,129_adaptive_phase_change_run03,adaptive,phase_change,66,1778425974.1898057,/big.txt,8519680,131072
129,129_adaptive_phase_change_run03,adaptive,phase_change,67,1778425974.191279,/big.txt,8650752,131072
129,129_adaptive_phase_change_run03,adaptive,phase_change,68,1778425974.192657,/big.txt,8781824,131072
129,129_adaptive_phase_change_run03,adaptive,phase_change,69,1778425974.1940331,/big.txt,8912896,131072
129,129_adaptive_phase_change_run03,adaptive,phase_change,70,1778425974.195411,/big.txt,9043968,131072
129,129_adaptive_phase_change_run03,adaptive,phase_change,71,1778425974.1967814,/big.txt,9175040,131072
129,129_adaptive_phase_change_run03,adaptive,phase_change,72,1778425974.1981423,/big.txt,9306112,131072
129,129_adaptive_phase_change_run03,adaptive,phase_change,73,1778425974.1995173,/big.txt,9437184,131072
129,129_adaptive_phase_change_run03,adaptive,phase_change,74,1778425974.200885,/big.txt,9568256,131072
129,129_adaptive_phase_change_run03,adaptive,phase_change,75,1778425974.2022448,/big.txt,9699328,131072
129,129_adaptive_phase_change_run03,adaptive,phase_change,76,1778425974.2036202,/big.txt,9830400,131072
129,129_adaptive_phase_change_run03,adaptive,phase_change,77,1778425974.2049937,/big.txt,9961472,131072
129,129_adaptive_phase_change_run03,adaptive,phase_change,78,1778425974.2063677,/big.txt,10092544,131072
129,129_adaptive_phase_change_run03,adaptive,phase_change,79,1778425974.2077157,/big.txt,10223616,131072
129,129_adaptive_phase_change_run03,adaptive,phase_change,80,1778425974.209082,/big.txt,10354688,131072
129,129_adaptive_phase_change_run03,adaptive,phase_change,81,1778425974.2104542,/big.txt,10485760,131072
129,129_adaptive_phase_change_run03,adaptive,phase_change,82,1778425974.2118185,/big.txt,10616832,131072
129,129_adaptive_phase_change_run03,adaptive,phase_change,83,1778425974.2131977,/big.txt,10747904,131072
129,129_adaptive_phase_change_run03,adaptive,phase_change,84,1778425974.2145631,/big.txt,10878976,131072
129,129_adaptive_phase_change_run03,adaptive,phase_change,85,1778425974.215945,/big.txt,11010048,131072
129,129_adaptive_phase_change_run03,adaptive,phase_change,86,1778425974.2173157,/big.txt,11141120,131072
129,129_adaptive_phase_change_run03,adaptive,phase_change,87,1778425974.2186842,/big.txt,11272192,131072
129,129_adaptive_phase_change_run03,adaptive,phase_change,88,1778425974.2200718,/big.txt,11403264,131072
129,129_adaptive_phase_change_run03,adaptive,phase_change,89,1778425974.2214751,/big.txt,11534336,131072
129,129_adaptive_phase_change_run03,adaptive,phase_change,90,1778425974.2228467,/big.txt,11665408,131072
129,129_adaptive_phase_change_run03,adaptive,phase_change,91,1778425974.2242172,/big.txt,11796480,131072
129,129_adaptive_phase_change_run03,adaptive,phase_change,92,1778425974.22558,/big.txt,11927552,131072
129,129_adaptive_phase_change_run03,adaptive,phase_change,93,1778425974.227088,/big.txt,12058624,131072
129,129_adaptive_phase_change_run03,adaptive,phase_change,94,1778425974.2284765,/big.txt,12189696,131072
129,129_adaptive_phase_change_run03,adaptive,phase_change,95,1778425974.2298458,/big.txt,12320768,131072
129,129_adaptive_phase_change_run03,adaptive,phase_change,96,1778425974.2312295,/big.txt,12451840,131072
129,129_adaptive_phase_change_run03,adaptive,phase_change,97,1778425974.2325969,/big.txt,12582912,131072
129,129_adaptive_phase_change_run03,adaptive,phase_change,98,1778425974.2339795,/big.txt,12713984,131072
129,129_adaptive_phase_change_run03,adaptive,phase_change,99,1778425974.2353702,/big.txt,12845056,131072
129,129_adaptive_phase_change_run03,adaptive,phase_change,100,1778425974.2367473,/big.txt,12976128,131072
129,129_adaptive_phase_change_run03,adaptive,phase_change,101,1778425974.2381094,/big.txt,13107200,131072
129,129_adaptive_phase_change_run03,adaptive,phase_change,102,1778425974.2394855,/big.txt,13238272,131072
129,129_adaptive_phase_change_run03,adaptive,phase_change,103,1778425974.2408526,/big.txt,13369344,131072
129,129_adaptive_phase_change_run03,adaptive,phase_change,104,1778425974.2422287,/big.txt,13500416,131072
129,129_adaptive_phase_change_run03,adaptive,phase_change,105,1778425974.2436116,/big.txt,13631488,131072
129,129_adaptive_phase_change_run03,adaptive,phase_change,106,1778425974.2449827,/big.txt,13762560,131072
129,129_adaptive_phase_change_run03,adaptive,phase_change,107,1778425974.246361,/big.txt,13893632,131072
129,129_adaptive_phase_change_run03,adaptive,phase_change,108,1778425974.24771,/big.txt,14024704,131072
129,129_adaptive_phase_change_run03,adaptive,phase_change,109,1778425974.2490854,/big.txt,14155776,131072
129,129_adaptive_phase_change_run03,adaptive,phase_change,110,1778425974.2504632,/big.txt,14286848,131072
129,129_adaptive_phase_change_run03,adaptive,phase_change,111,1778425974.25312,/big.txt,14417920,131072
129,129_adaptive_phase_change_run03,adaptive,phase_change,112,1778425974.25585,/big.txt,14548992,131072
129,129_adaptive_phase_change_run03,adaptive,phase_change,113,1778425974.258556,/big.txt,14680064,131072
129,129_adaptive_phase_change_run03,adaptive,phase_change,114,1778425974.2599611,/big.txt,14811136,131072
129,129_adaptive_phase_change_run03,adaptive,phase_change,115,1778425974.261332,/big.txt,14942208,131072
129,129_adaptive_phase_change_run03,adaptive,phase_change,116,1778425974.2626991,/big.txt,15073280,131072
129,129_adaptive_phase_change_run03,adaptive,phase_change,117,1778425974.2640936,/big.txt,15204352,131072
129,129_adaptive_phase_change_run03,adaptive,phase_change,118,1778425974.2654712,/big.txt,15335424,131072
129,129_adaptive_phase_change_run03,adaptive,phase_change,119,1778425974.2668366,/big.txt,15466496,131072
129,129_adaptive_phase_change_run03,adaptive,phase_change,120,1778425974.2682147,/big.txt,15597568,131072
129,129_adaptive_phase_change_run03,adaptive,phase_change,121,1778425974.2695854,/big.txt,15728640,131072
129,129_adaptive_phase_change_run03,adaptive,phase_change,122,1778425974.2709632,/big.txt,15859712,131072
129,129_adaptive_phase_change_run03,adaptive,phase_change,123,1778425974.2723417,/big.txt,15990784,131072
129,129_adaptive_phase_change_run03,adaptive,phase_change,124,1778425974.2737253,/big.txt,16121856,131072
129,129_adaptive_phase_change_run03,adaptive,phase_change,125,1778425974.2751036,/big.txt,16252928,131072
129,129_adaptive_phase_change_run03,adaptive,phase_change,126,1778425974.2764752,/big.txt,16384000,131072
129,129_adaptive_phase_change_run03,adaptive,phase_change,127,1778425974.2778444,/big.txt,16515072,131072
129,129_adaptive_phase_change_run03,adaptive,phase_change,128,1778425974.2792432,/big.txt,16646144,131072
129,129_adaptive_phase_change_run03,adaptive,phase_change,129,1778425974.2806215,/big.txt,16777216,131072
129,129_adaptive_phase_change_run03,adaptive,phase_change,130,1778425974.2820008,/big.txt,16908288,131072
129,129_adaptive_phase_change_run03,adaptive,phase_change,131,1778425974.2833927,/big.txt,17039360,131072
129,129_adaptive_phase_change_run03,adaptive,phase_change,132,1778425974.2847729,/big.txt,17170432,131072
129,129_adaptive_phase_change_run03,adaptive,phase_change,133,1778425974.2861469,/big.txt,17301504,131072
129,129_adaptive_phase_change_run03,adaptive,phase_change,134,1778425974.2875292,/big.txt,17432576,131072
129,129_adaptive_phase_change_run03,adaptive,phase_change,135,1778425974.2889054,/big.txt,17563648,131072
129,129_adaptive_phase_change_run03,adaptive,phase_change,136,1778425974.2902873,/big.txt,17694720,131072
129,129_adaptive_phase_change_run03,adaptive,phase_change,137,1778425974.291668,/big.txt,17825792,131072
129,129_adaptive_phase_change_run03,adaptive,phase_change,138,1778425974.2930455,/big.txt,17956864,131072
129,129_adaptive_phase_change_run03,adaptive,phase_change,139,1778425974.2944276,/big.txt,18087936,131072
129,129_adaptive_phase_change_run03,adaptive,phase_change,140,1778425974.295774,/big.txt,18219008,131072
129,129_adaptive_phase_change_run03,adaptive,phase_change,141,1778425974.297142,/big.txt,18350080,131072
129,129_adaptive_phase_change_run03,adaptive,phase_change,142,1778425974.2985103,/big.txt,18481152,131072
129,129_adaptive_phase_change_run03,adaptive,phase_change,143,1778425974.299865,/big.txt,18612224,131072
129,129_adaptive_phase_change_run03,adaptive,phase_change,144,1778425974.301226,/big.txt,18743296,131072
129,129_adaptive_phase_change_run03,adaptive,phase_change,145,1778425974.302597,/big.txt,18874368,131072
129,129_adaptive_phase_change_run03,adaptive,phase_change,146,1778425974.3040729,/big.txt,19005440,131072
129,129_adaptive_phase_change_run03,adaptive,phase_change,147,1778425974.30545,/big.txt,19136512,131072
129,129_adaptive_phase_change_run03,adaptive,phase_change,148,1778425974.3068206,/big.txt,19267584,131072
129,129_adaptive_phase_change_run03,adaptive,phase_change,149,1778425974.3081923,/big.txt,19398656,131072
129,129_adaptive_phase_change_run03,adaptive,phase_change,150,1778425974.3095627,/big.txt,19529728,131072
129,129_adaptive_phase_change_run03,adaptive,phase_change,151,1778425974.3110185,/big.txt,19660800,131072
129,129_adaptive_phase_change_run03,adaptive,phase_change,152,1778425974.312387,/big.txt,19791872,131072
129,129_adaptive_phase_change_run03,adaptive,phase_change,153,1778425974.3137615,/big.txt,19922944,131072
129,129_adaptive_phase_change_run03,adaptive,phase_change,154,1778425974.3151367,/big.txt,20054016,131072
129,129_adaptive_phase_change_run03,adaptive,phase_change,155,1778425974.3165047,/big.txt,20185088,131072
129,129_adaptive_phase_change_run03,adaptive,phase_change,156,1778425974.3178723,/big.txt,20316160,131072
129,129_adaptive_phase_change_run03,adaptive,phase_change,157,1778425974.319243,/big.txt,20447232,131072
129,129_adaptive_phase_change_run03,adaptive,phase_change,158,1778425974.3206217,/big.txt,20578304,131072
129,129_adaptive_phase_change_run03,adaptive,phase_change,159,1778425974.3219862,/big.txt,20709376,131072
129,129_adaptive_phase_change_run03,adaptive,phase_change,160,1778425974.323358,/big.txt,20840448,131072
129,129_adaptive_phase_change_run03,adaptive,phase_change,161,1778425974.324735,/big.txt,20971520,131072
129,129_adaptive_phase_change_run03,adaptive,phase_change,162,1778425974.326099,/big.txt,21102592,131072
129,129_adaptive_phase_change_run03,adaptive,phase_change,163,1778425974.3274932,/big.txt,21233664,131072
129,129_adaptive_phase_change_run03,adaptive,phase_change,164,1778425974.3288572,/big.txt,21364736,131072
129,129_adaptive_phase_change_run03,adaptive,phase_change,165,1778425974.330234,/big.txt,21495808,131072
129,129_adaptive_phase_change_run03,adaptive,phase_change,166,1778425974.3316035,/big.txt,21626880,131072
129,129_adaptive_phase_change_run03,adaptive,phase_change,167,1778425974.3329666,/big.txt,21757952,131072
129,129_adaptive_phase_change_run03,adaptive,phase_change,168,1778425974.3343284,/big.txt,21889024,131072
129,129_adaptive_phase_change_run03,adaptive,phase_change,169,1778425974.3357077,/big.txt,22020096,131072
129,129_adaptive_phase_change_run03,adaptive,phase_change,170,1778425974.3370795,/big.txt,22151168,131072
129,129_adaptive_phase_change_run03,adaptive,phase_change,171,1778425974.3384392,/big.txt,22282240,131072
129,129_adaptive_phase_change_run03,adaptive,phase_change,172,1778425974.3398137,/big.txt,22413312,131072
129,129_adaptive_phase_change_run03,adaptive,phase_change,173,1778425974.3411782,/big.txt,22544384,131072
129,129_adaptive_phase_change_run03,adaptive,phase_change,174,1778425974.3425457,/big.txt,22675456,131072
129,129_adaptive_phase_change_run03,adaptive,phase_change,175,1778425974.3439593,/big.txt,22806528,131072
129,129_adaptive_phase_change_run03,adaptive,phase_change,176,1778425974.3453379,/big.txt,22937600,131072
129,129_adaptive_phase_change_run03,adaptive,phase_change,177,1778425974.3467011,/big.txt,23068672,131072
129,129_adaptive_phase_change_run03,adaptive,phase_change,178,1778425974.3481772,/big.txt,23199744,131072
129,129_adaptive_phase_change_run03,adaptive,phase_change,179,1778425974.3495367,/big.txt,23330816,131072
129,129_adaptive_phase_change_run03,adaptive,phase_change,180,1778425974.3509188,/big.txt,23461888,131072
129,129_adaptive_phase_change_run03,adaptive,phase_change,181,1778425974.35228,/big.txt,23592960,131072
129,129_adaptive_phase_change_run03,adaptive,phase_change,182,1778425974.3536503,/big.txt,23724032,131072
129,129_adaptive_phase_change_run03,adaptive,phase_change,183,1778425974.3550258,/big.txt,23855104,131072
129,129_adaptive_phase_change_run03,adaptive,phase_change,184,1778425974.3563983,/big.txt,23986176,131072
129,129_adaptive_phase_change_run03,adaptive,phase_change,185,1778425974.35777,/big.txt,24117248,131072
129,129_adaptive_phase_change_run03,adaptive,phase_change,186,1778425974.359148,/big.txt,24248320,131072
129,129_adaptive_phase_change_run03,adaptive,phase_change,187,1778425974.3605196,/big.txt,24379392,131072
129,129_adaptive_phase_change_run03,adaptive,phase_change,188,1778425974.3619006,/big.txt,24510464,131072
129,129_adaptive_phase_change_run03,adaptive,phase_change,189,1778425974.363323,/big.txt,24641536,131072
129,129_adaptive_phase_change_run03,adaptive,phase_change,190,1778425974.3647017,/big.txt,24772608,131072
129,129_adaptive_phase_change_run03,adaptive,phase_change,191,1778425974.3660758,/big.txt,24903680,131072
129,129_adaptive_phase_change_run03,adaptive,phase_change,192,1778425974.3674576,/big.txt,25034752,131072
129,129_adaptive_phase_change_run03,adaptive,phase_change,193,1778425974.3688238,/big.txt,25165824,131072
129,129_adaptive_phase_change_run03,adaptive,phase_change,194,1778425974.3702037,/big.txt,25296896,131072
129,129_adaptive_phase_change_run03,adaptive,phase_change,195,1778425974.3715937,/big.txt,25427968,131072
129,129_adaptive_phase_change_run03,adaptive,phase_change,196,1778425974.3729792,/big.txt,25559040,131072
129,129_adaptive_phase_change_run03,adaptive,phase_change,197,1778425974.3743591,/big.txt,25690112,131072
129,129_adaptive_phase_change_run03,adaptive,phase_change,198,1778425974.3757124,/big.txt,25821184,131072
129,129_adaptive_phase_change_run03,adaptive,phase_change,199,1778425974.3770847,/big.txt,25952256,131072
129,129_adaptive_phase_change_run03,adaptive,phase_change,200,1778425974.378464,/big.txt,26083328,131072
129,129_adaptive_phase_change_run03,adaptive,phase_change,201,1778425974.3798351,/big.txt,26214400,131072
129,129_adaptive_phase_change_run03,adaptive,phase_change,202,1778425974.3812132,/big.txt,26345472,131072
129,129_adaptive_phase_change_run03,adaptive,phase_change,203,1778425974.3825855,/big.txt,26476544,131072
129,129_adaptive_phase_change_run03,adaptive,phase_change,204,1778425974.3839653,/big.txt,26607616,131072
129,129_adaptive_phase_change_run03,adaptive,phase_change,205,1778425974.3853364,/big.txt,26738688,131072
129,129_adaptive_phase_change_run03,adaptive,phase_change,206,1778425974.386699,/big.txt,26869760,131072
129,129_adaptive_phase_change_run03,adaptive,phase_change,207,1778425974.3881712,/big.txt,27000832,131072
129,129_adaptive_phase_change_run03,adaptive,phase_change,208,1778425974.3895419,/big.txt,27131904,131072
129,129_adaptive_phase_change_run03,adaptive,phase_change,209,1778425974.390915,/big.txt,27262976,131072
129,129_adaptive_phase_change_run03,adaptive,phase_change,210,1778425974.3923037,/big.txt,27394048,131072
129,129_adaptive_phase_change_run03,adaptive,phase_change,211,1778425974.3936672,/big.txt,27525120,131072
129,129_adaptive_phase_change_run03,adaptive,phase_change,212,1778425974.3950706,/big.txt,27656192,131072
129,129_adaptive_phase_change_run03,adaptive,phase_change,213,1778425974.3964424,/big.txt,27787264,131072
129,129_adaptive_phase_change_run03,adaptive,phase_change,214,1778425974.3978202,/big.txt,27918336,131072
129,129_adaptive_phase_change_run03,adaptive,phase_change,215,1778425974.3991988,/big.txt,28049408,131072
129,129_adaptive_phase_change_run03,adaptive,phase_change,216,1778425974.4005735,/big.txt,28180480,131072
129,129_adaptive_phase_change_run03,adaptive,phase_change,217,1778425974.4019551,/big.txt,28311552,131072
129,129_adaptive_phase_change_run03,adaptive,phase_change,218,1778425974.4033275,/big.txt,28442624,131072
129,129_adaptive_phase_change_run03,adaptive,phase_change,219,1778425974.4047048,/big.txt,28573696,131072
129,129_adaptive_phase_change_run03,adaptive,phase_change,220,1778425974.4060616,/big.txt,28704768,131072
129,129_adaptive_phase_change_run03,adaptive,phase_change,221,1778425974.4074438,/big.txt,28835840,131072
129,129_adaptive_phase_change_run03,adaptive,phase_change,222,1778425974.4088218,/big.txt,28966912,131072
129,129_adaptive_phase_change_run03,adaptive,phase_change,223,1778425974.4101927,/big.txt,29097984,131072
129,129_adaptive_phase_change_run03,adaptive,phase_change,224,1778425974.4115543,/big.txt,29229056,131072
129,129_adaptive_phase_change_run03,adaptive,phase_change,225,1778425974.4129364,/big.txt,29360128,131072
129,129_adaptive_phase_change_run03,adaptive,phase_change,226,1778425974.4143107,/big.txt,29491200,131072
129,129_adaptive_phase_change_run03,adaptive,phase_change,227,1778425974.4157023,/big.txt,29622272,131072
129,129_adaptive_phase_change_run03,adaptive,phase_change,228,1778425974.4170814,/big.txt,29753344,131072
129,129_adaptive_phase_change_run03,adaptive,phase_change,229,1778425974.4184585,/big.txt,29884416,131072
129,129_adaptive_phase_change_run03,adaptive,phase_change,230,1778425974.4198127,/big.txt,30015488,131072
129,129_adaptive_phase_change_run03,adaptive,phase_change,231,1778425974.4212017,/big.txt,30146560,131072
129,129_adaptive_phase_change_run03,adaptive,phase_change,232,1778425974.4225726,/big.txt,30277632,131072
129,129_adaptive_phase_change_run03,adaptive,phase_change,233,1778425974.42403,/big.txt,30408704,131072
129,129_adaptive_phase_change_run03,adaptive,phase_change,234,1778425974.4254153,/big.txt,30539776,131072
129,129_adaptive_phase_change_run03,adaptive,phase_change,235,1778425974.4267995,/big.txt,30670848,131072
129,129_adaptive_phase_change_run03,adaptive,phase_change,236,1778425974.428172,/big.txt,30801920,131072
129,129_adaptive_phase_change_run03,adaptive,phase_change,237,1778425974.4295537,/big.txt,30932992,131072
129,129_adaptive_phase_change_run03,adaptive,phase_change,238,1778425974.431026,/big.txt,31064064,131072
129,129_adaptive_phase_change_run03,adaptive,phase_change,239,1778425974.4324002,/big.txt,31195136,131072
129,129_adaptive_phase_change_run03,adaptive,phase_change,240,1778425974.433762,/big.txt,31326208,131072
129,129_adaptive_phase_change_run03,adaptive,phase_change,241,1778425974.435135,/big.txt,31457280,131072
129,129_adaptive_phase_change_run03,adaptive,phase_change,242,1778425974.436505,/big.txt,31588352,131072
129,129_adaptive_phase_change_run03,adaptive,phase_change,243,1778425974.4379034,/big.txt,31719424,131072
129,129_adaptive_phase_change_run03,adaptive,phase_change,244,1778425974.4392855,/big.txt,31850496,131072
129,129_adaptive_phase_change_run03,adaptive,phase_change,245,1778425974.4406636,/big.txt,31981568,131072
129,129_adaptive_phase_change_run03,adaptive,phase_change,246,1778425974.4420307,/big.txt,32112640,131072
129,129_adaptive_phase_change_run03,adaptive,phase_change,247,1778425974.4434109,/big.txt,32243712,131072
129,129_adaptive_phase_change_run03,adaptive,phase_change,248,1778425974.4447753,/big.txt,32374784,131072
129,129_adaptive_phase_change_run03,adaptive,phase_change,249,1778425974.4461446,/big.txt,32505856,131072
129,129_adaptive_phase_change_run03,adaptive,phase_change,250,1778425974.4475217,/big.txt,32636928,131072
129,129_adaptive_phase_change_run03,adaptive,phase_change,251,1778425974.448897,/big.txt,32768000,131072
129,129_adaptive_phase_change_run03,adaptive,phase_change,252,1778425974.4502666,/big.txt,32899072,131072
129,129_adaptive_phase_change_run03,adaptive,phase_change,253,1778425974.4516418,/big.txt,33030144,131072
129,129_adaptive_phase_change_run03,adaptive,phase_change,254,1778425974.453019,/big.txt,33161216,131072
129,129_adaptive_phase_change_run03,adaptive,phase_change,255,1778425974.4543865,/big.txt,33292288,131072
129,129_adaptive_phase_change_run03,adaptive,phase_change,256,1778425974.4557319,/big.txt,33423360,131072
129,129_adaptive_phase_change_run03,adaptive,phase_change,257,1778425974.4570947,/big.txt,33554432,131072
129,129_adaptive_phase_change_run03,adaptive,phase_change,258,1778425974.458467,/big.txt,33685504,131072
129,129_adaptive_phase_change_run03,adaptive,phase_change,259,1778425974.4598155,/big.txt,33816576,131072
129,129_adaptive_phase_change_run03,adaptive,phase_change,260,1778425974.461202,/big.txt,33947648,131072
129,129_adaptive_phase_change_run03,adaptive,phase_change,261,1778425974.4625769,/big.txt,34078720,131072
129,129_adaptive_phase_change_run03,adaptive,phase_change,262,1778425974.463969,/big.txt,34209792,131072
129,129_adaptive_phase_change_run03,adaptive,phase_change,263,1778425974.4653397,/big.txt,34340864,131072
129,129_adaptive_phase_change_run03,adaptive,phase_change,264,1778425974.466721,/big.txt,34471936,131072
129,129_adaptive_phase_change_run03,adaptive,phase_change,265,1778425974.4681933,/big.txt,34603008,131072
129,129_adaptive_phase_change_run03,adaptive,phase_change,266,1778425974.4695675,/big.txt,34734080,131072
129,129_adaptive_phase_change_run03,adaptive,phase_change,267,1778425974.4709468,/big.txt,34865152,131072
129,129_adaptive_phase_change_run03,adaptive,phase_change,268,1778425974.472332,/big.txt,34996224,131072
129,129_adaptive_phase_change_run03,adaptive,phase_change,269,1778425974.4736996,/big.txt,35127296,131072
129,129_adaptive_phase_change_run03,adaptive,phase_change,270,1778425974.4751365,/big.txt,35258368,131072
129,129_adaptive_phase_change_run03,adaptive,phase_change,271,1778425974.4765272,/big.txt,35389440,131072
129,129_adaptive_phase_change_run03,adaptive,phase_change,272,1778425974.477913,/big.txt,35520512,131072
129,129_adaptive_phase_change_run03,adaptive,phase_change,273,1778425974.479276,/big.txt,35651584,131072
129,129_adaptive_phase_change_run03,adaptive,phase_change,274,1778425974.4806542,/big.txt,35782656,131072
129,129_adaptive_phase_change_run03,adaptive,phase_change,275,1778425974.4820204,/big.txt,35913728,131072
129,129_adaptive_phase_change_run03,adaptive,phase_change,276,1778425974.4834101,/big.txt,36044800,131072
129,129_adaptive_phase_change_run03,adaptive,phase_change,277,1778425974.4847782,/big.txt,36175872,131072
129,129_adaptive_phase_change_run03,adaptive,phase_change,278,1778425974.486151,/big.txt,36306944,131072
129,129_adaptive_phase_change_run03,adaptive,phase_change,279,1778425974.4875307,/big.txt,36438016,131072
129,129_adaptive_phase_change_run03,adaptive,phase_change,280,1778425974.4889207,/big.txt,36569088,131072
129,129_adaptive_phase_change_run03,adaptive,phase_change,281,1778425974.4902856,/big.txt,36700160,131072
129,129_adaptive_phase_change_run03,adaptive,phase_change,282,1778425974.491696,/big.txt,36831232,131072
129,129_adaptive_phase_change_run03,adaptive,phase_change,283,1778425974.4930658,/big.txt,36962304,131072
129,129_adaptive_phase_change_run03,adaptive,phase_change,284,1778425974.494425,/big.txt,37093376,131072
129,129_adaptive_phase_change_run03,adaptive,phase_change,285,1778425974.4957814,/big.txt,37224448,131072
129,129_adaptive_phase_change_run03,adaptive,phase_change,286,1778425974.4972064,/big.txt,37355520,131072
129,129_adaptive_phase_change_run03,adaptive,phase_change,287,1778425974.4985812,/big.txt,37486592,131072
129,129_adaptive_phase_change_run03,adaptive,phase_change,288,1778425974.4999545,/big.txt,37617664,131072
129,129_adaptive_phase_change_run03,adaptive,phase_change,289,1778425974.5013123,/big.txt,37748736,131072
129,129_adaptive_phase_change_run03,adaptive,phase_change,290,1778425974.5026689,/big.txt,37879808,131072
129,129_adaptive_phase_change_run03,adaptive,phase_change,291,1778425974.5040364,/big.txt,38010880,131072
129,129_adaptive_phase_change_run03,adaptive,phase_change,292,1778425974.5054235,/big.txt,38141952,131072
129,129_adaptive_phase_change_run03,adaptive,phase_change,293,1778425974.506873,/big.txt,38273024,131072
129,129_adaptive_phase_change_run03,adaptive,phase_change,294,1778425974.5082471,/big.txt,38404096,131072
129,129_adaptive_phase_change_run03,adaptive,phase_change,295,1778425974.5096178,/big.txt,38535168,131072
129,129_adaptive_phase_change_run03,adaptive,phase_change,296,1778425974.5109978,/big.txt,38666240,131072
129,129_adaptive_phase_change_run03,adaptive,phase_change,297,1778425974.5123591,/big.txt,38797312,131072
129,129_adaptive_phase_change_run03,adaptive,phase_change,298,1778425974.5137413,/big.txt,38928384,131072
129,129_adaptive_phase_change_run03,adaptive,phase_change,299,1778425974.5151703,/big.txt,39059456,131072
129,129_adaptive_phase_change_run03,adaptive,phase_change,300,1778425974.5165393,/big.txt,39190528,131072
129,129_adaptive_phase_change_run03,adaptive,phase_change,301,1778425974.5179205,/big.txt,39321600,131072
129,129_adaptive_phase_change_run03,adaptive,phase_change,302,1778425974.5192926,/big.txt,39452672,131072
129,129_adaptive_phase_change_run03,adaptive,phase_change,303,1778425974.5206566,/big.txt,39583744,131072
129,129_adaptive_phase_change_run03,adaptive,phase_change,304,1778425974.522038,/big.txt,39714816,131072
129,129_adaptive_phase_change_run03,adaptive,phase_change,305,1778425974.5234141,/big.txt,39845888,131072
129,129_adaptive_phase_change_run03,adaptive,phase_change,306,1778425974.5247865,/big.txt,39976960,131072
129,129_adaptive_phase_change_run03,adaptive,phase_change,307,1778425974.526161,/big.txt,40108032,131072
129,129_adaptive_phase_change_run03,adaptive,phase_change,308,1778425974.5275366,/big.txt,40239104,131072
129,129_adaptive_phase_change_run03,adaptive,phase_change,309,1778425974.5289135,/big.txt,40370176,131072
129,129_adaptive_phase_change_run03,adaptive,phase_change,310,1778425974.5303495,/big.txt,40501248,131072
129,129_adaptive_phase_change_run03,adaptive,phase_change,311,1778425974.5317245,/big.txt,40632320,131072
129,129_adaptive_phase_change_run03,adaptive,phase_change,312,1778425974.5330987,/big.txt,40763392,131072
129,129_adaptive_phase_change_run03,adaptive,phase_change,313,1778425974.5344696,/big.txt,40894464,131072
129,129_adaptive_phase_change_run03,adaptive,phase_change,314,1778425974.5358205,/big.txt,41025536,131072
129,129_adaptive_phase_change_run03,adaptive,phase_change,315,1778425974.5372045,/big.txt,41156608,131072
129,129_adaptive_phase_change_run03,adaptive,phase_change,316,1778425974.53857,/big.txt,41287680,131072
129,129_adaptive_phase_change_run03,adaptive,phase_change,317,1778425974.539944,/big.txt,41418752,131072
129,129_adaptive_phase_change_run03,adaptive,phase_change,318,1778425974.5413163,/big.txt,41549824,131072
129,129_adaptive_phase_change_run03,adaptive,phase_change,319,1778425974.5426824,/big.txt,41680896,131072
129,129_adaptive_phase_change_run03,adaptive,phase_change,320,1778425974.5454159,/big.txt,41811968,131072
129,129_adaptive_phase_change_run03,adaptive,phase_change,321,1778425974.548133,/big.txt,41943040,131072
129,129_adaptive_phase_change_run03,adaptive,phase_change,322,1778425974.5508347,/big.txt,42074112,131072
129,129_adaptive_phase_change_run03,adaptive,phase_change,323,1778425974.5535417,/big.txt,42205184,131072
129,129_adaptive_phase_change_run03,adaptive,phase_change,324,1778425974.5552046,/big.txt,42336256,131072
129,129_adaptive_phase_change_run03,adaptive,phase_change,325,1778425974.5565915,/big.txt,42467328,131072
129,129_adaptive_phase_change_run03,adaptive,phase_change,326,1778425974.5579517,/big.txt,42598400,131072
129,129_adaptive_phase_change_run03,adaptive,phase_change,327,1778425974.5593374,/big.txt,42729472,131072
129,129_adaptive_phase_change_run03,adaptive,phase_change,328,1778425974.5607102,/big.txt,42860544,131072
129,129_adaptive_phase_change_run03,adaptive,phase_change,329,1778425974.562087,/big.txt,42991616,131072
129,129_adaptive_phase_change_run03,adaptive,phase_change,330,1778425974.5634623,/big.txt,43122688,131072
129,129_adaptive_phase_change_run03,adaptive,phase_change,331,1778425974.5648386,/big.txt,43253760,131072
129,129_adaptive_phase_change_run03,adaptive,phase_change,332,1778425974.566204,/big.txt,43384832,131072
129,129_adaptive_phase_change_run03,adaptive,phase_change,333,1778425974.5675786,/big.txt,43515904,131072
129,129_adaptive_phase_change_run03,adaptive,phase_change,334,1778425974.5689592,/big.txt,43646976,131072
129,129_adaptive_phase_change_run03,adaptive,phase_change,335,1778425974.5703306,/big.txt,43778048,131072
129,129_adaptive_phase_change_run03,adaptive,phase_change,336,1778425974.5717149,/big.txt,43909120,131072
129,129_adaptive_phase_change_run03,adaptive,phase_change,337,1778425974.5730925,/big.txt,44040192,131072
129,129_adaptive_phase_change_run03,adaptive,phase_change,338,1778425974.574475,/big.txt,44171264,131072
129,129_adaptive_phase_change_run03,adaptive,phase_change,339,1778425974.5758293,/big.txt,44302336,131072
129,129_adaptive_phase_change_run03,adaptive,phase_change,340,1778425974.5771954,/big.txt,44433408,131072
129,129_adaptive_phase_change_run03,adaptive,phase_change,341,1778425974.5785675,/big.txt,44564480,131072
129,129_adaptive_phase_change_run03,adaptive,phase_change,342,1778425974.5799332,/big.txt,44695552,131072
129,129_adaptive_phase_change_run03,adaptive,phase_change,343,1778425974.5813146,/big.txt,44826624,131072
129,129_adaptive_phase_change_run03,adaptive,phase_change,344,1778425974.5826814,/big.txt,44957696,131072
129,129_adaptive_phase_change_run03,adaptive,phase_change,345,1778425974.5840368,/big.txt,45088768,131072
129,129_adaptive_phase_change_run03,adaptive,phase_change,346,1778425974.5854156,/big.txt,45219840,131072
129,129_adaptive_phase_change_run03,adaptive,phase_change,347,1778425974.5867968,/big.txt,45350912,131072
129,129_adaptive_phase_change_run03,adaptive,phase_change,348,1778425974.588175,/big.txt,45481984,131072
129,129_adaptive_phase_change_run03,adaptive,phase_change,349,1778425974.5895507,/big.txt,45613056,131072
129,129_adaptive_phase_change_run03,adaptive,phase_change,350,1778425974.5909276,/big.txt,45744128,131072
129,129_adaptive_phase_change_run03,adaptive,phase_change,351,1778425974.592297,/big.txt,45875200,131072
129,129_adaptive_phase_change_run03,adaptive,phase_change,352,1778425974.5936766,/big.txt,46006272,131072
129,129_adaptive_phase_change_run03,adaptive,phase_change,353,1778425974.595198,/big.txt,46137344,131072
129,129_adaptive_phase_change_run03,adaptive,phase_change,354,1778425974.596585,/big.txt,46268416,131072
129,129_adaptive_phase_change_run03,adaptive,phase_change,355,1778425974.597957,/big.txt,46399488,131072
129,129_adaptive_phase_change_run03,adaptive,phase_change,356,1778425974.599344,/big.txt,46530560,131072
129,129_adaptive_phase_change_run03,adaptive,phase_change,357,1778425974.6007216,/big.txt,46661632,131072
129,129_adaptive_phase_change_run03,adaptive,phase_change,358,1778425974.6020992,/big.txt,46792704,131072
129,129_adaptive_phase_change_run03,adaptive,phase_change,359,1778425974.6034806,/big.txt,46923776,131072
129,129_adaptive_phase_change_run03,adaptive,phase_change,360,1778425974.6048667,/big.txt,47054848,131072
129,129_adaptive_phase_change_run03,adaptive,phase_change,361,1778425974.606241,/big.txt,47185920,131072
129,129_adaptive_phase_change_run03,adaptive,phase_change,362,1778425974.607633,/big.txt,47316992,131072
129,129_adaptive_phase_change_run03,adaptive,phase_change,363,1778425974.6090121,/big.txt,47448064,131072
129,129_adaptive_phase_change_run03,adaptive,phase_change,364,1778425974.61039,/big.txt,47579136,131072
129,129_adaptive_phase_change_run03,adaptive,phase_change,365,1778425974.6117442,/big.txt,47710208,131072
129,129_adaptive_phase_change_run03,adaptive,phase_change,366,1778425974.6131265,/big.txt,47841280,131072
129,129_adaptive_phase_change_run03,adaptive,phase_change,367,1778425974.6144984,/big.txt,47972352,131072
129,129_adaptive_phase_change_run03,adaptive,phase_change,368,1778425974.6158566,/big.txt,48103424,131072
129,129_adaptive_phase_change_run03,adaptive,phase_change,369,1778425974.6172245,/big.txt,48234496,131072
129,129_adaptive_phase_change_run03,adaptive,phase_change,370,1778425974.6186137,/big.txt,48365568,131072
129,129_adaptive_phase_change_run03,adaptive,phase_change,371,1778425974.6199918,/big.txt,48496640,131072
129,129_adaptive_phase_change_run03,adaptive,phase_change,372,1778425974.6213765,/big.txt,48627712,131072
129,129_adaptive_phase_change_run03,adaptive,phase_change,373,1778425974.6227477,/big.txt,48758784,131072
129,129_adaptive_phase_change_run03,adaptive,phase_change,374,1778425974.6241205,/big.txt,48889856,131072
129,129_adaptive_phase_change_run03,adaptive,phase_change,375,1778425974.6255097,/big.txt,49020928,131072
129,129_adaptive_phase_change_run03,adaptive,phase_change,376,1778425974.6270087,/big.txt,49152000,131072
129,129_adaptive_phase_change_run03,adaptive,phase_change,377,1778425974.6283717,/big.txt,49283072,131072
129,129_adaptive_phase_change_run03,adaptive,phase_change,378,1778425974.6297529,/big.txt,49414144,131072
129,129_adaptive_phase_change_run03,adaptive,phase_change,379,1778425974.631158,/big.txt,49545216,131072
129,129_adaptive_phase_change_run03,adaptive,phase_change,380,1778425974.632547,/big.txt,49676288,131072
129,129_adaptive_phase_change_run03,adaptive,phase_change,381,1778425974.633933,/big.txt,49807360,131072
129,129_adaptive_phase_change_run03,adaptive,phase_change,382,1778425974.6353338,/big.txt,49938432,131072
129,129_adaptive_phase_change_run03,adaptive,phase_change,383,1778425974.6367178,/big.txt,50069504,131072
129,129_adaptive_phase_change_run03,adaptive,phase_change,384,1778425974.6381018,/big.txt,50200576,131072
129,129_adaptive_phase_change_run03,adaptive,phase_change,385,1778425974.6394787,/big.txt,50331648,131072
129,129_adaptive_phase_change_run03,adaptive,phase_change,386,1778425974.6408684,/big.txt,50462720,131072
129,129_adaptive_phase_change_run03,adaptive,phase_change,387,1778425974.6422417,/big.txt,50593792,131072
129,129_adaptive_phase_change_run03,adaptive,phase_change,388,1778425974.643636,/big.txt,50724864,131072
129,129_adaptive_phase_change_run03,adaptive,phase_change,389,1778425974.6450157,/big.txt,50855936,131072
129,129_adaptive_phase_change_run03,adaptive,phase_change,390,1778425974.646392,/big.txt,50987008,131072
129,129_adaptive_phase_change_run03,adaptive,phase_change,391,1778425974.6477401,/big.txt,51118080,131072
129,129_adaptive_phase_change_run03,adaptive,phase_change,392,1778425974.6491191,/big.txt,51249152,131072
129,129_adaptive_phase_change_run03,adaptive,phase_change,393,1778425974.6505039,/big.txt,51380224,131072
129,129_adaptive_phase_change_run03,adaptive,phase_change,394,1778425974.651859,/big.txt,51511296,131072
129,129_adaptive_phase_change_run03,adaptive,phase_change,395,1778425974.6532278,/big.txt,51642368,131072
129,129_adaptive_phase_change_run03,adaptive,phase_change,396,1778425974.6546,/big.txt,51773440,131072
129,129_adaptive_phase_change_run03,adaptive,phase_change,397,1778425974.6561134,/big.txt,51904512,131072
129,129_adaptive_phase_change_run03,adaptive,phase_change,398,1778425974.6575022,/big.txt,52035584,131072
129,129_adaptive_phase_change_run03,adaptive,phase_change,399,1778425974.6588833,/big.txt,52166656,131072
129,129_adaptive_phase_change_run03,adaptive,phase_change,400,1778425974.6602604,/big.txt,52297728,131072
129,129_adaptive_phase_change_run03,adaptive,phase_change,401,1778425974.6616452,/big.txt,52428800,131072
129,129_adaptive_phase_change_run03,adaptive,phase_change,402,1778425974.6630282,/big.txt,52559872,131072
129,129_adaptive_phase_change_run03,adaptive,phase_change,403,1778425974.664404,/big.txt,52690944,131072
129,129_adaptive_phase_change_run03,adaptive,phase_change,404,1778425974.6657958,/big.txt,52822016,131072
129,129_adaptive_phase_change_run03,adaptive,phase_change,405,1778425974.6672192,/big.txt,52953088,131072
129,129_adaptive_phase_change_run03,adaptive,phase_change,406,1778425974.6685908,/big.txt,53084160,131072
129,129_adaptive_phase_change_run03,adaptive,phase_change,407,1778425974.6699703,/big.txt,53215232,131072
129,129_adaptive_phase_change_run03,adaptive,phase_change,408,1778425974.671351,/big.txt,53346304,131072
129,129_adaptive_phase_change_run03,adaptive,phase_change,409,1778425974.6727252,/big.txt,53477376,131072
129,129_adaptive_phase_change_run03,adaptive,phase_change,410,1778425974.674099,/big.txt,53608448,131072
129,129_adaptive_phase_change_run03,adaptive,phase_change,411,1778425974.675465,/big.txt,53739520,131072
129,129_adaptive_phase_change_run03,adaptive,phase_change,412,1778425974.6768422,/big.txt,53870592,131072
129,129_adaptive_phase_change_run03,adaptive,phase_change,413,1778425974.6782172,/big.txt,54001664,131072
129,129_adaptive_phase_change_run03,adaptive,phase_change,414,1778425974.6795943,/big.txt,54132736,131072
129,129_adaptive_phase_change_run03,adaptive,phase_change,415,1778425974.680981,/big.txt,54263808,131072
129,129_adaptive_phase_change_run03,adaptive,phase_change,416,1778425974.6823575,/big.txt,54394880,131072
129,129_adaptive_phase_change_run03,adaptive,phase_change,417,1778425974.6837075,/big.txt,54525952,131072
129,129_adaptive_phase_change_run03,adaptive,phase_change,418,1778425974.685078,/big.txt,54657024,131072
129,129_adaptive_phase_change_run03,adaptive,phase_change,419,1778425974.6864555,/big.txt,54788096,131072
129,129_adaptive_phase_change_run03,adaptive,phase_change,420,1778425974.6878057,/big.txt,54919168,131072
129,129_adaptive_phase_change_run03,adaptive,phase_change,421,1778425974.6891694,/big.txt,55050240,131072
129,129_adaptive_phase_change_run03,adaptive,phase_change,422,1778425974.6905446,/big.txt,55181312,131072
129,129_adaptive_phase_change_run03,adaptive,phase_change,423,1778425974.6919305,/big.txt,55312384,131072
129,129_adaptive_phase_change_run03,adaptive,phase_change,424,1778425974.6933112,/big.txt,55443456,131072
129,129_adaptive_phase_change_run03,adaptive,phase_change,425,1778425974.6947038,/big.txt,55574528,131072
129,129_adaptive_phase_change_run03,adaptive,phase_change,426,1778425974.696199,/big.txt,55705600,131072
129,129_adaptive_phase_change_run03,adaptive,phase_change,427,1778425974.6975775,/big.txt,55836672,131072
129,129_adaptive_phase_change_run03,adaptive,phase_change,428,1778425974.6989694,/big.txt,55967744,131072
129,129_adaptive_phase_change_run03,adaptive,phase_change,429,1778425974.7003422,/big.txt,56098816,131072
129,129_adaptive_phase_change_run03,adaptive,phase_change,430,1778425974.7017102,/big.txt,56229888,131072
129,129_adaptive_phase_change_run03,adaptive,phase_change,431,1778425974.7031317,/big.txt,56360960,131072
129,129_adaptive_phase_change_run03,adaptive,phase_change,432,1778425974.7045114,/big.txt,56492032,131072
129,129_adaptive_phase_change_run03,adaptive,phase_change,433,1778425974.7059035,/big.txt,56623104,131072
129,129_adaptive_phase_change_run03,adaptive,phase_change,434,1778425974.7072759,/big.txt,56754176,131072
129,129_adaptive_phase_change_run03,adaptive,phase_change,435,1778425974.708651,/big.txt,56885248,131072
129,129_adaptive_phase_change_run03,adaptive,phase_change,436,1778425974.710022,/big.txt,57016320,131072
129,129_adaptive_phase_change_run03,adaptive,phase_change,437,1778425974.7114072,/big.txt,57147392,131072
129,129_adaptive_phase_change_run03,adaptive,phase_change,438,1778425974.7128127,/big.txt,57278464,131072
129,129_adaptive_phase_change_run03,adaptive,phase_change,439,1778425974.714187,/big.txt,57409536,131072
129,129_adaptive_phase_change_run03,adaptive,phase_change,440,1778425974.7155743,/big.txt,57540608,131072
129,129_adaptive_phase_change_run03,adaptive,phase_change,441,1778425974.7169535,/big.txt,57671680,131072
129,129_adaptive_phase_change_run03,adaptive,phase_change,442,1778425974.7183266,/big.txt,57802752,131072
129,129_adaptive_phase_change_run03,adaptive,phase_change,443,1778425974.7197044,/big.txt,57933824,131072
129,129_adaptive_phase_change_run03,adaptive,phase_change,444,1778425974.7211251,/big.txt,58064896,131072
129,129_adaptive_phase_change_run03,adaptive,phase_change,445,1778425974.7225027,/big.txt,58195968,131072
129,129_adaptive_phase_change_run03,adaptive,phase_change,446,1778425974.7238476,/big.txt,58327040,131072
129,129_adaptive_phase_change_run03,adaptive,phase_change,447,1778425974.725224,/big.txt,58458112,131072
129,129_adaptive_phase_change_run03,adaptive,phase_change,448,1778425974.7265959,/big.txt,58589184,131072
129,129_adaptive_phase_change_run03,adaptive,phase_change,449,1778425974.727985,/big.txt,58720256,131072
129,129_adaptive_phase_change_run03,adaptive,phase_change,450,1778425974.729367,/big.txt,58851328,131072
129,129_adaptive_phase_change_run03,adaptive,phase_change,451,1778425974.730736,/big.txt,58982400,131072
129,129_adaptive_phase_change_run03,adaptive,phase_change,452,1778425974.732194,/big.txt,59113472,131072
129,129_adaptive_phase_change_run03,adaptive,phase_change,453,1778425974.7335763,/big.txt,59244544,131072
129,129_adaptive_phase_change_run03,adaptive,phase_change,454,1778425974.7349606,/big.txt,59375616,131072
129,129_adaptive_phase_change_run03,adaptive,phase_change,455,1778425974.7363334,/big.txt,59506688,131072
129,129_adaptive_phase_change_run03,adaptive,phase_change,456,1778425974.7377105,/big.txt,59637760,131072
129,129_adaptive_phase_change_run03,adaptive,phase_change,457,1778425974.7390902,/big.txt,59768832,131072
129,129_adaptive_phase_change_run03,adaptive,phase_change,458,1778425974.7404726,/big.txt,59899904,131072
129,129_adaptive_phase_change_run03,adaptive,phase_change,459,1778425974.7418404,/big.txt,60030976,131072
129,129_adaptive_phase_change_run03,adaptive,phase_change,460,1778425974.7432268,/big.txt,60162048,131072
129,129_adaptive_phase_change_run03,adaptive,phase_change,461,1778425974.744594,/big.txt,60293120,131072
129,129_adaptive_phase_change_run03,adaptive,phase_change,462,1778425974.7459736,/big.txt,60424192,131072
129,129_adaptive_phase_change_run03,adaptive,phase_change,463,1778425974.7473655,/big.txt,60555264,131072
129,129_adaptive_phase_change_run03,adaptive,phase_change,464,1778425974.748745,/big.txt,60686336,131072
129,129_adaptive_phase_change_run03,adaptive,phase_change,465,1778425974.750124,/big.txt,60817408,131072
129,129_adaptive_phase_change_run03,adaptive,phase_change,466,1778425974.7515135,/big.txt,60948480,131072
129,129_adaptive_phase_change_run03,adaptive,phase_change,467,1778425974.7528942,/big.txt,61079552,131072
129,129_adaptive_phase_change_run03,adaptive,phase_change,468,1778425974.7542746,/big.txt,61210624,131072
129,129_adaptive_phase_change_run03,adaptive,phase_change,469,1778425974.7556877,/big.txt,61341696,131072
129,129_adaptive_phase_change_run03,adaptive,phase_change,470,1778425974.757073,/big.txt,61472768,131072
129,129_adaptive_phase_change_run03,adaptive,phase_change,471,1778425974.758449,/big.txt,61603840,131072
129,129_adaptive_phase_change_run03,adaptive,phase_change,472,1778425974.759802,/big.txt,61734912,131072
129,129_adaptive_phase_change_run03,adaptive,phase_change,473,1778425974.761186,/big.txt,61865984,131072
129,129_adaptive_phase_change_run03,adaptive,phase_change,474,1778425974.76256,/big.txt,61997056,131072
129,129_adaptive_phase_change_run03,adaptive,phase_change,475,1778425974.7639403,/big.txt,62128128,131072
129,129_adaptive_phase_change_run03,adaptive,phase_change,476,1778425974.7653115,/big.txt,62259200,131072
129,129_adaptive_phase_change_run03,adaptive,phase_change,477,1778425974.7666981,/big.txt,62390272,131072
129,129_adaptive_phase_change_run03,adaptive,phase_change,478,1778425974.768078,/big.txt,62521344,131072
129,129_adaptive_phase_change_run03,adaptive,phase_change,479,1778425974.7694573,/big.txt,62652416,131072
129,129_adaptive_phase_change_run03,adaptive,phase_change,480,1778425974.7708962,/big.txt,62783488,131072
129,129_adaptive_phase_change_run03,adaptive,phase_change,481,1778425974.7722626,/big.txt,62914560,131072
129,129_adaptive_phase_change_run03,adaptive,phase_change,482,1778425974.7736332,/big.txt,63045632,131072
129,129_adaptive_phase_change_run03,adaptive,phase_change,483,1778425974.775011,/big.txt,63176704,131072
129,129_adaptive_phase_change_run03,adaptive,phase_change,484,1778425974.7763932,/big.txt,63307776,131072
129,129_adaptive_phase_change_run03,adaptive,phase_change,485,1778425974.777761,/big.txt,63438848,131072
129,129_adaptive_phase_change_run03,adaptive,phase_change,486,1778425974.7791724,/big.txt,63569920,131072
129,129_adaptive_phase_change_run03,adaptive,phase_change,487,1778425974.7805645,/big.txt,63700992,131072
129,129_adaptive_phase_change_run03,adaptive,phase_change,488,1778425974.7819393,/big.txt,63832064,131072
129,129_adaptive_phase_change_run03,adaptive,phase_change,489,1778425974.7833126,/big.txt,63963136,131072
129,129_adaptive_phase_change_run03,adaptive,phase_change,490,1778425974.784682,/big.txt,64094208,131072
129,129_adaptive_phase_change_run03,adaptive,phase_change,491,1778425974.786054,/big.txt,64225280,131072
129,129_adaptive_phase_change_run03,adaptive,phase_change,492,1778425974.7874358,/big.txt,64356352,131072
129,129_adaptive_phase_change_run03,adaptive,phase_change,493,1778425974.7888136,/big.txt,64487424,131072
129,129_adaptive_phase_change_run03,adaptive,phase_change,494,1778425974.790182,/big.txt,64618496,131072
129,129_adaptive_phase_change_run03,adaptive,phase_change,495,1778425974.791562,/big.txt,64749568,131072
129,129_adaptive_phase_change_run03,adaptive,phase_change,496,1778425974.792928,/big.txt,64880640,131072
129,129_adaptive_phase_change_run03,adaptive,phase_change,497,1778425974.7943053,/big.txt,65011712,131072
129,129_adaptive_phase_change_run03,adaptive,phase_change,498,1778425974.7956603,/big.txt,65142784,131072
129,129_adaptive_phase_change_run03,adaptive,phase_change,499,1778425974.7970443,/big.txt,65273856,131072
129,129_adaptive_phase_change_run03,adaptive,phase_change,500,1778425974.7984269,/big.txt,65404928,131072
129,129_adaptive_phase_change_run03,adaptive,phase_change,501,1778425974.7998025,/big.txt,65536000,131072
129,129_adaptive_phase_change_run03,adaptive,phase_change,502,1778425974.8012486,/big.txt,65667072,131072
129,129_adaptive_phase_change_run03,adaptive,phase_change,503,1778425974.8026283,/big.txt,65798144,131072
129,129_adaptive_phase_change_run03,adaptive,phase_change,504,1778425974.8040853,/big.txt,65929216,131072
129,129_adaptive_phase_change_run03,adaptive,phase_change,505,1778425974.8055031,/big.txt,66060288,131072
129,129_adaptive_phase_change_run03,adaptive,phase_change,506,1778425974.8069005,/big.txt,66191360,131072
129,129_adaptive_phase_change_run03,adaptive,phase_change,507,1778425974.808287,/big.txt,66322432,131072
129,129_adaptive_phase_change_run03,adaptive,phase_change,508,1778425974.809665,/big.txt,66453504,131072
129,129_adaptive_phase_change_run03,adaptive,phase_change,509,1778425974.8110983,/big.txt,66584576,131072
129,129_adaptive_phase_change_run03,adaptive,phase_change,510,1778425974.812469,/big.txt,66715648,131072
129,129_adaptive_phase_change_run03,adaptive,phase_change,511,1778425974.8138573,/big.txt,66846720,131072
129,129_adaptive_phase_change_run03,adaptive,phase_change,512,1778425974.8152335,/big.txt,66977792,131072
129,129_adaptive_phase_change_run03,adaptive,phase_change,513,1778425974.8166068,/big.txt,67108864,131072
129,129_adaptive_phase_change_run03,adaptive,phase_change,514,1778425974.8179905,/big.txt,67239936,131072
129,129_adaptive_phase_change_run03,adaptive,phase_change,515,1778425974.8193958,/big.txt,67371008,131072
129,129_adaptive_phase_change_run03,adaptive,phase_change,516,1778425974.8207767,/big.txt,67502080,131072
129,129_adaptive_phase_change_run03,adaptive,phase_change,517,1778425974.8221562,/big.txt,67633152,131072
129,129_adaptive_phase_change_run03,adaptive,phase_change,518,1778425974.823525,/big.txt,67764224,131072
129,129_adaptive_phase_change_run03,adaptive,phase_change,519,1778425974.824901,/big.txt,67895296,131072
129,129_adaptive_phase_change_run03,adaptive,phase_change,520,1778425974.82628,/big.txt,68026368,131072
129,129_adaptive_phase_change_run03,adaptive,phase_change,521,1778425974.8277013,/big.txt,68157440,131072
129,129_adaptive_phase_change_run03,adaptive,phase_change,522,1778425974.829074,/big.txt,68288512,131072
129,129_adaptive_phase_change_run03,adaptive,phase_change,523,1778425974.8304546,/big.txt,68419584,131072
129,129_adaptive_phase_change_run03,adaptive,phase_change,524,1778425974.831796,/big.txt,68550656,131072
129,129_adaptive_phase_change_run03,adaptive,phase_change,525,1778425974.833181,/big.txt,68681728,131072
129,129_adaptive_phase_change_run03,adaptive,phase_change,526,1778425974.8345554,/big.txt,68812800,131072
129,129_adaptive_phase_change_run03,adaptive,phase_change,527,1778425974.8359923,/big.txt,68943872,131072
129,129_adaptive_phase_change_run03,adaptive,phase_change,528,1778425974.8373716,/big.txt,69074944,131072
129,129_adaptive_phase_change_run03,adaptive,phase_change,529,1778425974.8387349,/big.txt,69206016,131072
129,129_adaptive_phase_change_run03,adaptive,phase_change,530,1778425974.8401096,/big.txt,69337088,131072
129,129_adaptive_phase_change_run03,adaptive,phase_change,531,1778425974.8414893,/big.txt,69468160,131072
129,129_adaptive_phase_change_run03,adaptive,phase_change,532,1778425974.8429523,/big.txt,69599232,131072
129,129_adaptive_phase_change_run03,adaptive,phase_change,533,1778425974.8443313,/big.txt,69730304,131072
129,129_adaptive_phase_change_run03,adaptive,phase_change,534,1778425974.845718,/big.txt,69861376,131072
129,129_adaptive_phase_change_run03,adaptive,phase_change,535,1778425974.8471003,/big.txt,69992448,131072
129,129_adaptive_phase_change_run03,adaptive,phase_change,536,1778425974.848482,/big.txt,70123520,131072
129,129_adaptive_phase_change_run03,adaptive,phase_change,537,1778425974.849854,/big.txt,70254592,131072
129,129_adaptive_phase_change_run03,adaptive,phase_change,538,1778425974.8512366,/big.txt,70385664,131072
129,129_adaptive_phase_change_run03,adaptive,phase_change,539,1778425974.852617,/big.txt,70516736,131072
129,129_adaptive_phase_change_run03,adaptive,phase_change,540,1778425974.8540132,/big.txt,70647808,131072
129,129_adaptive_phase_change_run03,adaptive,phase_change,541,1778425974.855391,/big.txt,70778880,131072
129,129_adaptive_phase_change_run03,adaptive,phase_change,542,1778425974.856757,/big.txt,70909952,131072
129,129_adaptive_phase_change_run03,adaptive,phase_change,543,1778425974.8581378,/big.txt,71041024,131072
129,129_adaptive_phase_change_run03,adaptive,phase_change,544,1778425974.8595374,/big.txt,71172096,131072
129,129_adaptive_phase_change_run03,adaptive,phase_change,545,1778425974.8609197,/big.txt,71303168,131072
129,129_adaptive_phase_change_run03,adaptive,phase_change,546,1778425974.8622992,/big.txt,71434240,131072
129,129_adaptive_phase_change_run03,adaptive,phase_change,547,1778425974.8636827,/big.txt,71565312,131072
129,129_adaptive_phase_change_run03,adaptive,phase_change,548,1778425974.865065,/big.txt,71696384,131072
129,129_adaptive_phase_change_run03,adaptive,phase_change,549,1778425974.8664398,/big.txt,71827456,131072
129,129_adaptive_phase_change_run03,adaptive,phase_change,550,1778425974.8677876,/big.txt,71958528,131072
129,129_adaptive_phase_change_run03,adaptive,phase_change,551,1778425974.8691676,/big.txt,72089600,131072
129,129_adaptive_phase_change_run03,adaptive,phase_change,552,1778425974.870545,/big.txt,72220672,131072
129,129_adaptive_phase_change_run03,adaptive,phase_change,553,1778425974.8719356,/big.txt,72351744,131072
129,129_adaptive_phase_change_run03,adaptive,phase_change,554,1778425974.8733213,/big.txt,72482816,131072
129,129_adaptive_phase_change_run03,adaptive,phase_change,555,1778425974.8747044,/big.txt,72613888,131072
129,129_adaptive_phase_change_run03,adaptive,phase_change,556,1778425974.8761895,/big.txt,72744960,131072
129,129_adaptive_phase_change_run03,adaptive,phase_change,557,1778425974.8775783,/big.txt,72876032,131072
129,129_adaptive_phase_change_run03,adaptive,phase_change,558,1778425974.8789663,/big.txt,73007104,131072
129,129_adaptive_phase_change_run03,adaptive,phase_change,559,1778425974.8803432,/big.txt,73138176,131072
129,129_adaptive_phase_change_run03,adaptive,phase_change,560,1778425974.881723,/big.txt,73269248,131072
129,129_adaptive_phase_change_run03,adaptive,phase_change,561,1778425974.8831038,/big.txt,73400320,131072
129,129_adaptive_phase_change_run03,adaptive,phase_change,562,1778425974.8844798,/big.txt,73531392,131072
129,129_adaptive_phase_change_run03,adaptive,phase_change,563,1778425974.8858464,/big.txt,73662464,131072
129,129_adaptive_phase_change_run03,adaptive,phase_change,564,1778425974.8872337,/big.txt,73793536,131072
129,129_adaptive_phase_change_run03,adaptive,phase_change,565,1778425974.8886104,/big.txt,73924608,131072
129,129_adaptive_phase_change_run03,adaptive,phase_change,566,1778425974.89,/big.txt,74055680,131072
129,129_adaptive_phase_change_run03,adaptive,phase_change,567,1778425974.8913863,/big.txt,74186752,131072
129,129_adaptive_phase_change_run03,adaptive,phase_change,568,1778425974.8927772,/big.txt,74317824,131072
129,129_adaptive_phase_change_run03,adaptive,phase_change,569,1778425974.8941524,/big.txt,74448896,131072
129,129_adaptive_phase_change_run03,adaptive,phase_change,570,1778425974.8955297,/big.txt,74579968,131072
129,129_adaptive_phase_change_run03,adaptive,phase_change,571,1778425974.896899,/big.txt,74711040,131072
129,129_adaptive_phase_change_run03,adaptive,phase_change,572,1778425974.8982725,/big.txt,74842112,131072
129,129_adaptive_phase_change_run03,adaptive,phase_change,573,1778425974.8996854,/big.txt,74973184,131072
129,129_adaptive_phase_change_run03,adaptive,phase_change,574,1778425974.90106,/big.txt,75104256,131072
129,129_adaptive_phase_change_run03,adaptive,phase_change,575,1778425974.9024282,/big.txt,75235328,131072
129,129_adaptive_phase_change_run03,adaptive,phase_change,576,1778425974.9037888,/big.txt,75366400,131072
129,129_adaptive_phase_change_run03,adaptive,phase_change,577,1778425974.905165,/big.txt,75497472,131072
129,129_adaptive_phase_change_run03,adaptive,phase_change,578,1778425974.906555,/big.txt,75628544,131072
129,129_adaptive_phase_change_run03,adaptive,phase_change,579,1778425974.908072,/big.txt,75759616,131072
129,129_adaptive_phase_change_run03,adaptive,phase_change,580,1778425974.9094467,/big.txt,75890688,131072
129,129_adaptive_phase_change_run03,adaptive,phase_change,581,1778425974.9108212,/big.txt,76021760,131072
129,129_adaptive_phase_change_run03,adaptive,phase_change,582,1778425974.9122095,/big.txt,76152832,131072
129,129_adaptive_phase_change_run03,adaptive,phase_change,583,1778425974.9136133,/big.txt,76283904,131072
129,129_adaptive_phase_change_run03,adaptive,phase_change,584,1778425974.9150567,/big.txt,76414976,131072
129,129_adaptive_phase_change_run03,adaptive,phase_change,585,1778425974.9164395,/big.txt,76546048,131072
129,129_adaptive_phase_change_run03,adaptive,phase_change,586,1778425974.9178116,/big.txt,76677120,131072
129,129_adaptive_phase_change_run03,adaptive,phase_change,587,1778425974.9191868,/big.txt,76808192,131072
129,129_adaptive_phase_change_run03,adaptive,phase_change,588,1778425974.9205673,/big.txt,76939264,131072
129,129_adaptive_phase_change_run03,adaptive,phase_change,589,1778425974.9219446,/big.txt,77070336,131072
129,129_adaptive_phase_change_run03,adaptive,phase_change,590,1778425974.9233127,/big.txt,77201408,131072
129,129_adaptive_phase_change_run03,adaptive,phase_change,591,1778425974.9246917,/big.txt,77332480,131072
129,129_adaptive_phase_change_run03,adaptive,phase_change,592,1778425974.9260502,/big.txt,77463552,131072
129,129_adaptive_phase_change_run03,adaptive,phase_change,593,1778425974.9274418,/big.txt,77594624,131072
129,129_adaptive_phase_change_run03,adaptive,phase_change,594,1778425974.9288197,/big.txt,77725696,131072
129,129_adaptive_phase_change_run03,adaptive,phase_change,595,1778425974.93022,/big.txt,77856768,131072
129,129_adaptive_phase_change_run03,adaptive,phase_change,596,1778425974.9316044,/big.txt,77987840,131072
129,129_adaptive_phase_change_run03,adaptive,phase_change,597,1778425974.932979,/big.txt,78118912,131072
129,129_adaptive_phase_change_run03,adaptive,phase_change,598,1778425974.9343624,/big.txt,78249984,131072
129,129_adaptive_phase_change_run03,adaptive,phase_change,599,1778425974.9357252,/big.txt,78381056,131072
129,129_adaptive_phase_change_run03,adaptive,phase_change,600,1778425974.9371011,/big.txt,78512128,131072
129,129_adaptive_phase_change_run03,adaptive,phase_change,601,1778425974.938478,/big.txt,78643200,131072
129,129_adaptive_phase_change_run03,adaptive,phase_change,602,1778425974.9398293,/big.txt,78774272,131072
129,129_adaptive_phase_change_run03,adaptive,phase_change,603,1778425974.941205,/big.txt,78905344,131072
129,129_adaptive_phase_change_run03,adaptive,phase_change,604,1778425974.9425952,/big.txt,79036416,131072
129,129_adaptive_phase_change_run03,adaptive,phase_change,605,1778425974.9439754,/big.txt,79167488,131072
129,129_adaptive_phase_change_run03,adaptive,phase_change,606,1778425974.945348,/big.txt,79298560,131072
129,129_adaptive_phase_change_run03,adaptive,phase_change,607,1778425974.9467218,/big.txt,79429632,131072
129,129_adaptive_phase_change_run03,adaptive,phase_change,608,1778425974.9481878,/big.txt,79560704,131072
129,129_adaptive_phase_change_run03,adaptive,phase_change,609,1778425974.9495695,/big.txt,79691776,131072
129,129_adaptive_phase_change_run03,adaptive,phase_change,610,1778425974.9509377,/big.txt,79822848,131072
129,129_adaptive_phase_change_run03,adaptive,phase_change,611,1778425974.9523203,/big.txt,79953920,131072
129,129_adaptive_phase_change_run03,adaptive,phase_change,612,1778425974.9536824,/big.txt,80084992,131072
129,129_adaptive_phase_change_run03,adaptive,phase_change,613,1778425974.955152,/big.txt,80216064,131072
129,129_adaptive_phase_change_run03,adaptive,phase_change,614,1778425974.9565198,/big.txt,80347136,131072
129,129_adaptive_phase_change_run03,adaptive,phase_change,615,1778425974.9579027,/big.txt,80478208,131072
129,129_adaptive_phase_change_run03,adaptive,phase_change,616,1778425974.9592757,/big.txt,80609280,131072
129,129_adaptive_phase_change_run03,adaptive,phase_change,617,1778425974.9606652,/big.txt,80740352,131072
129,129_adaptive_phase_change_run03,adaptive,phase_change,618,1778425974.9620411,/big.txt,80871424,131072
129,129_adaptive_phase_change_run03,adaptive,phase_change,619,1778425974.963436,/big.txt,81002496,131072
129,129_adaptive_phase_change_run03,adaptive,phase_change,620,1778425974.9648087,/big.txt,81133568,131072
129,129_adaptive_phase_change_run03,adaptive,phase_change,621,1778425974.9661865,/big.txt,81264640,131072
129,129_adaptive_phase_change_run03,adaptive,phase_change,622,1778425974.9675655,/big.txt,81395712,131072
129,129_adaptive_phase_change_run03,adaptive,phase_change,623,1778425974.9689438,/big.txt,81526784,131072
129,129_adaptive_phase_change_run03,adaptive,phase_change,624,1778425974.970324,/big.txt,81657856,131072
129,129_adaptive_phase_change_run03,adaptive,phase_change,625,1778425974.971715,/big.txt,81788928,131072
129,129_adaptive_phase_change_run03,adaptive,phase_change,626,1778425974.9730852,/big.txt,81920000,131072
129,129_adaptive_phase_change_run03,adaptive,phase_change,627,1778425974.9744563,/big.txt,82051072,131072
129,129_adaptive_phase_change_run03,adaptive,phase_change,628,1778425974.9758077,/big.txt,82182144,131072
129,129_adaptive_phase_change_run03,adaptive,phase_change,629,1778425974.9771852,/big.txt,82313216,131072
129,129_adaptive_phase_change_run03,adaptive,phase_change,630,1778425974.978565,/big.txt,82444288,131072
129,129_adaptive_phase_change_run03,adaptive,phase_change,631,1778425974.9799287,/big.txt,82575360,131072
129,129_adaptive_phase_change_run03,adaptive,phase_change,632,1778425974.9813075,/big.txt,82706432,131072
129,129_adaptive_phase_change_run03,adaptive,phase_change,633,1778425974.982687,/big.txt,82837504,131072
129,129_adaptive_phase_change_run03,adaptive,phase_change,634,1778425974.9840715,/big.txt,82968576,131072
129,129_adaptive_phase_change_run03,adaptive,phase_change,635,1778425974.9854584,/big.txt,83099648,131072
129,129_adaptive_phase_change_run03,adaptive,phase_change,636,1778425974.98688,/big.txt,83230720,131072
129,129_adaptive_phase_change_run03,adaptive,phase_change,637,1778425974.9896219,/big.txt,83361792,131072
129,129_adaptive_phase_change_run03,adaptive,phase_change,638,1778425974.992335,/big.txt,83492864,131072
129,129_adaptive_phase_change_run03,adaptive,phase_change,639,1778425974.9949088,/big.txt,83623936,131072
129,129_adaptive_phase_change_run03,adaptive,phase_change,640,1778425974.9962995,/big.txt,83755008,131072
129,129_adaptive_phase_change_run03,adaptive,phase_change,641,1778425974.9976773,/big.txt,83886080,131072
129,129_adaptive_phase_change_run03,adaptive,phase_change,642,1778425974.999055,/big.txt,84017152,131072
129,129_adaptive_phase_change_run03,adaptive,phase_change,643,1778425975.0004375,/big.txt,84148224,131072
129,129_adaptive_phase_change_run03,adaptive,phase_change,644,1778425975.001805,/big.txt,84279296,131072
129,129_adaptive_phase_change_run03,adaptive,phase_change,645,1778425975.00317,/big.txt,84410368,131072
129,129_adaptive_phase_change_run03,adaptive,phase_change,646,1778425975.004537,/big.txt,84541440,131072
129,129_adaptive_phase_change_run03,adaptive,phase_change,647,1778425975.005924,/big.txt,84672512,131072
129,129_adaptive_phase_change_run03,adaptive,phase_change,648,1778425975.0073044,/big.txt,84803584,131072
129,129_adaptive_phase_change_run03,adaptive,phase_change,649,1778425975.008696,/big.txt,84934656,131072
129,129_adaptive_phase_change_run03,adaptive,phase_change,650,1778425975.010076,/big.txt,85065728,131072
129,129_adaptive_phase_change_run03,adaptive,phase_change,651,1778425975.0114803,/big.txt,85196800,131072
129,129_adaptive_phase_change_run03,adaptive,phase_change,652,1778425975.0128655,/big.txt,85327872,131072
129,129_adaptive_phase_change_run03,adaptive,phase_change,653,1778425975.0142434,/big.txt,85458944,131072
129,129_adaptive_phase_change_run03,adaptive,phase_change,654,1778425975.0156128,/big.txt,85590016,131072
129,129_adaptive_phase_change_run03,adaptive,phase_change,655,1778425975.0170012,/big.txt,85721088,131072
129,129_adaptive_phase_change_run03,adaptive,phase_change,656,1778425975.0183825,/big.txt,85852160,131072
129,129_adaptive_phase_change_run03,adaptive,phase_change,657,1778425975.0197287,/big.txt,85983232,131072
129,129_adaptive_phase_change_run03,adaptive,phase_change,658,1778425975.0211017,/big.txt,86114304,131072
129,129_adaptive_phase_change_run03,adaptive,phase_change,659,1778425975.0224757,/big.txt,86245376,131072
129,129_adaptive_phase_change_run03,adaptive,phase_change,660,1778425975.0238342,/big.txt,86376448,131072
129,129_adaptive_phase_change_run03,adaptive,phase_change,661,1778425975.0251994,/big.txt,86507520,131072
129,129_adaptive_phase_change_run03,adaptive,phase_change,662,1778425975.0265617,/big.txt,86638592,131072
129,129_adaptive_phase_change_run03,adaptive,phase_change,663,1778425975.0280097,/big.txt,86769664,131072
129,129_adaptive_phase_change_run03,adaptive,phase_change,664,1778425975.029389,/big.txt,86900736,131072
129,129_adaptive_phase_change_run03,adaptive,phase_change,665,1778425975.0307658,/big.txt,87031808,131072
129,129_adaptive_phase_change_run03,adaptive,phase_change,666,1778425975.032142,/big.txt,87162880,131072
129,129_adaptive_phase_change_run03,adaptive,phase_change,667,1778425975.033522,/big.txt,87293952,131072
129,129_adaptive_phase_change_run03,adaptive,phase_change,668,1778425975.0349085,/big.txt,87425024,131072
129,129_adaptive_phase_change_run03,adaptive,phase_change,669,1778425975.036278,/big.txt,87556096,131072
129,129_adaptive_phase_change_run03,adaptive,phase_change,670,1778425975.0376525,/big.txt,87687168,131072
129,129_adaptive_phase_change_run03,adaptive,phase_change,671,1778425975.039076,/big.txt,87818240,131072
129,129_adaptive_phase_change_run03,adaptive,phase_change,672,1778425975.040465,/big.txt,87949312,131072
129,129_adaptive_phase_change_run03,adaptive,phase_change,673,1778425975.0418482,/big.txt,88080384,131072
129,129_adaptive_phase_change_run03,adaptive,phase_change,674,1778425975.0432355,/big.txt,88211456,131072
129,129_adaptive_phase_change_run03,adaptive,phase_change,675,1778425975.044604,/big.txt,88342528,131072
129,129_adaptive_phase_change_run03,adaptive,phase_change,676,1778425975.045992,/big.txt,88473600,131072
129,129_adaptive_phase_change_run03,adaptive,phase_change,677,1778425975.0473676,/big.txt,88604672,131072
129,129_adaptive_phase_change_run03,adaptive,phase_change,678,1778425975.0487368,/big.txt,88735744,131072
129,129_adaptive_phase_change_run03,adaptive,phase_change,679,1778425975.0501008,/big.txt,88866816,131072
129,129_adaptive_phase_change_run03,adaptive,phase_change,680,1778425975.0514987,/big.txt,88997888,131072
129,129_adaptive_phase_change_run03,adaptive,phase_change,681,1778425975.0528708,/big.txt,89128960,131072
129,129_adaptive_phase_change_run03,adaptive,phase_change,682,1778425975.054241,/big.txt,89260032,131072
129,129_adaptive_phase_change_run03,adaptive,phase_change,683,1778425975.0556211,/big.txt,89391104,131072
129,129_adaptive_phase_change_run03,adaptive,phase_change,684,1778425975.057008,/big.txt,89522176,131072
129,129_adaptive_phase_change_run03,adaptive,phase_change,685,1778425975.0583825,/big.txt,89653248,131072
129,129_adaptive_phase_change_run03,adaptive,phase_change,686,1778425975.0597365,/big.txt,89784320,131072
129,129_adaptive_phase_change_run03,adaptive,phase_change,687,1778425975.061119,/big.txt,89915392,131072
129,129_adaptive_phase_change_run03,adaptive,phase_change,688,1778425975.0624928,/big.txt,90046464,131072
129,129_adaptive_phase_change_run03,adaptive,phase_change,689,1778425975.0638347,/big.txt,90177536,131072
129,129_adaptive_phase_change_run03,adaptive,phase_change,690,1778425975.0652142,/big.txt,90308608,131072
129,129_adaptive_phase_change_run03,adaptive,phase_change,691,1778425975.0665877,/big.txt,90439680,131072
129,129_adaptive_phase_change_run03,adaptive,phase_change,692,1778425975.0680437,/big.txt,90570752,131072
129,129_adaptive_phase_change_run03,adaptive,phase_change,693,1778425975.0694253,/big.txt,90701824,131072
129,129_adaptive_phase_change_run03,adaptive,phase_change,694,1778425975.070803,/big.txt,90832896,131072
129,129_adaptive_phase_change_run03,adaptive,phase_change,695,1778425975.0721858,/big.txt,90963968,131072
129,129_adaptive_phase_change_run03,adaptive,phase_change,696,1778425975.0735695,/big.txt,91095040,131072
129,129_adaptive_phase_change_run03,adaptive,phase_change,697,1778425975.0749586,/big.txt,91226112,131072
129,129_adaptive_phase_change_run03,adaptive,phase_change,698,1778425975.0763333,/big.txt,91357184,131072
129,129_adaptive_phase_change_run03,adaptive,phase_change,699,1778425975.077701,/big.txt,91488256,131072
129,129_adaptive_phase_change_run03,adaptive,phase_change,700,1778425975.0792248,/big.txt,91619328,131072
129,129_adaptive_phase_change_run03,adaptive,phase_change,701,1778425975.080609,/big.txt,91750400,131072
129,129_adaptive_phase_change_run03,adaptive,phase_change,702,1778425975.081998,/big.txt,91881472,131072
129,129_adaptive_phase_change_run03,adaptive,phase_change,703,1778425975.0833843,/big.txt,92012544,131072
129,129_adaptive_phase_change_run03,adaptive,phase_change,704,1778425975.0847683,/big.txt,92143616,131072
129,129_adaptive_phase_change_run03,adaptive,phase_change,705,1778425975.086143,/big.txt,92274688,131072
129,129_adaptive_phase_change_run03,adaptive,phase_change,706,1778425975.0875258,/big.txt,92405760,131072
129,129_adaptive_phase_change_run03,adaptive,phase_change,707,1778425975.088901,/big.txt,92536832,131072
129,129_adaptive_phase_change_run03,adaptive,phase_change,708,1778425975.090276,/big.txt,92667904,131072
129,129_adaptive_phase_change_run03,adaptive,phase_change,709,1778425975.0916774,/big.txt,92798976,131072
129,129_adaptive_phase_change_run03,adaptive,phase_change,710,1778425975.0930614,/big.txt,92930048,131072
129,129_adaptive_phase_change_run03,adaptive,phase_change,711,1778425975.0944436,/big.txt,93061120,131072
129,129_adaptive_phase_change_run03,adaptive,phase_change,712,1778425975.0958047,/big.txt,93192192,131072
129,129_adaptive_phase_change_run03,adaptive,phase_change,713,1778425975.0971966,/big.txt,93323264,131072
129,129_adaptive_phase_change_run03,adaptive,phase_change,714,1778425975.0985756,/big.txt,93454336,131072
129,129_adaptive_phase_change_run03,adaptive,phase_change,715,1778425975.0999599,/big.txt,93585408,131072
129,129_adaptive_phase_change_run03,adaptive,phase_change,716,1778425975.1013505,/big.txt,93716480,131072
129,129_adaptive_phase_change_run03,adaptive,phase_change,717,1778425975.1027231,/big.txt,93847552,131072
129,129_adaptive_phase_change_run03,adaptive,phase_change,718,1778425975.1041832,/big.txt,93978624,131072
129,129_adaptive_phase_change_run03,adaptive,phase_change,719,1778425975.1055946,/big.txt,94109696,131072
129,129_adaptive_phase_change_run03,adaptive,phase_change,720,1778425975.1069849,/big.txt,94240768,131072
129,129_adaptive_phase_change_run03,adaptive,phase_change,721,1778425975.1083617,/big.txt,94371840,131072
129,129_adaptive_phase_change_run03,adaptive,phase_change,722,1778425975.1097367,/big.txt,94502912,131072
129,129_adaptive_phase_change_run03,adaptive,phase_change,723,1778425975.111203,/big.txt,94633984,131072
129,129_adaptive_phase_change_run03,adaptive,phase_change,724,1778425975.1125772,/big.txt,94765056,131072
129,129_adaptive_phase_change_run03,adaptive,phase_change,725,1778425975.1139512,/big.txt,94896128,131072
129,129_adaptive_phase_change_run03,adaptive,phase_change,726,1778425975.1153312,/big.txt,95027200,131072
129,129_adaptive_phase_change_run03,adaptive,phase_change,727,1778425975.1167047,/big.txt,95158272,131072
129,129_adaptive_phase_change_run03,adaptive,phase_change,728,1778425975.118073,/big.txt,95289344,131072
129,129_adaptive_phase_change_run03,adaptive,phase_change,729,1778425975.1194546,/big.txt,95420416,131072
129,129_adaptive_phase_change_run03,adaptive,phase_change,730,1778425975.1208375,/big.txt,95551488,131072
129,129_adaptive_phase_change_run03,adaptive,phase_change,731,1778425975.1222038,/big.txt,95682560,131072
129,129_adaptive_phase_change_run03,adaptive,phase_change,732,1778425975.1235747,/big.txt,95813632,131072
129,129_adaptive_phase_change_run03,adaptive,phase_change,733,1778425975.1249542,/big.txt,95944704,131072
129,129_adaptive_phase_change_run03,adaptive,phase_change,734,1778425975.1263263,/big.txt,96075776,131072
129,129_adaptive_phase_change_run03,adaptive,phase_change,735,1778425975.1277258,/big.txt,96206848,131072
129,129_adaptive_phase_change_run03,adaptive,phase_change,736,1778425975.1291008,/big.txt,96337920,131072
129,129_adaptive_phase_change_run03,adaptive,phase_change,737,1778425975.1304648,/big.txt,96468992,131072
129,129_adaptive_phase_change_run03,adaptive,phase_change,738,1778425975.131799,/big.txt,96600064,131072
129,129_adaptive_phase_change_run03,adaptive,phase_change,739,1778425975.1331873,/big.txt,96731136,131072
129,129_adaptive_phase_change_run03,adaptive,phase_change,740,1778425975.1345549,/big.txt,96862208,131072
129,129_adaptive_phase_change_run03,adaptive,phase_change,741,1778425975.1359274,/big.txt,96993280,131072
129,129_adaptive_phase_change_run03,adaptive,phase_change,742,1778425975.1373084,/big.txt,97124352,131072
129,129_adaptive_phase_change_run03,adaptive,phase_change,743,1778425975.1386857,/big.txt,97255424,131072
129,129_adaptive_phase_change_run03,adaptive,phase_change,744,1778425975.1400592,/big.txt,97386496,131072
129,129_adaptive_phase_change_run03,adaptive,phase_change,745,1778425975.1414511,/big.txt,97517568,131072
129,129_adaptive_phase_change_run03,adaptive,phase_change,746,1778425975.1428688,/big.txt,97648640,131072
129,129_adaptive_phase_change_run03,adaptive,phase_change,747,1778425975.1456156,/big.txt,97779712,131072
129,129_adaptive_phase_change_run03,adaptive,phase_change,748,1778425975.1483505,/big.txt,97910784,131072
129,129_adaptive_phase_change_run03,adaptive,phase_change,749,1778425975.1510668,/big.txt,98041856,131072
129,129_adaptive_phase_change_run03,adaptive,phase_change,750,1778425975.15377,/big.txt,98172928,131072
129,129_adaptive_phase_change_run03,adaptive,phase_change,751,1778425975.1552045,/big.txt,98304000,131072
129,129_adaptive_phase_change_run03,adaptive,phase_change,752,1778425975.1565871,/big.txt,98435072,131072
129,129_adaptive_phase_change_run03,adaptive,phase_change,753,1778425975.1579747,/big.txt,98566144,131072
129,129_adaptive_phase_change_run03,adaptive,phase_change,754,1778425975.159357,/big.txt,98697216,131072
129,129_adaptive_phase_change_run03,adaptive,phase_change,755,1778425975.1607358,/big.txt,98828288,131072
129,129_adaptive_phase_change_run03,adaptive,phase_change,756,1778425975.1621192,/big.txt,98959360,131072
129,129_adaptive_phase_change_run03,adaptive,phase_change,757,1778425975.163519,/big.txt,99090432,131072
129,129_adaptive_phase_change_run03,adaptive,phase_change,758,1778425975.1648898,/big.txt,99221504,131072
129,129_adaptive_phase_change_run03,adaptive,phase_change,759,1778425975.16627,/big.txt,99352576,131072
129,129_adaptive_phase_change_run03,adaptive,phase_change,760,1778425975.1676514,/big.txt,99483648,131072
129,129_adaptive_phase_change_run03,adaptive,phase_change,761,1778425975.1690242,/big.txt,99614720,131072
129,129_adaptive_phase_change_run03,adaptive,phase_change,762,1778425975.1704087,/big.txt,99745792,131072
129,129_adaptive_phase_change_run03,adaptive,phase_change,763,1778425975.1718047,/big.txt,99876864,131072
129,129_adaptive_phase_change_run03,adaptive,phase_change,764,1778425975.1732125,/big.txt,100007936,131072
129,129_adaptive_phase_change_run03,adaptive,phase_change,765,1778425975.1746082,/big.txt,100139008,131072
129,129_adaptive_phase_change_run03,adaptive,phase_change,766,1778425975.1760936,/big.txt,100270080,131072
129,129_adaptive_phase_change_run03,adaptive,phase_change,767,1778425975.1775146,/big.txt,100401152,131072
129,129_adaptive_phase_change_run03,adaptive,phase_change,768,1778425975.178914,/big.txt,100532224,131072
129,129_adaptive_phase_change_run03,adaptive,phase_change,769,1778425975.1802886,/big.txt,100663296,131072
129,129_adaptive_phase_change_run03,adaptive,phase_change,770,1778425975.181667,/big.txt,100794368,131072
129,129_adaptive_phase_change_run03,adaptive,phase_change,771,1778425975.1830397,/big.txt,100925440,131072
129,129_adaptive_phase_change_run03,adaptive,phase_change,772,1778425975.1844094,/big.txt,101056512,131072
129,129_adaptive_phase_change_run03,adaptive,phase_change,773,1778425975.1858013,/big.txt,101187584,131072
129,129_adaptive_phase_change_run03,adaptive,phase_change,774,1778425975.1872602,/big.txt,101318656,131072
129,129_adaptive_phase_change_run03,adaptive,phase_change,775,1778425975.1886408,/big.txt,101449728,131072
129,129_adaptive_phase_change_run03,adaptive,phase_change,776,1778425975.1900191,/big.txt,101580800,131072
129,129_adaptive_phase_change_run03,adaptive,phase_change,777,1778425975.1913977,/big.txt,101711872,131072
129,129_adaptive_phase_change_run03,adaptive,phase_change,778,1778425975.1927779,/big.txt,101842944,131072
129,129_adaptive_phase_change_run03,adaptive,phase_change,779,1778425975.1941562,/big.txt,101974016,131072
129,129_adaptive_phase_change_run03,adaptive,phase_change,780,1778425975.195542,/big.txt,102105088,131072
129,129_adaptive_phase_change_run03,adaptive,phase_change,781,1778425975.1969326,/big.txt,102236160,131072
129,129_adaptive_phase_change_run03,adaptive,phase_change,782,1778425975.1983068,/big.txt,102367232,131072
129,129_adaptive_phase_change_run03,adaptive,phase_change,783,1778425975.1997068,/big.txt,102498304,131072
129,129_adaptive_phase_change_run03,adaptive,phase_change,784,1778425975.201119,/big.txt,102629376,131072
129,129_adaptive_phase_change_run03,adaptive,phase_change,785,1778425975.2025166,/big.txt,102760448,131072
129,129_adaptive_phase_change_run03,adaptive,phase_change,786,1778425975.2038708,/big.txt,102891520,131072
129,129_adaptive_phase_change_run03,adaptive,phase_change,787,1778425975.2052805,/big.txt,103022592,131072
129,129_adaptive_phase_change_run03,adaptive,phase_change,788,1778425975.2066662,/big.txt,103153664,131072
129,129_adaptive_phase_change_run03,adaptive,phase_change,789,1778425975.2080348,/big.txt,103284736,131072
129,129_adaptive_phase_change_run03,adaptive,phase_change,790,1778425975.2094157,/big.txt,103415808,131072
129,129_adaptive_phase_change_run03,adaptive,phase_change,791,1778425975.2108593,/big.txt,103546880,131072
129,129_adaptive_phase_change_run03,adaptive,phase_change,792,1778425975.2122462,/big.txt,103677952,131072
129,129_adaptive_phase_change_run03,adaptive,phase_change,793,1778425975.2136178,/big.txt,103809024,131072
129,129_adaptive_phase_change_run03,adaptive,phase_change,794,1778425975.2150092,/big.txt,103940096,131072
129,129_adaptive_phase_change_run03,adaptive,phase_change,795,1778425975.2163901,/big.txt,104071168,131072
129,129_adaptive_phase_change_run03,adaptive,phase_change,796,1778425975.217768,/big.txt,104202240,131072
129,129_adaptive_phase_change_run03,adaptive,phase_change,797,1778425975.2192285,/big.txt,104333312,131072
129,129_adaptive_phase_change_run03,adaptive,phase_change,798,1778425975.2206883,/big.txt,104464384,131072
129,129_adaptive_phase_change_run03,adaptive,phase_change,799,1778425975.2221215,/big.txt,104595456,131072
129,129_adaptive_phase_change_run03,adaptive,phase_change,800,1778425975.2235081,/big.txt,104726528,131072
129,129_adaptive_phase_change_run03,adaptive,phase_change,801,1778425975.2237031,/big.txt,104857600,0
129,129_adaptive_phase_change_run03,adaptive,phase_change,802,1778425975.2277603,/big.txt,20480,4096
129,129_adaptive_phase_change_run03,adaptive,phase_change,803,1778425975.2313106,/big.txt,491520,4096
129,129_adaptive_phase_change_run03,adaptive,phase_change,804,1778425975.2335534,/big.txt,172032,4096
129,129_adaptive_phase_change_run03,adaptive,phase_change,805,1778425975.2358437,/big.txt,1228800,4096
129,129_adaptive_phase_change_run03,adaptive,phase_change,806,1778425975.238059,/big.txt,69632,4096
129,129_adaptive_phase_change_run03,adaptive,phase_change,807,1778425975.2402298,/big.txt,1024000,4096
129,129_adaptive_phase_change_run03,adaptive,phase_change,808,1778425975.242368,/big.txt,360448,4096
129,129_adaptive_phase_change_run03,adaptive,phase_change,809,1778425975.2446628,/big.txt,778240,4096
129,129_adaptive_phase_change_run03,adaptive,phase_change,810,1778425975.247013,/big.txt,245760,4096
129,129_adaptive_phase_change_run03,adaptive,phase_change,811,1778425975.2494676,/big.txt,40960,4096
129,129_adaptive_phase_change_run03,adaptive,phase_change,812,1778425975.2520823,/big.txt,1363968,4096
129,129_adaptive_phase_change_run03,adaptive,phase_change,813,1778425975.254801,/big.txt,307200,4096
129,129_adaptive_phase_change_run03,adaptive,phase_change,814,1778425975.2576373,/big.txt,2097152,4096
129,129_adaptive_phase_change_run03,adaptive,phase_change,815,1778425975.2621648,/big.txt,819200,4096
129,129_adaptive_phase_change_run03,adaptive,phase_change,816,1778425975.2650194,/big.txt,1843200,4096
129,129_adaptive_phase_change_run03,adaptive,phase_change,817,1778425975.2695656,/big.txt,405504,4096
129,129_adaptive_phase_change_run03,adaptive,phase_change,818,1778425975.2723699,/big.txt,2457600,4096
129,129_adaptive_phase_change_run03,adaptive,phase_change,819,1778425975.2752151,/big.txt,614400,4096
129,129_adaptive_phase_change_run03,adaptive,phase_change,820,1778425975.2780404,/big.txt,2949120,4096
129,129_adaptive_phase_change_run03,adaptive,phase_change,821,1778425975.280834,/big.txt,1556480,4096
129,129_adaptive_phase_change_run03,adaptive,phase_change,822,1778425975.2836192,/big.txt,102400,4096
129,129_adaptive_phase_change_run03,adaptive,phase_change,823,1778425975.286504,/big.txt,1966080,4096
129,129_adaptive_phase_change_run03,adaptive,phase_change,824,1778425975.2894435,/big.txt,2621440,4096
129,129_adaptive_phase_change_run03,adaptive,phase_change,825,1778425975.2939384,/big.txt,225280,4096
129,129_adaptive_phase_change_run03,adaptive,phase_change,826,1778425975.2968428,/big.txt,3317760,4096
129,129_adaptive_phase_change_run03,adaptive,phase_change,827,1778425975.299805,/big.txt,0,131072
129,129_adaptive_phase_change_run03,adaptive,phase_change,828,1778425975.3015275,/big.txt,131072,131072
129,129_adaptive_phase_change_run03,adaptive,phase_change,829,1778425975.303291,/big.txt,262144,131072
129,129_adaptive_phase_change_run03,adaptive,phase_change,830,1778425975.3050203,/big.txt,393216,131072
129,129_adaptive_phase_change_run03,adaptive,phase_change,831,1778425975.3067353,/big.txt,524288,131072
129,129_adaptive_phase_change_run03,adaptive,phase_change,832,1778425975.3084974,/big.txt,655360,131072
129,129_adaptive_phase_change_run03,adaptive,phase_change,833,1778425975.3102324,/big.txt,786432,131072
129,129_adaptive_phase_change_run03,adaptive,phase_change,834,1778425975.3119948,/big.txt,917504,131072
129,129_adaptive_phase_change_run03,adaptive,phase_change,835,1778425975.3137357,/big.txt,1048576,131072
129,129_adaptive_phase_change_run03,adaptive,phase_change,836,1778425975.3155022,/big.txt,1179648,131072
129,129_adaptive_phase_change_run03,adaptive,phase_change,837,1778425975.3172503,/big.txt,1310720,131072
129,129_adaptive_phase_change_run03,adaptive,phase_change,838,1778425975.3190155,/big.txt,1441792,131072
129,129_adaptive_phase_change_run03,adaptive,phase_change,839,1778425975.3207605,/big.txt,1572864,131072
129,129_adaptive_phase_change_run03,adaptive,phase_change,840,1778425975.322517,/big.txt,1703936,131072
129,129_adaptive_phase_change_run03,adaptive,phase_change,841,1778425975.3242836,/big.txt,1835008,131072
129,129_adaptive_phase_change_run03,adaptive,phase_change,842,1778425975.3260381,/big.txt,1966080,131072
129,129_adaptive_phase_change_run03,adaptive,phase_change,843,1778425975.3278375,/big.txt,2097152,131072
129,129_adaptive_phase_change_run03,adaptive,phase_change,844,1778425975.3295724,/big.txt,2228224,131072
129,129_adaptive_phase_change_run03,adaptive,phase_change,845,1778425975.3313189,/big.txt,2359296,131072
129,129_adaptive_phase_change_run03,adaptive,phase_change,846,1778425975.3330646,/big.txt,2490368,131072
129,129_adaptive_phase_change_run03,adaptive,phase_change,847,1778425975.334837,/big.txt,2621440,131072
129,129_adaptive_phase_change_run03,adaptive,phase_change,848,1778425975.3365853,/big.txt,2752512,131072
129,129_adaptive_phase_change_run03,adaptive,phase_change,849,1778425975.3383284,/big.txt,2883584,131072
129,129_adaptive_phase_change_run03,adaptive,phase_change,850,1778425975.3400574,/big.txt,3014656,131072
129,129_adaptive_phase_change_run03,adaptive,phase_change,851,1778425975.3418071,/big.txt,3145728,131072
129,129_adaptive_phase_change_run03,adaptive,phase_change,852,1778425975.34356,/big.txt,3276800,131072
129,129_adaptive_phase_change_run03,adaptive,phase_change,853,1778425975.34531,/big.txt,3407872,131072
129,129_adaptive_phase_change_run03,adaptive,phase_change,854,1778425975.3470833,/big.txt,3538944,131072
129,129_adaptive_phase_change_run03,adaptive,phase_change,855,1778425975.3488383,/big.txt,3670016,131072
129,129_adaptive_phase_change_run03,adaptive,phase_change,856,1778425975.350578,/big.txt,3801088,131072
129,129_adaptive_phase_change_run03,adaptive,phase_change,857,1778425975.3523247,/big.txt,3932160,131072
129,129_adaptive_phase_change_run03,adaptive,phase_change,858,1778425975.3540592,/big.txt,4063232,131072
129,129_adaptive_phase_change_run03,adaptive,phase_change,859,1778425975.3557951,/big.txt,4194304,131072
129,129_adaptive_phase_change_run03,adaptive,phase_change,860,1778425975.3575327,/big.txt,4325376,131072
129,129_adaptive_phase_change_run03,adaptive,phase_change,861,1778425975.359276,/big.txt,4456448,131072
129,129_adaptive_phase_change_run03,adaptive,phase_change,862,1778425975.361009,/big.txt,4587520,131072
129,129_adaptive_phase_change_run03,adaptive,phase_change,863,1778425975.3627362,/big.txt,4718592,131072
129,129_adaptive_phase_change_run03,adaptive,phase_change,864,1778425975.3645427,/big.txt,4849664,131072
129,129_adaptive_phase_change_run03,adaptive,phase_change,865,1778425975.3662825,/big.txt,4980736,131072
129,129_adaptive_phase_change_run03,adaptive,phase_change,866,1778425975.3680248,/big.txt,5111808,131072
129,129_adaptive_phase_change_run03,adaptive,phase_change,867,1778425975.3697784,/big.txt,5242880,131072
129,129_adaptive_phase_change_run03,adaptive,phase_change,868,1778425975.3715403,/big.txt,5373952,131072
129,129_adaptive_phase_change_run03,adaptive,phase_change,869,1778425975.3733003,/big.txt,5505024,131072
129,129_adaptive_phase_change_run03,adaptive,phase_change,870,1778425975.3750558,/big.txt,5636096,131072
129,129_adaptive_phase_change_run03,adaptive,phase_change,871,1778425975.3768072,/big.txt,5767168,131072
129,129_adaptive_phase_change_run03,adaptive,phase_change,872,1778425975.378564,/big.txt,5898240,131072
129,129_adaptive_phase_change_run03,adaptive,phase_change,873,1778425975.3803296,/big.txt,6029312,131072
129,129_adaptive_phase_change_run03,adaptive,phase_change,874,1778425975.3820684,/big.txt,6160384,131072
129,129_adaptive_phase_change_run03,adaptive,phase_change,875,1778425975.3838303,/big.txt,6291456,131072
129,129_adaptive_phase_change_run03,adaptive,phase_change,876,1778425975.3855798,/big.txt,6422528,131072
129,129_adaptive_phase_change_run03,adaptive,phase_change,877,1778425975.3873205,/big.txt,6553600,131072
129,129_adaptive_phase_change_run03,adaptive,phase_change,878,1778425975.3890648,/big.txt,6684672,131072
129,129_adaptive_phase_change_run03,adaptive,phase_change,879,1778425975.390857,/big.txt,6815744,131072
129,129_adaptive_phase_change_run03,adaptive,phase_change,880,1778425975.3926153,/big.txt,6946816,131072
129,129_adaptive_phase_change_run03,adaptive,phase_change,881,1778425975.3943646,/big.txt,7077888,131072
129,129_adaptive_phase_change_run03,adaptive,phase_change,882,1778425975.3960874,/big.txt,7208960,131072
129,129_adaptive_phase_change_run03,adaptive,phase_change,883,1778425975.3978498,/big.txt,7340032,131072
129,129_adaptive_phase_change_run03,adaptive,phase_change,884,1778425975.399622,/big.txt,7471104,131072
129,129_adaptive_phase_change_run03,adaptive,phase_change,885,1778425975.4013793,/big.txt,7602176,131072
129,129_adaptive_phase_change_run03,adaptive,phase_change,886,1778425975.4032025,/big.txt,7733248,131072
129,129_adaptive_phase_change_run03,adaptive,phase_change,887,1778425975.404984,/big.txt,7864320,131072
129,129_adaptive_phase_change_run03,adaptive,phase_change,888,1778425975.4067397,/big.txt,7995392,131072
129,129_adaptive_phase_change_run03,adaptive,phase_change,889,1778425975.4084997,/big.txt,8126464,131072
129,129_adaptive_phase_change_run03,adaptive,phase_change,890,1778425975.410256,/big.txt,8257536,131072
129,129_adaptive_phase_change_run03,adaptive,phase_change,891,1778425975.4120102,/big.txt,8388608,131072
129,129_adaptive_phase_change_run03,adaptive,phase_change,892,1778425975.4137669,/big.txt,8519680,131072
129,129_adaptive_phase_change_run03,adaptive,phase_change,893,1778425975.4172595,/big.txt,8650752,131072
129,129_adaptive_phase_change_run03,adaptive,phase_change,894,1778425975.4192874,/big.txt,8781824,131072
129,129_adaptive_phase_change_run03,adaptive,phase_change,895,1778425975.421025,/big.txt,8912896,131072
129,129_adaptive_phase_change_run03,adaptive,phase_change,896,1778425975.4227707,/big.txt,9043968,131072
129,129_adaptive_phase_change_run03,adaptive,phase_change,897,1778425975.4245217,/big.txt,9175040,131072
129,129_adaptive_phase_change_run03,adaptive,phase_change,898,1778425975.426258,/big.txt,9306112,131072
129,129_adaptive_phase_change_run03,adaptive,phase_change,899,1778425975.427994,/big.txt,9437184,131072
129,129_adaptive_phase_change_run03,adaptive,phase_change,900,1778425975.4297297,/big.txt,9568256,131072
129,129_adaptive_phase_change_run03,adaptive,phase_change,901,1778425975.4314826,/big.txt,9699328,131072
129,129_adaptive_phase_change_run03,adaptive,phase_change,902,1778425975.4332345,/big.txt,9830400,131072
129,129_adaptive_phase_change_run03,adaptive,phase_change,903,1778425975.4350238,/big.txt,9961472,131072
129,129_adaptive_phase_change_run03,adaptive,phase_change,904,1778425975.436762,/big.txt,10092544,131072
129,129_adaptive_phase_change_run03,adaptive,phase_change,905,1778425975.438508,/big.txt,10223616,131072
129,129_adaptive_phase_change_run03,adaptive,phase_change,906,1778425975.4402347,/big.txt,10354688,131072
129,129_adaptive_phase_change_run03,adaptive,phase_change,907,1778425975.4419706,/big.txt,10485760,131072
129,129_adaptive_phase_change_run03,adaptive,phase_change,908,1778425975.4437244,/big.txt,10616832,131072
129,129_adaptive_phase_change_run03,adaptive,phase_change,909,1778425975.4454954,/big.txt,10747904,131072
129,129_adaptive_phase_change_run03,adaptive,phase_change,910,1778425975.4472475,/big.txt,10878976,131072
129,129_adaptive_phase_change_run03,adaptive,phase_change,911,1778425975.4489937,/big.txt,11010048,131072
129,129_adaptive_phase_change_run03,adaptive,phase_change,912,1778425975.450731,/big.txt,11141120,131072
129,129_adaptive_phase_change_run03,adaptive,phase_change,913,1778425975.4542856,/big.txt,11272192,131072
129,129_adaptive_phase_change_run03,adaptive,phase_change,914,1778425975.4577708,/big.txt,11403264,131072
129,129_adaptive_phase_change_run03,adaptive,phase_change,915,1778425975.4612925,/big.txt,11534336,131072
129,129_adaptive_phase_change_run03,adaptive,phase_change,916,1778425975.4632895,/big.txt,11665408,131072
129,129_adaptive_phase_change_run03,adaptive,phase_change,917,1778425975.4650347,/big.txt,11796480,131072
129,129_adaptive_phase_change_run03,adaptive,phase_change,918,1778425975.466797,/big.txt,11927552,131072
129,129_adaptive_phase_change_run03,adaptive,phase_change,919,1778425975.4685905,/big.txt,12058624,131072
129,129_adaptive_phase_change_run03,adaptive,phase_change,920,1778425975.4703472,/big.txt,12189696,131072
129,129_adaptive_phase_change_run03,adaptive,phase_change,921,1778425975.472107,/big.txt,12320768,131072
129,129_adaptive_phase_change_run03,adaptive,phase_change,922,1778425975.473871,/big.txt,12451840,131072
129,129_adaptive_phase_change_run03,adaptive,phase_change,923,1778425975.47563,/big.txt,12582912,131072
129,129_adaptive_phase_change_run03,adaptive,phase_change,924,1778425975.4773734,/big.txt,12713984,131072
129,129_adaptive_phase_change_run03,adaptive,phase_change,925,1778425975.4791281,/big.txt,12845056,131072
129,129_adaptive_phase_change_run03,adaptive,phase_change,926,1778425975.4808648,/big.txt,12976128,131072
129,129_adaptive_phase_change_run03,adaptive,phase_change,927,1778425975.4826124,/big.txt,13107200,131072
129,129_adaptive_phase_change_run03,adaptive,phase_change,928,1778425975.4843562,/big.txt,13238272,131072
129,129_adaptive_phase_change_run03,adaptive,phase_change,929,1778425975.4860992,/big.txt,13369344,131072
129,129_adaptive_phase_change_run03,adaptive,phase_change,930,1778425975.4878502,/big.txt,13500416,131072
129,129_adaptive_phase_change_run03,adaptive,phase_change,931,1778425975.4896119,/big.txt,13631488,131072
129,129_adaptive_phase_change_run03,adaptive,phase_change,932,1778425975.491373,/big.txt,13762560,131072
129,129_adaptive_phase_change_run03,adaptive,phase_change,933,1778425975.4931133,/big.txt,13893632,131072
129,129_adaptive_phase_change_run03,adaptive,phase_change,934,1778425975.4948714,/big.txt,14024704,131072
129,129_adaptive_phase_change_run03,adaptive,phase_change,935,1778425975.4966257,/big.txt,14155776,131072
129,129_adaptive_phase_change_run03,adaptive,phase_change,936,1778425975.4983776,/big.txt,14286848,131072
129,129_adaptive_phase_change_run03,adaptive,phase_change,937,1778425975.5001385,/big.txt,14417920,131072
129,129_adaptive_phase_change_run03,adaptive,phase_change,938,1778425975.5018682,/big.txt,14548992,131072
129,129_adaptive_phase_change_run03,adaptive,phase_change,939,1778425975.5036278,/big.txt,14680064,131072
129,129_adaptive_phase_change_run03,adaptive,phase_change,940,1778425975.50538,/big.txt,14811136,131072
129,129_adaptive_phase_change_run03,adaptive,phase_change,941,1778425975.5072002,/big.txt,14942208,131072
129,129_adaptive_phase_change_run03,adaptive,phase_change,942,1778425975.5089371,/big.txt,15073280,131072
129,129_adaptive_phase_change_run03,adaptive,phase_change,943,1778425975.5106764,/big.txt,15204352,131072
129,129_adaptive_phase_change_run03,adaptive,phase_change,944,1778425975.5124075,/big.txt,15335424,131072
129,129_adaptive_phase_change_run03,adaptive,phase_change,945,1778425975.514153,/big.txt,15466496,131072
129,129_adaptive_phase_change_run03,adaptive,phase_change,946,1778425975.5159335,/big.txt,15597568,131072
129,129_adaptive_phase_change_run03,adaptive,phase_change,947,1778425975.5176864,/big.txt,15728640,131072
129,129_adaptive_phase_change_run03,adaptive,phase_change,948,1778425975.519467,/big.txt,15859712,131072
129,129_adaptive_phase_change_run03,adaptive,phase_change,949,1778425975.5212152,/big.txt,15990784,131072
129,129_adaptive_phase_change_run03,adaptive,phase_change,950,1778425975.5229735,/big.txt,16121856,131072
129,129_adaptive_phase_change_run03,adaptive,phase_change,951,1778425975.52472,/big.txt,16252928,131072
129,129_adaptive_phase_change_run03,adaptive,phase_change,952,1778425975.5264611,/big.txt,16384000,131072
129,129_adaptive_phase_change_run03,adaptive,phase_change,953,1778425975.528182,/big.txt,16515072,131072
129,129_adaptive_phase_change_run03,adaptive,phase_change,954,1778425975.529919,/big.txt,16646144,131072
129,129_adaptive_phase_change_run03,adaptive,phase_change,955,1778425975.5316818,/big.txt,16777216,131072
129,129_adaptive_phase_change_run03,adaptive,phase_change,956,1778425975.5334477,/big.txt,16908288,131072
129,129_adaptive_phase_change_run03,adaptive,phase_change,957,1778425975.5352259,/big.txt,17039360,131072
129,129_adaptive_phase_change_run03,adaptive,phase_change,958,1778425975.5369885,/big.txt,17170432,131072
129,129_adaptive_phase_change_run03,adaptive,phase_change,959,1778425975.538742,/big.txt,17301504,131072
129,129_adaptive_phase_change_run03,adaptive,phase_change,960,1778425975.540594,/big.txt,17432576,131072
129,129_adaptive_phase_change_run03,adaptive,phase_change,961,1778425975.542343,/big.txt,17563648,131072
129,129_adaptive_phase_change_run03,adaptive,phase_change,962,1778425975.5440848,/big.txt,17694720,131072
129,129_adaptive_phase_change_run03,adaptive,phase_change,963,1778425975.5458267,/big.txt,17825792,131072
129,129_adaptive_phase_change_run03,adaptive,phase_change,964,1778425975.5475879,/big.txt,17956864,131072
129,129_adaptive_phase_change_run03,adaptive,phase_change,965,1778425975.5493433,/big.txt,18087936,131072
129,129_adaptive_phase_change_run03,adaptive,phase_change,966,1778425975.5511127,/big.txt,18219008,131072
129,129_adaptive_phase_change_run03,adaptive,phase_change,967,1778425975.5534282,/big.txt,18350080,131072
129,129_adaptive_phase_change_run03,adaptive,phase_change,968,1778425975.5552008,/big.txt,18481152,131072
129,129_adaptive_phase_change_run03,adaptive,phase_change,969,1778425975.556937,/big.txt,18612224,131072
129,129_adaptive_phase_change_run03,adaptive,phase_change,970,1778425975.5586672,/big.txt,18743296,131072
129,129_adaptive_phase_change_run03,adaptive,phase_change,971,1778425975.5604203,/big.txt,18874368,131072
129,129_adaptive_phase_change_run03,adaptive,phase_change,972,1778425975.5621655,/big.txt,19005440,131072
129,129_adaptive_phase_change_run03,adaptive,phase_change,973,1778425975.5640516,/big.txt,19136512,131072
129,129_adaptive_phase_change_run03,adaptive,phase_change,974,1778425975.5658083,/big.txt,19267584,131072
129,129_adaptive_phase_change_run03,adaptive,phase_change,975,1778425975.567577,/big.txt,19398656,131072
129,129_adaptive_phase_change_run03,adaptive,phase_change,976,1778425975.5693374,/big.txt,19529728,131072
129,129_adaptive_phase_change_run03,adaptive,phase_change,977,1778425975.5711584,/big.txt,19660800,131072
129,129_adaptive_phase_change_run03,adaptive,phase_change,978,1778425975.5729024,/big.txt,19791872,131072
129,129_adaptive_phase_change_run03,adaptive,phase_change,979,1778425975.5746398,/big.txt,19922944,131072
129,129_adaptive_phase_change_run03,adaptive,phase_change,980,1778425975.5763958,/big.txt,20054016,131072
129,129_adaptive_phase_change_run03,adaptive,phase_change,981,1778425975.5781417,/big.txt,20185088,131072
129,129_adaptive_phase_change_run03,adaptive,phase_change,982,1778425975.5799308,/big.txt,20316160,131072
129,129_adaptive_phase_change_run03,adaptive,phase_change,983,1778425975.5816815,/big.txt,20447232,131072
129,129_adaptive_phase_change_run03,adaptive,phase_change,984,1778425975.5834575,/big.txt,20578304,131072
129,129_adaptive_phase_change_run03,adaptive,phase_change,985,1778425975.5852075,/big.txt,20709376,131072
129,129_adaptive_phase_change_run03,adaptive,phase_change,986,1778425975.5869446,/big.txt,20840448,131072
129,129_adaptive_phase_change_run03,adaptive,phase_change,987,1778425975.5886815,/big.txt,20971520,131072
129,129_adaptive_phase_change_run03,adaptive,phase_change,988,1778425975.5904295,/big.txt,21102592,131072
129,129_adaptive_phase_change_run03,adaptive,phase_change,989,1778425975.5921874,/big.txt,21233664,131072
129,129_adaptive_phase_change_run03,adaptive,phase_change,990,1778425975.5939765,/big.txt,21364736,131072
129,129_adaptive_phase_change_run03,adaptive,phase_change,991,1778425975.5957274,/big.txt,21495808,131072
129,129_adaptive_phase_change_run03,adaptive,phase_change,992,1778425975.5974865,/big.txt,21626880,131072
129,129_adaptive_phase_change_run03,adaptive,phase_change,993,1778425975.5993044,/big.txt,21757952,131072
129,129_adaptive_phase_change_run03,adaptive,phase_change,994,1778425975.6010506,/big.txt,21889024,131072
129,129_adaptive_phase_change_run03,adaptive,phase_change,995,1778425975.6027946,/big.txt,22020096,131072
129,129_adaptive_phase_change_run03,adaptive,phase_change,996,1778425975.6045432,/big.txt,22151168,131072
129,129_adaptive_phase_change_run03,adaptive,phase_change,997,1778425975.6062732,/big.txt,22282240,131072
129,129_adaptive_phase_change_run03,adaptive,phase_change,998,1778425975.608035,/big.txt,22413312,131072
129,129_adaptive_phase_change_run03,adaptive,phase_change,999,1778425975.609793,/big.txt,22544384,131072
129,129_adaptive_phase_change_run03,adaptive,phase_change,1000,1778425975.611547,/big.txt,22675456,131072
129,129_adaptive_phase_change_run03,adaptive,phase_change,1001,1778425975.6132882,/big.txt,22806528,131072
129,129_adaptive_phase_change_run03,adaptive,phase_change,1002,1778425975.6150622,/big.txt,22937600,131072
129,129_adaptive_phase_change_run03,adaptive,phase_change,1003,1778425975.6168075,/big.txt,23068672,131072
129,129_adaptive_phase_change_run03,adaptive,phase_change,1004,1778425975.6185548,/big.txt,23199744,131072
129,129_adaptive_phase_change_run03,adaptive,phase_change,1005,1778425975.6202958,/big.txt,23330816,131072
129,129_adaptive_phase_change_run03,adaptive,phase_change,1006,1778425975.622034,/big.txt,23461888,131072
129,129_adaptive_phase_change_run03,adaptive,phase_change,1007,1778425975.6238081,/big.txt,23592960,131072
129,129_adaptive_phase_change_run03,adaptive,phase_change,1008,1778425975.6255388,/big.txt,23724032,131072
129,129_adaptive_phase_change_run03,adaptive,phase_change,1009,1778425975.6272807,/big.txt,23855104,131072
129,129_adaptive_phase_change_run03,adaptive,phase_change,1010,1778425975.6290343,/big.txt,23986176,131072
129,129_adaptive_phase_change_run03,adaptive,phase_change,1011,1778425975.6308231,/big.txt,24117248,131072
129,129_adaptive_phase_change_run03,adaptive,phase_change,1012,1778425975.632579,/big.txt,24248320,131072
129,129_adaptive_phase_change_run03,adaptive,phase_change,1013,1778425975.634323,/big.txt,24379392,131072
129,129_adaptive_phase_change_run03,adaptive,phase_change,1014,1778425975.6360843,/big.txt,24510464,131072
129,129_adaptive_phase_change_run03,adaptive,phase_change,1015,1778425975.637839,/big.txt,24641536,131072
129,129_adaptive_phase_change_run03,adaptive,phase_change,1016,1778425975.639597,/big.txt,24772608,131072
129,129_adaptive_phase_change_run03,adaptive,phase_change,1017,1778425975.6413362,/big.txt,24903680,131072
129,129_adaptive_phase_change_run03,adaptive,phase_change,1018,1778425975.643096,/big.txt,25034752,131072
129,129_adaptive_phase_change_run03,adaptive,phase_change,1019,1778425975.6448486,/big.txt,25165824,131072
129,129_adaptive_phase_change_run03,adaptive,phase_change,1020,1778425975.646584,/big.txt,25296896,131072
129,129_adaptive_phase_change_run03,adaptive,phase_change,1021,1778425975.6483335,/big.txt,25427968,131072
129,129_adaptive_phase_change_run03,adaptive,phase_change,1022,1778425975.650087,/big.txt,25559040,131072
129,129_adaptive_phase_change_run03,adaptive,phase_change,1023,1778425975.6518674,/big.txt,25690112,131072
129,129_adaptive_phase_change_run03,adaptive,phase_change,1024,1778425975.6536274,/big.txt,25821184,131072
129,129_adaptive_phase_change_run03,adaptive,phase_change,1025,1778425975.6553817,/big.txt,25952256,131072
129,129_adaptive_phase_change_run03,adaptive,phase_change,1026,1778425975.657113,/big.txt,26083328,131072
129,129_adaptive_phase_change_run03,adaptive,phase_change,1027,1778425975.6588626,/big.txt,26214400,131072
129,129_adaptive_phase_change_run03,adaptive,phase_change,1028,1778425975.6606114,/big.txt,26345472,131072
129,129_adaptive_phase_change_run03,adaptive,phase_change,1029,1778425975.6623924,/big.txt,26476544,131072
129,129_adaptive_phase_change_run03,adaptive,phase_change,1030,1778425975.664142,/big.txt,26607616,131072
129,129_adaptive_phase_change_run03,adaptive,phase_change,1031,1778425975.6658766,/big.txt,26738688,131072
129,129_adaptive_phase_change_run03,adaptive,phase_change,1032,1778425975.667631,/big.txt,26869760,131072
129,129_adaptive_phase_change_run03,adaptive,phase_change,1033,1778425975.6693664,/big.txt,27000832,131072
129,129_adaptive_phase_change_run03,adaptive,phase_change,1034,1778425975.671969,/big.txt,27131904,131072
129,129_adaptive_phase_change_run03,adaptive,phase_change,1035,1778425975.6754766,/big.txt,27262976,131072
129,129_adaptive_phase_change_run03,adaptive,phase_change,1036,1778425975.678935,/big.txt,27394048,131072
129,129_adaptive_phase_change_run03,adaptive,phase_change,1037,1778425975.6824484,/big.txt,27525120,131072
129,129_adaptive_phase_change_run03,adaptive,phase_change,1038,1778425975.684264,/big.txt,27656192,131072
129,129_adaptive_phase_change_run03,adaptive,phase_change,1039,1778425975.68601,/big.txt,27787264,131072
129,129_adaptive_phase_change_run03,adaptive,phase_change,1040,1778425975.6877701,/big.txt,27918336,131072
129,129_adaptive_phase_change_run03,adaptive,phase_change,1041,1778425975.6895123,/big.txt,28049408,131072
129,129_adaptive_phase_change_run03,adaptive,phase_change,1042,1778425975.6912656,/big.txt,28180480,131072
129,129_adaptive_phase_change_run03,adaptive,phase_change,1043,1778425975.6930013,/big.txt,28311552,131072
129,129_adaptive_phase_change_run03,adaptive,phase_change,1044,1778425975.694724,/big.txt,28442624,131072
129,129_adaptive_phase_change_run03,adaptive,phase_change,1045,1778425975.6965325,/big.txt,28573696,131072
129,129_adaptive_phase_change_run03,adaptive,phase_change,1046,1778425975.6982765,/big.txt,28704768,131072
129,129_adaptive_phase_change_run03,adaptive,phase_change,1047,1778425975.7000346,/big.txt,28835840,131072
129,129_adaptive_phase_change_run03,adaptive,phase_change,1048,1778425975.701768,/big.txt,28966912,131072
129,129_adaptive_phase_change_run03,adaptive,phase_change,1049,1778425975.7035508,/big.txt,29097984,131072
129,129_adaptive_phase_change_run03,adaptive,phase_change,1050,1778425975.7052915,/big.txt,29229056,131072
129,129_adaptive_phase_change_run03,adaptive,phase_change,1051,1778425975.7069952,/big.txt,29360128,131072
129,129_adaptive_phase_change_run03,adaptive,phase_change,1052,1778425975.7087216,/big.txt,29491200,131072
129,129_adaptive_phase_change_run03,adaptive,phase_change,1053,1778425975.7104557,/big.txt,29622272,131072
129,129_adaptive_phase_change_run03,adaptive,phase_change,1054,1778425975.712263,/big.txt,29753344,131072
129,129_adaptive_phase_change_run03,adaptive,phase_change,1055,1778425975.7139955,/big.txt,29884416,131072
129,129_adaptive_phase_change_run03,adaptive,phase_change,1056,1778425975.7157485,/big.txt,30015488,131072
129,129_adaptive_phase_change_run03,adaptive,phase_change,1057,1778425975.7174659,/big.txt,30146560,131072
129,129_adaptive_phase_change_run03,adaptive,phase_change,1058,1778425975.7191815,/big.txt,30277632,131072
129,129_adaptive_phase_change_run03,adaptive,phase_change,1059,1778425975.7209158,/big.txt,30408704,131072
129,129_adaptive_phase_change_run03,adaptive,phase_change,1060,1778425975.7226477,/big.txt,30539776,131072
129,129_adaptive_phase_change_run03,adaptive,phase_change,1061,1778425975.7244074,/big.txt,30670848,131072
129,129_adaptive_phase_change_run03,adaptive,phase_change,1062,1778425975.7261858,/big.txt,30801920,131072
129,129_adaptive_phase_change_run03,adaptive,phase_change,1063,1778425975.7279372,/big.txt,30932992,131072
129,129_adaptive_phase_change_run03,adaptive,phase_change,1064,1778425975.7296553,/big.txt,31064064,131072
129,129_adaptive_phase_change_run03,adaptive,phase_change,1065,1778425975.7314126,/big.txt,31195136,131072
129,129_adaptive_phase_change_run03,adaptive,phase_change,1066,1778425975.7331395,/big.txt,31326208,131072
129,129_adaptive_phase_change_run03,adaptive,phase_change,1067,1778425975.7348654,/big.txt,31457280,131072
129,129_adaptive_phase_change_run03,adaptive,phase_change,1068,1778425975.736577,/big.txt,31588352,131072
129,129_adaptive_phase_change_run03,adaptive,phase_change,1069,1778425975.7382777,/big.txt,31719424,131072
129,129_adaptive_phase_change_run03,adaptive,phase_change,1070,1778425975.740016,/big.txt,31850496,131072
129,129_adaptive_phase_change_run03,adaptive,phase_change,1071,1778425975.7417252,/big.txt,31981568,131072
129,129_adaptive_phase_change_run03,adaptive,phase_change,1072,1778425975.7434578,/big.txt,32112640,131072
129,129_adaptive_phase_change_run03,adaptive,phase_change,1073,1778425975.7451656,/big.txt,32243712,131072
129,129_adaptive_phase_change_run03,adaptive,phase_change,1074,1778425975.7469738,/big.txt,32374784,131072
129,129_adaptive_phase_change_run03,adaptive,phase_change,1075,1778425975.7505026,/big.txt,32505856,131072
129,129_adaptive_phase_change_run03,adaptive,phase_change,1076,1778425975.753992,/big.txt,32636928,131072
129,129_adaptive_phase_change_run03,adaptive,phase_change,1077,1778425975.7574978,/big.txt,32768000,131072
129,129_adaptive_phase_change_run03,adaptive,phase_change,1078,1778425975.7593472,/big.txt,32899072,131072
129,129_adaptive_phase_change_run03,adaptive,phase_change,1079,1778425975.7611046,/big.txt,33030144,131072
129,129_adaptive_phase_change_run03,adaptive,phase_change,1080,1778425975.7628672,/big.txt,33161216,131072
129,129_adaptive_phase_change_run03,adaptive,phase_change,1081,1778425975.7646089,/big.txt,33292288,131072
129,129_adaptive_phase_change_run03,adaptive,phase_change,1082,1778425975.7663484,/big.txt,33423360,131072
129,129_adaptive_phase_change_run03,adaptive,phase_change,1083,1778425975.7680895,/big.txt,33554432,131072
129,129_adaptive_phase_change_run03,adaptive,phase_change,1084,1778425975.7698252,/big.txt,33685504,131072
129,129_adaptive_phase_change_run03,adaptive,phase_change,1085,1778425975.7715695,/big.txt,33816576,131072
129,129_adaptive_phase_change_run03,adaptive,phase_change,1086,1778425975.7733207,/big.txt,33947648,131072
129,129_adaptive_phase_change_run03,adaptive,phase_change,1087,1778425975.7750587,/big.txt,34078720,131072
129,129_adaptive_phase_change_run03,adaptive,phase_change,1088,1778425975.776805,/big.txt,34209792,131072
129,129_adaptive_phase_change_run03,adaptive,phase_change,1089,1778425975.778528,/big.txt,34340864,131072
129,129_adaptive_phase_change_run03,adaptive,phase_change,1090,1778425975.7802773,/big.txt,34471936,131072
129,129_adaptive_phase_change_run03,adaptive,phase_change,1091,1778425975.782014,/big.txt,34603008,131072
129,129_adaptive_phase_change_run03,adaptive,phase_change,1092,1778425975.7837636,/big.txt,34734080,131072
129,129_adaptive_phase_change_run03,adaptive,phase_change,1093,1778425975.785507,/big.txt,34865152,131072
129,129_adaptive_phase_change_run03,adaptive,phase_change,1094,1778425975.7872462,/big.txt,34996224,131072
129,129_adaptive_phase_change_run03,adaptive,phase_change,1095,1778425975.7889946,/big.txt,35127296,131072
129,129_adaptive_phase_change_run03,adaptive,phase_change,1096,1778425975.7907376,/big.txt,35258368,131072
129,129_adaptive_phase_change_run03,adaptive,phase_change,1097,1778425975.7924814,/big.txt,35389440,131072
129,129_adaptive_phase_change_run03,adaptive,phase_change,1098,1778425975.7942293,/big.txt,35520512,131072
129,129_adaptive_phase_change_run03,adaptive,phase_change,1099,1778425975.7960024,/big.txt,35651584,131072
129,129_adaptive_phase_change_run03,adaptive,phase_change,1100,1778425975.7977455,/big.txt,35782656,131072
129,129_adaptive_phase_change_run03,adaptive,phase_change,1101,1778425975.799511,/big.txt,35913728,131072
129,129_adaptive_phase_change_run03,adaptive,phase_change,1102,1778425975.801249,/big.txt,36044800,131072
129,129_adaptive_phase_change_run03,adaptive,phase_change,1103,1778425975.8029916,/big.txt,36175872,131072
129,129_adaptive_phase_change_run03,adaptive,phase_change,1104,1778425975.804737,/big.txt,36306944,131072
129,129_adaptive_phase_change_run03,adaptive,phase_change,1105,1778425975.80649,/big.txt,36438016,131072
129,129_adaptive_phase_change_run03,adaptive,phase_change,1106,1778425975.8082206,/big.txt,36569088,131072
129,129_adaptive_phase_change_run03,adaptive,phase_change,1107,1778425975.809956,/big.txt,36700160,131072
129,129_adaptive_phase_change_run03,adaptive,phase_change,1108,1778425975.8116908,/big.txt,36831232,131072
129,129_adaptive_phase_change_run03,adaptive,phase_change,1109,1778425975.8134437,/big.txt,36962304,131072
129,129_adaptive_phase_change_run03,adaptive,phase_change,1110,1778425975.8152733,/big.txt,37093376,131072
129,129_adaptive_phase_change_run03,adaptive,phase_change,1111,1778425975.8170323,/big.txt,37224448,131072
129,129_adaptive_phase_change_run03,adaptive,phase_change,1112,1778425975.8187685,/big.txt,37355520,131072
129,129_adaptive_phase_change_run03,adaptive,phase_change,1113,1778425975.8205166,/big.txt,37486592,131072
129,129_adaptive_phase_change_run03,adaptive,phase_change,1114,1778425975.8222528,/big.txt,37617664,131072
129,129_adaptive_phase_change_run03,adaptive,phase_change,1115,1778425975.8240304,/big.txt,37748736,131072
129,129_adaptive_phase_change_run03,adaptive,phase_change,1116,1778425975.825786,/big.txt,37879808,131072
129,129_adaptive_phase_change_run03,adaptive,phase_change,1117,1778425975.8275259,/big.txt,38010880,131072
129,129_adaptive_phase_change_run03,adaptive,phase_change,1118,1778425975.8292587,/big.txt,38141952,131072
129,129_adaptive_phase_change_run03,adaptive,phase_change,1119,1778425975.8310282,/big.txt,38273024,131072
129,129_adaptive_phase_change_run03,adaptive,phase_change,1120,1778425975.8327723,/big.txt,38404096,131072
129,129_adaptive_phase_change_run03,adaptive,phase_change,1121,1778425975.8345096,/big.txt,38535168,131072
129,129_adaptive_phase_change_run03,adaptive,phase_change,1122,1778425975.8362315,/big.txt,38666240,131072
129,129_adaptive_phase_change_run03,adaptive,phase_change,1123,1778425975.8379698,/big.txt,38797312,131072
129,129_adaptive_phase_change_run03,adaptive,phase_change,1124,1778425975.839725,/big.txt,38928384,131072
129,129_adaptive_phase_change_run03,adaptive,phase_change,1125,1778425975.8414717,/big.txt,39059456,131072
129,129_adaptive_phase_change_run03,adaptive,phase_change,1126,1778425975.8432162,/big.txt,39190528,131072
129,129_adaptive_phase_change_run03,adaptive,phase_change,1127,1778425975.8449743,/big.txt,39321600,131072
129,129_adaptive_phase_change_run03,adaptive,phase_change,1128,1778425975.846715,/big.txt,39452672,131072
129,129_adaptive_phase_change_run03,adaptive,phase_change,1129,1778425975.8484957,/big.txt,39583744,131072
129,129_adaptive_phase_change_run03,adaptive,phase_change,1130,1778425975.85024,/big.txt,39714816,131072
129,129_adaptive_phase_change_run03,adaptive,phase_change,1131,1778425975.852023,/big.txt,39845888,131072
129,129_adaptive_phase_change_run03,adaptive,phase_change,1132,1778425975.8537738,/big.txt,39976960,131072
129,129_adaptive_phase_change_run03,adaptive,phase_change,1133,1778425975.8555343,/big.txt,40108032,131072
129,129_adaptive_phase_change_run03,adaptive,phase_change,1134,1778425975.857278,/big.txt,40239104,131072
129,129_adaptive_phase_change_run03,adaptive,phase_change,1135,1778425975.8590062,/big.txt,40370176,131072
129,129_adaptive_phase_change_run03,adaptive,phase_change,1136,1778425975.8607528,/big.txt,40501248,131072
129,129_adaptive_phase_change_run03,adaptive,phase_change,1137,1778425975.862506,/big.txt,40632320,131072
129,129_adaptive_phase_change_run03,adaptive,phase_change,1138,1778425975.864257,/big.txt,40763392,131072
129,129_adaptive_phase_change_run03,adaptive,phase_change,1139,1778425975.8659973,/big.txt,40894464,131072
129,129_adaptive_phase_change_run03,adaptive,phase_change,1140,1778425975.8677492,/big.txt,41025536,131072
129,129_adaptive_phase_change_run03,adaptive,phase_change,1141,1778425975.8694925,/big.txt,41156608,131072
129,129_adaptive_phase_change_run03,adaptive,phase_change,1142,1778425975.8712366,/big.txt,41287680,131072
129,129_adaptive_phase_change_run03,adaptive,phase_change,1143,1778425975.8729718,/big.txt,41418752,131072
129,129_adaptive_phase_change_run03,adaptive,phase_change,1144,1778425975.8747141,/big.txt,41549824,131072
129,129_adaptive_phase_change_run03,adaptive,phase_change,1145,1778425975.876498,/big.txt,41680896,131072
129,129_adaptive_phase_change_run03,adaptive,phase_change,1146,1778425975.8782263,/big.txt,41811968,131072
129,129_adaptive_phase_change_run03,adaptive,phase_change,1147,1778425975.879999,/big.txt,41943040,131072
129,129_adaptive_phase_change_run03,adaptive,phase_change,1148,1778425975.8817353,/big.txt,42074112,131072
129,129_adaptive_phase_change_run03,adaptive,phase_change,1149,1778425975.8834624,/big.txt,42205184,131072
129,129_adaptive_phase_change_run03,adaptive,phase_change,1150,1778425975.8851886,/big.txt,42336256,131072
129,129_adaptive_phase_change_run03,adaptive,phase_change,1151,1778425975.887084,/big.txt,42467328,131072
129,129_adaptive_phase_change_run03,adaptive,phase_change,1152,1778425975.8906658,/big.txt,42598400,131072
129,129_adaptive_phase_change_run03,adaptive,phase_change,1153,1778425975.8941567,/big.txt,42729472,131072
129,129_adaptive_phase_change_run03,adaptive,phase_change,1154,1778425975.8977478,/big.txt,42860544,131072
129,129_adaptive_phase_change_run03,adaptive,phase_change,1155,1778425975.8995395,/big.txt,42991616,131072
129,129_adaptive_phase_change_run03,adaptive,phase_change,1156,1778425975.9012787,/big.txt,43122688,131072
129,129_adaptive_phase_change_run03,adaptive,phase_change,1157,1778425975.9030523,/big.txt,43253760,131072
129,129_adaptive_phase_change_run03,adaptive,phase_change,1158,1778425975.904802,/big.txt,43384832,131072
129,129_adaptive_phase_change_run03,adaptive,phase_change,1159,1778425975.9065316,/big.txt,43515904,131072
129,129_adaptive_phase_change_run03,adaptive,phase_change,1160,1778425975.9082842,/big.txt,43646976,131072
129,129_adaptive_phase_change_run03,adaptive,phase_change,1161,1778425975.9100351,/big.txt,43778048,131072
129,129_adaptive_phase_change_run03,adaptive,phase_change,1162,1778425975.9117863,/big.txt,43909120,131072
129,129_adaptive_phase_change_run03,adaptive,phase_change,1163,1778425975.913597,/big.txt,44040192,131072
129,129_adaptive_phase_change_run03,adaptive,phase_change,1164,1778425975.9153779,/big.txt,44171264,131072
129,129_adaptive_phase_change_run03,adaptive,phase_change,1165,1778425975.9171193,/big.txt,44302336,131072
129,129_adaptive_phase_change_run03,adaptive,phase_change,1166,1778425975.9188714,/big.txt,44433408,131072
129,129_adaptive_phase_change_run03,adaptive,phase_change,1167,1778425975.9206133,/big.txt,44564480,131072
129,129_adaptive_phase_change_run03,adaptive,phase_change,1168,1778425975.9223506,/big.txt,44695552,131072
129,129_adaptive_phase_change_run03,adaptive,phase_change,1169,1778425975.9241111,/big.txt,44826624,131072
129,129_adaptive_phase_change_run03,adaptive,phase_change,1170,1778425975.9258451,/big.txt,44957696,131072
129,129_adaptive_phase_change_run03,adaptive,phase_change,1171,1778425975.927587,/big.txt,45088768,131072
129,129_adaptive_phase_change_run03,adaptive,phase_change,1172,1778425975.92934,/big.txt,45219840,131072
129,129_adaptive_phase_change_run03,adaptive,phase_change,1173,1778425975.9310951,/big.txt,45350912,131072
129,129_adaptive_phase_change_run03,adaptive,phase_change,1174,1778425975.9328399,/big.txt,45481984,131072
129,129_adaptive_phase_change_run03,adaptive,phase_change,1175,1778425975.934569,/big.txt,45613056,131072
129,129_adaptive_phase_change_run03,adaptive,phase_change,1176,1778425975.9363236,/big.txt,45744128,131072
129,129_adaptive_phase_change_run03,adaptive,phase_change,1177,1778425975.9380646,/big.txt,45875200,131072
129,129_adaptive_phase_change_run03,adaptive,phase_change,1178,1778425975.9398215,/big.txt,46006272,131072
129,129_adaptive_phase_change_run03,adaptive,phase_change,1179,1778425975.9415748,/big.txt,46137344,131072
129,129_adaptive_phase_change_run03,adaptive,phase_change,1180,1778425975.9434073,/big.txt,46268416,131072
129,129_adaptive_phase_change_run03,adaptive,phase_change,1181,1778425975.9451494,/big.txt,46399488,131072
129,129_adaptive_phase_change_run03,adaptive,phase_change,1182,1778425975.9468892,/big.txt,46530560,131072
129,129_adaptive_phase_change_run03,adaptive,phase_change,1183,1778425975.9486213,/big.txt,46661632,131072
129,129_adaptive_phase_change_run03,adaptive,phase_change,1184,1778425975.9503565,/big.txt,46792704,131072
129,129_adaptive_phase_change_run03,adaptive,phase_change,1185,1778425975.9521089,/big.txt,46923776,131072
129,129_adaptive_phase_change_run03,adaptive,phase_change,1186,1778425975.9538708,/big.txt,47054848,131072
129,129_adaptive_phase_change_run03,adaptive,phase_change,1187,1778425975.9556227,/big.txt,47185920,131072
129,129_adaptive_phase_change_run03,adaptive,phase_change,1188,1778425975.957355,/big.txt,47316992,131072
129,129_adaptive_phase_change_run03,adaptive,phase_change,1189,1778425975.9591014,/big.txt,47448064,131072
129,129_adaptive_phase_change_run03,adaptive,phase_change,1190,1778425975.960847,/big.txt,47579136,131072
129,129_adaptive_phase_change_run03,adaptive,phase_change,1191,1778425975.9626012,/big.txt,47710208,131072
129,129_adaptive_phase_change_run03,adaptive,phase_change,1192,1778425975.9643552,/big.txt,47841280,131072
129,129_adaptive_phase_change_run03,adaptive,phase_change,1193,1778425975.9660952,/big.txt,47972352,131072
129,129_adaptive_phase_change_run03,adaptive,phase_change,1194,1778425975.9678378,/big.txt,48103424,131072
129,129_adaptive_phase_change_run03,adaptive,phase_change,1195,1778425975.9695892,/big.txt,48234496,131072
129,129_adaptive_phase_change_run03,adaptive,phase_change,1196,1778425975.971322,/big.txt,48365568,131072
129,129_adaptive_phase_change_run03,adaptive,phase_change,1197,1778425975.9730537,/big.txt,48496640,131072
129,129_adaptive_phase_change_run03,adaptive,phase_change,1198,1778425975.9748912,/big.txt,48627712,131072
129,129_adaptive_phase_change_run03,adaptive,phase_change,1199,1778425975.9766324,/big.txt,48758784,131072
129,129_adaptive_phase_change_run03,adaptive,phase_change,1200,1778425975.9783661,/big.txt,48889856,131072
129,129_adaptive_phase_change_run03,adaptive,phase_change,1201,1778425975.980109,/big.txt,49020928,131072
129,129_adaptive_phase_change_run03,adaptive,phase_change,1202,1778425975.9818563,/big.txt,49152000,131072
129,129_adaptive_phase_change_run03,adaptive,phase_change,1203,1778425975.9836097,/big.txt,49283072,131072
129,129_adaptive_phase_change_run03,adaptive,phase_change,1204,1778425975.9853635,/big.txt,49414144,131072
129,129_adaptive_phase_change_run03,adaptive,phase_change,1205,1778425975.9871063,/big.txt,49545216,131072
129,129_adaptive_phase_change_run03,adaptive,phase_change,1206,1778425975.9888468,/big.txt,49676288,131072
129,129_adaptive_phase_change_run03,adaptive,phase_change,1207,1778425975.990581,/big.txt,49807360,131072
129,129_adaptive_phase_change_run03,adaptive,phase_change,1208,1778425975.9923995,/big.txt,49938432,131072
129,129_adaptive_phase_change_run03,adaptive,phase_change,1209,1778425975.9941263,/big.txt,50069504,131072
129,129_adaptive_phase_change_run03,adaptive,phase_change,1210,1778425975.9959235,/big.txt,50200576,131072
129,129_adaptive_phase_change_run03,adaptive,phase_change,1211,1778425975.997662,/big.txt,50331648,131072
129,129_adaptive_phase_change_run03,adaptive,phase_change,1212,1778425975.9994144,/big.txt,50462720,131072
129,129_adaptive_phase_change_run03,adaptive,phase_change,1213,1778425976.0011866,/big.txt,50593792,131072
129,129_adaptive_phase_change_run03,adaptive,phase_change,1214,1778425976.0029662,/big.txt,50724864,131072
129,129_adaptive_phase_change_run03,adaptive,phase_change,1215,1778425976.0047061,/big.txt,50855936,131072
129,129_adaptive_phase_change_run03,adaptive,phase_change,1216,1778425976.0064387,/big.txt,50987008,131072
129,129_adaptive_phase_change_run03,adaptive,phase_change,1217,1778425976.0081906,/big.txt,51118080,131072
129,129_adaptive_phase_change_run03,adaptive,phase_change,1218,1778425976.0099585,/big.txt,51249152,131072
129,129_adaptive_phase_change_run03,adaptive,phase_change,1219,1778425976.0117295,/big.txt,51380224,131072
129,129_adaptive_phase_change_run03,adaptive,phase_change,1220,1778425976.0134892,/big.txt,51511296,131072
129,129_adaptive_phase_change_run03,adaptive,phase_change,1221,1778425976.0152278,/big.txt,51642368,131072
129,129_adaptive_phase_change_run03,adaptive,phase_change,1222,1778425976.0169606,/big.txt,51773440,131072
129,129_adaptive_phase_change_run03,adaptive,phase_change,1223,1778425976.0186877,/big.txt,51904512,131072
129,129_adaptive_phase_change_run03,adaptive,phase_change,1224,1778425976.0205035,/big.txt,52035584,131072
129,129_adaptive_phase_change_run03,adaptive,phase_change,1225,1778425976.0222452,/big.txt,52166656,131072
129,129_adaptive_phase_change_run03,adaptive,phase_change,1226,1778425976.023998,/big.txt,52297728,131072
129,129_adaptive_phase_change_run03,adaptive,phase_change,1227,1778425976.025757,/big.txt,52428800,131072
129,129_adaptive_phase_change_run03,adaptive,phase_change,1228,1778425976.0275118,/big.txt,52559872,131072
129,129_adaptive_phase_change_run03,adaptive,phase_change,1229,1778425976.0292535,/big.txt,52690944,131072
129,129_adaptive_phase_change_run03,adaptive,phase_change,1230,1778425976.0310175,/big.txt,52822016,131072
129,129_adaptive_phase_change_run03,adaptive,phase_change,1231,1778425976.032769,/big.txt,52953088,131072
129,129_adaptive_phase_change_run03,adaptive,phase_change,1232,1778425976.0345116,/big.txt,53084160,131072
129,129_adaptive_phase_change_run03,adaptive,phase_change,1233,1778425976.0362375,/big.txt,53215232,131072
129,129_adaptive_phase_change_run03,adaptive,phase_change,1234,1778425976.0379837,/big.txt,53346304,131072
129,129_adaptive_phase_change_run03,adaptive,phase_change,1235,1778425976.0397227,/big.txt,53477376,131072
129,129_adaptive_phase_change_run03,adaptive,phase_change,1236,1778425976.0414667,/big.txt,53608448,131072
129,129_adaptive_phase_change_run03,adaptive,phase_change,1237,1778425976.0432549,/big.txt,53739520,131072
129,129_adaptive_phase_change_run03,adaptive,phase_change,1238,1778425976.0449903,/big.txt,53870592,131072
129,129_adaptive_phase_change_run03,adaptive,phase_change,1239,1778425976.046722,/big.txt,54001664,131072
129,129_adaptive_phase_change_run03,adaptive,phase_change,1240,1778425976.048484,/big.txt,54132736,131072
129,129_adaptive_phase_change_run03,adaptive,phase_change,1241,1778425976.0502174,/big.txt,54263808,131072
129,129_adaptive_phase_change_run03,adaptive,phase_change,1242,1778425976.0519986,/big.txt,54394880,131072
129,129_adaptive_phase_change_run03,adaptive,phase_change,1243,1778425976.0537515,/big.txt,54525952,131072
129,129_adaptive_phase_change_run03,adaptive,phase_change,1244,1778425976.0554976,/big.txt,54657024,131072
129,129_adaptive_phase_change_run03,adaptive,phase_change,1245,1778425976.0572457,/big.txt,54788096,131072
129,129_adaptive_phase_change_run03,adaptive,phase_change,1246,1778425976.0589883,/big.txt,54919168,131072
129,129_adaptive_phase_change_run03,adaptive,phase_change,1247,1778425976.060731,/big.txt,55050240,131072
129,129_adaptive_phase_change_run03,adaptive,phase_change,1248,1778425976.0624695,/big.txt,55181312,131072
129,129_adaptive_phase_change_run03,adaptive,phase_change,1249,1778425976.0641742,/big.txt,55312384,131072
129,129_adaptive_phase_change_run03,adaptive,phase_change,1250,1778425976.0659246,/big.txt,55443456,131072
129,129_adaptive_phase_change_run03,adaptive,phase_change,1251,1778425976.0676866,/big.txt,55574528,131072
129,129_adaptive_phase_change_run03,adaptive,phase_change,1252,1778425976.0694287,/big.txt,55705600,131072
129,129_adaptive_phase_change_run03,adaptive,phase_change,1253,1778425976.0712755,/big.txt,55836672,131072
129,129_adaptive_phase_change_run03,adaptive,phase_change,1254,1778425976.0730197,/big.txt,55967744,131072
129,129_adaptive_phase_change_run03,adaptive,phase_change,1255,1778425976.0747514,/big.txt,56098816,131072
129,129_adaptive_phase_change_run03,adaptive,phase_change,1256,1778425976.0765345,/big.txt,56229888,131072
129,129_adaptive_phase_change_run03,adaptive,phase_change,1257,1778425976.0782652,/big.txt,56360960,131072
129,129_adaptive_phase_change_run03,adaptive,phase_change,1258,1778425976.0800295,/big.txt,56492032,131072
129,129_adaptive_phase_change_run03,adaptive,phase_change,1259,1778425976.0817716,/big.txt,56623104,131072
129,129_adaptive_phase_change_run03,adaptive,phase_change,1260,1778425976.0835152,/big.txt,56754176,131072
129,129_adaptive_phase_change_run03,adaptive,phase_change,1261,1778425976.085251,/big.txt,56885248,131072
129,129_adaptive_phase_change_run03,adaptive,phase_change,1262,1778425976.0870767,/big.txt,57016320,131072
129,129_adaptive_phase_change_run03,adaptive,phase_change,1263,1778425976.088819,/big.txt,57147392,131072
129,129_adaptive_phase_change_run03,adaptive,phase_change,1264,1778425976.0905466,/big.txt,57278464,131072
129,129_adaptive_phase_change_run03,adaptive,phase_change,1265,1778425976.092289,/big.txt,57409536,131072
129,129_adaptive_phase_change_run03,adaptive,phase_change,1266,1778425976.094024,/big.txt,57540608,131072
129,129_adaptive_phase_change_run03,adaptive,phase_change,1267,1778425976.0958002,/big.txt,57671680,131072
129,129_adaptive_phase_change_run03,adaptive,phase_change,1268,1778425976.0975552,/big.txt,57802752,131072
129,129_adaptive_phase_change_run03,adaptive,phase_change,1269,1778425976.0992916,/big.txt,57933824,131072
129,129_adaptive_phase_change_run03,adaptive,phase_change,1270,1778425976.1010165,/big.txt,58064896,131072
129,129_adaptive_phase_change_run03,adaptive,phase_change,1271,1778425976.1027465,/big.txt,58195968,131072
129,129_adaptive_phase_change_run03,adaptive,phase_change,1272,1778425976.1045423,/big.txt,58327040,131072
129,129_adaptive_phase_change_run03,adaptive,phase_change,1273,1778425976.106276,/big.txt,58458112,131072
129,129_adaptive_phase_change_run03,adaptive,phase_change,1274,1778425976.108013,/big.txt,58589184,131072
129,129_adaptive_phase_change_run03,adaptive,phase_change,1275,1778425976.1097286,/big.txt,58720256,131072
129,129_adaptive_phase_change_run03,adaptive,phase_change,1276,1778425976.1114666,/big.txt,58851328,131072
129,129_adaptive_phase_change_run03,adaptive,phase_change,1277,1778425976.1132164,/big.txt,58982400,131072
129,129_adaptive_phase_change_run03,adaptive,phase_change,1278,1778425976.1149685,/big.txt,59113472,131072
129,129_adaptive_phase_change_run03,adaptive,phase_change,1279,1778425976.1167078,/big.txt,59244544,131072
129,129_adaptive_phase_change_run03,adaptive,phase_change,1280,1778425976.1184368,/big.txt,59375616,131072
129,129_adaptive_phase_change_run03,adaptive,phase_change,1281,1778425976.1201818,/big.txt,59506688,131072
129,129_adaptive_phase_change_run03,adaptive,phase_change,1282,1778425976.121917,/big.txt,59637760,131072
129,129_adaptive_phase_change_run03,adaptive,phase_change,1283,1778425976.12367,/big.txt,59768832,131072
129,129_adaptive_phase_change_run03,adaptive,phase_change,1284,1778425976.1254127,/big.txt,59899904,131072
129,129_adaptive_phase_change_run03,adaptive,phase_change,1285,1778425976.1281555,/big.txt,60030976,131072
129,129_adaptive_phase_change_run03,adaptive,phase_change,1286,1778425976.1316667,/big.txt,60162048,131072
129,129_adaptive_phase_change_run03,adaptive,phase_change,1287,1778425976.1351783,/big.txt,60293120,131072
129,129_adaptive_phase_change_run03,adaptive,phase_change,1288,1778425976.138682,/big.txt,60424192,131072
129,129_adaptive_phase_change_run03,adaptive,phase_change,1289,1778425976.140489,/big.txt,60555264,131072
129,129_adaptive_phase_change_run03,adaptive,phase_change,1290,1778425976.1422234,/big.txt,60686336,131072
129,129_adaptive_phase_change_run03,adaptive,phase_change,1291,1778425976.143995,/big.txt,60817408,131072
129,129_adaptive_phase_change_run03,adaptive,phase_change,1292,1778425976.145738,/big.txt,60948480,131072
129,129_adaptive_phase_change_run03,adaptive,phase_change,1293,1778425976.147497,/big.txt,61079552,131072
129,129_adaptive_phase_change_run03,adaptive,phase_change,1294,1778425976.1492264,/big.txt,61210624,131072
129,129_adaptive_phase_change_run03,adaptive,phase_change,1295,1778425976.1509988,/big.txt,61341696,131072
129,129_adaptive_phase_change_run03,adaptive,phase_change,1296,1778425976.1527393,/big.txt,61472768,131072
129,129_adaptive_phase_change_run03,adaptive,phase_change,1297,1778425976.1544826,/big.txt,61603840,131072
129,129_adaptive_phase_change_run03,adaptive,phase_change,1298,1778425976.156194,/big.txt,61734912,131072
129,129_adaptive_phase_change_run03,adaptive,phase_change,1299,1778425976.1579494,/big.txt,61865984,131072
129,129_adaptive_phase_change_run03,adaptive,phase_change,1300,1778425976.159689,/big.txt,61997056,131072
129,129_adaptive_phase_change_run03,adaptive,phase_change,1301,1778425976.1614363,/big.txt,62128128,131072
129,129_adaptive_phase_change_run03,adaptive,phase_change,1302,1778425976.1632307,/big.txt,62259200,131072
129,129_adaptive_phase_change_run03,adaptive,phase_change,1303,1778425976.1649907,/big.txt,62390272,131072
129,129_adaptive_phase_change_run03,adaptive,phase_change,1304,1778425976.1667233,/big.txt,62521344,131072
129,129_adaptive_phase_change_run03,adaptive,phase_change,1305,1778425976.1684887,/big.txt,62652416,131072
129,129_adaptive_phase_change_run03,adaptive,phase_change,1306,1778425976.1702316,/big.txt,62783488,131072
129,129_adaptive_phase_change_run03,adaptive,phase_change,1307,1778425976.1720078,/big.txt,62914560,131072
129,129_adaptive_phase_change_run03,adaptive,phase_change,1308,1778425976.1737373,/big.txt,63045632,131072
129,129_adaptive_phase_change_run03,adaptive,phase_change,1309,1778425976.175496,/big.txt,63176704,131072
129,129_adaptive_phase_change_run03,adaptive,phase_change,1310,1778425976.177238,/big.txt,63307776,131072
129,129_adaptive_phase_change_run03,adaptive,phase_change,1311,1778425976.1789875,/big.txt,63438848,131072
129,129_adaptive_phase_change_run03,adaptive,phase_change,1312,1778425976.1807194,/big.txt,63569920,131072
129,129_adaptive_phase_change_run03,adaptive,phase_change,1313,1778425976.1824498,/big.txt,63700992,131072
129,129_adaptive_phase_change_run03,adaptive,phase_change,1314,1778425976.1841664,/big.txt,63832064,131072
129,129_adaptive_phase_change_run03,adaptive,phase_change,1315,1778425976.185907,/big.txt,63963136,131072
129,129_adaptive_phase_change_run03,adaptive,phase_change,1316,1778425976.1876516,/big.txt,64094208,131072
129,129_adaptive_phase_change_run03,adaptive,phase_change,1317,1778425976.189396,/big.txt,64225280,131072
129,129_adaptive_phase_change_run03,adaptive,phase_change,1318,1778425976.1911545,/big.txt,64356352,131072
129,129_adaptive_phase_change_run03,adaptive,phase_change,1319,1778425976.1928928,/big.txt,64487424,131072
129,129_adaptive_phase_change_run03,adaptive,phase_change,1320,1778425976.1946306,/big.txt,64618496,131072
129,129_adaptive_phase_change_run03,adaptive,phase_change,1321,1778425976.196385,/big.txt,64749568,131072
129,129_adaptive_phase_change_run03,adaptive,phase_change,1322,1778425976.19813,/big.txt,64880640,131072
129,129_adaptive_phase_change_run03,adaptive,phase_change,1323,1778425976.1998918,/big.txt,65011712,131072
129,129_adaptive_phase_change_run03,adaptive,phase_change,1324,1778425976.201631,/big.txt,65142784,131072
129,129_adaptive_phase_change_run03,adaptive,phase_change,1325,1778425976.203374,/big.txt,65273856,131072
129,129_adaptive_phase_change_run03,adaptive,phase_change,1326,1778425976.2051182,/big.txt,65404928,131072
129,129_adaptive_phase_change_run03,adaptive,phase_change,1327,1778425976.2069297,/big.txt,65536000,131072
129,129_adaptive_phase_change_run03,adaptive,phase_change,1328,1778425976.2086587,/big.txt,65667072,131072
129,129_adaptive_phase_change_run03,adaptive,phase_change,1329,1778425976.2103872,/big.txt,65798144,131072
129,129_adaptive_phase_change_run03,adaptive,phase_change,1330,1778425976.212156,/big.txt,65929216,131072
129,129_adaptive_phase_change_run03,adaptive,phase_change,1331,1778425976.2138963,/big.txt,66060288,131072
129,129_adaptive_phase_change_run03,adaptive,phase_change,1332,1778425976.21565,/big.txt,66191360,131072
129,129_adaptive_phase_change_run03,adaptive,phase_change,1333,1778425976.2173817,/big.txt,66322432,131072
129,129_adaptive_phase_change_run03,adaptive,phase_change,1334,1778425976.2191124,/big.txt,66453504,131072
129,129_adaptive_phase_change_run03,adaptive,phase_change,1335,1778425976.2208552,/big.txt,66584576,131072
129,129_adaptive_phase_change_run03,adaptive,phase_change,1336,1778425976.2225902,/big.txt,66715648,131072
129,129_adaptive_phase_change_run03,adaptive,phase_change,1337,1778425976.2243407,/big.txt,66846720,131072
129,129_adaptive_phase_change_run03,adaptive,phase_change,1338,1778425976.2260714,/big.txt,66977792,131072
129,129_adaptive_phase_change_run03,adaptive,phase_change,1339,1778425976.2278388,/big.txt,67108864,131072
129,129_adaptive_phase_change_run03,adaptive,phase_change,1340,1778425976.2295887,/big.txt,67239936,131072
129,129_adaptive_phase_change_run03,adaptive,phase_change,1341,1778425976.2313385,/big.txt,67371008,131072
129,129_adaptive_phase_change_run03,adaptive,phase_change,1342,1778425976.2330697,/big.txt,67502080,131072
129,129_adaptive_phase_change_run03,adaptive,phase_change,1343,1778425976.2348616,/big.txt,67633152,131072
129,129_adaptive_phase_change_run03,adaptive,phase_change,1344,1778425976.236616,/big.txt,67764224,131072
129,129_adaptive_phase_change_run03,adaptive,phase_change,1345,1778425976.2383485,/big.txt,67895296,131072
129,129_adaptive_phase_change_run03,adaptive,phase_change,1346,1778425976.2400937,/big.txt,68026368,131072
129,129_adaptive_phase_change_run03,adaptive,phase_change,1347,1778425976.2418284,/big.txt,68157440,131072
129,129_adaptive_phase_change_run03,adaptive,phase_change,1348,1778425976.2435908,/big.txt,68288512,131072
129,129_adaptive_phase_change_run03,adaptive,phase_change,1349,1778425976.2453306,/big.txt,68419584,131072
129,129_adaptive_phase_change_run03,adaptive,phase_change,1350,1778425976.2470703,/big.txt,68550656,131072
129,129_adaptive_phase_change_run03,adaptive,phase_change,1351,1778425976.2488053,/big.txt,68681728,131072
129,129_adaptive_phase_change_run03,adaptive,phase_change,1352,1778425976.2505515,/big.txt,68812800,131072
129,129_adaptive_phase_change_run03,adaptive,phase_change,1353,1778425976.2523444,/big.txt,68943872,131072
129,129_adaptive_phase_change_run03,adaptive,phase_change,1354,1778425976.2540758,/big.txt,69074944,131072
129,129_adaptive_phase_change_run03,adaptive,phase_change,1355,1778425976.25583,/big.txt,69206016,131072
129,129_adaptive_phase_change_run03,adaptive,phase_change,1356,1778425976.2575805,/big.txt,69337088,131072
129,129_adaptive_phase_change_run03,adaptive,phase_change,1357,1778425976.2593825,/big.txt,69468160,131072
129,129_adaptive_phase_change_run03,adaptive,phase_change,1358,1778425976.2611287,/big.txt,69599232,131072
129,129_adaptive_phase_change_run03,adaptive,phase_change,1359,1778425976.2628708,/big.txt,69730304,131072
129,129_adaptive_phase_change_run03,adaptive,phase_change,1360,1778425976.2646184,/big.txt,69861376,131072
129,129_adaptive_phase_change_run03,adaptive,phase_change,1361,1778425976.2663543,/big.txt,69992448,131072
129,129_adaptive_phase_change_run03,adaptive,phase_change,1362,1778425976.2681048,/big.txt,70123520,131072
129,129_adaptive_phase_change_run03,adaptive,phase_change,1363,1778425976.2698767,/big.txt,70254592,131072
129,129_adaptive_phase_change_run03,adaptive,phase_change,1364,1778425976.2716153,/big.txt,70385664,131072
129,129_adaptive_phase_change_run03,adaptive,phase_change,1365,1778425976.2733564,/big.txt,70516736,131072
129,129_adaptive_phase_change_run03,adaptive,phase_change,1366,1778425976.2750905,/big.txt,70647808,131072
129,129_adaptive_phase_change_run03,adaptive,phase_change,1367,1778425976.276824,/big.txt,70778880,131072
129,129_adaptive_phase_change_run03,adaptive,phase_change,1368,1778425976.278573,/big.txt,70909952,131072
129,129_adaptive_phase_change_run03,adaptive,phase_change,1369,1778425976.2803626,/big.txt,71041024,131072
129,129_adaptive_phase_change_run03,adaptive,phase_change,1370,1778425976.2820923,/big.txt,71172096,131072
129,129_adaptive_phase_change_run03,adaptive,phase_change,1371,1778425976.283862,/big.txt,71303168,131072
129,129_adaptive_phase_change_run03,adaptive,phase_change,1372,1778425976.2856069,/big.txt,71434240,131072
129,129_adaptive_phase_change_run03,adaptive,phase_change,1373,1778425976.2873983,/big.txt,71565312,131072
129,129_adaptive_phase_change_run03,adaptive,phase_change,1374,1778425976.289144,/big.txt,71696384,131072
129,129_adaptive_phase_change_run03,adaptive,phase_change,1375,1778425976.2908876,/big.txt,71827456,131072
129,129_adaptive_phase_change_run03,adaptive,phase_change,1376,1778425976.292614,/big.txt,71958528,131072
129,129_adaptive_phase_change_run03,adaptive,phase_change,1377,1778425976.2943566,/big.txt,72089600,131072
129,129_adaptive_phase_change_run03,adaptive,phase_change,1378,1778425976.296105,/big.txt,72220672,131072
129,129_adaptive_phase_change_run03,adaptive,phase_change,1379,1778425976.2978497,/big.txt,72351744,131072
129,129_adaptive_phase_change_run03,adaptive,phase_change,1380,1778425976.2996035,/big.txt,72482816,131072
129,129_adaptive_phase_change_run03,adaptive,phase_change,1381,1778425976.3013425,/big.txt,72613888,131072
129,129_adaptive_phase_change_run03,adaptive,phase_change,1382,1778425976.303095,/big.txt,72744960,131072
129,129_adaptive_phase_change_run03,adaptive,phase_change,1383,1778425976.3048475,/big.txt,72876032,131072
129,129_adaptive_phase_change_run03,adaptive,phase_change,1384,1778425976.3065782,/big.txt,73007104,131072
129,129_adaptive_phase_change_run03,adaptive,phase_change,1385,1778425976.3084035,/big.txt,73138176,131072
129,129_adaptive_phase_change_run03,adaptive,phase_change,1386,1778425976.3101256,/big.txt,73269248,131072
129,129_adaptive_phase_change_run03,adaptive,phase_change,1387,1778425976.3119147,/big.txt,73400320,131072
129,129_adaptive_phase_change_run03,adaptive,phase_change,1388,1778425976.313675,/big.txt,73531392,131072
129,129_adaptive_phase_change_run03,adaptive,phase_change,1389,1778425976.3154347,/big.txt,73662464,131072
129,129_adaptive_phase_change_run03,adaptive,phase_change,1390,1778425976.317179,/big.txt,73793536,131072
129,129_adaptive_phase_change_run03,adaptive,phase_change,1391,1778425976.3189268,/big.txt,73924608,131072
129,129_adaptive_phase_change_run03,adaptive,phase_change,1392,1778425976.320679,/big.txt,74055680,131072
129,129_adaptive_phase_change_run03,adaptive,phase_change,1393,1778425976.3224068,/big.txt,74186752,131072
129,129_adaptive_phase_change_run03,adaptive,phase_change,1394,1778425976.3241584,/big.txt,74317824,131072
129,129_adaptive_phase_change_run03,adaptive,phase_change,1395,1778425976.3259082,/big.txt,74448896,131072
129,129_adaptive_phase_change_run03,adaptive,phase_change,1396,1778425976.3276684,/big.txt,74579968,131072
129,129_adaptive_phase_change_run03,adaptive,phase_change,1397,1778425976.3293986,/big.txt,74711040,131072
129,129_adaptive_phase_change_run03,adaptive,phase_change,1398,1778425976.3311348,/big.txt,74842112,131072
129,129_adaptive_phase_change_run03,adaptive,phase_change,1399,1778425976.3328805,/big.txt,74973184,131072
129,129_adaptive_phase_change_run03,adaptive,phase_change,1400,1778425976.3345993,/big.txt,75104256,131072
129,129_adaptive_phase_change_run03,adaptive,phase_change,1401,1778425976.3364813,/big.txt,75235328,131072
129,129_adaptive_phase_change_run03,adaptive,phase_change,1402,1778425976.3382237,/big.txt,75366400,131072
129,129_adaptive_phase_change_run03,adaptive,phase_change,1403,1778425976.340024,/big.txt,75497472,131072
129,129_adaptive_phase_change_run03,adaptive,phase_change,1404,1778425976.3417654,/big.txt,75628544,131072
129,129_adaptive_phase_change_run03,adaptive,phase_change,1405,1778425976.3435216,/big.txt,75759616,131072
129,129_adaptive_phase_change_run03,adaptive,phase_change,1406,1778425976.3452785,/big.txt,75890688,131072
129,129_adaptive_phase_change_run03,adaptive,phase_change,1407,1778425976.3470283,/big.txt,76021760,131072
129,129_adaptive_phase_change_run03,adaptive,phase_change,1408,1778425976.348772,/big.txt,76152832,131072
129,129_adaptive_phase_change_run03,adaptive,phase_change,1409,1778425976.3505018,/big.txt,76283904,131072
129,129_adaptive_phase_change_run03,adaptive,phase_change,1410,1778425976.3522255,/big.txt,76414976,131072
129,129_adaptive_phase_change_run03,adaptive,phase_change,1411,1778425976.353973,/big.txt,76546048,131072
129,129_adaptive_phase_change_run03,adaptive,phase_change,1412,1778425976.3557143,/big.txt,76677120,131072
129,129_adaptive_phase_change_run03,adaptive,phase_change,1413,1778425976.3574502,/big.txt,76808192,131072
129,129_adaptive_phase_change_run03,adaptive,phase_change,1414,1778425976.3591883,/big.txt,76939264,131072
129,129_adaptive_phase_change_run03,adaptive,phase_change,1415,1778425976.3609345,/big.txt,77070336,131072
129,129_adaptive_phase_change_run03,adaptive,phase_change,1416,1778425976.3626642,/big.txt,77201408,131072
129,129_adaptive_phase_change_run03,adaptive,phase_change,1417,1778425976.3644133,/big.txt,77332480,131072
129,129_adaptive_phase_change_run03,adaptive,phase_change,1418,1778425976.366141,/big.txt,77463552,131072
129,129_adaptive_phase_change_run03,adaptive,phase_change,1419,1778425976.3679159,/big.txt,77594624,131072
129,129_adaptive_phase_change_run03,adaptive,phase_change,1420,1778425976.3696656,/big.txt,77725696,131072
129,129_adaptive_phase_change_run03,adaptive,phase_change,1421,1778425976.3714275,/big.txt,77856768,131072
129,129_adaptive_phase_change_run03,adaptive,phase_change,1422,1778425976.373184,/big.txt,77987840,131072
129,129_adaptive_phase_change_run03,adaptive,phase_change,1423,1778425976.3749208,/big.txt,78118912,131072
129,129_adaptive_phase_change_run03,adaptive,phase_change,1424,1778425976.3766668,/big.txt,78249984,131072
129,129_adaptive_phase_change_run03,adaptive,phase_change,1425,1778425976.3784087,/big.txt,78381056,131072
129,129_adaptive_phase_change_run03,adaptive,phase_change,1426,1778425976.3801532,/big.txt,78512128,131072
129,129_adaptive_phase_change_run03,adaptive,phase_change,1427,1778425976.3818965,/big.txt,78643200,131072
129,129_adaptive_phase_change_run03,adaptive,phase_change,1428,1778425976.383623,/big.txt,78774272,131072
129,129_adaptive_phase_change_run03,adaptive,phase_change,1429,1778425976.3853583,/big.txt,78905344,131072
129,129_adaptive_phase_change_run03,adaptive,phase_change,1430,1778425976.387099,/big.txt,79036416,131072
129,129_adaptive_phase_change_run03,adaptive,phase_change,1431,1778425976.3888488,/big.txt,79167488,131072
129,129_adaptive_phase_change_run03,adaptive,phase_change,1432,1778425976.3905947,/big.txt,79298560,131072
129,129_adaptive_phase_change_run03,adaptive,phase_change,1433,1778425976.3924065,/big.txt,79429632,131072
129,129_adaptive_phase_change_run03,adaptive,phase_change,1434,1778425976.3941581,/big.txt,79560704,131072
129,129_adaptive_phase_change_run03,adaptive,phase_change,1435,1778425976.3959427,/big.txt,79691776,131072
129,129_adaptive_phase_change_run03,adaptive,phase_change,1436,1778425976.3977156,/big.txt,79822848,131072
129,129_adaptive_phase_change_run03,adaptive,phase_change,1437,1778425976.3994746,/big.txt,79953920,131072
129,129_adaptive_phase_change_run03,adaptive,phase_change,1438,1778425976.4012578,/big.txt,80084992,131072
129,129_adaptive_phase_change_run03,adaptive,phase_change,1439,1778425976.4030147,/big.txt,80216064,131072
129,129_adaptive_phase_change_run03,adaptive,phase_change,1440,1778425976.4047744,/big.txt,80347136,131072
129,129_adaptive_phase_change_run03,adaptive,phase_change,1441,1778425976.4065146,/big.txt,80478208,131072
129,129_adaptive_phase_change_run03,adaptive,phase_change,1442,1778425976.4082747,/big.txt,80609280,131072
129,129_adaptive_phase_change_run03,adaptive,phase_change,1443,1778425976.4100099,/big.txt,80740352,131072
129,129_adaptive_phase_change_run03,adaptive,phase_change,1444,1778425976.4117665,/big.txt,80871424,131072
129,129_adaptive_phase_change_run03,adaptive,phase_change,1445,1778425976.4134986,/big.txt,81002496,131072
129,129_adaptive_phase_change_run03,adaptive,phase_change,1446,1778425976.4152477,/big.txt,81133568,131072
129,129_adaptive_phase_change_run03,adaptive,phase_change,1447,1778425976.4169831,/big.txt,81264640,131072
129,129_adaptive_phase_change_run03,adaptive,phase_change,1448,1778425976.4187124,/big.txt,81395712,131072
129,129_adaptive_phase_change_run03,adaptive,phase_change,1449,1778425976.4205987,/big.txt,81526784,131072
129,129_adaptive_phase_change_run03,adaptive,phase_change,1450,1778425976.422337,/big.txt,81657856,131072
129,129_adaptive_phase_change_run03,adaptive,phase_change,1451,1778425976.4240804,/big.txt,81788928,131072
129,129_adaptive_phase_change_run03,adaptive,phase_change,1452,1778425976.425823,/big.txt,81920000,131072
129,129_adaptive_phase_change_run03,adaptive,phase_change,1453,1778425976.427585,/big.txt,82051072,131072
129,129_adaptive_phase_change_run03,adaptive,phase_change,1454,1778425976.4293346,/big.txt,82182144,131072
129,129_adaptive_phase_change_run03,adaptive,phase_change,1455,1778425976.4311323,/big.txt,82313216,131072
129,129_adaptive_phase_change_run03,adaptive,phase_change,1456,1778425976.432873,/big.txt,82444288,131072
129,129_adaptive_phase_change_run03,adaptive,phase_change,1457,1778425976.4346051,/big.txt,82575360,131072
129,129_adaptive_phase_change_run03,adaptive,phase_change,1458,1778425976.4363637,/big.txt,82706432,131072
129,129_adaptive_phase_change_run03,adaptive,phase_change,1459,1778425976.438098,/big.txt,82837504,131072
129,129_adaptive_phase_change_run03,adaptive,phase_change,1460,1778425976.4398813,/big.txt,82968576,131072
129,129_adaptive_phase_change_run03,adaptive,phase_change,1461,1778425976.4416292,/big.txt,83099648,131072
129,129_adaptive_phase_change_run03,adaptive,phase_change,1462,1778425976.4434805,/big.txt,83230720,131072
129,129_adaptive_phase_change_run03,adaptive,phase_change,1463,1778425976.4452286,/big.txt,83361792,131072
129,129_adaptive_phase_change_run03,adaptive,phase_change,1464,1778425976.4469566,/big.txt,83492864,131072
129,129_adaptive_phase_change_run03,adaptive,phase_change,1465,1778425976.4487035,/big.txt,83623936,131072
129,129_adaptive_phase_change_run03,adaptive,phase_change,1466,1778425976.450418,/big.txt,83755008,131072
129,129_adaptive_phase_change_run03,adaptive,phase_change,1467,1778425976.4521482,/big.txt,83886080,131072
129,129_adaptive_phase_change_run03,adaptive,phase_change,1468,1778425976.4538965,/big.txt,84017152,131072
129,129_adaptive_phase_change_run03,adaptive,phase_change,1469,1778425976.455657,/big.txt,84148224,131072
129,129_adaptive_phase_change_run03,adaptive,phase_change,1470,1778425976.4574032,/big.txt,84279296,131072
129,129_adaptive_phase_change_run03,adaptive,phase_change,1471,1778425976.4591556,/big.txt,84410368,131072
129,129_adaptive_phase_change_run03,adaptive,phase_change,1472,1778425976.4608974,/big.txt,84541440,131072
129,129_adaptive_phase_change_run03,adaptive,phase_change,1473,1778425976.462626,/big.txt,84672512,131072
129,129_adaptive_phase_change_run03,adaptive,phase_change,1474,1778425976.4643822,/big.txt,84803584,131072
129,129_adaptive_phase_change_run03,adaptive,phase_change,1475,1778425976.466144,/big.txt,84934656,131072
129,129_adaptive_phase_change_run03,adaptive,phase_change,1476,1778425976.4679186,/big.txt,85065728,131072
129,129_adaptive_phase_change_run03,adaptive,phase_change,1477,1778425976.4696598,/big.txt,85196800,131072
129,129_adaptive_phase_change_run03,adaptive,phase_change,1478,1778425976.471425,/big.txt,85327872,131072
129,129_adaptive_phase_change_run03,adaptive,phase_change,1479,1778425976.4731655,/big.txt,85458944,131072
129,129_adaptive_phase_change_run03,adaptive,phase_change,1480,1778425976.4748926,/big.txt,85590016,131072
129,129_adaptive_phase_change_run03,adaptive,phase_change,1481,1778425976.4766183,/big.txt,85721088,131072
129,129_adaptive_phase_change_run03,adaptive,phase_change,1482,1778425976.4783459,/big.txt,85852160,131072
129,129_adaptive_phase_change_run03,adaptive,phase_change,1483,1778425976.4800832,/big.txt,85983232,131072
129,129_adaptive_phase_change_run03,adaptive,phase_change,1484,1778425976.481847,/big.txt,86114304,131072
129,129_adaptive_phase_change_run03,adaptive,phase_change,1485,1778425976.4836,/big.txt,86245376,131072
129,129_adaptive_phase_change_run03,adaptive,phase_change,1486,1778425976.485345,/big.txt,86376448,131072
129,129_adaptive_phase_change_run03,adaptive,phase_change,1487,1778425976.4870872,/big.txt,86507520,131072
129,129_adaptive_phase_change_run03,adaptive,phase_change,1488,1778425976.488833,/big.txt,86638592,131072
129,129_adaptive_phase_change_run03,adaptive,phase_change,1489,1778425976.4905677,/big.txt,86769664,131072
129,129_adaptive_phase_change_run03,adaptive,phase_change,1490,1778425976.4923308,/big.txt,86900736,131072
129,129_adaptive_phase_change_run03,adaptive,phase_change,1491,1778425976.4940686,/big.txt,87031808,131072
129,129_adaptive_phase_change_run03,adaptive,phase_change,1492,1778425976.4958315,/big.txt,87162880,131072
129,129_adaptive_phase_change_run03,adaptive,phase_change,1493,1778425976.4975634,/big.txt,87293952,131072
129,129_adaptive_phase_change_run03,adaptive,phase_change,1494,1778425976.4992926,/big.txt,87425024,131072
129,129_adaptive_phase_change_run03,adaptive,phase_change,1495,1778425976.5010183,/big.txt,87556096,131072
129,129_adaptive_phase_change_run03,adaptive,phase_change,1496,1778425976.5027673,/big.txt,87687168,131072
129,129_adaptive_phase_change_run03,adaptive,phase_change,1497,1778425976.5045214,/big.txt,87818240,131072
129,129_adaptive_phase_change_run03,adaptive,phase_change,1498,1778425976.506241,/big.txt,87949312,131072
129,129_adaptive_phase_change_run03,adaptive,phase_change,1499,1778425976.508024,/big.txt,88080384,131072
129,129_adaptive_phase_change_run03,adaptive,phase_change,1500,1778425976.5097709,/big.txt,88211456,131072
129,129_adaptive_phase_change_run03,adaptive,phase_change,1501,1778425976.5115364,/big.txt,88342528,131072
129,129_adaptive_phase_change_run03,adaptive,phase_change,1502,1778425976.5132957,/big.txt,88473600,131072
129,129_adaptive_phase_change_run03,adaptive,phase_change,1503,1778425976.5150402,/big.txt,88604672,131072
129,129_adaptive_phase_change_run03,adaptive,phase_change,1504,1778425976.5167959,/big.txt,88735744,131072
129,129_adaptive_phase_change_run03,adaptive,phase_change,1505,1778425976.5185277,/big.txt,88866816,131072
129,129_adaptive_phase_change_run03,adaptive,phase_change,1506,1778425976.5203576,/big.txt,88997888,131072
129,129_adaptive_phase_change_run03,adaptive,phase_change,1507,1778425976.5221071,/big.txt,89128960,131072
129,129_adaptive_phase_change_run03,adaptive,phase_change,1508,1778425976.5238898,/big.txt,89260032,131072
129,129_adaptive_phase_change_run03,adaptive,phase_change,1509,1778425976.5256395,/big.txt,89391104,131072
129,129_adaptive_phase_change_run03,adaptive,phase_change,1510,1778425976.5273933,/big.txt,89522176,131072
129,129_adaptive_phase_change_run03,adaptive,phase_change,1511,1778425976.5291355,/big.txt,89653248,131072
129,129_adaptive_phase_change_run03,adaptive,phase_change,1512,1778425976.5309496,/big.txt,89784320,131072
129,129_adaptive_phase_change_run03,adaptive,phase_change,1513,1778425976.5345,/big.txt,89915392,131072
129,129_adaptive_phase_change_run03,adaptive,phase_change,1514,1778425976.53802,/big.txt,90046464,131072
129,129_adaptive_phase_change_run03,adaptive,phase_change,1515,1778425976.5415137,/big.txt,90177536,131072
129,129_adaptive_phase_change_run03,adaptive,phase_change,1516,1778425976.54339,/big.txt,90308608,131072
129,129_adaptive_phase_change_run03,adaptive,phase_change,1517,1778425976.5451443,/big.txt,90439680,131072
129,129_adaptive_phase_change_run03,adaptive,phase_change,1518,1778425976.5468879,/big.txt,90570752,131072
129,129_adaptive_phase_change_run03,adaptive,phase_change,1519,1778425976.5486336,/big.txt,90701824,131072
129,129_adaptive_phase_change_run03,adaptive,phase_change,1520,1778425976.5503457,/big.txt,90832896,131072
129,129_adaptive_phase_change_run03,adaptive,phase_change,1521,1778425976.5520945,/big.txt,90963968,131072
129,129_adaptive_phase_change_run03,adaptive,phase_change,1522,1778425976.5538452,/big.txt,91095040,131072
129,129_adaptive_phase_change_run03,adaptive,phase_change,1523,1778425976.555585,/big.txt,91226112,131072
129,129_adaptive_phase_change_run03,adaptive,phase_change,1524,1778425976.5573337,/big.txt,91357184,131072
129,129_adaptive_phase_change_run03,adaptive,phase_change,1525,1778425976.559081,/big.txt,91488256,131072
129,129_adaptive_phase_change_run03,adaptive,phase_change,1526,1778425976.5608244,/big.txt,91619328,131072
129,129_adaptive_phase_change_run03,adaptive,phase_change,1527,1778425976.5625572,/big.txt,91750400,131072
129,129_adaptive_phase_change_run03,adaptive,phase_change,1528,1778425976.5643086,/big.txt,91881472,131072
129,129_adaptive_phase_change_run03,adaptive,phase_change,1529,1778425976.566042,/big.txt,92012544,131072
129,129_adaptive_phase_change_run03,adaptive,phase_change,1530,1778425976.5677915,/big.txt,92143616,131072
129,129_adaptive_phase_change_run03,adaptive,phase_change,1531,1778425976.5695357,/big.txt,92274688,131072
129,129_adaptive_phase_change_run03,adaptive,phase_change,1532,1778425976.5712717,/big.txt,92405760,131072
129,129_adaptive_phase_change_run03,adaptive,phase_change,1533,1778425976.5730112,/big.txt,92536832,131072
129,129_adaptive_phase_change_run03,adaptive,phase_change,1534,1778425976.5747664,/big.txt,92667904,131072
129,129_adaptive_phase_change_run03,adaptive,phase_change,1535,1778425976.576514,/big.txt,92798976,131072
129,129_adaptive_phase_change_run03,adaptive,phase_change,1536,1778425976.578253,/big.txt,92930048,131072
129,129_adaptive_phase_change_run03,adaptive,phase_change,1537,1778425976.5800078,/big.txt,93061120,131072
129,129_adaptive_phase_change_run03,adaptive,phase_change,1538,1778425976.5817535,/big.txt,93192192,131072
129,129_adaptive_phase_change_run03,adaptive,phase_change,1539,1778425976.5835075,/big.txt,93323264,131072
129,129_adaptive_phase_change_run03,adaptive,phase_change,1540,1778425976.5852444,/big.txt,93454336,131072
129,129_adaptive_phase_change_run03,adaptive,phase_change,1541,1778425976.5869868,/big.txt,93585408,131072
129,129_adaptive_phase_change_run03,adaptive,phase_change,1542,1778425976.5887375,/big.txt,93716480,131072
129,129_adaptive_phase_change_run03,adaptive,phase_change,1543,1778425976.5904856,/big.txt,93847552,131072
129,129_adaptive_phase_change_run03,adaptive,phase_change,1544,1778425976.592218,/big.txt,93978624,131072
129,129_adaptive_phase_change_run03,adaptive,phase_change,1545,1778425976.593965,/big.txt,94109696,131072
129,129_adaptive_phase_change_run03,adaptive,phase_change,1546,1778425976.595728,/big.txt,94240768,131072
129,129_adaptive_phase_change_run03,adaptive,phase_change,1547,1778425976.597484,/big.txt,94371840,131072
129,129_adaptive_phase_change_run03,adaptive,phase_change,1548,1778425976.5993211,/big.txt,94502912,131072
129,129_adaptive_phase_change_run03,adaptive,phase_change,1549,1778425976.6010528,/big.txt,94633984,131072
129,129_adaptive_phase_change_run03,adaptive,phase_change,1550,1778425976.6027884,/big.txt,94765056,131072
129,129_adaptive_phase_change_run03,adaptive,phase_change,1551,1778425976.604533,/big.txt,94896128,131072
129,129_adaptive_phase_change_run03,adaptive,phase_change,1552,1778425976.6062872,/big.txt,95027200,131072
129,129_adaptive_phase_change_run03,adaptive,phase_change,1553,1778425976.6080327,/big.txt,95158272,131072
129,129_adaptive_phase_change_run03,adaptive,phase_change,1554,1778425976.609809,/big.txt,95289344,131072
129,129_adaptive_phase_change_run03,adaptive,phase_change,1555,1778425976.6115446,/big.txt,95420416,131072
129,129_adaptive_phase_change_run03,adaptive,phase_change,1556,1778425976.6132855,/big.txt,95551488,131072
129,129_adaptive_phase_change_run03,adaptive,phase_change,1557,1778425976.6151254,/big.txt,95682560,131072
129,129_adaptive_phase_change_run03,adaptive,phase_change,1558,1778425976.6168704,/big.txt,95813632,131072
129,129_adaptive_phase_change_run03,adaptive,phase_change,1559,1778425976.6186068,/big.txt,95944704,131072
129,129_adaptive_phase_change_run03,adaptive,phase_change,1560,1778425976.6203682,/big.txt,96075776,131072
129,129_adaptive_phase_change_run03,adaptive,phase_change,1561,1778425976.6221054,/big.txt,96206848,131072
129,129_adaptive_phase_change_run03,adaptive,phase_change,1562,1778425976.6238792,/big.txt,96337920,131072
129,129_adaptive_phase_change_run03,adaptive,phase_change,1563,1778425976.6256154,/big.txt,96468992,131072
129,129_adaptive_phase_change_run03,adaptive,phase_change,1564,1778425976.6273568,/big.txt,96600064,131072
129,129_adaptive_phase_change_run03,adaptive,phase_change,1565,1778425976.629101,/big.txt,96731136,131072
129,129_adaptive_phase_change_run03,adaptive,phase_change,1566,1778425976.630865,/big.txt,96862208,131072
129,129_adaptive_phase_change_run03,adaptive,phase_change,1567,1778425976.6326098,/big.txt,96993280,131072
129,129_adaptive_phase_change_run03,adaptive,phase_change,1568,1778425976.6343322,/big.txt,97124352,131072
129,129_adaptive_phase_change_run03,adaptive,phase_change,1569,1778425976.6360896,/big.txt,97255424,131072
129,129_adaptive_phase_change_run03,adaptive,phase_change,1570,1778425976.6378188,/big.txt,97386496,131072
129,129_adaptive_phase_change_run03,adaptive,phase_change,1571,1778425976.639567,/big.txt,97517568,131072
129,129_adaptive_phase_change_run03,adaptive,phase_change,1572,1778425976.6413174,/big.txt,97648640,131072
129,129_adaptive_phase_change_run03,adaptive,phase_change,1573,1778425976.6437237,/big.txt,97779712,131072
129,129_adaptive_phase_change_run03,adaptive,phase_change,1574,1778425976.6471872,/big.txt,97910784,131072
129,129_adaptive_phase_change_run03,adaptive,phase_change,1575,1778425976.6506898,/big.txt,98041856,131072
129,129_adaptive_phase_change_run03,adaptive,phase_change,1576,1778425976.6541953,/big.txt,98172928,131072
129,129_adaptive_phase_change_run03,adaptive,phase_change,1577,1778425976.6560225,/big.txt,98304000,131072
129,129_adaptive_phase_change_run03,adaptive,phase_change,1578,1778425976.657759,/big.txt,98435072,131072
129,129_adaptive_phase_change_run03,adaptive,phase_change,1579,1778425976.6594958,/big.txt,98566144,131072
129,129_adaptive_phase_change_run03,adaptive,phase_change,1580,1778425976.661243,/big.txt,98697216,131072
129,129_adaptive_phase_change_run03,adaptive,phase_change,1581,1778425976.6630332,/big.txt,98828288,131072
129,129_adaptive_phase_change_run03,adaptive,phase_change,1582,1778425976.664785,/big.txt,98959360,131072
129,129_adaptive_phase_change_run03,adaptive,phase_change,1583,1778425976.666527,/big.txt,99090432,131072
129,129_adaptive_phase_change_run03,adaptive,phase_change,1584,1778425976.6683233,/big.txt,99221504,131072
129,129_adaptive_phase_change_run03,adaptive,phase_change,1585,1778425976.6700537,/big.txt,99352576,131072
129,129_adaptive_phase_change_run03,adaptive,phase_change,1586,1778425976.671825,/big.txt,99483648,131072
129,129_adaptive_phase_change_run03,adaptive,phase_change,1587,1778425976.6736,/big.txt,99614720,131072
129,129_adaptive_phase_change_run03,adaptive,phase_change,1588,1778425976.6754084,/big.txt,99745792,131072
129,129_adaptive_phase_change_run03,adaptive,phase_change,1589,1778425976.6771672,/big.txt,99876864,131072
129,129_adaptive_phase_change_run03,adaptive,phase_change,1590,1778425976.6789768,/big.txt,100007936,131072
129,129_adaptive_phase_change_run03,adaptive,phase_change,1591,1778425976.6807034,/big.txt,100139008,131072
129,129_adaptive_phase_change_run03,adaptive,phase_change,1592,1778425976.6824346,/big.txt,100270080,131072
129,129_adaptive_phase_change_run03,adaptive,phase_change,1593,1778425976.6841683,/big.txt,100401152,131072
129,129_adaptive_phase_change_run03,adaptive,phase_change,1594,1778425976.6859431,/big.txt,100532224,131072
129,129_adaptive_phase_change_run03,adaptive,phase_change,1595,1778425976.6877322,/big.txt,100663296,131072
129,129_adaptive_phase_change_run03,adaptive,phase_change,1596,1778425976.6894937,/big.txt,100794368,131072
129,129_adaptive_phase_change_run03,adaptive,phase_change,1597,1778425976.6912537,/big.txt,100925440,131072
129,129_adaptive_phase_change_run03,adaptive,phase_change,1598,1778425976.692986,/big.txt,101056512,131072
129,129_adaptive_phase_change_run03,adaptive,phase_change,1599,1778425976.6947246,/big.txt,101187584,131072
129,129_adaptive_phase_change_run03,adaptive,phase_change,1600,1778425976.6964734,/big.txt,101318656,131072
129,129_adaptive_phase_change_run03,adaptive,phase_change,1601,1778425976.6982217,/big.txt,101449728,131072
129,129_adaptive_phase_change_run03,adaptive,phase_change,1602,1778425976.7000036,/big.txt,101580800,131072
129,129_adaptive_phase_change_run03,adaptive,phase_change,1603,1778425976.701749,/big.txt,101711872,131072
129,129_adaptive_phase_change_run03,adaptive,phase_change,1604,1778425976.7034926,/big.txt,101842944,131072
129,129_adaptive_phase_change_run03,adaptive,phase_change,1605,1778425976.705245,/big.txt,101974016,131072
129,129_adaptive_phase_change_run03,adaptive,phase_change,1606,1778425976.7070713,/big.txt,102105088,131072
129,129_adaptive_phase_change_run03,adaptive,phase_change,1607,1778425976.7088172,/big.txt,102236160,131072
129,129_adaptive_phase_change_run03,adaptive,phase_change,1608,1778425976.7105477,/big.txt,102367232,131072
129,129_adaptive_phase_change_run03,adaptive,phase_change,1609,1778425976.7122912,/big.txt,102498304,131072
129,129_adaptive_phase_change_run03,adaptive,phase_change,1610,1778425976.7140186,/big.txt,102629376,131072
129,129_adaptive_phase_change_run03,adaptive,phase_change,1611,1778425976.7157924,/big.txt,102760448,131072
129,129_adaptive_phase_change_run03,adaptive,phase_change,1612,1778425976.7175438,/big.txt,102891520,131072
129,129_adaptive_phase_change_run03,adaptive,phase_change,1613,1778425976.7193816,/big.txt,103022592,131072
129,129_adaptive_phase_change_run03,adaptive,phase_change,1614,1778425976.7211175,/big.txt,103153664,131072
129,129_adaptive_phase_change_run03,adaptive,phase_change,1615,1778425976.7228692,/big.txt,103284736,131072
129,129_adaptive_phase_change_run03,adaptive,phase_change,1616,1778425976.7246106,/big.txt,103415808,131072
129,129_adaptive_phase_change_run03,adaptive,phase_change,1617,1778425976.7263515,/big.txt,103546880,131072
129,129_adaptive_phase_change_run03,adaptive,phase_change,1618,1778425976.7281032,/big.txt,103677952,131072
129,129_adaptive_phase_change_run03,adaptive,phase_change,1619,1778425976.7298553,/big.txt,103809024,131072
129,129_adaptive_phase_change_run03,adaptive,phase_change,1620,1778425976.7315855,/big.txt,103940096,131072
129,129_adaptive_phase_change_run03,adaptive,phase_change,1621,1778425976.7333243,/big.txt,104071168,131072
129,129_adaptive_phase_change_run03,adaptive,phase_change,1622,1778425976.735719,/big.txt,104202240,131072
129,129_adaptive_phase_change_run03,adaptive,phase_change,1623,1778425976.7392418,/big.txt,104333312,131072
129,129_adaptive_phase_change_run03,adaptive,phase_change,1624,1778425976.7428026,/big.txt,104464384,131072
129,129_adaptive_phase_change_run03,adaptive,phase_change,1625,1778425976.7463105,/big.txt,104595456,131072
129,129_adaptive_phase_change_run03,adaptive,phase_change,1626,1778425976.748092,/big.txt,104726528,131072
129,129_adaptive_phase_change_run03,adaptive,phase_change,1627,1778425976.7482796,/big.txt,104857600,0
