run_index,run_label,mode,workload,timestamp,path,offset,size,phase,confidence,decay_rate,seek_delta,prefetch,prefetch_offset,prefetch_size,prefetch_depth
364,364_adaptive_phase_change_run04,adaptive,phase_change,1778259533.5558584,/big.txt,0,131072,unknown,0.0000,0.0000,0,0,,,1
364,364_adaptive_phase_change_run04,adaptive,phase_change,1778259533.5565023,/big.txt,131072,131072,sequential,1.0000,0.0000,0,1,262144,4096,1
364,364_adaptive_phase_change_run04,adaptive,phase_change,1778259533.5569189,/big.txt,262144,131072,sequential,1.0000,0.0000,0,1,393216,4096,1
364,364_adaptive_phase_change_run04,adaptive,phase_change,1778259533.557335,/big.txt,393216,131072,sequential,1.0000,0.0000,0,1,524288,4096,1
364,364_adaptive_phase_change_run04,adaptive,phase_change,1778259533.5577533,/big.txt,524288,131072,sequential,1.0000,0.0000,0,1,655360,4096,1
364,364_adaptive_phase_change_run04,adaptive,phase_change,1778259533.5581014,/big.txt,655360,131072,sequential,1.0000,0.0000,0,1,786432,4096,1
364,364_adaptive_phase_change_run04,adaptive,phase_change,1778259533.5584226,/big.txt,786432,131072,sequential,1.0000,0.0000,0,1,917504,4096,1
364,364_adaptive_phase_change_run04,adaptive,phase_change,1778259533.5590193,/big.txt,917504,131072,sequential,1.0000,0.0000,0,1,1048576,4096,1
364,364_adaptive_phase_change_run04,adaptive,phase_change,1778259533.5593355,/big.txt,1048576,131072,sequential,1.0000,0.0000,0,1,1179648,4096,1
364,364_adaptive_phase_change_run04,adaptive,phase_change,1778259533.5596185,/big.txt,1179648,131072,sequential,1.0000,0.0000,0,1,1310720,4096,1
364,364_adaptive_phase_change_run04,adaptive,phase_change,1778259533.559881,/big.txt,1310720,131072,sequential,1.0000,0.0000,0,1,1441792,4096,1
364,364_adaptive_phase_change_run04,adaptive,phase_change,1778259533.560143,/big.txt,1441792,131072,sequential,1.0000,0.0000,0,1,1572864,4096,1
364,364_adaptive_phase_change_run04,adaptive,phase_change,1778259533.5604007,/big.txt,1572864,131072,sequential,1.0000,0.0000,0,1,1703936,4096,1
364,364_adaptive_phase_change_run04,adaptive,phase_change,1778259533.5606582,/big.txt,1703936,131072,sequential,1.0000,0.0000,0,1,1835008,4096,1
364,364_adaptive_phase_change_run04,adaptive,phase_change,1778259533.5609152,/big.txt,1835008,131072,sequential,1.0000,0.0000,0,1,1966080,4096,1
364,364_adaptive_phase_change_run04,adaptive,phase_change,1778259533.5611796,/big.txt,1966080,131072,sequential,1.0000,0.0000,0,1,2097152,4096,1
364,364_adaptive_phase_change_run04,adaptive,phase_change,1778259533.5614371,/big.txt,2097152,131072,sequential,1.0000,0.0000,0,1,2228224,4096,1
364,364_adaptive_phase_change_run04,adaptive,phase_change,1778259533.5617015,/big.txt,2228224,131072,sequential,1.0000,0.0000,0,1,2359296,4096,1
364,364_adaptive_phase_change_run04,adaptive,phase_change,1778259533.5619643,/big.txt,2359296,131072,sequential,1.0000,0.0000,0,1,2490368,4096,1
364,364_adaptive_phase_change_run04,adaptive,phase_change,1778259533.5622237,/big.txt,2490368,131072,sequential,1.0000,0.0000,0,1,2621440,4096,1
364,364_adaptive_phase_change_run04,adaptive,phase_change,1778259533.5624819,/big.txt,2621440,131072,sequential,1.0000,0.0000,0,1,2752512,4096,1
364,364_adaptive_phase_change_run04,adaptive,phase_change,1778259533.5627375,/big.txt,2752512,131072,sequential,1.0000,0.0000,0,1,2883584,4096,1
364,364_adaptive_phase_change_run04,adaptive,phase_change,1778259533.5629926,/big.txt,2883584,131072,sequential,1.0000,0.0000,0,1,3014656,4096,1
364,364_adaptive_phase_change_run04,adaptive,phase_change,1778259533.5632703,/big.txt,3014656,131072,sequential,1.0000,0.0000,0,1,3145728,4096,1
364,364_adaptive_phase_change_run04,adaptive,phase_change,1778259533.5635583,/big.txt,3145728,131072,sequential,1.0000,0.0000,0,1,3276800,4096,1
364,364_adaptive_phase_change_run04,adaptive,phase_change,1778259533.563836,/big.txt,3276800,131072,sequential,1.0000,0.0000,0,1,3407872,4096,1
364,364_adaptive_phase_change_run04,adaptive,phase_change,1778259533.5641134,/big.txt,3407872,131072,sequential,1.0000,0.0000,0,1,3538944,4096,1
364,364_adaptive_phase_change_run04,adaptive,phase_change,1778259533.5643926,/big.txt,3538944,131072,sequential,1.0000,0.0000,0,1,3670016,4096,1
364,364_adaptive_phase_change_run04,adaptive,phase_change,1778259533.5646713,/big.txt,3670016,131072,sequential,1.0000,0.0000,0,1,3801088,4096,1
364,364_adaptive_phase_change_run04,adaptive,phase_change,1778259533.5649161,/big.txt,3801088,131072,sequential,1.0000,0.0000,0,1,3932160,4096,1
364,364_adaptive_phase_change_run04,adaptive,phase_change,1778259533.5651557,/big.txt,3932160,131072,sequential,1.0000,0.0000,0,1,4063232,4096,1
364,364_adaptive_phase_change_run04,adaptive,phase_change,1778259533.565395,/big.txt,4063232,131072,sequential,1.0000,0.0000,0,1,4194304,4096,1
364,364_adaptive_phase_change_run04,adaptive,phase_change,1778259533.565646,/big.txt,4194304,131072,sequential,1.0000,0.0000,0,1,4325376,4096,1
364,364_adaptive_phase_change_run04,adaptive,phase_change,1778259533.5658903,/big.txt,4325376,131072,sequential,1.0000,0.0000,0,1,4456448,4096,1
364,364_adaptive_phase_change_run04,adaptive,phase_change,1778259533.566107,/big.txt,4456448,131072,sequential,1.0000,0.0000,0,1,4587520,4096,1
364,364_adaptive_phase_change_run04,adaptive,phase_change,1778259533.5663486,/big.txt,4587520,131072,sequential,1.0000,0.0000,0,1,4718592,4096,1
364,364_adaptive_phase_change_run04,adaptive,phase_change,1778259533.5665877,/big.txt,4718592,131072,sequential,1.0000,0.0000,0,1,4849664,4096,1
364,364_adaptive_phase_change_run04,adaptive,phase_change,1778259533.566865,/big.txt,4849664,131072,sequential,1.0000,0.0000,0,1,4980736,4096,1
364,364_adaptive_phase_change_run04,adaptive,phase_change,1778259533.5671341,/big.txt,4980736,131072,sequential,1.0000,0.0000,0,1,5111808,4096,1
364,364_adaptive_phase_change_run04,adaptive,phase_change,1778259533.5673769,/big.txt,5111808,131072,sequential,1.0000,0.0000,0,1,5242880,4096,1
364,364_adaptive_phase_change_run04,adaptive,phase_change,1778259533.5676239,/big.txt,5242880,131072,sequential,1.0000,0.0000,0,1,5373952,4096,1
364,364_adaptive_phase_change_run04,adaptive,phase_change,1778259533.5678632,/big.txt,5373952,131072,sequential,1.0000,0.0000,0,1,5505024,4096,1
364,364_adaptive_phase_change_run04,adaptive,phase_change,1778259533.56811,/big.txt,5505024,131072,sequential,1.0000,0.0000,0,1,5636096,4096,1
364,364_adaptive_phase_change_run04,adaptive,phase_change,1778259533.5683513,/big.txt,5636096,131072,sequential,1.0000,0.0000,0,1,5767168,4096,1
364,364_adaptive_phase_change_run04,adaptive,phase_change,1778259533.5686057,/big.txt,5767168,131072,sequential,1.0000,0.0000,0,1,5898240,4096,1
364,364_adaptive_phase_change_run04,adaptive,phase_change,1778259533.5688455,/big.txt,5898240,131072,sequential,1.0000,0.0000,0,1,6029312,4096,1
364,364_adaptive_phase_change_run04,adaptive,phase_change,1778259533.569091,/big.txt,6029312,131072,sequential,1.0000,0.0000,0,1,6160384,4096,1
364,364_adaptive_phase_change_run04,adaptive,phase_change,1778259533.56933,/big.txt,6160384,131072,sequential,1.0000,0.0000,0,1,6291456,4096,1
364,364_adaptive_phase_change_run04,adaptive,phase_change,1778259533.5695744,/big.txt,6291456,131072,sequential,1.0000,0.0000,0,1,6422528,4096,1
364,364_adaptive_phase_change_run04,adaptive,phase_change,1778259533.5697954,/big.txt,6422528,131072,sequential,1.0000,0.0000,0,1,6553600,4096,1
364,364_adaptive_phase_change_run04,adaptive,phase_change,1778259533.5700102,/big.txt,6553600,131072,sequential,1.0000,0.0000,0,1,6684672,4096,1
364,364_adaptive_phase_change_run04,adaptive,phase_change,1778259533.5702488,/big.txt,6684672,131072,sequential,1.0000,0.0000,0,1,6815744,4096,1
364,364_adaptive_phase_change_run04,adaptive,phase_change,1778259533.570489,/big.txt,6815744,131072,sequential,1.0000,0.0000,0,1,6946816,4096,1
364,364_adaptive_phase_change_run04,adaptive,phase_change,1778259533.5707293,/big.txt,6946816,131072,sequential,1.0000,0.0000,0,1,7077888,4096,1
364,364_adaptive_phase_change_run04,adaptive,phase_change,1778259533.5709832,/big.txt,7077888,131072,sequential,1.0000,0.0000,0,1,7208960,4096,1
364,364_adaptive_phase_change_run04,adaptive,phase_change,1778259533.5712287,/big.txt,7208960,131072,sequential,1.0000,0.0000,0,1,7340032,4096,1
364,364_adaptive_phase_change_run04,adaptive,phase_change,1778259533.5714803,/big.txt,7340032,131072,sequential,1.0000,0.0000,0,1,7471104,4096,1
364,364_adaptive_phase_change_run04,adaptive,phase_change,1778259533.5717194,/big.txt,7471104,131072,sequential,1.0000,0.0000,0,1,7602176,4096,1
364,364_adaptive_phase_change_run04,adaptive,phase_change,1778259533.5719583,/big.txt,7602176,131072,sequential,1.0000,0.0000,0,1,7733248,4096,1
364,364_adaptive_phase_change_run04,adaptive,phase_change,1778259533.572197,/big.txt,7733248,131072,sequential,1.0000,0.0000,0,1,7864320,4096,1
364,364_adaptive_phase_change_run04,adaptive,phase_change,1778259533.5724354,/big.txt,7864320,131072,sequential,1.0000,0.0000,0,1,7995392,4096,1
364,364_adaptive_phase_change_run04,adaptive,phase_change,1778259533.5726855,/big.txt,7995392,131072,sequential,1.0000,0.0000,0,1,8126464,4096,1
364,364_adaptive_phase_change_run04,adaptive,phase_change,1778259533.572928,/big.txt,8126464,131072,sequential,1.0000,0.0000,0,1,8257536,4096,1
364,364_adaptive_phase_change_run04,adaptive,phase_change,1778259533.573168,/big.txt,8257536,131072,sequential,1.0000,0.0000,0,1,8388608,4096,1
364,364_adaptive_phase_change_run04,adaptive,phase_change,1778259533.5734134,/big.txt,8388608,131072,sequential,1.0000,0.0000,0,1,8519680,4096,1
364,364_adaptive_phase_change_run04,adaptive,phase_change,1778259533.5736623,/big.txt,8519680,131072,sequential,1.0000,0.0000,0,1,8650752,4096,1
364,364_adaptive_phase_change_run04,adaptive,phase_change,1778259533.5738785,/big.txt,8650752,131072,sequential,1.0000,0.0000,0,1,8781824,4096,1
364,364_adaptive_phase_change_run04,adaptive,phase_change,1778259533.5740938,/big.txt,8781824,131072,sequential,1.0000,0.0000,0,1,8912896,4096,1
364,364_adaptive_phase_change_run04,adaptive,phase_change,1778259533.5743337,/big.txt,8912896,131072,sequential,1.0000,0.0000,0,1,9043968,4096,1
364,364_adaptive_phase_change_run04,adaptive,phase_change,1778259533.574573,/big.txt,9043968,131072,sequential,1.0000,0.0000,0,1,9175040,4096,1
364,364_adaptive_phase_change_run04,adaptive,phase_change,1778259533.5748334,/big.txt,9175040,131072,sequential,1.0000,0.0000,0,1,9306112,4096,1
364,364_adaptive_phase_change_run04,adaptive,phase_change,1778259533.5750847,/big.txt,9306112,131072,sequential,1.0000,0.0000,0,1,9437184,4096,1
364,364_adaptive_phase_change_run04,adaptive,phase_change,1778259533.575324,/big.txt,9437184,131072,sequential,1.0000,0.0000,0,1,9568256,4096,1
364,364_adaptive_phase_change_run04,adaptive,phase_change,1778259533.5755687,/big.txt,9568256,131072,sequential,1.0000,0.0000,0,1,9699328,4096,1
364,364_adaptive_phase_change_run04,adaptive,phase_change,1778259533.57581,/big.txt,9699328,131072,sequential,1.0000,0.0000,0,1,9830400,4096,1
364,364_adaptive_phase_change_run04,adaptive,phase_change,1778259533.5760498,/big.txt,9830400,131072,sequential,1.0000,0.0000,0,1,9961472,4096,1
364,364_adaptive_phase_change_run04,adaptive,phase_change,1778259533.57631,/big.txt,9961472,131072,sequential,1.0000,0.0000,0,1,10092544,4096,1
364,364_adaptive_phase_change_run04,adaptive,phase_change,1778259533.5765767,/big.txt,10092544,131072,sequential,1.0000,0.0000,0,1,10223616,4096,1
364,364_adaptive_phase_change_run04,adaptive,phase_change,1778259533.576822,/big.txt,10223616,131072,sequential,1.0000,0.0000,0,1,10354688,4096,1
364,364_adaptive_phase_change_run04,adaptive,phase_change,1778259533.5770626,/big.txt,10354688,131072,sequential,1.0000,0.0000,0,1,10485760,4096,1
364,364_adaptive_phase_change_run04,adaptive,phase_change,1778259533.5773087,/big.txt,10485760,131072,sequential,1.0000,0.0000,0,1,10616832,4096,1
364,364_adaptive_phase_change_run04,adaptive,phase_change,1778259533.5775554,/big.txt,10616832,131072,sequential,1.0000,0.0000,0,1,10747904,4096,1
364,364_adaptive_phase_change_run04,adaptive,phase_change,1778259533.5777738,/big.txt,10747904,131072,sequential,1.0000,0.0000,0,1,10878976,4096,1
364,364_adaptive_phase_change_run04,adaptive,phase_change,1778259533.5779912,/big.txt,10878976,131072,sequential,1.0000,0.0000,0,1,11010048,4096,1
364,364_adaptive_phase_change_run04,adaptive,phase_change,1778259533.5782487,/big.txt,11010048,131072,sequential,1.0000,0.0000,0,1,11141120,4096,1
364,364_adaptive_phase_change_run04,adaptive,phase_change,1778259533.5784922,/big.txt,11141120,131072,sequential,1.0000,0.0000,0,1,11272192,4096,1
364,364_adaptive_phase_change_run04,adaptive,phase_change,1778259533.5787354,/big.txt,11272192,131072,sequential,1.0000,0.0000,0,1,11403264,4096,1
364,364_adaptive_phase_change_run04,adaptive,phase_change,1778259533.5790095,/big.txt,11403264,131072,sequential,1.0000,0.0000,0,1,11534336,4096,1
364,364_adaptive_phase_change_run04,adaptive,phase_change,1778259533.5792613,/big.txt,11534336,131072,sequential,1.0000,0.0000,0,1,11665408,4096,1
364,364_adaptive_phase_change_run04,adaptive,phase_change,1778259533.579504,/big.txt,11665408,131072,sequential,1.0000,0.0000,0,1,11796480,4096,1
364,364_adaptive_phase_change_run04,adaptive,phase_change,1778259533.5797513,/big.txt,11796480,131072,sequential,1.0000,0.0000,0,1,11927552,4096,1
364,364_adaptive_phase_change_run04,adaptive,phase_change,1778259533.5799944,/big.txt,11927552,131072,sequential,1.0000,0.0000,0,1,12058624,4096,1
364,364_adaptive_phase_change_run04,adaptive,phase_change,1778259533.5802414,/big.txt,12058624,131072,sequential,1.0000,0.0000,0,1,12189696,4096,1
364,364_adaptive_phase_change_run04,adaptive,phase_change,1778259533.5804873,/big.txt,12189696,131072,sequential,1.0000,0.0000,0,1,12320768,4096,1
364,364_adaptive_phase_change_run04,adaptive,phase_change,1778259533.5807335,/big.txt,12320768,131072,sequential,1.0000,0.0000,0,1,12451840,4096,1
364,364_adaptive_phase_change_run04,adaptive,phase_change,1778259533.5809774,/big.txt,12451840,131072,sequential,1.0000,0.0000,0,1,12582912,4096,1
364,364_adaptive_phase_change_run04,adaptive,phase_change,1778259533.5812256,/big.txt,12582912,131072,sequential,1.0000,0.0000,0,1,12713984,4096,1
364,364_adaptive_phase_change_run04,adaptive,phase_change,1778259533.5814703,/big.txt,12713984,131072,sequential,1.0000,0.0000,0,1,12845056,4096,1
364,364_adaptive_phase_change_run04,adaptive,phase_change,1778259533.5817168,/big.txt,12845056,131072,sequential,1.0000,0.0000,0,1,12976128,4096,1
364,364_adaptive_phase_change_run04,adaptive,phase_change,1778259533.581958,/big.txt,12976128,131072,sequential,1.0000,0.0000,0,1,13107200,4096,1
364,364_adaptive_phase_change_run04,adaptive,phase_change,1778259533.5821986,/big.txt,13107200,131072,sequential,1.0000,0.0000,0,1,13238272,4096,1
364,364_adaptive_phase_change_run04,adaptive,phase_change,1778259533.5824444,/big.txt,13238272,131072,sequential,1.0000,0.0000,0,1,13369344,4096,1
364,364_adaptive_phase_change_run04,adaptive,phase_change,1778259533.5826845,/big.txt,13369344,131072,sequential,1.0000,0.0000,0,1,13500416,4096,1
364,364_adaptive_phase_change_run04,adaptive,phase_change,1778259533.582945,/big.txt,13500416,131072,sequential,1.0000,0.0000,0,1,13631488,4096,1
364,364_adaptive_phase_change_run04,adaptive,phase_change,1778259533.5831895,/big.txt,13631488,131072,sequential,1.0000,0.0000,0,1,13762560,4096,1
364,364_adaptive_phase_change_run04,adaptive,phase_change,1778259533.5834293,/big.txt,13762560,131072,sequential,1.0000,0.0000,0,1,13893632,4096,1
364,364_adaptive_phase_change_run04,adaptive,phase_change,1778259533.5836732,/big.txt,13893632,131072,sequential,1.0000,0.0000,0,1,14024704,4096,1
364,364_adaptive_phase_change_run04,adaptive,phase_change,1778259533.583924,/big.txt,14024704,131072,sequential,1.0000,0.0000,0,1,14155776,4096,1
364,364_adaptive_phase_change_run04,adaptive,phase_change,1778259533.5841691,/big.txt,14155776,131072,sequential,1.0000,0.0000,0,1,14286848,4096,1
364,364_adaptive_phase_change_run04,adaptive,phase_change,1778259533.5844185,/big.txt,14286848,131072,sequential,1.0000,0.0000,0,1,14417920,4096,1
364,364_adaptive_phase_change_run04,adaptive,phase_change,1778259533.584666,/big.txt,14417920,131072,sequential,1.0000,0.0000,0,1,14548992,4096,1
364,364_adaptive_phase_change_run04,adaptive,phase_change,1778259533.58491,/big.txt,14548992,131072,sequential,1.0000,0.0000,0,1,14680064,4096,1
364,364_adaptive_phase_change_run04,adaptive,phase_change,1778259533.585162,/big.txt,14680064,131072,sequential,1.0000,0.0000,0,1,14811136,4096,1
364,364_adaptive_phase_change_run04,adaptive,phase_change,1778259533.5854084,/big.txt,14811136,131072,sequential,1.0000,0.0000,0,1,14942208,4096,1
364,364_adaptive_phase_change_run04,adaptive,phase_change,1778259533.5856533,/big.txt,14942208,131072,sequential,1.0000,0.0000,0,1,15073280,4096,1
364,364_adaptive_phase_change_run04,adaptive,phase_change,1778259533.585896,/big.txt,15073280,131072,sequential,1.0000,0.0000,0,1,15204352,4096,1
364,364_adaptive_phase_change_run04,adaptive,phase_change,1778259533.5861466,/big.txt,15204352,131072,sequential,1.0000,0.0000,0,1,15335424,4096,1
364,364_adaptive_phase_change_run04,adaptive,phase_change,1778259533.5863924,/big.txt,15335424,131072,sequential,1.0000,0.0000,0,1,15466496,4096,1
364,364_adaptive_phase_change_run04,adaptive,phase_change,1778259533.586633,/big.txt,15466496,131072,sequential,1.0000,0.0000,0,1,15597568,4096,1
364,364_adaptive_phase_change_run04,adaptive,phase_change,1778259533.5869107,/big.txt,15597568,131072,sequential,1.0000,0.0000,0,1,15728640,4096,1
364,364_adaptive_phase_change_run04,adaptive,phase_change,1778259533.5871687,/big.txt,15728640,131072,sequential,1.0000,0.0000,0,1,15859712,4096,1
364,364_adaptive_phase_change_run04,adaptive,phase_change,1778259533.5874128,/big.txt,15859712,131072,sequential,1.0000,0.0000,0,1,15990784,4096,1
364,364_adaptive_phase_change_run04,adaptive,phase_change,1778259533.5876586,/big.txt,15990784,131072,sequential,1.0000,0.0000,0,1,16121856,4096,1
364,364_adaptive_phase_change_run04,adaptive,phase_change,1778259533.5879006,/big.txt,16121856,131072,sequential,1.0000,0.0000,0,1,16252928,4096,1
364,364_adaptive_phase_change_run04,adaptive,phase_change,1778259533.5881443,/big.txt,16252928,131072,sequential,1.0000,0.0000,0,1,16384000,4096,1
364,364_adaptive_phase_change_run04,adaptive,phase_change,1778259533.5883873,/big.txt,16384000,131072,sequential,1.0000,0.0000,0,1,16515072,4096,1
364,364_adaptive_phase_change_run04,adaptive,phase_change,1778259533.5886323,/big.txt,16515072,131072,sequential,1.0000,0.0000,0,1,16646144,4096,1
364,364_adaptive_phase_change_run04,adaptive,phase_change,1778259533.588874,/big.txt,16646144,131072,sequential,1.0000,0.0000,0,1,16777216,4096,1
364,364_adaptive_phase_change_run04,adaptive,phase_change,1778259533.5891194,/big.txt,16777216,131072,sequential,1.0000,0.0000,0,1,16908288,4096,1
364,364_adaptive_phase_change_run04,adaptive,phase_change,1778259533.5893703,/big.txt,16908288,131072,sequential,1.0000,0.0000,0,1,17039360,4096,1
364,364_adaptive_phase_change_run04,adaptive,phase_change,1778259533.589615,/big.txt,17039360,131072,sequential,1.0000,0.0000,0,1,17170432,4096,1
364,364_adaptive_phase_change_run04,adaptive,phase_change,1778259533.5898578,/big.txt,17170432,131072,sequential,1.0000,0.0000,0,1,17301504,4096,1
364,364_adaptive_phase_change_run04,adaptive,phase_change,1778259533.590099,/big.txt,17301504,131072,sequential,1.0000,0.0000,0,1,17432576,4096,1
364,364_adaptive_phase_change_run04,adaptive,phase_change,1778259533.5903444,/big.txt,17432576,131072,sequential,1.0000,0.0000,0,1,17563648,4096,1
364,364_adaptive_phase_change_run04,adaptive,phase_change,1778259533.590587,/big.txt,17563648,131072,sequential,1.0000,0.0000,0,1,17694720,4096,1
364,364_adaptive_phase_change_run04,adaptive,phase_change,1778259533.590863,/big.txt,17694720,131072,sequential,1.0000,0.0000,0,1,17825792,4096,1
364,364_adaptive_phase_change_run04,adaptive,phase_change,1778259533.5911164,/big.txt,17825792,131072,sequential,1.0000,0.0000,0,1,17956864,4096,1
364,364_adaptive_phase_change_run04,adaptive,phase_change,1778259533.5913641,/big.txt,17956864,131072,sequential,1.0000,0.0000,0,1,18087936,4096,1
364,364_adaptive_phase_change_run04,adaptive,phase_change,1778259533.5916088,/big.txt,18087936,131072,sequential,1.0000,0.0000,0,1,18219008,4096,1
364,364_adaptive_phase_change_run04,adaptive,phase_change,1778259533.5918758,/big.txt,18219008,131072,sequential,1.0000,0.0000,0,1,18350080,4096,1
364,364_adaptive_phase_change_run04,adaptive,phase_change,1778259533.592121,/big.txt,18350080,131072,sequential,1.0000,0.0000,0,1,18481152,4096,1
364,364_adaptive_phase_change_run04,adaptive,phase_change,1778259533.5923657,/big.txt,18481152,131072,sequential,1.0000,0.0000,0,1,18612224,4096,1
364,364_adaptive_phase_change_run04,adaptive,phase_change,1778259533.5926116,/big.txt,18612224,131072,sequential,1.0000,0.0000,0,1,18743296,4096,1
364,364_adaptive_phase_change_run04,adaptive,phase_change,1778259533.5928583,/big.txt,18743296,131072,sequential,1.0000,0.0000,0,1,18874368,4096,1
364,364_adaptive_phase_change_run04,adaptive,phase_change,1778259533.5931027,/big.txt,18874368,131072,sequential,1.0000,0.0000,0,1,19005440,4096,1
364,364_adaptive_phase_change_run04,adaptive,phase_change,1778259533.5933542,/big.txt,19005440,131072,sequential,1.0000,0.0000,0,1,19136512,4096,1
364,364_adaptive_phase_change_run04,adaptive,phase_change,1778259533.5936017,/big.txt,19136512,131072,sequential,1.0000,0.0000,0,1,19267584,4096,1
364,364_adaptive_phase_change_run04,adaptive,phase_change,1778259533.5938482,/big.txt,19267584,131072,sequential,1.0000,0.0000,0,1,19398656,4096,1
364,364_adaptive_phase_change_run04,adaptive,phase_change,1778259533.594096,/big.txt,19398656,131072,sequential,1.0000,0.0000,0,1,19529728,4096,1
364,364_adaptive_phase_change_run04,adaptive,phase_change,1778259533.5943408,/big.txt,19529728,131072,sequential,1.0000,0.0000,0,1,19660800,4096,1
364,364_adaptive_phase_change_run04,adaptive,phase_change,1778259533.59454,/big.txt,19660800,131072,sequential,1.0000,0.0000,0,1,19791872,4096,1
364,364_adaptive_phase_change_run04,adaptive,phase_change,1778259533.5947378,/big.txt,19791872,131072,sequential,1.0000,0.0000,0,1,19922944,4096,1
364,364_adaptive_phase_change_run04,adaptive,phase_change,1778259533.5949588,/big.txt,19922944,131072,sequential,1.0000,0.0000,0,1,20054016,4096,1
364,364_adaptive_phase_change_run04,adaptive,phase_change,1778259533.5951638,/big.txt,20054016,131072,sequential,1.0000,0.0000,0,1,20185088,4096,1
364,364_adaptive_phase_change_run04,adaptive,phase_change,1778259533.595372,/big.txt,20185088,131072,sequential,1.0000,0.0000,0,1,20316160,4096,1
364,364_adaptive_phase_change_run04,adaptive,phase_change,1778259533.5955696,/big.txt,20316160,131072,sequential,1.0000,0.0000,0,1,20447232,4096,1
364,364_adaptive_phase_change_run04,adaptive,phase_change,1778259533.5957704,/big.txt,20447232,131072,sequential,1.0000,0.0000,0,1,20578304,4096,1
364,364_adaptive_phase_change_run04,adaptive,phase_change,1778259533.5959682,/big.txt,20578304,131072,sequential,1.0000,0.0000,0,1,20709376,4096,1
364,364_adaptive_phase_change_run04,adaptive,phase_change,1778259533.5961654,/big.txt,20709376,131072,sequential,1.0000,0.0000,0,1,20840448,4096,1
364,364_adaptive_phase_change_run04,adaptive,phase_change,1778259533.5963628,/big.txt,20840448,131072,sequential,1.0000,0.0000,0,1,20971520,4096,1
364,364_adaptive_phase_change_run04,adaptive,phase_change,1778259533.596562,/big.txt,20971520,131072,sequential,1.0000,0.0000,0,1,21102592,4096,1
364,364_adaptive_phase_change_run04,adaptive,phase_change,1778259533.5967367,/big.txt,21102592,131072,sequential,1.0000,0.0000,0,1,21233664,4096,1
364,364_adaptive_phase_change_run04,adaptive,phase_change,1778259533.5969112,/big.txt,21233664,131072,sequential,1.0000,0.0000,0,1,21364736,4096,1
364,364_adaptive_phase_change_run04,adaptive,phase_change,1778259533.5970862,/big.txt,21364736,131072,sequential,1.0000,0.0000,0,1,21495808,4096,1
364,364_adaptive_phase_change_run04,adaptive,phase_change,1778259533.5972595,/big.txt,21495808,131072,sequential,1.0000,0.0000,0,1,21626880,4096,1
364,364_adaptive_phase_change_run04,adaptive,phase_change,1778259533.5974565,/big.txt,21626880,131072,sequential,1.0000,0.0000,0,1,21757952,4096,1
364,364_adaptive_phase_change_run04,adaptive,phase_change,1778259533.5976532,/big.txt,21757952,131072,sequential,1.0000,0.0000,0,1,21889024,4096,1
364,364_adaptive_phase_change_run04,adaptive,phase_change,1778259533.597859,/big.txt,21889024,131072,sequential,1.0000,0.0000,0,1,22020096,4096,1
364,364_adaptive_phase_change_run04,adaptive,phase_change,1778259533.5980582,/big.txt,22020096,131072,sequential,1.0000,0.0000,0,1,22151168,4096,1
364,364_adaptive_phase_change_run04,adaptive,phase_change,1778259533.5982552,/big.txt,22151168,131072,sequential,1.0000,0.0000,0,1,22282240,4096,1
364,364_adaptive_phase_change_run04,adaptive,phase_change,1778259533.5984602,/big.txt,22282240,131072,sequential,1.0000,0.0000,0,1,22413312,4096,1
364,364_adaptive_phase_change_run04,adaptive,phase_change,1778259533.5986392,/big.txt,22413312,131072,sequential,1.0000,0.0000,0,1,22544384,4096,1
364,364_adaptive_phase_change_run04,adaptive,phase_change,1778259533.5988405,/big.txt,22544384,131072,sequential,1.0000,0.0000,0,1,22675456,4096,1
364,364_adaptive_phase_change_run04,adaptive,phase_change,1778259533.5990474,/big.txt,22675456,131072,sequential,1.0000,0.0000,0,1,22806528,4096,1
364,364_adaptive_phase_change_run04,adaptive,phase_change,1778259533.5992472,/big.txt,22806528,131072,sequential,1.0000,0.0000,0,1,22937600,4096,1
364,364_adaptive_phase_change_run04,adaptive,phase_change,1778259533.5994349,/big.txt,22937600,131072,sequential,1.0000,0.0000,0,1,23068672,4096,1
364,364_adaptive_phase_change_run04,adaptive,phase_change,1778259533.5996108,/big.txt,23068672,131072,sequential,1.0000,0.0000,0,1,23199744,4096,1
364,364_adaptive_phase_change_run04,adaptive,phase_change,1778259533.599779,/big.txt,23199744,131072,sequential,1.0000,0.0000,0,1,23330816,4096,1
364,364_adaptive_phase_change_run04,adaptive,phase_change,1778259533.5999455,/big.txt,23330816,131072,sequential,1.0000,0.0000,0,1,23461888,4096,1
364,364_adaptive_phase_change_run04,adaptive,phase_change,1778259533.6000907,/big.txt,23461888,131072,sequential,1.0000,0.0000,0,1,23592960,4096,1
364,364_adaptive_phase_change_run04,adaptive,phase_change,1778259533.600236,/big.txt,23592960,131072,sequential,1.0000,0.0000,0,1,23724032,4096,1
364,364_adaptive_phase_change_run04,adaptive,phase_change,1778259533.6003797,/big.txt,23724032,131072,sequential,1.0000,0.0000,0,1,23855104,4096,1
364,364_adaptive_phase_change_run04,adaptive,phase_change,1778259533.6005242,/big.txt,23855104,131072,sequential,1.0000,0.0000,0,1,23986176,4096,1
364,364_adaptive_phase_change_run04,adaptive,phase_change,1778259533.6006918,/big.txt,23986176,131072,sequential,1.0000,0.0000,0,1,24117248,4096,1
364,364_adaptive_phase_change_run04,adaptive,phase_change,1778259533.60086,/big.txt,24117248,131072,sequential,1.0000,0.0000,0,1,24248320,4096,1
364,364_adaptive_phase_change_run04,adaptive,phase_change,1778259533.6010268,/big.txt,24248320,131072,sequential,1.0000,0.0000,0,1,24379392,4096,1
364,364_adaptive_phase_change_run04,adaptive,phase_change,1778259533.6011958,/big.txt,24379392,131072,sequential,1.0000,0.0000,0,1,24510464,4096,1
364,364_adaptive_phase_change_run04,adaptive,phase_change,1778259533.6013641,/big.txt,24510464,131072,sequential,1.0000,0.0000,0,1,24641536,4096,1
364,364_adaptive_phase_change_run04,adaptive,phase_change,1778259533.60151,/big.txt,24641536,131072,sequential,1.0000,0.0000,0,1,24772608,4096,1
364,364_adaptive_phase_change_run04,adaptive,phase_change,1778259533.6016555,/big.txt,24772608,131072,sequential,1.0000,0.0000,0,1,24903680,4096,1
364,364_adaptive_phase_change_run04,adaptive,phase_change,1778259533.6018,/big.txt,24903680,131072,sequential,1.0000,0.0000,0,1,25034752,4096,1
364,364_adaptive_phase_change_run04,adaptive,phase_change,1778259533.6019435,/big.txt,25034752,131072,sequential,1.0000,0.0000,0,1,25165824,4096,1
364,364_adaptive_phase_change_run04,adaptive,phase_change,1778259533.6021104,/big.txt,25165824,131072,sequential,1.0000,0.0000,0,1,25296896,4096,1
364,364_adaptive_phase_change_run04,adaptive,phase_change,1778259533.6022851,/big.txt,25296896,131072,sequential,1.0000,0.0000,0,1,25427968,4096,1
364,364_adaptive_phase_change_run04,adaptive,phase_change,1778259533.602452,/big.txt,25427968,131072,sequential,1.0000,0.0000,0,1,25559040,4096,1
364,364_adaptive_phase_change_run04,adaptive,phase_change,1778259533.6026268,/big.txt,25559040,131072,sequential,1.0000,0.0000,0,1,25690112,4096,1
364,364_adaptive_phase_change_run04,adaptive,phase_change,1778259533.6028092,/big.txt,25690112,131072,sequential,1.0000,0.0000,0,1,25821184,4096,1
364,364_adaptive_phase_change_run04,adaptive,phase_change,1778259533.602959,/big.txt,25821184,131072,sequential,1.0000,0.0000,0,1,25952256,4096,1
364,364_adaptive_phase_change_run04,adaptive,phase_change,1778259533.6031032,/big.txt,25952256,131072,sequential,1.0000,0.0000,0,1,26083328,4096,1
364,364_adaptive_phase_change_run04,adaptive,phase_change,1778259533.603253,/big.txt,26083328,131072,sequential,1.0000,0.0000,0,1,26214400,4096,1
364,364_adaptive_phase_change_run04,adaptive,phase_change,1778259533.6033998,/big.txt,26214400,131072,sequential,1.0000,0.0000,0,1,26345472,4096,1
364,364_adaptive_phase_change_run04,adaptive,phase_change,1778259533.6035798,/big.txt,26345472,131072,sequential,1.0000,0.0000,0,1,26476544,4096,1
364,364_adaptive_phase_change_run04,adaptive,phase_change,1778259533.6037505,/big.txt,26476544,131072,sequential,1.0000,0.0000,0,1,26607616,4096,1
364,364_adaptive_phase_change_run04,adaptive,phase_change,1778259533.6039238,/big.txt,26607616,131072,sequential,1.0000,0.0000,0,1,26738688,4096,1
364,364_adaptive_phase_change_run04,adaptive,phase_change,1778259533.6040952,/big.txt,26738688,131072,sequential,1.0000,0.0000,0,1,26869760,4096,1
364,364_adaptive_phase_change_run04,adaptive,phase_change,1778259533.6042402,/big.txt,26869760,131072,sequential,1.0000,0.0000,0,1,27000832,4096,1
364,364_adaptive_phase_change_run04,adaptive,phase_change,1778259533.6043804,/big.txt,27000832,131072,sequential,1.0000,0.0000,0,1,27131904,4096,1
364,364_adaptive_phase_change_run04,adaptive,phase_change,1778259533.604528,/big.txt,27131904,131072,sequential,1.0000,0.0000,0,1,27262976,4096,1
364,364_adaptive_phase_change_run04,adaptive,phase_change,1778259533.6046548,/big.txt,27262976,131072,sequential,1.0000,0.0000,0,1,27394048,4096,1
364,364_adaptive_phase_change_run04,adaptive,phase_change,1778259533.6047802,/big.txt,27394048,131072,sequential,1.0000,0.0000,0,1,27525120,4096,1
364,364_adaptive_phase_change_run04,adaptive,phase_change,1778259533.604904,/big.txt,27525120,131072,sequential,1.0000,0.0000,0,1,27656192,4096,1
364,364_adaptive_phase_change_run04,adaptive,phase_change,1778259533.6050289,/big.txt,27656192,131072,sequential,1.0000,0.0000,0,1,27787264,4096,1
364,364_adaptive_phase_change_run04,adaptive,phase_change,1778259533.605174,/big.txt,27787264,131072,sequential,1.0000,0.0000,0,1,27918336,4096,1
364,364_adaptive_phase_change_run04,adaptive,phase_change,1778259533.605297,/big.txt,27918336,131072,sequential,1.0000,0.0000,0,1,28049408,4096,1
364,364_adaptive_phase_change_run04,adaptive,phase_change,1778259533.6054204,/big.txt,28049408,131072,sequential,1.0000,0.0000,0,1,28180480,4096,1
364,364_adaptive_phase_change_run04,adaptive,phase_change,1778259533.6055446,/big.txt,28180480,131072,sequential,1.0000,0.0000,0,1,28311552,4096,1
364,364_adaptive_phase_change_run04,adaptive,phase_change,1778259533.6056898,/big.txt,28311552,131072,sequential,1.0000,0.0000,0,1,28442624,4096,1
364,364_adaptive_phase_change_run04,adaptive,phase_change,1778259533.605814,/big.txt,28442624,131072,sequential,1.0000,0.0000,0,1,28573696,4096,1
364,364_adaptive_phase_change_run04,adaptive,phase_change,1778259533.605938,/big.txt,28573696,131072,sequential,1.0000,0.0000,0,1,28704768,4096,1
364,364_adaptive_phase_change_run04,adaptive,phase_change,1778259533.606062,/big.txt,28704768,131072,sequential,1.0000,0.0000,0,1,28835840,4096,1
364,364_adaptive_phase_change_run04,adaptive,phase_change,1778259533.606186,/big.txt,28835840,131072,sequential,1.0000,0.0000,0,1,28966912,4096,1
364,364_adaptive_phase_change_run04,adaptive,phase_change,1778259533.606336,/big.txt,28966912,131072,sequential,1.0000,0.0000,0,1,29097984,4096,1
364,364_adaptive_phase_change_run04,adaptive,phase_change,1778259533.6064606,/big.txt,29097984,131072,sequential,1.0000,0.0000,0,1,29229056,4096,1
364,364_adaptive_phase_change_run04,adaptive,phase_change,1778259533.606591,/big.txt,29229056,131072,sequential,1.0000,0.0000,0,1,29360128,4096,1
364,364_adaptive_phase_change_run04,adaptive,phase_change,1778259533.606716,/big.txt,29360128,131072,sequential,1.0000,0.0000,0,1,29491200,4096,1
364,364_adaptive_phase_change_run04,adaptive,phase_change,1778259533.6068554,/big.txt,29491200,131072,sequential,1.0000,0.0000,0,1,29622272,4096,1
364,364_adaptive_phase_change_run04,adaptive,phase_change,1778259533.6070046,/big.txt,29622272,131072,sequential,1.0000,0.0000,0,1,29753344,4096,1
364,364_adaptive_phase_change_run04,adaptive,phase_change,1778259533.6071522,/big.txt,29753344,131072,sequential,1.0000,0.0000,0,1,29884416,4096,1
364,364_adaptive_phase_change_run04,adaptive,phase_change,1778259533.6073024,/big.txt,29884416,131072,sequential,1.0000,0.0000,0,1,30015488,4096,1
364,364_adaptive_phase_change_run04,adaptive,phase_change,1778259533.6074483,/big.txt,30015488,131072,sequential,1.0000,0.0000,0,1,30146560,4096,1
364,364_adaptive_phase_change_run04,adaptive,phase_change,1778259533.6075947,/big.txt,30146560,131072,sequential,1.0000,0.0000,0,1,30277632,4096,1
364,364_adaptive_phase_change_run04,adaptive,phase_change,1778259533.6077514,/big.txt,30277632,131072,sequential,1.0000,0.0000,0,1,30408704,4096,1
364,364_adaptive_phase_change_run04,adaptive,phase_change,1778259533.6078763,/big.txt,30408704,131072,sequential,1.0000,0.0000,0,1,30539776,4096,1
364,364_adaptive_phase_change_run04,adaptive,phase_change,1778259533.6080048,/big.txt,30539776,131072,sequential,1.0000,0.0000,0,1,30670848,4096,1
364,364_adaptive_phase_change_run04,adaptive,phase_change,1778259533.6081305,/big.txt,30670848,131072,sequential,1.0000,0.0000,0,1,30801920,4096,1
364,364_adaptive_phase_change_run04,adaptive,phase_change,1778259533.608259,/big.txt,30801920,131072,sequential,1.0000,0.0000,0,1,30932992,4096,1
364,364_adaptive_phase_change_run04,adaptive,phase_change,1778259533.6083834,/big.txt,30932992,131072,sequential,1.0000,0.0000,0,1,31064064,4096,1
364,364_adaptive_phase_change_run04,adaptive,phase_change,1778259533.6085086,/big.txt,31064064,131072,sequential,1.0000,0.0000,0,1,31195136,4096,1
364,364_adaptive_phase_change_run04,adaptive,phase_change,1778259533.6086338,/big.txt,31195136,131072,sequential,1.0000,0.0000,0,1,31326208,4096,1
364,364_adaptive_phase_change_run04,adaptive,phase_change,1778259533.6087794,/big.txt,31326208,131072,sequential,1.0000,0.0000,0,1,31457280,4096,1
364,364_adaptive_phase_change_run04,adaptive,phase_change,1778259533.6089294,/big.txt,31457280,131072,sequential,1.0000,0.0000,0,1,31588352,4096,1
364,364_adaptive_phase_change_run04,adaptive,phase_change,1778259533.6090543,/big.txt,31588352,131072,sequential,1.0000,0.0000,0,1,31719424,4096,1
364,364_adaptive_phase_change_run04,adaptive,phase_change,1778259533.6091797,/big.txt,31719424,131072,sequential,1.0000,0.0000,0,1,31850496,4096,1
364,364_adaptive_phase_change_run04,adaptive,phase_change,1778259533.6093132,/big.txt,31850496,131072,sequential,1.0000,0.0000,0,1,31981568,4096,1
364,364_adaptive_phase_change_run04,adaptive,phase_change,1778259533.609423,/big.txt,31981568,131072,sequential,1.0000,0.0000,0,1,32112640,4096,1
364,364_adaptive_phase_change_run04,adaptive,phase_change,1778259533.609536,/big.txt,32112640,131072,sequential,1.0000,0.0000,0,1,32243712,4096,1
364,364_adaptive_phase_change_run04,adaptive,phase_change,1778259533.6096466,/big.txt,32243712,131072,sequential,1.0000,0.0000,0,1,32374784,4096,1
364,364_adaptive_phase_change_run04,adaptive,phase_change,1778259533.609756,/big.txt,32374784,131072,sequential,1.0000,0.0000,0,1,32505856,4096,1
364,364_adaptive_phase_change_run04,adaptive,phase_change,1778259533.6098654,/big.txt,32505856,131072,sequential,1.0000,0.0000,0,1,32636928,4096,1
364,364_adaptive_phase_change_run04,adaptive,phase_change,1778259533.6099958,/big.txt,32636928,131072,sequential,1.0000,0.0000,0,1,32768000,4096,1
364,364_adaptive_phase_change_run04,adaptive,phase_change,1778259533.6101105,/big.txt,32768000,131072,sequential,1.0000,0.0000,0,1,32899072,4096,1
364,364_adaptive_phase_change_run04,adaptive,phase_change,1778259533.610219,/big.txt,32899072,131072,sequential,1.0000,0.0000,0,1,33030144,4096,1
364,364_adaptive_phase_change_run04,adaptive,phase_change,1778259533.6103294,/big.txt,33030144,131072,sequential,1.0000,0.0000,0,1,33161216,4096,1
364,364_adaptive_phase_change_run04,adaptive,phase_change,1778259533.6104383,/big.txt,33161216,131072,sequential,1.0000,0.0000,0,1,33292288,4096,1
364,364_adaptive_phase_change_run04,adaptive,phase_change,1778259533.6105468,/big.txt,33292288,131072,sequential,1.0000,0.0000,0,1,33423360,4096,1
364,364_adaptive_phase_change_run04,adaptive,phase_change,1778259533.6106555,/big.txt,33423360,131072,sequential,1.0000,0.0000,0,1,33554432,4096,1
364,364_adaptive_phase_change_run04,adaptive,phase_change,1778259533.610766,/big.txt,33554432,131072,sequential,1.0000,0.0000,0,1,33685504,4096,1
364,364_adaptive_phase_change_run04,adaptive,phase_change,1778259533.6108902,/big.txt,33685504,131072,sequential,1.0000,0.0000,0,1,33816576,4096,1
364,364_adaptive_phase_change_run04,adaptive,phase_change,1778259533.611019,/big.txt,33816576,131072,sequential,1.0000,0.0000,0,1,33947648,4096,1
364,364_adaptive_phase_change_run04,adaptive,phase_change,1778259533.6111512,/big.txt,33947648,131072,sequential,1.0000,0.0000,0,1,34078720,4096,1
364,364_adaptive_phase_change_run04,adaptive,phase_change,1778259533.6112819,/big.txt,34078720,131072,sequential,1.0000,0.0000,0,1,34209792,4096,1
364,364_adaptive_phase_change_run04,adaptive,phase_change,1778259533.6114132,/big.txt,34209792,131072,sequential,1.0000,0.0000,0,1,34340864,4096,1
364,364_adaptive_phase_change_run04,adaptive,phase_change,1778259533.611523,/big.txt,34340864,131072,sequential,1.0000,0.0000,0,1,34471936,4096,1
364,364_adaptive_phase_change_run04,adaptive,phase_change,1778259533.6116319,/big.txt,34471936,131072,sequential,1.0000,0.0000,0,1,34603008,4096,1
364,364_adaptive_phase_change_run04,adaptive,phase_change,1778259533.6117406,/big.txt,34603008,131072,sequential,1.0000,0.0000,0,1,34734080,4096,1
364,364_adaptive_phase_change_run04,adaptive,phase_change,1778259533.6118503,/big.txt,34734080,131072,sequential,1.0000,0.0000,0,1,34865152,4096,1
364,364_adaptive_phase_change_run04,adaptive,phase_change,1778259533.6119592,/big.txt,34865152,131072,sequential,1.0000,0.0000,0,1,34996224,4096,1
364,364_adaptive_phase_change_run04,adaptive,phase_change,1778259533.6120725,/big.txt,34996224,131072,sequential,1.0000,0.0000,0,1,35127296,4096,1
364,364_adaptive_phase_change_run04,adaptive,phase_change,1778259533.612185,/big.txt,35127296,131072,sequential,1.0000,0.0000,0,1,35258368,4096,1
364,364_adaptive_phase_change_run04,adaptive,phase_change,1778259533.6122997,/big.txt,35258368,131072,sequential,1.0000,0.0000,0,1,35389440,4096,1
364,364_adaptive_phase_change_run04,adaptive,phase_change,1778259533.612407,/big.txt,35389440,131072,sequential,1.0000,0.0000,0,1,35520512,4096,1
364,364_adaptive_phase_change_run04,adaptive,phase_change,1778259533.6125133,/big.txt,35520512,131072,sequential,1.0000,0.0000,0,1,35651584,4096,1
364,364_adaptive_phase_change_run04,adaptive,phase_change,1778259533.6126242,/big.txt,35651584,131072,sequential,1.0000,0.0000,0,1,35782656,4096,1
364,364_adaptive_phase_change_run04,adaptive,phase_change,1778259533.6127315,/big.txt,35782656,131072,sequential,1.0000,0.0000,0,1,35913728,4096,1
364,364_adaptive_phase_change_run04,adaptive,phase_change,1778259533.6128378,/big.txt,35913728,131072,sequential,1.0000,0.0000,0,1,36044800,4096,1
364,364_adaptive_phase_change_run04,adaptive,phase_change,1778259533.612943,/big.txt,36044800,131072,sequential,1.0000,0.0000,0,1,36175872,4096,1
364,364_adaptive_phase_change_run04,adaptive,phase_change,1778259533.6130495,/big.txt,36175872,131072,sequential,1.0000,0.0000,0,1,36306944,4096,1
364,364_adaptive_phase_change_run04,adaptive,phase_change,1778259533.6131551,/big.txt,36306944,131072,sequential,1.0000,0.0000,0,1,36438016,4096,1
364,364_adaptive_phase_change_run04,adaptive,phase_change,1778259533.6132681,/big.txt,36438016,131072,sequential,1.0000,0.0000,0,1,36569088,4096,1
364,364_adaptive_phase_change_run04,adaptive,phase_change,1778259533.6133738,/big.txt,36569088,131072,sequential,1.0000,0.0000,0,1,36700160,4096,1
364,364_adaptive_phase_change_run04,adaptive,phase_change,1778259533.613479,/big.txt,36700160,131072,sequential,1.0000,0.0000,0,1,36831232,4096,1
364,364_adaptive_phase_change_run04,adaptive,phase_change,1778259533.613584,/big.txt,36831232,131072,sequential,1.0000,0.0000,0,1,36962304,4096,1
364,364_adaptive_phase_change_run04,adaptive,phase_change,1778259533.6136897,/big.txt,36962304,131072,sequential,1.0000,0.0000,0,1,37093376,4096,1
364,364_adaptive_phase_change_run04,adaptive,phase_change,1778259533.6137948,/big.txt,37093376,131072,sequential,1.0000,0.0000,0,1,37224448,4096,1
364,364_adaptive_phase_change_run04,adaptive,phase_change,1778259533.6139007,/big.txt,37224448,131072,sequential,1.0000,0.0000,0,1,37355520,4096,1
364,364_adaptive_phase_change_run04,adaptive,phase_change,1778259533.6140053,/big.txt,37355520,131072,sequential,1.0000,0.0000,0,1,37486592,4096,1
364,364_adaptive_phase_change_run04,adaptive,phase_change,1778259533.61411,/big.txt,37486592,131072,sequential,1.0000,0.0000,0,1,37617664,4096,1
364,364_adaptive_phase_change_run04,adaptive,phase_change,1778259533.6142151,/big.txt,37617664,131072,sequential,1.0000,0.0000,0,1,37748736,4096,1
364,364_adaptive_phase_change_run04,adaptive,phase_change,1778259533.614323,/big.txt,37748736,131072,sequential,1.0000,0.0000,0,1,37879808,4096,1
364,364_adaptive_phase_change_run04,adaptive,phase_change,1778259533.614418,/big.txt,37879808,131072,sequential,1.0000,0.0000,0,1,38010880,4096,1
364,364_adaptive_phase_change_run04,adaptive,phase_change,1778259533.6145127,/big.txt,38010880,131072,sequential,1.0000,0.0000,0,1,38141952,4096,1
364,364_adaptive_phase_change_run04,adaptive,phase_change,1778259533.6146111,/big.txt,38141952,131072,sequential,1.0000,0.0000,0,1,38273024,4096,1
364,364_adaptive_phase_change_run04,adaptive,phase_change,1778259533.6147072,/big.txt,38273024,131072,sequential,1.0000,0.0000,0,1,38404096,4096,1
364,364_adaptive_phase_change_run04,adaptive,phase_change,1778259533.6148138,/big.txt,38404096,131072,sequential,1.0000,0.0000,0,1,38535168,4096,1
364,364_adaptive_phase_change_run04,adaptive,phase_change,1778259533.6149116,/big.txt,38535168,131072,sequential,1.0000,0.0000,0,1,38666240,4096,1
364,364_adaptive_phase_change_run04,adaptive,phase_change,1778259533.615006,/big.txt,38666240,131072,sequential,1.0000,0.0000,0,1,38797312,4096,1
364,364_adaptive_phase_change_run04,adaptive,phase_change,1778259533.6151006,/big.txt,38797312,131072,sequential,1.0000,0.0000,0,1,38928384,4096,1
364,364_adaptive_phase_change_run04,adaptive,phase_change,1778259533.6151953,/big.txt,38928384,131072,sequential,1.0000,0.0000,0,1,39059456,4096,1
364,364_adaptive_phase_change_run04,adaptive,phase_change,1778259533.6152902,/big.txt,39059456,131072,sequential,1.0000,0.0000,0,1,39190528,4096,1
364,364_adaptive_phase_change_run04,adaptive,phase_change,1778259533.6153886,/big.txt,39190528,131072,sequential,1.0000,0.0000,0,1,39321600,4096,1
364,364_adaptive_phase_change_run04,adaptive,phase_change,1778259533.6154833,/big.txt,39321600,131072,sequential,1.0000,0.0000,0,1,39452672,4096,1
364,364_adaptive_phase_change_run04,adaptive,phase_change,1778259533.6155784,/big.txt,39452672,131072,sequential,1.0000,0.0000,0,1,39583744,4096,1
364,364_adaptive_phase_change_run04,adaptive,phase_change,1778259533.6156728,/big.txt,39583744,131072,sequential,1.0000,0.0000,0,1,39714816,4096,1
364,364_adaptive_phase_change_run04,adaptive,phase_change,1778259533.6157706,/big.txt,39714816,131072,sequential,1.0000,0.0000,0,1,39845888,4096,1
364,364_adaptive_phase_change_run04,adaptive,phase_change,1778259533.615866,/big.txt,39845888,131072,sequential,1.0000,0.0000,0,1,39976960,4096,1
364,364_adaptive_phase_change_run04,adaptive,phase_change,1778259533.615961,/big.txt,39976960,131072,sequential,1.0000,0.0000,0,1,40108032,4096,1
364,364_adaptive_phase_change_run04,adaptive,phase_change,1778259533.6160605,/big.txt,40108032,131072,sequential,1.0000,0.0000,0,1,40239104,4096,1
364,364_adaptive_phase_change_run04,adaptive,phase_change,1778259533.6161551,/big.txt,40239104,131072,sequential,1.0000,0.0000,0,1,40370176,4096,1
364,364_adaptive_phase_change_run04,adaptive,phase_change,1778259533.6162539,/big.txt,40370176,131072,sequential,1.0000,0.0000,0,1,40501248,4096,1
364,364_adaptive_phase_change_run04,adaptive,phase_change,1778259533.6163495,/big.txt,40501248,131072,sequential,1.0000,0.0000,0,1,40632320,4096,1
364,364_adaptive_phase_change_run04,adaptive,phase_change,1778259533.616444,/big.txt,40632320,131072,sequential,1.0000,0.0000,0,1,40763392,4096,1
364,364_adaptive_phase_change_run04,adaptive,phase_change,1778259533.6165378,/big.txt,40763392,131072,sequential,1.0000,0.0000,0,1,40894464,4096,1
364,364_adaptive_phase_change_run04,adaptive,phase_change,1778259533.616633,/big.txt,40894464,131072,sequential,1.0000,0.0000,0,1,41025536,4096,1
364,364_adaptive_phase_change_run04,adaptive,phase_change,1778259533.6167302,/big.txt,41025536,131072,sequential,1.0000,0.0000,0,1,41156608,4096,1
364,364_adaptive_phase_change_run04,adaptive,phase_change,1778259533.616825,/big.txt,41156608,131072,sequential,1.0000,0.0000,0,1,41287680,4096,1
364,364_adaptive_phase_change_run04,adaptive,phase_change,1778259533.6169538,/big.txt,41287680,131072,sequential,1.0000,0.0000,0,1,41418752,4096,1
364,364_adaptive_phase_change_run04,adaptive,phase_change,1778259533.6170845,/big.txt,41418752,131072,sequential,1.0000,0.0000,0,1,41549824,4096,1
364,364_adaptive_phase_change_run04,adaptive,phase_change,1778259533.6172154,/big.txt,41549824,131072,sequential,1.0000,0.0000,0,1,41680896,4096,1
364,364_adaptive_phase_change_run04,adaptive,phase_change,1778259533.6173468,/big.txt,41680896,131072,sequential,1.0000,0.0000,0,1,41811968,4096,1
364,364_adaptive_phase_change_run04,adaptive,phase_change,1778259533.6174788,/big.txt,41811968,131072,sequential,1.0000,0.0000,0,1,41943040,4096,1
364,364_adaptive_phase_change_run04,adaptive,phase_change,1778259533.6175778,/big.txt,41943040,131072,sequential,1.0000,0.0000,0,1,42074112,4096,1
364,364_adaptive_phase_change_run04,adaptive,phase_change,1778259533.6176748,/big.txt,42074112,131072,sequential,1.0000,0.0000,0,1,42205184,4096,1
364,364_adaptive_phase_change_run04,adaptive,phase_change,1778259533.6177719,/big.txt,42205184,131072,sequential,1.0000,0.0000,0,1,42336256,4096,1
364,364_adaptive_phase_change_run04,adaptive,phase_change,1778259533.6178694,/big.txt,42336256,131072,sequential,1.0000,0.0000,0,1,42467328,4096,1
364,364_adaptive_phase_change_run04,adaptive,phase_change,1778259533.6179664,/big.txt,42467328,131072,sequential,1.0000,0.0000,0,1,42598400,4096,1
364,364_adaptive_phase_change_run04,adaptive,phase_change,1778259533.618065,/big.txt,42598400,131072,sequential,1.0000,0.0000,0,1,42729472,4096,1
364,364_adaptive_phase_change_run04,adaptive,phase_change,1778259533.6181624,/big.txt,42729472,131072,sequential,1.0000,0.0000,0,1,42860544,4096,1
364,364_adaptive_phase_change_run04,adaptive,phase_change,1778259533.6182601,/big.txt,42860544,131072,sequential,1.0000,0.0000,0,1,42991616,4096,1
364,364_adaptive_phase_change_run04,adaptive,phase_change,1778259533.6183558,/big.txt,42991616,131072,sequential,1.0000,0.0000,0,1,43122688,4096,1
364,364_adaptive_phase_change_run04,adaptive,phase_change,1778259533.6184514,/big.txt,43122688,131072,sequential,1.0000,0.0000,0,1,43253760,4096,1
364,364_adaptive_phase_change_run04,adaptive,phase_change,1778259533.618548,/big.txt,43253760,131072,sequential,1.0000,0.0000,0,1,43384832,4096,1
364,364_adaptive_phase_change_run04,adaptive,phase_change,1778259533.6186488,/big.txt,43384832,131072,sequential,1.0000,0.0000,0,1,43515904,4096,1
364,364_adaptive_phase_change_run04,adaptive,phase_change,1778259533.6187446,/big.txt,43515904,131072,sequential,1.0000,0.0000,0,1,43646976,4096,1
364,364_adaptive_phase_change_run04,adaptive,phase_change,1778259533.618859,/big.txt,43646976,131072,sequential,1.0000,0.0000,0,1,43778048,4096,1
364,364_adaptive_phase_change_run04,adaptive,phase_change,1778259533.6189911,/big.txt,43778048,131072,sequential,1.0000,0.0000,0,1,43909120,4096,1
364,364_adaptive_phase_change_run04,adaptive,phase_change,1778259533.6191273,/big.txt,43909120,131072,sequential,1.0000,0.0000,0,1,44040192,4096,1
364,364_adaptive_phase_change_run04,adaptive,phase_change,1778259533.6192715,/big.txt,44040192,131072,sequential,1.0000,0.0000,0,1,44171264,4096,1
364,364_adaptive_phase_change_run04,adaptive,phase_change,1778259533.619398,/big.txt,44171264,131072,sequential,1.0000,0.0000,0,1,44302336,4096,1
364,364_adaptive_phase_change_run04,adaptive,phase_change,1778259533.6195207,/big.txt,44302336,131072,sequential,1.0000,0.0000,0,1,44433408,4096,1
364,364_adaptive_phase_change_run04,adaptive,phase_change,1778259533.6196108,/big.txt,44433408,131072,sequential,1.0000,0.0000,0,1,44564480,4096,1
364,364_adaptive_phase_change_run04,adaptive,phase_change,1778259533.6196997,/big.txt,44564480,131072,sequential,1.0000,0.0000,0,1,44695552,4096,1
364,364_adaptive_phase_change_run04,adaptive,phase_change,1778259533.6197886,/big.txt,44695552,131072,sequential,1.0000,0.0000,0,1,44826624,4096,1
364,364_adaptive_phase_change_run04,adaptive,phase_change,1778259533.6198769,/big.txt,44826624,131072,sequential,1.0000,0.0000,0,1,44957696,4096,1
364,364_adaptive_phase_change_run04,adaptive,phase_change,1778259533.619965,/big.txt,44957696,131072,sequential,1.0000,0.0000,0,1,45088768,4096,1
364,364_adaptive_phase_change_run04,adaptive,phase_change,1778259533.6200542,/big.txt,45088768,131072,sequential,1.0000,0.0000,0,1,45219840,4096,1
364,364_adaptive_phase_change_run04,adaptive,phase_change,1778259533.6201441,/big.txt,45219840,131072,sequential,1.0000,0.0000,0,1,45350912,4096,1
364,364_adaptive_phase_change_run04,adaptive,phase_change,1778259533.6202374,/big.txt,45350912,131072,sequential,1.0000,0.0000,0,1,45481984,4096,1
364,364_adaptive_phase_change_run04,adaptive,phase_change,1778259533.6203253,/big.txt,45481984,131072,sequential,1.0000,0.0000,0,1,45613056,4096,1
364,364_adaptive_phase_change_run04,adaptive,phase_change,1778259533.6204126,/big.txt,45613056,131072,sequential,1.0000,0.0000,0,1,45744128,4096,1
364,364_adaptive_phase_change_run04,adaptive,phase_change,1778259533.6205003,/big.txt,45744128,131072,sequential,1.0000,0.0000,0,1,45875200,4096,1
364,364_adaptive_phase_change_run04,adaptive,phase_change,1778259533.6205876,/big.txt,45875200,131072,sequential,1.0000,0.0000,0,1,46006272,4096,1
364,364_adaptive_phase_change_run04,adaptive,phase_change,1778259533.620675,/big.txt,46006272,131072,sequential,1.0000,0.0000,0,1,46137344,4096,1
364,364_adaptive_phase_change_run04,adaptive,phase_change,1778259533.620763,/big.txt,46137344,131072,sequential,1.0000,0.0000,0,1,46268416,4096,1
364,364_adaptive_phase_change_run04,adaptive,phase_change,1778259533.620854,/big.txt,46268416,131072,sequential,1.0000,0.0000,0,1,46399488,4096,1
364,364_adaptive_phase_change_run04,adaptive,phase_change,1778259533.620943,/big.txt,46399488,131072,sequential,1.0000,0.0000,0,1,46530560,4096,1
364,364_adaptive_phase_change_run04,adaptive,phase_change,1778259533.62103,/big.txt,46530560,131072,sequential,1.0000,0.0000,0,1,46661632,4096,1
364,364_adaptive_phase_change_run04,adaptive,phase_change,1778259533.6211169,/big.txt,46661632,131072,sequential,1.0000,0.0000,0,1,46792704,4096,1
364,364_adaptive_phase_change_run04,adaptive,phase_change,1778259533.621205,/big.txt,46792704,131072,sequential,1.0000,0.0000,0,1,46923776,4096,1
364,364_adaptive_phase_change_run04,adaptive,phase_change,1778259533.6212916,/big.txt,46923776,131072,sequential,1.0000,0.0000,0,1,47054848,4096,1
364,364_adaptive_phase_change_run04,adaptive,phase_change,1778259533.6213787,/big.txt,47054848,131072,sequential,1.0000,0.0000,0,1,47185920,4096,1
364,364_adaptive_phase_change_run04,adaptive,phase_change,1778259533.6214688,/big.txt,47185920,131072,sequential,1.0000,0.0000,0,1,47316992,4096,1
364,364_adaptive_phase_change_run04,adaptive,phase_change,1778259533.621561,/big.txt,47316992,131072,sequential,1.0000,0.0000,0,1,47448064,4096,1
364,364_adaptive_phase_change_run04,adaptive,phase_change,1778259533.621652,/big.txt,47448064,131072,sequential,1.0000,0.0000,0,1,47579136,4096,1
364,364_adaptive_phase_change_run04,adaptive,phase_change,1778259533.62174,/big.txt,47579136,131072,sequential,1.0000,0.0000,0,1,47710208,4096,1
364,364_adaptive_phase_change_run04,adaptive,phase_change,1778259533.6218264,/big.txt,47710208,131072,sequential,1.0000,0.0000,0,1,47841280,4096,1
364,364_adaptive_phase_change_run04,adaptive,phase_change,1778259533.621912,/big.txt,47841280,131072,sequential,1.0000,0.0000,0,1,47972352,4096,1
364,364_adaptive_phase_change_run04,adaptive,phase_change,1778259533.621999,/big.txt,47972352,131072,sequential,1.0000,0.0000,0,1,48103424,4096,1
364,364_adaptive_phase_change_run04,adaptive,phase_change,1778259533.6220872,/big.txt,48103424,131072,sequential,1.0000,0.0000,0,1,48234496,4096,1
364,364_adaptive_phase_change_run04,adaptive,phase_change,1778259533.622174,/big.txt,48234496,131072,sequential,1.0000,0.0000,0,1,48365568,4096,1
364,364_adaptive_phase_change_run04,adaptive,phase_change,1778259533.6222608,/big.txt,48365568,131072,sequential,1.0000,0.0000,0,1,48496640,4096,1
364,364_adaptive_phase_change_run04,adaptive,phase_change,1778259533.622347,/big.txt,48496640,131072,sequential,1.0000,0.0000,0,1,48627712,4096,1
364,364_adaptive_phase_change_run04,adaptive,phase_change,1778259533.622433,/big.txt,48627712,131072,sequential,1.0000,0.0000,0,1,48758784,4096,1
364,364_adaptive_phase_change_run04,adaptive,phase_change,1778259533.622519,/big.txt,48758784,131072,sequential,1.0000,0.0000,0,1,48889856,4096,1
364,364_adaptive_phase_change_run04,adaptive,phase_change,1778259533.6226053,/big.txt,48889856,131072,sequential,1.0000,0.0000,0,1,49020928,4096,1
364,364_adaptive_phase_change_run04,adaptive,phase_change,1778259533.622692,/big.txt,49020928,131072,sequential,1.0000,0.0000,0,1,49152000,4096,1
364,364_adaptive_phase_change_run04,adaptive,phase_change,1778259533.6227882,/big.txt,49152000,131072,sequential,1.0000,0.0000,0,1,49283072,4096,1
364,364_adaptive_phase_change_run04,adaptive,phase_change,1778259533.622881,/big.txt,49283072,131072,sequential,1.0000,0.0000,0,1,49414144,4096,1
364,364_adaptive_phase_change_run04,adaptive,phase_change,1778259533.6229694,/big.txt,49414144,131072,sequential,1.0000,0.0000,0,1,49545216,4096,1
364,364_adaptive_phase_change_run04,adaptive,phase_change,1778259533.623057,/big.txt,49545216,131072,sequential,1.0000,0.0000,0,1,49676288,4096,1
364,364_adaptive_phase_change_run04,adaptive,phase_change,1778259533.6231449,/big.txt,49676288,131072,sequential,1.0000,0.0000,0,1,49807360,4096,1
364,364_adaptive_phase_change_run04,adaptive,phase_change,1778259533.6232316,/big.txt,49807360,131072,sequential,1.0000,0.0000,0,1,49938432,4096,1
364,364_adaptive_phase_change_run04,adaptive,phase_change,1778259533.6233187,/big.txt,49938432,131072,sequential,1.0000,0.0000,0,1,50069504,4096,1
364,364_adaptive_phase_change_run04,adaptive,phase_change,1778259533.623406,/big.txt,50069504,131072,sequential,1.0000,0.0000,0,1,50200576,4096,1
364,364_adaptive_phase_change_run04,adaptive,phase_change,1778259533.6234963,/big.txt,50200576,131072,sequential,1.0000,0.0000,0,1,50331648,4096,1
364,364_adaptive_phase_change_run04,adaptive,phase_change,1778259533.6235838,/big.txt,50331648,131072,sequential,1.0000,0.0000,0,1,50462720,4096,1
364,364_adaptive_phase_change_run04,adaptive,phase_change,1778259533.6236744,/big.txt,50462720,131072,sequential,1.0000,0.0000,0,1,50593792,4096,1
364,364_adaptive_phase_change_run04,adaptive,phase_change,1778259533.6237624,/big.txt,50593792,131072,sequential,1.0000,0.0000,0,1,50724864,4096,1
364,364_adaptive_phase_change_run04,adaptive,phase_change,1778259533.6238506,/big.txt,50724864,131072,sequential,1.0000,0.0000,0,1,50855936,4096,1
364,364_adaptive_phase_change_run04,adaptive,phase_change,1778259533.623938,/big.txt,50855936,131072,sequential,1.0000,0.0000,0,1,50987008,4096,1
364,364_adaptive_phase_change_run04,adaptive,phase_change,1778259533.6240292,/big.txt,50987008,131072,sequential,1.0000,0.0000,0,1,51118080,4096,1
364,364_adaptive_phase_change_run04,adaptive,phase_change,1778259533.6241164,/big.txt,51118080,131072,sequential,1.0000,0.0000,0,1,51249152,4096,1
364,364_adaptive_phase_change_run04,adaptive,phase_change,1778259533.6242034,/big.txt,51249152,131072,sequential,1.0000,0.0000,0,1,51380224,4096,1
364,364_adaptive_phase_change_run04,adaptive,phase_change,1778259533.6243026,/big.txt,51380224,131072,sequential,1.0000,0.0000,0,1,51511296,4096,1
364,364_adaptive_phase_change_run04,adaptive,phase_change,1778259533.6243873,/big.txt,51511296,131072,sequential,1.0000,0.0000,0,1,51642368,4096,1
364,364_adaptive_phase_change_run04,adaptive,phase_change,1778259533.624476,/big.txt,51642368,131072,sequential,1.0000,0.0000,0,1,51773440,4096,1
364,364_adaptive_phase_change_run04,adaptive,phase_change,1778259533.6245606,/big.txt,51773440,131072,sequential,1.0000,0.0000,0,1,51904512,4096,1
364,364_adaptive_phase_change_run04,adaptive,phase_change,1778259533.6246462,/big.txt,51904512,131072,sequential,1.0000,0.0000,0,1,52035584,4096,1
364,364_adaptive_phase_change_run04,adaptive,phase_change,1778259533.6247308,/big.txt,52035584,131072,sequential,1.0000,0.0000,0,1,52166656,4096,1
364,364_adaptive_phase_change_run04,adaptive,phase_change,1778259533.6248162,/big.txt,52166656,131072,sequential,1.0000,0.0000,0,1,52297728,4096,1
364,364_adaptive_phase_change_run04,adaptive,phase_change,1778259533.6249037,/big.txt,52297728,131072,sequential,1.0000,0.0000,0,1,52428800,4096,1
364,364_adaptive_phase_change_run04,adaptive,phase_change,1778259533.6249912,/big.txt,52428800,131072,sequential,1.0000,0.0000,0,1,52559872,4096,1
364,364_adaptive_phase_change_run04,adaptive,phase_change,1778259533.6250799,/big.txt,52559872,131072,sequential,1.0000,0.0000,0,1,52690944,4096,1
364,364_adaptive_phase_change_run04,adaptive,phase_change,1778259533.6251652,/big.txt,52690944,131072,sequential,1.0000,0.0000,0,1,52822016,4096,1
364,364_adaptive_phase_change_run04,adaptive,phase_change,1778259533.6252506,/big.txt,52822016,131072,sequential,1.0000,0.0000,0,1,52953088,4096,1
364,364_adaptive_phase_change_run04,adaptive,phase_change,1778259533.6253362,/big.txt,52953088,131072,sequential,1.0000,0.0000,0,1,53084160,4096,1
364,364_adaptive_phase_change_run04,adaptive,phase_change,1778259533.6254232,/big.txt,53084160,131072,sequential,1.0000,0.0000,0,1,53215232,4096,1
364,364_adaptive_phase_change_run04,adaptive,phase_change,1778259533.6255093,/big.txt,53215232,131072,sequential,1.0000,0.0000,0,1,53346304,4096,1
364,364_adaptive_phase_change_run04,adaptive,phase_change,1778259533.6255953,/big.txt,53346304,131072,sequential,1.0000,0.0000,0,1,53477376,4096,1
364,364_adaptive_phase_change_run04,adaptive,phase_change,1778259533.6256812,/big.txt,53477376,131072,sequential,1.0000,0.0000,0,1,53608448,4096,1
364,364_adaptive_phase_change_run04,adaptive,phase_change,1778259533.6257668,/big.txt,53608448,131072,sequential,1.0000,0.0000,0,1,53739520,4096,1
364,364_adaptive_phase_change_run04,adaptive,phase_change,1778259533.6258519,/big.txt,53739520,131072,sequential,1.0000,0.0000,0,1,53870592,4096,1
364,364_adaptive_phase_change_run04,adaptive,phase_change,1778259533.6259372,/big.txt,53870592,131072,sequential,1.0000,0.0000,0,1,54001664,4096,1
364,364_adaptive_phase_change_run04,adaptive,phase_change,1778259533.626023,/big.txt,54001664,131072,sequential,1.0000,0.0000,0,1,54132736,4096,1
364,364_adaptive_phase_change_run04,adaptive,phase_change,1778259533.6261082,/big.txt,54132736,131072,sequential,1.0000,0.0000,0,1,54263808,4096,1
364,364_adaptive_phase_change_run04,adaptive,phase_change,1778259533.6261935,/big.txt,54263808,131072,sequential,1.0000,0.0000,0,1,54394880,4096,1
364,364_adaptive_phase_change_run04,adaptive,phase_change,1778259533.6262784,/big.txt,54394880,131072,sequential,1.0000,0.0000,0,1,54525952,4096,1
364,364_adaptive_phase_change_run04,adaptive,phase_change,1778259533.6263638,/big.txt,54525952,131072,sequential,1.0000,0.0000,0,1,54657024,4096,1
364,364_adaptive_phase_change_run04,adaptive,phase_change,1778259533.6264539,/big.txt,54657024,131072,sequential,1.0000,0.0000,0,1,54788096,4096,1
364,364_adaptive_phase_change_run04,adaptive,phase_change,1778259533.6265388,/big.txt,54788096,131072,sequential,1.0000,0.0000,0,1,54919168,4096,1
364,364_adaptive_phase_change_run04,adaptive,phase_change,1778259533.6266236,/big.txt,54919168,131072,sequential,1.0000,0.0000,0,1,55050240,4096,1
364,364_adaptive_phase_change_run04,adaptive,phase_change,1778259533.62671,/big.txt,55050240,131072,sequential,1.0000,0.0000,0,1,55181312,4096,1
364,364_adaptive_phase_change_run04,adaptive,phase_change,1778259533.6268096,/big.txt,55181312,131072,sequential,1.0000,0.0000,0,1,55312384,4096,1
364,364_adaptive_phase_change_run04,adaptive,phase_change,1778259533.6268988,/big.txt,55312384,131072,sequential,1.0000,0.0000,0,1,55443456,4096,1
364,364_adaptive_phase_change_run04,adaptive,phase_change,1778259533.6269877,/big.txt,55443456,131072,sequential,1.0000,0.0000,0,1,55574528,4096,1
364,364_adaptive_phase_change_run04,adaptive,phase_change,1778259533.6270745,/big.txt,55574528,131072,sequential,1.0000,0.0000,0,1,55705600,4096,1
364,364_adaptive_phase_change_run04,adaptive,phase_change,1778259533.627161,/big.txt,55705600,131072,sequential,1.0000,0.0000,0,1,55836672,4096,1
364,364_adaptive_phase_change_run04,adaptive,phase_change,1778259533.6272495,/big.txt,55836672,131072,sequential,1.0000,0.0000,0,1,55967744,4096,1
364,364_adaptive_phase_change_run04,adaptive,phase_change,1778259533.6273363,/big.txt,55967744,131072,sequential,1.0000,0.0000,0,1,56098816,4096,1
364,364_adaptive_phase_change_run04,adaptive,phase_change,1778259533.6274226,/big.txt,56098816,131072,sequential,1.0000,0.0000,0,1,56229888,4096,1
364,364_adaptive_phase_change_run04,adaptive,phase_change,1778259533.6275098,/big.txt,56229888,131072,sequential,1.0000,0.0000,0,1,56360960,4096,1
364,364_adaptive_phase_change_run04,adaptive,phase_change,1778259533.6275961,/big.txt,56360960,131072,sequential,1.0000,0.0000,0,1,56492032,4096,1
364,364_adaptive_phase_change_run04,adaptive,phase_change,1778259533.6276846,/big.txt,56492032,131072,sequential,1.0000,0.0000,0,1,56623104,4096,1
364,364_adaptive_phase_change_run04,adaptive,phase_change,1778259533.627771,/big.txt,56623104,131072,sequential,1.0000,0.0000,0,1,56754176,4096,1
364,364_adaptive_phase_change_run04,adaptive,phase_change,1778259533.6278558,/big.txt,56754176,131072,sequential,1.0000,0.0000,0,1,56885248,4096,1
364,364_adaptive_phase_change_run04,adaptive,phase_change,1778259533.6279416,/big.txt,56885248,131072,sequential,1.0000,0.0000,0,1,57016320,4096,1
364,364_adaptive_phase_change_run04,adaptive,phase_change,1778259533.6280267,/big.txt,57016320,131072,sequential,1.0000,0.0000,0,1,57147392,4096,1
364,364_adaptive_phase_change_run04,adaptive,phase_change,1778259533.6281123,/big.txt,57147392,131072,sequential,1.0000,0.0000,0,1,57278464,4096,1
364,364_adaptive_phase_change_run04,adaptive,phase_change,1778259533.6281981,/big.txt,57278464,131072,sequential,1.0000,0.0000,0,1,57409536,4096,1
364,364_adaptive_phase_change_run04,adaptive,phase_change,1778259533.628284,/big.txt,57409536,131072,sequential,1.0000,0.0000,0,1,57540608,4096,1
364,364_adaptive_phase_change_run04,adaptive,phase_change,1778259533.6283703,/big.txt,57540608,131072,sequential,1.0000,0.0000,0,1,57671680,4096,1
364,364_adaptive_phase_change_run04,adaptive,phase_change,1778259533.6284564,/big.txt,57671680,131072,sequential,1.0000,0.0000,0,1,57802752,4096,1
364,364_adaptive_phase_change_run04,adaptive,phase_change,1778259533.6285422,/big.txt,57802752,131072,sequential,1.0000,0.0000,0,1,57933824,4096,1
364,364_adaptive_phase_change_run04,adaptive,phase_change,1778259533.6286283,/big.txt,57933824,131072,sequential,1.0000,0.0000,0,1,58064896,4096,1
364,364_adaptive_phase_change_run04,adaptive,phase_change,1778259533.6287146,/big.txt,58064896,131072,sequential,1.0000,0.0000,0,1,58195968,4096,1
364,364_adaptive_phase_change_run04,adaptive,phase_change,1778259533.6288054,/big.txt,58195968,131072,sequential,1.0000,0.0000,0,1,58327040,4096,1
364,364_adaptive_phase_change_run04,adaptive,phase_change,1778259533.6288922,/big.txt,58327040,131072,sequential,1.0000,0.0000,0,1,58458112,4096,1
364,364_adaptive_phase_change_run04,adaptive,phase_change,1778259533.6289785,/big.txt,58458112,131072,sequential,1.0000,0.0000,0,1,58589184,4096,1
364,364_adaptive_phase_change_run04,adaptive,phase_change,1778259533.6290648,/big.txt,58589184,131072,sequential,1.0000,0.0000,0,1,58720256,4096,1
364,364_adaptive_phase_change_run04,adaptive,phase_change,1778259533.6291516,/big.txt,58720256,131072,sequential,1.0000,0.0000,0,1,58851328,4096,1
364,364_adaptive_phase_change_run04,adaptive,phase_change,1778259533.6292372,/big.txt,58851328,131072,sequential,1.0000,0.0000,0,1,58982400,4096,1
364,364_adaptive_phase_change_run04,adaptive,phase_change,1778259533.629324,/big.txt,58982400,131072,sequential,1.0000,0.0000,0,1,59113472,4096,1
364,364_adaptive_phase_change_run04,adaptive,phase_change,1778259533.6294105,/big.txt,59113472,131072,sequential,1.0000,0.0000,0,1,59244544,4096,1
364,364_adaptive_phase_change_run04,adaptive,phase_change,1778259533.6294992,/big.txt,59244544,131072,sequential,1.0000,0.0000,0,1,59375616,4096,1
364,364_adaptive_phase_change_run04,adaptive,phase_change,1778259533.6295862,/big.txt,59375616,131072,sequential,1.0000,0.0000,0,1,59506688,4096,1
364,364_adaptive_phase_change_run04,adaptive,phase_change,1778259533.6296728,/big.txt,59506688,131072,sequential,1.0000,0.0000,0,1,59637760,4096,1
364,364_adaptive_phase_change_run04,adaptive,phase_change,1778259533.6297593,/big.txt,59637760,131072,sequential,1.0000,0.0000,0,1,59768832,4096,1
364,364_adaptive_phase_change_run04,adaptive,phase_change,1778259533.6298473,/big.txt,59768832,131072,sequential,1.0000,0.0000,0,1,59899904,4096,1
364,364_adaptive_phase_change_run04,adaptive,phase_change,1778259533.6299388,/big.txt,59899904,131072,sequential,1.0000,0.0000,0,1,60030976,4096,1
364,364_adaptive_phase_change_run04,adaptive,phase_change,1778259533.6300356,/big.txt,60030976,131072,sequential,1.0000,0.0000,0,1,60162048,4096,1
364,364_adaptive_phase_change_run04,adaptive,phase_change,1778259533.6301239,/big.txt,60162048,131072,sequential,1.0000,0.0000,0,1,60293120,4096,1
364,364_adaptive_phase_change_run04,adaptive,phase_change,1778259533.6302109,/big.txt,60293120,131072,sequential,1.0000,0.0000,0,1,60424192,4096,1
364,364_adaptive_phase_change_run04,adaptive,phase_change,1778259533.630301,/big.txt,60424192,131072,sequential,1.0000,0.0000,0,1,60555264,4096,1
364,364_adaptive_phase_change_run04,adaptive,phase_change,1778259533.6303878,/big.txt,60555264,131072,sequential,1.0000,0.0000,0,1,60686336,4096,1
364,364_adaptive_phase_change_run04,adaptive,phase_change,1778259533.630478,/big.txt,60686336,131072,sequential,1.0000,0.0000,0,1,60817408,4096,1
364,364_adaptive_phase_change_run04,adaptive,phase_change,1778259533.6305645,/big.txt,60817408,131072,sequential,1.0000,0.0000,0,1,60948480,4096,1
364,364_adaptive_phase_change_run04,adaptive,phase_change,1778259533.6306512,/big.txt,60948480,131072,sequential,1.0000,0.0000,0,1,61079552,4096,1
364,364_adaptive_phase_change_run04,adaptive,phase_change,1778259533.630738,/big.txt,61079552,131072,sequential,1.0000,0.0000,0,1,61210624,4096,1
364,364_adaptive_phase_change_run04,adaptive,phase_change,1778259533.6308374,/big.txt,61210624,131072,sequential,1.0000,0.0000,0,1,61341696,4096,1
364,364_adaptive_phase_change_run04,adaptive,phase_change,1778259533.6309261,/big.txt,61341696,131072,sequential,1.0000,0.0000,0,1,61472768,4096,1
364,364_adaptive_phase_change_run04,adaptive,phase_change,1778259533.6310139,/big.txt,61472768,131072,sequential,1.0000,0.0000,0,1,61603840,4096,1
364,364_adaptive_phase_change_run04,adaptive,phase_change,1778259533.631101,/big.txt,61603840,131072,sequential,1.0000,0.0000,0,1,61734912,4096,1
364,364_adaptive_phase_change_run04,adaptive,phase_change,1778259533.631188,/big.txt,61734912,131072,sequential,1.0000,0.0000,0,1,61865984,4096,1
364,364_adaptive_phase_change_run04,adaptive,phase_change,1778259533.6312807,/big.txt,61865984,131072,sequential,1.0000,0.0000,0,1,61997056,4096,1
364,364_adaptive_phase_change_run04,adaptive,phase_change,1778259533.6313674,/big.txt,61997056,131072,sequential,1.0000,0.0000,0,1,62128128,4096,1
364,364_adaptive_phase_change_run04,adaptive,phase_change,1778259533.6314542,/big.txt,62128128,131072,sequential,1.0000,0.0000,0,1,62259200,4096,1
364,364_adaptive_phase_change_run04,adaptive,phase_change,1778259533.6315436,/big.txt,62259200,131072,sequential,1.0000,0.0000,0,1,62390272,4096,1
364,364_adaptive_phase_change_run04,adaptive,phase_change,1778259533.6316319,/big.txt,62390272,131072,sequential,1.0000,0.0000,0,1,62521344,4096,1
364,364_adaptive_phase_change_run04,adaptive,phase_change,1778259533.6317194,/big.txt,62521344,131072,sequential,1.0000,0.0000,0,1,62652416,4096,1
364,364_adaptive_phase_change_run04,adaptive,phase_change,1778259533.6318061,/big.txt,62652416,131072,sequential,1.0000,0.0000,0,1,62783488,4096,1
364,364_adaptive_phase_change_run04,adaptive,phase_change,1778259533.6318924,/big.txt,62783488,131072,sequential,1.0000,0.0000,0,1,62914560,4096,1
364,364_adaptive_phase_change_run04,adaptive,phase_change,1778259533.6319802,/big.txt,62914560,131072,sequential,1.0000,0.0000,0,1,63045632,4096,1
364,364_adaptive_phase_change_run04,adaptive,phase_change,1778259533.6320682,/big.txt,63045632,131072,sequential,1.0000,0.0000,0,1,63176704,4096,1
364,364_adaptive_phase_change_run04,adaptive,phase_change,1778259533.6321561,/big.txt,63176704,131072,sequential,1.0000,0.0000,0,1,63307776,4096,1
364,364_adaptive_phase_change_run04,adaptive,phase_change,1778259533.6322436,/big.txt,63307776,131072,sequential,1.0000,0.0000,0,1,63438848,4096,1
364,364_adaptive_phase_change_run04,adaptive,phase_change,1778259533.6323302,/big.txt,63438848,131072,sequential,1.0000,0.0000,0,1,63569920,4096,1
364,364_adaptive_phase_change_run04,adaptive,phase_change,1778259533.6324165,/big.txt,63569920,131072,sequential,1.0000,0.0000,0,1,63700992,4096,1
364,364_adaptive_phase_change_run04,adaptive,phase_change,1778259533.6325023,/big.txt,63700992,131072,sequential,1.0000,0.0000,0,1,63832064,4096,1
364,364_adaptive_phase_change_run04,adaptive,phase_change,1778259533.6325881,/big.txt,63832064,131072,sequential,1.0000,0.0000,0,1,63963136,4096,1
364,364_adaptive_phase_change_run04,adaptive,phase_change,1778259533.632674,/big.txt,63963136,131072,sequential,1.0000,0.0000,0,1,64094208,4096,1
364,364_adaptive_phase_change_run04,adaptive,phase_change,1778259533.6327605,/big.txt,64094208,131072,sequential,1.0000,0.0000,0,1,64225280,4096,1
364,364_adaptive_phase_change_run04,adaptive,phase_change,1778259533.6328504,/big.txt,64225280,131072,sequential,1.0000,0.0000,0,1,64356352,4096,1
364,364_adaptive_phase_change_run04,adaptive,phase_change,1778259533.6329367,/big.txt,64356352,131072,sequential,1.0000,0.0000,0,1,64487424,4096,1
364,364_adaptive_phase_change_run04,adaptive,phase_change,1778259533.633024,/big.txt,64487424,131072,sequential,1.0000,0.0000,0,1,64618496,4096,1
364,364_adaptive_phase_change_run04,adaptive,phase_change,1778259533.6331117,/big.txt,64618496,131072,sequential,1.0000,0.0000,0,1,64749568,4096,1
364,364_adaptive_phase_change_run04,adaptive,phase_change,1778259533.6331987,/big.txt,64749568,131072,sequential,1.0000,0.0000,0,1,64880640,4096,1
364,364_adaptive_phase_change_run04,adaptive,phase_change,1778259533.6332884,/big.txt,64880640,131072,sequential,1.0000,0.0000,0,1,65011712,4096,1
364,364_adaptive_phase_change_run04,adaptive,phase_change,1778259533.6333766,/big.txt,65011712,131072,sequential,1.0000,0.0000,0,1,65142784,4096,1
364,364_adaptive_phase_change_run04,adaptive,phase_change,1778259533.633467,/big.txt,65142784,131072,sequential,1.0000,0.0000,0,1,65273856,4096,1
364,364_adaptive_phase_change_run04,adaptive,phase_change,1778259533.633556,/big.txt,65273856,131072,sequential,1.0000,0.0000,0,1,65404928,4096,1
364,364_adaptive_phase_change_run04,adaptive,phase_change,1778259533.633644,/big.txt,65404928,131072,sequential,1.0000,0.0000,0,1,65536000,4096,1
364,364_adaptive_phase_change_run04,adaptive,phase_change,1778259533.6337714,/big.txt,65536000,131072,sequential,1.0000,0.0000,0,1,65667072,4096,1
364,364_adaptive_phase_change_run04,adaptive,phase_change,1778259533.63386,/big.txt,65667072,131072,sequential,1.0000,0.0000,0,1,65798144,4096,1
364,364_adaptive_phase_change_run04,adaptive,phase_change,1778259533.6339474,/big.txt,65798144,131072,sequential,1.0000,0.0000,0,1,65929216,4096,1
364,364_adaptive_phase_change_run04,adaptive,phase_change,1778259533.6340346,/big.txt,65929216,131072,sequential,1.0000,0.0000,0,1,66060288,4096,1
364,364_adaptive_phase_change_run04,adaptive,phase_change,1778259533.6341228,/big.txt,66060288,131072,sequential,1.0000,0.0000,0,1,66191360,4096,1
364,364_adaptive_phase_change_run04,adaptive,phase_change,1778259533.6342106,/big.txt,66191360,131072,sequential,1.0000,0.0000,0,1,66322432,4096,1
364,364_adaptive_phase_change_run04,adaptive,phase_change,1778259533.6342978,/big.txt,66322432,131072,sequential,1.0000,0.0000,0,1,66453504,4096,1
364,364_adaptive_phase_change_run04,adaptive,phase_change,1778259533.6343842,/big.txt,66453504,131072,sequential,1.0000,0.0000,0,1,66584576,4096,1
364,364_adaptive_phase_change_run04,adaptive,phase_change,1778259533.634472,/big.txt,66584576,131072,sequential,1.0000,0.0000,0,1,66715648,4096,1
364,364_adaptive_phase_change_run04,adaptive,phase_change,1778259533.634559,/big.txt,66715648,131072,sequential,1.0000,0.0000,0,1,66846720,4096,1
364,364_adaptive_phase_change_run04,adaptive,phase_change,1778259533.6346464,/big.txt,66846720,131072,sequential,1.0000,0.0000,0,1,66977792,4096,1
364,364_adaptive_phase_change_run04,adaptive,phase_change,1778259533.6347337,/big.txt,66977792,131072,sequential,1.0000,0.0000,0,1,67108864,4096,1
364,364_adaptive_phase_change_run04,adaptive,phase_change,1778259533.6348379,/big.txt,67108864,131072,sequential,1.0000,0.0000,0,1,67239936,4096,1
364,364_adaptive_phase_change_run04,adaptive,phase_change,1778259533.6349258,/big.txt,67239936,131072,sequential,1.0000,0.0000,0,1,67371008,4096,1
364,364_adaptive_phase_change_run04,adaptive,phase_change,1778259533.6350138,/big.txt,67371008,131072,sequential,1.0000,0.0000,0,1,67502080,4096,1
364,364_adaptive_phase_change_run04,adaptive,phase_change,1778259533.6351016,/big.txt,67502080,131072,sequential,1.0000,0.0000,0,1,67633152,4096,1
364,364_adaptive_phase_change_run04,adaptive,phase_change,1778259533.6351886,/big.txt,67633152,131072,sequential,1.0000,0.0000,0,1,67764224,4096,1
364,364_adaptive_phase_change_run04,adaptive,phase_change,1778259533.6352754,/big.txt,67764224,131072,sequential,1.0000,0.0000,0,1,67895296,4096,1
364,364_adaptive_phase_change_run04,adaptive,phase_change,1778259533.6353633,/big.txt,67895296,131072,sequential,1.0000,0.0000,0,1,68026368,4096,1
364,364_adaptive_phase_change_run04,adaptive,phase_change,1778259533.635451,/big.txt,68026368,131072,sequential,1.0000,0.0000,0,1,68157440,4096,1
364,364_adaptive_phase_change_run04,adaptive,phase_change,1778259533.635539,/big.txt,68157440,131072,sequential,1.0000,0.0000,0,1,68288512,4096,1
364,364_adaptive_phase_change_run04,adaptive,phase_change,1778259533.6356306,/big.txt,68288512,131072,sequential,1.0000,0.0000,0,1,68419584,4096,1
364,364_adaptive_phase_change_run04,adaptive,phase_change,1778259533.63572,/big.txt,68419584,131072,sequential,1.0000,0.0000,0,1,68550656,4096,1
364,364_adaptive_phase_change_run04,adaptive,phase_change,1778259533.635807,/big.txt,68550656,131072,sequential,1.0000,0.0000,0,1,68681728,4096,1
364,364_adaptive_phase_change_run04,adaptive,phase_change,1778259533.6358943,/big.txt,68681728,131072,sequential,1.0000,0.0000,0,1,68812800,4096,1
364,364_adaptive_phase_change_run04,adaptive,phase_change,1778259533.635981,/big.txt,68812800,131072,sequential,1.0000,0.0000,0,1,68943872,4096,1
364,364_adaptive_phase_change_run04,adaptive,phase_change,1778259533.6360688,/big.txt,68943872,131072,sequential,1.0000,0.0000,0,1,69074944,4096,1
364,364_adaptive_phase_change_run04,adaptive,phase_change,1778259533.6361592,/big.txt,69074944,131072,sequential,1.0000,0.0000,0,1,69206016,4096,1
364,364_adaptive_phase_change_run04,adaptive,phase_change,1778259533.6362545,/big.txt,69206016,131072,sequential,1.0000,0.0000,0,1,69337088,4096,1
364,364_adaptive_phase_change_run04,adaptive,phase_change,1778259533.6363432,/big.txt,69337088,131072,sequential,1.0000,0.0000,0,1,69468160,4096,1
364,364_adaptive_phase_change_run04,adaptive,phase_change,1778259533.6364303,/big.txt,69468160,131072,sequential,1.0000,0.0000,0,1,69599232,4096,1
364,364_adaptive_phase_change_run04,adaptive,phase_change,1778259533.6365173,/big.txt,69599232,131072,sequential,1.0000,0.0000,0,1,69730304,4096,1
364,364_adaptive_phase_change_run04,adaptive,phase_change,1778259533.6366043,/big.txt,69730304,131072,sequential,1.0000,0.0000,0,1,69861376,4096,1
364,364_adaptive_phase_change_run04,adaptive,phase_change,1778259533.6366906,/big.txt,69861376,131072,sequential,1.0000,0.0000,0,1,69992448,4096,1
364,364_adaptive_phase_change_run04,adaptive,phase_change,1778259533.6367772,/big.txt,69992448,131072,sequential,1.0000,0.0000,0,1,70123520,4096,1
364,364_adaptive_phase_change_run04,adaptive,phase_change,1778259533.6368635,/big.txt,70123520,131072,sequential,1.0000,0.0000,0,1,70254592,4096,1
364,364_adaptive_phase_change_run04,adaptive,phase_change,1778259533.6369507,/big.txt,70254592,131072,sequential,1.0000,0.0000,0,1,70385664,4096,1
364,364_adaptive_phase_change_run04,adaptive,phase_change,1778259533.6370378,/big.txt,70385664,131072,sequential,1.0000,0.0000,0,1,70516736,4096,1
364,364_adaptive_phase_change_run04,adaptive,phase_change,1778259533.6371279,/big.txt,70516736,131072,sequential,1.0000,0.0000,0,1,70647808,4096,1
364,364_adaptive_phase_change_run04,adaptive,phase_change,1778259533.637216,/big.txt,70647808,131072,sequential,1.0000,0.0000,0,1,70778880,4096,1
364,364_adaptive_phase_change_run04,adaptive,phase_change,1778259533.6373026,/big.txt,70778880,131072,sequential,1.0000,0.0000,0,1,70909952,4096,1
364,364_adaptive_phase_change_run04,adaptive,phase_change,1778259533.6373894,/big.txt,70909952,131072,sequential,1.0000,0.0000,0,1,71041024,4096,1
364,364_adaptive_phase_change_run04,adaptive,phase_change,1778259533.6374757,/big.txt,71041024,131072,sequential,1.0000,0.0000,0,1,71172096,4096,1
364,364_adaptive_phase_change_run04,adaptive,phase_change,1778259533.6375632,/big.txt,71172096,131072,sequential,1.0000,0.0000,0,1,71303168,4096,1
364,364_adaptive_phase_change_run04,adaptive,phase_change,1778259533.6376526,/big.txt,71303168,131072,sequential,1.0000,0.0000,0,1,71434240,4096,1
364,364_adaptive_phase_change_run04,adaptive,phase_change,1778259533.6377404,/big.txt,71434240,131072,sequential,1.0000,0.0000,0,1,71565312,4096,1
364,364_adaptive_phase_change_run04,adaptive,phase_change,1778259533.6378276,/big.txt,71565312,131072,sequential,1.0000,0.0000,0,1,71696384,4096,1
364,364_adaptive_phase_change_run04,adaptive,phase_change,1778259533.6379142,/big.txt,71696384,131072,sequential,1.0000,0.0000,0,1,71827456,4096,1
364,364_adaptive_phase_change_run04,adaptive,phase_change,1778259533.6380005,/big.txt,71827456,131072,sequential,1.0000,0.0000,0,1,71958528,4096,1
364,364_adaptive_phase_change_run04,adaptive,phase_change,1778259533.6380875,/big.txt,71958528,131072,sequential,1.0000,0.0000,0,1,72089600,4096,1
364,364_adaptive_phase_change_run04,adaptive,phase_change,1778259533.638174,/big.txt,72089600,131072,sequential,1.0000,0.0000,0,1,72220672,4096,1
364,364_adaptive_phase_change_run04,adaptive,phase_change,1778259533.6382616,/big.txt,72220672,131072,sequential,1.0000,0.0000,0,1,72351744,4096,1
364,364_adaptive_phase_change_run04,adaptive,phase_change,1778259533.638348,/big.txt,72351744,131072,sequential,1.0000,0.0000,0,1,72482816,4096,1
364,364_adaptive_phase_change_run04,adaptive,phase_change,1778259533.6384354,/big.txt,72482816,131072,sequential,1.0000,0.0000,0,1,72613888,4096,1
364,364_adaptive_phase_change_run04,adaptive,phase_change,1778259533.638525,/big.txt,72613888,131072,sequential,1.0000,0.0000,0,1,72744960,4096,1
364,364_adaptive_phase_change_run04,adaptive,phase_change,1778259533.6386168,/big.txt,72744960,131072,sequential,1.0000,0.0000,0,1,72876032,4096,1
364,364_adaptive_phase_change_run04,adaptive,phase_change,1778259533.6387033,/big.txt,72876032,131072,sequential,1.0000,0.0000,0,1,73007104,4096,1
364,364_adaptive_phase_change_run04,adaptive,phase_change,1778259533.6388006,/big.txt,73007104,131072,sequential,1.0000,0.0000,0,1,73138176,4096,1
364,364_adaptive_phase_change_run04,adaptive,phase_change,1778259533.6388936,/big.txt,73138176,131072,sequential,1.0000,0.0000,0,1,73269248,4096,1
364,364_adaptive_phase_change_run04,adaptive,phase_change,1778259533.6389809,/big.txt,73269248,131072,sequential,1.0000,0.0000,0,1,73400320,4096,1
364,364_adaptive_phase_change_run04,adaptive,phase_change,1778259533.6390676,/big.txt,73400320,131072,sequential,1.0000,0.0000,0,1,73531392,4096,1
364,364_adaptive_phase_change_run04,adaptive,phase_change,1778259533.6391542,/big.txt,73531392,131072,sequential,1.0000,0.0000,0,1,73662464,4096,1
364,364_adaptive_phase_change_run04,adaptive,phase_change,1778259533.6392405,/big.txt,73662464,131072,sequential,1.0000,0.0000,0,1,73793536,4096,1
364,364_adaptive_phase_change_run04,adaptive,phase_change,1778259533.6393278,/big.txt,73793536,131072,sequential,1.0000,0.0000,0,1,73924608,4096,1
364,364_adaptive_phase_change_run04,adaptive,phase_change,1778259533.6394143,/big.txt,73924608,131072,sequential,1.0000,0.0000,0,1,74055680,4096,1
364,364_adaptive_phase_change_run04,adaptive,phase_change,1778259533.6395004,/big.txt,74055680,131072,sequential,1.0000,0.0000,0,1,74186752,4096,1
364,364_adaptive_phase_change_run04,adaptive,phase_change,1778259533.6395864,/big.txt,74186752,131072,sequential,1.0000,0.0000,0,1,74317824,4096,1
364,364_adaptive_phase_change_run04,adaptive,phase_change,1778259533.639676,/big.txt,74317824,131072,sequential,1.0000,0.0000,0,1,74448896,4096,1
364,364_adaptive_phase_change_run04,adaptive,phase_change,1778259533.6397629,/big.txt,74448896,131072,sequential,1.0000,0.0000,0,1,74579968,4096,1
364,364_adaptive_phase_change_run04,adaptive,phase_change,1778259533.6398487,/big.txt,74579968,131072,sequential,1.0000,0.0000,0,1,74711040,4096,1
364,364_adaptive_phase_change_run04,adaptive,phase_change,1778259533.6399345,/big.txt,74711040,131072,sequential,1.0000,0.0000,0,1,74842112,4096,1
364,364_adaptive_phase_change_run04,adaptive,phase_change,1778259533.640021,/big.txt,74842112,131072,sequential,1.0000,0.0000,0,1,74973184,4096,1
364,364_adaptive_phase_change_run04,adaptive,phase_change,1778259533.6401067,/big.txt,74973184,131072,sequential,1.0000,0.0000,0,1,75104256,4096,1
364,364_adaptive_phase_change_run04,adaptive,phase_change,1778259533.6401927,/big.txt,75104256,131072,sequential,1.0000,0.0000,0,1,75235328,4096,1
364,364_adaptive_phase_change_run04,adaptive,phase_change,1778259533.640279,/big.txt,75235328,131072,sequential,1.0000,0.0000,0,1,75366400,4096,1
364,364_adaptive_phase_change_run04,adaptive,phase_change,1778259533.6403654,/big.txt,75366400,131072,sequential,1.0000,0.0000,0,1,75497472,4096,1
364,364_adaptive_phase_change_run04,adaptive,phase_change,1778259533.6404552,/big.txt,75497472,131072,sequential,1.0000,0.0000,0,1,75628544,4096,1
364,364_adaptive_phase_change_run04,adaptive,phase_change,1778259533.6405423,/big.txt,75628544,131072,sequential,1.0000,0.0000,0,1,75759616,4096,1
364,364_adaptive_phase_change_run04,adaptive,phase_change,1778259533.6406293,/big.txt,75759616,131072,sequential,1.0000,0.0000,0,1,75890688,4096,1
364,364_adaptive_phase_change_run04,adaptive,phase_change,1778259533.6407158,/big.txt,75890688,131072,sequential,1.0000,0.0000,0,1,76021760,4096,1
364,364_adaptive_phase_change_run04,adaptive,phase_change,1778259533.640802,/big.txt,76021760,131072,sequential,1.0000,0.0000,0,1,76152832,4096,1
364,364_adaptive_phase_change_run04,adaptive,phase_change,1778259533.6408882,/big.txt,76152832,131072,sequential,1.0000,0.0000,0,1,76283904,4096,1
364,364_adaptive_phase_change_run04,adaptive,phase_change,1778259533.6409748,/big.txt,76283904,131072,sequential,1.0000,0.0000,0,1,76414976,4096,1
364,364_adaptive_phase_change_run04,adaptive,phase_change,1778259533.641065,/big.txt,76414976,131072,sequential,1.0000,0.0000,0,1,76546048,4096,1
364,364_adaptive_phase_change_run04,adaptive,phase_change,1778259533.6411517,/big.txt,76546048,131072,sequential,1.0000,0.0000,0,1,76677120,4096,1
364,364_adaptive_phase_change_run04,adaptive,phase_change,1778259533.6412377,/big.txt,76677120,131072,sequential,1.0000,0.0000,0,1,76808192,4096,1
364,364_adaptive_phase_change_run04,adaptive,phase_change,1778259533.641328,/big.txt,76808192,131072,sequential,1.0000,0.0000,0,1,76939264,4096,1
364,364_adaptive_phase_change_run04,adaptive,phase_change,1778259533.6414154,/big.txt,76939264,131072,sequential,1.0000,0.0000,0,1,77070336,4096,1
364,364_adaptive_phase_change_run04,adaptive,phase_change,1778259533.6415024,/big.txt,77070336,131072,sequential,1.0000,0.0000,0,1,77201408,4096,1
364,364_adaptive_phase_change_run04,adaptive,phase_change,1778259533.641591,/big.txt,77201408,131072,sequential,1.0000,0.0000,0,1,77332480,4096,1
364,364_adaptive_phase_change_run04,adaptive,phase_change,1778259533.6416802,/big.txt,77332480,131072,sequential,1.0000,0.0000,0,1,77463552,4096,1
364,364_adaptive_phase_change_run04,adaptive,phase_change,1778259533.6417665,/big.txt,77463552,131072,sequential,1.0000,0.0000,0,1,77594624,4096,1
364,364_adaptive_phase_change_run04,adaptive,phase_change,1778259533.6418533,/big.txt,77594624,131072,sequential,1.0000,0.0000,0,1,77725696,4096,1
364,364_adaptive_phase_change_run04,adaptive,phase_change,1778259533.64194,/big.txt,77725696,131072,sequential,1.0000,0.0000,0,1,77856768,4096,1
364,364_adaptive_phase_change_run04,adaptive,phase_change,1778259533.6420274,/big.txt,77856768,131072,sequential,1.0000,0.0000,0,1,77987840,4096,1
364,364_adaptive_phase_change_run04,adaptive,phase_change,1778259533.6421146,/big.txt,77987840,131072,sequential,1.0000,0.0000,0,1,78118912,4096,1
364,364_adaptive_phase_change_run04,adaptive,phase_change,1778259533.6422005,/big.txt,78118912,131072,sequential,1.0000,0.0000,0,1,78249984,4096,1
364,364_adaptive_phase_change_run04,adaptive,phase_change,1778259533.6422868,/big.txt,78249984,131072,sequential,1.0000,0.0000,0,1,78381056,4096,1
364,364_adaptive_phase_change_run04,adaptive,phase_change,1778259533.6423728,/big.txt,78381056,131072,sequential,1.0000,0.0000,0,1,78512128,4096,1
364,364_adaptive_phase_change_run04,adaptive,phase_change,1778259533.6424587,/big.txt,78512128,131072,sequential,1.0000,0.0000,0,1,78643200,4096,1
364,364_adaptive_phase_change_run04,adaptive,phase_change,1778259533.642545,/big.txt,78643200,131072,sequential,1.0000,0.0000,0,1,78774272,4096,1
364,364_adaptive_phase_change_run04,adaptive,phase_change,1778259533.6426308,/big.txt,78774272,131072,sequential,1.0000,0.0000,0,1,78905344,4096,1
364,364_adaptive_phase_change_run04,adaptive,phase_change,1778259533.6427171,/big.txt,78905344,131072,sequential,1.0000,0.0000,0,1,79036416,4096,1
364,364_adaptive_phase_change_run04,adaptive,phase_change,1778259533.6428227,/big.txt,79036416,131072,sequential,1.0000,0.0000,0,1,79167488,4096,1
364,364_adaptive_phase_change_run04,adaptive,phase_change,1778259533.6429114,/big.txt,79167488,131072,sequential,1.0000,0.0000,0,1,79298560,4096,1
364,364_adaptive_phase_change_run04,adaptive,phase_change,1778259533.642999,/big.txt,79298560,131072,sequential,1.0000,0.0000,0,1,79429632,4096,1
364,364_adaptive_phase_change_run04,adaptive,phase_change,1778259533.6430857,/big.txt,79429632,131072,sequential,1.0000,0.0000,0,1,79560704,4096,1
364,364_adaptive_phase_change_run04,adaptive,phase_change,1778259533.643173,/big.txt,79560704,131072,sequential,1.0000,0.0000,0,1,79691776,4096,1
364,364_adaptive_phase_change_run04,adaptive,phase_change,1778259533.64326,/big.txt,79691776,131072,sequential,1.0000,0.0000,0,1,79822848,4096,1
364,364_adaptive_phase_change_run04,adaptive,phase_change,1778259533.6433477,/big.txt,79822848,131072,sequential,1.0000,0.0000,0,1,79953920,4096,1
364,364_adaptive_phase_change_run04,adaptive,phase_change,1778259533.6434355,/big.txt,79953920,131072,sequential,1.0000,0.0000,0,1,80084992,4096,1
364,364_adaptive_phase_change_run04,adaptive,phase_change,1778259533.6435275,/big.txt,80084992,131072,sequential,1.0000,0.0000,0,1,80216064,4096,1
364,364_adaptive_phase_change_run04,adaptive,phase_change,1778259533.643615,/big.txt,80216064,131072,sequential,1.0000,0.0000,0,1,80347136,4096,1
364,364_adaptive_phase_change_run04,adaptive,phase_change,1778259533.643705,/big.txt,80347136,131072,sequential,1.0000,0.0000,0,1,80478208,4096,1
364,364_adaptive_phase_change_run04,adaptive,phase_change,1778259533.6437933,/big.txt,80478208,131072,sequential,1.0000,0.0000,0,1,80609280,4096,1
364,364_adaptive_phase_change_run04,adaptive,phase_change,1778259533.6438842,/big.txt,80609280,131072,sequential,1.0000,0.0000,0,1,80740352,4096,1
364,364_adaptive_phase_change_run04,adaptive,phase_change,1778259533.6439717,/big.txt,80740352,131072,sequential,1.0000,0.0000,0,1,80871424,4096,1
364,364_adaptive_phase_change_run04,adaptive,phase_change,1778259533.644063,/big.txt,80871424,131072,sequential,1.0000,0.0000,0,1,81002496,4096,1
364,364_adaptive_phase_change_run04,adaptive,phase_change,1778259533.644153,/big.txt,81002496,131072,sequential,1.0000,0.0000,0,1,81133568,4096,1
364,364_adaptive_phase_change_run04,adaptive,phase_change,1778259533.6442404,/big.txt,81133568,131072,sequential,1.0000,0.0000,0,1,81264640,4096,1
364,364_adaptive_phase_change_run04,adaptive,phase_change,1778259533.644328,/big.txt,81264640,131072,sequential,1.0000,0.0000,0,1,81395712,4096,1
364,364_adaptive_phase_change_run04,adaptive,phase_change,1778259533.6444163,/big.txt,81395712,131072,sequential,1.0000,0.0000,0,1,81526784,4096,1
364,364_adaptive_phase_change_run04,adaptive,phase_change,1778259533.6445053,/big.txt,81526784,131072,sequential,1.0000,0.0000,0,1,81657856,4096,1
364,364_adaptive_phase_change_run04,adaptive,phase_change,1778259533.6445923,/big.txt,81657856,131072,sequential,1.0000,0.0000,0,1,81788928,4096,1
364,364_adaptive_phase_change_run04,adaptive,phase_change,1778259533.6446798,/big.txt,81788928,131072,sequential,1.0000,0.0000,0,1,81920000,4096,1
364,364_adaptive_phase_change_run04,adaptive,phase_change,1778259533.6447675,/big.txt,81920000,131072,sequential,1.0000,0.0000,0,1,82051072,4096,1
364,364_adaptive_phase_change_run04,adaptive,phase_change,1778259533.6448543,/big.txt,82051072,131072,sequential,1.0000,0.0000,0,1,82182144,4096,1
364,364_adaptive_phase_change_run04,adaptive,phase_change,1778259533.644942,/big.txt,82182144,131072,sequential,1.0000,0.0000,0,1,82313216,4096,1
364,364_adaptive_phase_change_run04,adaptive,phase_change,1778259533.645029,/big.txt,82313216,131072,sequential,1.0000,0.0000,0,1,82444288,4096,1
364,364_adaptive_phase_change_run04,adaptive,phase_change,1778259533.6451159,/big.txt,82444288,131072,sequential,1.0000,0.0000,0,1,82575360,4096,1
364,364_adaptive_phase_change_run04,adaptive,phase_change,1778259533.6452029,/big.txt,82575360,131072,sequential,1.0000,0.0000,0,1,82706432,4096,1
364,364_adaptive_phase_change_run04,adaptive,phase_change,1778259533.6452901,/big.txt,82706432,131072,sequential,1.0000,0.0000,0,1,82837504,4096,1
364,364_adaptive_phase_change_run04,adaptive,phase_change,1778259533.6453774,/big.txt,82837504,131072,sequential,1.0000,0.0000,0,1,82968576,4096,1
364,364_adaptive_phase_change_run04,adaptive,phase_change,1778259533.645465,/big.txt,82968576,131072,sequential,1.0000,0.0000,0,1,83099648,4096,1
364,364_adaptive_phase_change_run04,adaptive,phase_change,1778259533.6455526,/big.txt,83099648,131072,sequential,1.0000,0.0000,0,1,83230720,4096,1
364,364_adaptive_phase_change_run04,adaptive,phase_change,1778259533.64564,/big.txt,83230720,131072,sequential,1.0000,0.0000,0,1,83361792,4096,1
364,364_adaptive_phase_change_run04,adaptive,phase_change,1778259533.6457295,/big.txt,83361792,131072,sequential,1.0000,0.0000,0,1,83492864,4096,1
364,364_adaptive_phase_change_run04,adaptive,phase_change,1778259533.645817,/big.txt,83492864,131072,sequential,1.0000,0.0000,0,1,83623936,4096,1
364,364_adaptive_phase_change_run04,adaptive,phase_change,1778259533.645909,/big.txt,83623936,131072,sequential,1.0000,0.0000,0,1,83755008,4096,1
364,364_adaptive_phase_change_run04,adaptive,phase_change,1778259533.6459963,/big.txt,83755008,131072,sequential,1.0000,0.0000,0,1,83886080,4096,1
364,364_adaptive_phase_change_run04,adaptive,phase_change,1778259533.6460836,/big.txt,83886080,131072,sequential,1.0000,0.0000,0,1,84017152,4096,1
364,364_adaptive_phase_change_run04,adaptive,phase_change,1778259533.6461716,/big.txt,84017152,131072,sequential,1.0000,0.0000,0,1,84148224,4096,1
364,364_adaptive_phase_change_run04,adaptive,phase_change,1778259533.6462595,/big.txt,84148224,131072,sequential,1.0000,0.0000,0,1,84279296,4096,1
364,364_adaptive_phase_change_run04,adaptive,phase_change,1778259533.6463466,/big.txt,84279296,131072,sequential,1.0000,0.0000,0,1,84410368,4096,1
364,364_adaptive_phase_change_run04,adaptive,phase_change,1778259533.646434,/big.txt,84410368,131072,sequential,1.0000,0.0000,0,1,84541440,4096,1
364,364_adaptive_phase_change_run04,adaptive,phase_change,1778259533.6465213,/big.txt,84541440,131072,sequential,1.0000,0.0000,0,1,84672512,4096,1
364,364_adaptive_phase_change_run04,adaptive,phase_change,1778259533.6466093,/big.txt,84672512,131072,sequential,1.0000,0.0000,0,1,84803584,4096,1
364,364_adaptive_phase_change_run04,adaptive,phase_change,1778259533.6466963,/big.txt,84803584,131072,sequential,1.0000,0.0000,0,1,84934656,4096,1
364,364_adaptive_phase_change_run04,adaptive,phase_change,1778259533.6467917,/big.txt,84934656,131072,sequential,1.0000,0.0000,0,1,85065728,4096,1
364,364_adaptive_phase_change_run04,adaptive,phase_change,1778259533.6468856,/big.txt,85065728,131072,sequential,1.0000,0.0000,0,1,85196800,4096,1
364,364_adaptive_phase_change_run04,adaptive,phase_change,1778259533.6469767,/big.txt,85196800,131072,sequential,1.0000,0.0000,0,1,85327872,4096,1
364,364_adaptive_phase_change_run04,adaptive,phase_change,1778259533.6470659,/big.txt,85327872,131072,sequential,1.0000,0.0000,0,1,85458944,4096,1
364,364_adaptive_phase_change_run04,adaptive,phase_change,1778259533.6471539,/big.txt,85458944,131072,sequential,1.0000,0.0000,0,1,85590016,4096,1
364,364_adaptive_phase_change_run04,adaptive,phase_change,1778259533.6472456,/big.txt,85590016,131072,sequential,1.0000,0.0000,0,1,85721088,4096,1
364,364_adaptive_phase_change_run04,adaptive,phase_change,1778259533.6473362,/big.txt,85721088,131072,sequential,1.0000,0.0000,0,1,85852160,4096,1
364,364_adaptive_phase_change_run04,adaptive,phase_change,1778259533.647426,/big.txt,85852160,131072,sequential,1.0000,0.0000,0,1,85983232,4096,1
364,364_adaptive_phase_change_run04,adaptive,phase_change,1778259533.647514,/big.txt,85983232,131072,sequential,1.0000,0.0000,0,1,86114304,4096,1
364,364_adaptive_phase_change_run04,adaptive,phase_change,1778259533.6476018,/big.txt,86114304,131072,sequential,1.0000,0.0000,0,1,86245376,4096,1
364,364_adaptive_phase_change_run04,adaptive,phase_change,1778259533.64769,/big.txt,86245376,131072,sequential,1.0000,0.0000,0,1,86376448,4096,1
364,364_adaptive_phase_change_run04,adaptive,phase_change,1778259533.6477802,/big.txt,86376448,131072,sequential,1.0000,0.0000,0,1,86507520,4096,1
364,364_adaptive_phase_change_run04,adaptive,phase_change,1778259533.6478686,/big.txt,86507520,131072,sequential,1.0000,0.0000,0,1,86638592,4096,1
364,364_adaptive_phase_change_run04,adaptive,phase_change,1778259533.6479568,/big.txt,86638592,131072,sequential,1.0000,0.0000,0,1,86769664,4096,1
364,364_adaptive_phase_change_run04,adaptive,phase_change,1778259533.648044,/big.txt,86769664,131072,sequential,1.0000,0.0000,0,1,86900736,4096,1
364,364_adaptive_phase_change_run04,adaptive,phase_change,1778259533.6481316,/big.txt,86900736,131072,sequential,1.0000,0.0000,0,1,87031808,4096,1
364,364_adaptive_phase_change_run04,adaptive,phase_change,1778259533.6482193,/big.txt,87031808,131072,sequential,1.0000,0.0000,0,1,87162880,4096,1
364,364_adaptive_phase_change_run04,adaptive,phase_change,1778259533.6483066,/big.txt,87162880,131072,sequential,1.0000,0.0000,0,1,87293952,4096,1
364,364_adaptive_phase_change_run04,adaptive,phase_change,1778259533.6483977,/big.txt,87293952,131072,sequential,1.0000,0.0000,0,1,87425024,4096,1
364,364_adaptive_phase_change_run04,adaptive,phase_change,1778259533.6484852,/big.txt,87425024,131072,sequential,1.0000,0.0000,0,1,87556096,4096,1
364,364_adaptive_phase_change_run04,adaptive,phase_change,1778259533.648573,/big.txt,87556096,131072,sequential,1.0000,0.0000,0,1,87687168,4096,1
364,364_adaptive_phase_change_run04,adaptive,phase_change,1778259533.6486604,/big.txt,87687168,131072,sequential,1.0000,0.0000,0,1,87818240,4096,1
364,364_adaptive_phase_change_run04,adaptive,phase_change,1778259533.6487477,/big.txt,87818240,131072,sequential,1.0000,0.0000,0,1,87949312,4096,1
364,364_adaptive_phase_change_run04,adaptive,phase_change,1778259533.6488347,/big.txt,87949312,131072,sequential,1.0000,0.0000,0,1,88080384,4096,1
364,364_adaptive_phase_change_run04,adaptive,phase_change,1778259533.6489232,/big.txt,88080384,131072,sequential,1.0000,0.0000,0,1,88211456,4096,1
364,364_adaptive_phase_change_run04,adaptive,phase_change,1778259533.6490116,/big.txt,88211456,131072,sequential,1.0000,0.0000,0,1,88342528,4096,1
364,364_adaptive_phase_change_run04,adaptive,phase_change,1778259533.6490996,/big.txt,88342528,131072,sequential,1.0000,0.0000,0,1,88473600,4096,1
364,364_adaptive_phase_change_run04,adaptive,phase_change,1778259533.6491866,/big.txt,88473600,131072,sequential,1.0000,0.0000,0,1,88604672,4096,1
364,364_adaptive_phase_change_run04,adaptive,phase_change,1778259533.6492746,/big.txt,88604672,131072,sequential,1.0000,0.0000,0,1,88735744,4096,1
364,364_adaptive_phase_change_run04,adaptive,phase_change,1778259533.6493614,/big.txt,88735744,131072,sequential,1.0000,0.0000,0,1,88866816,4096,1
364,364_adaptive_phase_change_run04,adaptive,phase_change,1778259533.649449,/big.txt,88866816,131072,sequential,1.0000,0.0000,0,1,88997888,4096,1
364,364_adaptive_phase_change_run04,adaptive,phase_change,1778259533.6495373,/big.txt,88997888,131072,sequential,1.0000,0.0000,0,1,89128960,4096,1
364,364_adaptive_phase_change_run04,adaptive,phase_change,1778259533.6496246,/big.txt,89128960,131072,sequential,1.0000,0.0000,0,1,89260032,4096,1
364,364_adaptive_phase_change_run04,adaptive,phase_change,1778259533.6497164,/big.txt,89260032,131072,sequential,1.0000,0.0000,0,1,89391104,4096,1
364,364_adaptive_phase_change_run04,adaptive,phase_change,1778259533.649804,/big.txt,89391104,131072,sequential,1.0000,0.0000,0,1,89522176,4096,1
364,364_adaptive_phase_change_run04,adaptive,phase_change,1778259533.6498916,/big.txt,89522176,131072,sequential,1.0000,0.0000,0,1,89653248,4096,1
364,364_adaptive_phase_change_run04,adaptive,phase_change,1778259533.6499789,/big.txt,89653248,131072,sequential,1.0000,0.0000,0,1,89784320,4096,1
364,364_adaptive_phase_change_run04,adaptive,phase_change,1778259533.650067,/big.txt,89784320,131072,sequential,1.0000,0.0000,0,1,89915392,4096,1
364,364_adaptive_phase_change_run04,adaptive,phase_change,1778259533.6501565,/big.txt,89915392,131072,sequential,1.0000,0.0000,0,1,90046464,4096,1
364,364_adaptive_phase_change_run04,adaptive,phase_change,1778259533.6502452,/big.txt,90046464,131072,sequential,1.0000,0.0000,0,1,90177536,4096,1
364,364_adaptive_phase_change_run04,adaptive,phase_change,1778259533.6503325,/big.txt,90177536,131072,sequential,1.0000,0.0000,0,1,90308608,4096,1
364,364_adaptive_phase_change_run04,adaptive,phase_change,1778259533.6504207,/big.txt,90308608,131072,sequential,1.0000,0.0000,0,1,90439680,4096,1
364,364_adaptive_phase_change_run04,adaptive,phase_change,1778259533.6505086,/big.txt,90439680,131072,sequential,1.0000,0.0000,0,1,90570752,4096,1
364,364_adaptive_phase_change_run04,adaptive,phase_change,1778259533.6505966,/big.txt,90570752,131072,sequential,1.0000,0.0000,0,1,90701824,4096,1
364,364_adaptive_phase_change_run04,adaptive,phase_change,1778259533.6506882,/big.txt,90701824,131072,sequential,1.0000,0.0000,0,1,90832896,4096,1
364,364_adaptive_phase_change_run04,adaptive,phase_change,1778259533.6507921,/big.txt,90832896,131072,sequential,1.0000,0.0000,0,1,90963968,4096,1
364,364_adaptive_phase_change_run04,adaptive,phase_change,1778259533.6508868,/big.txt,90963968,131072,sequential,1.0000,0.0000,0,1,91095040,4096,1
364,364_adaptive_phase_change_run04,adaptive,phase_change,1778259533.6509748,/big.txt,91095040,131072,sequential,1.0000,0.0000,0,1,91226112,4096,1
364,364_adaptive_phase_change_run04,adaptive,phase_change,1778259533.651063,/big.txt,91226112,131072,sequential,1.0000,0.0000,0,1,91357184,4096,1
364,364_adaptive_phase_change_run04,adaptive,phase_change,1778259533.651151,/big.txt,91357184,131072,sequential,1.0000,0.0000,0,1,91488256,4096,1
364,364_adaptive_phase_change_run04,adaptive,phase_change,1778259533.6512392,/big.txt,91488256,131072,sequential,1.0000,0.0000,0,1,91619328,4096,1
364,364_adaptive_phase_change_run04,adaptive,phase_change,1778259533.6513267,/big.txt,91619328,131072,sequential,1.0000,0.0000,0,1,91750400,4096,1
364,364_adaptive_phase_change_run04,adaptive,phase_change,1778259533.6514146,/big.txt,91750400,131072,sequential,1.0000,0.0000,0,1,91881472,4096,1
364,364_adaptive_phase_change_run04,adaptive,phase_change,1778259533.6515026,/big.txt,91881472,131072,sequential,1.0000,0.0000,0,1,92012544,4096,1
364,364_adaptive_phase_change_run04,adaptive,phase_change,1778259533.6515906,/big.txt,92012544,131072,sequential,1.0000,0.0000,0,1,92143616,4096,1
364,364_adaptive_phase_change_run04,adaptive,phase_change,1778259533.6516783,/big.txt,92143616,131072,sequential,1.0000,0.0000,0,1,92274688,4096,1
364,364_adaptive_phase_change_run04,adaptive,phase_change,1778259533.6517653,/big.txt,92274688,131072,sequential,1.0000,0.0000,0,1,92405760,4096,1
364,364_adaptive_phase_change_run04,adaptive,phase_change,1778259533.6518574,/big.txt,92405760,131072,sequential,1.0000,0.0000,0,1,92536832,4096,1
364,364_adaptive_phase_change_run04,adaptive,phase_change,1778259533.6519468,/big.txt,92536832,131072,sequential,1.0000,0.0000,0,1,92667904,4096,1
364,364_adaptive_phase_change_run04,adaptive,phase_change,1778259533.6520348,/big.txt,92667904,131072,sequential,1.0000,0.0000,0,1,92798976,4096,1
364,364_adaptive_phase_change_run04,adaptive,phase_change,1778259533.6521227,/big.txt,92798976,131072,sequential,1.0000,0.0000,0,1,92930048,4096,1
364,364_adaptive_phase_change_run04,adaptive,phase_change,1778259533.6522107,/big.txt,92930048,131072,sequential,1.0000,0.0000,0,1,93061120,4096,1
364,364_adaptive_phase_change_run04,adaptive,phase_change,1778259533.652299,/big.txt,93061120,131072,sequential,1.0000,0.0000,0,1,93192192,4096,1
364,364_adaptive_phase_change_run04,adaptive,phase_change,1778259533.6523867,/big.txt,93192192,131072,sequential,1.0000,0.0000,0,1,93323264,4096,1
364,364_adaptive_phase_change_run04,adaptive,phase_change,1778259533.6524744,/big.txt,93323264,131072,sequential,1.0000,0.0000,0,1,93454336,4096,1
364,364_adaptive_phase_change_run04,adaptive,phase_change,1778259533.652566,/big.txt,93454336,131072,sequential,1.0000,0.0000,0,1,93585408,4096,1
364,364_adaptive_phase_change_run04,adaptive,phase_change,1778259533.6526551,/big.txt,93585408,131072,sequential,1.0000,0.0000,0,1,93716480,4096,1
364,364_adaptive_phase_change_run04,adaptive,phase_change,1778259533.6527429,/big.txt,93716480,131072,sequential,1.0000,0.0000,0,1,93847552,4096,1
364,364_adaptive_phase_change_run04,adaptive,phase_change,1778259533.6528301,/big.txt,93847552,131072,sequential,1.0000,0.0000,0,1,93978624,4096,1
364,364_adaptive_phase_change_run04,adaptive,phase_change,1778259533.6529183,/big.txt,93978624,131072,sequential,1.0000,0.0000,0,1,94109696,4096,1
364,364_adaptive_phase_change_run04,adaptive,phase_change,1778259533.6530085,/big.txt,94109696,131072,sequential,1.0000,0.0000,0,1,94240768,4096,1
364,364_adaptive_phase_change_run04,adaptive,phase_change,1778259533.6530964,/big.txt,94240768,131072,sequential,1.0000,0.0000,0,1,94371840,4096,1
364,364_adaptive_phase_change_run04,adaptive,phase_change,1778259533.6531844,/big.txt,94371840,131072,sequential,1.0000,0.0000,0,1,94502912,4096,1
364,364_adaptive_phase_change_run04,adaptive,phase_change,1778259533.6532726,/big.txt,94502912,131072,sequential,1.0000,0.0000,0,1,94633984,4096,1
364,364_adaptive_phase_change_run04,adaptive,phase_change,1778259533.653365,/big.txt,94633984,131072,sequential,1.0000,0.0000,0,1,94765056,4096,1
364,364_adaptive_phase_change_run04,adaptive,phase_change,1778259533.6534543,/big.txt,94765056,131072,sequential,1.0000,0.0000,0,1,94896128,4096,1
364,364_adaptive_phase_change_run04,adaptive,phase_change,1778259533.6535425,/big.txt,94896128,131072,sequential,1.0000,0.0000,0,1,95027200,4096,1
364,364_adaptive_phase_change_run04,adaptive,phase_change,1778259533.6536305,/big.txt,95027200,131072,sequential,1.0000,0.0000,0,1,95158272,4096,1
364,364_adaptive_phase_change_run04,adaptive,phase_change,1778259533.653719,/big.txt,95158272,131072,sequential,1.0000,0.0000,0,1,95289344,4096,1
364,364_adaptive_phase_change_run04,adaptive,phase_change,1778259533.6538079,/big.txt,95289344,131072,sequential,1.0000,0.0000,0,1,95420416,4096,1
364,364_adaptive_phase_change_run04,adaptive,phase_change,1778259533.6538987,/big.txt,95420416,131072,sequential,1.0000,0.0000,0,1,95551488,4096,1
364,364_adaptive_phase_change_run04,adaptive,phase_change,1778259533.6539874,/big.txt,95551488,131072,sequential,1.0000,0.0000,0,1,95682560,4096,1
364,364_adaptive_phase_change_run04,adaptive,phase_change,1778259533.654079,/big.txt,95682560,131072,sequential,1.0000,0.0000,0,1,95813632,4096,1
364,364_adaptive_phase_change_run04,adaptive,phase_change,1778259533.654168,/big.txt,95813632,131072,sequential,1.0000,0.0000,0,1,95944704,4096,1
364,364_adaptive_phase_change_run04,adaptive,phase_change,1778259533.6542559,/big.txt,95944704,131072,sequential,1.0000,0.0000,0,1,96075776,4096,1
364,364_adaptive_phase_change_run04,adaptive,phase_change,1778259533.6543438,/big.txt,96075776,131072,sequential,1.0000,0.0000,0,1,96206848,4096,1
364,364_adaptive_phase_change_run04,adaptive,phase_change,1778259533.6544328,/big.txt,96206848,131072,sequential,1.0000,0.0000,0,1,96337920,4096,1
364,364_adaptive_phase_change_run04,adaptive,phase_change,1778259533.6545208,/big.txt,96337920,131072,sequential,1.0000,0.0000,0,1,96468992,4096,1
364,364_adaptive_phase_change_run04,adaptive,phase_change,1778259533.6546092,/big.txt,96468992,131072,sequential,1.0000,0.0000,0,1,96600064,4096,1
364,364_adaptive_phase_change_run04,adaptive,phase_change,1778259533.6546972,/big.txt,96600064,131072,sequential,1.0000,0.0000,0,1,96731136,4096,1
364,364_adaptive_phase_change_run04,adaptive,phase_change,1778259533.6547947,/big.txt,96731136,131072,sequential,1.0000,0.0000,0,1,96862208,4096,1
364,364_adaptive_phase_change_run04,adaptive,phase_change,1778259533.654887,/big.txt,96862208,131072,sequential,1.0000,0.0000,0,1,96993280,4096,1
364,364_adaptive_phase_change_run04,adaptive,phase_change,1778259533.654976,/big.txt,96993280,131072,sequential,1.0000,0.0000,0,1,97124352,4096,1
364,364_adaptive_phase_change_run04,adaptive,phase_change,1778259533.655064,/big.txt,97124352,131072,sequential,1.0000,0.0000,0,1,97255424,4096,1
364,364_adaptive_phase_change_run04,adaptive,phase_change,1778259533.6551518,/big.txt,97255424,131072,sequential,1.0000,0.0000,0,1,97386496,4096,1
364,364_adaptive_phase_change_run04,adaptive,phase_change,1778259533.6552405,/big.txt,97386496,131072,sequential,1.0000,0.0000,0,1,97517568,4096,1
364,364_adaptive_phase_change_run04,adaptive,phase_change,1778259533.6553285,/big.txt,97517568,131072,sequential,1.0000,0.0000,0,1,97648640,4096,1
364,364_adaptive_phase_change_run04,adaptive,phase_change,1778259533.6554193,/big.txt,97648640,131072,sequential,1.0000,0.0000,0,1,97779712,4096,1
364,364_adaptive_phase_change_run04,adaptive,phase_change,1778259533.6555078,/big.txt,97779712,131072,sequential,1.0000,0.0000,0,1,97910784,4096,1
364,364_adaptive_phase_change_run04,adaptive,phase_change,1778259533.6555958,/big.txt,97910784,131072,sequential,1.0000,0.0000,0,1,98041856,4096,1
364,364_adaptive_phase_change_run04,adaptive,phase_change,1778259533.6556852,/big.txt,98041856,131072,sequential,1.0000,0.0000,0,1,98172928,4096,1
364,364_adaptive_phase_change_run04,adaptive,phase_change,1778259533.6557786,/big.txt,98172928,131072,sequential,1.0000,0.0000,0,1,98304000,4096,1
364,364_adaptive_phase_change_run04,adaptive,phase_change,1778259533.655869,/big.txt,98304000,131072,sequential,1.0000,0.0000,0,1,98435072,4096,1
364,364_adaptive_phase_change_run04,adaptive,phase_change,1778259533.655961,/big.txt,98435072,131072,sequential,1.0000,0.0000,0,1,98566144,4096,1
364,364_adaptive_phase_change_run04,adaptive,phase_change,1778259533.656051,/big.txt,98566144,131072,sequential,1.0000,0.0000,0,1,98697216,4096,1
364,364_adaptive_phase_change_run04,adaptive,phase_change,1778259533.6561396,/big.txt,98697216,131072,sequential,1.0000,0.0000,0,1,98828288,4096,1
364,364_adaptive_phase_change_run04,adaptive,phase_change,1778259533.656228,/big.txt,98828288,131072,sequential,1.0000,0.0000,0,1,98959360,4096,1
364,364_adaptive_phase_change_run04,adaptive,phase_change,1778259533.656317,/big.txt,98959360,131072,sequential,1.0000,0.0000,0,1,99090432,4096,1
364,364_adaptive_phase_change_run04,adaptive,phase_change,1778259533.6564045,/big.txt,99090432,131072,sequential,1.0000,0.0000,0,1,99221504,4096,1
364,364_adaptive_phase_change_run04,adaptive,phase_change,1778259533.656493,/big.txt,99221504,131072,sequential,1.0000,0.0000,0,1,99352576,4096,1
364,364_adaptive_phase_change_run04,adaptive,phase_change,1778259533.6565807,/big.txt,99352576,131072,sequential,1.0000,0.0000,0,1,99483648,4096,1
364,364_adaptive_phase_change_run04,adaptive,phase_change,1778259533.6566691,/big.txt,99483648,131072,sequential,1.0000,0.0000,0,1,99614720,4096,1
364,364_adaptive_phase_change_run04,adaptive,phase_change,1778259533.6567633,/big.txt,99614720,131072,sequential,1.0000,0.0000,0,1,99745792,4096,1
364,364_adaptive_phase_change_run04,adaptive,phase_change,1778259533.6568527,/big.txt,99745792,131072,sequential,1.0000,0.0000,0,1,99876864,4096,1
364,364_adaptive_phase_change_run04,adaptive,phase_change,1778259533.65694,/big.txt,99876864,131072,sequential,1.0000,0.0000,0,1,100007936,4096,1
364,364_adaptive_phase_change_run04,adaptive,phase_change,1778259533.6570284,/big.txt,100007936,131072,sequential,1.0000,0.0000,0,1,100139008,4096,1
364,364_adaptive_phase_change_run04,adaptive,phase_change,1778259533.6571164,/big.txt,100139008,131072,sequential,1.0000,0.0000,0,1,100270080,4096,1
364,364_adaptive_phase_change_run04,adaptive,phase_change,1778259533.6572044,/big.txt,100270080,131072,sequential,1.0000,0.0000,0,1,100401152,4096,1
364,364_adaptive_phase_change_run04,adaptive,phase_change,1778259533.6572921,/big.txt,100401152,131072,sequential,1.0000,0.0000,0,1,100532224,4096,1
364,364_adaptive_phase_change_run04,adaptive,phase_change,1778259533.6573794,/big.txt,100532224,131072,sequential,1.0000,0.0000,0,1,100663296,4096,1
364,364_adaptive_phase_change_run04,adaptive,phase_change,1778259533.6574714,/big.txt,100663296,131072,sequential,1.0000,0.0000,0,1,100794368,4096,1
364,364_adaptive_phase_change_run04,adaptive,phase_change,1778259533.6575603,/big.txt,100794368,131072,sequential,1.0000,0.0000,0,1,100925440,4096,1
364,364_adaptive_phase_change_run04,adaptive,phase_change,1778259533.6576486,/big.txt,100925440,131072,sequential,1.0000,0.0000,0,1,101056512,4096,1
364,364_adaptive_phase_change_run04,adaptive,phase_change,1778259533.6577363,/big.txt,101056512,131072,sequential,1.0000,0.0000,0,1,101187584,4096,1
364,364_adaptive_phase_change_run04,adaptive,phase_change,1778259533.6578243,/big.txt,101187584,131072,sequential,1.0000,0.0000,0,1,101318656,4096,1
364,364_adaptive_phase_change_run04,adaptive,phase_change,1778259533.6579146,/big.txt,101318656,131072,sequential,1.0000,0.0000,0,1,101449728,4096,1
364,364_adaptive_phase_change_run04,adaptive,phase_change,1778259533.658003,/big.txt,101449728,131072,sequential,1.0000,0.0000,0,1,101580800,4096,1
364,364_adaptive_phase_change_run04,adaptive,phase_change,1778259533.658091,/big.txt,101580800,131072,sequential,1.0000,0.0000,0,1,101711872,4096,1
364,364_adaptive_phase_change_run04,adaptive,phase_change,1778259533.658179,/big.txt,101711872,131072,sequential,1.0000,0.0000,0,1,101842944,4096,1
364,364_adaptive_phase_change_run04,adaptive,phase_change,1778259533.658276,/big.txt,101842944,131072,sequential,1.0000,0.0000,0,1,101974016,4096,1
364,364_adaptive_phase_change_run04,adaptive,phase_change,1778259533.6583648,/big.txt,101974016,131072,sequential,1.0000,0.0000,0,1,102105088,4096,1
364,364_adaptive_phase_change_run04,adaptive,phase_change,1778259533.6584527,/big.txt,102105088,131072,sequential,1.0000,0.0000,0,1,102236160,4096,1
364,364_adaptive_phase_change_run04,adaptive,phase_change,1778259533.6585407,/big.txt,102236160,131072,sequential,1.0000,0.0000,0,1,102367232,4096,1
364,364_adaptive_phase_change_run04,adaptive,phase_change,1778259533.6586294,/big.txt,102367232,131072,sequential,1.0000,0.0000,0,1,102498304,4096,1
364,364_adaptive_phase_change_run04,adaptive,phase_change,1778259533.65872,/big.txt,102498304,131072,sequential,1.0000,0.0000,0,1,102629376,4096,1
364,364_adaptive_phase_change_run04,adaptive,phase_change,1778259533.658814,/big.txt,102629376,131072,sequential,1.0000,0.0000,0,1,102760448,4096,1
364,364_adaptive_phase_change_run04,adaptive,phase_change,1778259533.6589038,/big.txt,102760448,131072,sequential,1.0000,0.0000,0,1,102891520,4096,1
364,364_adaptive_phase_change_run04,adaptive,phase_change,1778259533.6589918,/big.txt,102891520,131072,sequential,1.0000,0.0000,0,1,103022592,4096,1
364,364_adaptive_phase_change_run04,adaptive,phase_change,1778259533.6590798,/big.txt,103022592,131072,sequential,1.0000,0.0000,0,1,103153664,4096,1
364,364_adaptive_phase_change_run04,adaptive,phase_change,1778259533.6591678,/big.txt,103153664,131072,sequential,1.0000,0.0000,0,1,103284736,4096,1
364,364_adaptive_phase_change_run04,adaptive,phase_change,1778259533.6592555,/big.txt,103284736,131072,sequential,1.0000,0.0000,0,1,103415808,4096,1
364,364_adaptive_phase_change_run04,adaptive,phase_change,1778259533.6593442,/big.txt,103415808,131072,sequential,1.0000,0.0000,0,1,103546880,4096,1
364,364_adaptive_phase_change_run04,adaptive,phase_change,1778259533.6594322,/big.txt,103546880,131072,sequential,1.0000,0.0000,0,1,103677952,4096,1
364,364_adaptive_phase_change_run04,adaptive,phase_change,1778259533.6595206,/big.txt,103677952,131072,sequential,1.0000,0.0000,0,1,103809024,4096,1
364,364_adaptive_phase_change_run04,adaptive,phase_change,1778259533.6596081,/big.txt,103809024,131072,sequential,1.0000,0.0000,0,1,103940096,4096,1
364,364_adaptive_phase_change_run04,adaptive,phase_change,1778259533.6596963,/big.txt,103940096,131072,sequential,1.0000,0.0000,0,1,104071168,4096,1
364,364_adaptive_phase_change_run04,adaptive,phase_change,1778259533.6597836,/big.txt,104071168,131072,sequential,1.0000,0.0000,0,1,104202240,4096,1
364,364_adaptive_phase_change_run04,adaptive,phase_change,1778259533.6598709,/big.txt,104202240,131072,sequential,1.0000,0.0000,0,1,104333312,4096,1
364,364_adaptive_phase_change_run04,adaptive,phase_change,1778259533.6599584,/big.txt,104333312,131072,sequential,1.0000,0.0000,0,1,104464384,4096,1
364,364_adaptive_phase_change_run04,adaptive,phase_change,1778259533.6600485,/big.txt,104464384,131072,sequential,1.0000,0.0000,0,1,104595456,4096,1
364,364_adaptive_phase_change_run04,adaptive,phase_change,1778259533.6601374,/big.txt,104595456,131072,sequential,1.0000,0.0000,0,1,104726528,4096,1
364,364_adaptive_phase_change_run04,adaptive,phase_change,1778259533.6602256,/big.txt,104726528,131072,sequential,1.0000,0.0000,0,1,104857600,4096,1
364,364_adaptive_phase_change_run04,adaptive,phase_change,1778259533.6602874,/big.txt,104857600,0,sequential,1.0000,0.0000,0,0,,,1
364,364_adaptive_phase_change_run04,adaptive,phase_change,1778259533.6615663,/big.txt,20480,4096,seek-suppressed,0.7500,0.2500,104837120,0,,,1
364,364_adaptive_phase_change_run04,adaptive,phase_change,1778259533.6625538,/big.txt,491520,4096,irregular,0.5000,0.2500,466944,0,,,1
364,364_adaptive_phase_change_run04,adaptive,phase_change,1778259533.6634958,/big.txt,172032,4096,irregular,0.2500,0.2500,323584,0,,,1
364,364_adaptive_phase_change_run04,adaptive,phase_change,1778259533.6645224,/big.txt,1228800,4096,seek-suppressed,0.0000,0.2500,1052672,0,,,1
364,364_adaptive_phase_change_run04,adaptive,phase_change,1778259533.665378,/big.txt,69632,4096,seek-suppressed,0.0000,0.0000,1163264,0,,,1
364,364_adaptive_phase_change_run04,adaptive,phase_change,1778259533.666143,/big.txt,1024000,4096,irregular,0.0000,0.0000,950272,0,,,1
364,364_adaptive_phase_change_run04,adaptive,phase_change,1778259533.6670046,/big.txt,360448,4096,irregular,0.0000,0.0000,667648,0,,,1
364,364_adaptive_phase_change_run04,adaptive,phase_change,1778259533.6678617,/big.txt,778240,4096,irregular,0.0000,0.0000,413696,0,,,1
364,364_adaptive_phase_change_run04,adaptive,phase_change,1778259533.6686902,/big.txt,245760,4096,irregular,0.0000,0.0000,536576,0,,,1
364,364_adaptive_phase_change_run04,adaptive,phase_change,1778259533.6694474,/big.txt,40960,4096,irregular,0.0000,0.0000,208896,0,,,1
364,364_adaptive_phase_change_run04,adaptive,phase_change,1778259533.670206,/big.txt,1363968,4096,seek-suppressed,0.0000,0.0000,1318912,0,,,1
364,364_adaptive_phase_change_run04,adaptive,phase_change,1778259533.671157,/big.txt,307200,4096,seek-suppressed,0.0000,0.0000,1060864,0,,,1
364,364_adaptive_phase_change_run04,adaptive,phase_change,1778259533.672135,/big.txt,2097152,4096,seek-suppressed,0.0000,0.0000,1785856,0,,,1
364,364_adaptive_phase_change_run04,adaptive,phase_change,1778259533.6730096,/big.txt,819200,4096,seek-suppressed,0.0000,0.0000,1282048,0,,,1
364,364_adaptive_phase_change_run04,adaptive,phase_change,1778259533.6737616,/big.txt,1843200,4096,irregular,0.0000,0.0000,1019904,0,,,1
364,364_adaptive_phase_change_run04,adaptive,phase_change,1778259533.6745045,/big.txt,405504,4096,seek-suppressed,0.0000,0.0000,1441792,0,,,1
364,364_adaptive_phase_change_run04,adaptive,phase_change,1778259533.6754274,/big.txt,2457600,4096,seek-suppressed,0.0000,0.0000,2048000,0,,,1
364,364_adaptive_phase_change_run04,adaptive,phase_change,1778259533.6763623,/big.txt,614400,4096,seek-suppressed,0.0000,0.0000,1847296,0,,,1
364,364_adaptive_phase_change_run04,adaptive,phase_change,1778259533.6771314,/big.txt,2949120,4096,seek-suppressed,0.0000,0.0000,2330624,0,,,1
364,364_adaptive_phase_change_run04,adaptive,phase_change,1778259533.6778986,/big.txt,1556480,4096,seek-suppressed,0.0000,0.0000,1396736,0,,,1
364,364_adaptive_phase_change_run04,adaptive,phase_change,1778259533.6786673,/big.txt,102400,4096,seek-suppressed,0.0000,0.0000,1458176,0,,,1
364,364_adaptive_phase_change_run04,adaptive,phase_change,1778259533.679495,/big.txt,1966080,4096,seek-suppressed,0.0000,0.0000,1859584,0,,,1
364,364_adaptive_phase_change_run04,adaptive,phase_change,1778259533.680262,/big.txt,2621440,4096,irregular,0.0000,0.0000,651264,0,,,1
364,364_adaptive_phase_change_run04,adaptive,phase_change,1778259533.6810606,/big.txt,225280,4096,seek-suppressed,0.0000,0.0000,2400256,0,,,1
364,364_adaptive_phase_change_run04,adaptive,phase_change,1778259533.6818295,/big.txt,3317760,4096,seek-suppressed,0.0000,0.0000,3088384,0,,,1
364,364_adaptive_phase_change_run04,adaptive,phase_change,1778259533.6826417,/big.txt,0,131072,seek-suppressed,0.0000,0.0000,3321856,0,,,1
364,364_adaptive_phase_change_run04,adaptive,phase_change,1778259533.6827261,/big.txt,131072,131072,irregular,0.2500,0.0000,0,0,,,1
364,364_adaptive_phase_change_run04,adaptive,phase_change,1778259533.6828399,/big.txt,262144,131072,irregular,0.5000,0.0000,0,0,,,1
364,364_adaptive_phase_change_run04,adaptive,phase_change,1778259533.6829486,/big.txt,393216,131072,irregular,0.7500,0.0000,0,0,,,1
364,364_adaptive_phase_change_run04,adaptive,phase_change,1778259533.6830745,/big.txt,524288,131072,sequential,1.0000,0.0000,0,1,655360,4096,1
364,364_adaptive_phase_change_run04,adaptive,phase_change,1778259533.6831975,/big.txt,655360,131072,sequential,1.0000,0.0000,0,1,786432,4096,1
364,364_adaptive_phase_change_run04,adaptive,phase_change,1778259533.6833177,/big.txt,786432,131072,sequential,1.0000,0.0000,0,1,917504,4096,1
364,364_adaptive_phase_change_run04,adaptive,phase_change,1778259533.6834126,/big.txt,917504,131072,sequential,1.0000,0.0000,0,1,1048576,4096,1
364,364_adaptive_phase_change_run04,adaptive,phase_change,1778259533.683513,/big.txt,1048576,131072,sequential,1.0000,0.0000,0,1,1179648,4096,1
364,364_adaptive_phase_change_run04,adaptive,phase_change,1778259533.683606,/big.txt,1179648,131072,sequential,1.0000,0.0000,0,1,1310720,4096,1
364,364_adaptive_phase_change_run04,adaptive,phase_change,1778259533.6836994,/big.txt,1310720,131072,sequential,1.0000,0.0000,0,1,1441792,4096,1
364,364_adaptive_phase_change_run04,adaptive,phase_change,1778259533.6837928,/big.txt,1441792,131072,sequential,1.0000,0.0000,0,1,1572864,4096,1
364,364_adaptive_phase_change_run04,adaptive,phase_change,1778259533.6838849,/big.txt,1572864,131072,sequential,1.0000,0.0000,0,1,1703936,4096,1
364,364_adaptive_phase_change_run04,adaptive,phase_change,1778259533.6839774,/big.txt,1703936,131072,sequential,1.0000,0.0000,0,1,1835008,4096,1
364,364_adaptive_phase_change_run04,adaptive,phase_change,1778259533.6840703,/big.txt,1835008,131072,sequential,1.0000,0.0000,0,1,1966080,4096,1
364,364_adaptive_phase_change_run04,adaptive,phase_change,1778259533.6841674,/big.txt,1966080,131072,sequential,1.0000,0.0000,0,1,2097152,4096,1
364,364_adaptive_phase_change_run04,adaptive,phase_change,1778259533.6842628,/big.txt,2097152,131072,sequential,1.0000,0.0000,0,1,2228224,4096,1
364,364_adaptive_phase_change_run04,adaptive,phase_change,1778259533.6843553,/big.txt,2228224,131072,sequential,1.0000,0.0000,0,1,2359296,4096,1
364,364_adaptive_phase_change_run04,adaptive,phase_change,1778259533.6844466,/big.txt,2359296,131072,sequential,1.0000,0.0000,0,1,2490368,4096,1
364,364_adaptive_phase_change_run04,adaptive,phase_change,1778259533.6845381,/big.txt,2490368,131072,sequential,1.0000,0.0000,0,1,2621440,4096,1
364,364_adaptive_phase_change_run04,adaptive,phase_change,1778259533.6846354,/big.txt,2621440,131072,sequential,1.0000,0.0000,0,1,2752512,4096,1
364,364_adaptive_phase_change_run04,adaptive,phase_change,1778259533.6847277,/big.txt,2752512,131072,sequential,1.0000,0.0000,0,1,2883584,4096,1
364,364_adaptive_phase_change_run04,adaptive,phase_change,1778259533.6848187,/big.txt,2883584,131072,sequential,1.0000,0.0000,0,1,3014656,4096,1
364,364_adaptive_phase_change_run04,adaptive,phase_change,1778259533.6849086,/big.txt,3014656,131072,sequential,1.0000,0.0000,0,1,3145728,4096,1
364,364_adaptive_phase_change_run04,adaptive,phase_change,1778259533.6849995,/big.txt,3145728,131072,sequential,1.0000,0.0000,0,1,3276800,4096,1
364,364_adaptive_phase_change_run04,adaptive,phase_change,1778259533.6850884,/big.txt,3276800,131072,sequential,1.0000,0.0000,0,1,3407872,4096,1
364,364_adaptive_phase_change_run04,adaptive,phase_change,1778259533.6851778,/big.txt,3407872,131072,sequential,1.0000,0.0000,0,1,3538944,4096,1
364,364_adaptive_phase_change_run04,adaptive,phase_change,1778259533.685267,/big.txt,3538944,131072,sequential,1.0000,0.0000,0,1,3670016,4096,1
364,364_adaptive_phase_change_run04,adaptive,phase_change,1778259533.6853569,/big.txt,3670016,131072,sequential,1.0000,0.0000,0,1,3801088,4096,1
364,364_adaptive_phase_change_run04,adaptive,phase_change,1778259533.6854453,/big.txt,3801088,131072,sequential,1.0000,0.0000,0,1,3932160,4096,1
364,364_adaptive_phase_change_run04,adaptive,phase_change,1778259533.685535,/big.txt,3932160,131072,sequential,1.0000,0.0000,0,1,4063232,4096,1
364,364_adaptive_phase_change_run04,adaptive,phase_change,1778259533.6856241,/big.txt,4063232,131072,sequential,1.0000,0.0000,0,1,4194304,4096,1
364,364_adaptive_phase_change_run04,adaptive,phase_change,1778259533.6857142,/big.txt,4194304,131072,sequential,1.0000,0.0000,0,1,4325376,4096,1
364,364_adaptive_phase_change_run04,adaptive,phase_change,1778259533.6858034,/big.txt,4325376,131072,sequential,1.0000,0.0000,0,1,4456448,4096,1
364,364_adaptive_phase_change_run04,adaptive,phase_change,1778259533.685895,/big.txt,4456448,131072,sequential,1.0000,0.0000,0,1,4587520,4096,1
364,364_adaptive_phase_change_run04,adaptive,phase_change,1778259533.6859858,/big.txt,4587520,131072,sequential,1.0000,0.0000,0,1,4718592,4096,1
364,364_adaptive_phase_change_run04,adaptive,phase_change,1778259533.6860821,/big.txt,4718592,131072,sequential,1.0000,0.0000,0,1,4849664,4096,1
364,364_adaptive_phase_change_run04,adaptive,phase_change,1778259533.6861725,/big.txt,4849664,131072,sequential,1.0000,0.0000,0,1,4980736,4096,1
364,364_adaptive_phase_change_run04,adaptive,phase_change,1778259533.6862645,/big.txt,4980736,131072,sequential,1.0000,0.0000,0,1,5111808,4096,1
364,364_adaptive_phase_change_run04,adaptive,phase_change,1778259533.6863544,/big.txt,5111808,131072,sequential,1.0000,0.0000,0,1,5242880,4096,1
364,364_adaptive_phase_change_run04,adaptive,phase_change,1778259533.6864443,/big.txt,5242880,131072,sequential,1.0000,0.0000,0,1,5373952,4096,1
364,364_adaptive_phase_change_run04,adaptive,phase_change,1778259533.6865335,/big.txt,5373952,131072,sequential,1.0000,0.0000,0,1,5505024,4096,1
364,364_adaptive_phase_change_run04,adaptive,phase_change,1778259533.6866217,/big.txt,5505024,131072,sequential,1.0000,0.0000,0,1,5636096,4096,1
364,364_adaptive_phase_change_run04,adaptive,phase_change,1778259533.686711,/big.txt,5636096,131072,sequential,1.0000,0.0000,0,1,5767168,4096,1
364,364_adaptive_phase_change_run04,adaptive,phase_change,1778259533.6868474,/big.txt,5767168,131072,sequential,1.0000,0.0000,0,1,5898240,4096,1
364,364_adaptive_phase_change_run04,adaptive,phase_change,1778259533.6869407,/big.txt,5898240,131072,sequential,1.0000,0.0000,0,1,6029312,4096,1
364,364_adaptive_phase_change_run04,adaptive,phase_change,1778259533.6870348,/big.txt,6029312,131072,sequential,1.0000,0.0000,0,1,6160384,4096,1
364,364_adaptive_phase_change_run04,adaptive,phase_change,1778259533.6871269,/big.txt,6160384,131072,sequential,1.0000,0.0000,0,1,6291456,4096,1
364,364_adaptive_phase_change_run04,adaptive,phase_change,1778259533.687217,/big.txt,6291456,131072,sequential,1.0000,0.0000,0,1,6422528,4096,1
364,364_adaptive_phase_change_run04,adaptive,phase_change,1778259533.6873074,/big.txt,6422528,131072,sequential,1.0000,0.0000,0,1,6553600,4096,1
364,364_adaptive_phase_change_run04,adaptive,phase_change,1778259533.6873982,/big.txt,6553600,131072,sequential,1.0000,0.0000,0,1,6684672,4096,1
364,364_adaptive_phase_change_run04,adaptive,phase_change,1778259533.6874895,/big.txt,6684672,131072,sequential,1.0000,0.0000,0,1,6815744,4096,1
364,364_adaptive_phase_change_run04,adaptive,phase_change,1778259533.6875825,/big.txt,6815744,131072,sequential,1.0000,0.0000,0,1,6946816,4096,1
364,364_adaptive_phase_change_run04,adaptive,phase_change,1778259533.6876729,/big.txt,6946816,131072,sequential,1.0000,0.0000,0,1,7077888,4096,1
364,364_adaptive_phase_change_run04,adaptive,phase_change,1778259533.687763,/big.txt,7077888,131072,sequential,1.0000,0.0000,0,1,7208960,4096,1
364,364_adaptive_phase_change_run04,adaptive,phase_change,1778259533.6878533,/big.txt,7208960,131072,sequential,1.0000,0.0000,0,1,7340032,4096,1
364,364_adaptive_phase_change_run04,adaptive,phase_change,1778259533.6879437,/big.txt,7340032,131072,sequential,1.0000,0.0000,0,1,7471104,4096,1
364,364_adaptive_phase_change_run04,adaptive,phase_change,1778259533.6880338,/big.txt,7471104,131072,sequential,1.0000,0.0000,0,1,7602176,4096,1
364,364_adaptive_phase_change_run04,adaptive,phase_change,1778259533.6881237,/big.txt,7602176,131072,sequential,1.0000,0.0000,0,1,7733248,4096,1
364,364_adaptive_phase_change_run04,adaptive,phase_change,1778259533.688218,/big.txt,7733248,131072,sequential,1.0000,0.0000,0,1,7864320,4096,1
364,364_adaptive_phase_change_run04,adaptive,phase_change,1778259533.6883094,/big.txt,7864320,131072,sequential,1.0000,0.0000,0,1,7995392,4096,1
364,364_adaptive_phase_change_run04,adaptive,phase_change,1778259533.6883986,/big.txt,7995392,131072,sequential,1.0000,0.0000,0,1,8126464,4096,1
364,364_adaptive_phase_change_run04,adaptive,phase_change,1778259533.6884909,/big.txt,8126464,131072,sequential,1.0000,0.0000,0,1,8257536,4096,1
364,364_adaptive_phase_change_run04,adaptive,phase_change,1778259533.6885827,/big.txt,8257536,131072,sequential,1.0000,0.0000,0,1,8388608,4096,1
364,364_adaptive_phase_change_run04,adaptive,phase_change,1778259533.6886787,/big.txt,8388608,131072,sequential,1.0000,0.0000,0,1,8519680,4096,1
364,364_adaptive_phase_change_run04,adaptive,phase_change,1778259533.6887696,/big.txt,8519680,131072,sequential,1.0000,0.0000,0,1,8650752,4096,1
364,364_adaptive_phase_change_run04,adaptive,phase_change,1778259533.6888647,/big.txt,8650752,131072,sequential,1.0000,0.0000,0,1,8781824,4096,1
364,364_adaptive_phase_change_run04,adaptive,phase_change,1778259533.6889563,/big.txt,8781824,131072,sequential,1.0000,0.0000,0,1,8912896,4096,1
364,364_adaptive_phase_change_run04,adaptive,phase_change,1778259533.6890476,/big.txt,8912896,131072,sequential,1.0000,0.0000,0,1,9043968,4096,1
364,364_adaptive_phase_change_run04,adaptive,phase_change,1778259533.6891377,/big.txt,9043968,131072,sequential,1.0000,0.0000,0,1,9175040,4096,1
364,364_adaptive_phase_change_run04,adaptive,phase_change,1778259533.6892278,/big.txt,9175040,131072,sequential,1.0000,0.0000,0,1,9306112,4096,1
364,364_adaptive_phase_change_run04,adaptive,phase_change,1778259533.6893175,/big.txt,9306112,131072,sequential,1.0000,0.0000,0,1,9437184,4096,1
364,364_adaptive_phase_change_run04,adaptive,phase_change,1778259533.689408,/big.txt,9437184,131072,sequential,1.0000,0.0000,0,1,9568256,4096,1
364,364_adaptive_phase_change_run04,adaptive,phase_change,1778259533.689499,/big.txt,9568256,131072,sequential,1.0000,0.0000,0,1,9699328,4096,1
364,364_adaptive_phase_change_run04,adaptive,phase_change,1778259533.6895905,/big.txt,9699328,131072,sequential,1.0000,0.0000,0,1,9830400,4096,1
364,364_adaptive_phase_change_run04,adaptive,phase_change,1778259533.6896808,/big.txt,9830400,131072,sequential,1.0000,0.0000,0,1,9961472,4096,1
364,364_adaptive_phase_change_run04,adaptive,phase_change,1778259533.6897721,/big.txt,9961472,131072,sequential,1.0000,0.0000,0,1,10092544,4096,1
364,364_adaptive_phase_change_run04,adaptive,phase_change,1778259533.6898623,/big.txt,10092544,131072,sequential,1.0000,0.0000,0,1,10223616,4096,1
364,364_adaptive_phase_change_run04,adaptive,phase_change,1778259533.689956,/big.txt,10223616,131072,sequential,1.0000,0.0000,0,1,10354688,4096,1
364,364_adaptive_phase_change_run04,adaptive,phase_change,1778259533.6900477,/big.txt,10354688,131072,sequential,1.0000,0.0000,0,1,10485760,4096,1
364,364_adaptive_phase_change_run04,adaptive,phase_change,1778259533.6901395,/big.txt,10485760,131072,sequential,1.0000,0.0000,0,1,10616832,4096,1
364,364_adaptive_phase_change_run04,adaptive,phase_change,1778259533.6902304,/big.txt,10616832,131072,sequential,1.0000,0.0000,0,1,10747904,4096,1
364,364_adaptive_phase_change_run04,adaptive,phase_change,1778259533.6903217,/big.txt,10747904,131072,sequential,1.0000,0.0000,0,1,10878976,4096,1
364,364_adaptive_phase_change_run04,adaptive,phase_change,1778259533.6904128,/big.txt,10878976,131072,sequential,1.0000,0.0000,0,1,11010048,4096,1
364,364_adaptive_phase_change_run04,adaptive,phase_change,1778259533.6905067,/big.txt,11010048,131072,sequential,1.0000,0.0000,0,1,11141120,4096,1
364,364_adaptive_phase_change_run04,adaptive,phase_change,1778259533.6906009,/big.txt,11141120,131072,sequential,1.0000,0.0000,0,1,11272192,4096,1
364,364_adaptive_phase_change_run04,adaptive,phase_change,1778259533.690693,/big.txt,11272192,131072,sequential,1.0000,0.0000,0,1,11403264,4096,1
364,364_adaptive_phase_change_run04,adaptive,phase_change,1778259533.69081,/big.txt,11403264,131072,sequential,1.0000,0.0000,0,1,11534336,4096,1
364,364_adaptive_phase_change_run04,adaptive,phase_change,1778259533.690918,/big.txt,11534336,131072,sequential,1.0000,0.0000,0,1,11665408,4096,1
364,364_adaptive_phase_change_run04,adaptive,phase_change,1778259533.6910095,/big.txt,11665408,131072,sequential,1.0000,0.0000,0,1,11796480,4096,1
364,364_adaptive_phase_change_run04,adaptive,phase_change,1778259533.6911004,/big.txt,11796480,131072,sequential,1.0000,0.0000,0,1,11927552,4096,1
364,364_adaptive_phase_change_run04,adaptive,phase_change,1778259533.6911912,/big.txt,11927552,131072,sequential,1.0000,0.0000,0,1,12058624,4096,1
364,364_adaptive_phase_change_run04,adaptive,phase_change,1778259533.6912873,/big.txt,12058624,131072,sequential,1.0000,0.0000,0,1,12189696,4096,1
364,364_adaptive_phase_change_run04,adaptive,phase_change,1778259533.6913788,/big.txt,12189696,131072,sequential,1.0000,0.0000,0,1,12320768,4096,1
364,364_adaptive_phase_change_run04,adaptive,phase_change,1778259533.6914704,/big.txt,12320768,131072,sequential,1.0000,0.0000,0,1,12451840,4096,1
364,364_adaptive_phase_change_run04,adaptive,phase_change,1778259533.6915622,/big.txt,12451840,131072,sequential,1.0000,0.0000,0,1,12582912,4096,1
364,364_adaptive_phase_change_run04,adaptive,phase_change,1778259533.6916542,/big.txt,12582912,131072,sequential,1.0000,0.0000,0,1,12713984,4096,1
364,364_adaptive_phase_change_run04,adaptive,phase_change,1778259533.6917489,/big.txt,12713984,131072,sequential,1.0000,0.0000,0,1,12845056,4096,1
364,364_adaptive_phase_change_run04,adaptive,phase_change,1778259533.691841,/big.txt,12845056,131072,sequential,1.0000,0.0000,0,1,12976128,4096,1
364,364_adaptive_phase_change_run04,adaptive,phase_change,1778259533.6919315,/big.txt,12976128,131072,sequential,1.0000,0.0000,0,1,13107200,4096,1
364,364_adaptive_phase_change_run04,adaptive,phase_change,1778259533.6920226,/big.txt,13107200,131072,sequential,1.0000,0.0000,0,1,13238272,4096,1
364,364_adaptive_phase_change_run04,adaptive,phase_change,1778259533.6921132,/big.txt,13238272,131072,sequential,1.0000,0.0000,0,1,13369344,4096,1
364,364_adaptive_phase_change_run04,adaptive,phase_change,1778259533.692205,/big.txt,13369344,131072,sequential,1.0000,0.0000,0,1,13500416,4096,1
364,364_adaptive_phase_change_run04,adaptive,phase_change,1778259533.6922963,/big.txt,13500416,131072,sequential,1.0000,0.0000,0,1,13631488,4096,1
364,364_adaptive_phase_change_run04,adaptive,phase_change,1778259533.6923866,/big.txt,13631488,131072,sequential,1.0000,0.0000,0,1,13762560,4096,1
364,364_adaptive_phase_change_run04,adaptive,phase_change,1778259533.6924772,/big.txt,13762560,131072,sequential,1.0000,0.0000,0,1,13893632,4096,1
364,364_adaptive_phase_change_run04,adaptive,phase_change,1778259533.692569,/big.txt,13893632,131072,sequential,1.0000,0.0000,0,1,14024704,4096,1
364,364_adaptive_phase_change_run04,adaptive,phase_change,1778259533.6926606,/big.txt,14024704,131072,sequential,1.0000,0.0000,0,1,14155776,4096,1
364,364_adaptive_phase_change_run04,adaptive,phase_change,1778259533.6927552,/big.txt,14155776,131072,sequential,1.0000,0.0000,0,1,14286848,4096,1
364,364_adaptive_phase_change_run04,adaptive,phase_change,1778259533.6928463,/big.txt,14286848,131072,sequential,1.0000,0.0000,0,1,14417920,4096,1
364,364_adaptive_phase_change_run04,adaptive,phase_change,1778259533.6929398,/big.txt,14417920,131072,sequential,1.0000,0.0000,0,1,14548992,4096,1
364,364_adaptive_phase_change_run04,adaptive,phase_change,1778259533.6930308,/big.txt,14548992,131072,sequential,1.0000,0.0000,0,1,14680064,4096,1
364,364_adaptive_phase_change_run04,adaptive,phase_change,1778259533.6931214,/big.txt,14680064,131072,sequential,1.0000,0.0000,0,1,14811136,4096,1
364,364_adaptive_phase_change_run04,adaptive,phase_change,1778259533.6932113,/big.txt,14811136,131072,sequential,1.0000,0.0000,0,1,14942208,4096,1
364,364_adaptive_phase_change_run04,adaptive,phase_change,1778259533.693302,/big.txt,14942208,131072,sequential,1.0000,0.0000,0,1,15073280,4096,1
364,364_adaptive_phase_change_run04,adaptive,phase_change,1778259533.6933954,/big.txt,15073280,131072,sequential,1.0000,0.0000,0,1,15204352,4096,1
364,364_adaptive_phase_change_run04,adaptive,phase_change,1778259533.693487,/big.txt,15204352,131072,sequential,1.0000,0.0000,0,1,15335424,4096,1
364,364_adaptive_phase_change_run04,adaptive,phase_change,1778259533.6935773,/big.txt,15335424,131072,sequential,1.0000,0.0000,0,1,15466496,4096,1
364,364_adaptive_phase_change_run04,adaptive,phase_change,1778259533.6936688,/big.txt,15466496,131072,sequential,1.0000,0.0000,0,1,15597568,4096,1
364,364_adaptive_phase_change_run04,adaptive,phase_change,1778259533.6937609,/big.txt,15597568,131072,sequential,1.0000,0.0000,0,1,15728640,4096,1
364,364_adaptive_phase_change_run04,adaptive,phase_change,1778259533.6938572,/big.txt,15728640,131072,sequential,1.0000,0.0000,0,1,15859712,4096,1
364,364_adaptive_phase_change_run04,adaptive,phase_change,1778259533.6939492,/big.txt,15859712,131072,sequential,1.0000,0.0000,0,1,15990784,4096,1
364,364_adaptive_phase_change_run04,adaptive,phase_change,1778259533.6940405,/big.txt,15990784,131072,sequential,1.0000,0.0000,0,1,16121856,4096,1
364,364_adaptive_phase_change_run04,adaptive,phase_change,1778259533.6941323,/big.txt,16121856,131072,sequential,1.0000,0.0000,0,1,16252928,4096,1
364,364_adaptive_phase_change_run04,adaptive,phase_change,1778259533.6942236,/big.txt,16252928,131072,sequential,1.0000,0.0000,0,1,16384000,4096,1
364,364_adaptive_phase_change_run04,adaptive,phase_change,1778259533.6943145,/big.txt,16384000,131072,sequential,1.0000,0.0000,0,1,16515072,4096,1
364,364_adaptive_phase_change_run04,adaptive,phase_change,1778259533.6944058,/big.txt,16515072,131072,sequential,1.0000,0.0000,0,1,16646144,4096,1
364,364_adaptive_phase_change_run04,adaptive,phase_change,1778259533.694498,/big.txt,16646144,131072,sequential,1.0000,0.0000,0,1,16777216,4096,1
364,364_adaptive_phase_change_run04,adaptive,phase_change,1778259533.6945887,/big.txt,16777216,131072,sequential,1.0000,0.0000,0,1,16908288,4096,1
364,364_adaptive_phase_change_run04,adaptive,phase_change,1778259533.6946795,/big.txt,16908288,131072,sequential,1.0000,0.0000,0,1,17039360,4096,1
364,364_adaptive_phase_change_run04,adaptive,phase_change,1778259533.6947818,/big.txt,17039360,131072,sequential,1.0000,0.0000,0,1,17170432,4096,1
364,364_adaptive_phase_change_run04,adaptive,phase_change,1778259533.6949093,/big.txt,17170432,131072,sequential,1.0000,0.0000,0,1,17301504,4096,1
364,364_adaptive_phase_change_run04,adaptive,phase_change,1778259533.6950004,/big.txt,17301504,131072,sequential,1.0000,0.0000,0,1,17432576,4096,1
364,364_adaptive_phase_change_run04,adaptive,phase_change,1778259533.695091,/big.txt,17432576,131072,sequential,1.0000,0.0000,0,1,17563648,4096,1
364,364_adaptive_phase_change_run04,adaptive,phase_change,1778259533.6951828,/big.txt,17563648,131072,sequential,1.0000,0.0000,0,1,17694720,4096,1
364,364_adaptive_phase_change_run04,adaptive,phase_change,1778259533.6952744,/big.txt,17694720,131072,sequential,1.0000,0.0000,0,1,17825792,4096,1
364,364_adaptive_phase_change_run04,adaptive,phase_change,1778259533.6953688,/big.txt,17825792,131072,sequential,1.0000,0.0000,0,1,17956864,4096,1
364,364_adaptive_phase_change_run04,adaptive,phase_change,1778259533.69546,/big.txt,17956864,131072,sequential,1.0000,0.0000,0,1,18087936,4096,1
364,364_adaptive_phase_change_run04,adaptive,phase_change,1778259533.6955512,/big.txt,18087936,131072,sequential,1.0000,0.0000,0,1,18219008,4096,1
364,364_adaptive_phase_change_run04,adaptive,phase_change,1778259533.6956425,/big.txt,18219008,131072,sequential,1.0000,0.0000,0,1,18350080,4096,1
364,364_adaptive_phase_change_run04,adaptive,phase_change,1778259533.6957343,/big.txt,18350080,131072,sequential,1.0000,0.0000,0,1,18481152,4096,1
364,364_adaptive_phase_change_run04,adaptive,phase_change,1778259533.6958253,/big.txt,18481152,131072,sequential,1.0000,0.0000,0,1,18612224,4096,1
364,364_adaptive_phase_change_run04,adaptive,phase_change,1778259533.6959202,/big.txt,18612224,131072,sequential,1.0000,0.0000,0,1,18743296,4096,1
364,364_adaptive_phase_change_run04,adaptive,phase_change,1778259533.6960127,/big.txt,18743296,131072,sequential,1.0000,0.0000,0,1,18874368,4096,1
364,364_adaptive_phase_change_run04,adaptive,phase_change,1778259533.6961045,/big.txt,18874368,131072,sequential,1.0000,0.0000,0,1,19005440,4096,1
364,364_adaptive_phase_change_run04,adaptive,phase_change,1778259533.6961946,/big.txt,19005440,131072,sequential,1.0000,0.0000,0,1,19136512,4096,1
364,364_adaptive_phase_change_run04,adaptive,phase_change,1778259533.6962886,/big.txt,19136512,131072,sequential,1.0000,0.0000,0,1,19267584,4096,1
364,364_adaptive_phase_change_run04,adaptive,phase_change,1778259533.6963875,/big.txt,19267584,131072,sequential,1.0000,0.0000,0,1,19398656,4096,1
364,364_adaptive_phase_change_run04,adaptive,phase_change,1778259533.6964798,/big.txt,19398656,131072,sequential,1.0000,0.0000,0,1,19529728,4096,1
364,364_adaptive_phase_change_run04,adaptive,phase_change,1778259533.6965709,/big.txt,19529728,131072,sequential,1.0000,0.0000,0,1,19660800,4096,1
364,364_adaptive_phase_change_run04,adaptive,phase_change,1778259533.6966622,/big.txt,19660800,131072,sequential,1.0000,0.0000,0,1,19791872,4096,1
364,364_adaptive_phase_change_run04,adaptive,phase_change,1778259533.6967528,/big.txt,19791872,131072,sequential,1.0000,0.0000,0,1,19922944,4096,1
364,364_adaptive_phase_change_run04,adaptive,phase_change,1778259533.696843,/big.txt,19922944,131072,sequential,1.0000,0.0000,0,1,20054016,4096,1
364,364_adaptive_phase_change_run04,adaptive,phase_change,1778259533.696933,/big.txt,20054016,131072,sequential,1.0000,0.0000,0,1,20185088,4096,1
364,364_adaptive_phase_change_run04,adaptive,phase_change,1778259533.697026,/big.txt,20185088,131072,sequential,1.0000,0.0000,0,1,20316160,4096,1
364,364_adaptive_phase_change_run04,adaptive,phase_change,1778259533.6971169,/big.txt,20316160,131072,sequential,1.0000,0.0000,0,1,20447232,4096,1
364,364_adaptive_phase_change_run04,adaptive,phase_change,1778259533.6972077,/big.txt,20447232,131072,sequential,1.0000,0.0000,0,1,20578304,4096,1
364,364_adaptive_phase_change_run04,adaptive,phase_change,1778259533.6972985,/big.txt,20578304,131072,sequential,1.0000,0.0000,0,1,20709376,4096,1
364,364_adaptive_phase_change_run04,adaptive,phase_change,1778259533.6973891,/big.txt,20709376,131072,sequential,1.0000,0.0000,0,1,20840448,4096,1
364,364_adaptive_phase_change_run04,adaptive,phase_change,1778259533.6974812,/big.txt,20840448,131072,sequential,1.0000,0.0000,0,1,20971520,4096,1
364,364_adaptive_phase_change_run04,adaptive,phase_change,1778259533.6975732,/big.txt,20971520,131072,sequential,1.0000,0.0000,0,1,21102592,4096,1
364,364_adaptive_phase_change_run04,adaptive,phase_change,1778259533.6976647,/big.txt,21102592,131072,sequential,1.0000,0.0000,0,1,21233664,4096,1
364,364_adaptive_phase_change_run04,adaptive,phase_change,1778259533.6977556,/big.txt,21233664,131072,sequential,1.0000,0.0000,0,1,21364736,4096,1
364,364_adaptive_phase_change_run04,adaptive,phase_change,1778259533.6978457,/big.txt,21364736,131072,sequential,1.0000,0.0000,0,1,21495808,4096,1
364,364_adaptive_phase_change_run04,adaptive,phase_change,1778259533.6979365,/big.txt,21495808,131072,sequential,1.0000,0.0000,0,1,21626880,4096,1
364,364_adaptive_phase_change_run04,adaptive,phase_change,1778259533.698028,/big.txt,21626880,131072,sequential,1.0000,0.0000,0,1,21757952,4096,1
364,364_adaptive_phase_change_run04,adaptive,phase_change,1778259533.6981196,/big.txt,21757952,131072,sequential,1.0000,0.0000,0,1,21889024,4096,1
364,364_adaptive_phase_change_run04,adaptive,phase_change,1778259533.6982098,/big.txt,21889024,131072,sequential,1.0000,0.0000,0,1,22020096,4096,1
364,364_adaptive_phase_change_run04,adaptive,phase_change,1778259533.6983004,/big.txt,22020096,131072,sequential,1.0000,0.0000,0,1,22151168,4096,1
364,364_adaptive_phase_change_run04,adaptive,phase_change,1778259533.6983926,/big.txt,22151168,131072,sequential,1.0000,0.0000,0,1,22282240,4096,1
364,364_adaptive_phase_change_run04,adaptive,phase_change,1778259533.6984851,/big.txt,22282240,131072,sequential,1.0000,0.0000,0,1,22413312,4096,1
364,364_adaptive_phase_change_run04,adaptive,phase_change,1778259533.6985767,/big.txt,22413312,131072,sequential,1.0000,0.0000,0,1,22544384,4096,1
364,364_adaptive_phase_change_run04,adaptive,phase_change,1778259533.6986687,/big.txt,22544384,131072,sequential,1.0000,0.0000,0,1,22675456,4096,1
364,364_adaptive_phase_change_run04,adaptive,phase_change,1778259533.698762,/big.txt,22675456,131072,sequential,1.0000,0.0000,0,1,22806528,4096,1
364,364_adaptive_phase_change_run04,adaptive,phase_change,1778259533.6989136,/big.txt,22806528,131072,sequential,1.0000,0.0000,0,1,22937600,4096,1
364,364_adaptive_phase_change_run04,adaptive,phase_change,1778259533.6990416,/big.txt,22937600,131072,sequential,1.0000,0.0000,0,1,23068672,4096,1
364,364_adaptive_phase_change_run04,adaptive,phase_change,1778259533.6991646,/big.txt,23068672,131072,sequential,1.0000,0.0000,0,1,23199744,4096,1
364,364_adaptive_phase_change_run04,adaptive,phase_change,1778259533.6992877,/big.txt,23199744,131072,sequential,1.0000,0.0000,0,1,23330816,4096,1
364,364_adaptive_phase_change_run04,adaptive,phase_change,1778259533.6994104,/big.txt,23330816,131072,sequential,1.0000,0.0000,0,1,23461888,4096,1
364,364_adaptive_phase_change_run04,adaptive,phase_change,1778259533.6995327,/big.txt,23461888,131072,sequential,1.0000,0.0000,0,1,23592960,4096,1
364,364_adaptive_phase_change_run04,adaptive,phase_change,1778259533.699645,/big.txt,23592960,131072,sequential,1.0000,0.0000,0,1,23724032,4096,1
364,364_adaptive_phase_change_run04,adaptive,phase_change,1778259533.69974,/big.txt,23724032,131072,sequential,1.0000,0.0000,0,1,23855104,4096,1
364,364_adaptive_phase_change_run04,adaptive,phase_change,1778259533.699834,/big.txt,23855104,131072,sequential,1.0000,0.0000,0,1,23986176,4096,1
364,364_adaptive_phase_change_run04,adaptive,phase_change,1778259533.6999283,/big.txt,23986176,131072,sequential,1.0000,0.0000,0,1,24117248,4096,1
364,364_adaptive_phase_change_run04,adaptive,phase_change,1778259533.7000225,/big.txt,24117248,131072,sequential,1.0000,0.0000,0,1,24248320,4096,1
364,364_adaptive_phase_change_run04,adaptive,phase_change,1778259533.7001166,/big.txt,24248320,131072,sequential,1.0000,0.0000,0,1,24379392,4096,1
364,364_adaptive_phase_change_run04,adaptive,phase_change,1778259533.7002106,/big.txt,24379392,131072,sequential,1.0000,0.0000,0,1,24510464,4096,1
364,364_adaptive_phase_change_run04,adaptive,phase_change,1778259533.7003036,/big.txt,24510464,131072,sequential,1.0000,0.0000,0,1,24641536,4096,1
364,364_adaptive_phase_change_run04,adaptive,phase_change,1778259533.7003973,/big.txt,24641536,131072,sequential,1.0000,0.0000,0,1,24772608,4096,1
364,364_adaptive_phase_change_run04,adaptive,phase_change,1778259533.7004888,/big.txt,24772608,131072,sequential,1.0000,0.0000,0,1,24903680,4096,1
364,364_adaptive_phase_change_run04,adaptive,phase_change,1778259533.7005794,/big.txt,24903680,131072,sequential,1.0000,0.0000,0,1,25034752,4096,1
364,364_adaptive_phase_change_run04,adaptive,phase_change,1778259533.70067,/big.txt,25034752,131072,sequential,1.0000,0.0000,0,1,25165824,4096,1
364,364_adaptive_phase_change_run04,adaptive,phase_change,1778259533.7007613,/big.txt,25165824,131072,sequential,1.0000,0.0000,0,1,25296896,4096,1
364,364_adaptive_phase_change_run04,adaptive,phase_change,1778259533.700853,/big.txt,25296896,131072,sequential,1.0000,0.0000,0,1,25427968,4096,1
364,364_adaptive_phase_change_run04,adaptive,phase_change,1778259533.7009466,/big.txt,25427968,131072,sequential,1.0000,0.0000,0,1,25559040,4096,1
364,364_adaptive_phase_change_run04,adaptive,phase_change,1778259533.701039,/big.txt,25559040,131072,sequential,1.0000,0.0000,0,1,25690112,4096,1
364,364_adaptive_phase_change_run04,adaptive,phase_change,1778259533.7011309,/big.txt,25690112,131072,sequential,1.0000,0.0000,0,1,25821184,4096,1
364,364_adaptive_phase_change_run04,adaptive,phase_change,1778259533.7012284,/big.txt,25821184,131072,sequential,1.0000,0.0000,0,1,25952256,4096,1
364,364_adaptive_phase_change_run04,adaptive,phase_change,1778259533.7013223,/big.txt,25952256,131072,sequential,1.0000,0.0000,0,1,26083328,4096,1
364,364_adaptive_phase_change_run04,adaptive,phase_change,1778259533.7014148,/big.txt,26083328,131072,sequential,1.0000,0.0000,0,1,26214400,4096,1
364,364_adaptive_phase_change_run04,adaptive,phase_change,1778259533.701507,/big.txt,26214400,131072,sequential,1.0000,0.0000,0,1,26345472,4096,1
364,364_adaptive_phase_change_run04,adaptive,phase_change,1778259533.7015998,/big.txt,26345472,131072,sequential,1.0000,0.0000,0,1,26476544,4096,1
364,364_adaptive_phase_change_run04,adaptive,phase_change,1778259533.7016912,/big.txt,26476544,131072,sequential,1.0000,0.0000,0,1,26607616,4096,1
364,364_adaptive_phase_change_run04,adaptive,phase_change,1778259533.701788,/big.txt,26607616,131072,sequential,1.0000,0.0000,0,1,26738688,4096,1
364,364_adaptive_phase_change_run04,adaptive,phase_change,1778259533.7018795,/big.txt,26738688,131072,sequential,1.0000,0.0000,0,1,26869760,4096,1
364,364_adaptive_phase_change_run04,adaptive,phase_change,1778259533.7019703,/big.txt,26869760,131072,sequential,1.0000,0.0000,0,1,27000832,4096,1
364,364_adaptive_phase_change_run04,adaptive,phase_change,1778259533.7020614,/big.txt,27000832,131072,sequential,1.0000,0.0000,0,1,27131904,4096,1
364,364_adaptive_phase_change_run04,adaptive,phase_change,1778259533.7021527,/big.txt,27131904,131072,sequential,1.0000,0.0000,0,1,27262976,4096,1
364,364_adaptive_phase_change_run04,adaptive,phase_change,1778259533.7022438,/big.txt,27262976,131072,sequential,1.0000,0.0000,0,1,27394048,4096,1
364,364_adaptive_phase_change_run04,adaptive,phase_change,1778259533.7023351,/big.txt,27394048,131072,sequential,1.0000,0.0000,0,1,27525120,4096,1
364,364_adaptive_phase_change_run04,adaptive,phase_change,1778259533.702425,/big.txt,27525120,131072,sequential,1.0000,0.0000,0,1,27656192,4096,1
364,364_adaptive_phase_change_run04,adaptive,phase_change,1778259533.7025166,/big.txt,27656192,131072,sequential,1.0000,0.0000,0,1,27787264,4096,1
364,364_adaptive_phase_change_run04,adaptive,phase_change,1778259533.7026098,/big.txt,27787264,131072,sequential,1.0000,0.0000,0,1,27918336,4096,1
364,364_adaptive_phase_change_run04,adaptive,phase_change,1778259533.7027006,/big.txt,27918336,131072,sequential,1.0000,0.0000,0,1,28049408,4096,1
364,364_adaptive_phase_change_run04,adaptive,phase_change,1778259533.7028444,/big.txt,28049408,131072,sequential,1.0000,0.0000,0,1,28180480,4096,1
364,364_adaptive_phase_change_run04,adaptive,phase_change,1778259533.70297,/big.txt,28180480,131072,sequential,1.0000,0.0000,0,1,28311552,4096,1
364,364_adaptive_phase_change_run04,adaptive,phase_change,1778259533.7030919,/big.txt,28311552,131072,sequential,1.0000,0.0000,0,1,28442624,4096,1
364,364_adaptive_phase_change_run04,adaptive,phase_change,1778259533.703215,/big.txt,28442624,131072,sequential,1.0000,0.0000,0,1,28573696,4096,1
364,364_adaptive_phase_change_run04,adaptive,phase_change,1778259533.7033374,/big.txt,28573696,131072,sequential,1.0000,0.0000,0,1,28704768,4096,1
364,364_adaptive_phase_change_run04,adaptive,phase_change,1778259533.7034583,/big.txt,28704768,131072,sequential,1.0000,0.0000,0,1,28835840,4096,1
364,364_adaptive_phase_change_run04,adaptive,phase_change,1778259533.7035687,/big.txt,28835840,131072,sequential,1.0000,0.0000,0,1,28966912,4096,1
364,364_adaptive_phase_change_run04,adaptive,phase_change,1778259533.7036605,/big.txt,28966912,131072,sequential,1.0000,0.0000,0,1,29097984,4096,1
364,364_adaptive_phase_change_run04,adaptive,phase_change,1778259533.7037523,/big.txt,29097984,131072,sequential,1.0000,0.0000,0,1,29229056,4096,1
364,364_adaptive_phase_change_run04,adaptive,phase_change,1778259533.703845,/big.txt,29229056,131072,sequential,1.0000,0.0000,0,1,29360128,4096,1
364,364_adaptive_phase_change_run04,adaptive,phase_change,1778259533.7039375,/big.txt,29360128,131072,sequential,1.0000,0.0000,0,1,29491200,4096,1
364,364_adaptive_phase_change_run04,adaptive,phase_change,1778259533.7040308,/big.txt,29491200,131072,sequential,1.0000,0.0000,0,1,29622272,4096,1
364,364_adaptive_phase_change_run04,adaptive,phase_change,1778259533.7041245,/big.txt,29622272,131072,sequential,1.0000,0.0000,0,1,29753344,4096,1
364,364_adaptive_phase_change_run04,adaptive,phase_change,1778259533.7042172,/big.txt,29753344,131072,sequential,1.0000,0.0000,0,1,29884416,4096,1
364,364_adaptive_phase_change_run04,adaptive,phase_change,1778259533.704311,/big.txt,29884416,131072,sequential,1.0000,0.0000,0,1,30015488,4096,1
364,364_adaptive_phase_change_run04,adaptive,phase_change,1778259533.7044027,/big.txt,30015488,131072,sequential,1.0000,0.0000,0,1,30146560,4096,1
364,364_adaptive_phase_change_run04,adaptive,phase_change,1778259533.7044983,/big.txt,30146560,131072,sequential,1.0000,0.0000,0,1,30277632,4096,1
364,364_adaptive_phase_change_run04,adaptive,phase_change,1778259533.7045894,/big.txt,30277632,131072,sequential,1.0000,0.0000,0,1,30408704,4096,1
364,364_adaptive_phase_change_run04,adaptive,phase_change,1778259533.7046802,/big.txt,30408704,131072,sequential,1.0000,0.0000,0,1,30539776,4096,1
364,364_adaptive_phase_change_run04,adaptive,phase_change,1778259533.704771,/big.txt,30539776,131072,sequential,1.0000,0.0000,0,1,30670848,4096,1
364,364_adaptive_phase_change_run04,adaptive,phase_change,1778259533.7048624,/big.txt,30670848,131072,sequential,1.0000,0.0000,0,1,30801920,4096,1
364,364_adaptive_phase_change_run04,adaptive,phase_change,1778259533.7049527,/big.txt,30801920,131072,sequential,1.0000,0.0000,0,1,30932992,4096,1
364,364_adaptive_phase_change_run04,adaptive,phase_change,1778259533.7050428,/big.txt,30932992,131072,sequential,1.0000,0.0000,0,1,31064064,4096,1
364,364_adaptive_phase_change_run04,adaptive,phase_change,1778259533.7051337,/big.txt,31064064,131072,sequential,1.0000,0.0000,0,1,31195136,4096,1
364,364_adaptive_phase_change_run04,adaptive,phase_change,1778259533.7052238,/big.txt,31195136,131072,sequential,1.0000,0.0000,0,1,31326208,4096,1
364,364_adaptive_phase_change_run04,adaptive,phase_change,1778259533.7053142,/big.txt,31326208,131072,sequential,1.0000,0.0000,0,1,31457280,4096,1
364,364_adaptive_phase_change_run04,adaptive,phase_change,1778259533.7054038,/big.txt,31457280,131072,sequential,1.0000,0.0000,0,1,31588352,4096,1
364,364_adaptive_phase_change_run04,adaptive,phase_change,1778259533.7054949,/big.txt,31588352,131072,sequential,1.0000,0.0000,0,1,31719424,4096,1
364,364_adaptive_phase_change_run04,adaptive,phase_change,1778259533.705587,/big.txt,31719424,131072,sequential,1.0000,0.0000,0,1,31850496,4096,1
364,364_adaptive_phase_change_run04,adaptive,phase_change,1778259533.705678,/big.txt,31850496,131072,sequential,1.0000,0.0000,0,1,31981568,4096,1
364,364_adaptive_phase_change_run04,adaptive,phase_change,1778259533.705769,/big.txt,31981568,131072,sequential,1.0000,0.0000,0,1,32112640,4096,1
364,364_adaptive_phase_change_run04,adaptive,phase_change,1778259533.7058604,/big.txt,32112640,131072,sequential,1.0000,0.0000,0,1,32243712,4096,1
364,364_adaptive_phase_change_run04,adaptive,phase_change,1778259533.7059515,/big.txt,32243712,131072,sequential,1.0000,0.0000,0,1,32374784,4096,1
364,364_adaptive_phase_change_run04,adaptive,phase_change,1778259533.7060425,/big.txt,32374784,131072,sequential,1.0000,0.0000,0,1,32505856,4096,1
364,364_adaptive_phase_change_run04,adaptive,phase_change,1778259533.7061334,/big.txt,32505856,131072,sequential,1.0000,0.0000,0,1,32636928,4096,1
364,364_adaptive_phase_change_run04,adaptive,phase_change,1778259533.7062242,/big.txt,32636928,131072,sequential,1.0000,0.0000,0,1,32768000,4096,1
364,364_adaptive_phase_change_run04,adaptive,phase_change,1778259533.706321,/big.txt,32768000,131072,sequential,1.0000,0.0000,0,1,32899072,4096,1
364,364_adaptive_phase_change_run04,adaptive,phase_change,1778259533.706412,/big.txt,32899072,131072,sequential,1.0000,0.0000,0,1,33030144,4096,1
364,364_adaptive_phase_change_run04,adaptive,phase_change,1778259533.7065039,/big.txt,33030144,131072,sequential,1.0000,0.0000,0,1,33161216,4096,1
364,364_adaptive_phase_change_run04,adaptive,phase_change,1778259533.7065947,/big.txt,33161216,131072,sequential,1.0000,0.0000,0,1,33292288,4096,1
364,364_adaptive_phase_change_run04,adaptive,phase_change,1778259533.7066855,/big.txt,33292288,131072,sequential,1.0000,0.0000,0,1,33423360,4096,1
364,364_adaptive_phase_change_run04,adaptive,phase_change,1778259533.7068088,/big.txt,33423360,131072,sequential,1.0000,0.0000,0,1,33554432,4096,1
364,364_adaptive_phase_change_run04,adaptive,phase_change,1778259533.706917,/big.txt,33554432,131072,sequential,1.0000,0.0000,0,1,33685504,4096,1
364,364_adaptive_phase_change_run04,adaptive,phase_change,1778259533.7070098,/big.txt,33685504,131072,sequential,1.0000,0.0000,0,1,33816576,4096,1
364,364_adaptive_phase_change_run04,adaptive,phase_change,1778259533.707106,/big.txt,33816576,131072,sequential,1.0000,0.0000,0,1,33947648,4096,1
364,364_adaptive_phase_change_run04,adaptive,phase_change,1778259533.7071986,/big.txt,33947648,131072,sequential,1.0000,0.0000,0,1,34078720,4096,1
364,364_adaptive_phase_change_run04,adaptive,phase_change,1778259533.7072911,/big.txt,34078720,131072,sequential,1.0000,0.0000,0,1,34209792,4096,1
364,364_adaptive_phase_change_run04,adaptive,phase_change,1778259533.7073827,/big.txt,34209792,131072,sequential,1.0000,0.0000,0,1,34340864,4096,1
364,364_adaptive_phase_change_run04,adaptive,phase_change,1778259533.7074747,/big.txt,34340864,131072,sequential,1.0000,0.0000,0,1,34471936,4096,1
364,364_adaptive_phase_change_run04,adaptive,phase_change,1778259533.7075658,/big.txt,34471936,131072,sequential,1.0000,0.0000,0,1,34603008,4096,1
364,364_adaptive_phase_change_run04,adaptive,phase_change,1778259533.7076569,/big.txt,34603008,131072,sequential,1.0000,0.0000,0,1,34734080,4096,1
364,364_adaptive_phase_change_run04,adaptive,phase_change,1778259533.7077472,/big.txt,34734080,131072,sequential,1.0000,0.0000,0,1,34865152,4096,1
364,364_adaptive_phase_change_run04,adaptive,phase_change,1778259533.707839,/big.txt,34865152,131072,sequential,1.0000,0.0000,0,1,34996224,4096,1
364,364_adaptive_phase_change_run04,adaptive,phase_change,1778259533.7079296,/big.txt,34996224,131072,sequential,1.0000,0.0000,0,1,35127296,4096,1
364,364_adaptive_phase_change_run04,adaptive,phase_change,1778259533.7080219,/big.txt,35127296,131072,sequential,1.0000,0.0000,0,1,35258368,4096,1
364,364_adaptive_phase_change_run04,adaptive,phase_change,1778259533.708113,/big.txt,35258368,131072,sequential,1.0000,0.0000,0,1,35389440,4096,1
364,364_adaptive_phase_change_run04,adaptive,phase_change,1778259533.708204,/big.txt,35389440,131072,sequential,1.0000,0.0000,0,1,35520512,4096,1
364,364_adaptive_phase_change_run04,adaptive,phase_change,1778259533.7082956,/big.txt,35520512,131072,sequential,1.0000,0.0000,0,1,35651584,4096,1
364,364_adaptive_phase_change_run04,adaptive,phase_change,1778259533.7083871,/big.txt,35651584,131072,sequential,1.0000,0.0000,0,1,35782656,4096,1
364,364_adaptive_phase_change_run04,adaptive,phase_change,1778259533.7084782,/big.txt,35782656,131072,sequential,1.0000,0.0000,0,1,35913728,4096,1
364,364_adaptive_phase_change_run04,adaptive,phase_change,1778259533.7085695,/big.txt,35913728,131072,sequential,1.0000,0.0000,0,1,36044800,4096,1
364,364_adaptive_phase_change_run04,adaptive,phase_change,1778259533.708662,/big.txt,36044800,131072,sequential,1.0000,0.0000,0,1,36175872,4096,1
364,364_adaptive_phase_change_run04,adaptive,phase_change,1778259533.7087533,/big.txt,36175872,131072,sequential,1.0000,0.0000,0,1,36306944,4096,1
364,364_adaptive_phase_change_run04,adaptive,phase_change,1778259533.7088447,/big.txt,36306944,131072,sequential,1.0000,0.0000,0,1,36438016,4096,1
364,364_adaptive_phase_change_run04,adaptive,phase_change,1778259533.7089365,/big.txt,36438016,131072,sequential,1.0000,0.0000,0,1,36569088,4096,1
364,364_adaptive_phase_change_run04,adaptive,phase_change,1778259533.7090275,/big.txt,36569088,131072,sequential,1.0000,0.0000,0,1,36700160,4096,1
364,364_adaptive_phase_change_run04,adaptive,phase_change,1778259533.7091181,/big.txt,36700160,131072,sequential,1.0000,0.0000,0,1,36831232,4096,1
364,364_adaptive_phase_change_run04,adaptive,phase_change,1778259533.7092094,/big.txt,36831232,131072,sequential,1.0000,0.0000,0,1,36962304,4096,1
364,364_adaptive_phase_change_run04,adaptive,phase_change,1778259533.7093005,/big.txt,36962304,131072,sequential,1.0000,0.0000,0,1,37093376,4096,1
364,364_adaptive_phase_change_run04,adaptive,phase_change,1778259533.7093914,/big.txt,37093376,131072,sequential,1.0000,0.0000,0,1,37224448,4096,1
364,364_adaptive_phase_change_run04,adaptive,phase_change,1778259533.7094822,/big.txt,37224448,131072,sequential,1.0000,0.0000,0,1,37355520,4096,1
364,364_adaptive_phase_change_run04,adaptive,phase_change,1778259533.7095728,/big.txt,37355520,131072,sequential,1.0000,0.0000,0,1,37486592,4096,1
364,364_adaptive_phase_change_run04,adaptive,phase_change,1778259533.7096677,/big.txt,37486592,131072,sequential,1.0000,0.0000,0,1,37617664,4096,1
364,364_adaptive_phase_change_run04,adaptive,phase_change,1778259533.7097583,/big.txt,37617664,131072,sequential,1.0000,0.0000,0,1,37748736,4096,1
364,364_adaptive_phase_change_run04,adaptive,phase_change,1778259533.7098527,/big.txt,37748736,131072,sequential,1.0000,0.0000,0,1,37879808,4096,1
364,364_adaptive_phase_change_run04,adaptive,phase_change,1778259533.7099435,/big.txt,37879808,131072,sequential,1.0000,0.0000,0,1,38010880,4096,1
364,364_adaptive_phase_change_run04,adaptive,phase_change,1778259533.7100332,/big.txt,38010880,131072,sequential,1.0000,0.0000,0,1,38141952,4096,1
364,364_adaptive_phase_change_run04,adaptive,phase_change,1778259533.7101238,/big.txt,38141952,131072,sequential,1.0000,0.0000,0,1,38273024,4096,1
364,364_adaptive_phase_change_run04,adaptive,phase_change,1778259533.7102137,/big.txt,38273024,131072,sequential,1.0000,0.0000,0,1,38404096,4096,1
364,364_adaptive_phase_change_run04,adaptive,phase_change,1778259533.7103033,/big.txt,38404096,131072,sequential,1.0000,0.0000,0,1,38535168,4096,1
364,364_adaptive_phase_change_run04,adaptive,phase_change,1778259533.7103932,/big.txt,38535168,131072,sequential,1.0000,0.0000,0,1,38666240,4096,1
364,364_adaptive_phase_change_run04,adaptive,phase_change,1778259533.710484,/big.txt,38666240,131072,sequential,1.0000,0.0000,0,1,38797312,4096,1
364,364_adaptive_phase_change_run04,adaptive,phase_change,1778259533.710574,/big.txt,38797312,131072,sequential,1.0000,0.0000,0,1,38928384,4096,1
364,364_adaptive_phase_change_run04,adaptive,phase_change,1778259533.710664,/big.txt,38928384,131072,sequential,1.0000,0.0000,0,1,39059456,4096,1
364,364_adaptive_phase_change_run04,adaptive,phase_change,1778259533.7107542,/big.txt,39059456,131072,sequential,1.0000,0.0000,0,1,39190528,4096,1
364,364_adaptive_phase_change_run04,adaptive,phase_change,1778259533.710885,/big.txt,39190528,131072,sequential,1.0000,0.0000,0,1,39321600,4096,1
364,364_adaptive_phase_change_run04,adaptive,phase_change,1778259533.710987,/big.txt,39321600,131072,sequential,1.0000,0.0000,0,1,39452672,4096,1
364,364_adaptive_phase_change_run04,adaptive,phase_change,1778259533.7110972,/big.txt,39452672,131072,sequential,1.0000,0.0000,0,1,39583744,4096,1
364,364_adaptive_phase_change_run04,adaptive,phase_change,1778259533.7112,/big.txt,39583744,131072,sequential,1.0000,0.0000,0,1,39714816,4096,1
364,364_adaptive_phase_change_run04,adaptive,phase_change,1778259533.71131,/big.txt,39714816,131072,sequential,1.0000,0.0000,0,1,39845888,4096,1
364,364_adaptive_phase_change_run04,adaptive,phase_change,1778259533.7114015,/big.txt,39845888,131072,sequential,1.0000,0.0000,0,1,39976960,4096,1
364,364_adaptive_phase_change_run04,adaptive,phase_change,1778259533.7114942,/big.txt,39976960,131072,sequential,1.0000,0.0000,0,1,40108032,4096,1
364,364_adaptive_phase_change_run04,adaptive,phase_change,1778259533.7115858,/big.txt,40108032,131072,sequential,1.0000,0.0000,0,1,40239104,4096,1
364,364_adaptive_phase_change_run04,adaptive,phase_change,1778259533.7116787,/big.txt,40239104,131072,sequential,1.0000,0.0000,0,1,40370176,4096,1
364,364_adaptive_phase_change_run04,adaptive,phase_change,1778259533.7117705,/big.txt,40370176,131072,sequential,1.0000,0.0000,0,1,40501248,4096,1
364,364_adaptive_phase_change_run04,adaptive,phase_change,1778259533.7118635,/big.txt,40501248,131072,sequential,1.0000,0.0000,0,1,40632320,4096,1
364,364_adaptive_phase_change_run04,adaptive,phase_change,1778259533.7119555,/big.txt,40632320,131072,sequential,1.0000,0.0000,0,1,40763392,4096,1
364,364_adaptive_phase_change_run04,adaptive,phase_change,1778259533.712047,/big.txt,40763392,131072,sequential,1.0000,0.0000,0,1,40894464,4096,1
364,364_adaptive_phase_change_run04,adaptive,phase_change,1778259533.712137,/big.txt,40894464,131072,sequential,1.0000,0.0000,0,1,41025536,4096,1
364,364_adaptive_phase_change_run04,adaptive,phase_change,1778259533.7122269,/big.txt,41025536,131072,sequential,1.0000,0.0000,0,1,41156608,4096,1
364,364_adaptive_phase_change_run04,adaptive,phase_change,1778259533.7123213,/big.txt,41156608,131072,sequential,1.0000,0.0000,0,1,41287680,4096,1
364,364_adaptive_phase_change_run04,adaptive,phase_change,1778259533.7124114,/big.txt,41287680,131072,sequential,1.0000,0.0000,0,1,41418752,4096,1
364,364_adaptive_phase_change_run04,adaptive,phase_change,1778259533.7125008,/big.txt,41418752,131072,sequential,1.0000,0.0000,0,1,41549824,4096,1
364,364_adaptive_phase_change_run04,adaptive,phase_change,1778259533.7125902,/big.txt,41549824,131072,sequential,1.0000,0.0000,0,1,41680896,4096,1
364,364_adaptive_phase_change_run04,adaptive,phase_change,1778259533.7126799,/big.txt,41680896,131072,sequential,1.0000,0.0000,0,1,41811968,4096,1
364,364_adaptive_phase_change_run04,adaptive,phase_change,1778259533.7127693,/big.txt,41811968,131072,sequential,1.0000,0.0000,0,1,41943040,4096,1
364,364_adaptive_phase_change_run04,adaptive,phase_change,1778259533.7128594,/big.txt,41943040,131072,sequential,1.0000,0.0000,0,1,42074112,4096,1
364,364_adaptive_phase_change_run04,adaptive,phase_change,1778259533.7129488,/big.txt,42074112,131072,sequential,1.0000,0.0000,0,1,42205184,4096,1
364,364_adaptive_phase_change_run04,adaptive,phase_change,1778259533.7130418,/big.txt,42205184,131072,sequential,1.0000,0.0000,0,1,42336256,4096,1
364,364_adaptive_phase_change_run04,adaptive,phase_change,1778259533.7131333,/big.txt,42336256,131072,sequential,1.0000,0.0000,0,1,42467328,4096,1
364,364_adaptive_phase_change_run04,adaptive,phase_change,1778259533.7132242,/big.txt,42467328,131072,sequential,1.0000,0.0000,0,1,42598400,4096,1
364,364_adaptive_phase_change_run04,adaptive,phase_change,1778259533.7133138,/big.txt,42598400,131072,sequential,1.0000,0.0000,0,1,42729472,4096,1
364,364_adaptive_phase_change_run04,adaptive,phase_change,1778259533.713407,/big.txt,42729472,131072,sequential,1.0000,0.0000,0,1,42860544,4096,1
364,364_adaptive_phase_change_run04,adaptive,phase_change,1778259533.713497,/big.txt,42860544,131072,sequential,1.0000,0.0000,0,1,42991616,4096,1
364,364_adaptive_phase_change_run04,adaptive,phase_change,1778259533.7135873,/big.txt,42991616,131072,sequential,1.0000,0.0000,0,1,43122688,4096,1
364,364_adaptive_phase_change_run04,adaptive,phase_change,1778259533.7136774,/big.txt,43122688,131072,sequential,1.0000,0.0000,0,1,43253760,4096,1
364,364_adaptive_phase_change_run04,adaptive,phase_change,1778259533.713768,/big.txt,43253760,131072,sequential,1.0000,0.0000,0,1,43384832,4096,1
364,364_adaptive_phase_change_run04,adaptive,phase_change,1778259533.7138584,/big.txt,43384832,131072,sequential,1.0000,0.0000,0,1,43515904,4096,1
364,364_adaptive_phase_change_run04,adaptive,phase_change,1778259533.7139482,/big.txt,43515904,131072,sequential,1.0000,0.0000,0,1,43646976,4096,1
364,364_adaptive_phase_change_run04,adaptive,phase_change,1778259533.7140377,/big.txt,43646976,131072,sequential,1.0000,0.0000,0,1,43778048,4096,1
364,364_adaptive_phase_change_run04,adaptive,phase_change,1778259533.7141273,/big.txt,43778048,131072,sequential,1.0000,0.0000,0,1,43909120,4096,1
364,364_adaptive_phase_change_run04,adaptive,phase_change,1778259533.714217,/big.txt,43909120,131072,sequential,1.0000,0.0000,0,1,44040192,4096,1
364,364_adaptive_phase_change_run04,adaptive,phase_change,1778259533.7143068,/big.txt,44040192,131072,sequential,1.0000,0.0000,0,1,44171264,4096,1
364,364_adaptive_phase_change_run04,adaptive,phase_change,1778259533.7143958,/big.txt,44171264,131072,sequential,1.0000,0.0000,0,1,44302336,4096,1
364,364_adaptive_phase_change_run04,adaptive,phase_change,1778259533.7144852,/big.txt,44302336,131072,sequential,1.0000,0.0000,0,1,44433408,4096,1
364,364_adaptive_phase_change_run04,adaptive,phase_change,1778259533.7145758,/big.txt,44433408,131072,sequential,1.0000,0.0000,0,1,44564480,4096,1
364,364_adaptive_phase_change_run04,adaptive,phase_change,1778259533.7146652,/big.txt,44564480,131072,sequential,1.0000,0.0000,0,1,44695552,4096,1
364,364_adaptive_phase_change_run04,adaptive,phase_change,1778259533.714759,/big.txt,44695552,131072,sequential,1.0000,0.0000,0,1,44826624,4096,1
364,364_adaptive_phase_change_run04,adaptive,phase_change,1778259533.7149086,/big.txt,44826624,131072,sequential,1.0000,0.0000,0,1,44957696,4096,1
364,364_adaptive_phase_change_run04,adaptive,phase_change,1778259533.7150004,/big.txt,44957696,131072,sequential,1.0000,0.0000,0,1,45088768,4096,1
364,364_adaptive_phase_change_run04,adaptive,phase_change,1778259533.715091,/big.txt,45088768,131072,sequential,1.0000,0.0000,0,1,45219840,4096,1
364,364_adaptive_phase_change_run04,adaptive,phase_change,1778259533.7151816,/big.txt,45219840,131072,sequential,1.0000,0.0000,0,1,45350912,4096,1
364,364_adaptive_phase_change_run04,adaptive,phase_change,1778259533.7152724,/big.txt,45350912,131072,sequential,1.0000,0.0000,0,1,45481984,4096,1
364,364_adaptive_phase_change_run04,adaptive,phase_change,1778259533.715363,/big.txt,45481984,131072,sequential,1.0000,0.0000,0,1,45613056,4096,1
364,364_adaptive_phase_change_run04,adaptive,phase_change,1778259533.7154534,/big.txt,45613056,131072,sequential,1.0000,0.0000,0,1,45744128,4096,1
364,364_adaptive_phase_change_run04,adaptive,phase_change,1778259533.7155437,/big.txt,45744128,131072,sequential,1.0000,0.0000,0,1,45875200,4096,1
364,364_adaptive_phase_change_run04,adaptive,phase_change,1778259533.7156343,/big.txt,45875200,131072,sequential,1.0000,0.0000,0,1,46006272,4096,1
364,364_adaptive_phase_change_run04,adaptive,phase_change,1778259533.715726,/big.txt,46006272,131072,sequential,1.0000,0.0000,0,1,46137344,4096,1
364,364_adaptive_phase_change_run04,adaptive,phase_change,1778259533.715817,/big.txt,46137344,131072,sequential,1.0000,0.0000,0,1,46268416,4096,1
364,364_adaptive_phase_change_run04,adaptive,phase_change,1778259533.7159085,/big.txt,46268416,131072,sequential,1.0000,0.0000,0,1,46399488,4096,1
364,364_adaptive_phase_change_run04,adaptive,phase_change,1778259533.716,/big.txt,46399488,131072,sequential,1.0000,0.0000,0,1,46530560,4096,1
364,364_adaptive_phase_change_run04,adaptive,phase_change,1778259533.7160916,/big.txt,46530560,131072,sequential,1.0000,0.0000,0,1,46661632,4096,1
364,364_adaptive_phase_change_run04,adaptive,phase_change,1778259533.7161825,/big.txt,46661632,131072,sequential,1.0000,0.0000,0,1,46792704,4096,1
364,364_adaptive_phase_change_run04,adaptive,phase_change,1778259533.716273,/big.txt,46792704,131072,sequential,1.0000,0.0000,0,1,46923776,4096,1
364,364_adaptive_phase_change_run04,adaptive,phase_change,1778259533.7163641,/big.txt,46923776,131072,sequential,1.0000,0.0000,0,1,47054848,4096,1
364,364_adaptive_phase_change_run04,adaptive,phase_change,1778259533.7164547,/big.txt,47054848,131072,sequential,1.0000,0.0000,0,1,47185920,4096,1
364,364_adaptive_phase_change_run04,adaptive,phase_change,1778259533.716546,/big.txt,47185920,131072,sequential,1.0000,0.0000,0,1,47316992,4096,1
364,364_adaptive_phase_change_run04,adaptive,phase_change,1778259533.7166364,/big.txt,47316992,131072,sequential,1.0000,0.0000,0,1,47448064,4096,1
364,364_adaptive_phase_change_run04,adaptive,phase_change,1778259533.7167268,/big.txt,47448064,131072,sequential,1.0000,0.0000,0,1,47579136,4096,1
364,364_adaptive_phase_change_run04,adaptive,phase_change,1778259533.7168174,/big.txt,47579136,131072,sequential,1.0000,0.0000,0,1,47710208,4096,1
364,364_adaptive_phase_change_run04,adaptive,phase_change,1778259533.7169118,/big.txt,47710208,131072,sequential,1.0000,0.0000,0,1,47841280,4096,1
364,364_adaptive_phase_change_run04,adaptive,phase_change,1778259533.7170029,/big.txt,47841280,131072,sequential,1.0000,0.0000,0,1,47972352,4096,1
364,364_adaptive_phase_change_run04,adaptive,phase_change,1778259533.7170932,/big.txt,47972352,131072,sequential,1.0000,0.0000,0,1,48103424,4096,1
364,364_adaptive_phase_change_run04,adaptive,phase_change,1778259533.717183,/big.txt,48103424,131072,sequential,1.0000,0.0000,0,1,48234496,4096,1
364,364_adaptive_phase_change_run04,adaptive,phase_change,1778259533.7172732,/big.txt,48234496,131072,sequential,1.0000,0.0000,0,1,48365568,4096,1
364,364_adaptive_phase_change_run04,adaptive,phase_change,1778259533.717368,/big.txt,48365568,131072,sequential,1.0000,0.0000,0,1,48496640,4096,1
364,364_adaptive_phase_change_run04,adaptive,phase_change,1778259533.717458,/big.txt,48496640,131072,sequential,1.0000,0.0000,0,1,48627712,4096,1
364,364_adaptive_phase_change_run04,adaptive,phase_change,1778259533.717548,/big.txt,48627712,131072,sequential,1.0000,0.0000,0,1,48758784,4096,1
364,364_adaptive_phase_change_run04,adaptive,phase_change,1778259533.7176375,/big.txt,48758784,131072,sequential,1.0000,0.0000,0,1,48889856,4096,1
364,364_adaptive_phase_change_run04,adaptive,phase_change,1778259533.717728,/big.txt,48889856,131072,sequential,1.0000,0.0000,0,1,49020928,4096,1
364,364_adaptive_phase_change_run04,adaptive,phase_change,1778259533.7178173,/big.txt,49020928,131072,sequential,1.0000,0.0000,0,1,49152000,4096,1
364,364_adaptive_phase_change_run04,adaptive,phase_change,1778259533.7179077,/big.txt,49152000,131072,sequential,1.0000,0.0000,0,1,49283072,4096,1
364,364_adaptive_phase_change_run04,adaptive,phase_change,1778259533.7179978,/big.txt,49283072,131072,sequential,1.0000,0.0000,0,1,49414144,4096,1
364,364_adaptive_phase_change_run04,adaptive,phase_change,1778259533.7180874,/big.txt,49414144,131072,sequential,1.0000,0.0000,0,1,49545216,4096,1
364,364_adaptive_phase_change_run04,adaptive,phase_change,1778259533.7181778,/big.txt,49545216,131072,sequential,1.0000,0.0000,0,1,49676288,4096,1
364,364_adaptive_phase_change_run04,adaptive,phase_change,1778259533.718268,/big.txt,49676288,131072,sequential,1.0000,0.0000,0,1,49807360,4096,1
364,364_adaptive_phase_change_run04,adaptive,phase_change,1778259533.7183583,/big.txt,49807360,131072,sequential,1.0000,0.0000,0,1,49938432,4096,1
364,364_adaptive_phase_change_run04,adaptive,phase_change,1778259533.7184489,/big.txt,49938432,131072,sequential,1.0000,0.0000,0,1,50069504,4096,1
364,364_adaptive_phase_change_run04,adaptive,phase_change,1778259533.7185388,/big.txt,50069504,131072,sequential,1.0000,0.0000,0,1,50200576,4096,1
364,364_adaptive_phase_change_run04,adaptive,phase_change,1778259533.7186296,/big.txt,50200576,131072,sequential,1.0000,0.0000,0,1,50331648,4096,1
364,364_adaptive_phase_change_run04,adaptive,phase_change,1778259533.7187197,/big.txt,50331648,131072,sequential,1.0000,0.0000,0,1,50462720,4096,1
364,364_adaptive_phase_change_run04,adaptive,phase_change,1778259533.7188647,/big.txt,50462720,131072,sequential,1.0000,0.0000,0,1,50593792,4096,1
364,364_adaptive_phase_change_run04,adaptive,phase_change,1778259533.7189898,/big.txt,50593792,131072,sequential,1.0000,0.0000,0,1,50724864,4096,1
364,364_adaptive_phase_change_run04,adaptive,phase_change,1778259533.7191117,/big.txt,50724864,131072,sequential,1.0000,0.0000,0,1,50855936,4096,1
364,364_adaptive_phase_change_run04,adaptive,phase_change,1778259533.719234,/big.txt,50855936,131072,sequential,1.0000,0.0000,0,1,50987008,4096,1
364,364_adaptive_phase_change_run04,adaptive,phase_change,1778259533.7193582,/big.txt,50987008,131072,sequential,1.0000,0.0000,0,1,51118080,4096,1
364,364_adaptive_phase_change_run04,adaptive,phase_change,1778259533.7194686,/big.txt,51118080,131072,sequential,1.0000,0.0000,0,1,51249152,4096,1
364,364_adaptive_phase_change_run04,adaptive,phase_change,1778259533.7195616,/big.txt,51249152,131072,sequential,1.0000,0.0000,0,1,51380224,4096,1
364,364_adaptive_phase_change_run04,adaptive,phase_change,1778259533.7196546,/big.txt,51380224,131072,sequential,1.0000,0.0000,0,1,51511296,4096,1
364,364_adaptive_phase_change_run04,adaptive,phase_change,1778259533.7197473,/big.txt,51511296,131072,sequential,1.0000,0.0000,0,1,51642368,4096,1
364,364_adaptive_phase_change_run04,adaptive,phase_change,1778259533.71984,/big.txt,51642368,131072,sequential,1.0000,0.0000,0,1,51773440,4096,1
364,364_adaptive_phase_change_run04,adaptive,phase_change,1778259533.7199326,/big.txt,51773440,131072,sequential,1.0000,0.0000,0,1,51904512,4096,1
364,364_adaptive_phase_change_run04,adaptive,phase_change,1778259533.7200263,/big.txt,51904512,131072,sequential,1.0000,0.0000,0,1,52035584,4096,1
364,364_adaptive_phase_change_run04,adaptive,phase_change,1778259533.7201228,/big.txt,52035584,131072,sequential,1.0000,0.0000,0,1,52166656,4096,1
364,364_adaptive_phase_change_run04,adaptive,phase_change,1778259533.720216,/big.txt,52166656,131072,sequential,1.0000,0.0000,0,1,52297728,4096,1
364,364_adaptive_phase_change_run04,adaptive,phase_change,1778259533.7203074,/big.txt,52297728,131072,sequential,1.0000,0.0000,0,1,52428800,4096,1
364,364_adaptive_phase_change_run04,adaptive,phase_change,1778259533.720399,/big.txt,52428800,131072,sequential,1.0000,0.0000,0,1,52559872,4096,1
364,364_adaptive_phase_change_run04,adaptive,phase_change,1778259533.7204895,/big.txt,52559872,131072,sequential,1.0000,0.0000,0,1,52690944,4096,1
364,364_adaptive_phase_change_run04,adaptive,phase_change,1778259533.720585,/big.txt,52690944,131072,sequential,1.0000,0.0000,0,1,52822016,4096,1
364,364_adaptive_phase_change_run04,adaptive,phase_change,1778259533.7206764,/big.txt,52822016,131072,sequential,1.0000,0.0000,0,1,52953088,4096,1
364,364_adaptive_phase_change_run04,adaptive,phase_change,1778259533.720767,/big.txt,52953088,131072,sequential,1.0000,0.0000,0,1,53084160,4096,1
364,364_adaptive_phase_change_run04,adaptive,phase_change,1778259533.7208571,/big.txt,53084160,131072,sequential,1.0000,0.0000,0,1,53215232,4096,1
364,364_adaptive_phase_change_run04,adaptive,phase_change,1778259533.7209475,/big.txt,53215232,131072,sequential,1.0000,0.0000,0,1,53346304,4096,1
364,364_adaptive_phase_change_run04,adaptive,phase_change,1778259533.7210388,/big.txt,53346304,131072,sequential,1.0000,0.0000,0,1,53477376,4096,1
364,364_adaptive_phase_change_run04,adaptive,phase_change,1778259533.721129,/big.txt,53477376,131072,sequential,1.0000,0.0000,0,1,53608448,4096,1
364,364_adaptive_phase_change_run04,adaptive,phase_change,1778259533.7212193,/big.txt,53608448,131072,sequential,1.0000,0.0000,0,1,53739520,4096,1
364,364_adaptive_phase_change_run04,adaptive,phase_change,1778259533.7213101,/big.txt,53739520,131072,sequential,1.0000,0.0000,0,1,53870592,4096,1
364,364_adaptive_phase_change_run04,adaptive,phase_change,1778259533.721401,/big.txt,53870592,131072,sequential,1.0000,0.0000,0,1,54001664,4096,1
364,364_adaptive_phase_change_run04,adaptive,phase_change,1778259533.721492,/big.txt,54001664,131072,sequential,1.0000,0.0000,0,1,54132736,4096,1
364,364_adaptive_phase_change_run04,adaptive,phase_change,1778259533.721583,/big.txt,54132736,131072,sequential,1.0000,0.0000,0,1,54263808,4096,1
364,364_adaptive_phase_change_run04,adaptive,phase_change,1778259533.7216735,/big.txt,54263808,131072,sequential,1.0000,0.0000,0,1,54394880,4096,1
364,364_adaptive_phase_change_run04,adaptive,phase_change,1778259533.721765,/big.txt,54394880,131072,sequential,1.0000,0.0000,0,1,54525952,4096,1
364,364_adaptive_phase_change_run04,adaptive,phase_change,1778259533.7218554,/big.txt,54525952,131072,sequential,1.0000,0.0000,0,1,54657024,4096,1
364,364_adaptive_phase_change_run04,adaptive,phase_change,1778259533.7219467,/big.txt,54657024,131072,sequential,1.0000,0.0000,0,1,54788096,4096,1
364,364_adaptive_phase_change_run04,adaptive,phase_change,1778259533.722049,/big.txt,54788096,131072,sequential,1.0000,0.0000,0,1,54919168,4096,1
364,364_adaptive_phase_change_run04,adaptive,phase_change,1778259533.7221413,/big.txt,54919168,131072,sequential,1.0000,0.0000,0,1,55050240,4096,1
364,364_adaptive_phase_change_run04,adaptive,phase_change,1778259533.7222323,/big.txt,55050240,131072,sequential,1.0000,0.0000,0,1,55181312,4096,1
364,364_adaptive_phase_change_run04,adaptive,phase_change,1778259533.722338,/big.txt,55181312,131072,sequential,1.0000,0.0000,0,1,55312384,4096,1
364,364_adaptive_phase_change_run04,adaptive,phase_change,1778259533.722431,/big.txt,55312384,131072,sequential,1.0000,0.0000,0,1,55443456,4096,1
364,364_adaptive_phase_change_run04,adaptive,phase_change,1778259533.722523,/big.txt,55443456,131072,sequential,1.0000,0.0000,0,1,55574528,4096,1
364,364_adaptive_phase_change_run04,adaptive,phase_change,1778259533.722614,/big.txt,55574528,131072,sequential,1.0000,0.0000,0,1,55705600,4096,1
364,364_adaptive_phase_change_run04,adaptive,phase_change,1778259533.7227106,/big.txt,55705600,131072,sequential,1.0000,0.0000,0,1,55836672,4096,1
364,364_adaptive_phase_change_run04,adaptive,phase_change,1778259533.7228625,/big.txt,55836672,131072,sequential,1.0000,0.0000,0,1,55967744,4096,1
364,364_adaptive_phase_change_run04,adaptive,phase_change,1778259533.7229931,/big.txt,55967744,131072,sequential,1.0000,0.0000,0,1,56098816,4096,1
364,364_adaptive_phase_change_run04,adaptive,phase_change,1778259533.7231216,/big.txt,56098816,131072,sequential,1.0000,0.0000,0,1,56229888,4096,1
364,364_adaptive_phase_change_run04,adaptive,phase_change,1778259533.723242,/big.txt,56229888,131072,sequential,1.0000,0.0000,0,1,56360960,4096,1
364,364_adaptive_phase_change_run04,adaptive,phase_change,1778259533.7233362,/big.txt,56360960,131072,sequential,1.0000,0.0000,0,1,56492032,4096,1
364,364_adaptive_phase_change_run04,adaptive,phase_change,1778259533.72343,/big.txt,56492032,131072,sequential,1.0000,0.0000,0,1,56623104,4096,1
364,364_adaptive_phase_change_run04,adaptive,phase_change,1778259533.7235234,/big.txt,56623104,131072,sequential,1.0000,0.0000,0,1,56754176,4096,1
364,364_adaptive_phase_change_run04,adaptive,phase_change,1778259533.7236156,/big.txt,56754176,131072,sequential,1.0000,0.0000,0,1,56885248,4096,1
364,364_adaptive_phase_change_run04,adaptive,phase_change,1778259533.7237084,/big.txt,56885248,131072,sequential,1.0000,0.0000,0,1,57016320,4096,1
364,364_adaptive_phase_change_run04,adaptive,phase_change,1778259533.7238014,/big.txt,57016320,131072,sequential,1.0000,0.0000,0,1,57147392,4096,1
364,364_adaptive_phase_change_run04,adaptive,phase_change,1778259533.7238944,/big.txt,57147392,131072,sequential,1.0000,0.0000,0,1,57278464,4096,1
364,364_adaptive_phase_change_run04,adaptive,phase_change,1778259533.7239864,/big.txt,57278464,131072,sequential,1.0000,0.0000,0,1,57409536,4096,1
364,364_adaptive_phase_change_run04,adaptive,phase_change,1778259533.7240765,/big.txt,57409536,131072,sequential,1.0000,0.0000,0,1,57540608,4096,1
364,364_adaptive_phase_change_run04,adaptive,phase_change,1778259533.724167,/big.txt,57540608,131072,sequential,1.0000,0.0000,0,1,57671680,4096,1
364,364_adaptive_phase_change_run04,adaptive,phase_change,1778259533.724262,/big.txt,57671680,131072,sequential,1.0000,0.0000,0,1,57802752,4096,1
364,364_adaptive_phase_change_run04,adaptive,phase_change,1778259533.724354,/big.txt,57802752,131072,sequential,1.0000,0.0000,0,1,57933824,4096,1
364,364_adaptive_phase_change_run04,adaptive,phase_change,1778259533.7244449,/big.txt,57933824,131072,sequential,1.0000,0.0000,0,1,58064896,4096,1
364,364_adaptive_phase_change_run04,adaptive,phase_change,1778259533.7245352,/big.txt,58064896,131072,sequential,1.0000,0.0000,0,1,58195968,4096,1
364,364_adaptive_phase_change_run04,adaptive,phase_change,1778259533.7246258,/big.txt,58195968,131072,sequential,1.0000,0.0000,0,1,58327040,4096,1
364,364_adaptive_phase_change_run04,adaptive,phase_change,1778259533.7247164,/big.txt,58327040,131072,sequential,1.0000,0.0000,0,1,58458112,4096,1
364,364_adaptive_phase_change_run04,adaptive,phase_change,1778259533.7248065,/big.txt,58458112,131072,sequential,1.0000,0.0000,0,1,58589184,4096,1
364,364_adaptive_phase_change_run04,adaptive,phase_change,1778259533.7248988,/big.txt,58589184,131072,sequential,1.0000,0.0000,0,1,58720256,4096,1
364,364_adaptive_phase_change_run04,adaptive,phase_change,1778259533.724992,/big.txt,58720256,131072,sequential,1.0000,0.0000,0,1,58851328,4096,1
364,364_adaptive_phase_change_run04,adaptive,phase_change,1778259533.7250836,/big.txt,58851328,131072,sequential,1.0000,0.0000,0,1,58982400,4096,1
364,364_adaptive_phase_change_run04,adaptive,phase_change,1778259533.725174,/big.txt,58982400,131072,sequential,1.0000,0.0000,0,1,59113472,4096,1
364,364_adaptive_phase_change_run04,adaptive,phase_change,1778259533.7252645,/big.txt,59113472,131072,sequential,1.0000,0.0000,0,1,59244544,4096,1
364,364_adaptive_phase_change_run04,adaptive,phase_change,1778259533.7253594,/big.txt,59244544,131072,sequential,1.0000,0.0000,0,1,59375616,4096,1
364,364_adaptive_phase_change_run04,adaptive,phase_change,1778259533.7254508,/big.txt,59375616,131072,sequential,1.0000,0.0000,0,1,59506688,4096,1
364,364_adaptive_phase_change_run04,adaptive,phase_change,1778259533.725541,/big.txt,59506688,131072,sequential,1.0000,0.0000,0,1,59637760,4096,1
364,364_adaptive_phase_change_run04,adaptive,phase_change,1778259533.725631,/big.txt,59637760,131072,sequential,1.0000,0.0000,0,1,59768832,4096,1
364,364_adaptive_phase_change_run04,adaptive,phase_change,1778259533.7257211,/big.txt,59768832,131072,sequential,1.0000,0.0000,0,1,59899904,4096,1
364,364_adaptive_phase_change_run04,adaptive,phase_change,1778259533.725812,/big.txt,59899904,131072,sequential,1.0000,0.0000,0,1,60030976,4096,1
364,364_adaptive_phase_change_run04,adaptive,phase_change,1778259533.7259018,/big.txt,60030976,131072,sequential,1.0000,0.0000,0,1,60162048,4096,1
364,364_adaptive_phase_change_run04,adaptive,phase_change,1778259533.7259922,/big.txt,60162048,131072,sequential,1.0000,0.0000,0,1,60293120,4096,1
364,364_adaptive_phase_change_run04,adaptive,phase_change,1778259533.7260828,/big.txt,60293120,131072,sequential,1.0000,0.0000,0,1,60424192,4096,1
364,364_adaptive_phase_change_run04,adaptive,phase_change,1778259533.7261724,/big.txt,60424192,131072,sequential,1.0000,0.0000,0,1,60555264,4096,1
364,364_adaptive_phase_change_run04,adaptive,phase_change,1778259533.7262623,/big.txt,60555264,131072,sequential,1.0000,0.0000,0,1,60686336,4096,1
364,364_adaptive_phase_change_run04,adaptive,phase_change,1778259533.7263515,/big.txt,60686336,131072,sequential,1.0000,0.0000,0,1,60817408,4096,1
364,364_adaptive_phase_change_run04,adaptive,phase_change,1778259533.7264414,/big.txt,60817408,131072,sequential,1.0000,0.0000,0,1,60948480,4096,1
364,364_adaptive_phase_change_run04,adaptive,phase_change,1778259533.7265315,/big.txt,60948480,131072,sequential,1.0000,0.0000,0,1,61079552,4096,1
364,364_adaptive_phase_change_run04,adaptive,phase_change,1778259533.7266219,/big.txt,61079552,131072,sequential,1.0000,0.0000,0,1,61210624,4096,1
364,364_adaptive_phase_change_run04,adaptive,phase_change,1778259533.7267118,/big.txt,61210624,131072,sequential,1.0000,0.0000,0,1,61341696,4096,1
364,364_adaptive_phase_change_run04,adaptive,phase_change,1778259533.7268448,/big.txt,61341696,131072,sequential,1.0000,0.0000,0,1,61472768,4096,1
364,364_adaptive_phase_change_run04,adaptive,phase_change,1778259533.7269392,/big.txt,61472768,131072,sequential,1.0000,0.0000,0,1,61603840,4096,1
364,364_adaptive_phase_change_run04,adaptive,phase_change,1778259533.727031,/big.txt,61603840,131072,sequential,1.0000,0.0000,0,1,61734912,4096,1
364,364_adaptive_phase_change_run04,adaptive,phase_change,1778259533.727122,/big.txt,61734912,131072,sequential,1.0000,0.0000,0,1,61865984,4096,1
364,364_adaptive_phase_change_run04,adaptive,phase_change,1778259533.7272131,/big.txt,61865984,131072,sequential,1.0000,0.0000,0,1,61997056,4096,1
364,364_adaptive_phase_change_run04,adaptive,phase_change,1778259533.727304,/big.txt,61997056,131072,sequential,1.0000,0.0000,0,1,62128128,4096,1
364,364_adaptive_phase_change_run04,adaptive,phase_change,1778259533.727395,/big.txt,62128128,131072,sequential,1.0000,0.0000,0,1,62259200,4096,1
364,364_adaptive_phase_change_run04,adaptive,phase_change,1778259533.7274857,/big.txt,62259200,131072,sequential,1.0000,0.0000,0,1,62390272,4096,1
364,364_adaptive_phase_change_run04,adaptive,phase_change,1778259533.7275763,/big.txt,62390272,131072,sequential,1.0000,0.0000,0,1,62521344,4096,1
364,364_adaptive_phase_change_run04,adaptive,phase_change,1778259533.727667,/big.txt,62521344,131072,sequential,1.0000,0.0000,0,1,62652416,4096,1
364,364_adaptive_phase_change_run04,adaptive,phase_change,1778259533.7277608,/big.txt,62652416,131072,sequential,1.0000,0.0000,0,1,62783488,4096,1
364,364_adaptive_phase_change_run04,adaptive,phase_change,1778259533.7278516,/big.txt,62783488,131072,sequential,1.0000,0.0000,0,1,62914560,4096,1
364,364_adaptive_phase_change_run04,adaptive,phase_change,1778259533.727946,/big.txt,62914560,131072,sequential,1.0000,0.0000,0,1,63045632,4096,1
364,364_adaptive_phase_change_run04,adaptive,phase_change,1778259533.7280362,/big.txt,63045632,131072,sequential,1.0000,0.0000,0,1,63176704,4096,1
364,364_adaptive_phase_change_run04,adaptive,phase_change,1778259533.728127,/big.txt,63176704,131072,sequential,1.0000,0.0000,0,1,63307776,4096,1
364,364_adaptive_phase_change_run04,adaptive,phase_change,1778259533.728217,/big.txt,63307776,131072,sequential,1.0000,0.0000,0,1,63438848,4096,1
364,364_adaptive_phase_change_run04,adaptive,phase_change,1778259533.7283075,/big.txt,63438848,131072,sequential,1.0000,0.0000,0,1,63569920,4096,1
364,364_adaptive_phase_change_run04,adaptive,phase_change,1778259533.7283978,/big.txt,63569920,131072,sequential,1.0000,0.0000,0,1,63700992,4096,1
364,364_adaptive_phase_change_run04,adaptive,phase_change,1778259533.7284887,/big.txt,63700992,131072,sequential,1.0000,0.0000,0,1,63832064,4096,1
364,364_adaptive_phase_change_run04,adaptive,phase_change,1778259533.7285788,/big.txt,63832064,131072,sequential,1.0000,0.0000,0,1,63963136,4096,1
364,364_adaptive_phase_change_run04,adaptive,phase_change,1778259533.7286694,/big.txt,63963136,131072,sequential,1.0000,0.0000,0,1,64094208,4096,1
364,364_adaptive_phase_change_run04,adaptive,phase_change,1778259533.7287595,/big.txt,64094208,131072,sequential,1.0000,0.0000,0,1,64225280,4096,1
364,364_adaptive_phase_change_run04,adaptive,phase_change,1778259533.72885,/big.txt,64225280,131072,sequential,1.0000,0.0000,0,1,64356352,4096,1
364,364_adaptive_phase_change_run04,adaptive,phase_change,1778259533.72894,/big.txt,64356352,131072,sequential,1.0000,0.0000,0,1,64487424,4096,1
364,364_adaptive_phase_change_run04,adaptive,phase_change,1778259533.7290301,/big.txt,64487424,131072,sequential,1.0000,0.0000,0,1,64618496,4096,1
364,364_adaptive_phase_change_run04,adaptive,phase_change,1778259533.7291207,/big.txt,64618496,131072,sequential,1.0000,0.0000,0,1,64749568,4096,1
364,364_adaptive_phase_change_run04,adaptive,phase_change,1778259533.7292113,/big.txt,64749568,131072,sequential,1.0000,0.0000,0,1,64880640,4096,1
364,364_adaptive_phase_change_run04,adaptive,phase_change,1778259533.729302,/big.txt,64880640,131072,sequential,1.0000,0.0000,0,1,65011712,4096,1
364,364_adaptive_phase_change_run04,adaptive,phase_change,1778259533.7293923,/big.txt,65011712,131072,sequential,1.0000,0.0000,0,1,65142784,4096,1
364,364_adaptive_phase_change_run04,adaptive,phase_change,1778259533.729484,/big.txt,65142784,131072,sequential,1.0000,0.0000,0,1,65273856,4096,1
364,364_adaptive_phase_change_run04,adaptive,phase_change,1778259533.7295744,/big.txt,65273856,131072,sequential,1.0000,0.0000,0,1,65404928,4096,1
364,364_adaptive_phase_change_run04,adaptive,phase_change,1778259533.729666,/big.txt,65404928,131072,sequential,1.0000,0.0000,0,1,65536000,4096,1
364,364_adaptive_phase_change_run04,adaptive,phase_change,1778259533.7297559,/big.txt,65536000,131072,sequential,1.0000,0.0000,0,1,65667072,4096,1
364,364_adaptive_phase_change_run04,adaptive,phase_change,1778259533.7298467,/big.txt,65667072,131072,sequential,1.0000,0.0000,0,1,65798144,4096,1
364,364_adaptive_phase_change_run04,adaptive,phase_change,1778259533.7299366,/big.txt,65798144,131072,sequential,1.0000,0.0000,0,1,65929216,4096,1
364,364_adaptive_phase_change_run04,adaptive,phase_change,1778259533.7300267,/big.txt,65929216,131072,sequential,1.0000,0.0000,0,1,66060288,4096,1
364,364_adaptive_phase_change_run04,adaptive,phase_change,1778259533.730117,/big.txt,66060288,131072,sequential,1.0000,0.0000,0,1,66191360,4096,1
364,364_adaptive_phase_change_run04,adaptive,phase_change,1778259533.7302067,/big.txt,66191360,131072,sequential,1.0000,0.0000,0,1,66322432,4096,1
364,364_adaptive_phase_change_run04,adaptive,phase_change,1778259533.7302964,/big.txt,66322432,131072,sequential,1.0000,0.0000,0,1,66453504,4096,1
364,364_adaptive_phase_change_run04,adaptive,phase_change,1778259533.730386,/big.txt,66453504,131072,sequential,1.0000,0.0000,0,1,66584576,4096,1
364,364_adaptive_phase_change_run04,adaptive,phase_change,1778259533.7304804,/big.txt,66584576,131072,sequential,1.0000,0.0000,0,1,66715648,4096,1
364,364_adaptive_phase_change_run04,adaptive,phase_change,1778259533.7305706,/big.txt,66715648,131072,sequential,1.0000,0.0000,0,1,66846720,4096,1
364,364_adaptive_phase_change_run04,adaptive,phase_change,1778259533.7306612,/big.txt,66846720,131072,sequential,1.0000,0.0000,0,1,66977792,4096,1
364,364_adaptive_phase_change_run04,adaptive,phase_change,1778259533.7307515,/big.txt,66977792,131072,sequential,1.0000,0.0000,0,1,67108864,4096,1
364,364_adaptive_phase_change_run04,adaptive,phase_change,1778259533.7309518,/big.txt,67108864,131072,sequential,1.0000,0.0000,0,1,67239936,4096,1
364,364_adaptive_phase_change_run04,adaptive,phase_change,1778259533.7310839,/big.txt,67239936,131072,sequential,1.0000,0.0000,0,1,67371008,4096,1
364,364_adaptive_phase_change_run04,adaptive,phase_change,1778259533.731215,/big.txt,67371008,131072,sequential,1.0000,0.0000,0,1,67502080,4096,1
364,364_adaptive_phase_change_run04,adaptive,phase_change,1778259533.7313457,/big.txt,67502080,131072,sequential,1.0000,0.0000,0,1,67633152,4096,1
364,364_adaptive_phase_change_run04,adaptive,phase_change,1778259533.7314796,/big.txt,67633152,131072,sequential,1.0000,0.0000,0,1,67764224,4096,1
364,364_adaptive_phase_change_run04,adaptive,phase_change,1778259533.7316115,/big.txt,67764224,131072,sequential,1.0000,0.0000,0,1,67895296,4096,1
364,364_adaptive_phase_change_run04,adaptive,phase_change,1778259533.73173,/big.txt,67895296,131072,sequential,1.0000,0.0000,0,1,68026368,4096,1
364,364_adaptive_phase_change_run04,adaptive,phase_change,1778259533.7318234,/big.txt,68026368,131072,sequential,1.0000,0.0000,0,1,68157440,4096,1
364,364_adaptive_phase_change_run04,adaptive,phase_change,1778259533.731917,/big.txt,68157440,131072,sequential,1.0000,0.0000,0,1,68288512,4096,1
364,364_adaptive_phase_change_run04,adaptive,phase_change,1778259533.7320106,/big.txt,68288512,131072,sequential,1.0000,0.0000,0,1,68419584,4096,1
364,364_adaptive_phase_change_run04,adaptive,phase_change,1778259533.732103,/big.txt,68419584,131072,sequential,1.0000,0.0000,0,1,68550656,4096,1
364,364_adaptive_phase_change_run04,adaptive,phase_change,1778259533.7321956,/big.txt,68550656,131072,sequential,1.0000,0.0000,0,1,68681728,4096,1
364,364_adaptive_phase_change_run04,adaptive,phase_change,1778259533.732289,/big.txt,68681728,131072,sequential,1.0000,0.0000,0,1,68812800,4096,1
364,364_adaptive_phase_change_run04,adaptive,phase_change,1778259533.732382,/big.txt,68812800,131072,sequential,1.0000,0.0000,0,1,68943872,4096,1
364,364_adaptive_phase_change_run04,adaptive,phase_change,1778259533.732475,/big.txt,68943872,131072,sequential,1.0000,0.0000,0,1,69074944,4096,1
364,364_adaptive_phase_change_run04,adaptive,phase_change,1778259533.7325666,/big.txt,69074944,131072,sequential,1.0000,0.0000,0,1,69206016,4096,1
364,364_adaptive_phase_change_run04,adaptive,phase_change,1778259533.7326574,/big.txt,69206016,131072,sequential,1.0000,0.0000,0,1,69337088,4096,1
364,364_adaptive_phase_change_run04,adaptive,phase_change,1778259533.7327485,/big.txt,69337088,131072,sequential,1.0000,0.0000,0,1,69468160,4096,1
364,364_adaptive_phase_change_run04,adaptive,phase_change,1778259533.7328405,/big.txt,69468160,131072,sequential,1.0000,0.0000,0,1,69599232,4096,1
364,364_adaptive_phase_change_run04,adaptive,phase_change,1778259533.7329323,/big.txt,69599232,131072,sequential,1.0000,0.0000,0,1,69730304,4096,1
364,364_adaptive_phase_change_run04,adaptive,phase_change,1778259533.7330227,/big.txt,69730304,131072,sequential,1.0000,0.0000,0,1,69861376,4096,1
364,364_adaptive_phase_change_run04,adaptive,phase_change,1778259533.7331138,/big.txt,69861376,131072,sequential,1.0000,0.0000,0,1,69992448,4096,1
364,364_adaptive_phase_change_run04,adaptive,phase_change,1778259533.733204,/big.txt,69992448,131072,sequential,1.0000,0.0000,0,1,70123520,4096,1
364,364_adaptive_phase_change_run04,adaptive,phase_change,1778259533.7332997,/big.txt,70123520,131072,sequential,1.0000,0.0000,0,1,70254592,4096,1
364,364_adaptive_phase_change_run04,adaptive,phase_change,1778259533.7333908,/big.txt,70254592,131072,sequential,1.0000,0.0000,0,1,70385664,4096,1
364,364_adaptive_phase_change_run04,adaptive,phase_change,1778259533.7334816,/big.txt,70385664,131072,sequential,1.0000,0.0000,0,1,70516736,4096,1
364,364_adaptive_phase_change_run04,adaptive,phase_change,1778259533.7335722,/big.txt,70516736,131072,sequential,1.0000,0.0000,0,1,70647808,4096,1
364,364_adaptive_phase_change_run04,adaptive,phase_change,1778259533.7336636,/big.txt,70647808,131072,sequential,1.0000,0.0000,0,1,70778880,4096,1
364,364_adaptive_phase_change_run04,adaptive,phase_change,1778259533.7337544,/big.txt,70778880,131072,sequential,1.0000,0.0000,0,1,70909952,4096,1
364,364_adaptive_phase_change_run04,adaptive,phase_change,1778259533.7338455,/big.txt,70909952,131072,sequential,1.0000,0.0000,0,1,71041024,4096,1
364,364_adaptive_phase_change_run04,adaptive,phase_change,1778259533.733936,/big.txt,71041024,131072,sequential,1.0000,0.0000,0,1,71172096,4096,1
364,364_adaptive_phase_change_run04,adaptive,phase_change,1778259533.7340271,/big.txt,71172096,131072,sequential,1.0000,0.0000,0,1,71303168,4096,1
364,364_adaptive_phase_change_run04,adaptive,phase_change,1778259533.7341173,/big.txt,71303168,131072,sequential,1.0000,0.0000,0,1,71434240,4096,1
364,364_adaptive_phase_change_run04,adaptive,phase_change,1778259533.734209,/big.txt,71434240,131072,sequential,1.0000,0.0000,0,1,71565312,4096,1
364,364_adaptive_phase_change_run04,adaptive,phase_change,1778259533.7343018,/big.txt,71565312,131072,sequential,1.0000,0.0000,0,1,71696384,4096,1
364,364_adaptive_phase_change_run04,adaptive,phase_change,1778259533.7343934,/big.txt,71696384,131072,sequential,1.0000,0.0000,0,1,71827456,4096,1
364,364_adaptive_phase_change_run04,adaptive,phase_change,1778259533.7344844,/big.txt,71827456,131072,sequential,1.0000,0.0000,0,1,71958528,4096,1
364,364_adaptive_phase_change_run04,adaptive,phase_change,1778259533.7345753,/big.txt,71958528,131072,sequential,1.0000,0.0000,0,1,72089600,4096,1
364,364_adaptive_phase_change_run04,adaptive,phase_change,1778259533.7346668,/big.txt,72089600,131072,sequential,1.0000,0.0000,0,1,72220672,4096,1
364,364_adaptive_phase_change_run04,adaptive,phase_change,1778259533.734758,/big.txt,72220672,131072,sequential,1.0000,0.0000,0,1,72351744,4096,1
364,364_adaptive_phase_change_run04,adaptive,phase_change,1778259533.7348912,/big.txt,72351744,131072,sequential,1.0000,0.0000,0,1,72482816,4096,1
364,364_adaptive_phase_change_run04,adaptive,phase_change,1778259533.734993,/big.txt,72482816,131072,sequential,1.0000,0.0000,0,1,72613888,4096,1
364,364_adaptive_phase_change_run04,adaptive,phase_change,1778259533.735114,/big.txt,72613888,131072,sequential,1.0000,0.0000,0,1,72744960,4096,1
364,364_adaptive_phase_change_run04,adaptive,phase_change,1778259533.7352166,/big.txt,72744960,131072,sequential,1.0000,0.0000,0,1,72876032,4096,1
364,364_adaptive_phase_change_run04,adaptive,phase_change,1778259533.7353384,/big.txt,72876032,131072,sequential,1.0000,0.0000,0,1,73007104,4096,1
364,364_adaptive_phase_change_run04,adaptive,phase_change,1778259533.7354326,/big.txt,73007104,131072,sequential,1.0000,0.0000,0,1,73138176,4096,1
364,364_adaptive_phase_change_run04,adaptive,phase_change,1778259533.7355254,/big.txt,73138176,131072,sequential,1.0000,0.0000,0,1,73269248,4096,1
364,364_adaptive_phase_change_run04,adaptive,phase_change,1778259533.7356188,/big.txt,73269248,131072,sequential,1.0000,0.0000,0,1,73400320,4096,1
364,364_adaptive_phase_change_run04,adaptive,phase_change,1778259533.7357113,/big.txt,73400320,131072,sequential,1.0000,0.0000,0,1,73531392,4096,1
364,364_adaptive_phase_change_run04,adaptive,phase_change,1778259533.7358043,/big.txt,73531392,131072,sequential,1.0000,0.0000,0,1,73662464,4096,1
364,364_adaptive_phase_change_run04,adaptive,phase_change,1778259533.735897,/big.txt,73662464,131072,sequential,1.0000,0.0000,0,1,73793536,4096,1
364,364_adaptive_phase_change_run04,adaptive,phase_change,1778259533.7359931,/big.txt,73793536,131072,sequential,1.0000,0.0000,0,1,73924608,4096,1
364,364_adaptive_phase_change_run04,adaptive,phase_change,1778259533.7360835,/big.txt,73924608,131072,sequential,1.0000,0.0000,0,1,74055680,4096,1
364,364_adaptive_phase_change_run04,adaptive,phase_change,1778259533.7361739,/big.txt,74055680,131072,sequential,1.0000,0.0000,0,1,74186752,4096,1
364,364_adaptive_phase_change_run04,adaptive,phase_change,1778259533.736264,/big.txt,74186752,131072,sequential,1.0000,0.0000,0,1,74317824,4096,1
364,364_adaptive_phase_change_run04,adaptive,phase_change,1778259533.7363544,/big.txt,74317824,131072,sequential,1.0000,0.0000,0,1,74448896,4096,1
364,364_adaptive_phase_change_run04,adaptive,phase_change,1778259533.7364452,/big.txt,74448896,131072,sequential,1.0000,0.0000,0,1,74579968,4096,1
364,364_adaptive_phase_change_run04,adaptive,phase_change,1778259533.736536,/big.txt,74579968,131072,sequential,1.0000,0.0000,0,1,74711040,4096,1
364,364_adaptive_phase_change_run04,adaptive,phase_change,1778259533.7366257,/big.txt,74711040,131072,sequential,1.0000,0.0000,0,1,74842112,4096,1
364,364_adaptive_phase_change_run04,adaptive,phase_change,1778259533.7367158,/big.txt,74842112,131072,sequential,1.0000,0.0000,0,1,74973184,4096,1
364,364_adaptive_phase_change_run04,adaptive,phase_change,1778259533.7368064,/big.txt,74973184,131072,sequential,1.0000,0.0000,0,1,75104256,4096,1
364,364_adaptive_phase_change_run04,adaptive,phase_change,1778259533.736897,/big.txt,75104256,131072,sequential,1.0000,0.0000,0,1,75235328,4096,1
364,364_adaptive_phase_change_run04,adaptive,phase_change,1778259533.7369878,/big.txt,75235328,131072,sequential,1.0000,0.0000,0,1,75366400,4096,1
364,364_adaptive_phase_change_run04,adaptive,phase_change,1778259533.7370784,/big.txt,75366400,131072,sequential,1.0000,0.0000,0,1,75497472,4096,1
364,364_adaptive_phase_change_run04,adaptive,phase_change,1778259533.737172,/big.txt,75497472,131072,sequential,1.0000,0.0000,0,1,75628544,4096,1
364,364_adaptive_phase_change_run04,adaptive,phase_change,1778259533.7372634,/big.txt,75628544,131072,sequential,1.0000,0.0000,0,1,75759616,4096,1
364,364_adaptive_phase_change_run04,adaptive,phase_change,1778259533.7373614,/big.txt,75759616,131072,sequential,1.0000,0.0000,0,1,75890688,4096,1
364,364_adaptive_phase_change_run04,adaptive,phase_change,1778259533.737454,/big.txt,75890688,131072,sequential,1.0000,0.0000,0,1,76021760,4096,1
364,364_adaptive_phase_change_run04,adaptive,phase_change,1778259533.7375443,/big.txt,76021760,131072,sequential,1.0000,0.0000,0,1,76152832,4096,1
364,364_adaptive_phase_change_run04,adaptive,phase_change,1778259533.737634,/big.txt,76152832,131072,sequential,1.0000,0.0000,0,1,76283904,4096,1
364,364_adaptive_phase_change_run04,adaptive,phase_change,1778259533.7377236,/big.txt,76283904,131072,sequential,1.0000,0.0000,0,1,76414976,4096,1
364,364_adaptive_phase_change_run04,adaptive,phase_change,1778259533.7378135,/big.txt,76414976,131072,sequential,1.0000,0.0000,0,1,76546048,4096,1
364,364_adaptive_phase_change_run04,adaptive,phase_change,1778259533.7379036,/big.txt,76546048,131072,sequential,1.0000,0.0000,0,1,76677120,4096,1
364,364_adaptive_phase_change_run04,adaptive,phase_change,1778259533.737994,/big.txt,76677120,131072,sequential,1.0000,0.0000,0,1,76808192,4096,1
364,364_adaptive_phase_change_run04,adaptive,phase_change,1778259533.7380838,/big.txt,76808192,131072,sequential,1.0000,0.0000,0,1,76939264,4096,1
364,364_adaptive_phase_change_run04,adaptive,phase_change,1778259533.7381742,/big.txt,76939264,131072,sequential,1.0000,0.0000,0,1,77070336,4096,1
364,364_adaptive_phase_change_run04,adaptive,phase_change,1778259533.7382643,/big.txt,77070336,131072,sequential,1.0000,0.0000,0,1,77201408,4096,1
364,364_adaptive_phase_change_run04,adaptive,phase_change,1778259533.7383544,/big.txt,77201408,131072,sequential,1.0000,0.0000,0,1,77332480,4096,1
364,364_adaptive_phase_change_run04,adaptive,phase_change,1778259533.7384443,/big.txt,77332480,131072,sequential,1.0000,0.0000,0,1,77463552,4096,1
364,364_adaptive_phase_change_run04,adaptive,phase_change,1778259533.7385392,/big.txt,77463552,131072,sequential,1.0000,0.0000,0,1,77594624,4096,1
364,364_adaptive_phase_change_run04,adaptive,phase_change,1778259533.7386332,/big.txt,77594624,131072,sequential,1.0000,0.0000,0,1,77725696,4096,1
364,364_adaptive_phase_change_run04,adaptive,phase_change,1778259533.7387252,/big.txt,77725696,131072,sequential,1.0000,0.0000,0,1,77856768,4096,1
364,364_adaptive_phase_change_run04,adaptive,phase_change,1778259533.7388742,/big.txt,77856768,131072,sequential,1.0000,0.0000,0,1,77987840,4096,1
364,364_adaptive_phase_change_run04,adaptive,phase_change,1778259533.738967,/big.txt,77987840,131072,sequential,1.0000,0.0000,0,1,78118912,4096,1
364,364_adaptive_phase_change_run04,adaptive,phase_change,1778259533.7390563,/big.txt,78118912,131072,sequential,1.0000,0.0000,0,1,78249984,4096,1
364,364_adaptive_phase_change_run04,adaptive,phase_change,1778259533.7391455,/big.txt,78249984,131072,sequential,1.0000,0.0000,0,1,78381056,4096,1
364,364_adaptive_phase_change_run04,adaptive,phase_change,1778259533.739236,/big.txt,78381056,131072,sequential,1.0000,0.0000,0,1,78512128,4096,1
364,364_adaptive_phase_change_run04,adaptive,phase_change,1778259533.7393255,/big.txt,78512128,131072,sequential,1.0000,0.0000,0,1,78643200,4096,1
364,364_adaptive_phase_change_run04,adaptive,phase_change,1778259533.739415,/big.txt,78643200,131072,sequential,1.0000,0.0000,0,1,78774272,4096,1
364,364_adaptive_phase_change_run04,adaptive,phase_change,1778259533.739505,/big.txt,78774272,131072,sequential,1.0000,0.0000,0,1,78905344,4096,1
364,364_adaptive_phase_change_run04,adaptive,phase_change,1778259533.739595,/big.txt,78905344,131072,sequential,1.0000,0.0000,0,1,79036416,4096,1
364,364_adaptive_phase_change_run04,adaptive,phase_change,1778259533.739685,/big.txt,79036416,131072,sequential,1.0000,0.0000,0,1,79167488,4096,1
364,364_adaptive_phase_change_run04,adaptive,phase_change,1778259533.7397754,/big.txt,79167488,131072,sequential,1.0000,0.0000,0,1,79298560,4096,1
364,364_adaptive_phase_change_run04,adaptive,phase_change,1778259533.7398658,/big.txt,79298560,131072,sequential,1.0000,0.0000,0,1,79429632,4096,1
364,364_adaptive_phase_change_run04,adaptive,phase_change,1778259533.7399557,/big.txt,79429632,131072,sequential,1.0000,0.0000,0,1,79560704,4096,1
364,364_adaptive_phase_change_run04,adaptive,phase_change,1778259533.7400465,/big.txt,79560704,131072,sequential,1.0000,0.0000,0,1,79691776,4096,1
364,364_adaptive_phase_change_run04,adaptive,phase_change,1778259533.7401364,/big.txt,79691776,131072,sequential,1.0000,0.0000,0,1,79822848,4096,1
364,364_adaptive_phase_change_run04,adaptive,phase_change,1778259533.7402265,/big.txt,79822848,131072,sequential,1.0000,0.0000,0,1,79953920,4096,1
364,364_adaptive_phase_change_run04,adaptive,phase_change,1778259533.7403162,/big.txt,79953920,131072,sequential,1.0000,0.0000,0,1,80084992,4096,1
364,364_adaptive_phase_change_run04,adaptive,phase_change,1778259533.7404058,/big.txt,80084992,131072,sequential,1.0000,0.0000,0,1,80216064,4096,1
364,364_adaptive_phase_change_run04,adaptive,phase_change,1778259533.740495,/big.txt,80216064,131072,sequential,1.0000,0.0000,0,1,80347136,4096,1
364,364_adaptive_phase_change_run04,adaptive,phase_change,1778259533.7405844,/big.txt,80347136,131072,sequential,1.0000,0.0000,0,1,80478208,4096,1
364,364_adaptive_phase_change_run04,adaptive,phase_change,1778259533.740674,/big.txt,80478208,131072,sequential,1.0000,0.0000,0,1,80609280,4096,1
364,364_adaptive_phase_change_run04,adaptive,phase_change,1778259533.740764,/big.txt,80609280,131072,sequential,1.0000,0.0000,0,1,80740352,4096,1
364,364_adaptive_phase_change_run04,adaptive,phase_change,1778259533.7408535,/big.txt,80740352,131072,sequential,1.0000,0.0000,0,1,80871424,4096,1
364,364_adaptive_phase_change_run04,adaptive,phase_change,1778259533.740943,/big.txt,80871424,131072,sequential,1.0000,0.0000,0,1,81002496,4096,1
364,364_adaptive_phase_change_run04,adaptive,phase_change,1778259533.741032,/big.txt,81002496,131072,sequential,1.0000,0.0000,0,1,81133568,4096,1
364,364_adaptive_phase_change_run04,adaptive,phase_change,1778259533.7411258,/big.txt,81133568,131072,sequential,1.0000,0.0000,0,1,81264640,4096,1
364,364_adaptive_phase_change_run04,adaptive,phase_change,1778259533.7412155,/big.txt,81264640,131072,sequential,1.0000,0.0000,0,1,81395712,4096,1
364,364_adaptive_phase_change_run04,adaptive,phase_change,1778259533.7413046,/big.txt,81395712,131072,sequential,1.0000,0.0000,0,1,81526784,4096,1
364,364_adaptive_phase_change_run04,adaptive,phase_change,1778259533.741395,/big.txt,81526784,131072,sequential,1.0000,0.0000,0,1,81657856,4096,1
364,364_adaptive_phase_change_run04,adaptive,phase_change,1778259533.7414846,/big.txt,81657856,131072,sequential,1.0000,0.0000,0,1,81788928,4096,1
364,364_adaptive_phase_change_run04,adaptive,phase_change,1778259533.7415743,/big.txt,81788928,131072,sequential,1.0000,0.0000,0,1,81920000,4096,1
364,364_adaptive_phase_change_run04,adaptive,phase_change,1778259533.741664,/big.txt,81920000,131072,sequential,1.0000,0.0000,0,1,82051072,4096,1
364,364_adaptive_phase_change_run04,adaptive,phase_change,1778259533.7417533,/big.txt,82051072,131072,sequential,1.0000,0.0000,0,1,82182144,4096,1
364,364_adaptive_phase_change_run04,adaptive,phase_change,1778259533.7418427,/big.txt,82182144,131072,sequential,1.0000,0.0000,0,1,82313216,4096,1
364,364_adaptive_phase_change_run04,adaptive,phase_change,1778259533.7419326,/big.txt,82313216,131072,sequential,1.0000,0.0000,0,1,82444288,4096,1
364,364_adaptive_phase_change_run04,adaptive,phase_change,1778259533.7420218,/big.txt,82444288,131072,sequential,1.0000,0.0000,0,1,82575360,4096,1
364,364_adaptive_phase_change_run04,adaptive,phase_change,1778259533.7421145,/big.txt,82575360,131072,sequential,1.0000,0.0000,0,1,82706432,4096,1
364,364_adaptive_phase_change_run04,adaptive,phase_change,1778259533.742204,/big.txt,82706432,131072,sequential,1.0000,0.0000,0,1,82837504,4096,1
364,364_adaptive_phase_change_run04,adaptive,phase_change,1778259533.7422943,/big.txt,82837504,131072,sequential,1.0000,0.0000,0,1,82968576,4096,1
364,364_adaptive_phase_change_run04,adaptive,phase_change,1778259533.742384,/big.txt,82968576,131072,sequential,1.0000,0.0000,0,1,83099648,4096,1
364,364_adaptive_phase_change_run04,adaptive,phase_change,1778259533.7424734,/big.txt,83099648,131072,sequential,1.0000,0.0000,0,1,83230720,4096,1
364,364_adaptive_phase_change_run04,adaptive,phase_change,1778259533.742563,/big.txt,83230720,131072,sequential,1.0000,0.0000,0,1,83361792,4096,1
364,364_adaptive_phase_change_run04,adaptive,phase_change,1778259533.742653,/big.txt,83361792,131072,sequential,1.0000,0.0000,0,1,83492864,4096,1
364,364_adaptive_phase_change_run04,adaptive,phase_change,1778259533.7427425,/big.txt,83492864,131072,sequential,1.0000,0.0000,0,1,83623936,4096,1
364,364_adaptive_phase_change_run04,adaptive,phase_change,1778259533.7428784,/big.txt,83623936,131072,sequential,1.0000,0.0000,0,1,83755008,4096,1
364,364_adaptive_phase_change_run04,adaptive,phase_change,1778259533.7429705,/big.txt,83755008,131072,sequential,1.0000,0.0000,0,1,83886080,4096,1
364,364_adaptive_phase_change_run04,adaptive,phase_change,1778259533.743061,/big.txt,83886080,131072,sequential,1.0000,0.0000,0,1,84017152,4096,1
364,364_adaptive_phase_change_run04,adaptive,phase_change,1778259533.7431512,/big.txt,84017152,131072,sequential,1.0000,0.0000,0,1,84148224,4096,1
364,364_adaptive_phase_change_run04,adaptive,phase_change,1778259533.7432423,/big.txt,84148224,131072,sequential,1.0000,0.0000,0,1,84279296,4096,1
364,364_adaptive_phase_change_run04,adaptive,phase_change,1778259533.7433338,/big.txt,84279296,131072,sequential,1.0000,0.0000,0,1,84410368,4096,1
364,364_adaptive_phase_change_run04,adaptive,phase_change,1778259533.7434242,/big.txt,84410368,131072,sequential,1.0000,0.0000,0,1,84541440,4096,1
364,364_adaptive_phase_change_run04,adaptive,phase_change,1778259533.7435148,/big.txt,84541440,131072,sequential,1.0000,0.0000,0,1,84672512,4096,1
364,364_adaptive_phase_change_run04,adaptive,phase_change,1778259533.74361,/big.txt,84672512,131072,sequential,1.0000,0.0000,0,1,84803584,4096,1
364,364_adaptive_phase_change_run04,adaptive,phase_change,1778259533.7437007,/big.txt,84803584,131072,sequential,1.0000,0.0000,0,1,84934656,4096,1
364,364_adaptive_phase_change_run04,adaptive,phase_change,1778259533.7437918,/big.txt,84934656,131072,sequential,1.0000,0.0000,0,1,85065728,4096,1
364,364_adaptive_phase_change_run04,adaptive,phase_change,1778259533.7438824,/big.txt,85065728,131072,sequential,1.0000,0.0000,0,1,85196800,4096,1
364,364_adaptive_phase_change_run04,adaptive,phase_change,1778259533.7439725,/big.txt,85196800,131072,sequential,1.0000,0.0000,0,1,85327872,4096,1
364,364_adaptive_phase_change_run04,adaptive,phase_change,1778259533.7440624,/big.txt,85327872,131072,sequential,1.0000,0.0000,0,1,85458944,4096,1
364,364_adaptive_phase_change_run04,adaptive,phase_change,1778259533.7441523,/big.txt,85458944,131072,sequential,1.0000,0.0000,0,1,85590016,4096,1
364,364_adaptive_phase_change_run04,adaptive,phase_change,1778259533.744242,/big.txt,85590016,131072,sequential,1.0000,0.0000,0,1,85721088,4096,1
364,364_adaptive_phase_change_run04,adaptive,phase_change,1778259533.7443323,/big.txt,85721088,131072,sequential,1.0000,0.0000,0,1,85852160,4096,1
364,364_adaptive_phase_change_run04,adaptive,phase_change,1778259533.744423,/big.txt,85852160,131072,sequential,1.0000,0.0000,0,1,85983232,4096,1
364,364_adaptive_phase_change_run04,adaptive,phase_change,1778259533.7445138,/big.txt,85983232,131072,sequential,1.0000,0.0000,0,1,86114304,4096,1
364,364_adaptive_phase_change_run04,adaptive,phase_change,1778259533.744604,/big.txt,86114304,131072,sequential,1.0000,0.0000,0,1,86245376,4096,1
364,364_adaptive_phase_change_run04,adaptive,phase_change,1778259533.7446952,/big.txt,86245376,131072,sequential,1.0000,0.0000,0,1,86376448,4096,1
364,364_adaptive_phase_change_run04,adaptive,phase_change,1778259533.744786,/big.txt,86376448,131072,sequential,1.0000,0.0000,0,1,86507520,4096,1
364,364_adaptive_phase_change_run04,adaptive,phase_change,1778259533.7448764,/big.txt,86507520,131072,sequential,1.0000,0.0000,0,1,86638592,4096,1
364,364_adaptive_phase_change_run04,adaptive,phase_change,1778259533.7449658,/big.txt,86638592,131072,sequential,1.0000,0.0000,0,1,86769664,4096,1
364,364_adaptive_phase_change_run04,adaptive,phase_change,1778259533.745056,/big.txt,86769664,131072,sequential,1.0000,0.0000,0,1,86900736,4096,1
364,364_adaptive_phase_change_run04,adaptive,phase_change,1778259533.745147,/big.txt,86900736,131072,sequential,1.0000,0.0000,0,1,87031808,4096,1
364,364_adaptive_phase_change_run04,adaptive,phase_change,1778259533.7452369,/big.txt,87031808,131072,sequential,1.0000,0.0000,0,1,87162880,4096,1
364,364_adaptive_phase_change_run04,adaptive,phase_change,1778259533.7453284,/big.txt,87162880,131072,sequential,1.0000,0.0000,0,1,87293952,4096,1
364,364_adaptive_phase_change_run04,adaptive,phase_change,1778259533.7454188,/big.txt,87293952,131072,sequential,1.0000,0.0000,0,1,87425024,4096,1
364,364_adaptive_phase_change_run04,adaptive,phase_change,1778259533.7455091,/big.txt,87425024,131072,sequential,1.0000,0.0000,0,1,87556096,4096,1
364,364_adaptive_phase_change_run04,adaptive,phase_change,1778259533.7456038,/big.txt,87556096,131072,sequential,1.0000,0.0000,0,1,87687168,4096,1
364,364_adaptive_phase_change_run04,adaptive,phase_change,1778259533.7456946,/big.txt,87687168,131072,sequential,1.0000,0.0000,0,1,87818240,4096,1
364,364_adaptive_phase_change_run04,adaptive,phase_change,1778259533.745785,/big.txt,87818240,131072,sequential,1.0000,0.0000,0,1,87949312,4096,1
364,364_adaptive_phase_change_run04,adaptive,phase_change,1778259533.7458746,/big.txt,87949312,131072,sequential,1.0000,0.0000,0,1,88080384,4096,1
364,364_adaptive_phase_change_run04,adaptive,phase_change,1778259533.7459643,/big.txt,88080384,131072,sequential,1.0000,0.0000,0,1,88211456,4096,1
364,364_adaptive_phase_change_run04,adaptive,phase_change,1778259533.746055,/big.txt,88211456,131072,sequential,1.0000,0.0000,0,1,88342528,4096,1
364,364_adaptive_phase_change_run04,adaptive,phase_change,1778259533.746149,/big.txt,88342528,131072,sequential,1.0000,0.0000,0,1,88473600,4096,1
364,364_adaptive_phase_change_run04,adaptive,phase_change,1778259533.7462406,/big.txt,88473600,131072,sequential,1.0000,0.0000,0,1,88604672,4096,1
364,364_adaptive_phase_change_run04,adaptive,phase_change,1778259533.746331,/big.txt,88604672,131072,sequential,1.0000,0.0000,0,1,88735744,4096,1
364,364_adaptive_phase_change_run04,adaptive,phase_change,1778259533.746422,/big.txt,88735744,131072,sequential,1.0000,0.0000,0,1,88866816,4096,1
364,364_adaptive_phase_change_run04,adaptive,phase_change,1778259533.7465124,/big.txt,88866816,131072,sequential,1.0000,0.0000,0,1,88997888,4096,1
364,364_adaptive_phase_change_run04,adaptive,phase_change,1778259533.746604,/big.txt,88997888,131072,sequential,1.0000,0.0000,0,1,89128960,4096,1
364,364_adaptive_phase_change_run04,adaptive,phase_change,1778259533.7466943,/big.txt,89128960,131072,sequential,1.0000,0.0000,0,1,89260032,4096,1
364,364_adaptive_phase_change_run04,adaptive,phase_change,1778259533.7468002,/big.txt,89260032,131072,sequential,1.0000,0.0000,0,1,89391104,4096,1
364,364_adaptive_phase_change_run04,adaptive,phase_change,1778259533.7469292,/big.txt,89391104,131072,sequential,1.0000,0.0000,0,1,89522176,4096,1
364,364_adaptive_phase_change_run04,adaptive,phase_change,1778259533.7470195,/big.txt,89522176,131072,sequential,1.0000,0.0000,0,1,89653248,4096,1
364,364_adaptive_phase_change_run04,adaptive,phase_change,1778259533.74711,/big.txt,89653248,131072,sequential,1.0000,0.0000,0,1,89784320,4096,1
364,364_adaptive_phase_change_run04,adaptive,phase_change,1778259533.7472003,/big.txt,89784320,131072,sequential,1.0000,0.0000,0,1,89915392,4096,1
364,364_adaptive_phase_change_run04,adaptive,phase_change,1778259533.7472901,/big.txt,89915392,131072,sequential,1.0000,0.0000,0,1,90046464,4096,1
364,364_adaptive_phase_change_run04,adaptive,phase_change,1778259533.7473807,/big.txt,90046464,131072,sequential,1.0000,0.0000,0,1,90177536,4096,1
364,364_adaptive_phase_change_run04,adaptive,phase_change,1778259533.7474713,/big.txt,90177536,131072,sequential,1.0000,0.0000,0,1,90308608,4096,1
364,364_adaptive_phase_change_run04,adaptive,phase_change,1778259533.7475622,/big.txt,90308608,131072,sequential,1.0000,0.0000,0,1,90439680,4096,1
364,364_adaptive_phase_change_run04,adaptive,phase_change,1778259533.7476542,/big.txt,90439680,131072,sequential,1.0000,0.0000,0,1,90570752,4096,1
364,364_adaptive_phase_change_run04,adaptive,phase_change,1778259533.7477448,/big.txt,90570752,131072,sequential,1.0000,0.0000,0,1,90701824,4096,1
364,364_adaptive_phase_change_run04,adaptive,phase_change,1778259533.7478352,/big.txt,90701824,131072,sequential,1.0000,0.0000,0,1,90832896,4096,1
364,364_adaptive_phase_change_run04,adaptive,phase_change,1778259533.7479258,/big.txt,90832896,131072,sequential,1.0000,0.0000,0,1,90963968,4096,1
364,364_adaptive_phase_change_run04,adaptive,phase_change,1778259533.7480164,/big.txt,90963968,131072,sequential,1.0000,0.0000,0,1,91095040,4096,1
364,364_adaptive_phase_change_run04,adaptive,phase_change,1778259533.7481067,/big.txt,91095040,131072,sequential,1.0000,0.0000,0,1,91226112,4096,1
364,364_adaptive_phase_change_run04,adaptive,phase_change,1778259533.7481973,/big.txt,91226112,131072,sequential,1.0000,0.0000,0,1,91357184,4096,1
364,364_adaptive_phase_change_run04,adaptive,phase_change,1778259533.7482882,/big.txt,91357184,131072,sequential,1.0000,0.0000,0,1,91488256,4096,1
364,364_adaptive_phase_change_run04,adaptive,phase_change,1778259533.7483785,/big.txt,91488256,131072,sequential,1.0000,0.0000,0,1,91619328,4096,1
364,364_adaptive_phase_change_run04,adaptive,phase_change,1778259533.7484689,/big.txt,91619328,131072,sequential,1.0000,0.0000,0,1,91750400,4096,1
364,364_adaptive_phase_change_run04,adaptive,phase_change,1778259533.7485588,/big.txt,91750400,131072,sequential,1.0000,0.0000,0,1,91881472,4096,1
364,364_adaptive_phase_change_run04,adaptive,phase_change,1778259533.7486494,/big.txt,91881472,131072,sequential,1.0000,0.0000,0,1,92012544,4096,1
364,364_adaptive_phase_change_run04,adaptive,phase_change,1778259533.7487452,/big.txt,92012544,131072,sequential,1.0000,0.0000,0,1,92143616,4096,1
364,364_adaptive_phase_change_run04,adaptive,phase_change,1778259533.7488365,/big.txt,92143616,131072,sequential,1.0000,0.0000,0,1,92274688,4096,1
364,364_adaptive_phase_change_run04,adaptive,phase_change,1778259533.7489324,/big.txt,92274688,131072,sequential,1.0000,0.0000,0,1,92405760,4096,1
364,364_adaptive_phase_change_run04,adaptive,phase_change,1778259533.7490249,/big.txt,92405760,131072,sequential,1.0000,0.0000,0,1,92536832,4096,1
364,364_adaptive_phase_change_run04,adaptive,phase_change,1778259533.7491193,/big.txt,92536832,131072,sequential,1.0000,0.0000,0,1,92667904,4096,1
364,364_adaptive_phase_change_run04,adaptive,phase_change,1778259533.7492113,/big.txt,92667904,131072,sequential,1.0000,0.0000,0,1,92798976,4096,1
364,364_adaptive_phase_change_run04,adaptive,phase_change,1778259533.7493026,/big.txt,92798976,131072,sequential,1.0000,0.0000,0,1,92930048,4096,1
364,364_adaptive_phase_change_run04,adaptive,phase_change,1778259533.749394,/big.txt,92930048,131072,sequential,1.0000,0.0000,0,1,93061120,4096,1
364,364_adaptive_phase_change_run04,adaptive,phase_change,1778259533.7494845,/big.txt,93061120,131072,sequential,1.0000,0.0000,0,1,93192192,4096,1
364,364_adaptive_phase_change_run04,adaptive,phase_change,1778259533.7495742,/big.txt,93192192,131072,sequential,1.0000,0.0000,0,1,93323264,4096,1
364,364_adaptive_phase_change_run04,adaptive,phase_change,1778259533.7496655,/big.txt,93323264,131072,sequential,1.0000,0.0000,0,1,93454336,4096,1
364,364_adaptive_phase_change_run04,adaptive,phase_change,1778259533.7497563,/big.txt,93454336,131072,sequential,1.0000,0.0000,0,1,93585408,4096,1
364,364_adaptive_phase_change_run04,adaptive,phase_change,1778259533.7498474,/big.txt,93585408,131072,sequential,1.0000,0.0000,0,1,93716480,4096,1
364,364_adaptive_phase_change_run04,adaptive,phase_change,1778259533.7499382,/big.txt,93716480,131072,sequential,1.0000,0.0000,0,1,93847552,4096,1
364,364_adaptive_phase_change_run04,adaptive,phase_change,1778259533.7500281,/big.txt,93847552,131072,sequential,1.0000,0.0000,0,1,93978624,4096,1
364,364_adaptive_phase_change_run04,adaptive,phase_change,1778259533.750119,/big.txt,93978624,131072,sequential,1.0000,0.0000,0,1,94109696,4096,1
364,364_adaptive_phase_change_run04,adaptive,phase_change,1778259533.7502093,/big.txt,94109696,131072,sequential,1.0000,0.0000,0,1,94240768,4096,1
364,364_adaptive_phase_change_run04,adaptive,phase_change,1778259533.7502997,/big.txt,94240768,131072,sequential,1.0000,0.0000,0,1,94371840,4096,1
364,364_adaptive_phase_change_run04,adaptive,phase_change,1778259533.7503905,/big.txt,94371840,131072,sequential,1.0000,0.0000,0,1,94502912,4096,1
364,364_adaptive_phase_change_run04,adaptive,phase_change,1778259533.7504811,/big.txt,94502912,131072,sequential,1.0000,0.0000,0,1,94633984,4096,1
364,364_adaptive_phase_change_run04,adaptive,phase_change,1778259533.750571,/big.txt,94633984,131072,sequential,1.0000,0.0000,0,1,94765056,4096,1
364,364_adaptive_phase_change_run04,adaptive,phase_change,1778259533.7506618,/big.txt,94765056,131072,sequential,1.0000,0.0000,0,1,94896128,4096,1
364,364_adaptive_phase_change_run04,adaptive,phase_change,1778259533.7507527,/big.txt,94896128,131072,sequential,1.0000,0.0000,0,1,95027200,4096,1
364,364_adaptive_phase_change_run04,adaptive,phase_change,1778259533.7508855,/big.txt,95027200,131072,sequential,1.0000,0.0000,0,1,95158272,4096,1
364,364_adaptive_phase_change_run04,adaptive,phase_change,1778259533.7509887,/big.txt,95158272,131072,sequential,1.0000,0.0000,0,1,95289344,4096,1
364,364_adaptive_phase_change_run04,adaptive,phase_change,1778259533.751117,/big.txt,95289344,131072,sequential,1.0000,0.0000,0,1,95420416,4096,1
364,364_adaptive_phase_change_run04,adaptive,phase_change,1778259533.751234,/big.txt,95420416,131072,sequential,1.0000,0.0000,0,1,95551488,4096,1
364,364_adaptive_phase_change_run04,adaptive,phase_change,1778259533.751328,/big.txt,95551488,131072,sequential,1.0000,0.0000,0,1,95682560,4096,1
364,364_adaptive_phase_change_run04,adaptive,phase_change,1778259533.7514362,/big.txt,95682560,131072,sequential,1.0000,0.0000,0,1,95813632,4096,1
364,364_adaptive_phase_change_run04,adaptive,phase_change,1778259533.7515543,/big.txt,95813632,131072,sequential,1.0000,0.0000,0,1,95944704,4096,1
364,364_adaptive_phase_change_run04,adaptive,phase_change,1778259533.7516477,/big.txt,95944704,131072,sequential,1.0000,0.0000,0,1,96075776,4096,1
364,364_adaptive_phase_change_run04,adaptive,phase_change,1778259533.751741,/big.txt,96075776,131072,sequential,1.0000,0.0000,0,1,96206848,4096,1
364,364_adaptive_phase_change_run04,adaptive,phase_change,1778259533.751834,/big.txt,96206848,131072,sequential,1.0000,0.0000,0,1,96337920,4096,1
364,364_adaptive_phase_change_run04,adaptive,phase_change,1778259533.7519276,/big.txt,96337920,131072,sequential,1.0000,0.0000,0,1,96468992,4096,1
364,364_adaptive_phase_change_run04,adaptive,phase_change,1778259533.7520213,/big.txt,96468992,131072,sequential,1.0000,0.0000,0,1,96600064,4096,1
364,364_adaptive_phase_change_run04,adaptive,phase_change,1778259533.7521145,/big.txt,96600064,131072,sequential,1.0000,0.0000,0,1,96731136,4096,1
364,364_adaptive_phase_change_run04,adaptive,phase_change,1778259533.7522078,/big.txt,96731136,131072,sequential,1.0000,0.0000,0,1,96862208,4096,1
364,364_adaptive_phase_change_run04,adaptive,phase_change,1778259533.7523007,/big.txt,96862208,131072,sequential,1.0000,0.0000,0,1,96993280,4096,1
364,364_adaptive_phase_change_run04,adaptive,phase_change,1778259533.7523923,/big.txt,96993280,131072,sequential,1.0000,0.0000,0,1,97124352,4096,1
364,364_adaptive_phase_change_run04,adaptive,phase_change,1778259533.7524831,/big.txt,97124352,131072,sequential,1.0000,0.0000,0,1,97255424,4096,1
364,364_adaptive_phase_change_run04,adaptive,phase_change,1778259533.7525744,/big.txt,97255424,131072,sequential,1.0000,0.0000,0,1,97386496,4096,1
364,364_adaptive_phase_change_run04,adaptive,phase_change,1778259533.7526653,/big.txt,97386496,131072,sequential,1.0000,0.0000,0,1,97517568,4096,1
364,364_adaptive_phase_change_run04,adaptive,phase_change,1778259533.7527597,/big.txt,97517568,131072,sequential,1.0000,0.0000,0,1,97648640,4096,1
364,364_adaptive_phase_change_run04,adaptive,phase_change,1778259533.752851,/big.txt,97648640,131072,sequential,1.0000,0.0000,0,1,97779712,4096,1
364,364_adaptive_phase_change_run04,adaptive,phase_change,1778259533.7529411,/big.txt,97779712,131072,sequential,1.0000,0.0000,0,1,97910784,4096,1
364,364_adaptive_phase_change_run04,adaptive,phase_change,1778259533.7530305,/big.txt,97910784,131072,sequential,1.0000,0.0000,0,1,98041856,4096,1
364,364_adaptive_phase_change_run04,adaptive,phase_change,1778259533.75312,/big.txt,98041856,131072,sequential,1.0000,0.0000,0,1,98172928,4096,1
364,364_adaptive_phase_change_run04,adaptive,phase_change,1778259533.75321,/big.txt,98172928,131072,sequential,1.0000,0.0000,0,1,98304000,4096,1
364,364_adaptive_phase_change_run04,adaptive,phase_change,1778259533.7533,/big.txt,98304000,131072,sequential,1.0000,0.0000,0,1,98435072,4096,1
364,364_adaptive_phase_change_run04,adaptive,phase_change,1778259533.75339,/big.txt,98435072,131072,sequential,1.0000,0.0000,0,1,98566144,4096,1
364,364_adaptive_phase_change_run04,adaptive,phase_change,1778259533.75348,/big.txt,98566144,131072,sequential,1.0000,0.0000,0,1,98697216,4096,1
364,364_adaptive_phase_change_run04,adaptive,phase_change,1778259533.7535708,/big.txt,98697216,131072,sequential,1.0000,0.0000,0,1,98828288,4096,1
364,364_adaptive_phase_change_run04,adaptive,phase_change,1778259533.7536612,/big.txt,98828288,131072,sequential,1.0000,0.0000,0,1,98959360,4096,1
364,364_adaptive_phase_change_run04,adaptive,phase_change,1778259533.7537513,/big.txt,98959360,131072,sequential,1.0000,0.0000,0,1,99090432,4096,1
364,364_adaptive_phase_change_run04,adaptive,phase_change,1778259533.753842,/big.txt,99090432,131072,sequential,1.0000,0.0000,0,1,99221504,4096,1
364,364_adaptive_phase_change_run04,adaptive,phase_change,1778259533.753937,/big.txt,99221504,131072,sequential,1.0000,0.0000,0,1,99352576,4096,1
364,364_adaptive_phase_change_run04,adaptive,phase_change,1778259533.754031,/big.txt,99352576,131072,sequential,1.0000,0.0000,0,1,99483648,4096,1
364,364_adaptive_phase_change_run04,adaptive,phase_change,1778259533.7541225,/big.txt,99483648,131072,sequential,1.0000,0.0000,0,1,99614720,4096,1
364,364_adaptive_phase_change_run04,adaptive,phase_change,1778259533.7542126,/big.txt,99614720,131072,sequential,1.0000,0.0000,0,1,99745792,4096,1
364,364_adaptive_phase_change_run04,adaptive,phase_change,1778259533.7543025,/big.txt,99745792,131072,sequential,1.0000,0.0000,0,1,99876864,4096,1
364,364_adaptive_phase_change_run04,adaptive,phase_change,1778259533.7543929,/big.txt,99876864,131072,sequential,1.0000,0.0000,0,1,100007936,4096,1
364,364_adaptive_phase_change_run04,adaptive,phase_change,1778259533.7544832,/big.txt,100007936,131072,sequential,1.0000,0.0000,0,1,100139008,4096,1
364,364_adaptive_phase_change_run04,adaptive,phase_change,1778259533.754574,/big.txt,100139008,131072,sequential,1.0000,0.0000,0,1,100270080,4096,1
364,364_adaptive_phase_change_run04,adaptive,phase_change,1778259533.7546651,/big.txt,100270080,131072,sequential,1.0000,0.0000,0,1,100401152,4096,1
364,364_adaptive_phase_change_run04,adaptive,phase_change,1778259533.7547553,/big.txt,100401152,131072,sequential,1.0000,0.0000,0,1,100532224,4096,1
364,364_adaptive_phase_change_run04,adaptive,phase_change,1778259533.7548697,/big.txt,100532224,131072,sequential,1.0000,0.0000,0,1,100663296,4096,1
364,364_adaptive_phase_change_run04,adaptive,phase_change,1778259533.7549975,/big.txt,100663296,131072,sequential,1.0000,0.0000,0,1,100794368,4096,1
364,364_adaptive_phase_change_run04,adaptive,phase_change,1778259533.7551262,/big.txt,100794368,131072,sequential,1.0000,0.0000,0,1,100925440,4096,1
364,364_adaptive_phase_change_run04,adaptive,phase_change,1778259533.7552578,/big.txt,100925440,131072,sequential,1.0000,0.0000,0,1,101056512,4096,1
364,364_adaptive_phase_change_run04,adaptive,phase_change,1778259533.7553759,/big.txt,101056512,131072,sequential,1.0000,0.0000,0,1,101187584,4096,1
364,364_adaptive_phase_change_run04,adaptive,phase_change,1778259533.755479,/big.txt,101187584,131072,sequential,1.0000,0.0000,0,1,101318656,4096,1
364,364_adaptive_phase_change_run04,adaptive,phase_change,1778259533.7555969,/big.txt,101318656,131072,sequential,1.0000,0.0000,0,1,101449728,4096,1
364,364_adaptive_phase_change_run04,adaptive,phase_change,1778259533.75569,/big.txt,101449728,131072,sequential,1.0000,0.0000,0,1,101580800,4096,1
364,364_adaptive_phase_change_run04,adaptive,phase_change,1778259533.755782,/big.txt,101580800,131072,sequential,1.0000,0.0000,0,1,101711872,4096,1
364,364_adaptive_phase_change_run04,adaptive,phase_change,1778259533.7558734,/big.txt,101711872,131072,sequential,1.0000,0.0000,0,1,101842944,4096,1
364,364_adaptive_phase_change_run04,adaptive,phase_change,1778259533.7559662,/big.txt,101842944,131072,sequential,1.0000,0.0000,0,1,101974016,4096,1
364,364_adaptive_phase_change_run04,adaptive,phase_change,1778259533.756057,/big.txt,101974016,131072,sequential,1.0000,0.0000,0,1,102105088,4096,1
364,364_adaptive_phase_change_run04,adaptive,phase_change,1778259533.7561488,/big.txt,102105088,131072,sequential,1.0000,0.0000,0,1,102236160,4096,1
364,364_adaptive_phase_change_run04,adaptive,phase_change,1778259533.7562408,/big.txt,102236160,131072,sequential,1.0000,0.0000,0,1,102367232,4096,1
364,364_adaptive_phase_change_run04,adaptive,phase_change,1778259533.7563334,/big.txt,102367232,131072,sequential,1.0000,0.0000,0,1,102498304,4096,1
364,364_adaptive_phase_change_run04,adaptive,phase_change,1778259533.756427,/big.txt,102498304,131072,sequential,1.0000,0.0000,0,1,102629376,4096,1
364,364_adaptive_phase_change_run04,adaptive,phase_change,1778259533.7565181,/big.txt,102629376,131072,sequential,1.0000,0.0000,0,1,102760448,4096,1
364,364_adaptive_phase_change_run04,adaptive,phase_change,1778259533.756609,/big.txt,102760448,131072,sequential,1.0000,0.0000,0,1,102891520,4096,1
364,364_adaptive_phase_change_run04,adaptive,phase_change,1778259533.756704,/big.txt,102891520,131072,sequential,1.0000,0.0000,0,1,103022592,4096,1
364,364_adaptive_phase_change_run04,adaptive,phase_change,1778259533.7567942,/big.txt,103022592,131072,sequential,1.0000,0.0000,0,1,103153664,4096,1
364,364_adaptive_phase_change_run04,adaptive,phase_change,1778259533.7568846,/big.txt,103153664,131072,sequential,1.0000,0.0000,0,1,103284736,4096,1
364,364_adaptive_phase_change_run04,adaptive,phase_change,1778259533.7569752,/big.txt,103284736,131072,sequential,1.0000,0.0000,0,1,103415808,4096,1
364,364_adaptive_phase_change_run04,adaptive,phase_change,1778259533.757065,/big.txt,103415808,131072,sequential,1.0000,0.0000,0,1,103546880,4096,1
364,364_adaptive_phase_change_run04,adaptive,phase_change,1778259533.7571545,/big.txt,103546880,131072,sequential,1.0000,0.0000,0,1,103677952,4096,1
364,364_adaptive_phase_change_run04,adaptive,phase_change,1778259533.7572439,/big.txt,103677952,131072,sequential,1.0000,0.0000,0,1,103809024,4096,1
364,364_adaptive_phase_change_run04,adaptive,phase_change,1778259533.7573333,/big.txt,103809024,131072,sequential,1.0000,0.0000,0,1,103940096,4096,1
364,364_adaptive_phase_change_run04,adaptive,phase_change,1778259533.757422,/big.txt,103940096,131072,sequential,1.0000,0.0000,0,1,104071168,4096,1
364,364_adaptive_phase_change_run04,adaptive,phase_change,1778259533.757512,/big.txt,104071168,131072,sequential,1.0000,0.0000,0,1,104202240,4096,1
364,364_adaptive_phase_change_run04,adaptive,phase_change,1778259533.7576017,/big.txt,104202240,131072,sequential,1.0000,0.0000,0,1,104333312,4096,1
364,364_adaptive_phase_change_run04,adaptive,phase_change,1778259533.7576919,/big.txt,104333312,131072,sequential,1.0000,0.0000,0,1,104464384,4096,1
364,364_adaptive_phase_change_run04,adaptive,phase_change,1778259533.757782,/big.txt,104464384,131072,sequential,1.0000,0.0000,0,1,104595456,4096,1
364,364_adaptive_phase_change_run04,adaptive,phase_change,1778259533.7578714,/big.txt,104595456,131072,sequential,1.0000,0.0000,0,1,104726528,4096,1
364,364_adaptive_phase_change_run04,adaptive,phase_change,1778259533.757961,/big.txt,104726528,131072,sequential,1.0000,0.0000,0,1,104857600,4096,1
364,364_adaptive_phase_change_run04,adaptive,phase_change,1778259533.7580247,/big.txt,104857600,0,sequential,1.0000,0.0000,0,0,,,1
