run_index,run_label,mode,workload,timestamp,path,offset,size,phase,confidence,decay_rate,seek_delta,prefetch,prefetch_offset,prefetch_size,prefetch_depth,cache_hit,false_negative
335,335_adaptive_sequential_run15,adaptive,sequential,1778268851.390607,/big.txt,0,131072,unknown,0.0000,0.0000,0,0,,,1,-1,0
335,335_adaptive_sequential_run15,adaptive,sequential,1778268851.3942566,/big.txt,131072,131072,sequential,1.0000,0.0000,0,1,262144,4096,1,-1,1
335,335_adaptive_sequential_run15,adaptive,sequential,1778268851.3974946,/big.txt,262144,131072,sequential,1.0000,0.0000,0,1,393216,4096,1,-1,0
335,335_adaptive_sequential_run15,adaptive,sequential,1778268851.4007604,/big.txt,393216,131072,sequential,1.0000,0.0000,0,1,524288,4096,1,-1,0
335,335_adaptive_sequential_run15,adaptive,sequential,1778268851.4039314,/big.txt,524288,131072,sequential,1.0000,0.0000,0,1,655360,4096,1,-1,0
335,335_adaptive_sequential_run15,adaptive,sequential,1778268851.4071388,/big.txt,655360,131072,sequential,1.0000,0.0000,0,1,786432,4096,1,-1,0
335,335_adaptive_sequential_run15,adaptive,sequential,1778268851.4103234,/big.txt,786432,131072,sequential,1.0000,0.0000,0,1,917504,4096,1,-1,0
335,335_adaptive_sequential_run15,adaptive,sequential,1778268851.413514,/big.txt,917504,131072,sequential,1.0000,0.0000,0,1,1048576,4096,1,-1,0
335,335_adaptive_sequential_run15,adaptive,sequential,1778268851.4166164,/big.txt,1048576,131072,sequential,1.0000,0.0000,0,1,1179648,4096,1,-1,0
335,335_adaptive_sequential_run15,adaptive,sequential,1778268851.4196057,/big.txt,1179648,131072,sequential,1.0000,0.0000,0,1,1310720,4096,1,-1,0
335,335_adaptive_sequential_run15,adaptive,sequential,1778268851.4225276,/big.txt,1310720,131072,sequential,1.0000,0.0000,0,1,1441792,4096,1,-1,0
335,335_adaptive_sequential_run15,adaptive,sequential,1778268851.4254615,/big.txt,1441792,131072,sequential,1.0000,0.0000,0,1,1572864,4096,1,-1,0
335,335_adaptive_sequential_run15,adaptive,sequential,1778268851.4284296,/big.txt,1572864,131072,sequential,1.0000,0.0000,0,1,1703936,4096,1,-1,0
335,335_adaptive_sequential_run15,adaptive,sequential,1778268851.4313645,/big.txt,1703936,131072,sequential,1.0000,0.0000,0,1,1835008,4096,1,-1,0
335,335_adaptive_sequential_run15,adaptive,sequential,1778268851.434357,/big.txt,1835008,131072,sequential,1.0000,0.0000,0,1,1966080,4096,1,-1,0
335,335_adaptive_sequential_run15,adaptive,sequential,1778268851.4373124,/big.txt,1966080,131072,sequential,1.0000,0.0000,0,1,2097152,4096,1,-1,0
335,335_adaptive_sequential_run15,adaptive,sequential,1778268851.4403214,/big.txt,2097152,131072,sequential,1.0000,0.0000,0,1,2228224,4096,1,-1,0
335,335_adaptive_sequential_run15,adaptive,sequential,1778268851.4432914,/big.txt,2228224,131072,sequential,1.0000,0.0000,0,1,2359296,4096,1,-1,0
335,335_adaptive_sequential_run15,adaptive,sequential,1778268851.4462852,/big.txt,2359296,131072,sequential,1.0000,0.0000,0,1,2490368,4096,1,-1,0
335,335_adaptive_sequential_run15,adaptive,sequential,1778268851.449304,/big.txt,2490368,131072,sequential,1.0000,0.0000,0,1,2621440,4096,1,-1,0
335,335_adaptive_sequential_run15,adaptive,sequential,1778268851.4523666,/big.txt,2621440,131072,sequential,1.0000,0.0000,0,1,2752512,4096,1,-1,0
335,335_adaptive_sequential_run15,adaptive,sequential,1778268851.4553509,/big.txt,2752512,131072,sequential,1.0000,0.0000,0,1,2883584,4096,1,-1,0
335,335_adaptive_sequential_run15,adaptive,sequential,1778268851.4583187,/big.txt,2883584,131072,sequential,1.0000,0.0000,0,1,3014656,4096,1,-1,0
335,335_adaptive_sequential_run15,adaptive,sequential,1778268851.461295,/big.txt,3014656,131072,sequential,1.0000,0.0000,0,1,3145728,4096,1,-1,0
335,335_adaptive_sequential_run15,adaptive,sequential,1778268851.464303,/big.txt,3145728,131072,sequential,1.0000,0.0000,0,1,3276800,4096,1,-1,0
335,335_adaptive_sequential_run15,adaptive,sequential,1778268851.4680314,/big.txt,3276800,131072,sequential,1.0000,0.0000,0,1,3407872,4096,1,-1,0
335,335_adaptive_sequential_run15,adaptive,sequential,1778268851.471611,/big.txt,3407872,131072,sequential,1.0000,0.0000,0,1,3538944,4096,1,-1,0
335,335_adaptive_sequential_run15,adaptive,sequential,1778268851.4745572,/big.txt,3538944,131072,sequential,1.0000,0.0000,0,1,3670016,4096,1,-1,0
335,335_adaptive_sequential_run15,adaptive,sequential,1778268851.4775941,/big.txt,3670016,131072,sequential,1.0000,0.0000,0,1,3801088,4096,1,-1,0
335,335_adaptive_sequential_run15,adaptive,sequential,1778268851.4806159,/big.txt,3801088,131072,sequential,1.0000,0.0000,0,1,3932160,4096,1,-1,0
335,335_adaptive_sequential_run15,adaptive,sequential,1778268851.4835966,/big.txt,3932160,131072,sequential,1.0000,0.0000,0,1,4063232,4096,1,-1,0
335,335_adaptive_sequential_run15,adaptive,sequential,1778268851.4866326,/big.txt,4063232,131072,sequential,1.0000,0.0000,0,1,4194304,4096,1,-1,0
335,335_adaptive_sequential_run15,adaptive,sequential,1778268851.4895747,/big.txt,4194304,131072,sequential,1.0000,0.0000,0,1,4325376,4096,1,-1,0
335,335_adaptive_sequential_run15,adaptive,sequential,1778268851.4923587,/big.txt,4325376,131072,sequential,1.0000,0.0000,0,1,4456448,4096,1,-1,0
335,335_adaptive_sequential_run15,adaptive,sequential,1778268851.4950056,/big.txt,4456448,131072,sequential,1.0000,0.0000,0,1,4587520,4096,1,-1,0
335,335_adaptive_sequential_run15,adaptive,sequential,1778268851.4976249,/big.txt,4587520,131072,sequential,1.0000,0.0000,0,1,4718592,4096,1,-1,0
335,335_adaptive_sequential_run15,adaptive,sequential,1778268851.5002701,/big.txt,4718592,131072,sequential,1.0000,0.0000,0,1,4849664,4096,1,-1,0
335,335_adaptive_sequential_run15,adaptive,sequential,1778268851.5028963,/big.txt,4849664,131072,sequential,1.0000,0.0000,0,1,4980736,4096,1,-1,0
335,335_adaptive_sequential_run15,adaptive,sequential,1778268851.5055048,/big.txt,4980736,131072,sequential,1.0000,0.0000,0,1,5111808,4096,1,-1,0
335,335_adaptive_sequential_run15,adaptive,sequential,1778268851.5081432,/big.txt,5111808,131072,sequential,1.0000,0.0000,0,1,5242880,4096,1,-1,0
335,335_adaptive_sequential_run15,adaptive,sequential,1778268851.5107577,/big.txt,5242880,131072,sequential,1.0000,0.0000,0,1,5373952,4096,1,-1,0
335,335_adaptive_sequential_run15,adaptive,sequential,1778268851.5133963,/big.txt,5373952,131072,sequential,1.0000,0.0000,0,1,5505024,4096,1,-1,0
335,335_adaptive_sequential_run15,adaptive,sequential,1778268851.5160608,/big.txt,5505024,131072,sequential,1.0000,0.0000,0,1,5636096,4096,1,-1,0
335,335_adaptive_sequential_run15,adaptive,sequential,1778268851.518669,/big.txt,5636096,131072,sequential,1.0000,0.0000,0,1,5767168,4096,1,-1,0
335,335_adaptive_sequential_run15,adaptive,sequential,1778268851.5212908,/big.txt,5767168,131072,sequential,1.0000,0.0000,0,1,5898240,4096,1,-1,0
335,335_adaptive_sequential_run15,adaptive,sequential,1778268851.5239153,/big.txt,5898240,131072,sequential,1.0000,0.0000,0,1,6029312,4096,1,-1,0
335,335_adaptive_sequential_run15,adaptive,sequential,1778268851.526529,/big.txt,6029312,131072,sequential,1.0000,0.0000,0,1,6160384,4096,1,-1,0
335,335_adaptive_sequential_run15,adaptive,sequential,1778268851.5291605,/big.txt,6160384,131072,sequential,1.0000,0.0000,0,1,6291456,4096,1,-1,0
335,335_adaptive_sequential_run15,adaptive,sequential,1778268851.5318651,/big.txt,6291456,131072,sequential,1.0000,0.0000,0,1,6422528,4096,1,-1,0
335,335_adaptive_sequential_run15,adaptive,sequential,1778268851.5344617,/big.txt,6422528,131072,sequential,1.0000,0.0000,0,1,6553600,4096,1,-1,0
335,335_adaptive_sequential_run15,adaptive,sequential,1778268851.537069,/big.txt,6553600,131072,sequential,1.0000,0.0000,0,1,6684672,4096,1,-1,0
335,335_adaptive_sequential_run15,adaptive,sequential,1778268851.5397298,/big.txt,6684672,131072,sequential,1.0000,0.0000,0,1,6815744,4096,1,-1,0
335,335_adaptive_sequential_run15,adaptive,sequential,1778268851.5423453,/big.txt,6815744,131072,sequential,1.0000,0.0000,0,1,6946816,4096,1,-1,0
335,335_adaptive_sequential_run15,adaptive,sequential,1778268851.5450191,/big.txt,6946816,131072,sequential,1.0000,0.0000,0,1,7077888,4096,1,-1,0
335,335_adaptive_sequential_run15,adaptive,sequential,1778268851.5476449,/big.txt,7077888,131072,sequential,1.0000,0.0000,0,1,7208960,4096,1,-1,0
335,335_adaptive_sequential_run15,adaptive,sequential,1778268851.5502522,/big.txt,7208960,131072,sequential,1.0000,0.0000,0,1,7340032,4096,1,-1,0
335,335_adaptive_sequential_run15,adaptive,sequential,1778268851.552897,/big.txt,7340032,131072,sequential,1.0000,0.0000,0,1,7471104,4096,1,-1,0
335,335_adaptive_sequential_run15,adaptive,sequential,1778268851.5556731,/big.txt,7471104,131072,sequential,1.0000,0.0000,0,1,7602176,4096,1,-1,0
335,335_adaptive_sequential_run15,adaptive,sequential,1778268851.558417,/big.txt,7602176,131072,sequential,1.0000,0.0000,0,1,7733248,4096,1,-1,0
335,335_adaptive_sequential_run15,adaptive,sequential,1778268851.5610197,/big.txt,7733248,131072,sequential,1.0000,0.0000,0,1,7864320,4096,1,-1,0
335,335_adaptive_sequential_run15,adaptive,sequential,1778268851.5636227,/big.txt,7864320,131072,sequential,1.0000,0.0000,0,1,7995392,4096,1,-1,0
335,335_adaptive_sequential_run15,adaptive,sequential,1778268851.5662084,/big.txt,7995392,131072,sequential,1.0000,0.0000,0,1,8126464,4096,1,-1,0
335,335_adaptive_sequential_run15,adaptive,sequential,1778268851.5688918,/big.txt,8126464,131072,sequential,1.0000,0.0000,0,1,8257536,4096,1,-1,0
335,335_adaptive_sequential_run15,adaptive,sequential,1778268851.5715113,/big.txt,8257536,131072,sequential,1.0000,0.0000,0,1,8388608,4096,1,-1,0
335,335_adaptive_sequential_run15,adaptive,sequential,1778268851.5741494,/big.txt,8388608,131072,sequential,1.0000,0.0000,0,1,8519680,4096,1,-1,0
335,335_adaptive_sequential_run15,adaptive,sequential,1778268851.5767872,/big.txt,8519680,131072,sequential,1.0000,0.0000,0,1,8650752,4096,1,-1,0
335,335_adaptive_sequential_run15,adaptive,sequential,1778268851.579383,/big.txt,8650752,131072,sequential,1.0000,0.0000,0,1,8781824,4096,1,-1,0
335,335_adaptive_sequential_run15,adaptive,sequential,1778268851.5819643,/big.txt,8781824,131072,sequential,1.0000,0.0000,0,1,8912896,4096,1,-1,0
335,335_adaptive_sequential_run15,adaptive,sequential,1778268851.5846355,/big.txt,8912896,131072,sequential,1.0000,0.0000,0,1,9043968,4096,1,-1,0
335,335_adaptive_sequential_run15,adaptive,sequential,1778268851.587446,/big.txt,9043968,131072,sequential,1.0000,0.0000,0,1,9175040,4096,1,-1,0
335,335_adaptive_sequential_run15,adaptive,sequential,1778268851.5900636,/big.txt,9175040,131072,sequential,1.0000,0.0000,0,1,9306112,4096,1,-1,0
335,335_adaptive_sequential_run15,adaptive,sequential,1778268851.592747,/big.txt,9306112,131072,sequential,1.0000,0.0000,0,1,9437184,4096,1,-1,0
335,335_adaptive_sequential_run15,adaptive,sequential,1778268851.5954442,/big.txt,9437184,131072,sequential,1.0000,0.0000,0,1,9568256,4096,1,-1,0
335,335_adaptive_sequential_run15,adaptive,sequential,1778268851.5980532,/big.txt,9568256,131072,sequential,1.0000,0.0000,0,1,9699328,4096,1,-1,0
335,335_adaptive_sequential_run15,adaptive,sequential,1778268851.6007292,/big.txt,9699328,131072,sequential,1.0000,0.0000,0,1,9830400,4096,1,-1,0
335,335_adaptive_sequential_run15,adaptive,sequential,1778268851.6048229,/big.txt,9830400,131072,sequential,1.0000,0.0000,0,1,9961472,4096,1,-1,0
335,335_adaptive_sequential_run15,adaptive,sequential,1778268851.6101222,/big.txt,9961472,131072,sequential,1.0000,0.0000,0,1,10092544,4096,1,-1,0
335,335_adaptive_sequential_run15,adaptive,sequential,1778268851.6127927,/big.txt,10092544,131072,sequential,1.0000,0.0000,0,1,10223616,4096,1,-1,0
335,335_adaptive_sequential_run15,adaptive,sequential,1778268851.6153936,/big.txt,10223616,131072,sequential,1.0000,0.0000,0,1,10354688,4096,1,-1,0
335,335_adaptive_sequential_run15,adaptive,sequential,1778268851.618028,/big.txt,10354688,131072,sequential,1.0000,0.0000,0,1,10485760,4096,1,-1,0
335,335_adaptive_sequential_run15,adaptive,sequential,1778268851.6207466,/big.txt,10485760,131072,sequential,1.0000,0.0000,0,1,10616832,4096,1,-1,0
335,335_adaptive_sequential_run15,adaptive,sequential,1778268851.623441,/big.txt,10616832,131072,sequential,1.0000,0.0000,0,1,10747904,4096,1,-1,0
335,335_adaptive_sequential_run15,adaptive,sequential,1778268851.6260598,/big.txt,10747904,131072,sequential,1.0000,0.0000,0,1,10878976,4096,1,-1,0
335,335_adaptive_sequential_run15,adaptive,sequential,1778268851.6287596,/big.txt,10878976,131072,sequential,1.0000,0.0000,0,1,11010048,4096,1,-1,0
335,335_adaptive_sequential_run15,adaptive,sequential,1778268851.6314363,/big.txt,11010048,131072,sequential,1.0000,0.0000,0,1,11141120,4096,1,-1,0
335,335_adaptive_sequential_run15,adaptive,sequential,1778268851.6340423,/big.txt,11141120,131072,sequential,1.0000,0.0000,0,1,11272192,4096,1,-1,0
335,335_adaptive_sequential_run15,adaptive,sequential,1778268851.636737,/big.txt,11272192,131072,sequential,1.0000,0.0000,0,1,11403264,4096,1,-1,0
335,335_adaptive_sequential_run15,adaptive,sequential,1778268851.6394763,/big.txt,11403264,131072,sequential,1.0000,0.0000,0,1,11534336,4096,1,-1,0
335,335_adaptive_sequential_run15,adaptive,sequential,1778268851.6421247,/big.txt,11534336,131072,sequential,1.0000,0.0000,0,1,11665408,4096,1,-1,0
335,335_adaptive_sequential_run15,adaptive,sequential,1778268851.6447425,/big.txt,11665408,131072,sequential,1.0000,0.0000,0,1,11796480,4096,1,-1,0
335,335_adaptive_sequential_run15,adaptive,sequential,1778268851.647377,/big.txt,11796480,131072,sequential,1.0000,0.0000,0,1,11927552,4096,1,-1,0
335,335_adaptive_sequential_run15,adaptive,sequential,1778268851.6500578,/big.txt,11927552,131072,sequential,1.0000,0.0000,0,1,12058624,4096,1,-1,0
335,335_adaptive_sequential_run15,adaptive,sequential,1778268851.6527674,/big.txt,12058624,131072,sequential,1.0000,0.0000,0,1,12189696,4096,1,-1,0
335,335_adaptive_sequential_run15,adaptive,sequential,1778268851.6554232,/big.txt,12189696,131072,sequential,1.0000,0.0000,0,1,12320768,4096,1,-1,0
335,335_adaptive_sequential_run15,adaptive,sequential,1778268851.658099,/big.txt,12320768,131072,sequential,1.0000,0.0000,0,1,12451840,4096,1,-1,0
335,335_adaptive_sequential_run15,adaptive,sequential,1778268851.6607828,/big.txt,12451840,131072,sequential,1.0000,0.0000,0,1,12582912,4096,1,-1,0
335,335_adaptive_sequential_run15,adaptive,sequential,1778268851.663427,/big.txt,12582912,131072,sequential,1.0000,0.0000,0,1,12713984,4096,1,-1,0
335,335_adaptive_sequential_run15,adaptive,sequential,1778268851.6660528,/big.txt,12713984,131072,sequential,1.0000,0.0000,0,1,12845056,4096,1,-1,0
335,335_adaptive_sequential_run15,adaptive,sequential,1778268851.6687639,/big.txt,12845056,131072,sequential,1.0000,0.0000,0,1,12976128,4096,1,-1,0
335,335_adaptive_sequential_run15,adaptive,sequential,1778268851.6715372,/big.txt,12976128,131072,sequential,1.0000,0.0000,0,1,13107200,4096,1,-1,0
335,335_adaptive_sequential_run15,adaptive,sequential,1778268851.6741676,/big.txt,13107200,131072,sequential,1.0000,0.0000,0,1,13238272,4096,1,-1,0
335,335_adaptive_sequential_run15,adaptive,sequential,1778268851.676813,/big.txt,13238272,131072,sequential,1.0000,0.0000,0,1,13369344,4096,1,-1,0
335,335_adaptive_sequential_run15,adaptive,sequential,1778268851.6794536,/big.txt,13369344,131072,sequential,1.0000,0.0000,0,1,13500416,4096,1,-1,0
335,335_adaptive_sequential_run15,adaptive,sequential,1778268851.6820815,/big.txt,13500416,131072,sequential,1.0000,0.0000,0,1,13631488,4096,1,-1,0
335,335_adaptive_sequential_run15,adaptive,sequential,1778268851.6847687,/big.txt,13631488,131072,sequential,1.0000,0.0000,0,1,13762560,4096,1,-1,0
335,335_adaptive_sequential_run15,adaptive,sequential,1778268851.687576,/big.txt,13762560,131072,sequential,1.0000,0.0000,0,1,13893632,4096,1,-1,0
335,335_adaptive_sequential_run15,adaptive,sequential,1778268851.6902285,/big.txt,13893632,131072,sequential,1.0000,0.0000,0,1,14024704,4096,1,-1,0
335,335_adaptive_sequential_run15,adaptive,sequential,1778268851.6928332,/big.txt,14024704,131072,sequential,1.0000,0.0000,0,1,14155776,4096,1,-1,0
335,335_adaptive_sequential_run15,adaptive,sequential,1778268851.6954746,/big.txt,14155776,131072,sequential,1.0000,0.0000,0,1,14286848,4096,1,-1,0
335,335_adaptive_sequential_run15,adaptive,sequential,1778268851.6981816,/big.txt,14286848,131072,sequential,1.0000,0.0000,0,1,14417920,4096,1,-1,0
335,335_adaptive_sequential_run15,adaptive,sequential,1778268851.70082,/big.txt,14417920,131072,sequential,1.0000,0.0000,0,1,14548992,4096,1,-1,0
335,335_adaptive_sequential_run15,adaptive,sequential,1778268851.7034802,/big.txt,14548992,131072,sequential,1.0000,0.0000,0,1,14680064,4096,1,-1,0
335,335_adaptive_sequential_run15,adaptive,sequential,1778268851.7060854,/big.txt,14680064,131072,sequential,1.0000,0.0000,0,1,14811136,4096,1,-1,0
335,335_adaptive_sequential_run15,adaptive,sequential,1778268851.7088268,/big.txt,14811136,131072,sequential,1.0000,0.0000,0,1,14942208,4096,1,-1,0
335,335_adaptive_sequential_run15,adaptive,sequential,1778268851.7114875,/big.txt,14942208,131072,sequential,1.0000,0.0000,0,1,15073280,4096,1,-1,0
335,335_adaptive_sequential_run15,adaptive,sequential,1778268851.714088,/big.txt,15073280,131072,sequential,1.0000,0.0000,0,1,15204352,4096,1,-1,0
335,335_adaptive_sequential_run15,adaptive,sequential,1778268851.7167747,/big.txt,15204352,131072,sequential,1.0000,0.0000,0,1,15335424,4096,1,-1,0
335,335_adaptive_sequential_run15,adaptive,sequential,1778268851.7208998,/big.txt,15335424,131072,sequential,1.0000,0.0000,0,1,15466496,4096,1,-1,0
335,335_adaptive_sequential_run15,adaptive,sequential,1778268851.7262084,/big.txt,15466496,131072,sequential,1.0000,0.0000,0,1,15597568,4096,1,-1,0
335,335_adaptive_sequential_run15,adaptive,sequential,1778268851.7312925,/big.txt,15597568,131072,sequential,1.0000,0.0000,0,1,15728640,4096,1,-1,0
335,335_adaptive_sequential_run15,adaptive,sequential,1778268851.7339463,/big.txt,15728640,131072,sequential,1.0000,0.0000,0,1,15859712,4096,1,-1,0
335,335_adaptive_sequential_run15,adaptive,sequential,1778268851.7366517,/big.txt,15859712,131072,sequential,1.0000,0.0000,0,1,15990784,4096,1,-1,0
335,335_adaptive_sequential_run15,adaptive,sequential,1778268851.7393382,/big.txt,15990784,131072,sequential,1.0000,0.0000,0,1,16121856,4096,1,-1,0
335,335_adaptive_sequential_run15,adaptive,sequential,1778268851.7420363,/big.txt,16121856,131072,sequential,1.0000,0.0000,0,1,16252928,4096,1,-1,0
335,335_adaptive_sequential_run15,adaptive,sequential,1778268851.744726,/big.txt,16252928,131072,sequential,1.0000,0.0000,0,1,16384000,4096,1,-1,0
335,335_adaptive_sequential_run15,adaptive,sequential,1778268851.7473853,/big.txt,16384000,131072,sequential,1.0000,0.0000,0,1,16515072,4096,1,-1,0
335,335_adaptive_sequential_run15,adaptive,sequential,1778268851.750093,/big.txt,16515072,131072,sequential,1.0000,0.0000,0,1,16646144,4096,1,-1,0
335,335_adaptive_sequential_run15,adaptive,sequential,1778268851.7527583,/big.txt,16646144,131072,sequential,1.0000,0.0000,0,1,16777216,4096,1,-1,0
335,335_adaptive_sequential_run15,adaptive,sequential,1778268851.7554736,/big.txt,16777216,131072,sequential,1.0000,0.0000,0,1,16908288,4096,1,-1,0
335,335_adaptive_sequential_run15,adaptive,sequential,1778268851.758114,/big.txt,16908288,131072,sequential,1.0000,0.0000,0,1,17039360,4096,1,-1,0
335,335_adaptive_sequential_run15,adaptive,sequential,1778268851.7607887,/big.txt,17039360,131072,sequential,1.0000,0.0000,0,1,17170432,4096,1,-1,0
335,335_adaptive_sequential_run15,adaptive,sequential,1778268851.7634351,/big.txt,17170432,131072,sequential,1.0000,0.0000,0,1,17301504,4096,1,-1,0
335,335_adaptive_sequential_run15,adaptive,sequential,1778268851.7660677,/big.txt,17301504,131072,sequential,1.0000,0.0000,0,1,17432576,4096,1,-1,0
335,335_adaptive_sequential_run15,adaptive,sequential,1778268851.768724,/big.txt,17432576,131072,sequential,1.0000,0.0000,0,1,17563648,4096,1,-1,0
335,335_adaptive_sequential_run15,adaptive,sequential,1778268851.771426,/big.txt,17563648,131072,sequential,1.0000,0.0000,0,1,17694720,4096,1,-1,0
335,335_adaptive_sequential_run15,adaptive,sequential,1778268851.7740815,/big.txt,17694720,131072,sequential,1.0000,0.0000,0,1,17825792,4096,1,-1,0
335,335_adaptive_sequential_run15,adaptive,sequential,1778268851.7767544,/big.txt,17825792,131072,sequential,1.0000,0.0000,0,1,17956864,4096,1,-1,0
335,335_adaptive_sequential_run15,adaptive,sequential,1778268851.7794206,/big.txt,17956864,131072,sequential,1.0000,0.0000,0,1,18087936,4096,1,-1,0
335,335_adaptive_sequential_run15,adaptive,sequential,1778268851.7820845,/big.txt,18087936,131072,sequential,1.0000,0.0000,0,1,18219008,4096,1,-1,0
335,335_adaptive_sequential_run15,adaptive,sequential,1778268851.784777,/big.txt,18219008,131072,sequential,1.0000,0.0000,0,1,18350080,4096,1,-1,0
335,335_adaptive_sequential_run15,adaptive,sequential,1778268851.787405,/big.txt,18350080,131072,sequential,1.0000,0.0000,0,1,18481152,4096,1,-1,0
335,335_adaptive_sequential_run15,adaptive,sequential,1778268851.7900343,/big.txt,18481152,131072,sequential,1.0000,0.0000,0,1,18612224,4096,1,-1,0
335,335_adaptive_sequential_run15,adaptive,sequential,1778268851.7926857,/big.txt,18612224,131072,sequential,1.0000,0.0000,0,1,18743296,4096,1,-1,0
335,335_adaptive_sequential_run15,adaptive,sequential,1778268851.795312,/big.txt,18743296,131072,sequential,1.0000,0.0000,0,1,18874368,4096,1,-1,0
335,335_adaptive_sequential_run15,adaptive,sequential,1778268851.7979329,/big.txt,18874368,131072,sequential,1.0000,0.0000,0,1,19005440,4096,1,-1,0
335,335_adaptive_sequential_run15,adaptive,sequential,1778268851.8006115,/big.txt,19005440,131072,sequential,1.0000,0.0000,0,1,19136512,4096,1,-1,0
335,335_adaptive_sequential_run15,adaptive,sequential,1778268851.8032808,/big.txt,19136512,131072,sequential,1.0000,0.0000,0,1,19267584,4096,1,-1,0
335,335_adaptive_sequential_run15,adaptive,sequential,1778268851.806001,/big.txt,19267584,131072,sequential,1.0000,0.0000,0,1,19398656,4096,1,-1,0
335,335_adaptive_sequential_run15,adaptive,sequential,1778268851.8086977,/big.txt,19398656,131072,sequential,1.0000,0.0000,0,1,19529728,4096,1,-1,0
335,335_adaptive_sequential_run15,adaptive,sequential,1778268851.8115082,/big.txt,19529728,131072,sequential,1.0000,0.0000,0,1,19660800,4096,1,-1,0
335,335_adaptive_sequential_run15,adaptive,sequential,1778268851.8141577,/big.txt,19660800,131072,sequential,1.0000,0.0000,0,1,19791872,4096,1,-1,0
335,335_adaptive_sequential_run15,adaptive,sequential,1778268851.8167956,/big.txt,19791872,131072,sequential,1.0000,0.0000,0,1,19922944,4096,1,-1,0
335,335_adaptive_sequential_run15,adaptive,sequential,1778268851.8194413,/big.txt,19922944,131072,sequential,1.0000,0.0000,0,1,20054016,4096,1,-1,0
335,335_adaptive_sequential_run15,adaptive,sequential,1778268851.8221283,/big.txt,20054016,131072,sequential,1.0000,0.0000,0,1,20185088,4096,1,-1,0
335,335_adaptive_sequential_run15,adaptive,sequential,1778268851.8247786,/big.txt,20185088,131072,sequential,1.0000,0.0000,0,1,20316160,4096,1,-1,0
335,335_adaptive_sequential_run15,adaptive,sequential,1778268851.8274028,/big.txt,20316160,131072,sequential,1.0000,0.0000,0,1,20447232,4096,1,-1,0
335,335_adaptive_sequential_run15,adaptive,sequential,1778268851.8300147,/big.txt,20447232,131072,sequential,1.0000,0.0000,0,1,20578304,4096,1,-1,0
335,335_adaptive_sequential_run15,adaptive,sequential,1778268851.8326936,/big.txt,20578304,131072,sequential,1.0000,0.0000,0,1,20709376,4096,1,-1,0
335,335_adaptive_sequential_run15,adaptive,sequential,1778268851.8353355,/big.txt,20709376,131072,sequential,1.0000,0.0000,0,1,20840448,4096,1,-1,0
335,335_adaptive_sequential_run15,adaptive,sequential,1778268851.8379915,/big.txt,20840448,131072,sequential,1.0000,0.0000,0,1,20971520,4096,1,-1,0
335,335_adaptive_sequential_run15,adaptive,sequential,1778268851.8407032,/big.txt,20971520,131072,sequential,1.0000,0.0000,0,1,21102592,4096,1,-1,0
335,335_adaptive_sequential_run15,adaptive,sequential,1778268851.8433702,/big.txt,21102592,131072,sequential,1.0000,0.0000,0,1,21233664,4096,1,-1,0
335,335_adaptive_sequential_run15,adaptive,sequential,1778268851.846067,/big.txt,21233664,131072,sequential,1.0000,0.0000,0,1,21364736,4096,1,-1,0
335,335_adaptive_sequential_run15,adaptive,sequential,1778268851.848785,/big.txt,21364736,131072,sequential,1.0000,0.0000,0,1,21495808,4096,1,-1,0
335,335_adaptive_sequential_run15,adaptive,sequential,1778268851.8514388,/big.txt,21495808,131072,sequential,1.0000,0.0000,0,1,21626880,4096,1,-1,0
335,335_adaptive_sequential_run15,adaptive,sequential,1778268851.8541539,/big.txt,21626880,131072,sequential,1.0000,0.0000,0,1,21757952,4096,1,-1,0
335,335_adaptive_sequential_run15,adaptive,sequential,1778268851.8568068,/big.txt,21757952,131072,sequential,1.0000,0.0000,0,1,21889024,4096,1,-1,0
335,335_adaptive_sequential_run15,adaptive,sequential,1778268851.8595564,/big.txt,21889024,131072,sequential,1.0000,0.0000,0,1,22020096,4096,1,-1,0
335,335_adaptive_sequential_run15,adaptive,sequential,1778268851.862241,/big.txt,22020096,131072,sequential,1.0000,0.0000,0,1,22151168,4096,1,-1,0
335,335_adaptive_sequential_run15,adaptive,sequential,1778268851.8648973,/big.txt,22151168,131072,sequential,1.0000,0.0000,0,1,22282240,4096,1,-1,0
335,335_adaptive_sequential_run15,adaptive,sequential,1778268851.8676395,/big.txt,22282240,131072,sequential,1.0000,0.0000,0,1,22413312,4096,1,-1,0
335,335_adaptive_sequential_run15,adaptive,sequential,1778268851.8702457,/big.txt,22413312,131072,sequential,1.0000,0.0000,0,1,22544384,4096,1,-1,0
335,335_adaptive_sequential_run15,adaptive,sequential,1778268851.8728886,/big.txt,22544384,131072,sequential,1.0000,0.0000,0,1,22675456,4096,1,-1,0
335,335_adaptive_sequential_run15,adaptive,sequential,1778268851.875564,/big.txt,22675456,131072,sequential,1.0000,0.0000,0,1,22806528,4096,1,-1,0
335,335_adaptive_sequential_run15,adaptive,sequential,1778268851.8782477,/big.txt,22806528,131072,sequential,1.0000,0.0000,0,1,22937600,4096,1,-1,0
335,335_adaptive_sequential_run15,adaptive,sequential,1778268851.8809068,/big.txt,22937600,131072,sequential,1.0000,0.0000,0,1,23068672,4096,1,-1,0
335,335_adaptive_sequential_run15,adaptive,sequential,1778268851.8836877,/big.txt,23068672,131072,sequential,1.0000,0.0000,0,1,23199744,4096,1,-1,0
335,335_adaptive_sequential_run15,adaptive,sequential,1778268851.8864005,/big.txt,23199744,131072,sequential,1.0000,0.0000,0,1,23330816,4096,1,-1,0
335,335_adaptive_sequential_run15,adaptive,sequential,1778268851.8890982,/big.txt,23330816,131072,sequential,1.0000,0.0000,0,1,23461888,4096,1,-1,0
335,335_adaptive_sequential_run15,adaptive,sequential,1778268851.8917625,/big.txt,23461888,131072,sequential,1.0000,0.0000,0,1,23592960,4096,1,-1,0
335,335_adaptive_sequential_run15,adaptive,sequential,1778268851.8944132,/big.txt,23592960,131072,sequential,1.0000,0.0000,0,1,23724032,4096,1,-1,0
335,335_adaptive_sequential_run15,adaptive,sequential,1778268851.8970463,/big.txt,23724032,131072,sequential,1.0000,0.0000,0,1,23855104,4096,1,-1,0
335,335_adaptive_sequential_run15,adaptive,sequential,1778268851.8997307,/big.txt,23855104,131072,sequential,1.0000,0.0000,0,1,23986176,4096,1,-1,0
335,335_adaptive_sequential_run15,adaptive,sequential,1778268851.9023345,/big.txt,23986176,131072,sequential,1.0000,0.0000,0,1,24117248,4096,1,-1,0
335,335_adaptive_sequential_run15,adaptive,sequential,1778268851.905027,/big.txt,24117248,131072,sequential,1.0000,0.0000,0,1,24248320,4096,1,-1,0
335,335_adaptive_sequential_run15,adaptive,sequential,1778268851.910302,/big.txt,24248320,131072,sequential,1.0000,0.0000,0,1,24379392,4096,1,-1,0
335,335_adaptive_sequential_run15,adaptive,sequential,1778268851.9155793,/big.txt,24379392,131072,sequential,1.0000,0.0000,0,1,24510464,4096,1,-1,0
335,335_adaptive_sequential_run15,adaptive,sequential,1778268851.9194183,/big.txt,24510464,131072,sequential,1.0000,0.0000,0,1,24641536,4096,1,-1,0
335,335_adaptive_sequential_run15,adaptive,sequential,1778268851.9220822,/big.txt,24641536,131072,sequential,1.0000,0.0000,0,1,24772608,4096,1,-1,0
335,335_adaptive_sequential_run15,adaptive,sequential,1778268851.9247766,/big.txt,24772608,131072,sequential,1.0000,0.0000,0,1,24903680,4096,1,-1,0
335,335_adaptive_sequential_run15,adaptive,sequential,1778268851.9274104,/big.txt,24903680,131072,sequential,1.0000,0.0000,0,1,25034752,4096,1,-1,0
335,335_adaptive_sequential_run15,adaptive,sequential,1778268851.9300282,/big.txt,25034752,131072,sequential,1.0000,0.0000,0,1,25165824,4096,1,-1,0
335,335_adaptive_sequential_run15,adaptive,sequential,1778268851.9327126,/big.txt,25165824,131072,sequential,1.0000,0.0000,0,1,25296896,4096,1,-1,0
335,335_adaptive_sequential_run15,adaptive,sequential,1778268851.9354382,/big.txt,25296896,131072,sequential,1.0000,0.0000,0,1,25427968,4096,1,-1,0
335,335_adaptive_sequential_run15,adaptive,sequential,1778268851.938056,/big.txt,25427968,131072,sequential,1.0000,0.0000,0,1,25559040,4096,1,-1,0
335,335_adaptive_sequential_run15,adaptive,sequential,1778268851.9407215,/big.txt,25559040,131072,sequential,1.0000,0.0000,0,1,25690112,4096,1,-1,0
335,335_adaptive_sequential_run15,adaptive,sequential,1778268851.9434626,/big.txt,25690112,131072,sequential,1.0000,0.0000,0,1,25821184,4096,1,-1,0
335,335_adaptive_sequential_run15,adaptive,sequential,1778268851.946073,/big.txt,25821184,131072,sequential,1.0000,0.0000,0,1,25952256,4096,1,-1,0
335,335_adaptive_sequential_run15,adaptive,sequential,1778268851.9487455,/big.txt,25952256,131072,sequential,1.0000,0.0000,0,1,26083328,4096,1,-1,0
335,335_adaptive_sequential_run15,adaptive,sequential,1778268851.9514565,/big.txt,26083328,131072,sequential,1.0000,0.0000,0,1,26214400,4096,1,-1,0
335,335_adaptive_sequential_run15,adaptive,sequential,1778268851.9541018,/big.txt,26214400,131072,sequential,1.0000,0.0000,0,1,26345472,4096,1,-1,0
335,335_adaptive_sequential_run15,adaptive,sequential,1778268851.9567797,/big.txt,26345472,131072,sequential,1.0000,0.0000,0,1,26476544,4096,1,-1,0
335,335_adaptive_sequential_run15,adaptive,sequential,1778268851.959418,/big.txt,26476544,131072,sequential,1.0000,0.0000,0,1,26607616,4096,1,-1,0
335,335_adaptive_sequential_run15,adaptive,sequential,1778268851.962075,/big.txt,26607616,131072,sequential,1.0000,0.0000,0,1,26738688,4096,1,-1,0
335,335_adaptive_sequential_run15,adaptive,sequential,1778268851.9647467,/big.txt,26738688,131072,sequential,1.0000,0.0000,0,1,26869760,4096,1,-1,0
335,335_adaptive_sequential_run15,adaptive,sequential,1778268851.9674444,/big.txt,26869760,131072,sequential,1.0000,0.0000,0,1,27000832,4096,1,-1,0
335,335_adaptive_sequential_run15,adaptive,sequential,1778268851.9700615,/big.txt,27000832,131072,sequential,1.0000,0.0000,0,1,27131904,4096,1,-1,0
335,335_adaptive_sequential_run15,adaptive,sequential,1778268851.9727306,/big.txt,27131904,131072,sequential,1.0000,0.0000,0,1,27262976,4096,1,-1,0
335,335_adaptive_sequential_run15,adaptive,sequential,1778268851.975486,/big.txt,27262976,131072,sequential,1.0000,0.0000,0,1,27394048,4096,1,-1,0
335,335_adaptive_sequential_run15,adaptive,sequential,1778268851.9781168,/big.txt,27394048,131072,sequential,1.0000,0.0000,0,1,27525120,4096,1,-1,0
335,335_adaptive_sequential_run15,adaptive,sequential,1778268851.9808156,/big.txt,27525120,131072,sequential,1.0000,0.0000,0,1,27656192,4096,1,-1,0
335,335_adaptive_sequential_run15,adaptive,sequential,1778268851.9834642,/big.txt,27656192,131072,sequential,1.0000,0.0000,0,1,27787264,4096,1,-1,0
335,335_adaptive_sequential_run15,adaptive,sequential,1778268851.9860978,/big.txt,27787264,131072,sequential,1.0000,0.0000,0,1,27918336,4096,1,-1,0
335,335_adaptive_sequential_run15,adaptive,sequential,1778268851.988804,/big.txt,27918336,131072,sequential,1.0000,0.0000,0,1,28049408,4096,1,-1,0
335,335_adaptive_sequential_run15,adaptive,sequential,1778268851.9914486,/big.txt,28049408,131072,sequential,1.0000,0.0000,0,1,28180480,4096,1,-1,0
335,335_adaptive_sequential_run15,adaptive,sequential,1778268851.994092,/big.txt,28180480,131072,sequential,1.0000,0.0000,0,1,28311552,4096,1,-1,0
335,335_adaptive_sequential_run15,adaptive,sequential,1778268851.9967575,/big.txt,28311552,131072,sequential,1.0000,0.0000,0,1,28442624,4096,1,-1,0
335,335_adaptive_sequential_run15,adaptive,sequential,1778268851.9994357,/big.txt,28442624,131072,sequential,1.0000,0.0000,0,1,28573696,4096,1,-1,0
335,335_adaptive_sequential_run15,adaptive,sequential,1778268852.002111,/big.txt,28573696,131072,sequential,1.0000,0.0000,0,1,28704768,4096,1,-1,0
335,335_adaptive_sequential_run15,adaptive,sequential,1778268852.0047705,/big.txt,28704768,131072,sequential,1.0000,0.0000,0,1,28835840,4096,1,-1,0
335,335_adaptive_sequential_run15,adaptive,sequential,1778268852.0074177,/big.txt,28835840,131072,sequential,1.0000,0.0000,0,1,28966912,4096,1,-1,0
335,335_adaptive_sequential_run15,adaptive,sequential,1778268852.0100641,/big.txt,28966912,131072,sequential,1.0000,0.0000,0,1,29097984,4096,1,-1,0
335,335_adaptive_sequential_run15,adaptive,sequential,1778268852.0127468,/big.txt,29097984,131072,sequential,1.0000,0.0000,0,1,29229056,4096,1,-1,0
335,335_adaptive_sequential_run15,adaptive,sequential,1778268852.0155432,/big.txt,29229056,131072,sequential,1.0000,0.0000,0,1,29360128,4096,1,-1,0
335,335_adaptive_sequential_run15,adaptive,sequential,1778268852.0181968,/big.txt,29360128,131072,sequential,1.0000,0.0000,0,1,29491200,4096,1,-1,0
335,335_adaptive_sequential_run15,adaptive,sequential,1778268852.0208423,/big.txt,29491200,131072,sequential,1.0000,0.0000,0,1,29622272,4096,1,-1,0
335,335_adaptive_sequential_run15,adaptive,sequential,1778268852.023485,/big.txt,29622272,131072,sequential,1.0000,0.0000,0,1,29753344,4096,1,-1,0
335,335_adaptive_sequential_run15,adaptive,sequential,1778268852.0262043,/big.txt,29753344,131072,sequential,1.0000,0.0000,0,1,29884416,4096,1,-1,0
335,335_adaptive_sequential_run15,adaptive,sequential,1778268852.0314956,/big.txt,29884416,131072,sequential,1.0000,0.0000,0,1,30015488,4096,1,-1,0
335,335_adaptive_sequential_run15,adaptive,sequential,1778268852.0354092,/big.txt,30015488,131072,sequential,1.0000,0.0000,0,1,30146560,4096,1,-1,0
335,335_adaptive_sequential_run15,adaptive,sequential,1778268852.0380316,/big.txt,30146560,131072,sequential,1.0000,0.0000,0,1,30277632,4096,1,-1,0
335,335_adaptive_sequential_run15,adaptive,sequential,1778268852.0407245,/big.txt,30277632,131072,sequential,1.0000,0.0000,0,1,30408704,4096,1,-1,0
335,335_adaptive_sequential_run15,adaptive,sequential,1778268852.0433695,/big.txt,30408704,131072,sequential,1.0000,0.0000,0,1,30539776,4096,1,-1,0
335,335_adaptive_sequential_run15,adaptive,sequential,1778268852.0459712,/big.txt,30539776,131072,sequential,1.0000,0.0000,0,1,30670848,4096,1,-1,0
335,335_adaptive_sequential_run15,adaptive,sequential,1778268852.0486286,/big.txt,30670848,131072,sequential,1.0000,0.0000,0,1,30801920,4096,1,-1,0
335,335_adaptive_sequential_run15,adaptive,sequential,1778268852.051365,/big.txt,30801920,131072,sequential,1.0000,0.0000,0,1,30932992,4096,1,-1,0
335,335_adaptive_sequential_run15,adaptive,sequential,1778268852.05406,/big.txt,30932992,131072,sequential,1.0000,0.0000,0,1,31064064,4096,1,-1,0
335,335_adaptive_sequential_run15,adaptive,sequential,1778268852.0567677,/big.txt,31064064,131072,sequential,1.0000,0.0000,0,1,31195136,4096,1,-1,0
335,335_adaptive_sequential_run15,adaptive,sequential,1778268852.0594368,/big.txt,31195136,131072,sequential,1.0000,0.0000,0,1,31326208,4096,1,-1,0
335,335_adaptive_sequential_run15,adaptive,sequential,1778268852.0621448,/big.txt,31326208,131072,sequential,1.0000,0.0000,0,1,31457280,4096,1,-1,0
335,335_adaptive_sequential_run15,adaptive,sequential,1778268852.0647824,/big.txt,31457280,131072,sequential,1.0000,0.0000,0,1,31588352,4096,1,-1,0
335,335_adaptive_sequential_run15,adaptive,sequential,1778268852.0674107,/big.txt,31588352,131072,sequential,1.0000,0.0000,0,1,31719424,4096,1,-1,0
335,335_adaptive_sequential_run15,adaptive,sequential,1778268852.0701268,/big.txt,31719424,131072,sequential,1.0000,0.0000,0,1,31850496,4096,1,-1,0
335,335_adaptive_sequential_run15,adaptive,sequential,1778268852.072772,/big.txt,31850496,131072,sequential,1.0000,0.0000,0,1,31981568,4096,1,-1,0
335,335_adaptive_sequential_run15,adaptive,sequential,1778268852.075402,/big.txt,31981568,131072,sequential,1.0000,0.0000,0,1,32112640,4096,1,-1,0
335,335_adaptive_sequential_run15,adaptive,sequential,1778268852.0780547,/big.txt,32112640,131072,sequential,1.0000,0.0000,0,1,32243712,4096,1,-1,0
335,335_adaptive_sequential_run15,adaptive,sequential,1778268852.0807667,/big.txt,32243712,131072,sequential,1.0000,0.0000,0,1,32374784,4096,1,-1,0
335,335_adaptive_sequential_run15,adaptive,sequential,1778268852.083384,/big.txt,32374784,131072,sequential,1.0000,0.0000,0,1,32505856,4096,1,-1,0
335,335_adaptive_sequential_run15,adaptive,sequential,1778268852.0860121,/big.txt,32505856,131072,sequential,1.0000,0.0000,0,1,32636928,4096,1,-1,0
335,335_adaptive_sequential_run15,adaptive,sequential,1778268852.0886648,/big.txt,32636928,131072,sequential,1.0000,0.0000,0,1,32768000,4096,1,-1,0
335,335_adaptive_sequential_run15,adaptive,sequential,1778268852.0913937,/big.txt,32768000,131072,sequential,1.0000,0.0000,0,1,32899072,4096,1,-1,0
335,335_adaptive_sequential_run15,adaptive,sequential,1778268852.09407,/big.txt,32899072,131072,sequential,1.0000,0.0000,0,1,33030144,4096,1,-1,0
335,335_adaptive_sequential_run15,adaptive,sequential,1778268852.0967188,/big.txt,33030144,131072,sequential,1.0000,0.0000,0,1,33161216,4096,1,-1,0
335,335_adaptive_sequential_run15,adaptive,sequential,1778268852.0993445,/big.txt,33161216,131072,sequential,1.0000,0.0000,0,1,33292288,4096,1,-1,0
335,335_adaptive_sequential_run15,adaptive,sequential,1778268852.1019917,/big.txt,33292288,131072,sequential,1.0000,0.0000,0,1,33423360,4096,1,-1,0
335,335_adaptive_sequential_run15,adaptive,sequential,1778268852.1046498,/big.txt,33423360,131072,sequential,1.0000,0.0000,0,1,33554432,4096,1,-1,0
335,335_adaptive_sequential_run15,adaptive,sequential,1778268852.107288,/big.txt,33554432,131072,sequential,1.0000,0.0000,0,1,33685504,4096,1,-1,0
335,335_adaptive_sequential_run15,adaptive,sequential,1778268852.1098902,/big.txt,33685504,131072,sequential,1.0000,0.0000,0,1,33816576,4096,1,-1,0
335,335_adaptive_sequential_run15,adaptive,sequential,1778268852.1125672,/big.txt,33816576,131072,sequential,1.0000,0.0000,0,1,33947648,4096,1,-1,0
335,335_adaptive_sequential_run15,adaptive,sequential,1778268852.1152864,/big.txt,33947648,131072,sequential,1.0000,0.0000,0,1,34078720,4096,1,-1,0
335,335_adaptive_sequential_run15,adaptive,sequential,1778268852.1179307,/big.txt,34078720,131072,sequential,1.0000,0.0000,0,1,34209792,4096,1,-1,0
335,335_adaptive_sequential_run15,adaptive,sequential,1778268852.1206727,/big.txt,34209792,131072,sequential,1.0000,0.0000,0,1,34340864,4096,1,-1,0
335,335_adaptive_sequential_run15,adaptive,sequential,1778268852.1234913,/big.txt,34340864,131072,sequential,1.0000,0.0000,0,1,34471936,4096,1,-1,0
335,335_adaptive_sequential_run15,adaptive,sequential,1778268852.1262078,/big.txt,34471936,131072,sequential,1.0000,0.0000,0,1,34603008,4096,1,-1,0
335,335_adaptive_sequential_run15,adaptive,sequential,1778268852.128896,/big.txt,34603008,131072,sequential,1.0000,0.0000,0,1,34734080,4096,1,-1,0
335,335_adaptive_sequential_run15,adaptive,sequential,1778268852.1315506,/big.txt,34734080,131072,sequential,1.0000,0.0000,0,1,34865152,4096,1,-1,0
335,335_adaptive_sequential_run15,adaptive,sequential,1778268852.1342275,/big.txt,34865152,131072,sequential,1.0000,0.0000,0,1,34996224,4096,1,-1,0
335,335_adaptive_sequential_run15,adaptive,sequential,1778268852.1368713,/big.txt,34996224,131072,sequential,1.0000,0.0000,0,1,35127296,4096,1,-1,0
335,335_adaptive_sequential_run15,adaptive,sequential,1778268852.1395724,/big.txt,35127296,131072,sequential,1.0000,0.0000,0,1,35258368,4096,1,-1,0
335,335_adaptive_sequential_run15,adaptive,sequential,1778268852.1422625,/big.txt,35258368,131072,sequential,1.0000,0.0000,0,1,35389440,4096,1,-1,0
335,335_adaptive_sequential_run15,adaptive,sequential,1778268852.1449296,/big.txt,35389440,131072,sequential,1.0000,0.0000,0,1,35520512,4096,1,-1,0
335,335_adaptive_sequential_run15,adaptive,sequential,1778268852.1475573,/big.txt,35520512,131072,sequential,1.0000,0.0000,0,1,35651584,4096,1,-1,0
335,335_adaptive_sequential_run15,adaptive,sequential,1778268852.1502504,/big.txt,35651584,131072,sequential,1.0000,0.0000,0,1,35782656,4096,1,-1,0
335,335_adaptive_sequential_run15,adaptive,sequential,1778268852.1528852,/big.txt,35782656,131072,sequential,1.0000,0.0000,0,1,35913728,4096,1,-1,0
335,335_adaptive_sequential_run15,adaptive,sequential,1778268852.1555953,/big.txt,35913728,131072,sequential,1.0000,0.0000,0,1,36044800,4096,1,-1,0
335,335_adaptive_sequential_run15,adaptive,sequential,1778268852.1581993,/big.txt,36044800,131072,sequential,1.0000,0.0000,0,1,36175872,4096,1,-1,0
335,335_adaptive_sequential_run15,adaptive,sequential,1778268852.1608443,/big.txt,36175872,131072,sequential,1.0000,0.0000,0,1,36306944,4096,1,-1,0
335,335_adaptive_sequential_run15,adaptive,sequential,1778268852.1635354,/big.txt,36306944,131072,sequential,1.0000,0.0000,0,1,36438016,4096,1,-1,0
335,335_adaptive_sequential_run15,adaptive,sequential,1778268852.166233,/big.txt,36438016,131072,sequential,1.0000,0.0000,0,1,36569088,4096,1,-1,0
335,335_adaptive_sequential_run15,adaptive,sequential,1778268852.1688392,/big.txt,36569088,131072,sequential,1.0000,0.0000,0,1,36700160,4096,1,-1,0
335,335_adaptive_sequential_run15,adaptive,sequential,1778268852.1716008,/big.txt,36700160,131072,sequential,1.0000,0.0000,0,1,36831232,4096,1,-1,0
335,335_adaptive_sequential_run15,adaptive,sequential,1778268852.1742616,/big.txt,36831232,131072,sequential,1.0000,0.0000,0,1,36962304,4096,1,-1,0
335,335_adaptive_sequential_run15,adaptive,sequential,1778268852.1768823,/big.txt,36962304,131072,sequential,1.0000,0.0000,0,1,37093376,4096,1,-1,0
335,335_adaptive_sequential_run15,adaptive,sequential,1778268852.1795278,/big.txt,37093376,131072,sequential,1.0000,0.0000,0,1,37224448,4096,1,-1,0
335,335_adaptive_sequential_run15,adaptive,sequential,1778268852.1821756,/big.txt,37224448,131072,sequential,1.0000,0.0000,0,1,37355520,4096,1,-1,0
335,335_adaptive_sequential_run15,adaptive,sequential,1778268852.1848016,/big.txt,37355520,131072,sequential,1.0000,0.0000,0,1,37486592,4096,1,-1,0
335,335_adaptive_sequential_run15,adaptive,sequential,1778268852.1874514,/big.txt,37486592,131072,sequential,1.0000,0.0000,0,1,37617664,4096,1,-1,0
335,335_adaptive_sequential_run15,adaptive,sequential,1778268852.1900692,/big.txt,37617664,131072,sequential,1.0000,0.0000,0,1,37748736,4096,1,-1,0
335,335_adaptive_sequential_run15,adaptive,sequential,1778268852.1927664,/big.txt,37748736,131072,sequential,1.0000,0.0000,0,1,37879808,4096,1,-1,0
335,335_adaptive_sequential_run15,adaptive,sequential,1778268852.1954114,/big.txt,37879808,131072,sequential,1.0000,0.0000,0,1,38010880,4096,1,-1,0
335,335_adaptive_sequential_run15,adaptive,sequential,1778268852.1980677,/big.txt,38010880,131072,sequential,1.0000,0.0000,0,1,38141952,4096,1,-1,0
335,335_adaptive_sequential_run15,adaptive,sequential,1778268852.2007494,/big.txt,38141952,131072,sequential,1.0000,0.0000,0,1,38273024,4096,1,-1,0
335,335_adaptive_sequential_run15,adaptive,sequential,1778268852.2033758,/big.txt,38273024,131072,sequential,1.0000,0.0000,0,1,38404096,4096,1,-1,0
335,335_adaptive_sequential_run15,adaptive,sequential,1778268852.2060423,/big.txt,38404096,131072,sequential,1.0000,0.0000,0,1,38535168,4096,1,-1,0
335,335_adaptive_sequential_run15,adaptive,sequential,1778268852.2087216,/big.txt,38535168,131072,sequential,1.0000,0.0000,0,1,38666240,4096,1,-1,0
335,335_adaptive_sequential_run15,adaptive,sequential,1778268852.2113404,/big.txt,38666240,131072,sequential,1.0000,0.0000,0,1,38797312,4096,1,-1,0
335,335_adaptive_sequential_run15,adaptive,sequential,1778268852.2139595,/big.txt,38797312,131072,sequential,1.0000,0.0000,0,1,38928384,4096,1,-1,0
335,335_adaptive_sequential_run15,adaptive,sequential,1778268852.2166507,/big.txt,38928384,131072,sequential,1.0000,0.0000,0,1,39059456,4096,1,-1,0
335,335_adaptive_sequential_run15,adaptive,sequential,1778268852.2193353,/big.txt,39059456,131072,sequential,1.0000,0.0000,0,1,39190528,4096,1,-1,0
335,335_adaptive_sequential_run15,adaptive,sequential,1778268852.2220085,/big.txt,39190528,131072,sequential,1.0000,0.0000,0,1,39321600,4096,1,-1,0
335,335_adaptive_sequential_run15,adaptive,sequential,1778268852.2245507,/big.txt,39321600,131072,sequential,1.0000,0.0000,0,1,39452672,4096,1,-1,0
335,335_adaptive_sequential_run15,adaptive,sequential,1778268852.2270641,/big.txt,39452672,131072,sequential,1.0000,0.0000,0,1,39583744,4096,1,-1,0
335,335_adaptive_sequential_run15,adaptive,sequential,1778268852.2295527,/big.txt,39583744,131072,sequential,1.0000,0.0000,0,1,39714816,4096,1,-1,0
335,335_adaptive_sequential_run15,adaptive,sequential,1778268852.2320895,/big.txt,39714816,131072,sequential,1.0000,0.0000,0,1,39845888,4096,1,-1,0
335,335_adaptive_sequential_run15,adaptive,sequential,1778268852.2345726,/big.txt,39845888,131072,sequential,1.0000,0.0000,0,1,39976960,4096,1,-1,0
335,335_adaptive_sequential_run15,adaptive,sequential,1778268852.2395256,/big.txt,39976960,131072,sequential,1.0000,0.0000,0,1,40108032,4096,1,-1,0
335,335_adaptive_sequential_run15,adaptive,sequential,1778268852.244467,/big.txt,40108032,131072,sequential,1.0000,0.0000,0,1,40239104,4096,1,-1,0
335,335_adaptive_sequential_run15,adaptive,sequential,1778268852.247571,/big.txt,40239104,131072,sequential,1.0000,0.0000,0,1,40370176,4096,1,-1,0
335,335_adaptive_sequential_run15,adaptive,sequential,1778268852.2499185,/big.txt,40370176,131072,sequential,1.0000,0.0000,0,1,40501248,4096,1,-1,0
335,335_adaptive_sequential_run15,adaptive,sequential,1778268852.2523315,/big.txt,40501248,131072,sequential,1.0000,0.0000,0,1,40632320,4096,1,-1,0
335,335_adaptive_sequential_run15,adaptive,sequential,1778268852.2547405,/big.txt,40632320,131072,sequential,1.0000,0.0000,0,1,40763392,4096,1,-1,0
335,335_adaptive_sequential_run15,adaptive,sequential,1778268852.2570863,/big.txt,40763392,131072,sequential,1.0000,0.0000,0,1,40894464,4096,1,-1,0
335,335_adaptive_sequential_run15,adaptive,sequential,1778268852.2595446,/big.txt,40894464,131072,sequential,1.0000,0.0000,0,1,41025536,4096,1,-1,0
335,335_adaptive_sequential_run15,adaptive,sequential,1778268852.2618957,/big.txt,41025536,131072,sequential,1.0000,0.0000,0,1,41156608,4096,1,-1,0
335,335_adaptive_sequential_run15,adaptive,sequential,1778268852.2643666,/big.txt,41156608,131072,sequential,1.0000,0.0000,0,1,41287680,4096,1,-1,0
335,335_adaptive_sequential_run15,adaptive,sequential,1778268852.266727,/big.txt,41287680,131072,sequential,1.0000,0.0000,0,1,41418752,4096,1,-1,0
335,335_adaptive_sequential_run15,adaptive,sequential,1778268852.269083,/big.txt,41418752,131072,sequential,1.0000,0.0000,0,1,41549824,4096,1,-1,0
335,335_adaptive_sequential_run15,adaptive,sequential,1778268852.2714472,/big.txt,41549824,131072,sequential,1.0000,0.0000,0,1,41680896,4096,1,-1,0
335,335_adaptive_sequential_run15,adaptive,sequential,1778268852.2738345,/big.txt,41680896,131072,sequential,1.0000,0.0000,0,1,41811968,4096,1,-1,0
335,335_adaptive_sequential_run15,adaptive,sequential,1778268852.2762356,/big.txt,41811968,131072,sequential,1.0000,0.0000,0,1,41943040,4096,1,-1,0
335,335_adaptive_sequential_run15,adaptive,sequential,1778268852.2786071,/big.txt,41943040,131072,sequential,1.0000,0.0000,0,1,42074112,4096,1,-1,0
335,335_adaptive_sequential_run15,adaptive,sequential,1778268852.2810285,/big.txt,42074112,131072,sequential,1.0000,0.0000,0,1,42205184,4096,1,-1,0
335,335_adaptive_sequential_run15,adaptive,sequential,1778268852.283409,/big.txt,42205184,131072,sequential,1.0000,0.0000,0,1,42336256,4096,1,-1,0
335,335_adaptive_sequential_run15,adaptive,sequential,1778268852.285802,/big.txt,42336256,131072,sequential,1.0000,0.0000,0,1,42467328,4096,1,-1,0
335,335_adaptive_sequential_run15,adaptive,sequential,1778268852.2882159,/big.txt,42467328,131072,sequential,1.0000,0.0000,0,1,42598400,4096,1,-1,0
335,335_adaptive_sequential_run15,adaptive,sequential,1778268852.2905753,/big.txt,42598400,131072,sequential,1.0000,0.0000,0,1,42729472,4096,1,-1,0
335,335_adaptive_sequential_run15,adaptive,sequential,1778268852.292939,/big.txt,42729472,131072,sequential,1.0000,0.0000,0,1,42860544,4096,1,-1,0
335,335_adaptive_sequential_run15,adaptive,sequential,1778268852.2955084,/big.txt,42860544,131072,sequential,1.0000,0.0000,0,1,42991616,4096,1,-1,0
335,335_adaptive_sequential_run15,adaptive,sequential,1778268852.2978787,/big.txt,42991616,131072,sequential,1.0000,0.0000,0,1,43122688,4096,1,-1,0
335,335_adaptive_sequential_run15,adaptive,sequential,1778268852.3002741,/big.txt,43122688,131072,sequential,1.0000,0.0000,0,1,43253760,4096,1,-1,0
335,335_adaptive_sequential_run15,adaptive,sequential,1778268852.3026311,/big.txt,43253760,131072,sequential,1.0000,0.0000,0,1,43384832,4096,1,-1,0
335,335_adaptive_sequential_run15,adaptive,sequential,1778268852.3050148,/big.txt,43384832,131072,sequential,1.0000,0.0000,0,1,43515904,4096,1,-1,0
335,335_adaptive_sequential_run15,adaptive,sequential,1778268852.3073874,/big.txt,43515904,131072,sequential,1.0000,0.0000,0,1,43646976,4096,1,-1,0
335,335_adaptive_sequential_run15,adaptive,sequential,1778268852.3097463,/big.txt,43646976,131072,sequential,1.0000,0.0000,0,1,43778048,4096,1,-1,0
335,335_adaptive_sequential_run15,adaptive,sequential,1778268852.312158,/big.txt,43778048,131072,sequential,1.0000,0.0000,0,1,43909120,4096,1,-1,0
335,335_adaptive_sequential_run15,adaptive,sequential,1778268852.314529,/big.txt,43909120,131072,sequential,1.0000,0.0000,0,1,44040192,4096,1,-1,0
335,335_adaptive_sequential_run15,adaptive,sequential,1778268852.317012,/big.txt,44040192,131072,sequential,1.0000,0.0000,0,1,44171264,4096,1,-1,0
335,335_adaptive_sequential_run15,adaptive,sequential,1778268852.3193665,/big.txt,44171264,131072,sequential,1.0000,0.0000,0,1,44302336,4096,1,-1,0
335,335_adaptive_sequential_run15,adaptive,sequential,1778268852.3217266,/big.txt,44302336,131072,sequential,1.0000,0.0000,0,1,44433408,4096,1,-1,0
335,335_adaptive_sequential_run15,adaptive,sequential,1778268852.3241403,/big.txt,44433408,131072,sequential,1.0000,0.0000,0,1,44564480,4096,1,-1,0
335,335_adaptive_sequential_run15,adaptive,sequential,1778268852.3265352,/big.txt,44564480,131072,sequential,1.0000,0.0000,0,1,44695552,4096,1,-1,0
335,335_adaptive_sequential_run15,adaptive,sequential,1778268852.3288896,/big.txt,44695552,131072,sequential,1.0000,0.0000,0,1,44826624,4096,1,-1,0
335,335_adaptive_sequential_run15,adaptive,sequential,1778268852.331244,/big.txt,44826624,131072,sequential,1.0000,0.0000,0,1,44957696,4096,1,-1,0
335,335_adaptive_sequential_run15,adaptive,sequential,1778268852.3336117,/big.txt,44957696,131072,sequential,1.0000,0.0000,0,1,45088768,4096,1,-1,0
335,335_adaptive_sequential_run15,adaptive,sequential,1778268852.3359857,/big.txt,45088768,131072,sequential,1.0000,0.0000,0,1,45219840,4096,1,-1,0
335,335_adaptive_sequential_run15,adaptive,sequential,1778268852.3383422,/big.txt,45219840,131072,sequential,1.0000,0.0000,0,1,45350912,4096,1,-1,0
335,335_adaptive_sequential_run15,adaptive,sequential,1778268852.3406873,/big.txt,45350912,131072,sequential,1.0000,0.0000,0,1,45481984,4096,1,-1,0
335,335_adaptive_sequential_run15,adaptive,sequential,1778268852.3430736,/big.txt,45481984,131072,sequential,1.0000,0.0000,0,1,45613056,4096,1,-1,0
335,335_adaptive_sequential_run15,adaptive,sequential,1778268852.3454533,/big.txt,45613056,131072,sequential,1.0000,0.0000,0,1,45744128,4096,1,-1,0
335,335_adaptive_sequential_run15,adaptive,sequential,1778268852.3478677,/big.txt,45744128,131072,sequential,1.0000,0.0000,0,1,45875200,4096,1,-1,0
335,335_adaptive_sequential_run15,adaptive,sequential,1778268852.3502722,/big.txt,45875200,131072,sequential,1.0000,0.0000,0,1,46006272,4096,1,-1,0
335,335_adaptive_sequential_run15,adaptive,sequential,1778268852.352661,/big.txt,46006272,131072,sequential,1.0000,0.0000,0,1,46137344,4096,1,-1,0
335,335_adaptive_sequential_run15,adaptive,sequential,1778268852.3550751,/big.txt,46137344,131072,sequential,1.0000,0.0000,0,1,46268416,4096,1,-1,0
335,335_adaptive_sequential_run15,adaptive,sequential,1778268852.357434,/big.txt,46268416,131072,sequential,1.0000,0.0000,0,1,46399488,4096,1,-1,0
335,335_adaptive_sequential_run15,adaptive,sequential,1778268852.3597715,/big.txt,46399488,131072,sequential,1.0000,0.0000,0,1,46530560,4096,1,-1,0
335,335_adaptive_sequential_run15,adaptive,sequential,1778268852.3621361,/big.txt,46530560,131072,sequential,1.0000,0.0000,0,1,46661632,4096,1,-1,0
335,335_adaptive_sequential_run15,adaptive,sequential,1778268852.3645558,/big.txt,46661632,131072,sequential,1.0000,0.0000,0,1,46792704,4096,1,-1,0
335,335_adaptive_sequential_run15,adaptive,sequential,1778268852.366943,/big.txt,46792704,131072,sequential,1.0000,0.0000,0,1,46923776,4096,1,-1,0
335,335_adaptive_sequential_run15,adaptive,sequential,1778268852.369302,/big.txt,46923776,131072,sequential,1.0000,0.0000,0,1,47054848,4096,1,-1,0
335,335_adaptive_sequential_run15,adaptive,sequential,1778268852.3717031,/big.txt,47054848,131072,sequential,1.0000,0.0000,0,1,47185920,4096,1,-1,0
335,335_adaptive_sequential_run15,adaptive,sequential,1778268852.3740685,/big.txt,47185920,131072,sequential,1.0000,0.0000,0,1,47316992,4096,1,-1,0
335,335_adaptive_sequential_run15,adaptive,sequential,1778268852.3764343,/big.txt,47316992,131072,sequential,1.0000,0.0000,0,1,47448064,4096,1,-1,0
335,335_adaptive_sequential_run15,adaptive,sequential,1778268852.3789058,/big.txt,47448064,131072,sequential,1.0000,0.0000,0,1,47579136,4096,1,-1,0
335,335_adaptive_sequential_run15,adaptive,sequential,1778268852.3812814,/big.txt,47579136,131072,sequential,1.0000,0.0000,0,1,47710208,4096,1,-1,0
335,335_adaptive_sequential_run15,adaptive,sequential,1778268852.3836515,/big.txt,47710208,131072,sequential,1.0000,0.0000,0,1,47841280,4096,1,-1,0
335,335_adaptive_sequential_run15,adaptive,sequential,1778268852.3859997,/big.txt,47841280,131072,sequential,1.0000,0.0000,0,1,47972352,4096,1,-1,0
335,335_adaptive_sequential_run15,adaptive,sequential,1778268852.3883722,/big.txt,47972352,131072,sequential,1.0000,0.0000,0,1,48103424,4096,1,-1,0
335,335_adaptive_sequential_run15,adaptive,sequential,1778268852.3907518,/big.txt,48103424,131072,sequential,1.0000,0.0000,0,1,48234496,4096,1,-1,0
335,335_adaptive_sequential_run15,adaptive,sequential,1778268852.393109,/big.txt,48234496,131072,sequential,1.0000,0.0000,0,1,48365568,4096,1,-1,0
335,335_adaptive_sequential_run15,adaptive,sequential,1778268852.3954759,/big.txt,48365568,131072,sequential,1.0000,0.0000,0,1,48496640,4096,1,-1,0
335,335_adaptive_sequential_run15,adaptive,sequential,1778268852.39784,/big.txt,48496640,131072,sequential,1.0000,0.0000,0,1,48627712,4096,1,-1,0
335,335_adaptive_sequential_run15,adaptive,sequential,1778268852.4002466,/big.txt,48627712,131072,sequential,1.0000,0.0000,0,1,48758784,4096,1,-1,0
335,335_adaptive_sequential_run15,adaptive,sequential,1778268852.4025993,/big.txt,48758784,131072,sequential,1.0000,0.0000,0,1,48889856,4096,1,-1,0
335,335_adaptive_sequential_run15,adaptive,sequential,1778268852.405049,/big.txt,48889856,131072,sequential,1.0000,0.0000,0,1,49020928,4096,1,-1,0
335,335_adaptive_sequential_run15,adaptive,sequential,1778268852.4074364,/big.txt,49020928,131072,sequential,1.0000,0.0000,0,1,49152000,4096,1,-1,0
335,335_adaptive_sequential_run15,adaptive,sequential,1778268852.4097674,/big.txt,49152000,131072,sequential,1.0000,0.0000,0,1,49283072,4096,1,-1,0
335,335_adaptive_sequential_run15,adaptive,sequential,1778268852.4121873,/big.txt,49283072,131072,sequential,1.0000,0.0000,0,1,49414144,4096,1,-1,0
335,335_adaptive_sequential_run15,adaptive,sequential,1778268852.4145563,/big.txt,49414144,131072,sequential,1.0000,0.0000,0,1,49545216,4096,1,-1,0
335,335_adaptive_sequential_run15,adaptive,sequential,1778268852.416946,/big.txt,49545216,131072,sequential,1.0000,0.0000,0,1,49676288,4096,1,-1,0
335,335_adaptive_sequential_run15,adaptive,sequential,1778268852.4193616,/big.txt,49676288,131072,sequential,1.0000,0.0000,0,1,49807360,4096,1,-1,0
335,335_adaptive_sequential_run15,adaptive,sequential,1778268852.4217076,/big.txt,49807360,131072,sequential,1.0000,0.0000,0,1,49938432,4096,1,-1,0
335,335_adaptive_sequential_run15,adaptive,sequential,1778268852.4241107,/big.txt,49938432,131072,sequential,1.0000,0.0000,0,1,50069504,4096,1,-1,0
335,335_adaptive_sequential_run15,adaptive,sequential,1778268852.4264863,/big.txt,50069504,131072,sequential,1.0000,0.0000,0,1,50200576,4096,1,-1,0
335,335_adaptive_sequential_run15,adaptive,sequential,1778268852.428857,/big.txt,50200576,131072,sequential,1.0000,0.0000,0,1,50331648,4096,1,-1,0
335,335_adaptive_sequential_run15,adaptive,sequential,1778268852.4312575,/big.txt,50331648,131072,sequential,1.0000,0.0000,0,1,50462720,4096,1,-1,0
335,335_adaptive_sequential_run15,adaptive,sequential,1778268852.4336338,/big.txt,50462720,131072,sequential,1.0000,0.0000,0,1,50593792,4096,1,-1,0
335,335_adaptive_sequential_run15,adaptive,sequential,1778268852.4360073,/big.txt,50593792,131072,sequential,1.0000,0.0000,0,1,50724864,4096,1,-1,0
335,335_adaptive_sequential_run15,adaptive,sequential,1778268852.43838,/big.txt,50724864,131072,sequential,1.0000,0.0000,0,1,50855936,4096,1,-1,0
335,335_adaptive_sequential_run15,adaptive,sequential,1778268852.4407492,/big.txt,50855936,131072,sequential,1.0000,0.0000,0,1,50987008,4096,1,-1,0
335,335_adaptive_sequential_run15,adaptive,sequential,1778268852.4431033,/big.txt,50987008,131072,sequential,1.0000,0.0000,0,1,51118080,4096,1,-1,0
335,335_adaptive_sequential_run15,adaptive,sequential,1778268852.4454775,/big.txt,51118080,131072,sequential,1.0000,0.0000,0,1,51249152,4096,1,-1,0
335,335_adaptive_sequential_run15,adaptive,sequential,1778268852.4478467,/big.txt,51249152,131072,sequential,1.0000,0.0000,0,1,51380224,4096,1,-1,0
335,335_adaptive_sequential_run15,adaptive,sequential,1778268852.450138,/big.txt,51380224,131072,sequential,1.0000,0.0000,0,1,51511296,4096,1,-1,0
335,335_adaptive_sequential_run15,adaptive,sequential,1778268852.452444,/big.txt,51511296,131072,sequential,1.0000,0.0000,0,1,51642368,4096,1,-1,0
335,335_adaptive_sequential_run15,adaptive,sequential,1778268852.4547234,/big.txt,51642368,131072,sequential,1.0000,0.0000,0,1,51773440,4096,1,-1,0
335,335_adaptive_sequential_run15,adaptive,sequential,1778268852.4569955,/big.txt,51773440,131072,sequential,1.0000,0.0000,0,1,51904512,4096,1,-1,0
335,335_adaptive_sequential_run15,adaptive,sequential,1778268852.4592643,/big.txt,51904512,131072,sequential,1.0000,0.0000,0,1,52035584,4096,1,-1,0
335,335_adaptive_sequential_run15,adaptive,sequential,1778268852.4615088,/big.txt,52035584,131072,sequential,1.0000,0.0000,0,1,52166656,4096,1,-1,0
335,335_adaptive_sequential_run15,adaptive,sequential,1778268852.4637537,/big.txt,52166656,131072,sequential,1.0000,0.0000,0,1,52297728,4096,1,-1,0
335,335_adaptive_sequential_run15,adaptive,sequential,1778268852.466004,/big.txt,52297728,131072,sequential,1.0000,0.0000,0,1,52428800,4096,1,-1,0
335,335_adaptive_sequential_run15,adaptive,sequential,1778268852.4682767,/big.txt,52428800,131072,sequential,1.0000,0.0000,0,1,52559872,4096,1,-1,0
335,335_adaptive_sequential_run15,adaptive,sequential,1778268852.470506,/big.txt,52559872,131072,sequential,1.0000,0.0000,0,1,52690944,4096,1,-1,0
335,335_adaptive_sequential_run15,adaptive,sequential,1778268852.472749,/big.txt,52690944,131072,sequential,1.0000,0.0000,0,1,52822016,4096,1,-1,0
335,335_adaptive_sequential_run15,adaptive,sequential,1778268852.475017,/big.txt,52822016,131072,sequential,1.0000,0.0000,0,1,52953088,4096,1,-1,0
335,335_adaptive_sequential_run15,adaptive,sequential,1778268852.4772737,/big.txt,52953088,131072,sequential,1.0000,0.0000,0,1,53084160,4096,1,-1,0
335,335_adaptive_sequential_run15,adaptive,sequential,1778268852.4816039,/big.txt,53084160,131072,sequential,1.0000,0.0000,0,1,53215232,4096,1,-1,0
335,335_adaptive_sequential_run15,adaptive,sequential,1778268852.4861803,/big.txt,53215232,131072,sequential,1.0000,0.0000,0,1,53346304,4096,1,-1,0
335,335_adaptive_sequential_run15,adaptive,sequential,1778268852.4907122,/big.txt,53346304,131072,sequential,1.0000,0.0000,0,1,53477376,4096,1,-1,0
335,335_adaptive_sequential_run15,adaptive,sequential,1778268852.4930866,/big.txt,53477376,131072,sequential,1.0000,0.0000,0,1,53608448,4096,1,-1,0
335,335_adaptive_sequential_run15,adaptive,sequential,1778268852.4953833,/big.txt,53608448,131072,sequential,1.0000,0.0000,0,1,53739520,4096,1,-1,0
335,335_adaptive_sequential_run15,adaptive,sequential,1778268852.4976907,/big.txt,53739520,131072,sequential,1.0000,0.0000,0,1,53870592,4096,1,-1,0
335,335_adaptive_sequential_run15,adaptive,sequential,1778268852.4999807,/big.txt,53870592,131072,sequential,1.0000,0.0000,0,1,54001664,4096,1,-1,0
335,335_adaptive_sequential_run15,adaptive,sequential,1778268852.5022423,/big.txt,54001664,131072,sequential,1.0000,0.0000,0,1,54132736,4096,1,-1,0
335,335_adaptive_sequential_run15,adaptive,sequential,1778268852.5044842,/big.txt,54132736,131072,sequential,1.0000,0.0000,0,1,54263808,4096,1,-1,0
335,335_adaptive_sequential_run15,adaptive,sequential,1778268852.5067358,/big.txt,54263808,131072,sequential,1.0000,0.0000,0,1,54394880,4096,1,-1,0
335,335_adaptive_sequential_run15,adaptive,sequential,1778268852.5089934,/big.txt,54394880,131072,sequential,1.0000,0.0000,0,1,54525952,4096,1,-1,0
335,335_adaptive_sequential_run15,adaptive,sequential,1778268852.5112624,/big.txt,54525952,131072,sequential,1.0000,0.0000,0,1,54657024,4096,1,-1,0
335,335_adaptive_sequential_run15,adaptive,sequential,1778268852.513511,/big.txt,54657024,131072,sequential,1.0000,0.0000,0,1,54788096,4096,1,-1,0
335,335_adaptive_sequential_run15,adaptive,sequential,1778268852.5157843,/big.txt,54788096,131072,sequential,1.0000,0.0000,0,1,54919168,4096,1,-1,0
335,335_adaptive_sequential_run15,adaptive,sequential,1778268852.5180306,/big.txt,54919168,131072,sequential,1.0000,0.0000,0,1,55050240,4096,1,-1,0
335,335_adaptive_sequential_run15,adaptive,sequential,1778268852.5202847,/big.txt,55050240,131072,sequential,1.0000,0.0000,0,1,55181312,4096,1,-1,0
335,335_adaptive_sequential_run15,adaptive,sequential,1778268852.5225327,/big.txt,55181312,131072,sequential,1.0000,0.0000,0,1,55312384,4096,1,-1,0
335,335_adaptive_sequential_run15,adaptive,sequential,1778268852.524874,/big.txt,55312384,131072,sequential,1.0000,0.0000,0,1,55443456,4096,1,-1,0
335,335_adaptive_sequential_run15,adaptive,sequential,1778268852.5271504,/big.txt,55443456,131072,sequential,1.0000,0.0000,0,1,55574528,4096,1,-1,0
335,335_adaptive_sequential_run15,adaptive,sequential,1778268852.5293865,/big.txt,55574528,131072,sequential,1.0000,0.0000,0,1,55705600,4096,1,-1,0
335,335_adaptive_sequential_run15,adaptive,sequential,1778268852.531655,/big.txt,55705600,131072,sequential,1.0000,0.0000,0,1,55836672,4096,1,-1,0
335,335_adaptive_sequential_run15,adaptive,sequential,1778268852.5338905,/big.txt,55836672,131072,sequential,1.0000,0.0000,0,1,55967744,4096,1,-1,0
335,335_adaptive_sequential_run15,adaptive,sequential,1778268852.5361717,/big.txt,55967744,131072,sequential,1.0000,0.0000,0,1,56098816,4096,1,-1,0
335,335_adaptive_sequential_run15,adaptive,sequential,1778268852.5384045,/big.txt,56098816,131072,sequential,1.0000,0.0000,0,1,56229888,4096,1,-1,0
335,335_adaptive_sequential_run15,adaptive,sequential,1778268852.5406525,/big.txt,56229888,131072,sequential,1.0000,0.0000,0,1,56360960,4096,1,-1,0
335,335_adaptive_sequential_run15,adaptive,sequential,1778268852.542912,/big.txt,56360960,131072,sequential,1.0000,0.0000,0,1,56492032,4096,1,-1,0
335,335_adaptive_sequential_run15,adaptive,sequential,1778268852.5451477,/big.txt,56492032,131072,sequential,1.0000,0.0000,0,1,56623104,4096,1,-1,0
335,335_adaptive_sequential_run15,adaptive,sequential,1778268852.5475063,/big.txt,56623104,131072,sequential,1.0000,0.0000,0,1,56754176,4096,1,-1,0
335,335_adaptive_sequential_run15,adaptive,sequential,1778268852.5497243,/big.txt,56754176,131072,sequential,1.0000,0.0000,0,1,56885248,4096,1,-1,0
335,335_adaptive_sequential_run15,adaptive,sequential,1778268852.552034,/big.txt,56885248,131072,sequential,1.0000,0.0000,0,1,57016320,4096,1,-1,0
335,335_adaptive_sequential_run15,adaptive,sequential,1778268852.554299,/big.txt,57016320,131072,sequential,1.0000,0.0000,0,1,57147392,4096,1,-1,0
335,335_adaptive_sequential_run15,adaptive,sequential,1778268852.5565643,/big.txt,57147392,131072,sequential,1.0000,0.0000,0,1,57278464,4096,1,-1,0
335,335_adaptive_sequential_run15,adaptive,sequential,1778268852.5588238,/big.txt,57278464,131072,sequential,1.0000,0.0000,0,1,57409536,4096,1,-1,0
335,335_adaptive_sequential_run15,adaptive,sequential,1778268852.5610592,/big.txt,57409536,131072,sequential,1.0000,0.0000,0,1,57540608,4096,1,-1,0
335,335_adaptive_sequential_run15,adaptive,sequential,1778268852.5634332,/big.txt,57540608,131072,sequential,1.0000,0.0000,0,1,57671680,4096,1,-1,0
335,335_adaptive_sequential_run15,adaptive,sequential,1778268852.5657587,/big.txt,57671680,131072,sequential,1.0000,0.0000,0,1,57802752,4096,1,-1,0
335,335_adaptive_sequential_run15,adaptive,sequential,1778268852.568156,/big.txt,57802752,131072,sequential,1.0000,0.0000,0,1,57933824,4096,1,-1,0
335,335_adaptive_sequential_run15,adaptive,sequential,1778268852.570425,/big.txt,57933824,131072,sequential,1.0000,0.0000,0,1,58064896,4096,1,-1,0
335,335_adaptive_sequential_run15,adaptive,sequential,1778268852.572755,/big.txt,58064896,131072,sequential,1.0000,0.0000,0,1,58195968,4096,1,-1,0
335,335_adaptive_sequential_run15,adaptive,sequential,1778268852.5750716,/big.txt,58195968,131072,sequential,1.0000,0.0000,0,1,58327040,4096,1,-1,0
335,335_adaptive_sequential_run15,adaptive,sequential,1778268852.5773134,/big.txt,58327040,131072,sequential,1.0000,0.0000,0,1,58458112,4096,1,-1,0
335,335_adaptive_sequential_run15,adaptive,sequential,1778268852.579603,/big.txt,58458112,131072,sequential,1.0000,0.0000,0,1,58589184,4096,1,-1,0
335,335_adaptive_sequential_run15,adaptive,sequential,1778268852.5818686,/big.txt,58589184,131072,sequential,1.0000,0.0000,0,1,58720256,4096,1,-1,0
335,335_adaptive_sequential_run15,adaptive,sequential,1778268852.5841677,/big.txt,58720256,131072,sequential,1.0000,0.0000,0,1,58851328,4096,1,-1,0
335,335_adaptive_sequential_run15,adaptive,sequential,1778268852.5864387,/big.txt,58851328,131072,sequential,1.0000,0.0000,0,1,58982400,4096,1,-1,0
335,335_adaptive_sequential_run15,adaptive,sequential,1778268852.5886974,/big.txt,58982400,131072,sequential,1.0000,0.0000,0,1,59113472,4096,1,-1,0
335,335_adaptive_sequential_run15,adaptive,sequential,1778268852.5909655,/big.txt,59113472,131072,sequential,1.0000,0.0000,0,1,59244544,4096,1,-1,0
335,335_adaptive_sequential_run15,adaptive,sequential,1778268852.5932512,/big.txt,59244544,131072,sequential,1.0000,0.0000,0,1,59375616,4096,1,-1,0
335,335_adaptive_sequential_run15,adaptive,sequential,1778268852.5954869,/big.txt,59375616,131072,sequential,1.0000,0.0000,0,1,59506688,4096,1,-1,0
335,335_adaptive_sequential_run15,adaptive,sequential,1778268852.5977235,/big.txt,59506688,131072,sequential,1.0000,0.0000,0,1,59637760,4096,1,-1,0
335,335_adaptive_sequential_run15,adaptive,sequential,1778268852.600061,/big.txt,59637760,131072,sequential,1.0000,0.0000,0,1,59768832,4096,1,-1,0
335,335_adaptive_sequential_run15,adaptive,sequential,1778268852.6023786,/big.txt,59768832,131072,sequential,1.0000,0.0000,0,1,59899904,4096,1,-1,0
335,335_adaptive_sequential_run15,adaptive,sequential,1778268852.6046393,/big.txt,59899904,131072,sequential,1.0000,0.0000,0,1,60030976,4096,1,-1,0
335,335_adaptive_sequential_run15,adaptive,sequential,1778268852.6070154,/big.txt,60030976,131072,sequential,1.0000,0.0000,0,1,60162048,4096,1,-1,0
335,335_adaptive_sequential_run15,adaptive,sequential,1778268852.6092567,/big.txt,60162048,131072,sequential,1.0000,0.0000,0,1,60293120,4096,1,-1,0
335,335_adaptive_sequential_run15,adaptive,sequential,1778268852.611512,/big.txt,60293120,131072,sequential,1.0000,0.0000,0,1,60424192,4096,1,-1,0
335,335_adaptive_sequential_run15,adaptive,sequential,1778268852.6137483,/big.txt,60424192,131072,sequential,1.0000,0.0000,0,1,60555264,4096,1,-1,0
335,335_adaptive_sequential_run15,adaptive,sequential,1778268852.6160555,/big.txt,60555264,131072,sequential,1.0000,0.0000,0,1,60686336,4096,1,-1,0
335,335_adaptive_sequential_run15,adaptive,sequential,1778268852.618315,/big.txt,60686336,131072,sequential,1.0000,0.0000,0,1,60817408,4096,1,-1,0
335,335_adaptive_sequential_run15,adaptive,sequential,1778268852.6205926,/big.txt,60817408,131072,sequential,1.0000,0.0000,0,1,60948480,4096,1,-1,0
335,335_adaptive_sequential_run15,adaptive,sequential,1778268852.6228535,/big.txt,60948480,131072,sequential,1.0000,0.0000,0,1,61079552,4096,1,-1,0
335,335_adaptive_sequential_run15,adaptive,sequential,1778268852.6251004,/big.txt,61079552,131072,sequential,1.0000,0.0000,0,1,61210624,4096,1,-1,0
335,335_adaptive_sequential_run15,adaptive,sequential,1778268852.627404,/big.txt,61210624,131072,sequential,1.0000,0.0000,0,1,61341696,4096,1,-1,0
335,335_adaptive_sequential_run15,adaptive,sequential,1778268852.6296396,/big.txt,61341696,131072,sequential,1.0000,0.0000,0,1,61472768,4096,1,-1,0
335,335_adaptive_sequential_run15,adaptive,sequential,1778268852.631913,/big.txt,61472768,131072,sequential,1.0000,0.0000,0,1,61603840,4096,1,-1,0
335,335_adaptive_sequential_run15,adaptive,sequential,1778268852.6341672,/big.txt,61603840,131072,sequential,1.0000,0.0000,0,1,61734912,4096,1,-1,0
335,335_adaptive_sequential_run15,adaptive,sequential,1778268852.6364439,/big.txt,61734912,131072,sequential,1.0000,0.0000,0,1,61865984,4096,1,-1,0
335,335_adaptive_sequential_run15,adaptive,sequential,1778268852.6386828,/big.txt,61865984,131072,sequential,1.0000,0.0000,0,1,61997056,4096,1,-1,0
335,335_adaptive_sequential_run15,adaptive,sequential,1778268852.6409535,/big.txt,61997056,131072,sequential,1.0000,0.0000,0,1,62128128,4096,1,-1,0
335,335_adaptive_sequential_run15,adaptive,sequential,1778268852.643289,/big.txt,62128128,131072,sequential,1.0000,0.0000,0,1,62259200,4096,1,-1,0
335,335_adaptive_sequential_run15,adaptive,sequential,1778268852.645555,/big.txt,62259200,131072,sequential,1.0000,0.0000,0,1,62390272,4096,1,-1,0
335,335_adaptive_sequential_run15,adaptive,sequential,1778268852.6478155,/big.txt,62390272,131072,sequential,1.0000,0.0000,0,1,62521344,4096,1,-1,0
335,335_adaptive_sequential_run15,adaptive,sequential,1778268852.6500695,/big.txt,62521344,131072,sequential,1.0000,0.0000,0,1,62652416,4096,1,-1,0
335,335_adaptive_sequential_run15,adaptive,sequential,1778268852.6523333,/big.txt,62652416,131072,sequential,1.0000,0.0000,0,1,62783488,4096,1,-1,0
335,335_adaptive_sequential_run15,adaptive,sequential,1778268852.6545842,/big.txt,62783488,131072,sequential,1.0000,0.0000,0,1,62914560,4096,1,-1,0
335,335_adaptive_sequential_run15,adaptive,sequential,1778268852.6568847,/big.txt,62914560,131072,sequential,1.0000,0.0000,0,1,63045632,4096,1,-1,0
335,335_adaptive_sequential_run15,adaptive,sequential,1778268852.659151,/big.txt,63045632,131072,sequential,1.0000,0.0000,0,1,63176704,4096,1,-1,0
335,335_adaptive_sequential_run15,adaptive,sequential,1778268852.6613762,/big.txt,63176704,131072,sequential,1.0000,0.0000,0,1,63307776,4096,1,-1,0
335,335_adaptive_sequential_run15,adaptive,sequential,1778268852.6636262,/big.txt,63307776,131072,sequential,1.0000,0.0000,0,1,63438848,4096,1,-1,0
335,335_adaptive_sequential_run15,adaptive,sequential,1778268852.6659083,/big.txt,63438848,131072,sequential,1.0000,0.0000,0,1,63569920,4096,1,-1,0
335,335_adaptive_sequential_run15,adaptive,sequential,1778268852.6681752,/big.txt,63569920,131072,sequential,1.0000,0.0000,0,1,63700992,4096,1,-1,0
335,335_adaptive_sequential_run15,adaptive,sequential,1778268852.670424,/big.txt,63700992,131072,sequential,1.0000,0.0000,0,1,63832064,4096,1,-1,0
335,335_adaptive_sequential_run15,adaptive,sequential,1778268852.6726875,/big.txt,63832064,131072,sequential,1.0000,0.0000,0,1,63963136,4096,1,-1,0
335,335_adaptive_sequential_run15,adaptive,sequential,1778268852.674931,/big.txt,63963136,131072,sequential,1.0000,0.0000,0,1,64094208,4096,1,-1,0
335,335_adaptive_sequential_run15,adaptive,sequential,1778268852.6771567,/big.txt,64094208,131072,sequential,1.0000,0.0000,0,1,64225280,4096,1,-1,0
335,335_adaptive_sequential_run15,adaptive,sequential,1778268852.6794121,/big.txt,64225280,131072,sequential,1.0000,0.0000,0,1,64356352,4096,1,-1,0
335,335_adaptive_sequential_run15,adaptive,sequential,1778268852.6816514,/big.txt,64356352,131072,sequential,1.0000,0.0000,0,1,64487424,4096,1,-1,0
335,335_adaptive_sequential_run15,adaptive,sequential,1778268852.6839218,/big.txt,64487424,131072,sequential,1.0000,0.0000,0,1,64618496,4096,1,-1,0
335,335_adaptive_sequential_run15,adaptive,sequential,1778268852.6861627,/big.txt,64618496,131072,sequential,1.0000,0.0000,0,1,64749568,4096,1,-1,0
335,335_adaptive_sequential_run15,adaptive,sequential,1778268852.688444,/big.txt,64749568,131072,sequential,1.0000,0.0000,0,1,64880640,4096,1,-1,0
335,335_adaptive_sequential_run15,adaptive,sequential,1778268852.6906846,/big.txt,64880640,131072,sequential,1.0000,0.0000,0,1,65011712,4096,1,-1,0
335,335_adaptive_sequential_run15,adaptive,sequential,1778268852.6930568,/big.txt,65011712,131072,sequential,1.0000,0.0000,0,1,65142784,4096,1,-1,0
335,335_adaptive_sequential_run15,adaptive,sequential,1778268852.6953206,/big.txt,65142784,131072,sequential,1.0000,0.0000,0,1,65273856,4096,1,-1,0
335,335_adaptive_sequential_run15,adaptive,sequential,1778268852.6975574,/big.txt,65273856,131072,sequential,1.0000,0.0000,0,1,65404928,4096,1,-1,0
335,335_adaptive_sequential_run15,adaptive,sequential,1778268852.6998205,/big.txt,65404928,131072,sequential,1.0000,0.0000,0,1,65536000,4096,1,-1,0
335,335_adaptive_sequential_run15,adaptive,sequential,1778268852.7020698,/big.txt,65536000,131072,sequential,1.0000,0.0000,0,1,65667072,4096,1,-1,0
335,335_adaptive_sequential_run15,adaptive,sequential,1778268852.7043407,/big.txt,65667072,131072,sequential,1.0000,0.0000,0,1,65798144,4096,1,-1,0
335,335_adaptive_sequential_run15,adaptive,sequential,1778268852.7065847,/big.txt,65798144,131072,sequential,1.0000,0.0000,0,1,65929216,4096,1,-1,0
335,335_adaptive_sequential_run15,adaptive,sequential,1778268852.7089388,/big.txt,65929216,131072,sequential,1.0000,0.0000,0,1,66060288,4096,1,-1,0
335,335_adaptive_sequential_run15,adaptive,sequential,1778268852.711189,/big.txt,66060288,131072,sequential,1.0000,0.0000,0,1,66191360,4096,1,-1,0
335,335_adaptive_sequential_run15,adaptive,sequential,1778268852.7134364,/big.txt,66191360,131072,sequential,1.0000,0.0000,0,1,66322432,4096,1,-1,0
335,335_adaptive_sequential_run15,adaptive,sequential,1778268852.7157025,/big.txt,66322432,131072,sequential,1.0000,0.0000,0,1,66453504,4096,1,-1,0
335,335_adaptive_sequential_run15,adaptive,sequential,1778268852.7179496,/big.txt,66453504,131072,sequential,1.0000,0.0000,0,1,66584576,4096,1,-1,0
335,335_adaptive_sequential_run15,adaptive,sequential,1778268852.7202263,/big.txt,66584576,131072,sequential,1.0000,0.0000,0,1,66715648,4096,1,-1,0
335,335_adaptive_sequential_run15,adaptive,sequential,1778268852.7224653,/big.txt,66715648,131072,sequential,1.0000,0.0000,0,1,66846720,4096,1,-1,0
335,335_adaptive_sequential_run15,adaptive,sequential,1778268852.7246737,/big.txt,66846720,131072,sequential,1.0000,0.0000,0,1,66977792,4096,1,-1,0
335,335_adaptive_sequential_run15,adaptive,sequential,1778268852.7269251,/big.txt,66977792,131072,sequential,1.0000,0.0000,0,1,67108864,4096,1,-1,0
335,335_adaptive_sequential_run15,adaptive,sequential,1778268852.7312493,/big.txt,67108864,131072,sequential,1.0000,0.0000,0,1,67239936,4096,1,-1,0
335,335_adaptive_sequential_run15,adaptive,sequential,1778268852.7354348,/big.txt,67239936,131072,sequential,1.0000,0.0000,0,1,67371008,4096,1,-1,0
335,335_adaptive_sequential_run15,adaptive,sequential,1778268852.7392468,/big.txt,67371008,131072,sequential,1.0000,0.0000,0,1,67502080,4096,1,-1,0
335,335_adaptive_sequential_run15,adaptive,sequential,1778268852.741296,/big.txt,67502080,131072,sequential,1.0000,0.0000,0,1,67633152,4096,1,-1,0
335,335_adaptive_sequential_run15,adaptive,sequential,1778268852.7433453,/big.txt,67633152,131072,sequential,1.0000,0.0000,0,1,67764224,4096,1,-1,0
335,335_adaptive_sequential_run15,adaptive,sequential,1778268852.7453983,/big.txt,67764224,131072,sequential,1.0000,0.0000,0,1,67895296,4096,1,-1,0
335,335_adaptive_sequential_run15,adaptive,sequential,1778268852.7475066,/big.txt,67895296,131072,sequential,1.0000,0.0000,0,1,68026368,4096,1,-1,0
335,335_adaptive_sequential_run15,adaptive,sequential,1778268852.749571,/big.txt,68026368,131072,sequential,1.0000,0.0000,0,1,68157440,4096,1,-1,0
335,335_adaptive_sequential_run15,adaptive,sequential,1778268852.7516437,/big.txt,68157440,131072,sequential,1.0000,0.0000,0,1,68288512,4096,1,-1,0
335,335_adaptive_sequential_run15,adaptive,sequential,1778268852.753724,/big.txt,68288512,131072,sequential,1.0000,0.0000,0,1,68419584,4096,1,-1,0
335,335_adaptive_sequential_run15,adaptive,sequential,1778268852.7558398,/big.txt,68419584,131072,sequential,1.0000,0.0000,0,1,68550656,4096,1,-1,0
335,335_adaptive_sequential_run15,adaptive,sequential,1778268852.7578971,/big.txt,68550656,131072,sequential,1.0000,0.0000,0,1,68681728,4096,1,-1,0
335,335_adaptive_sequential_run15,adaptive,sequential,1778268852.759997,/big.txt,68681728,131072,sequential,1.0000,0.0000,0,1,68812800,4096,1,-1,0
335,335_adaptive_sequential_run15,adaptive,sequential,1778268852.7620838,/big.txt,68812800,131072,sequential,1.0000,0.0000,0,1,68943872,4096,1,-1,0
335,335_adaptive_sequential_run15,adaptive,sequential,1778268852.764172,/big.txt,68943872,131072,sequential,1.0000,0.0000,0,1,69074944,4096,1,-1,0
335,335_adaptive_sequential_run15,adaptive,sequential,1778268852.766271,/big.txt,69074944,131072,sequential,1.0000,0.0000,0,1,69206016,4096,1,-1,0
335,335_adaptive_sequential_run15,adaptive,sequential,1778268852.768337,/big.txt,69206016,131072,sequential,1.0000,0.0000,0,1,69337088,4096,1,-1,0
335,335_adaptive_sequential_run15,adaptive,sequential,1778268852.7703977,/big.txt,69337088,131072,sequential,1.0000,0.0000,0,1,69468160,4096,1,-1,0
335,335_adaptive_sequential_run15,adaptive,sequential,1778268852.7725635,/big.txt,69468160,131072,sequential,1.0000,0.0000,0,1,69599232,4096,1,-1,0
335,335_adaptive_sequential_run15,adaptive,sequential,1778268852.7746782,/big.txt,69599232,131072,sequential,1.0000,0.0000,0,1,69730304,4096,1,-1,0
335,335_adaptive_sequential_run15,adaptive,sequential,1778268852.776743,/big.txt,69730304,131072,sequential,1.0000,0.0000,0,1,69861376,4096,1,-1,0
335,335_adaptive_sequential_run15,adaptive,sequential,1778268852.7788727,/big.txt,69861376,131072,sequential,1.0000,0.0000,0,1,69992448,4096,1,-1,0
335,335_adaptive_sequential_run15,adaptive,sequential,1778268852.780951,/big.txt,69992448,131072,sequential,1.0000,0.0000,0,1,70123520,4096,1,-1,0
335,335_adaptive_sequential_run15,adaptive,sequential,1778268852.7830358,/big.txt,70123520,131072,sequential,1.0000,0.0000,0,1,70254592,4096,1,-1,0
335,335_adaptive_sequential_run15,adaptive,sequential,1778268852.7850966,/big.txt,70254592,131072,sequential,1.0000,0.0000,0,1,70385664,4096,1,-1,0
335,335_adaptive_sequential_run15,adaptive,sequential,1778268852.7871404,/big.txt,70385664,131072,sequential,1.0000,0.0000,0,1,70516736,4096,1,-1,0
335,335_adaptive_sequential_run15,adaptive,sequential,1778268852.7891874,/big.txt,70516736,131072,sequential,1.0000,0.0000,0,1,70647808,4096,1,-1,0
335,335_adaptive_sequential_run15,adaptive,sequential,1778268852.7912543,/big.txt,70647808,131072,sequential,1.0000,0.0000,0,1,70778880,4096,1,-1,0
335,335_adaptive_sequential_run15,adaptive,sequential,1778268852.793314,/big.txt,70778880,131072,sequential,1.0000,0.0000,0,1,70909952,4096,1,-1,0
335,335_adaptive_sequential_run15,adaptive,sequential,1778268852.795375,/big.txt,70909952,131072,sequential,1.0000,0.0000,0,1,71041024,4096,1,-1,0
335,335_adaptive_sequential_run15,adaptive,sequential,1778268852.7974167,/big.txt,71041024,131072,sequential,1.0000,0.0000,0,1,71172096,4096,1,-1,0
335,335_adaptive_sequential_run15,adaptive,sequential,1778268852.799461,/big.txt,71172096,131072,sequential,1.0000,0.0000,0,1,71303168,4096,1,-1,0
335,335_adaptive_sequential_run15,adaptive,sequential,1778268852.801515,/big.txt,71303168,131072,sequential,1.0000,0.0000,0,1,71434240,4096,1,-1,0
335,335_adaptive_sequential_run15,adaptive,sequential,1778268852.803581,/big.txt,71434240,131072,sequential,1.0000,0.0000,0,1,71565312,4096,1,-1,0
335,335_adaptive_sequential_run15,adaptive,sequential,1778268852.8056374,/big.txt,71565312,131072,sequential,1.0000,0.0000,0,1,71696384,4096,1,-1,0
335,335_adaptive_sequential_run15,adaptive,sequential,1778268852.807709,/big.txt,71696384,131072,sequential,1.0000,0.0000,0,1,71827456,4096,1,-1,0
335,335_adaptive_sequential_run15,adaptive,sequential,1778268852.8097448,/big.txt,71827456,131072,sequential,1.0000,0.0000,0,1,71958528,4096,1,-1,0
335,335_adaptive_sequential_run15,adaptive,sequential,1778268852.8118181,/big.txt,71958528,131072,sequential,1.0000,0.0000,0,1,72089600,4096,1,-1,0
335,335_adaptive_sequential_run15,adaptive,sequential,1778268852.8138707,/big.txt,72089600,131072,sequential,1.0000,0.0000,0,1,72220672,4096,1,-1,0
335,335_adaptive_sequential_run15,adaptive,sequential,1778268852.8159497,/big.txt,72220672,131072,sequential,1.0000,0.0000,0,1,72351744,4096,1,-1,0
335,335_adaptive_sequential_run15,adaptive,sequential,1778268852.8179965,/big.txt,72351744,131072,sequential,1.0000,0.0000,0,1,72482816,4096,1,-1,0
335,335_adaptive_sequential_run15,adaptive,sequential,1778268852.820078,/big.txt,72482816,131072,sequential,1.0000,0.0000,0,1,72613888,4096,1,-1,0
335,335_adaptive_sequential_run15,adaptive,sequential,1778268852.8221195,/big.txt,72613888,131072,sequential,1.0000,0.0000,0,1,72744960,4096,1,-1,0
335,335_adaptive_sequential_run15,adaptive,sequential,1778268852.8241928,/big.txt,72744960,131072,sequential,1.0000,0.0000,0,1,72876032,4096,1,-1,0
335,335_adaptive_sequential_run15,adaptive,sequential,1778268852.826218,/big.txt,72876032,131072,sequential,1.0000,0.0000,0,1,73007104,4096,1,-1,0
335,335_adaptive_sequential_run15,adaptive,sequential,1778268852.8282907,/big.txt,73007104,131072,sequential,1.0000,0.0000,0,1,73138176,4096,1,-1,0
335,335_adaptive_sequential_run15,adaptive,sequential,1778268852.8303366,/big.txt,73138176,131072,sequential,1.0000,0.0000,0,1,73269248,4096,1,-1,0
335,335_adaptive_sequential_run15,adaptive,sequential,1778268852.8324099,/big.txt,73269248,131072,sequential,1.0000,0.0000,0,1,73400320,4096,1,-1,0
335,335_adaptive_sequential_run15,adaptive,sequential,1778268852.8344545,/big.txt,73400320,131072,sequential,1.0000,0.0000,0,1,73531392,4096,1,-1,0
335,335_adaptive_sequential_run15,adaptive,sequential,1778268852.8365333,/big.txt,73531392,131072,sequential,1.0000,0.0000,0,1,73662464,4096,1,-1,0
335,335_adaptive_sequential_run15,adaptive,sequential,1778268852.838582,/big.txt,73662464,131072,sequential,1.0000,0.0000,0,1,73793536,4096,1,-1,0
335,335_adaptive_sequential_run15,adaptive,sequential,1778268852.8406436,/big.txt,73793536,131072,sequential,1.0000,0.0000,0,1,73924608,4096,1,-1,0
335,335_adaptive_sequential_run15,adaptive,sequential,1778268852.8427012,/big.txt,73924608,131072,sequential,1.0000,0.0000,0,1,74055680,4096,1,-1,0
335,335_adaptive_sequential_run15,adaptive,sequential,1778268852.8447518,/big.txt,74055680,131072,sequential,1.0000,0.0000,0,1,74186752,4096,1,-1,0
335,335_adaptive_sequential_run15,adaptive,sequential,1778268852.8469129,/big.txt,74186752,131072,sequential,1.0000,0.0000,0,1,74317824,4096,1,-1,0
335,335_adaptive_sequential_run15,adaptive,sequential,1778268852.8489895,/big.txt,74317824,131072,sequential,1.0000,0.0000,0,1,74448896,4096,1,-1,0
335,335_adaptive_sequential_run15,adaptive,sequential,1778268852.851042,/big.txt,74448896,131072,sequential,1.0000,0.0000,0,1,74579968,4096,1,-1,0
335,335_adaptive_sequential_run15,adaptive,sequential,1778268852.8530898,/big.txt,74579968,131072,sequential,1.0000,0.0000,0,1,74711040,4096,1,-1,0
335,335_adaptive_sequential_run15,adaptive,sequential,1778268852.8551476,/big.txt,74711040,131072,sequential,1.0000,0.0000,0,1,74842112,4096,1,-1,0
335,335_adaptive_sequential_run15,adaptive,sequential,1778268852.857201,/big.txt,74842112,131072,sequential,1.0000,0.0000,0,1,74973184,4096,1,-1,0
335,335_adaptive_sequential_run15,adaptive,sequential,1778268852.8592358,/big.txt,74973184,131072,sequential,1.0000,0.0000,0,1,75104256,4096,1,-1,0
335,335_adaptive_sequential_run15,adaptive,sequential,1778268852.8613036,/big.txt,75104256,131072,sequential,1.0000,0.0000,0,1,75235328,4096,1,-1,0
335,335_adaptive_sequential_run15,adaptive,sequential,1778268852.8648367,/big.txt,75235328,131072,sequential,1.0000,0.0000,0,1,75366400,4096,1,-1,0
335,335_adaptive_sequential_run15,adaptive,sequential,1778268852.8690345,/big.txt,75366400,131072,sequential,1.0000,0.0000,0,1,75497472,4096,1,-1,0
335,335_adaptive_sequential_run15,adaptive,sequential,1778268852.8732321,/big.txt,75497472,131072,sequential,1.0000,0.0000,0,1,75628544,4096,1,-1,0
335,335_adaptive_sequential_run15,adaptive,sequential,1778268852.8754833,/big.txt,75628544,131072,sequential,1.0000,0.0000,0,1,75759616,4096,1,-1,0
335,335_adaptive_sequential_run15,adaptive,sequential,1778268852.8775554,/big.txt,75759616,131072,sequential,1.0000,0.0000,0,1,75890688,4096,1,-1,0
335,335_adaptive_sequential_run15,adaptive,sequential,1778268852.879664,/big.txt,75890688,131072,sequential,1.0000,0.0000,0,1,76021760,4096,1,-1,0
335,335_adaptive_sequential_run15,adaptive,sequential,1778268852.8817315,/big.txt,76021760,131072,sequential,1.0000,0.0000,0,1,76152832,4096,1,-1,0
335,335_adaptive_sequential_run15,adaptive,sequential,1778268852.8838065,/big.txt,76152832,131072,sequential,1.0000,0.0000,0,1,76283904,4096,1,-1,0
335,335_adaptive_sequential_run15,adaptive,sequential,1778268852.8859093,/big.txt,76283904,131072,sequential,1.0000,0.0000,0,1,76414976,4096,1,-1,0
335,335_adaptive_sequential_run15,adaptive,sequential,1778268852.888028,/big.txt,76414976,131072,sequential,1.0000,0.0000,0,1,76546048,4096,1,-1,0
335,335_adaptive_sequential_run15,adaptive,sequential,1778268852.8900902,/big.txt,76546048,131072,sequential,1.0000,0.0000,0,1,76677120,4096,1,-1,0
335,335_adaptive_sequential_run15,adaptive,sequential,1778268852.8921819,/big.txt,76677120,131072,sequential,1.0000,0.0000,0,1,76808192,4096,1,-1,0
335,335_adaptive_sequential_run15,adaptive,sequential,1778268852.894235,/big.txt,76808192,131072,sequential,1.0000,0.0000,0,1,76939264,4096,1,-1,0
335,335_adaptive_sequential_run15,adaptive,sequential,1778268852.8963497,/big.txt,76939264,131072,sequential,1.0000,0.0000,0,1,77070336,4096,1,-1,0
335,335_adaptive_sequential_run15,adaptive,sequential,1778268852.898435,/big.txt,77070336,131072,sequential,1.0000,0.0000,0,1,77201408,4096,1,-1,0
335,335_adaptive_sequential_run15,adaptive,sequential,1778268852.9005158,/big.txt,77201408,131072,sequential,1.0000,0.0000,0,1,77332480,4096,1,-1,0
335,335_adaptive_sequential_run15,adaptive,sequential,1778268852.9025943,/big.txt,77332480,131072,sequential,1.0000,0.0000,0,1,77463552,4096,1,-1,0
335,335_adaptive_sequential_run15,adaptive,sequential,1778268852.9047298,/big.txt,77463552,131072,sequential,1.0000,0.0000,0,1,77594624,4096,1,-1,0
335,335_adaptive_sequential_run15,adaptive,sequential,1778268852.9068222,/big.txt,77594624,131072,sequential,1.0000,0.0000,0,1,77725696,4096,1,-1,0
335,335_adaptive_sequential_run15,adaptive,sequential,1778268852.9088843,/big.txt,77725696,131072,sequential,1.0000,0.0000,0,1,77856768,4096,1,-1,0
335,335_adaptive_sequential_run15,adaptive,sequential,1778268852.9109674,/big.txt,77856768,131072,sequential,1.0000,0.0000,0,1,77987840,4096,1,-1,0
335,335_adaptive_sequential_run15,adaptive,sequential,1778268852.9131973,/big.txt,77987840,131072,sequential,1.0000,0.0000,0,1,78118912,4096,1,-1,0
335,335_adaptive_sequential_run15,adaptive,sequential,1778268852.915295,/big.txt,78118912,131072,sequential,1.0000,0.0000,0,1,78249984,4096,1,-1,0
335,335_adaptive_sequential_run15,adaptive,sequential,1778268852.9173684,/big.txt,78249984,131072,sequential,1.0000,0.0000,0,1,78381056,4096,1,-1,0
335,335_adaptive_sequential_run15,adaptive,sequential,1778268852.9195518,/big.txt,78381056,131072,sequential,1.0000,0.0000,0,1,78512128,4096,1,-1,0
335,335_adaptive_sequential_run15,adaptive,sequential,1778268852.9216104,/big.txt,78512128,131072,sequential,1.0000,0.0000,0,1,78643200,4096,1,-1,0
335,335_adaptive_sequential_run15,adaptive,sequential,1778268852.923695,/big.txt,78643200,131072,sequential,1.0000,0.0000,0,1,78774272,4096,1,-1,0
335,335_adaptive_sequential_run15,adaptive,sequential,1778268852.925752,/big.txt,78774272,131072,sequential,1.0000,0.0000,0,1,78905344,4096,1,-1,0
335,335_adaptive_sequential_run15,adaptive,sequential,1778268852.9278603,/big.txt,78905344,131072,sequential,1.0000,0.0000,0,1,79036416,4096,1,-1,0
335,335_adaptive_sequential_run15,adaptive,sequential,1778268852.9299216,/big.txt,79036416,131072,sequential,1.0000,0.0000,0,1,79167488,4096,1,-1,0
335,335_adaptive_sequential_run15,adaptive,sequential,1778268852.931994,/big.txt,79167488,131072,sequential,1.0000,0.0000,0,1,79298560,4096,1,-1,0
335,335_adaptive_sequential_run15,adaptive,sequential,1778268852.9340658,/big.txt,79298560,131072,sequential,1.0000,0.0000,0,1,79429632,4096,1,-1,0
335,335_adaptive_sequential_run15,adaptive,sequential,1778268852.9361694,/big.txt,79429632,131072,sequential,1.0000,0.0000,0,1,79560704,4096,1,-1,0
335,335_adaptive_sequential_run15,adaptive,sequential,1778268852.938247,/big.txt,79560704,131072,sequential,1.0000,0.0000,0,1,79691776,4096,1,-1,0
335,335_adaptive_sequential_run15,adaptive,sequential,1778268852.9403682,/big.txt,79691776,131072,sequential,1.0000,0.0000,0,1,79822848,4096,1,-1,0
335,335_adaptive_sequential_run15,adaptive,sequential,1778268852.9424405,/big.txt,79822848,131072,sequential,1.0000,0.0000,0,1,79953920,4096,1,-1,0
335,335_adaptive_sequential_run15,adaptive,sequential,1778268852.9445312,/big.txt,79953920,131072,sequential,1.0000,0.0000,0,1,80084992,4096,1,-1,0
335,335_adaptive_sequential_run15,adaptive,sequential,1778268852.946599,/big.txt,80084992,131072,sequential,1.0000,0.0000,0,1,80216064,4096,1,-1,0
335,335_adaptive_sequential_run15,adaptive,sequential,1778268852.9486766,/big.txt,80216064,131072,sequential,1.0000,0.0000,0,1,80347136,4096,1,-1,0
335,335_adaptive_sequential_run15,adaptive,sequential,1778268852.9507442,/big.txt,80347136,131072,sequential,1.0000,0.0000,0,1,80478208,4096,1,-1,0
335,335_adaptive_sequential_run15,adaptive,sequential,1778268852.9527993,/big.txt,80478208,131072,sequential,1.0000,0.0000,0,1,80609280,4096,1,-1,0
335,335_adaptive_sequential_run15,adaptive,sequential,1778268852.9550025,/big.txt,80609280,131072,sequential,1.0000,0.0000,0,1,80740352,4096,1,-1,0
335,335_adaptive_sequential_run15,adaptive,sequential,1778268852.9570756,/big.txt,80740352,131072,sequential,1.0000,0.0000,0,1,80871424,4096,1,-1,0
335,335_adaptive_sequential_run15,adaptive,sequential,1778268852.9591713,/big.txt,80871424,131072,sequential,1.0000,0.0000,0,1,81002496,4096,1,-1,0
335,335_adaptive_sequential_run15,adaptive,sequential,1778268852.9612403,/big.txt,81002496,131072,sequential,1.0000,0.0000,0,1,81133568,4096,1,-1,0
335,335_adaptive_sequential_run15,adaptive,sequential,1778268852.964671,/big.txt,81133568,131072,sequential,1.0000,0.0000,0,1,81264640,4096,1,-1,0
335,335_adaptive_sequential_run15,adaptive,sequential,1778268852.9688814,/big.txt,81264640,131072,sequential,1.0000,0.0000,0,1,81395712,4096,1,-1,0
335,335_adaptive_sequential_run15,adaptive,sequential,1778268852.9730928,/big.txt,81395712,131072,sequential,1.0000,0.0000,0,1,81526784,4096,1,-1,0
335,335_adaptive_sequential_run15,adaptive,sequential,1778268852.9755273,/big.txt,81526784,131072,sequential,1.0000,0.0000,0,1,81657856,4096,1,-1,0
335,335_adaptive_sequential_run15,adaptive,sequential,1778268852.9775846,/big.txt,81657856,131072,sequential,1.0000,0.0000,0,1,81788928,4096,1,-1,0
335,335_adaptive_sequential_run15,adaptive,sequential,1778268852.9796507,/big.txt,81788928,131072,sequential,1.0000,0.0000,0,1,81920000,4096,1,-1,0
335,335_adaptive_sequential_run15,adaptive,sequential,1778268852.9817119,/big.txt,81920000,131072,sequential,1.0000,0.0000,0,1,82051072,4096,1,-1,0
335,335_adaptive_sequential_run15,adaptive,sequential,1778268852.9838035,/big.txt,82051072,131072,sequential,1.0000,0.0000,0,1,82182144,4096,1,-1,0
335,335_adaptive_sequential_run15,adaptive,sequential,1778268852.9858642,/big.txt,82182144,131072,sequential,1.0000,0.0000,0,1,82313216,4096,1,-1,0
335,335_adaptive_sequential_run15,adaptive,sequential,1778268852.9879575,/big.txt,82313216,131072,sequential,1.0000,0.0000,0,1,82444288,4096,1,-1,0
335,335_adaptive_sequential_run15,adaptive,sequential,1778268852.9900274,/big.txt,82444288,131072,sequential,1.0000,0.0000,0,1,82575360,4096,1,-1,0
335,335_adaptive_sequential_run15,adaptive,sequential,1778268852.9921236,/big.txt,82575360,131072,sequential,1.0000,0.0000,0,1,82706432,4096,1,-1,0
335,335_adaptive_sequential_run15,adaptive,sequential,1778268852.9942322,/big.txt,82706432,131072,sequential,1.0000,0.0000,0,1,82837504,4096,1,-1,0
335,335_adaptive_sequential_run15,adaptive,sequential,1778268852.996325,/big.txt,82837504,131072,sequential,1.0000,0.0000,0,1,82968576,4096,1,-1,0
335,335_adaptive_sequential_run15,adaptive,sequential,1778268852.9984078,/big.txt,82968576,131072,sequential,1.0000,0.0000,0,1,83099648,4096,1,-1,0
335,335_adaptive_sequential_run15,adaptive,sequential,1778268853.0005157,/big.txt,83099648,131072,sequential,1.0000,0.0000,0,1,83230720,4096,1,-1,0
335,335_adaptive_sequential_run15,adaptive,sequential,1778268853.002587,/big.txt,83230720,131072,sequential,1.0000,0.0000,0,1,83361792,4096,1,-1,0
335,335_adaptive_sequential_run15,adaptive,sequential,1778268853.0047257,/big.txt,83361792,131072,sequential,1.0000,0.0000,0,1,83492864,4096,1,-1,0
335,335_adaptive_sequential_run15,adaptive,sequential,1778268853.0068429,/big.txt,83492864,131072,sequential,1.0000,0.0000,0,1,83623936,4096,1,-1,0
335,335_adaptive_sequential_run15,adaptive,sequential,1778268853.0089116,/big.txt,83623936,131072,sequential,1.0000,0.0000,0,1,83755008,4096,1,-1,0
335,335_adaptive_sequential_run15,adaptive,sequential,1778268853.0110762,/big.txt,83755008,131072,sequential,1.0000,0.0000,0,1,83886080,4096,1,-1,0
335,335_adaptive_sequential_run15,adaptive,sequential,1778268853.0131557,/big.txt,83886080,131072,sequential,1.0000,0.0000,0,1,84017152,4096,1,-1,0
335,335_adaptive_sequential_run15,adaptive,sequential,1778268853.0152469,/big.txt,84017152,131072,sequential,1.0000,0.0000,0,1,84148224,4096,1,-1,0
335,335_adaptive_sequential_run15,adaptive,sequential,1778268853.0173175,/big.txt,84148224,131072,sequential,1.0000,0.0000,0,1,84279296,4096,1,-1,0
335,335_adaptive_sequential_run15,adaptive,sequential,1778268853.0194714,/big.txt,84279296,131072,sequential,1.0000,0.0000,0,1,84410368,4096,1,-1,0
335,335_adaptive_sequential_run15,adaptive,sequential,1778268853.0215476,/big.txt,84410368,131072,sequential,1.0000,0.0000,0,1,84541440,4096,1,-1,0
335,335_adaptive_sequential_run15,adaptive,sequential,1778268853.0236452,/big.txt,84541440,131072,sequential,1.0000,0.0000,0,1,84672512,4096,1,-1,0
335,335_adaptive_sequential_run15,adaptive,sequential,1778268853.0257099,/big.txt,84672512,131072,sequential,1.0000,0.0000,0,1,84803584,4096,1,-1,0
335,335_adaptive_sequential_run15,adaptive,sequential,1778268853.0277996,/big.txt,84803584,131072,sequential,1.0000,0.0000,0,1,84934656,4096,1,-1,0
335,335_adaptive_sequential_run15,adaptive,sequential,1778268853.0298963,/big.txt,84934656,131072,sequential,1.0000,0.0000,0,1,85065728,4096,1,-1,0
335,335_adaptive_sequential_run15,adaptive,sequential,1778268853.0319743,/big.txt,85065728,131072,sequential,1.0000,0.0000,0,1,85196800,4096,1,-1,0
335,335_adaptive_sequential_run15,adaptive,sequential,1778268853.0341148,/big.txt,85196800,131072,sequential,1.0000,0.0000,0,1,85327872,4096,1,-1,0
335,335_adaptive_sequential_run15,adaptive,sequential,1778268853.0362005,/big.txt,85327872,131072,sequential,1.0000,0.0000,0,1,85458944,4096,1,-1,0
335,335_adaptive_sequential_run15,adaptive,sequential,1778268853.03827,/big.txt,85458944,131072,sequential,1.0000,0.0000,0,1,85590016,4096,1,-1,0
335,335_adaptive_sequential_run15,adaptive,sequential,1778268853.0403476,/big.txt,85590016,131072,sequential,1.0000,0.0000,0,1,85721088,4096,1,-1,0
335,335_adaptive_sequential_run15,adaptive,sequential,1778268853.042456,/big.txt,85721088,131072,sequential,1.0000,0.0000,0,1,85852160,4096,1,-1,0
335,335_adaptive_sequential_run15,adaptive,sequential,1778268853.0445323,/big.txt,85852160,131072,sequential,1.0000,0.0000,0,1,85983232,4096,1,-1,0
335,335_adaptive_sequential_run15,adaptive,sequential,1778268853.0466027,/big.txt,85983232,131072,sequential,1.0000,0.0000,0,1,86114304,4096,1,-1,0
335,335_adaptive_sequential_run15,adaptive,sequential,1778268853.048775,/big.txt,86114304,131072,sequential,1.0000,0.0000,0,1,86245376,4096,1,-1,0
335,335_adaptive_sequential_run15,adaptive,sequential,1778268853.050915,/big.txt,86245376,131072,sequential,1.0000,0.0000,0,1,86376448,4096,1,-1,0
335,335_adaptive_sequential_run15,adaptive,sequential,1778268853.0529773,/big.txt,86376448,131072,sequential,1.0000,0.0000,0,1,86507520,4096,1,-1,0
335,335_adaptive_sequential_run15,adaptive,sequential,1778268853.055068,/big.txt,86507520,131072,sequential,1.0000,0.0000,0,1,86638592,4096,1,-1,0
335,335_adaptive_sequential_run15,adaptive,sequential,1778268853.0571556,/big.txt,86638592,131072,sequential,1.0000,0.0000,0,1,86769664,4096,1,-1,0
335,335_adaptive_sequential_run15,adaptive,sequential,1778268853.059227,/big.txt,86769664,131072,sequential,1.0000,0.0000,0,1,86900736,4096,1,-1,0
335,335_adaptive_sequential_run15,adaptive,sequential,1778268853.061312,/big.txt,86900736,131072,sequential,1.0000,0.0000,0,1,87031808,4096,1,-1,0
335,335_adaptive_sequential_run15,adaptive,sequential,1778268853.0634751,/big.txt,87031808,131072,sequential,1.0000,0.0000,0,1,87162880,4096,1,-1,0
335,335_adaptive_sequential_run15,adaptive,sequential,1778268853.0655546,/big.txt,87162880,131072,sequential,1.0000,0.0000,0,1,87293952,4096,1,-1,0
335,335_adaptive_sequential_run15,adaptive,sequential,1778268853.0676534,/big.txt,87293952,131072,sequential,1.0000,0.0000,0,1,87425024,4096,1,-1,0
335,335_adaptive_sequential_run15,adaptive,sequential,1778268853.0697362,/big.txt,87425024,131072,sequential,1.0000,0.0000,0,1,87556096,4096,1,-1,0
335,335_adaptive_sequential_run15,adaptive,sequential,1778268853.0718203,/big.txt,87556096,131072,sequential,1.0000,0.0000,0,1,87687168,4096,1,-1,0
335,335_adaptive_sequential_run15,adaptive,sequential,1778268853.0739002,/big.txt,87687168,131072,sequential,1.0000,0.0000,0,1,87818240,4096,1,-1,0
335,335_adaptive_sequential_run15,adaptive,sequential,1778268853.0760078,/big.txt,87818240,131072,sequential,1.0000,0.0000,0,1,87949312,4096,1,-1,0
335,335_adaptive_sequential_run15,adaptive,sequential,1778268853.078065,/big.txt,87949312,131072,sequential,1.0000,0.0000,0,1,88080384,4096,1,-1,0
335,335_adaptive_sequential_run15,adaptive,sequential,1778268853.0801404,/big.txt,88080384,131072,sequential,1.0000,0.0000,0,1,88211456,4096,1,-1,0
335,335_adaptive_sequential_run15,adaptive,sequential,1778268853.0822124,/big.txt,88211456,131072,sequential,1.0000,0.0000,0,1,88342528,4096,1,-1,0
335,335_adaptive_sequential_run15,adaptive,sequential,1778268853.0843155,/big.txt,88342528,131072,sequential,1.0000,0.0000,0,1,88473600,4096,1,-1,0
335,335_adaptive_sequential_run15,adaptive,sequential,1778268853.0864446,/big.txt,88473600,131072,sequential,1.0000,0.0000,0,1,88604672,4096,1,-1,0
335,335_adaptive_sequential_run15,adaptive,sequential,1778268853.0885143,/big.txt,88604672,131072,sequential,1.0000,0.0000,0,1,88735744,4096,1,-1,0
335,335_adaptive_sequential_run15,adaptive,sequential,1778268853.090588,/big.txt,88735744,131072,sequential,1.0000,0.0000,0,1,88866816,4096,1,-1,0
335,335_adaptive_sequential_run15,adaptive,sequential,1778268853.0926871,/big.txt,88866816,131072,sequential,1.0000,0.0000,0,1,88997888,4096,1,-1,0
335,335_adaptive_sequential_run15,adaptive,sequential,1778268853.0947576,/big.txt,88997888,131072,sequential,1.0000,0.0000,0,1,89128960,4096,1,-1,0
335,335_adaptive_sequential_run15,adaptive,sequential,1778268853.0968223,/big.txt,89128960,131072,sequential,1.0000,0.0000,0,1,89260032,4096,1,-1,0
335,335_adaptive_sequential_run15,adaptive,sequential,1778268853.098986,/big.txt,89260032,131072,sequential,1.0000,0.0000,0,1,89391104,4096,1,-1,0
335,335_adaptive_sequential_run15,adaptive,sequential,1778268853.1031902,/big.txt,89391104,131072,sequential,1.0000,0.0000,0,1,89522176,4096,1,-1,0
335,335_adaptive_sequential_run15,adaptive,sequential,1778268853.1073596,/big.txt,89522176,131072,sequential,1.0000,0.0000,0,1,89653248,4096,1,-1,0
335,335_adaptive_sequential_run15,adaptive,sequential,1778268853.1111062,/big.txt,89653248,131072,sequential,1.0000,0.0000,0,1,89784320,4096,1,-1,0
335,335_adaptive_sequential_run15,adaptive,sequential,1778268853.1131878,/big.txt,89784320,131072,sequential,1.0000,0.0000,0,1,89915392,4096,1,-1,0
335,335_adaptive_sequential_run15,adaptive,sequential,1778268853.115266,/big.txt,89915392,131072,sequential,1.0000,0.0000,0,1,90046464,4096,1,-1,0
335,335_adaptive_sequential_run15,adaptive,sequential,1778268853.1173427,/big.txt,90046464,131072,sequential,1.0000,0.0000,0,1,90177536,4096,1,-1,0
335,335_adaptive_sequential_run15,adaptive,sequential,1778268853.1194968,/big.txt,90177536,131072,sequential,1.0000,0.0000,0,1,90308608,4096,1,-1,0
335,335_adaptive_sequential_run15,adaptive,sequential,1778268853.1215801,/big.txt,90308608,131072,sequential,1.0000,0.0000,0,1,90439680,4096,1,-1,0
335,335_adaptive_sequential_run15,adaptive,sequential,1778268853.1236634,/big.txt,90439680,131072,sequential,1.0000,0.0000,0,1,90570752,4096,1,-1,0
335,335_adaptive_sequential_run15,adaptive,sequential,1778268853.125751,/big.txt,90570752,131072,sequential,1.0000,0.0000,0,1,90701824,4096,1,-1,0
335,335_adaptive_sequential_run15,adaptive,sequential,1778268853.127849,/big.txt,90701824,131072,sequential,1.0000,0.0000,0,1,90832896,4096,1,-1,0
335,335_adaptive_sequential_run15,adaptive,sequential,1778268853.129935,/big.txt,90832896,131072,sequential,1.0000,0.0000,0,1,90963968,4096,1,-1,0
335,335_adaptive_sequential_run15,adaptive,sequential,1778268853.1320171,/big.txt,90963968,131072,sequential,1.0000,0.0000,0,1,91095040,4096,1,-1,0
335,335_adaptive_sequential_run15,adaptive,sequential,1778268853.134533,/big.txt,91095040,131072,sequential,1.0000,0.0000,0,1,91226112,4096,1,-1,0
335,335_adaptive_sequential_run15,adaptive,sequential,1778268853.1365874,/big.txt,91226112,131072,sequential,1.0000,0.0000,0,1,91357184,4096,1,-1,0
335,335_adaptive_sequential_run15,adaptive,sequential,1778268853.138672,/big.txt,91357184,131072,sequential,1.0000,0.0000,0,1,91488256,4096,1,-1,0
335,335_adaptive_sequential_run15,adaptive,sequential,1778268853.1407595,/big.txt,91488256,131072,sequential,1.0000,0.0000,0,1,91619328,4096,1,-1,0
335,335_adaptive_sequential_run15,adaptive,sequential,1778268853.142856,/big.txt,91619328,131072,sequential,1.0000,0.0000,0,1,91750400,4096,1,-1,0
335,335_adaptive_sequential_run15,adaptive,sequential,1778268853.144941,/big.txt,91750400,131072,sequential,1.0000,0.0000,0,1,91881472,4096,1,-1,0
335,335_adaptive_sequential_run15,adaptive,sequential,1778268853.1471064,/big.txt,91881472,131072,sequential,1.0000,0.0000,0,1,92012544,4096,1,-1,0
335,335_adaptive_sequential_run15,adaptive,sequential,1778268853.1491804,/big.txt,92012544,131072,sequential,1.0000,0.0000,0,1,92143616,4096,1,-1,0
335,335_adaptive_sequential_run15,adaptive,sequential,1778268853.1512687,/big.txt,92143616,131072,sequential,1.0000,0.0000,0,1,92274688,4096,1,-1,0
335,335_adaptive_sequential_run15,adaptive,sequential,1778268853.153331,/big.txt,92274688,131072,sequential,1.0000,0.0000,0,1,92405760,4096,1,-1,0
335,335_adaptive_sequential_run15,adaptive,sequential,1778268853.1554234,/big.txt,92405760,131072,sequential,1.0000,0.0000,0,1,92536832,4096,1,-1,0
335,335_adaptive_sequential_run15,adaptive,sequential,1778268853.1575027,/big.txt,92536832,131072,sequential,1.0000,0.0000,0,1,92667904,4096,1,-1,0
335,335_adaptive_sequential_run15,adaptive,sequential,1778268853.159571,/big.txt,92667904,131072,sequential,1.0000,0.0000,0,1,92798976,4096,1,-1,0
335,335_adaptive_sequential_run15,adaptive,sequential,1778268853.1616294,/big.txt,92798976,131072,sequential,1.0000,0.0000,0,1,92930048,4096,1,-1,0
335,335_adaptive_sequential_run15,adaptive,sequential,1778268853.163717,/big.txt,92930048,131072,sequential,1.0000,0.0000,0,1,93061120,4096,1,-1,0
335,335_adaptive_sequential_run15,adaptive,sequential,1778268853.1658027,/big.txt,93061120,131072,sequential,1.0000,0.0000,0,1,93192192,4096,1,-1,0
335,335_adaptive_sequential_run15,adaptive,sequential,1778268853.1678898,/big.txt,93192192,131072,sequential,1.0000,0.0000,0,1,93323264,4096,1,-1,0
335,335_adaptive_sequential_run15,adaptive,sequential,1778268853.1699684,/big.txt,93323264,131072,sequential,1.0000,0.0000,0,1,93454336,4096,1,-1,0
335,335_adaptive_sequential_run15,adaptive,sequential,1778268853.1720743,/big.txt,93454336,131072,sequential,1.0000,0.0000,0,1,93585408,4096,1,-1,0
335,335_adaptive_sequential_run15,adaptive,sequential,1778268853.1741562,/big.txt,93585408,131072,sequential,1.0000,0.0000,0,1,93716480,4096,1,-1,0
335,335_adaptive_sequential_run15,adaptive,sequential,1778268853.1762419,/big.txt,93716480,131072,sequential,1.0000,0.0000,0,1,93847552,4096,1,-1,0
335,335_adaptive_sequential_run15,adaptive,sequential,1778268853.1783402,/big.txt,93847552,131072,sequential,1.0000,0.0000,0,1,93978624,4096,1,-1,0
335,335_adaptive_sequential_run15,adaptive,sequential,1778268853.1804318,/big.txt,93978624,131072,sequential,1.0000,0.0000,0,1,94109696,4096,1,-1,0
335,335_adaptive_sequential_run15,adaptive,sequential,1778268853.1825678,/big.txt,94109696,131072,sequential,1.0000,0.0000,0,1,94240768,4096,1,-1,0
335,335_adaptive_sequential_run15,adaptive,sequential,1778268853.1847327,/big.txt,94240768,131072,sequential,1.0000,0.0000,0,1,94371840,4096,1,-1,0
335,335_adaptive_sequential_run15,adaptive,sequential,1778268853.1868308,/big.txt,94371840,131072,sequential,1.0000,0.0000,0,1,94502912,4096,1,-1,0
335,335_adaptive_sequential_run15,adaptive,sequential,1778268853.1889198,/big.txt,94502912,131072,sequential,1.0000,0.0000,0,1,94633984,4096,1,-1,0
335,335_adaptive_sequential_run15,adaptive,sequential,1778268853.191001,/big.txt,94633984,131072,sequential,1.0000,0.0000,0,1,94765056,4096,1,-1,0
335,335_adaptive_sequential_run15,adaptive,sequential,1778268853.193069,/big.txt,94765056,131072,sequential,1.0000,0.0000,0,1,94896128,4096,1,-1,0
335,335_adaptive_sequential_run15,adaptive,sequential,1778268853.1951547,/big.txt,94896128,131072,sequential,1.0000,0.0000,0,1,95027200,4096,1,-1,0
335,335_adaptive_sequential_run15,adaptive,sequential,1778268853.1972232,/big.txt,95027200,131072,sequential,1.0000,0.0000,0,1,95158272,4096,1,-1,0
335,335_adaptive_sequential_run15,adaptive,sequential,1778268853.1994617,/big.txt,95158272,131072,sequential,1.0000,0.0000,0,1,95289344,4096,1,-1,0
335,335_adaptive_sequential_run15,adaptive,sequential,1778268853.2015238,/big.txt,95289344,131072,sequential,1.0000,0.0000,0,1,95420416,4096,1,-1,0
335,335_adaptive_sequential_run15,adaptive,sequential,1778268853.2036147,/big.txt,95420416,131072,sequential,1.0000,0.0000,0,1,95551488,4096,1,-1,0
335,335_adaptive_sequential_run15,adaptive,sequential,1778268853.205686,/big.txt,95551488,131072,sequential,1.0000,0.0000,0,1,95682560,4096,1,-1,0
335,335_adaptive_sequential_run15,adaptive,sequential,1778268853.2077756,/big.txt,95682560,131072,sequential,1.0000,0.0000,0,1,95813632,4096,1,-1,0
335,335_adaptive_sequential_run15,adaptive,sequential,1778268853.209833,/big.txt,95813632,131072,sequential,1.0000,0.0000,0,1,95944704,4096,1,-1,0
335,335_adaptive_sequential_run15,adaptive,sequential,1778268853.2119315,/big.txt,95944704,131072,sequential,1.0000,0.0000,0,1,96075776,4096,1,-1,0
335,335_adaptive_sequential_run15,adaptive,sequential,1778268853.2140036,/big.txt,96075776,131072,sequential,1.0000,0.0000,0,1,96206848,4096,1,-1,0
335,335_adaptive_sequential_run15,adaptive,sequential,1778268853.2160985,/big.txt,96206848,131072,sequential,1.0000,0.0000,0,1,96337920,4096,1,-1,0
335,335_adaptive_sequential_run15,adaptive,sequential,1778268853.2181814,/big.txt,96337920,131072,sequential,1.0000,0.0000,0,1,96468992,4096,1,-1,0
335,335_adaptive_sequential_run15,adaptive,sequential,1778268853.2203124,/big.txt,96468992,131072,sequential,1.0000,0.0000,0,1,96600064,4096,1,-1,0
335,335_adaptive_sequential_run15,adaptive,sequential,1778268853.2223823,/big.txt,96600064,131072,sequential,1.0000,0.0000,0,1,96731136,4096,1,-1,0
335,335_adaptive_sequential_run15,adaptive,sequential,1778268853.2244477,/big.txt,96731136,131072,sequential,1.0000,0.0000,0,1,96862208,4096,1,-1,0
335,335_adaptive_sequential_run15,adaptive,sequential,1778268853.2265453,/big.txt,96862208,131072,sequential,1.0000,0.0000,0,1,96993280,4096,1,-1,0
335,335_adaptive_sequential_run15,adaptive,sequential,1778268853.228612,/big.txt,96993280,131072,sequential,1.0000,0.0000,0,1,97124352,4096,1,-1,0
335,335_adaptive_sequential_run15,adaptive,sequential,1778268853.2306745,/big.txt,97124352,131072,sequential,1.0000,0.0000,0,1,97255424,4096,1,-1,0
335,335_adaptive_sequential_run15,adaptive,sequential,1778268853.2327404,/big.txt,97255424,131072,sequential,1.0000,0.0000,0,1,97386496,4096,1,-1,0
335,335_adaptive_sequential_run15,adaptive,sequential,1778268853.2349212,/big.txt,97386496,131072,sequential,1.0000,0.0000,0,1,97517568,4096,1,-1,0
335,335_adaptive_sequential_run15,adaptive,sequential,1778268853.237012,/big.txt,97517568,131072,sequential,1.0000,0.0000,0,1,97648640,4096,1,-1,0
335,335_adaptive_sequential_run15,adaptive,sequential,1778268853.2391176,/big.txt,97648640,131072,sequential,1.0000,0.0000,0,1,97779712,4096,1,-1,0
335,335_adaptive_sequential_run15,adaptive,sequential,1778268853.2411916,/big.txt,97779712,131072,sequential,1.0000,0.0000,0,1,97910784,4096,1,-1,0
335,335_adaptive_sequential_run15,adaptive,sequential,1778268853.2432685,/big.txt,97910784,131072,sequential,1.0000,0.0000,0,1,98041856,4096,1,-1,0
335,335_adaptive_sequential_run15,adaptive,sequential,1778268853.2453337,/big.txt,98041856,131072,sequential,1.0000,0.0000,0,1,98172928,4096,1,-1,0
335,335_adaptive_sequential_run15,adaptive,sequential,1778268853.2475388,/big.txt,98172928,131072,sequential,1.0000,0.0000,0,1,98304000,4096,1,-1,0
335,335_adaptive_sequential_run15,adaptive,sequential,1778268853.2495916,/big.txt,98304000,131072,sequential,1.0000,0.0000,0,1,98435072,4096,1,-1,0
335,335_adaptive_sequential_run15,adaptive,sequential,1778268853.2516658,/big.txt,98435072,131072,sequential,1.0000,0.0000,0,1,98566144,4096,1,-1,0
335,335_adaptive_sequential_run15,adaptive,sequential,1778268853.2537382,/big.txt,98566144,131072,sequential,1.0000,0.0000,0,1,98697216,4096,1,-1,0
335,335_adaptive_sequential_run15,adaptive,sequential,1778268853.2558122,/big.txt,98697216,131072,sequential,1.0000,0.0000,0,1,98828288,4096,1,-1,0
335,335_adaptive_sequential_run15,adaptive,sequential,1778268853.2578778,/big.txt,98828288,131072,sequential,1.0000,0.0000,0,1,98959360,4096,1,-1,0
335,335_adaptive_sequential_run15,adaptive,sequential,1778268853.2599673,/big.txt,98959360,131072,sequential,1.0000,0.0000,0,1,99090432,4096,1,-1,0
335,335_adaptive_sequential_run15,adaptive,sequential,1778268853.2620294,/big.txt,99090432,131072,sequential,1.0000,0.0000,0,1,99221504,4096,1,-1,0
335,335_adaptive_sequential_run15,adaptive,sequential,1778268853.264113,/big.txt,99221504,131072,sequential,1.0000,0.0000,0,1,99352576,4096,1,-1,0
335,335_adaptive_sequential_run15,adaptive,sequential,1778268853.2662024,/big.txt,99352576,131072,sequential,1.0000,0.0000,0,1,99483648,4096,1,-1,0
335,335_adaptive_sequential_run15,adaptive,sequential,1778268853.2683296,/big.txt,99483648,131072,sequential,1.0000,0.0000,0,1,99614720,4096,1,-1,0
335,335_adaptive_sequential_run15,adaptive,sequential,1778268853.2704,/big.txt,99614720,131072,sequential,1.0000,0.0000,0,1,99745792,4096,1,-1,0
335,335_adaptive_sequential_run15,adaptive,sequential,1778268853.272487,/big.txt,99745792,131072,sequential,1.0000,0.0000,0,1,99876864,4096,1,-1,0
335,335_adaptive_sequential_run15,adaptive,sequential,1778268853.2745466,/big.txt,99876864,131072,sequential,1.0000,0.0000,0,1,100007936,4096,1,-1,0
335,335_adaptive_sequential_run15,adaptive,sequential,1778268853.2766464,/big.txt,100007936,131072,sequential,1.0000,0.0000,0,1,100139008,4096,1,-1,0
335,335_adaptive_sequential_run15,adaptive,sequential,1778268853.2787244,/big.txt,100139008,131072,sequential,1.0000,0.0000,0,1,100270080,4096,1,-1,0
335,335_adaptive_sequential_run15,adaptive,sequential,1778268853.2808857,/big.txt,100270080,131072,sequential,1.0000,0.0000,0,1,100401152,4096,1,-1,0
335,335_adaptive_sequential_run15,adaptive,sequential,1778268853.283173,/big.txt,100401152,131072,sequential,1.0000,0.0000,0,1,100532224,4096,1,-1,0
335,335_adaptive_sequential_run15,adaptive,sequential,1778268853.2852528,/big.txt,100532224,131072,sequential,1.0000,0.0000,0,1,100663296,4096,1,-1,0
335,335_adaptive_sequential_run15,adaptive,sequential,1778268853.2873487,/big.txt,100663296,131072,sequential,1.0000,0.0000,0,1,100794368,4096,1,-1,0
335,335_adaptive_sequential_run15,adaptive,sequential,1778268853.289436,/big.txt,100794368,131072,sequential,1.0000,0.0000,0,1,100925440,4096,1,-1,0
335,335_adaptive_sequential_run15,adaptive,sequential,1778268853.2915263,/big.txt,100925440,131072,sequential,1.0000,0.0000,0,1,101056512,4096,1,-1,0
335,335_adaptive_sequential_run15,adaptive,sequential,1778268853.293593,/big.txt,101056512,131072,sequential,1.0000,0.0000,0,1,101187584,4096,1,-1,0
335,335_adaptive_sequential_run15,adaptive,sequential,1778268853.295686,/big.txt,101187584,131072,sequential,1.0000,0.0000,0,1,101318656,4096,1,-1,0
335,335_adaptive_sequential_run15,adaptive,sequential,1778268853.2977564,/big.txt,101318656,131072,sequential,1.0000,0.0000,0,1,101449728,4096,1,-1,0
335,335_adaptive_sequential_run15,adaptive,sequential,1778268853.2998478,/big.txt,101449728,131072,sequential,1.0000,0.0000,0,1,101580800,4096,1,-1,0
335,335_adaptive_sequential_run15,adaptive,sequential,1778268853.3019295,/big.txt,101580800,131072,sequential,1.0000,0.0000,0,1,101711872,4096,1,-1,0
335,335_adaptive_sequential_run15,adaptive,sequential,1778268853.3040152,/big.txt,101711872,131072,sequential,1.0000,0.0000,0,1,101842944,4096,1,-1,0
335,335_adaptive_sequential_run15,adaptive,sequential,1778268853.306072,/big.txt,101842944,131072,sequential,1.0000,0.0000,0,1,101974016,4096,1,-1,0
335,335_adaptive_sequential_run15,adaptive,sequential,1778268853.308156,/big.txt,101974016,131072,sequential,1.0000,0.0000,0,1,102105088,4096,1,-1,0
335,335_adaptive_sequential_run15,adaptive,sequential,1778268853.3102326,/big.txt,102105088,131072,sequential,1.0000,0.0000,0,1,102236160,4096,1,-1,0
335,335_adaptive_sequential_run15,adaptive,sequential,1778268853.3123183,/big.txt,102236160,131072,sequential,1.0000,0.0000,0,1,102367232,4096,1,-1,0
335,335_adaptive_sequential_run15,adaptive,sequential,1778268853.3143852,/big.txt,102367232,131072,sequential,1.0000,0.0000,0,1,102498304,4096,1,-1,0
335,335_adaptive_sequential_run15,adaptive,sequential,1778268853.3164592,/big.txt,102498304,131072,sequential,1.0000,0.0000,0,1,102629376,4096,1,-1,0
335,335_adaptive_sequential_run15,adaptive,sequential,1778268853.3185422,/big.txt,102629376,131072,sequential,1.0000,0.0000,0,1,102760448,4096,1,-1,0
335,335_adaptive_sequential_run15,adaptive,sequential,1778268853.3206577,/big.txt,102760448,131072,sequential,1.0000,0.0000,0,1,102891520,4096,1,-1,0
335,335_adaptive_sequential_run15,adaptive,sequential,1778268853.322728,/big.txt,102891520,131072,sequential,1.0000,0.0000,0,1,103022592,4096,1,-1,0
335,335_adaptive_sequential_run15,adaptive,sequential,1778268853.324872,/big.txt,103022592,131072,sequential,1.0000,0.0000,0,1,103153664,4096,1,-1,0
335,335_adaptive_sequential_run15,adaptive,sequential,1778268853.326977,/big.txt,103153664,131072,sequential,1.0000,0.0000,0,1,103284736,4096,1,-1,0
335,335_adaptive_sequential_run15,adaptive,sequential,1778268853.3290517,/big.txt,103284736,131072,sequential,1.0000,0.0000,0,1,103415808,4096,1,-1,0
335,335_adaptive_sequential_run15,adaptive,sequential,1778268853.3312032,/big.txt,103415808,131072,sequential,1.0000,0.0000,0,1,103546880,4096,1,-1,0
335,335_adaptive_sequential_run15,adaptive,sequential,1778268853.3332658,/big.txt,103546880,131072,sequential,1.0000,0.0000,0,1,103677952,4096,1,-1,0
335,335_adaptive_sequential_run15,adaptive,sequential,1778268853.335364,/big.txt,103677952,131072,sequential,1.0000,0.0000,0,1,103809024,4096,1,-1,0
335,335_adaptive_sequential_run15,adaptive,sequential,1778268853.3374164,/big.txt,103809024,131072,sequential,1.0000,0.0000,0,1,103940096,4096,1,-1,0
335,335_adaptive_sequential_run15,adaptive,sequential,1778268853.3395617,/big.txt,103940096,131072,sequential,1.0000,0.0000,0,1,104071168,4096,1,-1,0
335,335_adaptive_sequential_run15,adaptive,sequential,1778268853.3416243,/big.txt,104071168,131072,sequential,1.0000,0.0000,0,1,104202240,4096,1,-1,0
335,335_adaptive_sequential_run15,adaptive,sequential,1778268853.343707,/big.txt,104202240,131072,sequential,1.0000,0.0000,0,1,104333312,4096,1,-1,0
335,335_adaptive_sequential_run15,adaptive,sequential,1778268853.3457618,/big.txt,104333312,131072,sequential,1.0000,0.0000,0,1,104464384,4096,1,-1,0
335,335_adaptive_sequential_run15,adaptive,sequential,1778268853.3478687,/big.txt,104464384,131072,sequential,1.0000,0.0000,0,1,104595456,4096,1,-1,0
335,335_adaptive_sequential_run15,adaptive,sequential,1778268853.3499496,/big.txt,104595456,131072,sequential,1.0000,0.0000,0,1,104726528,4096,1,-1,0
335,335_adaptive_sequential_run15,adaptive,sequential,1778268853.352049,/big.txt,104726528,131072,sequential,1.0000,0.0000,0,1,104857600,4096,1,-1,0
335,335_adaptive_sequential_run15,adaptive,sequential,1778268853.352231,/big.txt,104857600,0,sequential,1.0000,0.0000,0,0,,,1,0,0
