run_index,run_label,mode,workload,seq,timestamp,path,offset,size
57,057_none_phase_change_run17,none,phase_change,1,1778267687.326033,/big.txt,0,131072
57,057_none_phase_change_run17,none,phase_change,2,1778267687.329362,/big.txt,131072,131072
57,057_none_phase_change_run17,none,phase_change,3,1778267687.3325465,/big.txt,262144,131072
57,057_none_phase_change_run17,none,phase_change,4,1778267687.3356893,/big.txt,393216,131072
57,057_none_phase_change_run17,none,phase_change,5,1778267687.3388128,/big.txt,524288,131072
57,057_none_phase_change_run17,none,phase_change,6,1778267687.3420007,/big.txt,655360,131072
57,057_none_phase_change_run17,none,phase_change,7,1778267687.3451083,/big.txt,786432,131072
57,057_none_phase_change_run17,none,phase_change,8,1778267687.348044,/big.txt,917504,131072
57,057_none_phase_change_run17,none,phase_change,9,1778267687.3509572,/big.txt,1048576,131072
57,057_none_phase_change_run17,none,phase_change,10,1778267687.3539124,/big.txt,1179648,131072
57,057_none_phase_change_run17,none,phase_change,11,1778267687.3568525,/big.txt,1310720,131072
57,057_none_phase_change_run17,none,phase_change,12,1778267687.3598099,/big.txt,1441792,131072
57,057_none_phase_change_run17,none,phase_change,13,1778267687.3626866,/big.txt,1572864,131072
57,057_none_phase_change_run17,none,phase_change,14,1778267687.365581,/big.txt,1703936,131072
57,057_none_phase_change_run17,none,phase_change,15,1778267687.3685052,/big.txt,1835008,131072
57,057_none_phase_change_run17,none,phase_change,16,1778267687.3714094,/big.txt,1966080,131072
57,057_none_phase_change_run17,none,phase_change,17,1778267687.3743901,/big.txt,2097152,131072
57,057_none_phase_change_run17,none,phase_change,18,1778267687.377336,/big.txt,2228224,131072
57,057_none_phase_change_run17,none,phase_change,19,1778267687.3802774,/big.txt,2359296,131072
57,057_none_phase_change_run17,none,phase_change,20,1778267687.3832314,/big.txt,2490368,131072
57,057_none_phase_change_run17,none,phase_change,21,1778267687.3861787,/big.txt,2621440,131072
57,057_none_phase_change_run17,none,phase_change,22,1778267687.3890562,/big.txt,2752512,131072
57,057_none_phase_change_run17,none,phase_change,23,1778267687.391988,/big.txt,2883584,131072
57,057_none_phase_change_run17,none,phase_change,24,1778267687.394824,/big.txt,3014656,131072
57,057_none_phase_change_run17,none,phase_change,25,1778267687.3977265,/big.txt,3145728,131072
57,057_none_phase_change_run17,none,phase_change,26,1778267687.400645,/big.txt,3276800,131072
57,057_none_phase_change_run17,none,phase_change,27,1778267687.4034116,/big.txt,3407872,131072
57,057_none_phase_change_run17,none,phase_change,28,1778267687.4061975,/big.txt,3538944,131072
57,057_none_phase_change_run17,none,phase_change,29,1778267687.4089267,/big.txt,3670016,131072
57,057_none_phase_change_run17,none,phase_change,30,1778267687.411661,/big.txt,3801088,131072
57,057_none_phase_change_run17,none,phase_change,31,1778267687.414391,/big.txt,3932160,131072
57,057_none_phase_change_run17,none,phase_change,32,1778267687.4171307,/big.txt,4063232,131072
57,057_none_phase_change_run17,none,phase_change,33,1778267687.419765,/big.txt,4194304,131072
57,057_none_phase_change_run17,none,phase_change,34,1778267687.4223251,/big.txt,4325376,131072
57,057_none_phase_change_run17,none,phase_change,35,1778267687.4248998,/big.txt,4456448,131072
57,057_none_phase_change_run17,none,phase_change,36,1778267687.4275827,/big.txt,4587520,131072
57,057_none_phase_change_run17,none,phase_change,37,1778267687.4302075,/big.txt,4718592,131072
57,057_none_phase_change_run17,none,phase_change,38,1778267687.4327948,/big.txt,4849664,131072
57,057_none_phase_change_run17,none,phase_change,39,1778267687.4369798,/big.txt,4980736,131072
57,057_none_phase_change_run17,none,phase_change,40,1778267687.44222,/big.txt,5111808,131072
57,057_none_phase_change_run17,none,phase_change,41,1778267687.4448566,/big.txt,5242880,131072
57,057_none_phase_change_run17,none,phase_change,42,1778267687.4475353,/big.txt,5373952,131072
57,057_none_phase_change_run17,none,phase_change,43,1778267687.4501536,/big.txt,5505024,131072
57,057_none_phase_change_run17,none,phase_change,44,1778267687.45276,/big.txt,5636096,131072
57,057_none_phase_change_run17,none,phase_change,45,1778267687.455344,/big.txt,5767168,131072
57,057_none_phase_change_run17,none,phase_change,46,1778267687.457912,/big.txt,5898240,131072
57,057_none_phase_change_run17,none,phase_change,47,1778267687.4605534,/big.txt,6029312,131072
57,057_none_phase_change_run17,none,phase_change,48,1778267687.4632168,/big.txt,6160384,131072
57,057_none_phase_change_run17,none,phase_change,49,1778267687.465781,/big.txt,6291456,131072
57,057_none_phase_change_run17,none,phase_change,50,1778267687.4684403,/big.txt,6422528,131072
57,057_none_phase_change_run17,none,phase_change,51,1778267687.4710493,/big.txt,6553600,131072
57,057_none_phase_change_run17,none,phase_change,52,1778267687.4736195,/big.txt,6684672,131072
57,057_none_phase_change_run17,none,phase_change,53,1778267687.4762392,/big.txt,6815744,131072
57,057_none_phase_change_run17,none,phase_change,54,1778267687.4789112,/big.txt,6946816,131072
57,057_none_phase_change_run17,none,phase_change,55,1778267687.4815173,/big.txt,7077888,131072
57,057_none_phase_change_run17,none,phase_change,56,1778267687.4841626,/big.txt,7208960,131072
57,057_none_phase_change_run17,none,phase_change,57,1778267687.4867635,/big.txt,7340032,131072
57,057_none_phase_change_run17,none,phase_change,58,1778267687.4895353,/big.txt,7471104,131072
57,057_none_phase_change_run17,none,phase_change,59,1778267687.4921398,/big.txt,7602176,131072
57,057_none_phase_change_run17,none,phase_change,60,1778267687.4947195,/big.txt,7733248,131072
57,057_none_phase_change_run17,none,phase_change,61,1778267687.497406,/big.txt,7864320,131072
57,057_none_phase_change_run17,none,phase_change,62,1778267687.500023,/big.txt,7995392,131072
57,057_none_phase_change_run17,none,phase_change,63,1778267687.502621,/big.txt,8126464,131072
57,057_none_phase_change_run17,none,phase_change,64,1778267687.5052814,/big.txt,8257536,131072
57,057_none_phase_change_run17,none,phase_change,65,1778267687.5079615,/big.txt,8388608,131072
57,057_none_phase_change_run17,none,phase_change,66,1778267687.5105853,/big.txt,8519680,131072
57,057_none_phase_change_run17,none,phase_change,67,1778267687.5132651,/big.txt,8650752,131072
57,057_none_phase_change_run17,none,phase_change,68,1778267687.515927,/big.txt,8781824,131072
57,057_none_phase_change_run17,none,phase_change,69,1778267687.5187855,/big.txt,8912896,131072
57,057_none_phase_change_run17,none,phase_change,70,1778267687.5214305,/big.txt,9043968,131072
57,057_none_phase_change_run17,none,phase_change,71,1778267687.5240164,/big.txt,9175040,131072
57,057_none_phase_change_run17,none,phase_change,72,1778267687.5265899,/big.txt,9306112,131072
57,057_none_phase_change_run17,none,phase_change,73,1778267687.5291545,/big.txt,9437184,131072
57,057_none_phase_change_run17,none,phase_change,74,1778267687.5317152,/big.txt,9568256,131072
57,057_none_phase_change_run17,none,phase_change,75,1778267687.5343022,/big.txt,9699328,131072
57,057_none_phase_change_run17,none,phase_change,76,1778267687.5369267,/big.txt,9830400,131072
57,057_none_phase_change_run17,none,phase_change,77,1778267687.5395103,/big.txt,9961472,131072
57,057_none_phase_change_run17,none,phase_change,78,1778267687.5421128,/big.txt,10092544,131072
57,057_none_phase_change_run17,none,phase_change,79,1778267687.5447013,/big.txt,10223616,131072
57,057_none_phase_change_run17,none,phase_change,80,1778267687.5472608,/big.txt,10354688,131072
57,057_none_phase_change_run17,none,phase_change,81,1778267687.549832,/big.txt,10485760,131072
57,057_none_phase_change_run17,none,phase_change,82,1778267687.5524578,/big.txt,10616832,131072
57,057_none_phase_change_run17,none,phase_change,83,1778267687.5555475,/big.txt,10747904,131072
57,057_none_phase_change_run17,none,phase_change,84,1778267687.5593324,/big.txt,10878976,131072
57,057_none_phase_change_run17,none,phase_change,85,1778267687.5619385,/big.txt,11010048,131072
57,057_none_phase_change_run17,none,phase_change,86,1778267687.564593,/big.txt,11141120,131072
57,057_none_phase_change_run17,none,phase_change,87,1778267687.5672348,/big.txt,11272192,131072
57,057_none_phase_change_run17,none,phase_change,88,1778267687.5698001,/big.txt,11403264,131072
57,057_none_phase_change_run17,none,phase_change,89,1778267687.5724833,/big.txt,11534336,131072
57,057_none_phase_change_run17,none,phase_change,90,1778267687.5752873,/big.txt,11665408,131072
57,057_none_phase_change_run17,none,phase_change,91,1778267687.5779493,/big.txt,11796480,131072
57,057_none_phase_change_run17,none,phase_change,92,1778267687.5806148,/big.txt,11927552,131072
57,057_none_phase_change_run17,none,phase_change,93,1778267687.5832589,/big.txt,12058624,131072
57,057_none_phase_change_run17,none,phase_change,94,1778267687.5858588,/big.txt,12189696,131072
57,057_none_phase_change_run17,none,phase_change,95,1778267687.588559,/big.txt,12320768,131072
57,057_none_phase_change_run17,none,phase_change,96,1778267687.591262,/big.txt,12451840,131072
57,057_none_phase_change_run17,none,phase_change,97,1778267687.5938754,/big.txt,12582912,131072
57,057_none_phase_change_run17,none,phase_change,98,1778267687.5965607,/big.txt,12713984,131072
57,057_none_phase_change_run17,none,phase_change,99,1778267687.5991724,/big.txt,12845056,131072
57,057_none_phase_change_run17,none,phase_change,100,1778267687.6017575,/big.txt,12976128,131072
57,057_none_phase_change_run17,none,phase_change,101,1778267687.604414,/big.txt,13107200,131072
57,057_none_phase_change_run17,none,phase_change,102,1778267687.6071167,/big.txt,13238272,131072
57,057_none_phase_change_run17,none,phase_change,103,1778267687.609725,/big.txt,13369344,131072
57,057_none_phase_change_run17,none,phase_change,104,1778267687.6123698,/big.txt,13500416,131072
57,057_none_phase_change_run17,none,phase_change,105,1778267687.6150758,/big.txt,13631488,131072
57,057_none_phase_change_run17,none,phase_change,106,1778267687.6176841,/big.txt,13762560,131072
57,057_none_phase_change_run17,none,phase_change,107,1778267687.620346,/big.txt,13893632,131072
57,057_none_phase_change_run17,none,phase_change,108,1778267687.6229415,/big.txt,14024704,131072
57,057_none_phase_change_run17,none,phase_change,109,1778267687.6255064,/big.txt,14155776,131072
57,057_none_phase_change_run17,none,phase_change,110,1778267687.6281488,/big.txt,14286848,131072
57,057_none_phase_change_run17,none,phase_change,111,1778267687.6307144,/big.txt,14417920,131072
57,057_none_phase_change_run17,none,phase_change,112,1778267687.633299,/big.txt,14548992,131072
57,057_none_phase_change_run17,none,phase_change,113,1778267687.6358984,/big.txt,14680064,131072
57,057_none_phase_change_run17,none,phase_change,114,1778267687.6384385,/big.txt,14811136,131072
57,057_none_phase_change_run17,none,phase_change,115,1778267687.6410503,/big.txt,14942208,131072
57,057_none_phase_change_run17,none,phase_change,116,1778267687.6435962,/big.txt,15073280,131072
57,057_none_phase_change_run17,none,phase_change,117,1778267687.6461356,/big.txt,15204352,131072
57,057_none_phase_change_run17,none,phase_change,118,1778267687.6487017,/big.txt,15335424,131072
57,057_none_phase_change_run17,none,phase_change,119,1778267687.6512725,/big.txt,15466496,131072
57,057_none_phase_change_run17,none,phase_change,120,1778267687.653875,/big.txt,15597568,131072
57,057_none_phase_change_run17,none,phase_change,121,1778267687.6565034,/big.txt,15728640,131072
57,057_none_phase_change_run17,none,phase_change,122,1778267687.659074,/big.txt,15859712,131072
57,057_none_phase_change_run17,none,phase_change,123,1778267687.6616082,/big.txt,15990784,131072
57,057_none_phase_change_run17,none,phase_change,124,1778267687.6641877,/big.txt,16121856,131072
57,057_none_phase_change_run17,none,phase_change,125,1778267687.6667287,/big.txt,16252928,131072
57,057_none_phase_change_run17,none,phase_change,126,1778267687.6693006,/big.txt,16384000,131072
57,057_none_phase_change_run17,none,phase_change,127,1778267687.6718535,/big.txt,16515072,131072
57,057_none_phase_change_run17,none,phase_change,128,1778267687.6744144,/big.txt,16646144,131072
57,057_none_phase_change_run17,none,phase_change,129,1778267687.6769483,/big.txt,16777216,131072
57,057_none_phase_change_run17,none,phase_change,130,1778267687.6816719,/big.txt,16908288,131072
57,057_none_phase_change_run17,none,phase_change,131,1778267687.6869104,/big.txt,17039360,131072
57,057_none_phase_change_run17,none,phase_change,132,1778267687.6912003,/big.txt,17170432,131072
57,057_none_phase_change_run17,none,phase_change,133,1778267687.6938012,/big.txt,17301504,131072
57,057_none_phase_change_run17,none,phase_change,134,1778267687.696446,/big.txt,17432576,131072
57,057_none_phase_change_run17,none,phase_change,135,1778267687.6991014,/big.txt,17563648,131072
57,057_none_phase_change_run17,none,phase_change,136,1778267687.7016878,/big.txt,17694720,131072
57,057_none_phase_change_run17,none,phase_change,137,1778267687.7043223,/big.txt,17825792,131072
57,057_none_phase_change_run17,none,phase_change,138,1778267687.706935,/big.txt,17956864,131072
57,057_none_phase_change_run17,none,phase_change,139,1778267687.7095823,/big.txt,18087936,131072
57,057_none_phase_change_run17,none,phase_change,140,1778267687.7122176,/big.txt,18219008,131072
57,057_none_phase_change_run17,none,phase_change,141,1778267687.714841,/big.txt,18350080,131072
57,057_none_phase_change_run17,none,phase_change,142,1778267687.7174244,/big.txt,18481152,131072
57,057_none_phase_change_run17,none,phase_change,143,1778267687.7200456,/big.txt,18612224,131072
57,057_none_phase_change_run17,none,phase_change,144,1778267687.7226226,/big.txt,18743296,131072
57,057_none_phase_change_run17,none,phase_change,145,1778267687.7251878,/big.txt,18874368,131072
57,057_none_phase_change_run17,none,phase_change,146,1778267687.7277873,/big.txt,19005440,131072
57,057_none_phase_change_run17,none,phase_change,147,1778267687.7303345,/big.txt,19136512,131072
57,057_none_phase_change_run17,none,phase_change,148,1778267687.732925,/big.txt,19267584,131072
57,057_none_phase_change_run17,none,phase_change,149,1778267687.7355738,/big.txt,19398656,131072
57,057_none_phase_change_run17,none,phase_change,150,1778267687.738164,/big.txt,19529728,131072
57,057_none_phase_change_run17,none,phase_change,151,1778267687.7407758,/big.txt,19660800,131072
57,057_none_phase_change_run17,none,phase_change,152,1778267687.7435386,/big.txt,19791872,131072
57,057_none_phase_change_run17,none,phase_change,153,1778267687.746166,/big.txt,19922944,131072
57,057_none_phase_change_run17,none,phase_change,154,1778267687.7488084,/big.txt,20054016,131072
57,057_none_phase_change_run17,none,phase_change,155,1778267687.7515256,/big.txt,20185088,131072
57,057_none_phase_change_run17,none,phase_change,156,1778267687.7541394,/big.txt,20316160,131072
57,057_none_phase_change_run17,none,phase_change,157,1778267687.7567317,/big.txt,20447232,131072
57,057_none_phase_change_run17,none,phase_change,158,1778267687.7594419,/big.txt,20578304,131072
57,057_none_phase_change_run17,none,phase_change,159,1778267687.762118,/big.txt,20709376,131072
57,057_none_phase_change_run17,none,phase_change,160,1778267687.7647316,/big.txt,20840448,131072
57,057_none_phase_change_run17,none,phase_change,161,1778267687.7673624,/big.txt,20971520,131072
57,057_none_phase_change_run17,none,phase_change,162,1778267687.7699726,/big.txt,21102592,131072
57,057_none_phase_change_run17,none,phase_change,163,1778267687.7726076,/big.txt,21233664,131072
57,057_none_phase_change_run17,none,phase_change,164,1778267687.7752805,/big.txt,21364736,131072
57,057_none_phase_change_run17,none,phase_change,165,1778267687.7778914,/big.txt,21495808,131072
57,057_none_phase_change_run17,none,phase_change,166,1778267687.7805333,/big.txt,21626880,131072
57,057_none_phase_change_run17,none,phase_change,167,1778267687.7831552,/big.txt,21757952,131072
57,057_none_phase_change_run17,none,phase_change,168,1778267687.7857556,/big.txt,21889024,131072
57,057_none_phase_change_run17,none,phase_change,169,1778267687.7884014,/big.txt,22020096,131072
57,057_none_phase_change_run17,none,phase_change,170,1778267687.791032,/big.txt,22151168,131072
57,057_none_phase_change_run17,none,phase_change,171,1778267687.793604,/big.txt,22282240,131072
57,057_none_phase_change_run17,none,phase_change,172,1778267687.7962806,/big.txt,22413312,131072
57,057_none_phase_change_run17,none,phase_change,173,1778267687.7990072,/big.txt,22544384,131072
57,057_none_phase_change_run17,none,phase_change,174,1778267687.8032188,/big.txt,22675456,131072
57,057_none_phase_change_run17,none,phase_change,175,1778267687.8058414,/big.txt,22806528,131072
57,057_none_phase_change_run17,none,phase_change,176,1778267687.8084888,/big.txt,22937600,131072
57,057_none_phase_change_run17,none,phase_change,177,1778267687.8111773,/big.txt,23068672,131072
57,057_none_phase_change_run17,none,phase_change,178,1778267687.813742,/big.txt,23199744,131072
57,057_none_phase_change_run17,none,phase_change,179,1778267687.8163362,/big.txt,23330816,131072
57,057_none_phase_change_run17,none,phase_change,180,1778267687.8189907,/big.txt,23461888,131072
57,057_none_phase_change_run17,none,phase_change,181,1778267687.8215904,/big.txt,23592960,131072
57,057_none_phase_change_run17,none,phase_change,182,1778267687.8242495,/big.txt,23724032,131072
57,057_none_phase_change_run17,none,phase_change,183,1778267687.8268962,/big.txt,23855104,131072
57,057_none_phase_change_run17,none,phase_change,184,1778267687.829543,/big.txt,23986176,131072
57,057_none_phase_change_run17,none,phase_change,185,1778267687.8321803,/big.txt,24117248,131072
57,057_none_phase_change_run17,none,phase_change,186,1778267687.8347588,/big.txt,24248320,131072
57,057_none_phase_change_run17,none,phase_change,187,1778267687.8374221,/big.txt,24379392,131072
57,057_none_phase_change_run17,none,phase_change,188,1778267687.8400013,/big.txt,24510464,131072
57,057_none_phase_change_run17,none,phase_change,189,1778267687.8425553,/big.txt,24641536,131072
57,057_none_phase_change_run17,none,phase_change,190,1778267687.8451183,/big.txt,24772608,131072
57,057_none_phase_change_run17,none,phase_change,191,1778267687.8476615,/big.txt,24903680,131072
57,057_none_phase_change_run17,none,phase_change,192,1778267687.8501887,/big.txt,25034752,131072
57,057_none_phase_change_run17,none,phase_change,193,1778267687.852749,/big.txt,25165824,131072
57,057_none_phase_change_run17,none,phase_change,194,1778267687.8553476,/big.txt,25296896,131072
57,057_none_phase_change_run17,none,phase_change,195,1778267687.857991,/big.txt,25427968,131072
57,057_none_phase_change_run17,none,phase_change,196,1778267687.8606331,/big.txt,25559040,131072
57,057_none_phase_change_run17,none,phase_change,197,1778267687.8632085,/big.txt,25690112,131072
57,057_none_phase_change_run17,none,phase_change,198,1778267687.8658044,/big.txt,25821184,131072
57,057_none_phase_change_run17,none,phase_change,199,1778267687.868494,/big.txt,25952256,131072
57,057_none_phase_change_run17,none,phase_change,200,1778267687.8712234,/big.txt,26083328,131072
57,057_none_phase_change_run17,none,phase_change,201,1778267687.8738594,/big.txt,26214400,131072
57,057_none_phase_change_run17,none,phase_change,202,1778267687.8763952,/big.txt,26345472,131072
57,057_none_phase_change_run17,none,phase_change,203,1778267687.8788817,/big.txt,26476544,131072
57,057_none_phase_change_run17,none,phase_change,204,1778267687.881383,/big.txt,26607616,131072
57,057_none_phase_change_run17,none,phase_change,205,1778267687.8838391,/big.txt,26738688,131072
57,057_none_phase_change_run17,none,phase_change,206,1778267687.886252,/big.txt,26869760,131072
57,057_none_phase_change_run17,none,phase_change,207,1778267687.8886697,/big.txt,27000832,131072
57,057_none_phase_change_run17,none,phase_change,208,1778267687.8911142,/big.txt,27131904,131072
57,057_none_phase_change_run17,none,phase_change,209,1778267687.8935673,/big.txt,27262976,131072
57,057_none_phase_change_run17,none,phase_change,210,1778267687.8960383,/big.txt,27394048,131072
57,057_none_phase_change_run17,none,phase_change,211,1778267687.8984663,/big.txt,27525120,131072
57,057_none_phase_change_run17,none,phase_change,212,1778267687.901022,/big.txt,27656192,131072
57,057_none_phase_change_run17,none,phase_change,213,1778267687.903468,/big.txt,27787264,131072
57,057_none_phase_change_run17,none,phase_change,214,1778267687.9059067,/big.txt,27918336,131072
57,057_none_phase_change_run17,none,phase_change,215,1778267687.908333,/big.txt,28049408,131072
57,057_none_phase_change_run17,none,phase_change,216,1778267687.9107132,/big.txt,28180480,131072
57,057_none_phase_change_run17,none,phase_change,217,1778267687.9131644,/big.txt,28311552,131072
57,057_none_phase_change_run17,none,phase_change,218,1778267687.9155285,/big.txt,28442624,131072
57,057_none_phase_change_run17,none,phase_change,219,1778267687.917852,/big.txt,28573696,131072
57,057_none_phase_change_run17,none,phase_change,220,1778267687.9202023,/big.txt,28704768,131072
57,057_none_phase_change_run17,none,phase_change,221,1778267687.9225662,/big.txt,28835840,131072
57,057_none_phase_change_run17,none,phase_change,222,1778267687.924903,/big.txt,28966912,131072
57,057_none_phase_change_run17,none,phase_change,223,1778267687.927231,/big.txt,29097984,131072
57,057_none_phase_change_run17,none,phase_change,224,1778267687.9295397,/big.txt,29229056,131072
57,057_none_phase_change_run17,none,phase_change,225,1778267687.9318707,/big.txt,29360128,131072
57,057_none_phase_change_run17,none,phase_change,226,1778267687.934192,/big.txt,29491200,131072
57,057_none_phase_change_run17,none,phase_change,227,1778267687.9365115,/big.txt,29622272,131072
57,057_none_phase_change_run17,none,phase_change,228,1778267687.938932,/big.txt,29753344,131072
57,057_none_phase_change_run17,none,phase_change,229,1778267687.9412415,/big.txt,29884416,131072
57,057_none_phase_change_run17,none,phase_change,230,1778267687.943571,/big.txt,30015488,131072
57,057_none_phase_change_run17,none,phase_change,231,1778267687.9458885,/big.txt,30146560,131072
57,057_none_phase_change_run17,none,phase_change,232,1778267687.9482424,/big.txt,30277632,131072
57,057_none_phase_change_run17,none,phase_change,233,1778267687.950539,/big.txt,30408704,131072
57,057_none_phase_change_run17,none,phase_change,234,1778267687.9528522,/big.txt,30539776,131072
57,057_none_phase_change_run17,none,phase_change,235,1778267687.9552472,/big.txt,30670848,131072
57,057_none_phase_change_run17,none,phase_change,236,1778267687.95754,/big.txt,30801920,131072
57,057_none_phase_change_run17,none,phase_change,237,1778267687.9598837,/big.txt,30932992,131072
57,057_none_phase_change_run17,none,phase_change,238,1778267687.9622085,/big.txt,31064064,131072
57,057_none_phase_change_run17,none,phase_change,239,1778267687.9645193,/big.txt,31195136,131072
57,057_none_phase_change_run17,none,phase_change,240,1778267687.9669137,/big.txt,31326208,131072
57,057_none_phase_change_run17,none,phase_change,241,1778267687.9716403,/big.txt,31457280,131072
57,057_none_phase_change_run17,none,phase_change,242,1778267687.9762976,/big.txt,31588352,131072
57,057_none_phase_change_run17,none,phase_change,243,1778267687.9793382,/big.txt,31719424,131072
57,057_none_phase_change_run17,none,phase_change,244,1778267687.9815521,/big.txt,31850496,131072
57,057_none_phase_change_run17,none,phase_change,245,1778267687.9837928,/big.txt,31981568,131072
57,057_none_phase_change_run17,none,phase_change,246,1778267687.986009,/big.txt,32112640,131072
57,057_none_phase_change_run17,none,phase_change,247,1778267687.9882383,/big.txt,32243712,131072
57,057_none_phase_change_run17,none,phase_change,248,1778267687.9904535,/big.txt,32374784,131072
57,057_none_phase_change_run17,none,phase_change,249,1778267687.9926674,/big.txt,32505856,131072
57,057_none_phase_change_run17,none,phase_change,250,1778267687.9949315,/big.txt,32636928,131072
57,057_none_phase_change_run17,none,phase_change,251,1778267687.9971476,/big.txt,32768000,131072
57,057_none_phase_change_run17,none,phase_change,252,1778267687.9993608,/big.txt,32899072,131072
57,057_none_phase_change_run17,none,phase_change,253,1778267688.0015595,/big.txt,33030144,131072
57,057_none_phase_change_run17,none,phase_change,254,1778267688.003783,/big.txt,33161216,131072
57,057_none_phase_change_run17,none,phase_change,255,1778267688.0059862,/big.txt,33292288,131072
57,057_none_phase_change_run17,none,phase_change,256,1778267688.0081909,/big.txt,33423360,131072
57,057_none_phase_change_run17,none,phase_change,257,1778267688.0103962,/big.txt,33554432,131072
57,057_none_phase_change_run17,none,phase_change,258,1778267688.012627,/big.txt,33685504,131072
57,057_none_phase_change_run17,none,phase_change,259,1778267688.014845,/big.txt,33816576,131072
57,057_none_phase_change_run17,none,phase_change,260,1778267688.0170484,/big.txt,33947648,131072
57,057_none_phase_change_run17,none,phase_change,261,1778267688.019343,/big.txt,34078720,131072
57,057_none_phase_change_run17,none,phase_change,262,1778267688.021549,/big.txt,34209792,131072
57,057_none_phase_change_run17,none,phase_change,263,1778267688.0238035,/big.txt,34340864,131072
57,057_none_phase_change_run17,none,phase_change,264,1778267688.0260243,/big.txt,34471936,131072
57,057_none_phase_change_run17,none,phase_change,265,1778267688.0282643,/big.txt,34603008,131072
57,057_none_phase_change_run17,none,phase_change,266,1778267688.0304687,/big.txt,34734080,131072
57,057_none_phase_change_run17,none,phase_change,267,1778267688.0326912,/big.txt,34865152,131072
57,057_none_phase_change_run17,none,phase_change,268,1778267688.0349696,/big.txt,34996224,131072
57,057_none_phase_change_run17,none,phase_change,269,1778267688.037194,/big.txt,35127296,131072
57,057_none_phase_change_run17,none,phase_change,270,1778267688.0394123,/big.txt,35258368,131072
57,057_none_phase_change_run17,none,phase_change,271,1778267688.0416272,/big.txt,35389440,131072
57,057_none_phase_change_run17,none,phase_change,272,1778267688.043875,/big.txt,35520512,131072
57,057_none_phase_change_run17,none,phase_change,273,1778267688.0460908,/big.txt,35651584,131072
57,057_none_phase_change_run17,none,phase_change,274,1778267688.048308,/big.txt,35782656,131072
57,057_none_phase_change_run17,none,phase_change,275,1778267688.0505342,/big.txt,35913728,131072
57,057_none_phase_change_run17,none,phase_change,276,1778267688.052861,/big.txt,36044800,131072
57,057_none_phase_change_run17,none,phase_change,277,1778267688.0550888,/big.txt,36175872,131072
57,057_none_phase_change_run17,none,phase_change,278,1778267688.0572968,/big.txt,36306944,131072
57,057_none_phase_change_run17,none,phase_change,279,1778267688.0595112,/big.txt,36438016,131072
57,057_none_phase_change_run17,none,phase_change,280,1778267688.0617254,/big.txt,36569088,131072
57,057_none_phase_change_run17,none,phase_change,281,1778267688.0639694,/big.txt,36700160,131072
57,057_none_phase_change_run17,none,phase_change,282,1778267688.0661826,/big.txt,36831232,131072
57,057_none_phase_change_run17,none,phase_change,283,1778267688.0684013,/big.txt,36962304,131072
57,057_none_phase_change_run17,none,phase_change,284,1778267688.070604,/big.txt,37093376,131072
57,057_none_phase_change_run17,none,phase_change,285,1778267688.0728097,/big.txt,37224448,131072
57,057_none_phase_change_run17,none,phase_change,286,1778267688.0750334,/big.txt,37355520,131072
57,057_none_phase_change_run17,none,phase_change,287,1778267688.0772474,/big.txt,37486592,131072
57,057_none_phase_change_run17,none,phase_change,288,1778267688.0794384,/big.txt,37617664,131072
57,057_none_phase_change_run17,none,phase_change,289,1778267688.0816326,/big.txt,37748736,131072
57,057_none_phase_change_run17,none,phase_change,290,1778267688.0838482,/big.txt,37879808,131072
57,057_none_phase_change_run17,none,phase_change,291,1778267688.0860474,/big.txt,38010880,131072
57,057_none_phase_change_run17,none,phase_change,292,1778267688.0882668,/big.txt,38141952,131072
57,057_none_phase_change_run17,none,phase_change,293,1778267688.0904868,/big.txt,38273024,131072
57,057_none_phase_change_run17,none,phase_change,294,1778267688.0926735,/big.txt,38404096,131072
57,057_none_phase_change_run17,none,phase_change,295,1778267688.0948932,/big.txt,38535168,131072
57,057_none_phase_change_run17,none,phase_change,296,1778267688.0971117,/big.txt,38666240,131072
57,057_none_phase_change_run17,none,phase_change,297,1778267688.0994425,/big.txt,38797312,131072
57,057_none_phase_change_run17,none,phase_change,298,1778267688.1016583,/big.txt,38928384,131072
57,057_none_phase_change_run17,none,phase_change,299,1778267688.1038995,/big.txt,39059456,131072
57,057_none_phase_change_run17,none,phase_change,300,1778267688.1061444,/big.txt,39190528,131072
57,057_none_phase_change_run17,none,phase_change,301,1778267688.1083903,/big.txt,39321600,131072
57,057_none_phase_change_run17,none,phase_change,302,1778267688.110616,/big.txt,39452672,131072
57,057_none_phase_change_run17,none,phase_change,303,1778267688.112832,/big.txt,39583744,131072
57,057_none_phase_change_run17,none,phase_change,304,1778267688.1151464,/big.txt,39714816,131072
57,057_none_phase_change_run17,none,phase_change,305,1778267688.1173697,/big.txt,39845888,131072
57,057_none_phase_change_run17,none,phase_change,306,1778267688.1195848,/big.txt,39976960,131072
57,057_none_phase_change_run17,none,phase_change,307,1778267688.121802,/big.txt,40108032,131072
57,057_none_phase_change_run17,none,phase_change,308,1778267688.124045,/big.txt,40239104,131072
57,057_none_phase_change_run17,none,phase_change,309,1778267688.1262577,/big.txt,40370176,131072
57,057_none_phase_change_run17,none,phase_change,310,1778267688.128467,/big.txt,40501248,131072
57,057_none_phase_change_run17,none,phase_change,311,1778267688.130718,/big.txt,40632320,131072
57,057_none_phase_change_run17,none,phase_change,312,1778267688.1352875,/big.txt,40763392,131072
57,057_none_phase_change_run17,none,phase_change,313,1778267688.1397781,/big.txt,40894464,131072
57,057_none_phase_change_run17,none,phase_change,314,1778267688.1432004,/big.txt,41025536,131072
57,057_none_phase_change_run17,none,phase_change,315,1778267688.1454196,/big.txt,41156608,131072
57,057_none_phase_change_run17,none,phase_change,316,1778267688.147627,/big.txt,41287680,131072
57,057_none_phase_change_run17,none,phase_change,317,1778267688.1498358,/big.txt,41418752,131072
57,057_none_phase_change_run17,none,phase_change,318,1778267688.1520593,/big.txt,41549824,131072
57,057_none_phase_change_run17,none,phase_change,319,1778267688.1542878,/big.txt,41680896,131072
57,057_none_phase_change_run17,none,phase_change,320,1778267688.1565278,/big.txt,41811968,131072
57,057_none_phase_change_run17,none,phase_change,321,1778267688.158739,/big.txt,41943040,131072
57,057_none_phase_change_run17,none,phase_change,322,1778267688.1609752,/big.txt,42074112,131072
57,057_none_phase_change_run17,none,phase_change,323,1778267688.163303,/big.txt,42205184,131072
57,057_none_phase_change_run17,none,phase_change,324,1778267688.165523,/big.txt,42336256,131072
57,057_none_phase_change_run17,none,phase_change,325,1778267688.1677256,/big.txt,42467328,131072
57,057_none_phase_change_run17,none,phase_change,326,1778267688.1699233,/big.txt,42598400,131072
57,057_none_phase_change_run17,none,phase_change,327,1778267688.1721444,/big.txt,42729472,131072
57,057_none_phase_change_run17,none,phase_change,328,1778267688.1743555,/big.txt,42860544,131072
57,057_none_phase_change_run17,none,phase_change,329,1778267688.176563,/big.txt,42991616,131072
57,057_none_phase_change_run17,none,phase_change,330,1778267688.178861,/big.txt,43122688,131072
57,057_none_phase_change_run17,none,phase_change,331,1778267688.1810555,/big.txt,43253760,131072
57,057_none_phase_change_run17,none,phase_change,332,1778267688.183274,/big.txt,43384832,131072
57,057_none_phase_change_run17,none,phase_change,333,1778267688.1854904,/big.txt,43515904,131072
57,057_none_phase_change_run17,none,phase_change,334,1778267688.1877077,/big.txt,43646976,131072
57,057_none_phase_change_run17,none,phase_change,335,1778267688.1899269,/big.txt,43778048,131072
57,057_none_phase_change_run17,none,phase_change,336,1778267688.1921368,/big.txt,43909120,131072
57,057_none_phase_change_run17,none,phase_change,337,1778267688.1943564,/big.txt,44040192,131072
57,057_none_phase_change_run17,none,phase_change,338,1778267688.19661,/big.txt,44171264,131072
57,057_none_phase_change_run17,none,phase_change,339,1778267688.1989555,/big.txt,44302336,131072
57,057_none_phase_change_run17,none,phase_change,340,1778267688.2011802,/big.txt,44433408,131072
57,057_none_phase_change_run17,none,phase_change,341,1778267688.2033875,/big.txt,44564480,131072
57,057_none_phase_change_run17,none,phase_change,342,1778267688.2055912,/big.txt,44695552,131072
57,057_none_phase_change_run17,none,phase_change,343,1778267688.2078834,/big.txt,44826624,131072
57,057_none_phase_change_run17,none,phase_change,344,1778267688.2101305,/big.txt,44957696,131072
57,057_none_phase_change_run17,none,phase_change,345,1778267688.212375,/big.txt,45088768,131072
57,057_none_phase_change_run17,none,phase_change,346,1778267688.2145994,/big.txt,45219840,131072
57,057_none_phase_change_run17,none,phase_change,347,1778267688.216928,/big.txt,45350912,131072
57,057_none_phase_change_run17,none,phase_change,348,1778267688.219134,/big.txt,45481984,131072
57,057_none_phase_change_run17,none,phase_change,349,1778267688.2213535,/big.txt,45613056,131072
57,057_none_phase_change_run17,none,phase_change,350,1778267688.2235672,/big.txt,45744128,131072
57,057_none_phase_change_run17,none,phase_change,351,1778267688.225791,/big.txt,45875200,131072
57,057_none_phase_change_run17,none,phase_change,352,1778267688.228009,/big.txt,46006272,131072
57,057_none_phase_change_run17,none,phase_change,353,1778267688.2302098,/big.txt,46137344,131072
57,057_none_phase_change_run17,none,phase_change,354,1778267688.2324219,/big.txt,46268416,131072
57,057_none_phase_change_run17,none,phase_change,355,1778267688.23462,/big.txt,46399488,131072
57,057_none_phase_change_run17,none,phase_change,356,1778267688.2368464,/big.txt,46530560,131072
57,057_none_phase_change_run17,none,phase_change,357,1778267688.2390454,/big.txt,46661632,131072
57,057_none_phase_change_run17,none,phase_change,358,1778267688.2412531,/big.txt,46792704,131072
57,057_none_phase_change_run17,none,phase_change,359,1778267688.2434611,/big.txt,46923776,131072
57,057_none_phase_change_run17,none,phase_change,360,1778267688.2456777,/big.txt,47054848,131072
57,057_none_phase_change_run17,none,phase_change,361,1778267688.2478902,/big.txt,47185920,131072
57,057_none_phase_change_run17,none,phase_change,362,1778267688.250113,/big.txt,47316992,131072
57,057_none_phase_change_run17,none,phase_change,363,1778267688.2523222,/big.txt,47448064,131072
57,057_none_phase_change_run17,none,phase_change,364,1778267688.2545516,/big.txt,47579136,131072
57,057_none_phase_change_run17,none,phase_change,365,1778267688.2568123,/big.txt,47710208,131072
57,057_none_phase_change_run17,none,phase_change,366,1778267688.2590294,/big.txt,47841280,131072
57,057_none_phase_change_run17,none,phase_change,367,1778267688.2612512,/big.txt,47972352,131072
57,057_none_phase_change_run17,none,phase_change,368,1778267688.263464,/big.txt,48103424,131072
57,057_none_phase_change_run17,none,phase_change,369,1778267688.2656853,/big.txt,48234496,131072
57,057_none_phase_change_run17,none,phase_change,370,1778267688.2678998,/big.txt,48365568,131072
57,057_none_phase_change_run17,none,phase_change,371,1778267688.270122,/big.txt,48496640,131072
57,057_none_phase_change_run17,none,phase_change,372,1778267688.272372,/big.txt,48627712,131072
57,057_none_phase_change_run17,none,phase_change,373,1778267688.2745767,/big.txt,48758784,131072
57,057_none_phase_change_run17,none,phase_change,374,1778267688.276839,/big.txt,48889856,131072
57,057_none_phase_change_run17,none,phase_change,375,1778267688.2790756,/big.txt,49020928,131072
57,057_none_phase_change_run17,none,phase_change,376,1778267688.2812724,/big.txt,49152000,131072
57,057_none_phase_change_run17,none,phase_change,377,1778267688.2857008,/big.txt,49283072,131072
57,057_none_phase_change_run17,none,phase_change,378,1778267688.290271,/big.txt,49414144,131072
57,057_none_phase_change_run17,none,phase_change,379,1778267688.2948685,/big.txt,49545216,131072
57,057_none_phase_change_run17,none,phase_change,380,1778267688.2971098,/big.txt,49676288,131072
57,057_none_phase_change_run17,none,phase_change,381,1778267688.299349,/big.txt,49807360,131072
57,057_none_phase_change_run17,none,phase_change,382,1778267688.3015695,/big.txt,49938432,131072
57,057_none_phase_change_run17,none,phase_change,383,1778267688.3037853,/big.txt,50069504,131072
57,057_none_phase_change_run17,none,phase_change,384,1778267688.306006,/big.txt,50200576,131072
57,057_none_phase_change_run17,none,phase_change,385,1778267688.308216,/big.txt,50331648,131072
57,057_none_phase_change_run17,none,phase_change,386,1778267688.3104327,/big.txt,50462720,131072
57,057_none_phase_change_run17,none,phase_change,387,1778267688.312629,/big.txt,50593792,131072
57,057_none_phase_change_run17,none,phase_change,388,1778267688.3148541,/big.txt,50724864,131072
57,057_none_phase_change_run17,none,phase_change,389,1778267688.3170679,/big.txt,50855936,131072
57,057_none_phase_change_run17,none,phase_change,390,1778267688.319353,/big.txt,50987008,131072
57,057_none_phase_change_run17,none,phase_change,391,1778267688.3215678,/big.txt,51118080,131072
57,057_none_phase_change_run17,none,phase_change,392,1778267688.3237936,/big.txt,51249152,131072
57,057_none_phase_change_run17,none,phase_change,393,1778267688.326013,/big.txt,51380224,131072
57,057_none_phase_change_run17,none,phase_change,394,1778267688.3282433,/big.txt,51511296,131072
57,057_none_phase_change_run17,none,phase_change,395,1778267688.330456,/big.txt,51642368,131072
57,057_none_phase_change_run17,none,phase_change,396,1778267688.332632,/big.txt,51773440,131072
57,057_none_phase_change_run17,none,phase_change,397,1778267688.334914,/big.txt,51904512,131072
57,057_none_phase_change_run17,none,phase_change,398,1778267688.3371346,/big.txt,52035584,131072
57,057_none_phase_change_run17,none,phase_change,399,1778267688.3393679,/big.txt,52166656,131072
57,057_none_phase_change_run17,none,phase_change,400,1778267688.3415885,/big.txt,52297728,131072
57,057_none_phase_change_run17,none,phase_change,401,1778267688.343839,/big.txt,52428800,131072
57,057_none_phase_change_run17,none,phase_change,402,1778267688.346065,/big.txt,52559872,131072
57,057_none_phase_change_run17,none,phase_change,403,1778267688.348285,/big.txt,52690944,131072
57,057_none_phase_change_run17,none,phase_change,404,1778267688.3504965,/big.txt,52822016,131072
57,057_none_phase_change_run17,none,phase_change,405,1778267688.3527436,/big.txt,52953088,131072
57,057_none_phase_change_run17,none,phase_change,406,1778267688.3550708,/big.txt,53084160,131072
57,057_none_phase_change_run17,none,phase_change,407,1778267688.3572884,/big.txt,53215232,131072
57,057_none_phase_change_run17,none,phase_change,408,1778267688.3595145,/big.txt,53346304,131072
57,057_none_phase_change_run17,none,phase_change,409,1778267688.3617268,/big.txt,53477376,131072
57,057_none_phase_change_run17,none,phase_change,410,1778267688.3639584,/big.txt,53608448,131072
57,057_none_phase_change_run17,none,phase_change,411,1778267688.3661892,/big.txt,53739520,131072
57,057_none_phase_change_run17,none,phase_change,412,1778267688.3684082,/big.txt,53870592,131072
57,057_none_phase_change_run17,none,phase_change,413,1778267688.370622,/big.txt,54001664,131072
57,057_none_phase_change_run17,none,phase_change,414,1778267688.3728619,/big.txt,54132736,131072
57,057_none_phase_change_run17,none,phase_change,415,1778267688.3750775,/big.txt,54263808,131072
57,057_none_phase_change_run17,none,phase_change,416,1778267688.3772428,/big.txt,54394880,131072
57,057_none_phase_change_run17,none,phase_change,417,1778267688.379469,/big.txt,54525952,131072
57,057_none_phase_change_run17,none,phase_change,418,1778267688.3815792,/big.txt,54657024,131072
57,057_none_phase_change_run17,none,phase_change,419,1778267688.3837073,/big.txt,54788096,131072
57,057_none_phase_change_run17,none,phase_change,420,1778267688.3858376,/big.txt,54919168,131072
57,057_none_phase_change_run17,none,phase_change,421,1778267688.387966,/big.txt,55050240,131072
57,057_none_phase_change_run17,none,phase_change,422,1778267688.3900926,/big.txt,55181312,131072
57,057_none_phase_change_run17,none,phase_change,423,1778267688.3922296,/big.txt,55312384,131072
57,057_none_phase_change_run17,none,phase_change,424,1778267688.3943572,/big.txt,55443456,131072
57,057_none_phase_change_run17,none,phase_change,425,1778267688.3964798,/big.txt,55574528,131072
57,057_none_phase_change_run17,none,phase_change,426,1778267688.3986077,/big.txt,55705600,131072
57,057_none_phase_change_run17,none,phase_change,427,1778267688.4007237,/big.txt,55836672,131072
57,057_none_phase_change_run17,none,phase_change,428,1778267688.4028554,/big.txt,55967744,131072
57,057_none_phase_change_run17,none,phase_change,429,1778267688.4049637,/big.txt,56098816,131072
57,057_none_phase_change_run17,none,phase_change,430,1778267688.4071815,/big.txt,56229888,131072
57,057_none_phase_change_run17,none,phase_change,431,1778267688.4092925,/big.txt,56360960,131072
57,057_none_phase_change_run17,none,phase_change,432,1778267688.411414,/big.txt,56492032,131072
57,057_none_phase_change_run17,none,phase_change,433,1778267688.413529,/big.txt,56623104,131072
57,057_none_phase_change_run17,none,phase_change,434,1778267688.4156458,/big.txt,56754176,131072
57,057_none_phase_change_run17,none,phase_change,435,1778267688.4176683,/big.txt,56885248,131072
57,057_none_phase_change_run17,none,phase_change,436,1778267688.419715,/big.txt,57016320,131072
57,057_none_phase_change_run17,none,phase_change,437,1778267688.421751,/big.txt,57147392,131072
57,057_none_phase_change_run17,none,phase_change,438,1778267688.423809,/big.txt,57278464,131072
57,057_none_phase_change_run17,none,phase_change,439,1778267688.42584,/big.txt,57409536,131072
57,057_none_phase_change_run17,none,phase_change,440,1778267688.427881,/big.txt,57540608,131072
57,057_none_phase_change_run17,none,phase_change,441,1778267688.429922,/big.txt,57671680,131072
57,057_none_phase_change_run17,none,phase_change,442,1778267688.4319668,/big.txt,57802752,131072
57,057_none_phase_change_run17,none,phase_change,443,1778267688.4340305,/big.txt,57933824,131072
57,057_none_phase_change_run17,none,phase_change,444,1778267688.436077,/big.txt,58064896,131072
57,057_none_phase_change_run17,none,phase_change,445,1778267688.4381135,/big.txt,58195968,131072
57,057_none_phase_change_run17,none,phase_change,446,1778267688.44017,/big.txt,58327040,131072
57,057_none_phase_change_run17,none,phase_change,447,1778267688.4422202,/big.txt,58458112,131072
57,057_none_phase_change_run17,none,phase_change,448,1778267688.4442525,/big.txt,58589184,131072
57,057_none_phase_change_run17,none,phase_change,449,1778267688.4462898,/big.txt,58720256,131072
57,057_none_phase_change_run17,none,phase_change,450,1778267688.4483259,/big.txt,58851328,131072
57,057_none_phase_change_run17,none,phase_change,451,1778267688.450364,/big.txt,58982400,131072
57,057_none_phase_change_run17,none,phase_change,452,1778267688.4523797,/big.txt,59113472,131072
57,057_none_phase_change_run17,none,phase_change,453,1778267688.4544122,/big.txt,59244544,131072
57,057_none_phase_change_run17,none,phase_change,454,1778267688.4564292,/big.txt,59375616,131072
57,057_none_phase_change_run17,none,phase_change,455,1778267688.4584486,/big.txt,59506688,131072
57,057_none_phase_change_run17,none,phase_change,456,1778267688.4604874,/big.txt,59637760,131072
57,057_none_phase_change_run17,none,phase_change,457,1778267688.462504,/big.txt,59768832,131072
57,057_none_phase_change_run17,none,phase_change,458,1778267688.464511,/big.txt,59899904,131072
57,057_none_phase_change_run17,none,phase_change,459,1778267688.4665592,/big.txt,60030976,131072
57,057_none_phase_change_run17,none,phase_change,460,1778267688.4686441,/big.txt,60162048,131072
57,057_none_phase_change_run17,none,phase_change,461,1778267688.4706812,/big.txt,60293120,131072
57,057_none_phase_change_run17,none,phase_change,462,1778267688.4727287,/big.txt,60424192,131072
57,057_none_phase_change_run17,none,phase_change,463,1778267688.474759,/big.txt,60555264,131072
57,057_none_phase_change_run17,none,phase_change,464,1778267688.4768772,/big.txt,60686336,131072
57,057_none_phase_change_run17,none,phase_change,465,1778267688.4788964,/big.txt,60817408,131072
57,057_none_phase_change_run17,none,phase_change,466,1778267688.4808986,/big.txt,60948480,131072
57,057_none_phase_change_run17,none,phase_change,467,1778267688.4829452,/big.txt,61079552,131072
57,057_none_phase_change_run17,none,phase_change,468,1778267688.4849772,/big.txt,61210624,131072
57,057_none_phase_change_run17,none,phase_change,469,1778267688.487069,/big.txt,61341696,131072
57,057_none_phase_change_run17,none,phase_change,470,1778267688.4891002,/big.txt,61472768,131072
57,057_none_phase_change_run17,none,phase_change,471,1778267688.4911273,/big.txt,61603840,131072
57,057_none_phase_change_run17,none,phase_change,472,1778267688.4931636,/big.txt,61734912,131072
57,057_none_phase_change_run17,none,phase_change,473,1778267688.4951954,/big.txt,61865984,131072
57,057_none_phase_change_run17,none,phase_change,474,1778267688.4972289,/big.txt,61997056,131072
57,057_none_phase_change_run17,none,phase_change,475,1778267688.4993165,/big.txt,62128128,131072
57,057_none_phase_change_run17,none,phase_change,476,1778267688.501357,/big.txt,62259200,131072
57,057_none_phase_change_run17,none,phase_change,477,1778267688.503401,/big.txt,62390272,131072
57,057_none_phase_change_run17,none,phase_change,478,1778267688.5054295,/big.txt,62521344,131072
57,057_none_phase_change_run17,none,phase_change,479,1778267688.5075188,/big.txt,62652416,131072
57,057_none_phase_change_run17,none,phase_change,480,1778267688.5095549,/big.txt,62783488,131072
57,057_none_phase_change_run17,none,phase_change,481,1778267688.5115883,/big.txt,62914560,131072
57,057_none_phase_change_run17,none,phase_change,482,1778267688.513618,/big.txt,63045632,131072
57,057_none_phase_change_run17,none,phase_change,483,1778267688.5156612,/big.txt,63176704,131072
57,057_none_phase_change_run17,none,phase_change,484,1778267688.5176866,/big.txt,63307776,131072
57,057_none_phase_change_run17,none,phase_change,485,1778267688.5197275,/big.txt,63438848,131072
57,057_none_phase_change_run17,none,phase_change,486,1778267688.521757,/big.txt,63569920,131072
57,057_none_phase_change_run17,none,phase_change,487,1778267688.5238004,/big.txt,63700992,131072
57,057_none_phase_change_run17,none,phase_change,488,1778267688.525827,/big.txt,63832064,131072
57,057_none_phase_change_run17,none,phase_change,489,1778267688.5278914,/big.txt,63963136,131072
57,057_none_phase_change_run17,none,phase_change,490,1778267688.5299203,/big.txt,64094208,131072
57,057_none_phase_change_run17,none,phase_change,491,1778267688.532026,/big.txt,64225280,131072
57,057_none_phase_change_run17,none,phase_change,492,1778267688.5340564,/big.txt,64356352,131072
57,057_none_phase_change_run17,none,phase_change,493,1778267688.5361264,/big.txt,64487424,131072
57,057_none_phase_change_run17,none,phase_change,494,1778267688.5381672,/big.txt,64618496,131072
57,057_none_phase_change_run17,none,phase_change,495,1778267688.5402124,/big.txt,64749568,131072
57,057_none_phase_change_run17,none,phase_change,496,1778267688.5422525,/big.txt,64880640,131072
57,057_none_phase_change_run17,none,phase_change,497,1778267688.5442991,/big.txt,65011712,131072
57,057_none_phase_change_run17,none,phase_change,498,1778267688.5463457,/big.txt,65142784,131072
57,057_none_phase_change_run17,none,phase_change,499,1778267688.5483928,/big.txt,65273856,131072
57,057_none_phase_change_run17,none,phase_change,500,1778267688.5504217,/big.txt,65404928,131072
57,057_none_phase_change_run17,none,phase_change,501,1778267688.5524728,/big.txt,65536000,131072
57,057_none_phase_change_run17,none,phase_change,502,1778267688.554511,/big.txt,65667072,131072
57,057_none_phase_change_run17,none,phase_change,503,1778267688.5566344,/big.txt,65798144,131072
57,057_none_phase_change_run17,none,phase_change,504,1778267688.5586514,/big.txt,65929216,131072
57,057_none_phase_change_run17,none,phase_change,505,1778267688.5606804,/big.txt,66060288,131072
57,057_none_phase_change_run17,none,phase_change,506,1778267688.5627222,/big.txt,66191360,131072
57,057_none_phase_change_run17,none,phase_change,507,1778267688.5648205,/big.txt,66322432,131072
57,057_none_phase_change_run17,none,phase_change,508,1778267688.566872,/big.txt,66453504,131072
57,057_none_phase_change_run17,none,phase_change,509,1778267688.568901,/big.txt,66584576,131072
57,057_none_phase_change_run17,none,phase_change,510,1778267688.5709646,/big.txt,66715648,131072
57,057_none_phase_change_run17,none,phase_change,511,1778267688.573004,/big.txt,66846720,131072
57,057_none_phase_change_run17,none,phase_change,512,1778267688.5750978,/big.txt,66977792,131072
57,057_none_phase_change_run17,none,phase_change,513,1778267688.5771337,/big.txt,67108864,131072
57,057_none_phase_change_run17,none,phase_change,514,1778267688.57916,/big.txt,67239936,131072
57,057_none_phase_change_run17,none,phase_change,515,1778267688.581207,/big.txt,67371008,131072
57,057_none_phase_change_run17,none,phase_change,516,1778267688.5832365,/big.txt,67502080,131072
57,057_none_phase_change_run17,none,phase_change,517,1778267688.58526,/big.txt,67633152,131072
57,057_none_phase_change_run17,none,phase_change,518,1778267688.5873384,/big.txt,67764224,131072
57,057_none_phase_change_run17,none,phase_change,519,1778267688.5893602,/big.txt,67895296,131072
57,057_none_phase_change_run17,none,phase_change,520,1778267688.5914004,/big.txt,68026368,131072
57,057_none_phase_change_run17,none,phase_change,521,1778267688.5934353,/big.txt,68157440,131072
57,057_none_phase_change_run17,none,phase_change,522,1778267688.5955026,/big.txt,68288512,131072
57,057_none_phase_change_run17,none,phase_change,523,1778267688.597531,/big.txt,68419584,131072
57,057_none_phase_change_run17,none,phase_change,524,1778267688.5995853,/big.txt,68550656,131072
57,057_none_phase_change_run17,none,phase_change,525,1778267688.6016116,/big.txt,68681728,131072
57,057_none_phase_change_run17,none,phase_change,526,1778267688.6036563,/big.txt,68812800,131072
57,057_none_phase_change_run17,none,phase_change,527,1778267688.60569,/big.txt,68943872,131072
57,057_none_phase_change_run17,none,phase_change,528,1778267688.6077251,/big.txt,69074944,131072
57,057_none_phase_change_run17,none,phase_change,529,1778267688.6097636,/big.txt,69206016,131072
57,057_none_phase_change_run17,none,phase_change,530,1778267688.6117842,/big.txt,69337088,131072
57,057_none_phase_change_run17,none,phase_change,531,1778267688.6137981,/big.txt,69468160,131072
57,057_none_phase_change_run17,none,phase_change,532,1778267688.6158173,/big.txt,69599232,131072
57,057_none_phase_change_run17,none,phase_change,533,1778267688.617843,/big.txt,69730304,131072
57,057_none_phase_change_run17,none,phase_change,534,1778267688.6198876,/big.txt,69861376,131072
57,057_none_phase_change_run17,none,phase_change,535,1778267688.6219153,/big.txt,69992448,131072
57,057_none_phase_change_run17,none,phase_change,536,1778267688.6239593,/big.txt,70123520,131072
57,057_none_phase_change_run17,none,phase_change,537,1778267688.6259842,/big.txt,70254592,131072
57,057_none_phase_change_run17,none,phase_change,538,1778267688.6280422,/big.txt,70385664,131072
57,057_none_phase_change_run17,none,phase_change,539,1778267688.630102,/big.txt,70516736,131072
57,057_none_phase_change_run17,none,phase_change,540,1778267688.6321561,/big.txt,70647808,131072
57,057_none_phase_change_run17,none,phase_change,541,1778267688.63417,/big.txt,70778880,131072
57,057_none_phase_change_run17,none,phase_change,542,1778267688.6362224,/big.txt,70909952,131072
57,057_none_phase_change_run17,none,phase_change,543,1778267688.6382701,/big.txt,71041024,131072
57,057_none_phase_change_run17,none,phase_change,544,1778267688.640312,/big.txt,71172096,131072
57,057_none_phase_change_run17,none,phase_change,545,1778267688.6423423,/big.txt,71303168,131072
57,057_none_phase_change_run17,none,phase_change,546,1778267688.6443853,/big.txt,71434240,131072
57,057_none_phase_change_run17,none,phase_change,547,1778267688.6464138,/big.txt,71565312,131072
57,057_none_phase_change_run17,none,phase_change,548,1778267688.6486285,/big.txt,71696384,131072
57,057_none_phase_change_run17,none,phase_change,549,1778267688.6506658,/big.txt,71827456,131072
57,057_none_phase_change_run17,none,phase_change,550,1778267688.6527019,/big.txt,71958528,131072
57,057_none_phase_change_run17,none,phase_change,551,1778267688.6547182,/big.txt,72089600,131072
57,057_none_phase_change_run17,none,phase_change,552,1778267688.6568391,/big.txt,72220672,131072
57,057_none_phase_change_run17,none,phase_change,553,1778267688.6588972,/big.txt,72351744,131072
57,057_none_phase_change_run17,none,phase_change,554,1778267688.660958,/big.txt,72482816,131072
57,057_none_phase_change_run17,none,phase_change,555,1778267688.6630573,/big.txt,72613888,131072
57,057_none_phase_change_run17,none,phase_change,556,1778267688.6651163,/big.txt,72744960,131072
57,057_none_phase_change_run17,none,phase_change,557,1778267688.6671555,/big.txt,72876032,131072
57,057_none_phase_change_run17,none,phase_change,558,1778267688.6692004,/big.txt,73007104,131072
57,057_none_phase_change_run17,none,phase_change,559,1778267688.6712117,/big.txt,73138176,131072
57,057_none_phase_change_run17,none,phase_change,560,1778267688.6732485,/big.txt,73269248,131072
57,057_none_phase_change_run17,none,phase_change,561,1778267688.6753526,/big.txt,73400320,131072
57,057_none_phase_change_run17,none,phase_change,562,1778267688.6773903,/big.txt,73531392,131072
57,057_none_phase_change_run17,none,phase_change,563,1778267688.679398,/big.txt,73662464,131072
57,057_none_phase_change_run17,none,phase_change,564,1778267688.681431,/big.txt,73793536,131072
57,057_none_phase_change_run17,none,phase_change,565,1778267688.683498,/big.txt,73924608,131072
57,057_none_phase_change_run17,none,phase_change,566,1778267688.6855195,/big.txt,74055680,131072
57,057_none_phase_change_run17,none,phase_change,567,1778267688.687568,/big.txt,74186752,131072
57,057_none_phase_change_run17,none,phase_change,568,1778267688.6896057,/big.txt,74317824,131072
57,057_none_phase_change_run17,none,phase_change,569,1778267688.6916308,/big.txt,74448896,131072
57,057_none_phase_change_run17,none,phase_change,570,1778267688.693659,/big.txt,74579968,131072
57,057_none_phase_change_run17,none,phase_change,571,1778267688.6957169,/big.txt,74711040,131072
57,057_none_phase_change_run17,none,phase_change,572,1778267688.6977415,/big.txt,74842112,131072
57,057_none_phase_change_run17,none,phase_change,573,1778267688.6997778,/big.txt,74973184,131072
57,057_none_phase_change_run17,none,phase_change,574,1778267688.7018287,/big.txt,75104256,131072
57,057_none_phase_change_run17,none,phase_change,575,1778267688.7039056,/big.txt,75235328,131072
57,057_none_phase_change_run17,none,phase_change,576,1778267688.705914,/big.txt,75366400,131072
57,057_none_phase_change_run17,none,phase_change,577,1778267688.70797,/big.txt,75497472,131072
57,057_none_phase_change_run17,none,phase_change,578,1778267688.7099814,/big.txt,75628544,131072
57,057_none_phase_change_run17,none,phase_change,579,1778267688.7120423,/big.txt,75759616,131072
57,057_none_phase_change_run17,none,phase_change,580,1778267688.714082,/big.txt,75890688,131072
57,057_none_phase_change_run17,none,phase_change,581,1778267688.716131,/big.txt,76021760,131072
57,057_none_phase_change_run17,none,phase_change,582,1778267688.7181697,/big.txt,76152832,131072
57,057_none_phase_change_run17,none,phase_change,583,1778267688.7202456,/big.txt,76283904,131072
57,057_none_phase_change_run17,none,phase_change,584,1778267688.7222655,/big.txt,76414976,131072
57,057_none_phase_change_run17,none,phase_change,585,1778267688.7242932,/big.txt,76546048,131072
57,057_none_phase_change_run17,none,phase_change,586,1778267688.726333,/big.txt,76677120,131072
57,057_none_phase_change_run17,none,phase_change,587,1778267688.730449,/big.txt,76808192,131072
57,057_none_phase_change_run17,none,phase_change,588,1778267688.7345557,/big.txt,76939264,131072
57,057_none_phase_change_run17,none,phase_change,589,1778267688.7366614,/big.txt,77070336,131072
57,057_none_phase_change_run17,none,phase_change,590,1778267688.7387,/big.txt,77201408,131072
57,057_none_phase_change_run17,none,phase_change,591,1778267688.740736,/big.txt,77332480,131072
57,057_none_phase_change_run17,none,phase_change,592,1778267688.7427802,/big.txt,77463552,131072
57,057_none_phase_change_run17,none,phase_change,593,1778267688.744785,/big.txt,77594624,131072
57,057_none_phase_change_run17,none,phase_change,594,1778267688.7468464,/big.txt,77725696,131072
57,057_none_phase_change_run17,none,phase_change,595,1778267688.7488823,/big.txt,77856768,131072
57,057_none_phase_change_run17,none,phase_change,596,1778267688.750908,/big.txt,77987840,131072
57,057_none_phase_change_run17,none,phase_change,597,1778267688.7529352,/big.txt,78118912,131072
57,057_none_phase_change_run17,none,phase_change,598,1778267688.7550156,/big.txt,78249984,131072
57,057_none_phase_change_run17,none,phase_change,599,1778267688.7570393,/big.txt,78381056,131072
57,057_none_phase_change_run17,none,phase_change,600,1778267688.7590752,/big.txt,78512128,131072
57,057_none_phase_change_run17,none,phase_change,601,1778267688.761099,/big.txt,78643200,131072
57,057_none_phase_change_run17,none,phase_change,602,1778267688.7631261,/big.txt,78774272,131072
57,057_none_phase_change_run17,none,phase_change,603,1778267688.7651644,/big.txt,78905344,131072
57,057_none_phase_change_run17,none,phase_change,604,1778267688.7671888,/big.txt,79036416,131072
57,057_none_phase_change_run17,none,phase_change,605,1778267688.76923,/big.txt,79167488,131072
57,057_none_phase_change_run17,none,phase_change,606,1778267688.7713025,/big.txt,79298560,131072
57,057_none_phase_change_run17,none,phase_change,607,1778267688.7733366,/big.txt,79429632,131072
57,057_none_phase_change_run17,none,phase_change,608,1778267688.7753642,/big.txt,79560704,131072
57,057_none_phase_change_run17,none,phase_change,609,1778267688.7774062,/big.txt,79691776,131072
57,057_none_phase_change_run17,none,phase_change,610,1778267688.779496,/big.txt,79822848,131072
57,057_none_phase_change_run17,none,phase_change,611,1778267688.7815454,/big.txt,79953920,131072
57,057_none_phase_change_run17,none,phase_change,612,1778267688.7835798,/big.txt,80084992,131072
57,057_none_phase_change_run17,none,phase_change,613,1778267688.7856143,/big.txt,80216064,131072
57,057_none_phase_change_run17,none,phase_change,614,1778267688.7876532,/big.txt,80347136,131072
57,057_none_phase_change_run17,none,phase_change,615,1778267688.7896814,/big.txt,80478208,131072
57,057_none_phase_change_run17,none,phase_change,616,1778267688.7917593,/big.txt,80609280,131072
57,057_none_phase_change_run17,none,phase_change,617,1778267688.7937808,/big.txt,80740352,131072
57,057_none_phase_change_run17,none,phase_change,618,1778267688.7958052,/big.txt,80871424,131072
57,057_none_phase_change_run17,none,phase_change,619,1778267688.7978399,/big.txt,81002496,131072
57,057_none_phase_change_run17,none,phase_change,620,1778267688.7998767,/big.txt,81133568,131072
57,057_none_phase_change_run17,none,phase_change,621,1778267688.8019075,/big.txt,81264640,131072
57,057_none_phase_change_run17,none,phase_change,622,1778267688.803957,/big.txt,81395712,131072
57,057_none_phase_change_run17,none,phase_change,623,1778267688.8059936,/big.txt,81526784,131072
57,057_none_phase_change_run17,none,phase_change,624,1778267688.8080256,/big.txt,81657856,131072
57,057_none_phase_change_run17,none,phase_change,625,1778267688.8100543,/big.txt,81788928,131072
57,057_none_phase_change_run17,none,phase_change,626,1778267688.812081,/big.txt,81920000,131072
57,057_none_phase_change_run17,none,phase_change,627,1778267688.8141127,/big.txt,82051072,131072
57,057_none_phase_change_run17,none,phase_change,628,1778267688.8161354,/big.txt,82182144,131072
57,057_none_phase_change_run17,none,phase_change,629,1778267688.8181827,/big.txt,82313216,131072
57,057_none_phase_change_run17,none,phase_change,630,1778267688.8202107,/big.txt,82444288,131072
57,057_none_phase_change_run17,none,phase_change,631,1778267688.8222437,/big.txt,82575360,131072
57,057_none_phase_change_run17,none,phase_change,632,1778267688.8242724,/big.txt,82706432,131072
57,057_none_phase_change_run17,none,phase_change,633,1778267688.8262985,/big.txt,82837504,131072
57,057_none_phase_change_run17,none,phase_change,634,1778267688.8283308,/big.txt,82968576,131072
57,057_none_phase_change_run17,none,phase_change,635,1778267688.8303769,/big.txt,83099648,131072
57,057_none_phase_change_run17,none,phase_change,636,1778267688.832427,/big.txt,83230720,131072
57,057_none_phase_change_run17,none,phase_change,637,1778267688.8344567,/big.txt,83361792,131072
57,057_none_phase_change_run17,none,phase_change,638,1778267688.8364904,/big.txt,83492864,131072
57,057_none_phase_change_run17,none,phase_change,639,1778267688.838519,/big.txt,83623936,131072
57,057_none_phase_change_run17,none,phase_change,640,1778267688.8405743,/big.txt,83755008,131072
57,057_none_phase_change_run17,none,phase_change,641,1778267688.8426263,/big.txt,83886080,131072
57,057_none_phase_change_run17,none,phase_change,642,1778267688.8446827,/big.txt,84017152,131072
57,057_none_phase_change_run17,none,phase_change,643,1778267688.8467116,/big.txt,84148224,131072
57,057_none_phase_change_run17,none,phase_change,644,1778267688.850897,/big.txt,84279296,131072
57,057_none_phase_change_run17,none,phase_change,645,1778267688.8550253,/big.txt,84410368,131072
57,057_none_phase_change_run17,none,phase_change,646,1778267688.8589685,/big.txt,84541440,131072
57,057_none_phase_change_run17,none,phase_change,647,1778267688.8609889,/big.txt,84672512,131072
57,057_none_phase_change_run17,none,phase_change,648,1778267688.8631482,/big.txt,84803584,131072
57,057_none_phase_change_run17,none,phase_change,649,1778267688.8651857,/big.txt,84934656,131072
57,057_none_phase_change_run17,none,phase_change,650,1778267688.8672187,/big.txt,85065728,131072
57,057_none_phase_change_run17,none,phase_change,651,1778267688.8692863,/big.txt,85196800,131072
57,057_none_phase_change_run17,none,phase_change,652,1778267688.8713248,/big.txt,85327872,131072
57,057_none_phase_change_run17,none,phase_change,653,1778267688.8733542,/big.txt,85458944,131072
57,057_none_phase_change_run17,none,phase_change,654,1778267688.8753762,/big.txt,85590016,131072
57,057_none_phase_change_run17,none,phase_change,655,1778267688.8774157,/big.txt,85721088,131072
57,057_none_phase_change_run17,none,phase_change,656,1778267688.879536,/big.txt,85852160,131072
57,057_none_phase_change_run17,none,phase_change,657,1778267688.881673,/big.txt,85983232,131072
57,057_none_phase_change_run17,none,phase_change,658,1778267688.883842,/big.txt,86114304,131072
57,057_none_phase_change_run17,none,phase_change,659,1778267688.8859446,/big.txt,86245376,131072
57,057_none_phase_change_run17,none,phase_change,660,1778267688.88807,/big.txt,86376448,131072
57,057_none_phase_change_run17,none,phase_change,661,1778267688.8901784,/big.txt,86507520,131072
57,057_none_phase_change_run17,none,phase_change,662,1778267688.892219,/big.txt,86638592,131072
57,057_none_phase_change_run17,none,phase_change,663,1778267688.8942876,/big.txt,86769664,131072
57,057_none_phase_change_run17,none,phase_change,664,1778267688.8963392,/big.txt,86900736,131072
57,057_none_phase_change_run17,none,phase_change,665,1778267688.8983872,/big.txt,87031808,131072
57,057_none_phase_change_run17,none,phase_change,666,1778267688.9004643,/big.txt,87162880,131072
57,057_none_phase_change_run17,none,phase_change,667,1778267688.9024951,/big.txt,87293952,131072
57,057_none_phase_change_run17,none,phase_change,668,1778267688.9045012,/big.txt,87425024,131072
57,057_none_phase_change_run17,none,phase_change,669,1778267688.906532,/big.txt,87556096,131072
57,057_none_phase_change_run17,none,phase_change,670,1778267688.908548,/big.txt,87687168,131072
57,057_none_phase_change_run17,none,phase_change,671,1778267688.9105673,/big.txt,87818240,131072
57,057_none_phase_change_run17,none,phase_change,672,1778267688.9126394,/big.txt,87949312,131072
57,057_none_phase_change_run17,none,phase_change,673,1778267688.9146738,/big.txt,88080384,131072
57,057_none_phase_change_run17,none,phase_change,674,1778267688.916738,/big.txt,88211456,131072
57,057_none_phase_change_run17,none,phase_change,675,1778267688.9189148,/big.txt,88342528,131072
57,057_none_phase_change_run17,none,phase_change,676,1778267688.9209468,/big.txt,88473600,131072
57,057_none_phase_change_run17,none,phase_change,677,1778267688.923001,/big.txt,88604672,131072
57,057_none_phase_change_run17,none,phase_change,678,1778267688.9250314,/big.txt,88735744,131072
57,057_none_phase_change_run17,none,phase_change,679,1778267688.9270706,/big.txt,88866816,131072
57,057_none_phase_change_run17,none,phase_change,680,1778267688.9291017,/big.txt,88997888,131072
57,057_none_phase_change_run17,none,phase_change,681,1778267688.9311583,/big.txt,89128960,131072
57,057_none_phase_change_run17,none,phase_change,682,1778267688.933266,/big.txt,89260032,131072
57,057_none_phase_change_run17,none,phase_change,683,1778267688.9371233,/big.txt,89391104,131072
57,057_none_phase_change_run17,none,phase_change,684,1778267688.9412894,/big.txt,89522176,131072
57,057_none_phase_change_run17,none,phase_change,685,1778267688.9454453,/big.txt,89653248,131072
57,057_none_phase_change_run17,none,phase_change,686,1778267688.9475276,/big.txt,89784320,131072
57,057_none_phase_change_run17,none,phase_change,687,1778267688.9495795,/big.txt,89915392,131072
57,057_none_phase_change_run17,none,phase_change,688,1778267688.9516287,/big.txt,90046464,131072
57,057_none_phase_change_run17,none,phase_change,689,1778267688.9536564,/big.txt,90177536,131072
57,057_none_phase_change_run17,none,phase_change,690,1778267688.955686,/big.txt,90308608,131072
57,057_none_phase_change_run17,none,phase_change,691,1778267688.957712,/big.txt,90439680,131072
57,057_none_phase_change_run17,none,phase_change,692,1778267688.9598203,/big.txt,90570752,131072
57,057_none_phase_change_run17,none,phase_change,693,1778267688.9618778,/big.txt,90701824,131072
57,057_none_phase_change_run17,none,phase_change,694,1778267688.963941,/big.txt,90832896,131072
57,057_none_phase_change_run17,none,phase_change,695,1778267688.965979,/big.txt,90963968,131072
57,057_none_phase_change_run17,none,phase_change,696,1778267688.968051,/big.txt,91095040,131072
57,057_none_phase_change_run17,none,phase_change,697,1778267688.970087,/big.txt,91226112,131072
57,057_none_phase_change_run17,none,phase_change,698,1778267688.9721375,/big.txt,91357184,131072
57,057_none_phase_change_run17,none,phase_change,699,1778267688.9741595,/big.txt,91488256,131072
57,057_none_phase_change_run17,none,phase_change,700,1778267688.9761992,/big.txt,91619328,131072
57,057_none_phase_change_run17,none,phase_change,701,1778267688.9782283,/big.txt,91750400,131072
57,057_none_phase_change_run17,none,phase_change,702,1778267688.98029,/big.txt,91881472,131072
57,057_none_phase_change_run17,none,phase_change,703,1778267688.9823031,/big.txt,92012544,131072
57,057_none_phase_change_run17,none,phase_change,704,1778267688.984359,/big.txt,92143616,131072
57,057_none_phase_change_run17,none,phase_change,705,1778267688.986383,/big.txt,92274688,131072
57,057_none_phase_change_run17,none,phase_change,706,1778267688.988426,/big.txt,92405760,131072
57,057_none_phase_change_run17,none,phase_change,707,1778267688.9904597,/big.txt,92536832,131072
57,057_none_phase_change_run17,none,phase_change,708,1778267688.99248,/big.txt,92667904,131072
57,057_none_phase_change_run17,none,phase_change,709,1778267688.9945107,/big.txt,92798976,131072
57,057_none_phase_change_run17,none,phase_change,710,1778267688.9965625,/big.txt,92930048,131072
57,057_none_phase_change_run17,none,phase_change,711,1778267688.9985824,/big.txt,93061120,131072
57,057_none_phase_change_run17,none,phase_change,712,1778267689.0006323,/big.txt,93192192,131072
57,057_none_phase_change_run17,none,phase_change,713,1778267689.0026684,/big.txt,93323264,131072
57,057_none_phase_change_run17,none,phase_change,714,1778267689.004759,/big.txt,93454336,131072
57,057_none_phase_change_run17,none,phase_change,715,1778267689.0068178,/big.txt,93585408,131072
57,057_none_phase_change_run17,none,phase_change,716,1778267689.0088649,/big.txt,93716480,131072
57,057_none_phase_change_run17,none,phase_change,717,1778267689.0108876,/big.txt,93847552,131072
57,057_none_phase_change_run17,none,phase_change,718,1778267689.0129118,/big.txt,93978624,131072
57,057_none_phase_change_run17,none,phase_change,719,1778267689.0149846,/big.txt,94109696,131072
57,057_none_phase_change_run17,none,phase_change,720,1778267689.0170262,/big.txt,94240768,131072
57,057_none_phase_change_run17,none,phase_change,721,1778267689.0190947,/big.txt,94371840,131072
57,057_none_phase_change_run17,none,phase_change,722,1778267689.0211208,/big.txt,94502912,131072
57,057_none_phase_change_run17,none,phase_change,723,1778267689.0231602,/big.txt,94633984,131072
57,057_none_phase_change_run17,none,phase_change,724,1778267689.0251794,/big.txt,94765056,131072
57,057_none_phase_change_run17,none,phase_change,725,1778267689.0272346,/big.txt,94896128,131072
57,057_none_phase_change_run17,none,phase_change,726,1778267689.0292647,/big.txt,95027200,131072
57,057_none_phase_change_run17,none,phase_change,727,1778267689.031296,/big.txt,95158272,131072
57,057_none_phase_change_run17,none,phase_change,728,1778267689.0333111,/big.txt,95289344,131072
57,057_none_phase_change_run17,none,phase_change,729,1778267689.0354385,/big.txt,95420416,131072
57,057_none_phase_change_run17,none,phase_change,730,1778267689.0374486,/big.txt,95551488,131072
57,057_none_phase_change_run17,none,phase_change,731,1778267689.0394995,/big.txt,95682560,131072
57,057_none_phase_change_run17,none,phase_change,732,1778267689.0415006,/big.txt,95813632,131072
57,057_none_phase_change_run17,none,phase_change,733,1778267689.04355,/big.txt,95944704,131072
57,057_none_phase_change_run17,none,phase_change,734,1778267689.0455663,/big.txt,96075776,131072
57,057_none_phase_change_run17,none,phase_change,735,1778267689.0475965,/big.txt,96206848,131072
57,057_none_phase_change_run17,none,phase_change,736,1778267689.0496206,/big.txt,96337920,131072
57,057_none_phase_change_run17,none,phase_change,737,1778267689.0516787,/big.txt,96468992,131072
57,057_none_phase_change_run17,none,phase_change,738,1778267689.0536988,/big.txt,96600064,131072
57,057_none_phase_change_run17,none,phase_change,739,1778267689.055755,/big.txt,96731136,131072
57,057_none_phase_change_run17,none,phase_change,740,1778267689.0577676,/big.txt,96862208,131072
57,057_none_phase_change_run17,none,phase_change,741,1778267689.0598142,/big.txt,96993280,131072
57,057_none_phase_change_run17,none,phase_change,742,1778267689.0618536,/big.txt,97124352,131072
57,057_none_phase_change_run17,none,phase_change,743,1778267689.0639255,/big.txt,97255424,131072
57,057_none_phase_change_run17,none,phase_change,744,1778267689.0659597,/big.txt,97386496,131072
57,057_none_phase_change_run17,none,phase_change,745,1778267689.0680034,/big.txt,97517568,131072
57,057_none_phase_change_run17,none,phase_change,746,1778267689.0700347,/big.txt,97648640,131072
57,057_none_phase_change_run17,none,phase_change,747,1778267689.0721054,/big.txt,97779712,131072
57,057_none_phase_change_run17,none,phase_change,748,1778267689.0741339,/big.txt,97910784,131072
57,057_none_phase_change_run17,none,phase_change,749,1778267689.0761862,/big.txt,98041856,131072
57,057_none_phase_change_run17,none,phase_change,750,1778267689.0782132,/big.txt,98172928,131072
57,057_none_phase_change_run17,none,phase_change,751,1778267689.0802805,/big.txt,98304000,131072
57,057_none_phase_change_run17,none,phase_change,752,1778267689.082303,/big.txt,98435072,131072
57,057_none_phase_change_run17,none,phase_change,753,1778267689.0843484,/big.txt,98566144,131072
57,057_none_phase_change_run17,none,phase_change,754,1778267689.0863836,/big.txt,98697216,131072
57,057_none_phase_change_run17,none,phase_change,755,1778267689.088443,/big.txt,98828288,131072
57,057_none_phase_change_run17,none,phase_change,756,1778267689.090466,/big.txt,98959360,131072
57,057_none_phase_change_run17,none,phase_change,757,1778267689.092502,/big.txt,99090432,131072
57,057_none_phase_change_run17,none,phase_change,758,1778267689.0945332,/big.txt,99221504,131072
57,057_none_phase_change_run17,none,phase_change,759,1778267689.0965638,/big.txt,99352576,131072
57,057_none_phase_change_run17,none,phase_change,760,1778267689.098594,/big.txt,99483648,131072
57,057_none_phase_change_run17,none,phase_change,761,1778267689.1006851,/big.txt,99614720,131072
57,057_none_phase_change_run17,none,phase_change,762,1778267689.1027226,/big.txt,99745792,131072
57,057_none_phase_change_run17,none,phase_change,763,1778267689.1047707,/big.txt,99876864,131072
57,057_none_phase_change_run17,none,phase_change,764,1778267689.1067917,/big.txt,100007936,131072
57,057_none_phase_change_run17,none,phase_change,765,1778267689.1088219,/big.txt,100139008,131072
57,057_none_phase_change_run17,none,phase_change,766,1778267689.110869,/big.txt,100270080,131072
57,057_none_phase_change_run17,none,phase_change,767,1778267689.1128914,/big.txt,100401152,131072
57,057_none_phase_change_run17,none,phase_change,768,1778267689.1149957,/big.txt,100532224,131072
57,057_none_phase_change_run17,none,phase_change,769,1778267689.1170304,/big.txt,100663296,131072
57,057_none_phase_change_run17,none,phase_change,770,1778267689.119071,/big.txt,100794368,131072
57,057_none_phase_change_run17,none,phase_change,771,1778267689.1210926,/big.txt,100925440,131072
57,057_none_phase_change_run17,none,phase_change,772,1778267689.1231234,/big.txt,101056512,131072
57,057_none_phase_change_run17,none,phase_change,773,1778267689.125154,/big.txt,101187584,131072
57,057_none_phase_change_run17,none,phase_change,774,1778267689.1271927,/big.txt,101318656,131072
57,057_none_phase_change_run17,none,phase_change,775,1778267689.1292222,/big.txt,101449728,131072
57,057_none_phase_change_run17,none,phase_change,776,1778267689.1312814,/big.txt,101580800,131072
57,057_none_phase_change_run17,none,phase_change,777,1778267689.133294,/big.txt,101711872,131072
57,057_none_phase_change_run17,none,phase_change,778,1778267689.1353476,/big.txt,101842944,131072
57,057_none_phase_change_run17,none,phase_change,779,1778267689.1373842,/big.txt,101974016,131072
57,057_none_phase_change_run17,none,phase_change,780,1778267689.1395056,/big.txt,102105088,131072
57,057_none_phase_change_run17,none,phase_change,781,1778267689.1415372,/big.txt,102236160,131072
57,057_none_phase_change_run17,none,phase_change,782,1778267689.1435869,/big.txt,102367232,131072
57,057_none_phase_change_run17,none,phase_change,783,1778267689.1456316,/big.txt,102498304,131072
57,057_none_phase_change_run17,none,phase_change,784,1778267689.1476867,/big.txt,102629376,131072
57,057_none_phase_change_run17,none,phase_change,785,1778267689.1497128,/big.txt,102760448,131072
57,057_none_phase_change_run17,none,phase_change,786,1778267689.1517909,/big.txt,102891520,131072
57,057_none_phase_change_run17,none,phase_change,787,1778267689.1538594,/big.txt,103022592,131072
57,057_none_phase_change_run17,none,phase_change,788,1778267689.155904,/big.txt,103153664,131072
57,057_none_phase_change_run17,none,phase_change,789,1778267689.1579292,/big.txt,103284736,131072
57,057_none_phase_change_run17,none,phase_change,790,1778267689.1599777,/big.txt,103415808,131072
57,057_none_phase_change_run17,none,phase_change,791,1778267689.1620035,/big.txt,103546880,131072
57,057_none_phase_change_run17,none,phase_change,792,1778267689.1640418,/big.txt,103677952,131072
57,057_none_phase_change_run17,none,phase_change,793,1778267689.1660664,/big.txt,103809024,131072
57,057_none_phase_change_run17,none,phase_change,794,1778267689.1681068,/big.txt,103940096,131072
57,057_none_phase_change_run17,none,phase_change,795,1778267689.1701345,/big.txt,104071168,131072
57,057_none_phase_change_run17,none,phase_change,796,1778267689.1721864,/big.txt,104202240,131072
57,057_none_phase_change_run17,none,phase_change,797,1778267689.174222,/big.txt,104333312,131072
57,057_none_phase_change_run17,none,phase_change,798,1778267689.176262,/big.txt,104464384,131072
57,057_none_phase_change_run17,none,phase_change,799,1778267689.1783054,/big.txt,104595456,131072
57,057_none_phase_change_run17,none,phase_change,800,1778267689.1803722,/big.txt,104726528,131072
57,057_none_phase_change_run17,none,phase_change,801,1778267689.1805625,/big.txt,104857600,0
57,057_none_phase_change_run17,none,phase_change,802,1778267689.1843255,/big.txt,20480,4096
57,057_none_phase_change_run17,none,phase_change,803,1778267689.1877847,/big.txt,491520,4096
57,057_none_phase_change_run17,none,phase_change,804,1778267689.1912136,/big.txt,172032,4096
57,057_none_phase_change_run17,none,phase_change,805,1778267689.1945891,/big.txt,1228800,4096
57,057_none_phase_change_run17,none,phase_change,806,1778267689.198168,/big.txt,69632,4096
57,057_none_phase_change_run17,none,phase_change,807,1778267689.2016528,/big.txt,1024000,4096
57,057_none_phase_change_run17,none,phase_change,808,1778267689.2050786,/big.txt,360448,4096
57,057_none_phase_change_run17,none,phase_change,809,1778267689.2084959,/big.txt,778240,4096
57,057_none_phase_change_run17,none,phase_change,810,1778267689.2119536,/big.txt,245760,4096
57,057_none_phase_change_run17,none,phase_change,811,1778267689.2154424,/big.txt,40960,4096
57,057_none_phase_change_run17,none,phase_change,812,1778267689.2188337,/big.txt,1363968,4096
57,057_none_phase_change_run17,none,phase_change,813,1778267689.222233,/big.txt,307200,4096
57,057_none_phase_change_run17,none,phase_change,814,1778267689.2257195,/big.txt,2097152,4096
57,057_none_phase_change_run17,none,phase_change,815,1778267689.2292638,/big.txt,819200,4096
57,057_none_phase_change_run17,none,phase_change,816,1778267689.2326875,/big.txt,1843200,4096
57,057_none_phase_change_run17,none,phase_change,817,1778267689.2361734,/big.txt,405504,4096
57,057_none_phase_change_run17,none,phase_change,818,1778267689.239596,/big.txt,2457600,4096
57,057_none_phase_change_run17,none,phase_change,819,1778267689.2430685,/big.txt,614400,4096
57,057_none_phase_change_run17,none,phase_change,820,1778267689.2464957,/big.txt,2949120,4096
57,057_none_phase_change_run17,none,phase_change,821,1778267689.2498395,/big.txt,1556480,4096
57,057_none_phase_change_run17,none,phase_change,822,1778267689.2533345,/big.txt,102400,4096
57,057_none_phase_change_run17,none,phase_change,823,1778267689.2566733,/big.txt,1966080,4096
57,057_none_phase_change_run17,none,phase_change,824,1778267689.2601774,/big.txt,2621440,4096
57,057_none_phase_change_run17,none,phase_change,825,1778267689.2636466,/big.txt,225280,4096
57,057_none_phase_change_run17,none,phase_change,826,1778267689.267119,/big.txt,3317760,4096
57,057_none_phase_change_run17,none,phase_change,827,1778267689.2706203,/big.txt,0,131072
57,057_none_phase_change_run17,none,phase_change,828,1778267689.2726758,/big.txt,131072,131072
57,057_none_phase_change_run17,none,phase_change,829,1778267689.2747204,/big.txt,262144,131072
57,057_none_phase_change_run17,none,phase_change,830,1778267689.2767775,/big.txt,393216,131072
57,057_none_phase_change_run17,none,phase_change,831,1778267689.2788262,/big.txt,524288,131072
57,057_none_phase_change_run17,none,phase_change,832,1778267689.2808495,/big.txt,655360,131072
57,057_none_phase_change_run17,none,phase_change,833,1778267689.2829835,/big.txt,786432,131072
57,057_none_phase_change_run17,none,phase_change,834,1778267689.2850149,/big.txt,917504,131072
57,057_none_phase_change_run17,none,phase_change,835,1778267689.2870526,/big.txt,1048576,131072
57,057_none_phase_change_run17,none,phase_change,836,1778267689.2890894,/big.txt,1179648,131072
57,057_none_phase_change_run17,none,phase_change,837,1778267689.2911289,/big.txt,1310720,131072
57,057_none_phase_change_run17,none,phase_change,838,1778267689.2931619,/big.txt,1441792,131072
57,057_none_phase_change_run17,none,phase_change,839,1778267689.2963862,/big.txt,1572864,131072
57,057_none_phase_change_run17,none,phase_change,840,1778267689.3005815,/big.txt,1703936,131072
57,057_none_phase_change_run17,none,phase_change,841,1778267689.3047438,/big.txt,1835008,131072
57,057_none_phase_change_run17,none,phase_change,842,1778267689.307316,/big.txt,1966080,131072
57,057_none_phase_change_run17,none,phase_change,843,1778267689.3093677,/big.txt,2097152,131072
57,057_none_phase_change_run17,none,phase_change,844,1778267689.311392,/big.txt,2228224,131072
57,057_none_phase_change_run17,none,phase_change,845,1778267689.3134296,/big.txt,2359296,131072
57,057_none_phase_change_run17,none,phase_change,846,1778267689.3154762,/big.txt,2490368,131072
57,057_none_phase_change_run17,none,phase_change,847,1778267689.3175247,/big.txt,2621440,131072
57,057_none_phase_change_run17,none,phase_change,848,1778267689.3195817,/big.txt,2752512,131072
57,057_none_phase_change_run17,none,phase_change,849,1778267689.3216205,/big.txt,2883584,131072
57,057_none_phase_change_run17,none,phase_change,850,1778267689.3236535,/big.txt,3014656,131072
57,057_none_phase_change_run17,none,phase_change,851,1778267689.3256922,/big.txt,3145728,131072
57,057_none_phase_change_run17,none,phase_change,852,1778267689.3277326,/big.txt,3276800,131072
57,057_none_phase_change_run17,none,phase_change,853,1778267689.3297632,/big.txt,3407872,131072
57,057_none_phase_change_run17,none,phase_change,854,1778267689.3318381,/big.txt,3538944,131072
57,057_none_phase_change_run17,none,phase_change,855,1778267689.3339028,/big.txt,3670016,131072
57,057_none_phase_change_run17,none,phase_change,856,1778267689.335954,/big.txt,3801088,131072
57,057_none_phase_change_run17,none,phase_change,857,1778267689.3379803,/big.txt,3932160,131072
57,057_none_phase_change_run17,none,phase_change,858,1778267689.340022,/big.txt,4063232,131072
57,057_none_phase_change_run17,none,phase_change,859,1778267689.342079,/big.txt,4194304,131072
57,057_none_phase_change_run17,none,phase_change,860,1778267689.344118,/big.txt,4325376,131072
57,057_none_phase_change_run17,none,phase_change,861,1778267689.3461607,/big.txt,4456448,131072
57,057_none_phase_change_run17,none,phase_change,862,1778267689.3482168,/big.txt,4587520,131072
57,057_none_phase_change_run17,none,phase_change,863,1778267689.350257,/big.txt,4718592,131072
57,057_none_phase_change_run17,none,phase_change,864,1778267689.352295,/big.txt,4849664,131072
57,057_none_phase_change_run17,none,phase_change,865,1778267689.3543348,/big.txt,4980736,131072
57,057_none_phase_change_run17,none,phase_change,866,1778267689.356062,/big.txt,5111808,131072
57,057_none_phase_change_run17,none,phase_change,867,1778267689.3572648,/big.txt,5242880,131072
57,057_none_phase_change_run17,none,phase_change,868,1778267689.3584847,/big.txt,5373952,131072
57,057_none_phase_change_run17,none,phase_change,869,1778267689.3597045,/big.txt,5505024,131072
57,057_none_phase_change_run17,none,phase_change,870,1778267689.3609438,/big.txt,5636096,131072
57,057_none_phase_change_run17,none,phase_change,871,1778267689.3621635,/big.txt,5767168,131072
57,057_none_phase_change_run17,none,phase_change,872,1778267689.363445,/big.txt,5898240,131072
57,057_none_phase_change_run17,none,phase_change,873,1778267689.3646615,/big.txt,6029312,131072
57,057_none_phase_change_run17,none,phase_change,874,1778267689.36588,/big.txt,6160384,131072
57,057_none_phase_change_run17,none,phase_change,875,1778267689.3671236,/big.txt,6291456,131072
57,057_none_phase_change_run17,none,phase_change,876,1778267689.368342,/big.txt,6422528,131072
57,057_none_phase_change_run17,none,phase_change,877,1778267689.3695405,/big.txt,6553600,131072
57,057_none_phase_change_run17,none,phase_change,878,1778267689.3707461,/big.txt,6684672,131072
57,057_none_phase_change_run17,none,phase_change,879,1778267689.37207,/big.txt,6815744,131072
57,057_none_phase_change_run17,none,phase_change,880,1778267689.3732917,/big.txt,6946816,131072
57,057_none_phase_change_run17,none,phase_change,881,1778267689.3744984,/big.txt,7077888,131072
57,057_none_phase_change_run17,none,phase_change,882,1778267689.3757148,/big.txt,7208960,131072
57,057_none_phase_change_run17,none,phase_change,883,1778267689.3769321,/big.txt,7340032,131072
57,057_none_phase_change_run17,none,phase_change,884,1778267689.378139,/big.txt,7471104,131072
57,057_none_phase_change_run17,none,phase_change,885,1778267689.3793979,/big.txt,7602176,131072
57,057_none_phase_change_run17,none,phase_change,886,1778267689.3806112,/big.txt,7733248,131072
57,057_none_phase_change_run17,none,phase_change,887,1778267689.381822,/big.txt,7864320,131072
57,057_none_phase_change_run17,none,phase_change,888,1778267689.3830736,/big.txt,7995392,131072
57,057_none_phase_change_run17,none,phase_change,889,1778267689.3842866,/big.txt,8126464,131072
57,057_none_phase_change_run17,none,phase_change,890,1778267689.3854995,/big.txt,8257536,131072
57,057_none_phase_change_run17,none,phase_change,891,1778267689.3867047,/big.txt,8388608,131072
57,057_none_phase_change_run17,none,phase_change,892,1778267689.388008,/big.txt,8519680,131072
57,057_none_phase_change_run17,none,phase_change,893,1778267689.3892226,/big.txt,8650752,131072
57,057_none_phase_change_run17,none,phase_change,894,1778267689.39043,/big.txt,8781824,131072
57,057_none_phase_change_run17,none,phase_change,895,1778267689.391698,/big.txt,8912896,131072
57,057_none_phase_change_run17,none,phase_change,896,1778267689.3929348,/big.txt,9043968,131072
57,057_none_phase_change_run17,none,phase_change,897,1778267689.394203,/big.txt,9175040,131072
57,057_none_phase_change_run17,none,phase_change,898,1778267689.3954597,/big.txt,9306112,131072
57,057_none_phase_change_run17,none,phase_change,899,1778267689.3967094,/big.txt,9437184,131072
57,057_none_phase_change_run17,none,phase_change,900,1778267689.3979497,/big.txt,9568256,131072
57,057_none_phase_change_run17,none,phase_change,901,1778267689.3993335,/big.txt,9699328,131072
57,057_none_phase_change_run17,none,phase_change,902,1778267689.4005826,/big.txt,9830400,131072
57,057_none_phase_change_run17,none,phase_change,903,1778267689.4018269,/big.txt,9961472,131072
57,057_none_phase_change_run17,none,phase_change,904,1778267689.4030669,/big.txt,10092544,131072
57,057_none_phase_change_run17,none,phase_change,905,1778267689.4043057,/big.txt,10223616,131072
57,057_none_phase_change_run17,none,phase_change,906,1778267689.405545,/big.txt,10354688,131072
57,057_none_phase_change_run17,none,phase_change,907,1778267689.4067907,/big.txt,10485760,131072
57,057_none_phase_change_run17,none,phase_change,908,1778267689.4080327,/big.txt,10616832,131072
57,057_none_phase_change_run17,none,phase_change,909,1778267689.4092824,/big.txt,10747904,131072
57,057_none_phase_change_run17,none,phase_change,910,1778267689.4105263,/big.txt,10878976,131072
57,057_none_phase_change_run17,none,phase_change,911,1778267689.4117723,/big.txt,11010048,131072
57,057_none_phase_change_run17,none,phase_change,912,1778267689.413017,/big.txt,11141120,131072
57,057_none_phase_change_run17,none,phase_change,913,1778267689.4142628,/big.txt,11272192,131072
57,057_none_phase_change_run17,none,phase_change,914,1778267689.4155338,/big.txt,11403264,131072
57,057_none_phase_change_run17,none,phase_change,915,1778267689.416843,/big.txt,11534336,131072
57,057_none_phase_change_run17,none,phase_change,916,1778267689.4180896,/big.txt,11665408,131072
57,057_none_phase_change_run17,none,phase_change,917,1778267689.4193385,/big.txt,11796480,131072
57,057_none_phase_change_run17,none,phase_change,918,1778267689.4205954,/big.txt,11927552,131072
57,057_none_phase_change_run17,none,phase_change,919,1778267689.4218419,/big.txt,12058624,131072
57,057_none_phase_change_run17,none,phase_change,920,1778267689.4230824,/big.txt,12189696,131072
57,057_none_phase_change_run17,none,phase_change,921,1778267689.4243257,/big.txt,12320768,131072
57,057_none_phase_change_run17,none,phase_change,922,1778267689.4255846,/big.txt,12451840,131072
57,057_none_phase_change_run17,none,phase_change,923,1778267689.4269185,/big.txt,12582912,131072
57,057_none_phase_change_run17,none,phase_change,924,1778267689.4281704,/big.txt,12713984,131072
57,057_none_phase_change_run17,none,phase_change,925,1778267689.4294252,/big.txt,12845056,131072
57,057_none_phase_change_run17,none,phase_change,926,1778267689.4306788,/big.txt,12976128,131072
57,057_none_phase_change_run17,none,phase_change,927,1778267689.4319437,/big.txt,13107200,131072
57,057_none_phase_change_run17,none,phase_change,928,1778267689.4331918,/big.txt,13238272,131072
57,057_none_phase_change_run17,none,phase_change,929,1778267689.4344242,/big.txt,13369344,131072
57,057_none_phase_change_run17,none,phase_change,930,1778267689.4356754,/big.txt,13500416,131072
57,057_none_phase_change_run17,none,phase_change,931,1778267689.436927,/big.txt,13631488,131072
57,057_none_phase_change_run17,none,phase_change,932,1778267689.438168,/big.txt,13762560,131072
57,057_none_phase_change_run17,none,phase_change,933,1778267689.4394221,/big.txt,13893632,131072
57,057_none_phase_change_run17,none,phase_change,934,1778267689.4406834,/big.txt,14024704,131072
57,057_none_phase_change_run17,none,phase_change,935,1778267689.441918,/big.txt,14155776,131072
57,057_none_phase_change_run17,none,phase_change,936,1778267689.4432015,/big.txt,14286848,131072
57,057_none_phase_change_run17,none,phase_change,937,1778267689.4444473,/big.txt,14417920,131072
57,057_none_phase_change_run17,none,phase_change,938,1778267689.4456842,/big.txt,14548992,131072
57,057_none_phase_change_run17,none,phase_change,939,1778267689.4469216,/big.txt,14680064,131072
57,057_none_phase_change_run17,none,phase_change,940,1778267689.4481697,/big.txt,14811136,131072
57,057_none_phase_change_run17,none,phase_change,941,1778267689.4494128,/big.txt,14942208,131072
57,057_none_phase_change_run17,none,phase_change,942,1778267689.4506452,/big.txt,15073280,131072
57,057_none_phase_change_run17,none,phase_change,943,1778267689.4518971,/big.txt,15204352,131072
57,057_none_phase_change_run17,none,phase_change,944,1778267689.45313,/big.txt,15335424,131072
57,057_none_phase_change_run17,none,phase_change,945,1778267689.4543667,/big.txt,15466496,131072
57,057_none_phase_change_run17,none,phase_change,946,1778267689.4556358,/big.txt,15597568,131072
57,057_none_phase_change_run17,none,phase_change,947,1778267689.4569447,/big.txt,15728640,131072
57,057_none_phase_change_run17,none,phase_change,948,1778267689.458193,/big.txt,15859712,131072
57,057_none_phase_change_run17,none,phase_change,949,1778267689.4594417,/big.txt,15990784,131072
57,057_none_phase_change_run17,none,phase_change,950,1778267689.4607008,/big.txt,16121856,131072
57,057_none_phase_change_run17,none,phase_change,951,1778267689.4619477,/big.txt,16252928,131072
57,057_none_phase_change_run17,none,phase_change,952,1778267689.4632833,/big.txt,16384000,131072
57,057_none_phase_change_run17,none,phase_change,953,1778267689.4645302,/big.txt,16515072,131072
57,057_none_phase_change_run17,none,phase_change,954,1778267689.4657643,/big.txt,16646144,131072
57,057_none_phase_change_run17,none,phase_change,955,1778267689.4670076,/big.txt,16777216,131072
57,057_none_phase_change_run17,none,phase_change,956,1778267689.468255,/big.txt,16908288,131072
57,057_none_phase_change_run17,none,phase_change,957,1778267689.4694908,/big.txt,17039360,131072
57,057_none_phase_change_run17,none,phase_change,958,1778267689.47073,/big.txt,17170432,131072
57,057_none_phase_change_run17,none,phase_change,959,1778267689.4719663,/big.txt,17301504,131072
57,057_none_phase_change_run17,none,phase_change,960,1778267689.4732242,/big.txt,17432576,131072
57,057_none_phase_change_run17,none,phase_change,961,1778267689.4744713,/big.txt,17563648,131072
57,057_none_phase_change_run17,none,phase_change,962,1778267689.4757068,/big.txt,17694720,131072
57,057_none_phase_change_run17,none,phase_change,963,1778267689.4769592,/big.txt,17825792,131072
57,057_none_phase_change_run17,none,phase_change,964,1778267689.478205,/big.txt,17956864,131072
57,057_none_phase_change_run17,none,phase_change,965,1778267689.4794602,/big.txt,18087936,131072
57,057_none_phase_change_run17,none,phase_change,966,1778267689.4807127,/big.txt,18219008,131072
57,057_none_phase_change_run17,none,phase_change,967,1778267689.4819512,/big.txt,18350080,131072
57,057_none_phase_change_run17,none,phase_change,968,1778267689.4832196,/big.txt,18481152,131072
57,057_none_phase_change_run17,none,phase_change,969,1778267689.4844806,/big.txt,18612224,131072
57,057_none_phase_change_run17,none,phase_change,970,1778267689.4857187,/big.txt,18743296,131072
57,057_none_phase_change_run17,none,phase_change,971,1778267689.486969,/big.txt,18874368,131072
57,057_none_phase_change_run17,none,phase_change,972,1778267689.4882243,/big.txt,19005440,131072
57,057_none_phase_change_run17,none,phase_change,973,1778267689.489463,/big.txt,19136512,131072
57,057_none_phase_change_run17,none,phase_change,974,1778267689.4907005,/big.txt,19267584,131072
57,057_none_phase_change_run17,none,phase_change,975,1778267689.4920168,/big.txt,19398656,131072
57,057_none_phase_change_run17,none,phase_change,976,1778267689.493266,/big.txt,19529728,131072
57,057_none_phase_change_run17,none,phase_change,977,1778267689.4945076,/big.txt,19660800,131072
57,057_none_phase_change_run17,none,phase_change,978,1778267689.4957235,/big.txt,19791872,131072
57,057_none_phase_change_run17,none,phase_change,979,1778267689.4969678,/big.txt,19922944,131072
57,057_none_phase_change_run17,none,phase_change,980,1778267689.4982078,/big.txt,20054016,131072
57,057_none_phase_change_run17,none,phase_change,981,1778267689.499453,/big.txt,20185088,131072
57,057_none_phase_change_run17,none,phase_change,982,1778267689.5007052,/big.txt,20316160,131072
57,057_none_phase_change_run17,none,phase_change,983,1778267689.501946,/big.txt,20447232,131072
57,057_none_phase_change_run17,none,phase_change,984,1778267689.5031881,/big.txt,20578304,131072
57,057_none_phase_change_run17,none,phase_change,985,1778267689.5044358,/big.txt,20709376,131072
57,057_none_phase_change_run17,none,phase_change,986,1778267689.505673,/big.txt,20840448,131072
57,057_none_phase_change_run17,none,phase_change,987,1778267689.5069516,/big.txt,20971520,131072
57,057_none_phase_change_run17,none,phase_change,988,1778267689.5082078,/big.txt,21102592,131072
57,057_none_phase_change_run17,none,phase_change,989,1778267689.5094519,/big.txt,21233664,131072
57,057_none_phase_change_run17,none,phase_change,990,1778267689.5107093,/big.txt,21364736,131072
57,057_none_phase_change_run17,none,phase_change,991,1778267689.511967,/big.txt,21495808,131072
57,057_none_phase_change_run17,none,phase_change,992,1778267689.5132098,/big.txt,21626880,131072
57,057_none_phase_change_run17,none,phase_change,993,1778267689.51446,/big.txt,21757952,131072
57,057_none_phase_change_run17,none,phase_change,994,1778267689.5157213,/big.txt,21889024,131072
57,057_none_phase_change_run17,none,phase_change,995,1778267689.516964,/big.txt,22020096,131072
57,057_none_phase_change_run17,none,phase_change,996,1778267689.5182104,/big.txt,22151168,131072
57,057_none_phase_change_run17,none,phase_change,997,1778267689.5194616,/big.txt,22282240,131072
57,057_none_phase_change_run17,none,phase_change,998,1778267689.5207064,/big.txt,22413312,131072
57,057_none_phase_change_run17,none,phase_change,999,1778267689.5219464,/big.txt,22544384,131072
57,057_none_phase_change_run17,none,phase_change,1000,1778267689.5232036,/big.txt,22675456,131072
57,057_none_phase_change_run17,none,phase_change,1001,1778267689.524447,/big.txt,22806528,131072
57,057_none_phase_change_run17,none,phase_change,1002,1778267689.5256908,/big.txt,22937600,131072
57,057_none_phase_change_run17,none,phase_change,1003,1778267689.5269346,/big.txt,23068672,131072
57,057_none_phase_change_run17,none,phase_change,1004,1778267689.5281937,/big.txt,23199744,131072
57,057_none_phase_change_run17,none,phase_change,1005,1778267689.5294344,/big.txt,23330816,131072
57,057_none_phase_change_run17,none,phase_change,1006,1778267689.530682,/big.txt,23461888,131072
57,057_none_phase_change_run17,none,phase_change,1007,1778267689.5319788,/big.txt,23592960,131072
57,057_none_phase_change_run17,none,phase_change,1008,1778267689.533205,/big.txt,23724032,131072
57,057_none_phase_change_run17,none,phase_change,1009,1778267689.5344386,/big.txt,23855104,131072
57,057_none_phase_change_run17,none,phase_change,1010,1778267689.535685,/big.txt,23986176,131072
57,057_none_phase_change_run17,none,phase_change,1011,1778267689.5369334,/big.txt,24117248,131072
57,057_none_phase_change_run17,none,phase_change,1012,1778267689.5381703,/big.txt,24248320,131072
57,057_none_phase_change_run17,none,phase_change,1013,1778267689.539429,/big.txt,24379392,131072
57,057_none_phase_change_run17,none,phase_change,1014,1778267689.5406811,/big.txt,24510464,131072
57,057_none_phase_change_run17,none,phase_change,1015,1778267689.5419385,/big.txt,24641536,131072
57,057_none_phase_change_run17,none,phase_change,1016,1778267689.5431945,/big.txt,24772608,131072
57,057_none_phase_change_run17,none,phase_change,1017,1778267689.5444396,/big.txt,24903680,131072
57,057_none_phase_change_run17,none,phase_change,1018,1778267689.5456798,/big.txt,25034752,131072
57,057_none_phase_change_run17,none,phase_change,1019,1778267689.5469923,/big.txt,25165824,131072
57,057_none_phase_change_run17,none,phase_change,1020,1778267689.5482478,/big.txt,25296896,131072
57,057_none_phase_change_run17,none,phase_change,1021,1778267689.5494776,/big.txt,25427968,131072
57,057_none_phase_change_run17,none,phase_change,1022,1778267689.550718,/big.txt,25559040,131072
57,057_none_phase_change_run17,none,phase_change,1023,1778267689.55198,/big.txt,25690112,131072
57,057_none_phase_change_run17,none,phase_change,1024,1778267689.5532324,/big.txt,25821184,131072
57,057_none_phase_change_run17,none,phase_change,1025,1778267689.5544784,/big.txt,25952256,131072
57,057_none_phase_change_run17,none,phase_change,1026,1778267689.5556972,/big.txt,26083328,131072
57,057_none_phase_change_run17,none,phase_change,1027,1778267689.5569484,/big.txt,26214400,131072
57,057_none_phase_change_run17,none,phase_change,1028,1778267689.5582004,/big.txt,26345472,131072
57,057_none_phase_change_run17,none,phase_change,1029,1778267689.559448,/big.txt,26476544,131072
57,057_none_phase_change_run17,none,phase_change,1030,1778267689.5606937,/big.txt,26607616,131072
57,057_none_phase_change_run17,none,phase_change,1031,1778267689.561943,/big.txt,26738688,131072
57,057_none_phase_change_run17,none,phase_change,1032,1778267689.5644414,/big.txt,26869760,131072
57,057_none_phase_change_run17,none,phase_change,1033,1778267689.5669446,/big.txt,27000832,131072
57,057_none_phase_change_run17,none,phase_change,1034,1778267689.5694282,/big.txt,27131904,131072
57,057_none_phase_change_run17,none,phase_change,1035,1778267689.5719357,/big.txt,27262976,131072
57,057_none_phase_change_run17,none,phase_change,1036,1778267689.5744488,/big.txt,27394048,131072
57,057_none_phase_change_run17,none,phase_change,1037,1778267689.5757332,/big.txt,27525120,131072
57,057_none_phase_change_run17,none,phase_change,1038,1778267689.5769756,/big.txt,27656192,131072
57,057_none_phase_change_run17,none,phase_change,1039,1778267689.578209,/big.txt,27787264,131072
57,057_none_phase_change_run17,none,phase_change,1040,1778267689.5794554,/big.txt,27918336,131072
57,057_none_phase_change_run17,none,phase_change,1041,1778267689.58069,/big.txt,28049408,131072
57,057_none_phase_change_run17,none,phase_change,1042,1778267689.58193,/big.txt,28180480,131072
57,057_none_phase_change_run17,none,phase_change,1043,1778267689.5831623,/big.txt,28311552,131072
57,057_none_phase_change_run17,none,phase_change,1044,1778267689.5844243,/big.txt,28442624,131072
57,057_none_phase_change_run17,none,phase_change,1045,1778267689.5856621,/big.txt,28573696,131072
57,057_none_phase_change_run17,none,phase_change,1046,1778267689.586906,/big.txt,28704768,131072
57,057_none_phase_change_run17,none,phase_change,1047,1778267689.588149,/big.txt,28835840,131072
57,057_none_phase_change_run17,none,phase_change,1048,1778267689.5893846,/big.txt,28966912,131072
57,057_none_phase_change_run17,none,phase_change,1049,1778267689.5906184,/big.txt,29097984,131072
57,057_none_phase_change_run17,none,phase_change,1050,1778267689.5918627,/big.txt,29229056,131072
57,057_none_phase_change_run17,none,phase_change,1051,1778267689.5930908,/big.txt,29360128,131072
57,057_none_phase_change_run17,none,phase_change,1052,1778267689.5943446,/big.txt,29491200,131072
57,057_none_phase_change_run17,none,phase_change,1053,1778267689.5956154,/big.txt,29622272,131072
57,057_none_phase_change_run17,none,phase_change,1054,1778267689.596922,/big.txt,29753344,131072
57,057_none_phase_change_run17,none,phase_change,1055,1778267689.598172,/big.txt,29884416,131072
57,057_none_phase_change_run17,none,phase_change,1056,1778267689.599464,/big.txt,30015488,131072
57,057_none_phase_change_run17,none,phase_change,1057,1778267689.6006997,/big.txt,30146560,131072
57,057_none_phase_change_run17,none,phase_change,1058,1778267689.6019483,/big.txt,30277632,131072
57,057_none_phase_change_run17,none,phase_change,1059,1778267689.6032183,/big.txt,30408704,131072
57,057_none_phase_change_run17,none,phase_change,1060,1778267689.604456,/big.txt,30539776,131072
57,057_none_phase_change_run17,none,phase_change,1061,1778267689.6056993,/big.txt,30670848,131072
57,057_none_phase_change_run17,none,phase_change,1062,1778267689.606943,/big.txt,30801920,131072
57,057_none_phase_change_run17,none,phase_change,1063,1778267689.6082137,/big.txt,30932992,131072
57,057_none_phase_change_run17,none,phase_change,1064,1778267689.609453,/big.txt,31064064,131072
57,057_none_phase_change_run17,none,phase_change,1065,1778267689.6106741,/big.txt,31195136,131072
57,057_none_phase_change_run17,none,phase_change,1066,1778267689.6120546,/big.txt,31326208,131072
57,057_none_phase_change_run17,none,phase_change,1067,1778267689.6132843,/big.txt,31457280,131072
57,057_none_phase_change_run17,none,phase_change,1068,1778267689.6145012,/big.txt,31588352,131072
57,057_none_phase_change_run17,none,phase_change,1069,1778267689.6157103,/big.txt,31719424,131072
57,057_none_phase_change_run17,none,phase_change,1070,1778267689.616955,/big.txt,31850496,131072
57,057_none_phase_change_run17,none,phase_change,1071,1778267689.6181738,/big.txt,31981568,131072
57,057_none_phase_change_run17,none,phase_change,1072,1778267689.619433,/big.txt,32112640,131072
57,057_none_phase_change_run17,none,phase_change,1073,1778267689.6206744,/big.txt,32243712,131072
57,057_none_phase_change_run17,none,phase_change,1074,1778267689.6219049,/big.txt,32374784,131072
57,057_none_phase_change_run17,none,phase_change,1075,1778267689.623242,/big.txt,32505856,131072
57,057_none_phase_change_run17,none,phase_change,1076,1778267689.6244774,/big.txt,32636928,131072
57,057_none_phase_change_run17,none,phase_change,1077,1778267689.6257033,/big.txt,32768000,131072
57,057_none_phase_change_run17,none,phase_change,1078,1778267689.6269414,/big.txt,32899072,131072
57,057_none_phase_change_run17,none,phase_change,1079,1778267689.628174,/big.txt,33030144,131072
57,057_none_phase_change_run17,none,phase_change,1080,1778267689.6294136,/big.txt,33161216,131072
57,057_none_phase_change_run17,none,phase_change,1081,1778267689.6306221,/big.txt,33292288,131072
57,057_none_phase_change_run17,none,phase_change,1082,1778267689.6318772,/big.txt,33423360,131072
57,057_none_phase_change_run17,none,phase_change,1083,1778267689.6331115,/big.txt,33554432,131072
57,057_none_phase_change_run17,none,phase_change,1084,1778267689.6343327,/big.txt,33685504,131072
57,057_none_phase_change_run17,none,phase_change,1085,1778267689.6356058,/big.txt,33816576,131072
57,057_none_phase_change_run17,none,phase_change,1086,1778267689.6369212,/big.txt,33947648,131072
57,057_none_phase_change_run17,none,phase_change,1087,1778267689.6381805,/big.txt,34078720,131072
57,057_none_phase_change_run17,none,phase_change,1088,1778267689.6394348,/big.txt,34209792,131072
57,057_none_phase_change_run17,none,phase_change,1089,1778267689.640684,/big.txt,34340864,131072
57,057_none_phase_change_run17,none,phase_change,1090,1778267689.6419237,/big.txt,34471936,131072
57,057_none_phase_change_run17,none,phase_change,1091,1778267689.6431587,/big.txt,34603008,131072
57,057_none_phase_change_run17,none,phase_change,1092,1778267689.6444054,/big.txt,34734080,131072
57,057_none_phase_change_run17,none,phase_change,1093,1778267689.6456544,/big.txt,34865152,131072
57,057_none_phase_change_run17,none,phase_change,1094,1778267689.6468992,/big.txt,34996224,131072
57,057_none_phase_change_run17,none,phase_change,1095,1778267689.6481326,/big.txt,35127296,131072
57,057_none_phase_change_run17,none,phase_change,1096,1778267689.6493688,/big.txt,35258368,131072
57,057_none_phase_change_run17,none,phase_change,1097,1778267689.6506045,/big.txt,35389440,131072
57,057_none_phase_change_run17,none,phase_change,1098,1778267689.651962,/big.txt,35520512,131072
57,057_none_phase_change_run17,none,phase_change,1099,1778267689.6532102,/big.txt,35651584,131072
57,057_none_phase_change_run17,none,phase_change,1100,1778267689.6544535,/big.txt,35782656,131072
57,057_none_phase_change_run17,none,phase_change,1101,1778267689.6556854,/big.txt,35913728,131072
57,057_none_phase_change_run17,none,phase_change,1102,1778267689.6569335,/big.txt,36044800,131072
57,057_none_phase_change_run17,none,phase_change,1103,1778267689.6581674,/big.txt,36175872,131072
57,057_none_phase_change_run17,none,phase_change,1104,1778267689.6594121,/big.txt,36306944,131072
57,057_none_phase_change_run17,none,phase_change,1105,1778267689.6606638,/big.txt,36438016,131072
57,057_none_phase_change_run17,none,phase_change,1106,1778267689.661907,/big.txt,36569088,131072
57,057_none_phase_change_run17,none,phase_change,1107,1778267689.663146,/big.txt,36700160,131072
57,057_none_phase_change_run17,none,phase_change,1108,1778267689.6643977,/big.txt,36831232,131072
57,057_none_phase_change_run17,none,phase_change,1109,1778267689.6656425,/big.txt,36962304,131072
57,057_none_phase_change_run17,none,phase_change,1110,1778267689.6669436,/big.txt,37093376,131072
57,057_none_phase_change_run17,none,phase_change,1111,1778267689.6681957,/big.txt,37224448,131072
57,057_none_phase_change_run17,none,phase_change,1112,1778267689.6694393,/big.txt,37355520,131072
57,057_none_phase_change_run17,none,phase_change,1113,1778267689.6706727,/big.txt,37486592,131072
57,057_none_phase_change_run17,none,phase_change,1114,1778267689.671916,/big.txt,37617664,131072
57,057_none_phase_change_run17,none,phase_change,1115,1778267689.6731615,/big.txt,37748736,131072
57,057_none_phase_change_run17,none,phase_change,1116,1778267689.674401,/big.txt,37879808,131072
57,057_none_phase_change_run17,none,phase_change,1117,1778267689.6756537,/big.txt,38010880,131072
57,057_none_phase_change_run17,none,phase_change,1118,1778267689.6768937,/big.txt,38141952,131072
57,057_none_phase_change_run17,none,phase_change,1119,1778267689.6781402,/big.txt,38273024,131072
57,057_none_phase_change_run17,none,phase_change,1120,1778267689.6794033,/big.txt,38404096,131072
57,057_none_phase_change_run17,none,phase_change,1121,1778267689.6806452,/big.txt,38535168,131072
57,057_none_phase_change_run17,none,phase_change,1122,1778267689.6818871,/big.txt,38666240,131072
57,057_none_phase_change_run17,none,phase_change,1123,1778267689.683237,/big.txt,38797312,131072
57,057_none_phase_change_run17,none,phase_change,1124,1778267689.6844857,/big.txt,38928384,131072
57,057_none_phase_change_run17,none,phase_change,1125,1778267689.6857257,/big.txt,39059456,131072
57,057_none_phase_change_run17,none,phase_change,1126,1778267689.686967,/big.txt,39190528,131072
57,057_none_phase_change_run17,none,phase_change,1127,1778267689.6882024,/big.txt,39321600,131072
57,057_none_phase_change_run17,none,phase_change,1128,1778267689.6894443,/big.txt,39452672,131072
57,057_none_phase_change_run17,none,phase_change,1129,1778267689.690691,/big.txt,39583744,131072
57,057_none_phase_change_run17,none,phase_change,1130,1778267689.6919298,/big.txt,39714816,131072
57,057_none_phase_change_run17,none,phase_change,1131,1778267689.6931674,/big.txt,39845888,131072
57,057_none_phase_change_run17,none,phase_change,1132,1778267689.6944041,/big.txt,39976960,131072
57,057_none_phase_change_run17,none,phase_change,1133,1778267689.6956344,/big.txt,40108032,131072
57,057_none_phase_change_run17,none,phase_change,1134,1778267689.6968899,/big.txt,40239104,131072
57,057_none_phase_change_run17,none,phase_change,1135,1778267689.698138,/big.txt,40370176,131072
57,057_none_phase_change_run17,none,phase_change,1136,1778267689.6993952,/big.txt,40501248,131072
57,057_none_phase_change_run17,none,phase_change,1137,1778267689.7006512,/big.txt,40632320,131072
57,057_none_phase_change_run17,none,phase_change,1138,1778267689.7019238,/big.txt,40763392,131072
57,057_none_phase_change_run17,none,phase_change,1139,1778267689.7032626,/big.txt,40894464,131072
57,057_none_phase_change_run17,none,phase_change,1140,1778267689.704515,/big.txt,41025536,131072
57,057_none_phase_change_run17,none,phase_change,1141,1778267689.705748,/big.txt,41156608,131072
57,057_none_phase_change_run17,none,phase_change,1142,1778267689.7069879,/big.txt,41287680,131072
57,057_none_phase_change_run17,none,phase_change,1143,1778267689.7082453,/big.txt,41418752,131072
57,057_none_phase_change_run17,none,phase_change,1144,1778267689.7094886,/big.txt,41549824,131072
57,057_none_phase_change_run17,none,phase_change,1145,1778267689.7107286,/big.txt,41680896,131072
57,057_none_phase_change_run17,none,phase_change,1146,1778267689.7120113,/big.txt,41811968,131072
57,057_none_phase_change_run17,none,phase_change,1147,1778267689.7132413,/big.txt,41943040,131072
57,057_none_phase_change_run17,none,phase_change,1148,1778267689.7144897,/big.txt,42074112,131072
57,057_none_phase_change_run17,none,phase_change,1149,1778267689.715703,/big.txt,42205184,131072
57,057_none_phase_change_run17,none,phase_change,1150,1778267689.7169416,/big.txt,42336256,131072
57,057_none_phase_change_run17,none,phase_change,1151,1778267689.7181838,/big.txt,42467328,131072
57,057_none_phase_change_run17,none,phase_change,1152,1778267689.7194414,/big.txt,42598400,131072
57,057_none_phase_change_run17,none,phase_change,1153,1778267689.7206898,/big.txt,42729472,131072
57,057_none_phase_change_run17,none,phase_change,1154,1778267689.7219253,/big.txt,42860544,131072
57,057_none_phase_change_run17,none,phase_change,1155,1778267689.723165,/big.txt,42991616,131072
57,057_none_phase_change_run17,none,phase_change,1156,1778267689.7244093,/big.txt,43122688,131072
57,057_none_phase_change_run17,none,phase_change,1157,1778267689.7256582,/big.txt,43253760,131072
57,057_none_phase_change_run17,none,phase_change,1158,1778267689.7269697,/big.txt,43384832,131072
57,057_none_phase_change_run17,none,phase_change,1159,1778267689.7282107,/big.txt,43515904,131072
57,057_none_phase_change_run17,none,phase_change,1160,1778267689.729446,/big.txt,43646976,131072
57,057_none_phase_change_run17,none,phase_change,1161,1778267689.7306988,/big.txt,43778048,131072
57,057_none_phase_change_run17,none,phase_change,1162,1778267689.7319436,/big.txt,43909120,131072
57,057_none_phase_change_run17,none,phase_change,1163,1778267689.733184,/big.txt,44040192,131072
57,057_none_phase_change_run17,none,phase_change,1164,1778267689.734415,/big.txt,44171264,131072
57,057_none_phase_change_run17,none,phase_change,1165,1778267689.7356546,/big.txt,44302336,131072
57,057_none_phase_change_run17,none,phase_change,1166,1778267689.7368999,/big.txt,44433408,131072
57,057_none_phase_change_run17,none,phase_change,1167,1778267689.738137,/big.txt,44564480,131072
57,057_none_phase_change_run17,none,phase_change,1168,1778267689.739389,/big.txt,44695552,131072
57,057_none_phase_change_run17,none,phase_change,1169,1778267689.7406356,/big.txt,44826624,131072
57,057_none_phase_change_run17,none,phase_change,1170,1778267689.741874,/big.txt,44957696,131072
57,057_none_phase_change_run17,none,phase_change,1171,1778267689.7431157,/big.txt,45088768,131072
57,057_none_phase_change_run17,none,phase_change,1172,1778267689.7443604,/big.txt,45219840,131072
57,057_none_phase_change_run17,none,phase_change,1173,1778267689.7456052,/big.txt,45350912,131072
57,057_none_phase_change_run17,none,phase_change,1174,1778267689.7468452,/big.txt,45481984,131072
57,057_none_phase_change_run17,none,phase_change,1175,1778267689.7480865,/big.txt,45613056,131072
57,057_none_phase_change_run17,none,phase_change,1176,1778267689.7493284,/big.txt,45744128,131072
57,057_none_phase_change_run17,none,phase_change,1177,1778267689.7505646,/big.txt,45875200,131072
57,057_none_phase_change_run17,none,phase_change,1178,1778267689.751766,/big.txt,46006272,131072
57,057_none_phase_change_run17,none,phase_change,1179,1778267689.7530026,/big.txt,46137344,131072
57,057_none_phase_change_run17,none,phase_change,1180,1778267689.7542484,/big.txt,46268416,131072
57,057_none_phase_change_run17,none,phase_change,1181,1778267689.755505,/big.txt,46399488,131072
57,057_none_phase_change_run17,none,phase_change,1182,1778267689.7567818,/big.txt,46530560,131072
57,057_none_phase_change_run17,none,phase_change,1183,1778267689.7580342,/big.txt,46661632,131072
57,057_none_phase_change_run17,none,phase_change,1184,1778267689.759275,/big.txt,46792704,131072
57,057_none_phase_change_run17,none,phase_change,1185,1778267689.7605193,/big.txt,46923776,131072
57,057_none_phase_change_run17,none,phase_change,1186,1778267689.7617636,/big.txt,47054848,131072
57,057_none_phase_change_run17,none,phase_change,1187,1778267689.7631128,/big.txt,47185920,131072
57,057_none_phase_change_run17,none,phase_change,1188,1778267689.7643528,/big.txt,47316992,131072
57,057_none_phase_change_run17,none,phase_change,1189,1778267689.7655933,/big.txt,47448064,131072
57,057_none_phase_change_run17,none,phase_change,1190,1778267689.7668378,/big.txt,47579136,131072
57,057_none_phase_change_run17,none,phase_change,1191,1778267689.768064,/big.txt,47710208,131072
57,057_none_phase_change_run17,none,phase_change,1192,1778267689.769301,/big.txt,47841280,131072
57,057_none_phase_change_run17,none,phase_change,1193,1778267689.7705376,/big.txt,47972352,131072
57,057_none_phase_change_run17,none,phase_change,1194,1778267689.7717671,/big.txt,48103424,131072
57,057_none_phase_change_run17,none,phase_change,1195,1778267689.7730017,/big.txt,48234496,131072
57,057_none_phase_change_run17,none,phase_change,1196,1778267689.7742279,/big.txt,48365568,131072
57,057_none_phase_change_run17,none,phase_change,1197,1778267689.7754838,/big.txt,48496640,131072
57,057_none_phase_change_run17,none,phase_change,1198,1778267689.776718,/big.txt,48627712,131072
57,057_none_phase_change_run17,none,phase_change,1199,1778267689.7779446,/big.txt,48758784,131072
57,057_none_phase_change_run17,none,phase_change,1200,1778267689.7791927,/big.txt,48889856,131072
57,057_none_phase_change_run17,none,phase_change,1201,1778267689.78044,/big.txt,49020928,131072
57,057_none_phase_change_run17,none,phase_change,1202,1778267689.7816784,/big.txt,49152000,131072
57,057_none_phase_change_run17,none,phase_change,1203,1778267689.782915,/big.txt,49283072,131072
57,057_none_phase_change_run17,none,phase_change,1204,1778267689.7841494,/big.txt,49414144,131072
57,057_none_phase_change_run17,none,phase_change,1205,1778267689.7853773,/big.txt,49545216,131072
57,057_none_phase_change_run17,none,phase_change,1206,1778267689.7866113,/big.txt,49676288,131072
57,057_none_phase_change_run17,none,phase_change,1207,1778267689.7879274,/big.txt,49807360,131072
57,057_none_phase_change_run17,none,phase_change,1208,1778267689.7891543,/big.txt,49938432,131072
57,057_none_phase_change_run17,none,phase_change,1209,1778267689.790402,/big.txt,50069504,131072
57,057_none_phase_change_run17,none,phase_change,1210,1778267689.7916322,/big.txt,50200576,131072
57,057_none_phase_change_run17,none,phase_change,1211,1778267689.7928648,/big.txt,50331648,131072
57,057_none_phase_change_run17,none,phase_change,1212,1778267689.7941034,/big.txt,50462720,131072
57,057_none_phase_change_run17,none,phase_change,1213,1778267689.7953715,/big.txt,50593792,131072
57,057_none_phase_change_run17,none,phase_change,1214,1778267689.7966318,/big.txt,50724864,131072
57,057_none_phase_change_run17,none,phase_change,1215,1778267689.7978587,/big.txt,50855936,131072
57,057_none_phase_change_run17,none,phase_change,1216,1778267689.7990885,/big.txt,50987008,131072
57,057_none_phase_change_run17,none,phase_change,1217,1778267689.800336,/big.txt,51118080,131072
57,057_none_phase_change_run17,none,phase_change,1218,1778267689.8015816,/big.txt,51249152,131072
57,057_none_phase_change_run17,none,phase_change,1219,1778267689.8028762,/big.txt,51380224,131072
57,057_none_phase_change_run17,none,phase_change,1220,1778267689.804125,/big.txt,51511296,131072
57,057_none_phase_change_run17,none,phase_change,1221,1778267689.8053727,/big.txt,51642368,131072
57,057_none_phase_change_run17,none,phase_change,1222,1778267689.8066046,/big.txt,51773440,131072
57,057_none_phase_change_run17,none,phase_change,1223,1778267689.8078215,/big.txt,51904512,131072
57,057_none_phase_change_run17,none,phase_change,1224,1778267689.8090682,/big.txt,52035584,131072
57,057_none_phase_change_run17,none,phase_change,1225,1778267689.810295,/big.txt,52166656,131072
57,057_none_phase_change_run17,none,phase_change,1226,1778267689.8115516,/big.txt,52297728,131072
57,057_none_phase_change_run17,none,phase_change,1227,1778267689.8128457,/big.txt,52428800,131072
57,057_none_phase_change_run17,none,phase_change,1228,1778267689.8140903,/big.txt,52559872,131072
57,057_none_phase_change_run17,none,phase_change,1229,1778267689.81533,/big.txt,52690944,131072
57,057_none_phase_change_run17,none,phase_change,1230,1778267689.816572,/big.txt,52822016,131072
57,057_none_phase_change_run17,none,phase_change,1231,1778267689.8178098,/big.txt,52953088,131072
57,057_none_phase_change_run17,none,phase_change,1232,1778267689.8191116,/big.txt,53084160,131072
57,057_none_phase_change_run17,none,phase_change,1233,1778267689.820364,/big.txt,53215232,131072
57,057_none_phase_change_run17,none,phase_change,1234,1778267689.8216052,/big.txt,53346304,131072
57,057_none_phase_change_run17,none,phase_change,1235,1778267689.822846,/big.txt,53477376,131072
57,057_none_phase_change_run17,none,phase_change,1236,1778267689.8241048,/big.txt,53608448,131072
57,057_none_phase_change_run17,none,phase_change,1237,1778267689.8253345,/big.txt,53739520,131072
57,057_none_phase_change_run17,none,phase_change,1238,1778267689.8265707,/big.txt,53870592,131072
57,057_none_phase_change_run17,none,phase_change,1239,1778267689.8277922,/big.txt,54001664,131072
57,057_none_phase_change_run17,none,phase_change,1240,1778267689.8290308,/big.txt,54132736,131072
57,057_none_phase_change_run17,none,phase_change,1241,1778267689.8302705,/big.txt,54263808,131072
57,057_none_phase_change_run17,none,phase_change,1242,1778267689.831538,/big.txt,54394880,131072
57,057_none_phase_change_run17,none,phase_change,1243,1778267689.8328404,/big.txt,54525952,131072
57,057_none_phase_change_run17,none,phase_change,1244,1778267689.8340862,/big.txt,54657024,131072
57,057_none_phase_change_run17,none,phase_change,1245,1778267689.8353422,/big.txt,54788096,131072
57,057_none_phase_change_run17,none,phase_change,1246,1778267689.8365867,/big.txt,54919168,131072
57,057_none_phase_change_run17,none,phase_change,1247,1778267689.837823,/big.txt,55050240,131072
57,057_none_phase_change_run17,none,phase_change,1248,1778267689.8391466,/big.txt,55181312,131072
57,057_none_phase_change_run17,none,phase_change,1249,1778267689.8404243,/big.txt,55312384,131072
57,057_none_phase_change_run17,none,phase_change,1250,1778267689.8416834,/big.txt,55443456,131072
57,057_none_phase_change_run17,none,phase_change,1251,1778267689.842931,/big.txt,55574528,131072
57,057_none_phase_change_run17,none,phase_change,1252,1778267689.8441775,/big.txt,55705600,131072
57,057_none_phase_change_run17,none,phase_change,1253,1778267689.8454099,/big.txt,55836672,131072
57,057_none_phase_change_run17,none,phase_change,1254,1778267689.8466504,/big.txt,55967744,131072
57,057_none_phase_change_run17,none,phase_change,1255,1778267689.847908,/big.txt,56098816,131072
57,057_none_phase_change_run17,none,phase_change,1256,1778267689.84915,/big.txt,56229888,131072
57,057_none_phase_change_run17,none,phase_change,1257,1778267689.8503902,/big.txt,56360960,131072
57,057_none_phase_change_run17,none,phase_change,1258,1778267689.8516634,/big.txt,56492032,131072
57,057_none_phase_change_run17,none,phase_change,1259,1778267689.85292,/big.txt,56623104,131072
57,057_none_phase_change_run17,none,phase_change,1260,1778267689.854158,/big.txt,56754176,131072
57,057_none_phase_change_run17,none,phase_change,1261,1778267689.8554006,/big.txt,56885248,131072
57,057_none_phase_change_run17,none,phase_change,1262,1778267689.8566365,/big.txt,57016320,131072
57,057_none_phase_change_run17,none,phase_change,1263,1778267689.8578794,/big.txt,57147392,131072
57,057_none_phase_change_run17,none,phase_change,1264,1778267689.8591292,/big.txt,57278464,131072
57,057_none_phase_change_run17,none,phase_change,1265,1778267689.8603833,/big.txt,57409536,131072
57,057_none_phase_change_run17,none,phase_change,1266,1778267689.861621,/big.txt,57540608,131072
57,057_none_phase_change_run17,none,phase_change,1267,1778267689.8629313,/big.txt,57671680,131072
57,057_none_phase_change_run17,none,phase_change,1268,1778267689.865438,/big.txt,57802752,131072
57,057_none_phase_change_run17,none,phase_change,1269,1778267689.867948,/big.txt,57933824,131072
57,057_none_phase_change_run17,none,phase_change,1270,1778267689.8704615,/big.txt,58064896,131072
57,057_none_phase_change_run17,none,phase_change,1271,1778267689.8729448,/big.txt,58195968,131072
57,057_none_phase_change_run17,none,phase_change,1272,1778267689.8749812,/big.txt,58327040,131072
57,057_none_phase_change_run17,none,phase_change,1273,1778267689.8762257,/big.txt,58458112,131072
57,057_none_phase_change_run17,none,phase_change,1274,1778267689.8774724,/big.txt,58589184,131072
57,057_none_phase_change_run17,none,phase_change,1275,1778267689.8787122,/big.txt,58720256,131072
57,057_none_phase_change_run17,none,phase_change,1276,1778267689.879994,/big.txt,58851328,131072
57,057_none_phase_change_run17,none,phase_change,1277,1778267689.881234,/big.txt,58982400,131072
57,057_none_phase_change_run17,none,phase_change,1278,1778267689.88247,/big.txt,59113472,131072
57,057_none_phase_change_run17,none,phase_change,1279,1778267689.8837097,/big.txt,59244544,131072
57,057_none_phase_change_run17,none,phase_change,1280,1778267689.8849673,/big.txt,59375616,131072
57,057_none_phase_change_run17,none,phase_change,1281,1778267689.8862004,/big.txt,59506688,131072
57,057_none_phase_change_run17,none,phase_change,1282,1778267689.8874433,/big.txt,59637760,131072
57,057_none_phase_change_run17,none,phase_change,1283,1778267689.8886867,/big.txt,59768832,131072
57,057_none_phase_change_run17,none,phase_change,1284,1778267689.889934,/big.txt,59899904,131072
57,057_none_phase_change_run17,none,phase_change,1285,1778267689.8912146,/big.txt,60030976,131072
57,057_none_phase_change_run17,none,phase_change,1286,1778267689.8924494,/big.txt,60162048,131072
57,057_none_phase_change_run17,none,phase_change,1287,1778267689.8936973,/big.txt,60293120,131072
57,057_none_phase_change_run17,none,phase_change,1288,1778267689.894975,/big.txt,60424192,131072
57,057_none_phase_change_run17,none,phase_change,1289,1778267689.8962183,/big.txt,60555264,131072
57,057_none_phase_change_run17,none,phase_change,1290,1778267689.8974543,/big.txt,60686336,131072
57,057_none_phase_change_run17,none,phase_change,1291,1778267689.8986893,/big.txt,60817408,131072
57,057_none_phase_change_run17,none,phase_change,1292,1778267689.8999462,/big.txt,60948480,131072
57,057_none_phase_change_run17,none,phase_change,1293,1778267689.90119,/big.txt,61079552,131072
57,057_none_phase_change_run17,none,phase_change,1294,1778267689.9024408,/big.txt,61210624,131072
57,057_none_phase_change_run17,none,phase_change,1295,1778267689.9037056,/big.txt,61341696,131072
57,057_none_phase_change_run17,none,phase_change,1296,1778267689.904961,/big.txt,61472768,131072
57,057_none_phase_change_run17,none,phase_change,1297,1778267689.9062026,/big.txt,61603840,131072
57,057_none_phase_change_run17,none,phase_change,1298,1778267689.9074438,/big.txt,61734912,131072
57,057_none_phase_change_run17,none,phase_change,1299,1778267689.90869,/big.txt,61865984,131072
57,057_none_phase_change_run17,none,phase_change,1300,1778267689.9099398,/big.txt,61997056,131072
57,057_none_phase_change_run17,none,phase_change,1301,1778267689.911179,/big.txt,62128128,131072
57,057_none_phase_change_run17,none,phase_change,1302,1778267689.9124207,/big.txt,62259200,131072
57,057_none_phase_change_run17,none,phase_change,1303,1778267689.913658,/big.txt,62390272,131072
57,057_none_phase_change_run17,none,phase_change,1304,1778267689.9150047,/big.txt,62521344,131072
57,057_none_phase_change_run17,none,phase_change,1305,1778267689.9162564,/big.txt,62652416,131072
57,057_none_phase_change_run17,none,phase_change,1306,1778267689.9174845,/big.txt,62783488,131072
57,057_none_phase_change_run17,none,phase_change,1307,1778267689.9187238,/big.txt,62914560,131072
57,057_none_phase_change_run17,none,phase_change,1308,1778267689.9199812,/big.txt,63045632,131072
57,057_none_phase_change_run17,none,phase_change,1309,1778267689.9212334,/big.txt,63176704,131072
57,057_none_phase_change_run17,none,phase_change,1310,1778267689.9224749,/big.txt,63307776,131072
57,057_none_phase_change_run17,none,phase_change,1311,1778267689.9237149,/big.txt,63438848,131072
57,057_none_phase_change_run17,none,phase_change,1312,1778267689.9249573,/big.txt,63569920,131072
57,057_none_phase_change_run17,none,phase_change,1313,1778267689.9262059,/big.txt,63700992,131072
57,057_none_phase_change_run17,none,phase_change,1314,1778267689.927454,/big.txt,63832064,131072
57,057_none_phase_change_run17,none,phase_change,1315,1778267689.9286926,/big.txt,63963136,131072
57,057_none_phase_change_run17,none,phase_change,1316,1778267689.9299347,/big.txt,64094208,131072
57,057_none_phase_change_run17,none,phase_change,1317,1778267689.9311783,/big.txt,64225280,131072
57,057_none_phase_change_run17,none,phase_change,1318,1778267689.932427,/big.txt,64356352,131072
57,057_none_phase_change_run17,none,phase_change,1319,1778267689.9336689,/big.txt,64487424,131072
57,057_none_phase_change_run17,none,phase_change,1320,1778267689.9349134,/big.txt,64618496,131072
57,057_none_phase_change_run17,none,phase_change,1321,1778267689.9361465,/big.txt,64749568,131072
57,057_none_phase_change_run17,none,phase_change,1322,1778267689.9373844,/big.txt,64880640,131072
57,057_none_phase_change_run17,none,phase_change,1323,1778267689.938628,/big.txt,65011712,131072
57,057_none_phase_change_run17,none,phase_change,1324,1778267689.939887,/big.txt,65142784,131072
57,057_none_phase_change_run17,none,phase_change,1325,1778267689.9411347,/big.txt,65273856,131072
57,057_none_phase_change_run17,none,phase_change,1326,1778267689.9423814,/big.txt,65404928,131072
57,057_none_phase_change_run17,none,phase_change,1327,1778267689.9436357,/big.txt,65536000,131072
57,057_none_phase_change_run17,none,phase_change,1328,1778267689.9448967,/big.txt,65667072,131072
57,057_none_phase_change_run17,none,phase_change,1329,1778267689.94615,/big.txt,65798144,131072
57,057_none_phase_change_run17,none,phase_change,1330,1778267689.9474247,/big.txt,65929216,131072
57,057_none_phase_change_run17,none,phase_change,1331,1778267689.9486694,/big.txt,66060288,131072
57,057_none_phase_change_run17,none,phase_change,1332,1778267689.9499164,/big.txt,66191360,131072
57,057_none_phase_change_run17,none,phase_change,1333,1778267689.9512172,/big.txt,66322432,131072
57,057_none_phase_change_run17,none,phase_change,1334,1778267689.952458,/big.txt,66453504,131072
57,057_none_phase_change_run17,none,phase_change,1335,1778267689.9537075,/big.txt,66584576,131072
57,057_none_phase_change_run17,none,phase_change,1336,1778267689.9549558,/big.txt,66715648,131072
57,057_none_phase_change_run17,none,phase_change,1337,1778267689.9561973,/big.txt,66846720,131072
57,057_none_phase_change_run17,none,phase_change,1338,1778267689.9574366,/big.txt,66977792,131072
57,057_none_phase_change_run17,none,phase_change,1339,1778267689.958673,/big.txt,67108864,131072
57,057_none_phase_change_run17,none,phase_change,1340,1778267689.9600117,/big.txt,67239936,131072
57,057_none_phase_change_run17,none,phase_change,1341,1778267689.9612572,/big.txt,67371008,131072
57,057_none_phase_change_run17,none,phase_change,1342,1778267689.962502,/big.txt,67502080,131072
57,057_none_phase_change_run17,none,phase_change,1343,1778267689.963718,/big.txt,67633152,131072
57,057_none_phase_change_run17,none,phase_change,1344,1778267689.9649594,/big.txt,67764224,131072
57,057_none_phase_change_run17,none,phase_change,1345,1778267689.9662068,/big.txt,67895296,131072
57,057_none_phase_change_run17,none,phase_change,1346,1778267689.9674828,/big.txt,68026368,131072
57,057_none_phase_change_run17,none,phase_change,1347,1778267689.9687316,/big.txt,68157440,131072
57,057_none_phase_change_run17,none,phase_change,1348,1778267689.9699783,/big.txt,68288512,131072
57,057_none_phase_change_run17,none,phase_change,1349,1778267689.971224,/big.txt,68419584,131072
57,057_none_phase_change_run17,none,phase_change,1350,1778267689.9724715,/big.txt,68550656,131072
57,057_none_phase_change_run17,none,phase_change,1351,1778267689.9737155,/big.txt,68681728,131072
57,057_none_phase_change_run17,none,phase_change,1352,1778267689.974963,/big.txt,68812800,131072
57,057_none_phase_change_run17,none,phase_change,1353,1778267689.9762073,/big.txt,68943872,131072
57,057_none_phase_change_run17,none,phase_change,1354,1778267689.977449,/big.txt,69074944,131072
57,057_none_phase_change_run17,none,phase_change,1355,1778267689.9787066,/big.txt,69206016,131072
57,057_none_phase_change_run17,none,phase_change,1356,1778267689.9799728,/big.txt,69337088,131072
57,057_none_phase_change_run17,none,phase_change,1357,1778267689.9812212,/big.txt,69468160,131072
57,057_none_phase_change_run17,none,phase_change,1358,1778267689.9824622,/big.txt,69599232,131072
57,057_none_phase_change_run17,none,phase_change,1359,1778267689.9836972,/big.txt,69730304,131072
57,057_none_phase_change_run17,none,phase_change,1360,1778267689.9849389,/big.txt,69861376,131072
57,057_none_phase_change_run17,none,phase_change,1361,1778267689.986179,/big.txt,69992448,131072
57,057_none_phase_change_run17,none,phase_change,1362,1778267689.9874299,/big.txt,70123520,131072
57,057_none_phase_change_run17,none,phase_change,1363,1778267689.9887025,/big.txt,70254592,131072
57,057_none_phase_change_run17,none,phase_change,1364,1778267689.9899464,/big.txt,70385664,131072
57,057_none_phase_change_run17,none,phase_change,1365,1778267689.9912593,/big.txt,70516736,131072
57,057_none_phase_change_run17,none,phase_change,1366,1778267689.9925098,/big.txt,70647808,131072
57,057_none_phase_change_run17,none,phase_change,1367,1778267689.9937587,/big.txt,70778880,131072
57,057_none_phase_change_run17,none,phase_change,1368,1778267689.995003,/big.txt,70909952,131072
57,057_none_phase_change_run17,none,phase_change,1369,1778267689.9962552,/big.txt,71041024,131072
57,057_none_phase_change_run17,none,phase_change,1370,1778267689.9974906,/big.txt,71172096,131072
57,057_none_phase_change_run17,none,phase_change,1371,1778267689.9987264,/big.txt,71303168,131072
57,057_none_phase_change_run17,none,phase_change,1372,1778267690.0000324,/big.txt,71434240,131072
57,057_none_phase_change_run17,none,phase_change,1373,1778267690.001278,/big.txt,71565312,131072
57,057_none_phase_change_run17,none,phase_change,1374,1778267690.0025191,/big.txt,71696384,131072
57,057_none_phase_change_run17,none,phase_change,1375,1778267690.003735,/big.txt,71827456,131072
57,057_none_phase_change_run17,none,phase_change,1376,1778267690.004984,/big.txt,71958528,131072
57,057_none_phase_change_run17,none,phase_change,1377,1778267690.0062375,/big.txt,72089600,131072
57,057_none_phase_change_run17,none,phase_change,1378,1778267690.0075371,/big.txt,72220672,131072
57,057_none_phase_change_run17,none,phase_change,1379,1778267690.0087748,/big.txt,72351744,131072
57,057_none_phase_change_run17,none,phase_change,1380,1778267690.0100226,/big.txt,72482816,131072
57,057_none_phase_change_run17,none,phase_change,1381,1778267690.0112584,/big.txt,72613888,131072
57,057_none_phase_change_run17,none,phase_change,1382,1778267690.0125067,/big.txt,72744960,131072
57,057_none_phase_change_run17,none,phase_change,1383,1778267690.013758,/big.txt,72876032,131072
57,057_none_phase_change_run17,none,phase_change,1384,1778267690.0150764,/big.txt,73007104,131072
57,057_none_phase_change_run17,none,phase_change,1385,1778267690.0163193,/big.txt,73138176,131072
57,057_none_phase_change_run17,none,phase_change,1386,1778267690.0175555,/big.txt,73269248,131072
57,057_none_phase_change_run17,none,phase_change,1387,1778267690.018795,/big.txt,73400320,131072
57,057_none_phase_change_run17,none,phase_change,1388,1778267690.020042,/big.txt,73531392,131072
57,057_none_phase_change_run17,none,phase_change,1389,1778267690.0212805,/big.txt,73662464,131072
57,057_none_phase_change_run17,none,phase_change,1390,1778267690.0225236,/big.txt,73793536,131072
57,057_none_phase_change_run17,none,phase_change,1391,1778267690.0237558,/big.txt,73924608,131072
57,057_none_phase_change_run17,none,phase_change,1392,1778267690.0249958,/big.txt,74055680,131072
57,057_none_phase_change_run17,none,phase_change,1393,1778267690.0262375,/big.txt,74186752,131072
57,057_none_phase_change_run17,none,phase_change,1394,1778267690.0274935,/big.txt,74317824,131072
57,057_none_phase_change_run17,none,phase_change,1395,1778267690.0287378,/big.txt,74448896,131072
57,057_none_phase_change_run17,none,phase_change,1396,1778267690.029983,/big.txt,74579968,131072
57,057_none_phase_change_run17,none,phase_change,1397,1778267690.0312314,/big.txt,74711040,131072
57,057_none_phase_change_run17,none,phase_change,1398,1778267690.032477,/big.txt,74842112,131072
57,057_none_phase_change_run17,none,phase_change,1399,1778267690.0337224,/big.txt,74973184,131072
57,057_none_phase_change_run17,none,phase_change,1400,1778267690.0349667,/big.txt,75104256,131072
57,057_none_phase_change_run17,none,phase_change,1401,1778267690.0362105,/big.txt,75235328,131072
57,057_none_phase_change_run17,none,phase_change,1402,1778267690.0374577,/big.txt,75366400,131072
57,057_none_phase_change_run17,none,phase_change,1403,1778267690.0386944,/big.txt,75497472,131072
57,057_none_phase_change_run17,none,phase_change,1404,1778267690.0399766,/big.txt,75628544,131072
57,057_none_phase_change_run17,none,phase_change,1405,1778267690.041221,/big.txt,75759616,131072
57,057_none_phase_change_run17,none,phase_change,1406,1778267690.04247,/big.txt,75890688,131072
57,057_none_phase_change_run17,none,phase_change,1407,1778267690.0436893,/big.txt,76021760,131072
57,057_none_phase_change_run17,none,phase_change,1408,1778267690.0449228,/big.txt,76152832,131072
57,057_none_phase_change_run17,none,phase_change,1409,1778267690.046152,/big.txt,76283904,131072
57,057_none_phase_change_run17,none,phase_change,1410,1778267690.0473974,/big.txt,76414976,131072
57,057_none_phase_change_run17,none,phase_change,1411,1778267690.0486398,/big.txt,76546048,131072
57,057_none_phase_change_run17,none,phase_change,1412,1778267690.0498793,/big.txt,76677120,131072
57,057_none_phase_change_run17,none,phase_change,1413,1778267690.0511863,/big.txt,76808192,131072
57,057_none_phase_change_run17,none,phase_change,1414,1778267690.0524366,/big.txt,76939264,131072
57,057_none_phase_change_run17,none,phase_change,1415,1778267690.053683,/big.txt,77070336,131072
57,057_none_phase_change_run17,none,phase_change,1416,1778267690.0549555,/big.txt,77201408,131072
57,057_none_phase_change_run17,none,phase_change,1417,1778267690.0562384,/big.txt,77332480,131072
57,057_none_phase_change_run17,none,phase_change,1418,1778267690.0574892,/big.txt,77463552,131072
57,057_none_phase_change_run17,none,phase_change,1419,1778267690.0587301,/big.txt,77594624,131072
57,057_none_phase_change_run17,none,phase_change,1420,1778267690.0599477,/big.txt,77725696,131072
57,057_none_phase_change_run17,none,phase_change,1421,1778267690.06119,/big.txt,77856768,131072
57,057_none_phase_change_run17,none,phase_change,1422,1778267690.0624347,/big.txt,77987840,131072
57,057_none_phase_change_run17,none,phase_change,1423,1778267690.0636895,/big.txt,78118912,131072
57,057_none_phase_change_run17,none,phase_change,1424,1778267690.064932,/big.txt,78249984,131072
57,057_none_phase_change_run17,none,phase_change,1425,1778267690.0661762,/big.txt,78381056,131072
57,057_none_phase_change_run17,none,phase_change,1426,1778267690.0674343,/big.txt,78512128,131072
57,057_none_phase_change_run17,none,phase_change,1427,1778267690.0686748,/big.txt,78643200,131072
57,057_none_phase_change_run17,none,phase_change,1428,1778267690.0699258,/big.txt,78774272,131072
57,057_none_phase_change_run17,none,phase_change,1429,1778267690.071266,/big.txt,78905344,131072
57,057_none_phase_change_run17,none,phase_change,1430,1778267690.0725493,/big.txt,79036416,131072
57,057_none_phase_change_run17,none,phase_change,1431,1778267690.0737991,/big.txt,79167488,131072
57,057_none_phase_change_run17,none,phase_change,1432,1778267690.075047,/big.txt,79298560,131072
57,057_none_phase_change_run17,none,phase_change,1433,1778267690.0762846,/big.txt,79429632,131072
57,057_none_phase_change_run17,none,phase_change,1434,1778267690.077523,/big.txt,79560704,131072
57,057_none_phase_change_run17,none,phase_change,1435,1778267690.0787778,/big.txt,79691776,131072
57,057_none_phase_change_run17,none,phase_change,1436,1778267690.0800276,/big.txt,79822848,131072
57,057_none_phase_change_run17,none,phase_change,1437,1778267690.08126,/big.txt,79953920,131072
57,057_none_phase_change_run17,none,phase_change,1438,1778267690.0825257,/big.txt,80084992,131072
57,057_none_phase_change_run17,none,phase_change,1439,1778267690.0837505,/big.txt,80216064,131072
57,057_none_phase_change_run17,none,phase_change,1440,1778267690.0849948,/big.txt,80347136,131072
57,057_none_phase_change_run17,none,phase_change,1441,1778267690.0862346,/big.txt,80478208,131072
57,057_none_phase_change_run17,none,phase_change,1442,1778267690.0875163,/big.txt,80609280,131072
57,057_none_phase_change_run17,none,phase_change,1443,1778267690.088761,/big.txt,80740352,131072
57,057_none_phase_change_run17,none,phase_change,1444,1778267690.0900006,/big.txt,80871424,131072
57,057_none_phase_change_run17,none,phase_change,1445,1778267690.091262,/big.txt,81002496,131072
57,057_none_phase_change_run17,none,phase_change,1446,1778267690.092507,/big.txt,81133568,131072
57,057_none_phase_change_run17,none,phase_change,1447,1778267690.093758,/big.txt,81264640,131072
57,057_none_phase_change_run17,none,phase_change,1448,1778267690.0950046,/big.txt,81395712,131072
57,057_none_phase_change_run17,none,phase_change,1449,1778267690.0962594,/big.txt,81526784,131072
57,057_none_phase_change_run17,none,phase_change,1450,1778267690.0974991,/big.txt,81657856,131072
57,057_none_phase_change_run17,none,phase_change,1451,1778267690.0987356,/big.txt,81788928,131072
57,057_none_phase_change_run17,none,phase_change,1452,1778267690.0999763,/big.txt,81920000,131072
57,057_none_phase_change_run17,none,phase_change,1453,1778267690.101215,/big.txt,82051072,131072
57,057_none_phase_change_run17,none,phase_change,1454,1778267690.1024637,/big.txt,82182144,131072
57,057_none_phase_change_run17,none,phase_change,1455,1778267690.1037004,/big.txt,82313216,131072
57,057_none_phase_change_run17,none,phase_change,1456,1778267690.1049373,/big.txt,82444288,131072
57,057_none_phase_change_run17,none,phase_change,1457,1778267690.1061788,/big.txt,82575360,131072
57,057_none_phase_change_run17,none,phase_change,1458,1778267690.1074352,/big.txt,82706432,131072
57,057_none_phase_change_run17,none,phase_change,1459,1778267690.108687,/big.txt,82837504,131072
57,057_none_phase_change_run17,none,phase_change,1460,1778267690.1099212,/big.txt,82968576,131072
57,057_none_phase_change_run17,none,phase_change,1461,1778267690.1111612,/big.txt,83099648,131072
57,057_none_phase_change_run17,none,phase_change,1462,1778267690.1124,/big.txt,83230720,131072
57,057_none_phase_change_run17,none,phase_change,1463,1778267690.1136508,/big.txt,83361792,131072
57,057_none_phase_change_run17,none,phase_change,1464,1778267690.1148996,/big.txt,83492864,131072
57,057_none_phase_change_run17,none,phase_change,1465,1778267690.1161344,/big.txt,83623936,131072
57,057_none_phase_change_run17,none,phase_change,1466,1778267690.1173897,/big.txt,83755008,131072
57,057_none_phase_change_run17,none,phase_change,1467,1778267690.1186454,/big.txt,83886080,131072
57,057_none_phase_change_run17,none,phase_change,1468,1778267690.1198952,/big.txt,84017152,131072
57,057_none_phase_change_run17,none,phase_change,1469,1778267690.1211407,/big.txt,84148224,131072
57,057_none_phase_change_run17,none,phase_change,1470,1778267690.1223755,/big.txt,84279296,131072
57,057_none_phase_change_run17,none,phase_change,1471,1778267690.1236353,/big.txt,84410368,131072
57,057_none_phase_change_run17,none,phase_change,1472,1778267690.1249478,/big.txt,84541440,131072
57,057_none_phase_change_run17,none,phase_change,1473,1778267690.126194,/big.txt,84672512,131072
57,057_none_phase_change_run17,none,phase_change,1474,1778267690.1274533,/big.txt,84803584,131072
57,057_none_phase_change_run17,none,phase_change,1475,1778267690.1287,/big.txt,84934656,131072
57,057_none_phase_change_run17,none,phase_change,1476,1778267690.1299353,/big.txt,85065728,131072
57,057_none_phase_change_run17,none,phase_change,1477,1778267690.1313055,/big.txt,85196800,131072
57,057_none_phase_change_run17,none,phase_change,1478,1778267690.132548,/big.txt,85327872,131072
57,057_none_phase_change_run17,none,phase_change,1479,1778267690.1337883,/big.txt,85458944,131072
57,057_none_phase_change_run17,none,phase_change,1480,1778267690.135024,/big.txt,85590016,131072
57,057_none_phase_change_run17,none,phase_change,1481,1778267690.1362603,/big.txt,85721088,131072
57,057_none_phase_change_run17,none,phase_change,1482,1778267690.137502,/big.txt,85852160,131072
57,057_none_phase_change_run17,none,phase_change,1483,1778267690.138748,/big.txt,85983232,131072
57,057_none_phase_change_run17,none,phase_change,1484,1778267690.1399953,/big.txt,86114304,131072
57,057_none_phase_change_run17,none,phase_change,1485,1778267690.141236,/big.txt,86245376,131072
57,057_none_phase_change_run17,none,phase_change,1486,1778267690.1424801,/big.txt,86376448,131072
57,057_none_phase_change_run17,none,phase_change,1487,1778267690.1436863,/big.txt,86507520,131072
57,057_none_phase_change_run17,none,phase_change,1488,1778267690.1449308,/big.txt,86638592,131072
57,057_none_phase_change_run17,none,phase_change,1489,1778267690.1461637,/big.txt,86769664,131072
57,057_none_phase_change_run17,none,phase_change,1490,1778267690.1474342,/big.txt,86900736,131072
57,057_none_phase_change_run17,none,phase_change,1491,1778267690.1486871,/big.txt,87031808,131072
57,057_none_phase_change_run17,none,phase_change,1492,1778267690.1499202,/big.txt,87162880,131072
57,057_none_phase_change_run17,none,phase_change,1493,1778267690.1511612,/big.txt,87293952,131072
57,057_none_phase_change_run17,none,phase_change,1494,1778267690.1524036,/big.txt,87425024,131072
57,057_none_phase_change_run17,none,phase_change,1495,1778267690.1536376,/big.txt,87556096,131072
57,057_none_phase_change_run17,none,phase_change,1496,1778267690.1549082,/big.txt,87687168,131072
57,057_none_phase_change_run17,none,phase_change,1497,1778267690.1561527,/big.txt,87818240,131072
57,057_none_phase_change_run17,none,phase_change,1498,1778267690.1574113,/big.txt,87949312,131072
57,057_none_phase_change_run17,none,phase_change,1499,1778267690.1586564,/big.txt,88080384,131072
57,057_none_phase_change_run17,none,phase_change,1500,1778267690.1599076,/big.txt,88211456,131072
57,057_none_phase_change_run17,none,phase_change,1501,1778267690.161162,/big.txt,88342528,131072
57,057_none_phase_change_run17,none,phase_change,1502,1778267690.162413,/big.txt,88473600,131072
57,057_none_phase_change_run17,none,phase_change,1503,1778267690.16366,/big.txt,88604672,131072
57,057_none_phase_change_run17,none,phase_change,1504,1778267690.1649015,/big.txt,88735744,131072
57,057_none_phase_change_run17,none,phase_change,1505,1778267690.1661541,/big.txt,88866816,131072
57,057_none_phase_change_run17,none,phase_change,1506,1778267690.1674197,/big.txt,88997888,131072
57,057_none_phase_change_run17,none,phase_change,1507,1778267690.1686697,/big.txt,89128960,131072
57,057_none_phase_change_run17,none,phase_change,1508,1778267690.169925,/big.txt,89260032,131072
57,057_none_phase_change_run17,none,phase_change,1509,1778267690.172464,/big.txt,89391104,131072
57,057_none_phase_change_run17,none,phase_change,1510,1778267690.1749787,/big.txt,89522176,131072
57,057_none_phase_change_run17,none,phase_change,1511,1778267690.1774817,/big.txt,89653248,131072
57,057_none_phase_change_run17,none,phase_change,1512,1778267690.1799881,/big.txt,89784320,131072
57,057_none_phase_change_run17,none,phase_change,1513,1778267690.182504,/big.txt,89915392,131072
57,057_none_phase_change_run17,none,phase_change,1514,1778267690.1837924,/big.txt,90046464,131072
57,057_none_phase_change_run17,none,phase_change,1515,1778267690.1850352,/big.txt,90177536,131072
57,057_none_phase_change_run17,none,phase_change,1516,1778267690.1862826,/big.txt,90308608,131072
57,057_none_phase_change_run17,none,phase_change,1517,1778267690.1875496,/big.txt,90439680,131072
57,057_none_phase_change_run17,none,phase_change,1518,1778267690.188853,/big.txt,90570752,131072
57,057_none_phase_change_run17,none,phase_change,1519,1778267690.19009,/big.txt,90701824,131072
57,057_none_phase_change_run17,none,phase_change,1520,1778267690.1913514,/big.txt,90832896,131072
57,057_none_phase_change_run17,none,phase_change,1521,1778267690.1926017,/big.txt,90963968,131072
57,057_none_phase_change_run17,none,phase_change,1522,1778267690.1938446,/big.txt,91095040,131072
57,057_none_phase_change_run17,none,phase_change,1523,1778267690.195214,/big.txt,91226112,131072
57,057_none_phase_change_run17,none,phase_change,1524,1778267690.1964626,/big.txt,91357184,131072
57,057_none_phase_change_run17,none,phase_change,1525,1778267690.1977062,/big.txt,91488256,131072
57,057_none_phase_change_run17,none,phase_change,1526,1778267690.1989527,/big.txt,91619328,131072
57,057_none_phase_change_run17,none,phase_change,1527,1778267690.2002087,/big.txt,91750400,131072
57,057_none_phase_change_run17,none,phase_change,1528,1778267690.2014408,/big.txt,91881472,131072
57,057_none_phase_change_run17,none,phase_change,1529,1778267690.202678,/big.txt,92012544,131072
57,057_none_phase_change_run17,none,phase_change,1530,1778267690.203933,/big.txt,92143616,131072
57,057_none_phase_change_run17,none,phase_change,1531,1778267690.205164,/big.txt,92274688,131072
57,057_none_phase_change_run17,none,phase_change,1532,1778267690.2064104,/big.txt,92405760,131072
57,057_none_phase_change_run17,none,phase_change,1533,1778267690.207658,/big.txt,92536832,131072
57,057_none_phase_change_run17,none,phase_change,1534,1778267690.2088983,/big.txt,92667904,131072
57,057_none_phase_change_run17,none,phase_change,1535,1778267690.2101421,/big.txt,92798976,131072
57,057_none_phase_change_run17,none,phase_change,1536,1778267690.2113976,/big.txt,92930048,131072
57,057_none_phase_change_run17,none,phase_change,1537,1778267690.212641,/big.txt,93061120,131072
57,057_none_phase_change_run17,none,phase_change,1538,1778267690.2138877,/big.txt,93192192,131072
57,057_none_phase_change_run17,none,phase_change,1539,1778267690.2151918,/big.txt,93323264,131072
57,057_none_phase_change_run17,none,phase_change,1540,1778267690.2164342,/big.txt,93454336,131072
57,057_none_phase_change_run17,none,phase_change,1541,1778267690.2176714,/big.txt,93585408,131072
57,057_none_phase_change_run17,none,phase_change,1542,1778267690.2189214,/big.txt,93716480,131072
57,057_none_phase_change_run17,none,phase_change,1543,1778267690.2201731,/big.txt,93847552,131072
57,057_none_phase_change_run17,none,phase_change,1544,1778267690.221412,/big.txt,93978624,131072
57,057_none_phase_change_run17,none,phase_change,1545,1778267690.2226636,/big.txt,94109696,131072
57,057_none_phase_change_run17,none,phase_change,1546,1778267690.2240102,/big.txt,94240768,131072
57,057_none_phase_change_run17,none,phase_change,1547,1778267690.2252567,/big.txt,94371840,131072
57,057_none_phase_change_run17,none,phase_change,1548,1778267690.2264915,/big.txt,94502912,131072
57,057_none_phase_change_run17,none,phase_change,1549,1778267690.2277117,/big.txt,94633984,131072
57,057_none_phase_change_run17,none,phase_change,1550,1778267690.2289567,/big.txt,94765056,131072
57,057_none_phase_change_run17,none,phase_change,1551,1778267690.2301958,/big.txt,94896128,131072
57,057_none_phase_change_run17,none,phase_change,1552,1778267690.2314565,/big.txt,95027200,131072
57,057_none_phase_change_run17,none,phase_change,1553,1778267690.2327018,/big.txt,95158272,131072
57,057_none_phase_change_run17,none,phase_change,1554,1778267690.233946,/big.txt,95289344,131072
57,057_none_phase_change_run17,none,phase_change,1555,1778267690.2352054,/big.txt,95420416,131072
57,057_none_phase_change_run17,none,phase_change,1556,1778267690.2364514,/big.txt,95551488,131072
57,057_none_phase_change_run17,none,phase_change,1557,1778267690.2376885,/big.txt,95682560,131072
57,057_none_phase_change_run17,none,phase_change,1558,1778267690.2389271,/big.txt,95813632,131072
57,057_none_phase_change_run17,none,phase_change,1559,1778267690.2401726,/big.txt,95944704,131072
57,057_none_phase_change_run17,none,phase_change,1560,1778267690.241411,/big.txt,96075776,131072
57,057_none_phase_change_run17,none,phase_change,1561,1778267690.2426496,/big.txt,96206848,131072
57,057_none_phase_change_run17,none,phase_change,1562,1778267690.243958,/big.txt,96337920,131072
57,057_none_phase_change_run17,none,phase_change,1563,1778267690.245192,/big.txt,96468992,131072
57,057_none_phase_change_run17,none,phase_change,1564,1778267690.2464366,/big.txt,96600064,131072
57,057_none_phase_change_run17,none,phase_change,1565,1778267690.2476861,/big.txt,96731136,131072
57,057_none_phase_change_run17,none,phase_change,1566,1778267690.248924,/big.txt,96862208,131072
57,057_none_phase_change_run17,none,phase_change,1567,1778267690.2501676,/big.txt,96993280,131072
57,057_none_phase_change_run17,none,phase_change,1568,1778267690.2514277,/big.txt,97124352,131072
57,057_none_phase_change_run17,none,phase_change,1569,1778267690.2526634,/big.txt,97255424,131072
57,057_none_phase_change_run17,none,phase_change,1570,1778267690.2538998,/big.txt,97386496,131072
57,057_none_phase_change_run17,none,phase_change,1571,1778267690.2551432,/big.txt,97517568,131072
57,057_none_phase_change_run17,none,phase_change,1572,1778267690.2563865,/big.txt,97648640,131072
57,057_none_phase_change_run17,none,phase_change,1573,1778267690.2576184,/big.txt,97779712,131072
57,057_none_phase_change_run17,none,phase_change,1574,1778267690.2588642,/big.txt,97910784,131072
57,057_none_phase_change_run17,none,phase_change,1575,1778267690.260115,/big.txt,98041856,131072
57,057_none_phase_change_run17,none,phase_change,1576,1778267690.2613459,/big.txt,98172928,131072
57,057_none_phase_change_run17,none,phase_change,1577,1778267690.2625787,/big.txt,98304000,131072
57,057_none_phase_change_run17,none,phase_change,1578,1778267690.2638044,/big.txt,98435072,131072
57,057_none_phase_change_run17,none,phase_change,1579,1778267690.265049,/big.txt,98566144,131072
57,057_none_phase_change_run17,none,phase_change,1580,1778267690.2662923,/big.txt,98697216,131072
57,057_none_phase_change_run17,none,phase_change,1581,1778267690.2675467,/big.txt,98828288,131072
57,057_none_phase_change_run17,none,phase_change,1582,1778267690.2688468,/big.txt,98959360,131072
57,057_none_phase_change_run17,none,phase_change,1583,1778267690.270085,/big.txt,99090432,131072
57,057_none_phase_change_run17,none,phase_change,1584,1778267690.2713473,/big.txt,99221504,131072
57,057_none_phase_change_run17,none,phase_change,1585,1778267690.2725906,/big.txt,99352576,131072
57,057_none_phase_change_run17,none,phase_change,1586,1778267690.2738488,/big.txt,99483648,131072
57,057_none_phase_change_run17,none,phase_change,1587,1778267690.2751086,/big.txt,99614720,131072
57,057_none_phase_change_run17,none,phase_change,1588,1778267690.2763708,/big.txt,99745792,131072
57,057_none_phase_change_run17,none,phase_change,1589,1778267690.2776246,/big.txt,99876864,131072
57,057_none_phase_change_run17,none,phase_change,1590,1778267690.2788854,/big.txt,100007936,131072
57,057_none_phase_change_run17,none,phase_change,1591,1778267690.2801306,/big.txt,100139008,131072
57,057_none_phase_change_run17,none,phase_change,1592,1778267690.281375,/big.txt,100270080,131072
57,057_none_phase_change_run17,none,phase_change,1593,1778267690.2826095,/big.txt,100401152,131072
57,057_none_phase_change_run17,none,phase_change,1594,1778267690.2839348,/big.txt,100532224,131072
57,057_none_phase_change_run17,none,phase_change,1595,1778267690.2851737,/big.txt,100663296,131072
57,057_none_phase_change_run17,none,phase_change,1596,1778267690.2864182,/big.txt,100794368,131072
57,057_none_phase_change_run17,none,phase_change,1597,1778267690.2876523,/big.txt,100925440,131072
57,057_none_phase_change_run17,none,phase_change,1598,1778267690.2888997,/big.txt,101056512,131072
57,057_none_phase_change_run17,none,phase_change,1599,1778267690.2901409,/big.txt,101187584,131072
57,057_none_phase_change_run17,none,phase_change,1600,1778267690.2914057,/big.txt,101318656,131072
57,057_none_phase_change_run17,none,phase_change,1601,1778267690.2926407,/big.txt,101449728,131072
57,057_none_phase_change_run17,none,phase_change,1602,1778267690.2938704,/big.txt,101580800,131072
57,057_none_phase_change_run17,none,phase_change,1603,1778267690.2951195,/big.txt,101711872,131072
57,057_none_phase_change_run17,none,phase_change,1604,1778267690.296369,/big.txt,101842944,131072
57,057_none_phase_change_run17,none,phase_change,1605,1778267690.2976038,/big.txt,101974016,131072
57,057_none_phase_change_run17,none,phase_change,1606,1778267690.2989326,/big.txt,102105088,131072
57,057_none_phase_change_run17,none,phase_change,1607,1778267690.3001719,/big.txt,102236160,131072
57,057_none_phase_change_run17,none,phase_change,1608,1778267690.3014147,/big.txt,102367232,131072
57,057_none_phase_change_run17,none,phase_change,1609,1778267690.302658,/big.txt,102498304,131072
57,057_none_phase_change_run17,none,phase_change,1610,1778267690.303921,/big.txt,102629376,131072
57,057_none_phase_change_run17,none,phase_change,1611,1778267690.3051724,/big.txt,102760448,131072
57,057_none_phase_change_run17,none,phase_change,1612,1778267690.3064282,/big.txt,102891520,131072
57,057_none_phase_change_run17,none,phase_change,1613,1778267690.3076646,/big.txt,103022592,131072
57,057_none_phase_change_run17,none,phase_change,1614,1778267690.308902,/big.txt,103153664,131072
57,057_none_phase_change_run17,none,phase_change,1615,1778267690.31015,/big.txt,103284736,131072
57,057_none_phase_change_run17,none,phase_change,1616,1778267690.3113925,/big.txt,103415808,131072
57,057_none_phase_change_run17,none,phase_change,1617,1778267690.3126352,/big.txt,103546880,131072
57,057_none_phase_change_run17,none,phase_change,1618,1778267690.3138795,/big.txt,103677952,131072
57,057_none_phase_change_run17,none,phase_change,1619,1778267690.315206,/big.txt,103809024,131072
57,057_none_phase_change_run17,none,phase_change,1620,1778267690.3164504,/big.txt,103940096,131072
57,057_none_phase_change_run17,none,phase_change,1621,1778267690.317691,/big.txt,104071168,131072
57,057_none_phase_change_run17,none,phase_change,1622,1778267690.3189387,/big.txt,104202240,131072
57,057_none_phase_change_run17,none,phase_change,1623,1778267690.3201742,/big.txt,104333312,131072
57,057_none_phase_change_run17,none,phase_change,1624,1778267690.3214087,/big.txt,104464384,131072
57,057_none_phase_change_run17,none,phase_change,1625,1778267690.3226547,/big.txt,104595456,131072
57,057_none_phase_change_run17,none,phase_change,1626,1778267690.323936,/big.txt,104726528,131072
57,057_none_phase_change_run17,none,phase_change,1627,1778267690.3240604,/big.txt,104857600,0
