run_index,run_label,mode,workload,timestamp,path,offset,size,phase,confidence,decay_rate,seek_delta,prefetch,prefetch_offset,prefetch_size,prefetch_depth,cache_hit,false_negative
328,328_adaptive_sequential_run08,adaptive,sequential,1778276015.653742,/big.txt,0,131072,unknown,0.0000,0.0000,0,0,,,1,1,0
328,328_adaptive_sequential_run08,adaptive,sequential,1778276015.6573892,/big.txt,131072,131072,sequential,1.0000,0.0000,0,1,262144,4096,1,1,1
328,328_adaptive_sequential_run08,adaptive,sequential,1778276015.6606498,/big.txt,262144,131072,sequential,1.0000,0.0000,0,1,393216,4096,1,1,0
328,328_adaptive_sequential_run08,adaptive,sequential,1778276015.6638649,/big.txt,393216,131072,sequential,1.0000,0.0000,0,1,524288,4096,1,1,0
328,328_adaptive_sequential_run08,adaptive,sequential,1778276015.6670809,/big.txt,524288,131072,sequential,1.0000,0.0000,0,1,655360,4096,1,1,0
328,328_adaptive_sequential_run08,adaptive,sequential,1778276015.6703668,/big.txt,655360,131072,sequential,1.0000,0.0000,0,1,786432,4096,1,1,0
328,328_adaptive_sequential_run08,adaptive,sequential,1778276015.6735625,/big.txt,786432,131072,sequential,1.0000,0.0000,0,1,917504,4096,1,1,0
328,328_adaptive_sequential_run08,adaptive,sequential,1778276015.6767356,/big.txt,917504,131072,sequential,1.0000,0.0000,0,1,1048576,4096,1,1,0
328,328_adaptive_sequential_run08,adaptive,sequential,1778276015.6797576,/big.txt,1048576,131072,sequential,1.0000,0.0000,0,1,1179648,4096,1,1,0
328,328_adaptive_sequential_run08,adaptive,sequential,1778276015.6827593,/big.txt,1179648,131072,sequential,1.0000,0.0000,0,1,1310720,4096,1,1,0
328,328_adaptive_sequential_run08,adaptive,sequential,1778276015.6857684,/big.txt,1310720,131072,sequential,1.0000,0.0000,0,1,1441792,4096,1,1,0
328,328_adaptive_sequential_run08,adaptive,sequential,1778276015.6887765,/big.txt,1441792,131072,sequential,1.0000,0.0000,0,1,1572864,4096,1,1,0
328,328_adaptive_sequential_run08,adaptive,sequential,1778276015.6917667,/big.txt,1572864,131072,sequential,1.0000,0.0000,0,1,1703936,4096,1,1,0
328,328_adaptive_sequential_run08,adaptive,sequential,1778276015.694753,/big.txt,1703936,131072,sequential,1.0000,0.0000,0,1,1835008,4096,1,1,0
328,328_adaptive_sequential_run08,adaptive,sequential,1778276015.6977587,/big.txt,1835008,131072,sequential,1.0000,0.0000,0,1,1966080,4096,1,1,0
328,328_adaptive_sequential_run08,adaptive,sequential,1778276015.7007754,/big.txt,1966080,131072,sequential,1.0000,0.0000,0,1,2097152,4096,1,1,0
328,328_adaptive_sequential_run08,adaptive,sequential,1778276015.7038517,/big.txt,2097152,131072,sequential,1.0000,0.0000,0,1,2228224,4096,1,1,0
328,328_adaptive_sequential_run08,adaptive,sequential,1778276015.7069118,/big.txt,2228224,131072,sequential,1.0000,0.0000,0,1,2359296,4096,1,1,0
328,328_adaptive_sequential_run08,adaptive,sequential,1778276015.7098606,/big.txt,2359296,131072,sequential,1.0000,0.0000,0,1,2490368,4096,1,1,0
328,328_adaptive_sequential_run08,adaptive,sequential,1778276015.7128503,/big.txt,2490368,131072,sequential,1.0000,0.0000,0,1,2621440,4096,1,1,0
328,328_adaptive_sequential_run08,adaptive,sequential,1778276015.7158375,/big.txt,2621440,131072,sequential,1.0000,0.0000,0,1,2752512,4096,1,1,0
328,328_adaptive_sequential_run08,adaptive,sequential,1778276015.7189355,/big.txt,2752512,131072,sequential,1.0000,0.0000,0,1,2883584,4096,1,1,0
328,328_adaptive_sequential_run08,adaptive,sequential,1778276015.7219403,/big.txt,2883584,131072,sequential,1.0000,0.0000,0,1,3014656,4096,1,1,0
328,328_adaptive_sequential_run08,adaptive,sequential,1778276015.7249577,/big.txt,3014656,131072,sequential,1.0000,0.0000,0,1,3145728,4096,1,1,0
328,328_adaptive_sequential_run08,adaptive,sequential,1778276015.7279365,/big.txt,3145728,131072,sequential,1.0000,0.0000,0,1,3276800,4096,1,1,0
328,328_adaptive_sequential_run08,adaptive,sequential,1778276015.7308896,/big.txt,3276800,131072,sequential,1.0000,0.0000,0,1,3407872,4096,1,1,0
328,328_adaptive_sequential_run08,adaptive,sequential,1778276015.7338417,/big.txt,3407872,131072,sequential,1.0000,0.0000,0,1,3538944,4096,1,1,0
328,328_adaptive_sequential_run08,adaptive,sequential,1778276015.7367284,/big.txt,3538944,131072,sequential,1.0000,0.0000,0,1,3670016,4096,1,1,0
328,328_adaptive_sequential_run08,adaptive,sequential,1778276015.7396097,/big.txt,3670016,131072,sequential,1.0000,0.0000,0,1,3801088,4096,1,1,0
328,328_adaptive_sequential_run08,adaptive,sequential,1778276015.7423549,/big.txt,3801088,131072,sequential,1.0000,0.0000,0,1,3932160,4096,1,1,0
328,328_adaptive_sequential_run08,adaptive,sequential,1778276015.7451968,/big.txt,3932160,131072,sequential,1.0000,0.0000,0,1,4063232,4096,1,1,0
328,328_adaptive_sequential_run08,adaptive,sequential,1778276015.7480118,/big.txt,4063232,131072,sequential,1.0000,0.0000,0,1,4194304,4096,1,1,0
328,328_adaptive_sequential_run08,adaptive,sequential,1778276015.7507834,/big.txt,4194304,131072,sequential,1.0000,0.0000,0,1,4325376,4096,1,1,0
328,328_adaptive_sequential_run08,adaptive,sequential,1778276015.7535536,/big.txt,4325376,131072,sequential,1.0000,0.0000,0,1,4456448,4096,1,1,0
328,328_adaptive_sequential_run08,adaptive,sequential,1778276015.7562969,/big.txt,4456448,131072,sequential,1.0000,0.0000,0,1,4587520,4096,1,1,0
328,328_adaptive_sequential_run08,adaptive,sequential,1778276015.7589858,/big.txt,4587520,131072,sequential,1.0000,0.0000,0,1,4718592,4096,1,1,0
328,328_adaptive_sequential_run08,adaptive,sequential,1778276015.7616212,/big.txt,4718592,131072,sequential,1.0000,0.0000,0,1,4849664,4096,1,1,0
328,328_adaptive_sequential_run08,adaptive,sequential,1778276015.7642522,/big.txt,4849664,131072,sequential,1.0000,0.0000,0,1,4980736,4096,1,1,0
328,328_adaptive_sequential_run08,adaptive,sequential,1778276015.7668848,/big.txt,4980736,131072,sequential,1.0000,0.0000,0,1,5111808,4096,1,1,0
328,328_adaptive_sequential_run08,adaptive,sequential,1778276015.7694862,/big.txt,5111808,131072,sequential,1.0000,0.0000,0,1,5242880,4096,1,1,0
328,328_adaptive_sequential_run08,adaptive,sequential,1778276015.7721584,/big.txt,5242880,131072,sequential,1.0000,0.0000,0,1,5373952,4096,1,1,0
328,328_adaptive_sequential_run08,adaptive,sequential,1778276015.7748032,/big.txt,5373952,131072,sequential,1.0000,0.0000,0,1,5505024,4096,1,1,0
328,328_adaptive_sequential_run08,adaptive,sequential,1778276015.7774541,/big.txt,5505024,131072,sequential,1.0000,0.0000,0,1,5636096,4096,1,1,0
328,328_adaptive_sequential_run08,adaptive,sequential,1778276015.780082,/big.txt,5636096,131072,sequential,1.0000,0.0000,0,1,5767168,4096,1,1,0
328,328_adaptive_sequential_run08,adaptive,sequential,1778276015.782682,/big.txt,5767168,131072,sequential,1.0000,0.0000,0,1,5898240,4096,1,1,0
328,328_adaptive_sequential_run08,adaptive,sequential,1778276015.7852986,/big.txt,5898240,131072,sequential,1.0000,0.0000,0,1,6029312,4096,1,1,0
328,328_adaptive_sequential_run08,adaptive,sequential,1778276015.787935,/big.txt,6029312,131072,sequential,1.0000,0.0000,0,1,6160384,4096,1,1,0
328,328_adaptive_sequential_run08,adaptive,sequential,1778276015.79056,/big.txt,6160384,131072,sequential,1.0000,0.0000,0,1,6291456,4096,1,1,0
328,328_adaptive_sequential_run08,adaptive,sequential,1778276015.793193,/big.txt,6291456,131072,sequential,1.0000,0.0000,0,1,6422528,4096,1,1,0
328,328_adaptive_sequential_run08,adaptive,sequential,1778276015.795893,/big.txt,6422528,131072,sequential,1.0000,0.0000,0,1,6553600,4096,1,1,0
328,328_adaptive_sequential_run08,adaptive,sequential,1778276015.7984674,/big.txt,6553600,131072,sequential,1.0000,0.0000,0,1,6684672,4096,1,1,0
328,328_adaptive_sequential_run08,adaptive,sequential,1778276015.8011,/big.txt,6684672,131072,sequential,1.0000,0.0000,0,1,6815744,4096,1,1,0
328,328_adaptive_sequential_run08,adaptive,sequential,1778276015.803721,/big.txt,6815744,131072,sequential,1.0000,0.0000,0,1,6946816,4096,1,1,0
328,328_adaptive_sequential_run08,adaptive,sequential,1778276015.8063655,/big.txt,6946816,131072,sequential,1.0000,0.0000,0,1,7077888,4096,1,1,0
328,328_adaptive_sequential_run08,adaptive,sequential,1778276015.8090923,/big.txt,7077888,131072,sequential,1.0000,0.0000,0,1,7208960,4096,1,1,0
328,328_adaptive_sequential_run08,adaptive,sequential,1778276015.8118167,/big.txt,7208960,131072,sequential,1.0000,0.0000,0,1,7340032,4096,1,1,0
328,328_adaptive_sequential_run08,adaptive,sequential,1778276015.814478,/big.txt,7340032,131072,sequential,1.0000,0.0000,0,1,7471104,4096,1,1,0
328,328_adaptive_sequential_run08,adaptive,sequential,1778276015.817082,/big.txt,7471104,131072,sequential,1.0000,0.0000,0,1,7602176,4096,1,1,0
328,328_adaptive_sequential_run08,adaptive,sequential,1778276015.8197699,/big.txt,7602176,131072,sequential,1.0000,0.0000,0,1,7733248,4096,1,1,0
328,328_adaptive_sequential_run08,adaptive,sequential,1778276015.8223696,/big.txt,7733248,131072,sequential,1.0000,0.0000,0,1,7864320,4096,1,1,0
328,328_adaptive_sequential_run08,adaptive,sequential,1778276015.825042,/big.txt,7864320,131072,sequential,1.0000,0.0000,0,1,7995392,4096,1,1,0
328,328_adaptive_sequential_run08,adaptive,sequential,1778276015.8276875,/big.txt,7995392,131072,sequential,1.0000,0.0000,0,1,8126464,4096,1,1,0
328,328_adaptive_sequential_run08,adaptive,sequential,1778276015.8303638,/big.txt,8126464,131072,sequential,1.0000,0.0000,0,1,8257536,4096,1,1,0
328,328_adaptive_sequential_run08,adaptive,sequential,1778276015.832997,/big.txt,8257536,131072,sequential,1.0000,0.0000,0,1,8388608,4096,1,1,0
328,328_adaptive_sequential_run08,adaptive,sequential,1778276015.835633,/big.txt,8388608,131072,sequential,1.0000,0.0000,0,1,8519680,4096,1,1,0
328,328_adaptive_sequential_run08,adaptive,sequential,1778276015.8383038,/big.txt,8519680,131072,sequential,1.0000,0.0000,0,1,8650752,4096,1,1,0
328,328_adaptive_sequential_run08,adaptive,sequential,1778276015.8409948,/big.txt,8650752,131072,sequential,1.0000,0.0000,0,1,8781824,4096,1,1,0
328,328_adaptive_sequential_run08,adaptive,sequential,1778276015.8436975,/big.txt,8781824,131072,sequential,1.0000,0.0000,0,1,8912896,4096,1,1,0
328,328_adaptive_sequential_run08,adaptive,sequential,1778276015.8463707,/big.txt,8912896,131072,sequential,1.0000,0.0000,0,1,9043968,4096,1,1,0
328,328_adaptive_sequential_run08,adaptive,sequential,1778276015.8490665,/big.txt,9043968,131072,sequential,1.0000,0.0000,0,1,9175040,4096,1,1,0
328,328_adaptive_sequential_run08,adaptive,sequential,1778276015.8517332,/big.txt,9175040,131072,sequential,1.0000,0.0000,0,1,9306112,4096,1,1,0
328,328_adaptive_sequential_run08,adaptive,sequential,1778276015.8543599,/big.txt,9306112,131072,sequential,1.0000,0.0000,0,1,9437184,4096,1,1,0
328,328_adaptive_sequential_run08,adaptive,sequential,1778276015.8570385,/big.txt,9437184,131072,sequential,1.0000,0.0000,0,1,9568256,4096,1,1,0
328,328_adaptive_sequential_run08,adaptive,sequential,1778276015.8596957,/big.txt,9568256,131072,sequential,1.0000,0.0000,0,1,9699328,4096,1,1,0
328,328_adaptive_sequential_run08,adaptive,sequential,1778276015.8623135,/big.txt,9699328,131072,sequential,1.0000,0.0000,0,1,9830400,4096,1,1,0
328,328_adaptive_sequential_run08,adaptive,sequential,1778276015.8649454,/big.txt,9830400,131072,sequential,1.0000,0.0000,0,1,9961472,4096,1,1,0
328,328_adaptive_sequential_run08,adaptive,sequential,1778276015.8675818,/big.txt,9961472,131072,sequential,1.0000,0.0000,0,1,10092544,4096,1,1,0
328,328_adaptive_sequential_run08,adaptive,sequential,1778276015.8702028,/big.txt,10092544,131072,sequential,1.0000,0.0000,0,1,10223616,4096,1,1,0
328,328_adaptive_sequential_run08,adaptive,sequential,1778276015.872826,/big.txt,10223616,131072,sequential,1.0000,0.0000,0,1,10354688,4096,1,1,0
328,328_adaptive_sequential_run08,adaptive,sequential,1778276015.8754728,/big.txt,10354688,131072,sequential,1.0000,0.0000,0,1,10485760,4096,1,1,0
328,328_adaptive_sequential_run08,adaptive,sequential,1778276015.878183,/big.txt,10485760,131072,sequential,1.0000,0.0000,0,1,10616832,4096,1,1,0
328,328_adaptive_sequential_run08,adaptive,sequential,1778276015.8808472,/big.txt,10616832,131072,sequential,1.0000,0.0000,0,1,10747904,4096,1,1,0
328,328_adaptive_sequential_run08,adaptive,sequential,1778276015.883484,/big.txt,10747904,131072,sequential,1.0000,0.0000,0,1,10878976,4096,1,1,0
328,328_adaptive_sequential_run08,adaptive,sequential,1778276015.8861368,/big.txt,10878976,131072,sequential,1.0000,0.0000,0,1,11010048,4096,1,1,0
328,328_adaptive_sequential_run08,adaptive,sequential,1778276015.8888266,/big.txt,11010048,131072,sequential,1.0000,0.0000,0,1,11141120,4096,1,1,0
328,328_adaptive_sequential_run08,adaptive,sequential,1778276015.8914955,/big.txt,11141120,131072,sequential,1.0000,0.0000,0,1,11272192,4096,1,1,0
328,328_adaptive_sequential_run08,adaptive,sequential,1778276015.8941352,/big.txt,11272192,131072,sequential,1.0000,0.0000,0,1,11403264,4096,1,1,0
328,328_adaptive_sequential_run08,adaptive,sequential,1778276015.8968027,/big.txt,11403264,131072,sequential,1.0000,0.0000,0,1,11534336,4096,1,1,0
328,328_adaptive_sequential_run08,adaptive,sequential,1778276015.8995671,/big.txt,11534336,131072,sequential,1.0000,0.0000,0,1,11665408,4096,1,1,0
328,328_adaptive_sequential_run08,adaptive,sequential,1778276015.9021711,/big.txt,11665408,131072,sequential,1.0000,0.0000,0,1,11796480,4096,1,1,0
328,328_adaptive_sequential_run08,adaptive,sequential,1778276015.9048157,/big.txt,11796480,131072,sequential,1.0000,0.0000,0,1,11927552,4096,1,1,0
328,328_adaptive_sequential_run08,adaptive,sequential,1778276015.9074538,/big.txt,11927552,131072,sequential,1.0000,0.0000,0,1,12058624,4096,1,1,0
328,328_adaptive_sequential_run08,adaptive,sequential,1778276015.9100833,/big.txt,12058624,131072,sequential,1.0000,0.0000,0,1,12189696,4096,1,1,0
328,328_adaptive_sequential_run08,adaptive,sequential,1778276015.9127436,/big.txt,12189696,131072,sequential,1.0000,0.0000,0,1,12320768,4096,1,1,0
328,328_adaptive_sequential_run08,adaptive,sequential,1778276015.9153986,/big.txt,12320768,131072,sequential,1.0000,0.0000,0,1,12451840,4096,1,1,0
328,328_adaptive_sequential_run08,adaptive,sequential,1778276015.9180129,/big.txt,12451840,131072,sequential,1.0000,0.0000,0,1,12582912,4096,1,1,0
328,328_adaptive_sequential_run08,adaptive,sequential,1778276015.920685,/big.txt,12582912,131072,sequential,1.0000,0.0000,0,1,12713984,4096,1,1,0
328,328_adaptive_sequential_run08,adaptive,sequential,1778276015.923406,/big.txt,12713984,131072,sequential,1.0000,0.0000,0,1,12845056,4096,1,1,0
328,328_adaptive_sequential_run08,adaptive,sequential,1778276015.9260135,/big.txt,12845056,131072,sequential,1.0000,0.0000,0,1,12976128,4096,1,1,0
328,328_adaptive_sequential_run08,adaptive,sequential,1778276015.928689,/big.txt,12976128,131072,sequential,1.0000,0.0000,0,1,13107200,4096,1,1,0
328,328_adaptive_sequential_run08,adaptive,sequential,1778276015.93136,/big.txt,13107200,131072,sequential,1.0000,0.0000,0,1,13238272,4096,1,1,0
328,328_adaptive_sequential_run08,adaptive,sequential,1778276015.9340408,/big.txt,13238272,131072,sequential,1.0000,0.0000,0,1,13369344,4096,1,1,0
328,328_adaptive_sequential_run08,adaptive,sequential,1778276015.9367537,/big.txt,13369344,131072,sequential,1.0000,0.0000,0,1,13500416,4096,1,1,0
328,328_adaptive_sequential_run08,adaptive,sequential,1778276015.9394383,/big.txt,13500416,131072,sequential,1.0000,0.0000,0,1,13631488,4096,1,1,0
328,328_adaptive_sequential_run08,adaptive,sequential,1778276015.9420981,/big.txt,13631488,131072,sequential,1.0000,0.0000,0,1,13762560,4096,1,1,0
328,328_adaptive_sequential_run08,adaptive,sequential,1778276015.9448001,/big.txt,13762560,131072,sequential,1.0000,0.0000,0,1,13893632,4096,1,1,0
328,328_adaptive_sequential_run08,adaptive,sequential,1778276015.9475114,/big.txt,13893632,131072,sequential,1.0000,0.0000,0,1,14024704,4096,1,1,0
328,328_adaptive_sequential_run08,adaptive,sequential,1778276015.9501526,/big.txt,14024704,131072,sequential,1.0000,0.0000,0,1,14155776,4096,1,1,0
328,328_adaptive_sequential_run08,adaptive,sequential,1778276015.952827,/big.txt,14155776,131072,sequential,1.0000,0.0000,0,1,14286848,4096,1,1,0
328,328_adaptive_sequential_run08,adaptive,sequential,1778276015.9554946,/big.txt,14286848,131072,sequential,1.0000,0.0000,0,1,14417920,4096,1,1,0
328,328_adaptive_sequential_run08,adaptive,sequential,1778276015.9581149,/big.txt,14417920,131072,sequential,1.0000,0.0000,0,1,14548992,4096,1,1,0
328,328_adaptive_sequential_run08,adaptive,sequential,1778276015.9607906,/big.txt,14548992,131072,sequential,1.0000,0.0000,0,1,14680064,4096,1,1,0
328,328_adaptive_sequential_run08,adaptive,sequential,1778276015.9634566,/big.txt,14680064,131072,sequential,1.0000,0.0000,0,1,14811136,4096,1,1,0
328,328_adaptive_sequential_run08,adaptive,sequential,1778276015.9661384,/big.txt,14811136,131072,sequential,1.0000,0.0000,0,1,14942208,4096,1,1,0
328,328_adaptive_sequential_run08,adaptive,sequential,1778276015.9688153,/big.txt,14942208,131072,sequential,1.0000,0.0000,0,1,15073280,4096,1,1,0
328,328_adaptive_sequential_run08,adaptive,sequential,1778276015.973151,/big.txt,15073280,131072,sequential,1.0000,0.0000,0,1,15204352,4096,1,1,0
328,328_adaptive_sequential_run08,adaptive,sequential,1778276015.9784558,/big.txt,15204352,131072,sequential,1.0000,0.0000,0,1,15335424,4096,1,1,0
328,328_adaptive_sequential_run08,adaptive,sequential,1778276015.9832253,/big.txt,15335424,131072,sequential,1.0000,0.0000,0,1,15466496,4096,1,1,0
328,328_adaptive_sequential_run08,adaptive,sequential,1778276015.985882,/big.txt,15466496,131072,sequential,1.0000,0.0000,0,1,15597568,4096,1,1,0
328,328_adaptive_sequential_run08,adaptive,sequential,1778276015.9886656,/big.txt,15597568,131072,sequential,1.0000,0.0000,0,1,15728640,4096,1,1,0
328,328_adaptive_sequential_run08,adaptive,sequential,1778276015.9913986,/big.txt,15728640,131072,sequential,1.0000,0.0000,0,1,15859712,4096,1,1,0
328,328_adaptive_sequential_run08,adaptive,sequential,1778276015.9940674,/big.txt,15859712,131072,sequential,1.0000,0.0000,0,1,15990784,4096,1,1,0
328,328_adaptive_sequential_run08,adaptive,sequential,1778276015.9967813,/big.txt,15990784,131072,sequential,1.0000,0.0000,0,1,16121856,4096,1,1,0
328,328_adaptive_sequential_run08,adaptive,sequential,1778276015.999498,/big.txt,16121856,131072,sequential,1.0000,0.0000,0,1,16252928,4096,1,1,0
328,328_adaptive_sequential_run08,adaptive,sequential,1778276016.0021684,/big.txt,16252928,131072,sequential,1.0000,0.0000,0,1,16384000,4096,1,1,0
328,328_adaptive_sequential_run08,adaptive,sequential,1778276016.004889,/big.txt,16384000,131072,sequential,1.0000,0.0000,0,1,16515072,4096,1,1,0
328,328_adaptive_sequential_run08,adaptive,sequential,1778276016.0075896,/big.txt,16515072,131072,sequential,1.0000,0.0000,0,1,16646144,4096,1,1,0
328,328_adaptive_sequential_run08,adaptive,sequential,1778276016.0102384,/big.txt,16646144,131072,sequential,1.0000,0.0000,0,1,16777216,4096,1,1,0
328,328_adaptive_sequential_run08,adaptive,sequential,1778276016.012946,/big.txt,16777216,131072,sequential,1.0000,0.0000,0,1,16908288,4096,1,1,0
328,328_adaptive_sequential_run08,adaptive,sequential,1778276016.0156243,/big.txt,16908288,131072,sequential,1.0000,0.0000,0,1,17039360,4096,1,1,0
328,328_adaptive_sequential_run08,adaptive,sequential,1778276016.0182667,/big.txt,17039360,131072,sequential,1.0000,0.0000,0,1,17170432,4096,1,1,0
328,328_adaptive_sequential_run08,adaptive,sequential,1778276016.0209553,/big.txt,17170432,131072,sequential,1.0000,0.0000,0,1,17301504,4096,1,1,0
328,328_adaptive_sequential_run08,adaptive,sequential,1778276016.0236363,/big.txt,17301504,131072,sequential,1.0000,0.0000,0,1,17432576,4096,1,1,0
328,328_adaptive_sequential_run08,adaptive,sequential,1778276016.0262794,/big.txt,17432576,131072,sequential,1.0000,0.0000,0,1,17563648,4096,1,1,0
328,328_adaptive_sequential_run08,adaptive,sequential,1778276016.0289848,/big.txt,17563648,131072,sequential,1.0000,0.0000,0,1,17694720,4096,1,1,0
328,328_adaptive_sequential_run08,adaptive,sequential,1778276016.0316584,/big.txt,17694720,131072,sequential,1.0000,0.0000,0,1,17825792,4096,1,1,0
328,328_adaptive_sequential_run08,adaptive,sequential,1778276016.034337,/big.txt,17825792,131072,sequential,1.0000,0.0000,0,1,17956864,4096,1,1,0
328,328_adaptive_sequential_run08,adaptive,sequential,1778276016.037035,/big.txt,17956864,131072,sequential,1.0000,0.0000,0,1,18087936,4096,1,1,0
328,328_adaptive_sequential_run08,adaptive,sequential,1778276016.0397089,/big.txt,18087936,131072,sequential,1.0000,0.0000,0,1,18219008,4096,1,1,0
328,328_adaptive_sequential_run08,adaptive,sequential,1778276016.0429308,/big.txt,18219008,131072,sequential,1.0000,0.0000,0,1,18350080,4096,1,1,0
328,328_adaptive_sequential_run08,adaptive,sequential,1778276016.0451517,/big.txt,18350080,131072,sequential,1.0000,0.0000,0,1,18481152,4096,1,1,0
328,328_adaptive_sequential_run08,adaptive,sequential,1778276016.0473545,/big.txt,18481152,131072,sequential,1.0000,0.0000,0,1,18612224,4096,1,1,0
328,328_adaptive_sequential_run08,adaptive,sequential,1778276016.0495276,/big.txt,18612224,131072,sequential,1.0000,0.0000,0,1,18743296,4096,1,1,0
328,328_adaptive_sequential_run08,adaptive,sequential,1778276016.0517116,/big.txt,18743296,131072,sequential,1.0000,0.0000,0,1,18874368,4096,1,1,0
328,328_adaptive_sequential_run08,adaptive,sequential,1778276016.0538783,/big.txt,18874368,131072,sequential,1.0000,0.0000,0,1,19005440,4096,1,1,0
328,328_adaptive_sequential_run08,adaptive,sequential,1778276016.056065,/big.txt,19005440,131072,sequential,1.0000,0.0000,0,1,19136512,4096,1,1,0
328,328_adaptive_sequential_run08,adaptive,sequential,1778276016.05824,/big.txt,19136512,131072,sequential,1.0000,0.0000,0,1,19267584,4096,1,1,0
328,328_adaptive_sequential_run08,adaptive,sequential,1778276016.060448,/big.txt,19267584,131072,sequential,1.0000,0.0000,0,1,19398656,4096,1,1,0
328,328_adaptive_sequential_run08,adaptive,sequential,1778276016.0626054,/big.txt,19398656,131072,sequential,1.0000,0.0000,0,1,19529728,4096,1,1,0
328,328_adaptive_sequential_run08,adaptive,sequential,1778276016.0649595,/big.txt,19529728,131072,sequential,1.0000,0.0000,0,1,19660800,4096,1,1,0
328,328_adaptive_sequential_run08,adaptive,sequential,1778276016.0671341,/big.txt,19660800,131072,sequential,1.0000,0.0000,0,1,19791872,4096,1,1,0
328,328_adaptive_sequential_run08,adaptive,sequential,1778276016.0693178,/big.txt,19791872,131072,sequential,1.0000,0.0000,0,1,19922944,4096,1,1,0
328,328_adaptive_sequential_run08,adaptive,sequential,1778276016.071484,/big.txt,19922944,131072,sequential,1.0000,0.0000,0,1,20054016,4096,1,1,0
328,328_adaptive_sequential_run08,adaptive,sequential,1778276016.073645,/big.txt,20054016,131072,sequential,1.0000,0.0000,0,1,20185088,4096,1,1,0
328,328_adaptive_sequential_run08,adaptive,sequential,1778276016.0758295,/big.txt,20185088,131072,sequential,1.0000,0.0000,0,1,20316160,4096,1,1,0
328,328_adaptive_sequential_run08,adaptive,sequential,1778276016.0779963,/big.txt,20316160,131072,sequential,1.0000,0.0000,0,1,20447232,4096,1,1,0
328,328_adaptive_sequential_run08,adaptive,sequential,1778276016.0801907,/big.txt,20447232,131072,sequential,1.0000,0.0000,0,1,20578304,4096,1,1,0
328,328_adaptive_sequential_run08,adaptive,sequential,1778276016.0823824,/big.txt,20578304,131072,sequential,1.0000,0.0000,0,1,20709376,4096,1,1,0
328,328_adaptive_sequential_run08,adaptive,sequential,1778276016.084582,/big.txt,20709376,131072,sequential,1.0000,0.0000,0,1,20840448,4096,1,1,0
328,328_adaptive_sequential_run08,adaptive,sequential,1778276016.0867596,/big.txt,20840448,131072,sequential,1.0000,0.0000,0,1,20971520,4096,1,1,0
328,328_adaptive_sequential_run08,adaptive,sequential,1778276016.0890002,/big.txt,20971520,131072,sequential,1.0000,0.0000,0,1,21102592,4096,1,1,0
328,328_adaptive_sequential_run08,adaptive,sequential,1778276016.091285,/big.txt,21102592,131072,sequential,1.0000,0.0000,0,1,21233664,4096,1,1,0
328,328_adaptive_sequential_run08,adaptive,sequential,1778276016.0934758,/big.txt,21233664,131072,sequential,1.0000,0.0000,0,1,21364736,4096,1,1,0
328,328_adaptive_sequential_run08,adaptive,sequential,1778276016.0956907,/big.txt,21364736,131072,sequential,1.0000,0.0000,0,1,21495808,4096,1,1,0
328,328_adaptive_sequential_run08,adaptive,sequential,1778276016.0978808,/big.txt,21495808,131072,sequential,1.0000,0.0000,0,1,21626880,4096,1,1,0
328,328_adaptive_sequential_run08,adaptive,sequential,1778276016.1000745,/big.txt,21626880,131072,sequential,1.0000,0.0000,0,1,21757952,4096,1,1,0
328,328_adaptive_sequential_run08,adaptive,sequential,1778276016.1022487,/big.txt,21757952,131072,sequential,1.0000,0.0000,0,1,21889024,4096,1,1,0
328,328_adaptive_sequential_run08,adaptive,sequential,1778276016.104447,/big.txt,21889024,131072,sequential,1.0000,0.0000,0,1,22020096,4096,1,1,0
328,328_adaptive_sequential_run08,adaptive,sequential,1778276016.1066198,/big.txt,22020096,131072,sequential,1.0000,0.0000,0,1,22151168,4096,1,1,0
328,328_adaptive_sequential_run08,adaptive,sequential,1778276016.1088073,/big.txt,22151168,131072,sequential,1.0000,0.0000,0,1,22282240,4096,1,1,0
328,328_adaptive_sequential_run08,adaptive,sequential,1778276016.1109943,/big.txt,22282240,131072,sequential,1.0000,0.0000,0,1,22413312,4096,1,1,0
328,328_adaptive_sequential_run08,adaptive,sequential,1778276016.1131866,/big.txt,22413312,131072,sequential,1.0000,0.0000,0,1,22544384,4096,1,1,0
328,328_adaptive_sequential_run08,adaptive,sequential,1778276016.115368,/big.txt,22544384,131072,sequential,1.0000,0.0000,0,1,22675456,4096,1,1,0
328,328_adaptive_sequential_run08,adaptive,sequential,1778276016.1175303,/big.txt,22675456,131072,sequential,1.0000,0.0000,0,1,22806528,4096,1,1,0
328,328_adaptive_sequential_run08,adaptive,sequential,1778276016.119754,/big.txt,22806528,131072,sequential,1.0000,0.0000,0,1,22937600,4096,1,1,0
328,328_adaptive_sequential_run08,adaptive,sequential,1778276016.1219463,/big.txt,22937600,131072,sequential,1.0000,0.0000,0,1,23068672,4096,1,1,0
328,328_adaptive_sequential_run08,adaptive,sequential,1778276016.1241436,/big.txt,23068672,131072,sequential,1.0000,0.0000,0,1,23199744,4096,1,1,0
328,328_adaptive_sequential_run08,adaptive,sequential,1778276016.1263306,/big.txt,23199744,131072,sequential,1.0000,0.0000,0,1,23330816,4096,1,1,0
328,328_adaptive_sequential_run08,adaptive,sequential,1778276016.1285355,/big.txt,23330816,131072,sequential,1.0000,0.0000,0,1,23461888,4096,1,1,0
328,328_adaptive_sequential_run08,adaptive,sequential,1778276016.1307178,/big.txt,23461888,131072,sequential,1.0000,0.0000,0,1,23592960,4096,1,1,0
328,328_adaptive_sequential_run08,adaptive,sequential,1778276016.13297,/big.txt,23592960,131072,sequential,1.0000,0.0000,0,1,23724032,4096,1,1,0
328,328_adaptive_sequential_run08,adaptive,sequential,1778276016.1351452,/big.txt,23724032,131072,sequential,1.0000,0.0000,0,1,23855104,4096,1,1,0
328,328_adaptive_sequential_run08,adaptive,sequential,1778276016.1373086,/big.txt,23855104,131072,sequential,1.0000,0.0000,0,1,23986176,4096,1,1,0
328,328_adaptive_sequential_run08,adaptive,sequential,1778276016.139469,/big.txt,23986176,131072,sequential,1.0000,0.0000,0,1,24117248,4096,1,1,0
328,328_adaptive_sequential_run08,adaptive,sequential,1778276016.1416428,/big.txt,24117248,131072,sequential,1.0000,0.0000,0,1,24248320,4096,1,1,0
328,328_adaptive_sequential_run08,adaptive,sequential,1778276016.143823,/big.txt,24248320,131072,sequential,1.0000,0.0000,0,1,24379392,4096,1,1,0
328,328_adaptive_sequential_run08,adaptive,sequential,1778276016.1459916,/big.txt,24379392,131072,sequential,1.0000,0.0000,0,1,24510464,4096,1,1,0
328,328_adaptive_sequential_run08,adaptive,sequential,1778276016.1481814,/big.txt,24510464,131072,sequential,1.0000,0.0000,0,1,24641536,4096,1,1,0
328,328_adaptive_sequential_run08,adaptive,sequential,1778276016.150367,/big.txt,24641536,131072,sequential,1.0000,0.0000,0,1,24772608,4096,1,1,0
328,328_adaptive_sequential_run08,adaptive,sequential,1778276016.1525521,/big.txt,24772608,131072,sequential,1.0000,0.0000,0,1,24903680,4096,1,1,0
328,328_adaptive_sequential_run08,adaptive,sequential,1778276016.1547186,/big.txt,24903680,131072,sequential,1.0000,0.0000,0,1,25034752,4096,1,1,0
328,328_adaptive_sequential_run08,adaptive,sequential,1778276016.159188,/big.txt,25034752,131072,sequential,1.0000,0.0000,0,1,25165824,4096,1,1,0
328,328_adaptive_sequential_run08,adaptive,sequential,1778276016.16359,/big.txt,25165824,131072,sequential,1.0000,0.0000,0,1,25296896,4096,1,1,0
328,328_adaptive_sequential_run08,adaptive,sequential,1778276016.1673262,/big.txt,25296896,131072,sequential,1.0000,0.0000,0,1,25427968,4096,1,1,0
328,328_adaptive_sequential_run08,adaptive,sequential,1778276016.1695015,/big.txt,25427968,131072,sequential,1.0000,0.0000,0,1,25559040,4096,1,1,0
328,328_adaptive_sequential_run08,adaptive,sequential,1778276016.17171,/big.txt,25559040,131072,sequential,1.0000,0.0000,0,1,25690112,4096,1,1,0
328,328_adaptive_sequential_run08,adaptive,sequential,1778276016.1738875,/big.txt,25690112,131072,sequential,1.0000,0.0000,0,1,25821184,4096,1,1,0
328,328_adaptive_sequential_run08,adaptive,sequential,1778276016.1760855,/big.txt,25821184,131072,sequential,1.0000,0.0000,0,1,25952256,4096,1,1,0
328,328_adaptive_sequential_run08,adaptive,sequential,1778276016.1782632,/big.txt,25952256,131072,sequential,1.0000,0.0000,0,1,26083328,4096,1,1,0
328,328_adaptive_sequential_run08,adaptive,sequential,1778276016.1804528,/big.txt,26083328,131072,sequential,1.0000,0.0000,0,1,26214400,4096,1,1,0
328,328_adaptive_sequential_run08,adaptive,sequential,1778276016.1826546,/big.txt,26214400,131072,sequential,1.0000,0.0000,0,1,26345472,4096,1,1,0
328,328_adaptive_sequential_run08,adaptive,sequential,1778276016.1848605,/big.txt,26345472,131072,sequential,1.0000,0.0000,0,1,26476544,4096,1,1,0
328,328_adaptive_sequential_run08,adaptive,sequential,1778276016.1870787,/big.txt,26476544,131072,sequential,1.0000,0.0000,0,1,26607616,4096,1,1,0
328,328_adaptive_sequential_run08,adaptive,sequential,1778276016.189255,/big.txt,26607616,131072,sequential,1.0000,0.0000,0,1,26738688,4096,1,1,0
328,328_adaptive_sequential_run08,adaptive,sequential,1778276016.1914375,/big.txt,26738688,131072,sequential,1.0000,0.0000,0,1,26869760,4096,1,1,0
328,328_adaptive_sequential_run08,adaptive,sequential,1778276016.1936028,/big.txt,26869760,131072,sequential,1.0000,0.0000,0,1,27000832,4096,1,1,0
328,328_adaptive_sequential_run08,adaptive,sequential,1778276016.1958225,/big.txt,27000832,131072,sequential,1.0000,0.0000,0,1,27131904,4096,1,1,0
328,328_adaptive_sequential_run08,adaptive,sequential,1778276016.1979856,/big.txt,27131904,131072,sequential,1.0000,0.0000,0,1,27262976,4096,1,1,0
328,328_adaptive_sequential_run08,adaptive,sequential,1778276016.2001884,/big.txt,27262976,131072,sequential,1.0000,0.0000,0,1,27394048,4096,1,1,0
328,328_adaptive_sequential_run08,adaptive,sequential,1778276016.2023592,/big.txt,27394048,131072,sequential,1.0000,0.0000,0,1,27525120,4096,1,1,0
328,328_adaptive_sequential_run08,adaptive,sequential,1778276016.2045243,/big.txt,27525120,131072,sequential,1.0000,0.0000,0,1,27656192,4096,1,1,0
328,328_adaptive_sequential_run08,adaptive,sequential,1778276016.2066996,/big.txt,27656192,131072,sequential,1.0000,0.0000,0,1,27787264,4096,1,1,0
328,328_adaptive_sequential_run08,adaptive,sequential,1778276016.2088823,/big.txt,27787264,131072,sequential,1.0000,0.0000,0,1,27918336,4096,1,1,0
328,328_adaptive_sequential_run08,adaptive,sequential,1778276016.2110782,/big.txt,27918336,131072,sequential,1.0000,0.0000,0,1,28049408,4096,1,1,0
328,328_adaptive_sequential_run08,adaptive,sequential,1778276016.2132547,/big.txt,28049408,131072,sequential,1.0000,0.0000,0,1,28180480,4096,1,1,0
328,328_adaptive_sequential_run08,adaptive,sequential,1778276016.2155836,/big.txt,28180480,131072,sequential,1.0000,0.0000,0,1,28311552,4096,1,1,0
328,328_adaptive_sequential_run08,adaptive,sequential,1778276016.217746,/big.txt,28311552,131072,sequential,1.0000,0.0000,0,1,28442624,4096,1,1,0
328,328_adaptive_sequential_run08,adaptive,sequential,1778276016.2199926,/big.txt,28442624,131072,sequential,1.0000,0.0000,0,1,28573696,4096,1,1,0
328,328_adaptive_sequential_run08,adaptive,sequential,1778276016.222195,/big.txt,28573696,131072,sequential,1.0000,0.0000,0,1,28704768,4096,1,1,0
328,328_adaptive_sequential_run08,adaptive,sequential,1778276016.2243938,/big.txt,28704768,131072,sequential,1.0000,0.0000,0,1,28835840,4096,1,1,0
328,328_adaptive_sequential_run08,adaptive,sequential,1778276016.226567,/big.txt,28835840,131072,sequential,1.0000,0.0000,0,1,28966912,4096,1,1,0
328,328_adaptive_sequential_run08,adaptive,sequential,1778276016.2287629,/big.txt,28966912,131072,sequential,1.0000,0.0000,0,1,29097984,4096,1,1,0
328,328_adaptive_sequential_run08,adaptive,sequential,1778276016.231051,/big.txt,29097984,131072,sequential,1.0000,0.0000,0,1,29229056,4096,1,1,0
328,328_adaptive_sequential_run08,adaptive,sequential,1778276016.233225,/big.txt,29229056,131072,sequential,1.0000,0.0000,0,1,29360128,4096,1,1,0
328,328_adaptive_sequential_run08,adaptive,sequential,1778276016.2354224,/big.txt,29360128,131072,sequential,1.0000,0.0000,0,1,29491200,4096,1,1,0
328,328_adaptive_sequential_run08,adaptive,sequential,1778276016.2376122,/big.txt,29491200,131072,sequential,1.0000,0.0000,0,1,29622272,4096,1,1,0
328,328_adaptive_sequential_run08,adaptive,sequential,1778276016.2398078,/big.txt,29622272,131072,sequential,1.0000,0.0000,0,1,29753344,4096,1,1,0
328,328_adaptive_sequential_run08,adaptive,sequential,1778276016.2419956,/big.txt,29753344,131072,sequential,1.0000,0.0000,0,1,29884416,4096,1,1,0
328,328_adaptive_sequential_run08,adaptive,sequential,1778276016.24419,/big.txt,29884416,131072,sequential,1.0000,0.0000,0,1,30015488,4096,1,1,0
328,328_adaptive_sequential_run08,adaptive,sequential,1778276016.246365,/big.txt,30015488,131072,sequential,1.0000,0.0000,0,1,30146560,4096,1,1,0
328,328_adaptive_sequential_run08,adaptive,sequential,1778276016.2485664,/big.txt,30146560,131072,sequential,1.0000,0.0000,0,1,30277632,4096,1,1,0
328,328_adaptive_sequential_run08,adaptive,sequential,1778276016.2507238,/big.txt,30277632,131072,sequential,1.0000,0.0000,0,1,30408704,4096,1,1,0
328,328_adaptive_sequential_run08,adaptive,sequential,1778276016.2529116,/big.txt,30408704,131072,sequential,1.0000,0.0000,0,1,30539776,4096,1,1,0
328,328_adaptive_sequential_run08,adaptive,sequential,1778276016.2552066,/big.txt,30539776,131072,sequential,1.0000,0.0000,0,1,30670848,4096,1,1,0
328,328_adaptive_sequential_run08,adaptive,sequential,1778276016.2573984,/big.txt,30670848,131072,sequential,1.0000,0.0000,0,1,30801920,4096,1,1,0
328,328_adaptive_sequential_run08,adaptive,sequential,1778276016.2595887,/big.txt,30801920,131072,sequential,1.0000,0.0000,0,1,30932992,4096,1,1,0
328,328_adaptive_sequential_run08,adaptive,sequential,1778276016.2617834,/big.txt,30932992,131072,sequential,1.0000,0.0000,0,1,31064064,4096,1,1,0
328,328_adaptive_sequential_run08,adaptive,sequential,1778276016.2639928,/big.txt,31064064,131072,sequential,1.0000,0.0000,0,1,31195136,4096,1,1,0
328,328_adaptive_sequential_run08,adaptive,sequential,1778276016.266184,/big.txt,31195136,131072,sequential,1.0000,0.0000,0,1,31326208,4096,1,1,0
328,328_adaptive_sequential_run08,adaptive,sequential,1778276016.2684104,/big.txt,31326208,131072,sequential,1.0000,0.0000,0,1,31457280,4096,1,1,0
328,328_adaptive_sequential_run08,adaptive,sequential,1778276016.2706075,/big.txt,31457280,131072,sequential,1.0000,0.0000,0,1,31588352,4096,1,1,0
328,328_adaptive_sequential_run08,adaptive,sequential,1778276016.2728088,/big.txt,31588352,131072,sequential,1.0000,0.0000,0,1,31719424,4096,1,1,0
328,328_adaptive_sequential_run08,adaptive,sequential,1778276016.2750242,/big.txt,31719424,131072,sequential,1.0000,0.0000,0,1,31850496,4096,1,1,0
328,328_adaptive_sequential_run08,adaptive,sequential,1778276016.2772076,/big.txt,31850496,131072,sequential,1.0000,0.0000,0,1,31981568,4096,1,1,0
328,328_adaptive_sequential_run08,adaptive,sequential,1778276016.2794142,/big.txt,31981568,131072,sequential,1.0000,0.0000,0,1,32112640,4096,1,1,0
328,328_adaptive_sequential_run08,adaptive,sequential,1778276016.2815945,/big.txt,32112640,131072,sequential,1.0000,0.0000,0,1,32243712,4096,1,1,0
328,328_adaptive_sequential_run08,adaptive,sequential,1778276016.28378,/big.txt,32243712,131072,sequential,1.0000,0.0000,0,1,32374784,4096,1,1,0
328,328_adaptive_sequential_run08,adaptive,sequential,1778276016.2859542,/big.txt,32374784,131072,sequential,1.0000,0.0000,0,1,32505856,4096,1,1,0
328,328_adaptive_sequential_run08,adaptive,sequential,1778276016.2881587,/big.txt,32505856,131072,sequential,1.0000,0.0000,0,1,32636928,4096,1,1,0
328,328_adaptive_sequential_run08,adaptive,sequential,1778276016.2903495,/big.txt,32636928,131072,sequential,1.0000,0.0000,0,1,32768000,4096,1,1,0
328,328_adaptive_sequential_run08,adaptive,sequential,1778276016.2925484,/big.txt,32768000,131072,sequential,1.0000,0.0000,0,1,32899072,4096,1,1,0
328,328_adaptive_sequential_run08,adaptive,sequential,1778276016.2947276,/big.txt,32899072,131072,sequential,1.0000,0.0000,0,1,33030144,4096,1,1,0
328,328_adaptive_sequential_run08,adaptive,sequential,1778276016.2969284,/big.txt,33030144,131072,sequential,1.0000,0.0000,0,1,33161216,4096,1,1,0
328,328_adaptive_sequential_run08,adaptive,sequential,1778276016.2992196,/big.txt,33161216,131072,sequential,1.0000,0.0000,0,1,33292288,4096,1,1,0
328,328_adaptive_sequential_run08,adaptive,sequential,1778276016.3013852,/big.txt,33292288,131072,sequential,1.0000,0.0000,0,1,33423360,4096,1,1,0
328,328_adaptive_sequential_run08,adaptive,sequential,1778276016.3035657,/big.txt,33423360,131072,sequential,1.0000,0.0000,0,1,33554432,4096,1,1,0
328,328_adaptive_sequential_run08,adaptive,sequential,1778276016.3057497,/big.txt,33554432,131072,sequential,1.0000,0.0000,0,1,33685504,4096,1,1,0
328,328_adaptive_sequential_run08,adaptive,sequential,1778276016.307947,/big.txt,33685504,131072,sequential,1.0000,0.0000,0,1,33816576,4096,1,1,0
328,328_adaptive_sequential_run08,adaptive,sequential,1778276016.3101194,/big.txt,33816576,131072,sequential,1.0000,0.0000,0,1,33947648,4096,1,1,0
328,328_adaptive_sequential_run08,adaptive,sequential,1778276016.312326,/big.txt,33947648,131072,sequential,1.0000,0.0000,0,1,34078720,4096,1,1,0
328,328_adaptive_sequential_run08,adaptive,sequential,1778276016.3145075,/big.txt,34078720,131072,sequential,1.0000,0.0000,0,1,34209792,4096,1,1,0
328,328_adaptive_sequential_run08,adaptive,sequential,1778276016.3166685,/big.txt,34209792,131072,sequential,1.0000,0.0000,0,1,34340864,4096,1,1,0
328,328_adaptive_sequential_run08,adaptive,sequential,1778276016.3188736,/big.txt,34340864,131072,sequential,1.0000,0.0000,0,1,34471936,4096,1,1,0
328,328_adaptive_sequential_run08,adaptive,sequential,1778276016.321072,/big.txt,34471936,131072,sequential,1.0000,0.0000,0,1,34603008,4096,1,1,0
328,328_adaptive_sequential_run08,adaptive,sequential,1778276016.3233042,/big.txt,34603008,131072,sequential,1.0000,0.0000,0,1,34734080,4096,1,1,0
328,328_adaptive_sequential_run08,adaptive,sequential,1778276016.3254821,/big.txt,34734080,131072,sequential,1.0000,0.0000,0,1,34865152,4096,1,1,0
328,328_adaptive_sequential_run08,adaptive,sequential,1778276016.3276772,/big.txt,34865152,131072,sequential,1.0000,0.0000,0,1,34996224,4096,1,1,0
328,328_adaptive_sequential_run08,adaptive,sequential,1778276016.329861,/big.txt,34996224,131072,sequential,1.0000,0.0000,0,1,35127296,4096,1,1,0
328,328_adaptive_sequential_run08,adaptive,sequential,1778276016.3320413,/big.txt,35127296,131072,sequential,1.0000,0.0000,0,1,35258368,4096,1,1,0
328,328_adaptive_sequential_run08,adaptive,sequential,1778276016.3342338,/big.txt,35258368,131072,sequential,1.0000,0.0000,0,1,35389440,4096,1,1,0
328,328_adaptive_sequential_run08,adaptive,sequential,1778276016.3364217,/big.txt,35389440,131072,sequential,1.0000,0.0000,0,1,35520512,4096,1,1,0
328,328_adaptive_sequential_run08,adaptive,sequential,1778276016.338609,/big.txt,35520512,131072,sequential,1.0000,0.0000,0,1,35651584,4096,1,1,0
328,328_adaptive_sequential_run08,adaptive,sequential,1778276016.34093,/big.txt,35651584,131072,sequential,1.0000,0.0000,0,1,35782656,4096,1,1,0
328,328_adaptive_sequential_run08,adaptive,sequential,1778276016.3431418,/big.txt,35782656,131072,sequential,1.0000,0.0000,0,1,35913728,4096,1,1,0
328,328_adaptive_sequential_run08,adaptive,sequential,1778276016.345335,/big.txt,35913728,131072,sequential,1.0000,0.0000,0,1,36044800,4096,1,1,0
328,328_adaptive_sequential_run08,adaptive,sequential,1778276016.3475325,/big.txt,36044800,131072,sequential,1.0000,0.0000,0,1,36175872,4096,1,1,0
328,328_adaptive_sequential_run08,adaptive,sequential,1778276016.3497124,/big.txt,36175872,131072,sequential,1.0000,0.0000,0,1,36306944,4096,1,1,0
328,328_adaptive_sequential_run08,adaptive,sequential,1778276016.351898,/big.txt,36306944,131072,sequential,1.0000,0.0000,0,1,36438016,4096,1,1,0
328,328_adaptive_sequential_run08,adaptive,sequential,1778276016.3541012,/big.txt,36438016,131072,sequential,1.0000,0.0000,0,1,36569088,4096,1,1,0
328,328_adaptive_sequential_run08,adaptive,sequential,1778276016.3563116,/big.txt,36569088,131072,sequential,1.0000,0.0000,0,1,36700160,4096,1,1,0
328,328_adaptive_sequential_run08,adaptive,sequential,1778276016.358507,/big.txt,36700160,131072,sequential,1.0000,0.0000,0,1,36831232,4096,1,1,0
328,328_adaptive_sequential_run08,adaptive,sequential,1778276016.3607082,/big.txt,36831232,131072,sequential,1.0000,0.0000,0,1,36962304,4096,1,1,0
328,328_adaptive_sequential_run08,adaptive,sequential,1778276016.3628979,/big.txt,36962304,131072,sequential,1.0000,0.0000,0,1,37093376,4096,1,1,0
328,328_adaptive_sequential_run08,adaptive,sequential,1778276016.3650737,/big.txt,37093376,131072,sequential,1.0000,0.0000,0,1,37224448,4096,1,1,0
328,328_adaptive_sequential_run08,adaptive,sequential,1778276016.3672824,/big.txt,37224448,131072,sequential,1.0000,0.0000,0,1,37355520,4096,1,1,0
328,328_adaptive_sequential_run08,adaptive,sequential,1778276016.3694592,/big.txt,37355520,131072,sequential,1.0000,0.0000,0,1,37486592,4096,1,1,0
328,328_adaptive_sequential_run08,adaptive,sequential,1778276016.3716466,/big.txt,37486592,131072,sequential,1.0000,0.0000,0,1,37617664,4096,1,1,0
328,328_adaptive_sequential_run08,adaptive,sequential,1778276016.3738267,/big.txt,37617664,131072,sequential,1.0000,0.0000,0,1,37748736,4096,1,1,0
328,328_adaptive_sequential_run08,adaptive,sequential,1778276016.3760588,/big.txt,37748736,131072,sequential,1.0000,0.0000,0,1,37879808,4096,1,1,0
328,328_adaptive_sequential_run08,adaptive,sequential,1778276016.3782384,/big.txt,37879808,131072,sequential,1.0000,0.0000,0,1,38010880,4096,1,1,0
328,328_adaptive_sequential_run08,adaptive,sequential,1778276016.380431,/big.txt,38010880,131072,sequential,1.0000,0.0000,0,1,38141952,4096,1,1,0
328,328_adaptive_sequential_run08,adaptive,sequential,1778276016.382599,/big.txt,38141952,131072,sequential,1.0000,0.0000,0,1,38273024,4096,1,1,0
328,328_adaptive_sequential_run08,adaptive,sequential,1778276016.3870645,/big.txt,38273024,131072,sequential,1.0000,0.0000,0,1,38404096,4096,1,1,0
328,328_adaptive_sequential_run08,adaptive,sequential,1778276016.3913865,/big.txt,38404096,131072,sequential,1.0000,0.0000,0,1,38535168,4096,1,1,0
328,328_adaptive_sequential_run08,adaptive,sequential,1778276016.3952131,/big.txt,38535168,131072,sequential,1.0000,0.0000,0,1,38666240,4096,1,1,0
328,328_adaptive_sequential_run08,adaptive,sequential,1778276016.3973818,/big.txt,38666240,131072,sequential,1.0000,0.0000,0,1,38797312,4096,1,1,0
328,328_adaptive_sequential_run08,adaptive,sequential,1778276016.399559,/big.txt,38797312,131072,sequential,1.0000,0.0000,0,1,38928384,4096,1,1,0
328,328_adaptive_sequential_run08,adaptive,sequential,1778276016.4017363,/big.txt,38928384,131072,sequential,1.0000,0.0000,0,1,39059456,4096,1,1,0
328,328_adaptive_sequential_run08,adaptive,sequential,1778276016.4039445,/big.txt,39059456,131072,sequential,1.0000,0.0000,0,1,39190528,4096,1,1,0
328,328_adaptive_sequential_run08,adaptive,sequential,1778276016.4061406,/big.txt,39190528,131072,sequential,1.0000,0.0000,0,1,39321600,4096,1,1,0
328,328_adaptive_sequential_run08,adaptive,sequential,1778276016.4083517,/big.txt,39321600,131072,sequential,1.0000,0.0000,0,1,39452672,4096,1,1,0
328,328_adaptive_sequential_run08,adaptive,sequential,1778276016.4105382,/big.txt,39452672,131072,sequential,1.0000,0.0000,0,1,39583744,4096,1,1,0
328,328_adaptive_sequential_run08,adaptive,sequential,1778276016.412788,/big.txt,39583744,131072,sequential,1.0000,0.0000,0,1,39714816,4096,1,1,0
328,328_adaptive_sequential_run08,adaptive,sequential,1778276016.4149785,/big.txt,39714816,131072,sequential,1.0000,0.0000,0,1,39845888,4096,1,1,0
328,328_adaptive_sequential_run08,adaptive,sequential,1778276016.4171567,/big.txt,39845888,131072,sequential,1.0000,0.0000,0,1,39976960,4096,1,1,0
328,328_adaptive_sequential_run08,adaptive,sequential,1778276016.419426,/big.txt,39976960,131072,sequential,1.0000,0.0000,0,1,40108032,4096,1,1,0
328,328_adaptive_sequential_run08,adaptive,sequential,1778276016.4216268,/big.txt,40108032,131072,sequential,1.0000,0.0000,0,1,40239104,4096,1,1,0
328,328_adaptive_sequential_run08,adaptive,sequential,1778276016.423806,/big.txt,40239104,131072,sequential,1.0000,0.0000,0,1,40370176,4096,1,1,0
328,328_adaptive_sequential_run08,adaptive,sequential,1778276016.4260058,/big.txt,40370176,131072,sequential,1.0000,0.0000,0,1,40501248,4096,1,1,0
328,328_adaptive_sequential_run08,adaptive,sequential,1778276016.4282014,/big.txt,40501248,131072,sequential,1.0000,0.0000,0,1,40632320,4096,1,1,0
328,328_adaptive_sequential_run08,adaptive,sequential,1778276016.4304223,/big.txt,40632320,131072,sequential,1.0000,0.0000,0,1,40763392,4096,1,1,0
328,328_adaptive_sequential_run08,adaptive,sequential,1778276016.4326258,/big.txt,40763392,131072,sequential,1.0000,0.0000,0,1,40894464,4096,1,1,0
328,328_adaptive_sequential_run08,adaptive,sequential,1778276016.4348617,/big.txt,40894464,131072,sequential,1.0000,0.0000,0,1,41025536,4096,1,1,0
328,328_adaptive_sequential_run08,adaptive,sequential,1778276016.437022,/big.txt,41025536,131072,sequential,1.0000,0.0000,0,1,41156608,4096,1,1,0
328,328_adaptive_sequential_run08,adaptive,sequential,1778276016.4392023,/big.txt,41156608,131072,sequential,1.0000,0.0000,0,1,41287680,4096,1,1,0
328,328_adaptive_sequential_run08,adaptive,sequential,1778276016.4413855,/big.txt,41287680,131072,sequential,1.0000,0.0000,0,1,41418752,4096,1,1,0
328,328_adaptive_sequential_run08,adaptive,sequential,1778276016.4435747,/big.txt,41418752,131072,sequential,1.0000,0.0000,0,1,41549824,4096,1,1,0
328,328_adaptive_sequential_run08,adaptive,sequential,1778276016.4457507,/big.txt,41549824,131072,sequential,1.0000,0.0000,0,1,41680896,4096,1,1,0
328,328_adaptive_sequential_run08,adaptive,sequential,1778276016.4479587,/big.txt,41680896,131072,sequential,1.0000,0.0000,0,1,41811968,4096,1,1,0
328,328_adaptive_sequential_run08,adaptive,sequential,1778276016.4501536,/big.txt,41811968,131072,sequential,1.0000,0.0000,0,1,41943040,4096,1,1,0
328,328_adaptive_sequential_run08,adaptive,sequential,1778276016.4523578,/big.txt,41943040,131072,sequential,1.0000,0.0000,0,1,42074112,4096,1,1,0
328,328_adaptive_sequential_run08,adaptive,sequential,1778276016.4545372,/big.txt,42074112,131072,sequential,1.0000,0.0000,0,1,42205184,4096,1,1,0
328,328_adaptive_sequential_run08,adaptive,sequential,1778276016.4567451,/big.txt,42205184,131072,sequential,1.0000,0.0000,0,1,42336256,4096,1,1,0
328,328_adaptive_sequential_run08,adaptive,sequential,1778276016.4590123,/big.txt,42336256,131072,sequential,1.0000,0.0000,0,1,42467328,4096,1,1,0
328,328_adaptive_sequential_run08,adaptive,sequential,1778276016.4634354,/big.txt,42467328,131072,sequential,1.0000,0.0000,0,1,42598400,4096,1,1,0
328,328_adaptive_sequential_run08,adaptive,sequential,1778276016.4678426,/big.txt,42598400,131072,sequential,1.0000,0.0000,0,1,42729472,4096,1,1,0
328,328_adaptive_sequential_run08,adaptive,sequential,1778276016.4712687,/big.txt,42729472,131072,sequential,1.0000,0.0000,0,1,42860544,4096,1,1,0
328,328_adaptive_sequential_run08,adaptive,sequential,1778276016.4734495,/big.txt,42860544,131072,sequential,1.0000,0.0000,0,1,42991616,4096,1,1,0
328,328_adaptive_sequential_run08,adaptive,sequential,1778276016.475668,/big.txt,42991616,131072,sequential,1.0000,0.0000,0,1,43122688,4096,1,1,0
328,328_adaptive_sequential_run08,adaptive,sequential,1778276016.4778426,/big.txt,43122688,131072,sequential,1.0000,0.0000,0,1,43253760,4096,1,1,0
328,328_adaptive_sequential_run08,adaptive,sequential,1778276016.480034,/big.txt,43253760,131072,sequential,1.0000,0.0000,0,1,43384832,4096,1,1,0
328,328_adaptive_sequential_run08,adaptive,sequential,1778276016.4822059,/big.txt,43384832,131072,sequential,1.0000,0.0000,0,1,43515904,4096,1,1,0
328,328_adaptive_sequential_run08,adaptive,sequential,1778276016.4844322,/big.txt,43515904,131072,sequential,1.0000,0.0000,0,1,43646976,4096,1,1,0
328,328_adaptive_sequential_run08,adaptive,sequential,1778276016.4866195,/big.txt,43646976,131072,sequential,1.0000,0.0000,0,1,43778048,4096,1,1,0
328,328_adaptive_sequential_run08,adaptive,sequential,1778276016.4888382,/big.txt,43778048,131072,sequential,1.0000,0.0000,0,1,43909120,4096,1,1,0
328,328_adaptive_sequential_run08,adaptive,sequential,1778276016.4910228,/big.txt,43909120,131072,sequential,1.0000,0.0000,0,1,44040192,4096,1,1,0
328,328_adaptive_sequential_run08,adaptive,sequential,1778276016.4931984,/big.txt,44040192,131072,sequential,1.0000,0.0000,0,1,44171264,4096,1,1,0
328,328_adaptive_sequential_run08,adaptive,sequential,1778276016.4954486,/big.txt,44171264,131072,sequential,1.0000,0.0000,0,1,44302336,4096,1,1,0
328,328_adaptive_sequential_run08,adaptive,sequential,1778276016.4976223,/big.txt,44302336,131072,sequential,1.0000,0.0000,0,1,44433408,4096,1,1,0
328,328_adaptive_sequential_run08,adaptive,sequential,1778276016.4998245,/big.txt,44433408,131072,sequential,1.0000,0.0000,0,1,44564480,4096,1,1,0
328,328_adaptive_sequential_run08,adaptive,sequential,1778276016.5020072,/big.txt,44564480,131072,sequential,1.0000,0.0000,0,1,44695552,4096,1,1,0
328,328_adaptive_sequential_run08,adaptive,sequential,1778276016.5042067,/big.txt,44695552,131072,sequential,1.0000,0.0000,0,1,44826624,4096,1,1,0
328,328_adaptive_sequential_run08,adaptive,sequential,1778276016.5063846,/big.txt,44826624,131072,sequential,1.0000,0.0000,0,1,44957696,4096,1,1,0
328,328_adaptive_sequential_run08,adaptive,sequential,1778276016.5085964,/big.txt,44957696,131072,sequential,1.0000,0.0000,0,1,45088768,4096,1,1,0
328,328_adaptive_sequential_run08,adaptive,sequential,1778276016.5107667,/big.txt,45088768,131072,sequential,1.0000,0.0000,0,1,45219840,4096,1,1,0
328,328_adaptive_sequential_run08,adaptive,sequential,1778276016.5129685,/big.txt,45219840,131072,sequential,1.0000,0.0000,0,1,45350912,4096,1,1,0
328,328_adaptive_sequential_run08,adaptive,sequential,1778276016.515161,/big.txt,45350912,131072,sequential,1.0000,0.0000,0,1,45481984,4096,1,1,0
328,328_adaptive_sequential_run08,adaptive,sequential,1778276016.5173364,/big.txt,45481984,131072,sequential,1.0000,0.0000,0,1,45613056,4096,1,1,0
328,328_adaptive_sequential_run08,adaptive,sequential,1778276016.519542,/big.txt,45613056,131072,sequential,1.0000,0.0000,0,1,45744128,4096,1,1,0
328,328_adaptive_sequential_run08,adaptive,sequential,1778276016.521703,/big.txt,45744128,131072,sequential,1.0000,0.0000,0,1,45875200,4096,1,1,0
328,328_adaptive_sequential_run08,adaptive,sequential,1778276016.523889,/big.txt,45875200,131072,sequential,1.0000,0.0000,0,1,46006272,4096,1,1,0
328,328_adaptive_sequential_run08,adaptive,sequential,1778276016.5260723,/big.txt,46006272,131072,sequential,1.0000,0.0000,0,1,46137344,4096,1,1,0
328,328_adaptive_sequential_run08,adaptive,sequential,1778276016.5282764,/big.txt,46137344,131072,sequential,1.0000,0.0000,0,1,46268416,4096,1,1,0
328,328_adaptive_sequential_run08,adaptive,sequential,1778276016.5304523,/big.txt,46268416,131072,sequential,1.0000,0.0000,0,1,46399488,4096,1,1,0
328,328_adaptive_sequential_run08,adaptive,sequential,1778276016.5326366,/big.txt,46399488,131072,sequential,1.0000,0.0000,0,1,46530560,4096,1,1,0
328,328_adaptive_sequential_run08,adaptive,sequential,1778276016.535015,/big.txt,46530560,131072,sequential,1.0000,0.0000,0,1,46661632,4096,1,1,0
328,328_adaptive_sequential_run08,adaptive,sequential,1778276016.5372403,/big.txt,46661632,131072,sequential,1.0000,0.0000,0,1,46792704,4096,1,1,0
328,328_adaptive_sequential_run08,adaptive,sequential,1778276016.5394487,/big.txt,46792704,131072,sequential,1.0000,0.0000,0,1,46923776,4096,1,1,0
328,328_adaptive_sequential_run08,adaptive,sequential,1778276016.5416436,/big.txt,46923776,131072,sequential,1.0000,0.0000,0,1,47054848,4096,1,1,0
328,328_adaptive_sequential_run08,adaptive,sequential,1778276016.5438673,/big.txt,47054848,131072,sequential,1.0000,0.0000,0,1,47185920,4096,1,1,0
328,328_adaptive_sequential_run08,adaptive,sequential,1778276016.5460534,/big.txt,47185920,131072,sequential,1.0000,0.0000,0,1,47316992,4096,1,1,0
328,328_adaptive_sequential_run08,adaptive,sequential,1778276016.5482476,/big.txt,47316992,131072,sequential,1.0000,0.0000,0,1,47448064,4096,1,1,0
328,328_adaptive_sequential_run08,adaptive,sequential,1778276016.5504444,/big.txt,47448064,131072,sequential,1.0000,0.0000,0,1,47579136,4096,1,1,0
328,328_adaptive_sequential_run08,adaptive,sequential,1778276016.5526242,/big.txt,47579136,131072,sequential,1.0000,0.0000,0,1,47710208,4096,1,1,0
328,328_adaptive_sequential_run08,adaptive,sequential,1778276016.554813,/big.txt,47710208,131072,sequential,1.0000,0.0000,0,1,47841280,4096,1,1,0
328,328_adaptive_sequential_run08,adaptive,sequential,1778276016.5569901,/big.txt,47841280,131072,sequential,1.0000,0.0000,0,1,47972352,4096,1,1,0
328,328_adaptive_sequential_run08,adaptive,sequential,1778276016.559188,/big.txt,47972352,131072,sequential,1.0000,0.0000,0,1,48103424,4096,1,1,0
328,328_adaptive_sequential_run08,adaptive,sequential,1778276016.56139,/big.txt,48103424,131072,sequential,1.0000,0.0000,0,1,48234496,4096,1,1,0
328,328_adaptive_sequential_run08,adaptive,sequential,1778276016.563673,/big.txt,48234496,131072,sequential,1.0000,0.0000,0,1,48365568,4096,1,1,0
328,328_adaptive_sequential_run08,adaptive,sequential,1778276016.5658567,/big.txt,48365568,131072,sequential,1.0000,0.0000,0,1,48496640,4096,1,1,0
328,328_adaptive_sequential_run08,adaptive,sequential,1778276016.5680566,/big.txt,48496640,131072,sequential,1.0000,0.0000,0,1,48627712,4096,1,1,0
328,328_adaptive_sequential_run08,adaptive,sequential,1778276016.5702426,/big.txt,48627712,131072,sequential,1.0000,0.0000,0,1,48758784,4096,1,1,0
328,328_adaptive_sequential_run08,adaptive,sequential,1778276016.5724463,/big.txt,48758784,131072,sequential,1.0000,0.0000,0,1,48889856,4096,1,1,0
328,328_adaptive_sequential_run08,adaptive,sequential,1778276016.5746458,/big.txt,48889856,131072,sequential,1.0000,0.0000,0,1,49020928,4096,1,1,0
328,328_adaptive_sequential_run08,adaptive,sequential,1778276016.5768454,/big.txt,49020928,131072,sequential,1.0000,0.0000,0,1,49152000,4096,1,1,0
328,328_adaptive_sequential_run08,adaptive,sequential,1778276016.5790374,/big.txt,49152000,131072,sequential,1.0000,0.0000,0,1,49283072,4096,1,1,0
328,328_adaptive_sequential_run08,adaptive,sequential,1778276016.5811927,/big.txt,49283072,131072,sequential,1.0000,0.0000,0,1,49414144,4096,1,1,0
328,328_adaptive_sequential_run08,adaptive,sequential,1778276016.5833974,/big.txt,49414144,131072,sequential,1.0000,0.0000,0,1,49545216,4096,1,1,0
328,328_adaptive_sequential_run08,adaptive,sequential,1778276016.5856194,/big.txt,49545216,131072,sequential,1.0000,0.0000,0,1,49676288,4096,1,1,0
328,328_adaptive_sequential_run08,adaptive,sequential,1778276016.5878396,/big.txt,49676288,131072,sequential,1.0000,0.0000,0,1,49807360,4096,1,1,0
328,328_adaptive_sequential_run08,adaptive,sequential,1778276016.590019,/big.txt,49807360,131072,sequential,1.0000,0.0000,0,1,49938432,4096,1,1,0
328,328_adaptive_sequential_run08,adaptive,sequential,1778276016.5922332,/big.txt,49938432,131072,sequential,1.0000,0.0000,0,1,50069504,4096,1,1,0
328,328_adaptive_sequential_run08,adaptive,sequential,1778276016.594411,/big.txt,50069504,131072,sequential,1.0000,0.0000,0,1,50200576,4096,1,1,0
328,328_adaptive_sequential_run08,adaptive,sequential,1778276016.596573,/big.txt,50200576,131072,sequential,1.0000,0.0000,0,1,50331648,4096,1,1,0
328,328_adaptive_sequential_run08,adaptive,sequential,1778276016.5987608,/big.txt,50331648,131072,sequential,1.0000,0.0000,0,1,50462720,4096,1,1,0
328,328_adaptive_sequential_run08,adaptive,sequential,1778276016.6009383,/big.txt,50462720,131072,sequential,1.0000,0.0000,0,1,50593792,4096,1,1,0
328,328_adaptive_sequential_run08,adaptive,sequential,1778276016.603123,/big.txt,50593792,131072,sequential,1.0000,0.0000,0,1,50724864,4096,1,1,0
328,328_adaptive_sequential_run08,adaptive,sequential,1778276016.605311,/big.txt,50724864,131072,sequential,1.0000,0.0000,0,1,50855936,4096,1,1,0
328,328_adaptive_sequential_run08,adaptive,sequential,1778276016.6075141,/big.txt,50855936,131072,sequential,1.0000,0.0000,0,1,50987008,4096,1,1,0
328,328_adaptive_sequential_run08,adaptive,sequential,1778276016.609704,/big.txt,50987008,131072,sequential,1.0000,0.0000,0,1,51118080,4096,1,1,0
328,328_adaptive_sequential_run08,adaptive,sequential,1778276016.611899,/big.txt,51118080,131072,sequential,1.0000,0.0000,0,1,51249152,4096,1,1,0
328,328_adaptive_sequential_run08,adaptive,sequential,1778276016.6140745,/big.txt,51249152,131072,sequential,1.0000,0.0000,0,1,51380224,4096,1,1,0
328,328_adaptive_sequential_run08,adaptive,sequential,1778276016.6162798,/big.txt,51380224,131072,sequential,1.0000,0.0000,0,1,51511296,4096,1,1,0
328,328_adaptive_sequential_run08,adaptive,sequential,1778276016.6184568,/big.txt,51511296,131072,sequential,1.0000,0.0000,0,1,51642368,4096,1,1,0
328,328_adaptive_sequential_run08,adaptive,sequential,1778276016.6206546,/big.txt,51642368,131072,sequential,1.0000,0.0000,0,1,51773440,4096,1,1,0
328,328_adaptive_sequential_run08,adaptive,sequential,1778276016.6228967,/big.txt,51773440,131072,sequential,1.0000,0.0000,0,1,51904512,4096,1,1,0
328,328_adaptive_sequential_run08,adaptive,sequential,1778276016.6273239,/big.txt,51904512,131072,sequential,1.0000,0.0000,0,1,52035584,4096,1,1,0
328,328_adaptive_sequential_run08,adaptive,sequential,1778276016.631721,/big.txt,52035584,131072,sequential,1.0000,0.0000,0,1,52166656,4096,1,1,0
328,328_adaptive_sequential_run08,adaptive,sequential,1778276016.6352508,/big.txt,52166656,131072,sequential,1.0000,0.0000,0,1,52297728,4096,1,1,0
328,328_adaptive_sequential_run08,adaptive,sequential,1778276016.6374311,/big.txt,52297728,131072,sequential,1.0000,0.0000,0,1,52428800,4096,1,1,0
328,328_adaptive_sequential_run08,adaptive,sequential,1778276016.6396887,/big.txt,52428800,131072,sequential,1.0000,0.0000,0,1,52559872,4096,1,1,0
328,328_adaptive_sequential_run08,adaptive,sequential,1778276016.6418698,/big.txt,52559872,131072,sequential,1.0000,0.0000,0,1,52690944,4096,1,1,0
328,328_adaptive_sequential_run08,adaptive,sequential,1778276016.64407,/big.txt,52690944,131072,sequential,1.0000,0.0000,0,1,52822016,4096,1,1,0
328,328_adaptive_sequential_run08,adaptive,sequential,1778276016.646251,/big.txt,52822016,131072,sequential,1.0000,0.0000,0,1,52953088,4096,1,1,0
328,328_adaptive_sequential_run08,adaptive,sequential,1778276016.6484542,/big.txt,52953088,131072,sequential,1.0000,0.0000,0,1,53084160,4096,1,1,0
328,328_adaptive_sequential_run08,adaptive,sequential,1778276016.650676,/big.txt,53084160,131072,sequential,1.0000,0.0000,0,1,53215232,4096,1,1,0
328,328_adaptive_sequential_run08,adaptive,sequential,1778276016.6528747,/big.txt,53215232,131072,sequential,1.0000,0.0000,0,1,53346304,4096,1,1,0
328,328_adaptive_sequential_run08,adaptive,sequential,1778276016.6551352,/big.txt,53346304,131072,sequential,1.0000,0.0000,0,1,53477376,4096,1,1,0
328,328_adaptive_sequential_run08,adaptive,sequential,1778276016.6573215,/big.txt,53477376,131072,sequential,1.0000,0.0000,0,1,53608448,4096,1,1,0
328,328_adaptive_sequential_run08,adaptive,sequential,1778276016.659534,/big.txt,53608448,131072,sequential,1.0000,0.0000,0,1,53739520,4096,1,1,0
328,328_adaptive_sequential_run08,adaptive,sequential,1778276016.66172,/big.txt,53739520,131072,sequential,1.0000,0.0000,0,1,53870592,4096,1,1,0
328,328_adaptive_sequential_run08,adaptive,sequential,1778276016.6639118,/big.txt,53870592,131072,sequential,1.0000,0.0000,0,1,54001664,4096,1,1,0
328,328_adaptive_sequential_run08,adaptive,sequential,1778276016.6661105,/big.txt,54001664,131072,sequential,1.0000,0.0000,0,1,54132736,4096,1,1,0
328,328_adaptive_sequential_run08,adaptive,sequential,1778276016.6683095,/big.txt,54132736,131072,sequential,1.0000,0.0000,0,1,54263808,4096,1,1,0
328,328_adaptive_sequential_run08,adaptive,sequential,1778276016.6704984,/big.txt,54263808,131072,sequential,1.0000,0.0000,0,1,54394880,4096,1,1,0
328,328_adaptive_sequential_run08,adaptive,sequential,1778276016.672695,/big.txt,54394880,131072,sequential,1.0000,0.0000,0,1,54525952,4096,1,1,0
328,328_adaptive_sequential_run08,adaptive,sequential,1778276016.6748934,/big.txt,54525952,131072,sequential,1.0000,0.0000,0,1,54657024,4096,1,1,0
328,328_adaptive_sequential_run08,adaptive,sequential,1778276016.677074,/big.txt,54657024,131072,sequential,1.0000,0.0000,0,1,54788096,4096,1,1,0
328,328_adaptive_sequential_run08,adaptive,sequential,1778276016.6793284,/big.txt,54788096,131072,sequential,1.0000,0.0000,0,1,54919168,4096,1,1,0
328,328_adaptive_sequential_run08,adaptive,sequential,1778276016.6814942,/big.txt,54919168,131072,sequential,1.0000,0.0000,0,1,55050240,4096,1,1,0
328,328_adaptive_sequential_run08,adaptive,sequential,1778276016.6836839,/big.txt,55050240,131072,sequential,1.0000,0.0000,0,1,55181312,4096,1,1,0
328,328_adaptive_sequential_run08,adaptive,sequential,1778276016.685855,/big.txt,55181312,131072,sequential,1.0000,0.0000,0,1,55312384,4096,1,1,0
328,328_adaptive_sequential_run08,adaptive,sequential,1778276016.688051,/big.txt,55312384,131072,sequential,1.0000,0.0000,0,1,55443456,4096,1,1,0
328,328_adaptive_sequential_run08,adaptive,sequential,1778276016.6902359,/big.txt,55443456,131072,sequential,1.0000,0.0000,0,1,55574528,4096,1,1,0
328,328_adaptive_sequential_run08,adaptive,sequential,1778276016.6924336,/big.txt,55574528,131072,sequential,1.0000,0.0000,0,1,55705600,4096,1,1,0
328,328_adaptive_sequential_run08,adaptive,sequential,1778276016.6946173,/big.txt,55705600,131072,sequential,1.0000,0.0000,0,1,55836672,4096,1,1,0
328,328_adaptive_sequential_run08,adaptive,sequential,1778276016.696977,/big.txt,55836672,131072,sequential,1.0000,0.0000,0,1,55967744,4096,1,1,0
328,328_adaptive_sequential_run08,adaptive,sequential,1778276016.699161,/big.txt,55967744,131072,sequential,1.0000,0.0000,0,1,56098816,4096,1,1,0
328,328_adaptive_sequential_run08,adaptive,sequential,1778276016.7013516,/big.txt,56098816,131072,sequential,1.0000,0.0000,0,1,56229888,4096,1,1,0
328,328_adaptive_sequential_run08,adaptive,sequential,1778276016.703534,/big.txt,56229888,131072,sequential,1.0000,0.0000,0,1,56360960,4096,1,1,0
328,328_adaptive_sequential_run08,adaptive,sequential,1778276016.7057252,/big.txt,56360960,131072,sequential,1.0000,0.0000,0,1,56492032,4096,1,1,0
328,328_adaptive_sequential_run08,adaptive,sequential,1778276016.7079396,/big.txt,56492032,131072,sequential,1.0000,0.0000,0,1,56623104,4096,1,1,0
328,328_adaptive_sequential_run08,adaptive,sequential,1778276016.7101278,/big.txt,56623104,131072,sequential,1.0000,0.0000,0,1,56754176,4096,1,1,0
328,328_adaptive_sequential_run08,adaptive,sequential,1778276016.7123387,/big.txt,56754176,131072,sequential,1.0000,0.0000,0,1,56885248,4096,1,1,0
328,328_adaptive_sequential_run08,adaptive,sequential,1778276016.7145317,/big.txt,56885248,131072,sequential,1.0000,0.0000,0,1,57016320,4096,1,1,0
328,328_adaptive_sequential_run08,adaptive,sequential,1778276016.716722,/big.txt,57016320,131072,sequential,1.0000,0.0000,0,1,57147392,4096,1,1,0
328,328_adaptive_sequential_run08,adaptive,sequential,1778276016.7189217,/big.txt,57147392,131072,sequential,1.0000,0.0000,0,1,57278464,4096,1,1,0
328,328_adaptive_sequential_run08,adaptive,sequential,1778276016.7211003,/big.txt,57278464,131072,sequential,1.0000,0.0000,0,1,57409536,4096,1,1,0
328,328_adaptive_sequential_run08,adaptive,sequential,1778276016.7233016,/big.txt,57409536,131072,sequential,1.0000,0.0000,0,1,57540608,4096,1,1,0
328,328_adaptive_sequential_run08,adaptive,sequential,1778276016.7255151,/big.txt,57540608,131072,sequential,1.0000,0.0000,0,1,57671680,4096,1,1,0
328,328_adaptive_sequential_run08,adaptive,sequential,1778276016.727702,/big.txt,57671680,131072,sequential,1.0000,0.0000,0,1,57802752,4096,1,1,0
328,328_adaptive_sequential_run08,adaptive,sequential,1778276016.7298949,/big.txt,57802752,131072,sequential,1.0000,0.0000,0,1,57933824,4096,1,1,0
328,328_adaptive_sequential_run08,adaptive,sequential,1778276016.7321231,/big.txt,57933824,131072,sequential,1.0000,0.0000,0,1,58064896,4096,1,1,0
328,328_adaptive_sequential_run08,adaptive,sequential,1778276016.7343125,/big.txt,58064896,131072,sequential,1.0000,0.0000,0,1,58195968,4096,1,1,0
328,328_adaptive_sequential_run08,adaptive,sequential,1778276016.7365098,/big.txt,58195968,131072,sequential,1.0000,0.0000,0,1,58327040,4096,1,1,0
328,328_adaptive_sequential_run08,adaptive,sequential,1778276016.7387068,/big.txt,58327040,131072,sequential,1.0000,0.0000,0,1,58458112,4096,1,1,0
328,328_adaptive_sequential_run08,adaptive,sequential,1778276016.7409346,/big.txt,58458112,131072,sequential,1.0000,0.0000,0,1,58589184,4096,1,1,0
328,328_adaptive_sequential_run08,adaptive,sequential,1778276016.7431536,/big.txt,58589184,131072,sequential,1.0000,0.0000,0,1,58720256,4096,1,1,0
328,328_adaptive_sequential_run08,adaptive,sequential,1778276016.74534,/big.txt,58720256,131072,sequential,1.0000,0.0000,0,1,58851328,4096,1,1,0
328,328_adaptive_sequential_run08,adaptive,sequential,1778276016.7475348,/big.txt,58851328,131072,sequential,1.0000,0.0000,0,1,58982400,4096,1,1,0
328,328_adaptive_sequential_run08,adaptive,sequential,1778276016.7497206,/big.txt,58982400,131072,sequential,1.0000,0.0000,0,1,59113472,4096,1,1,0
328,328_adaptive_sequential_run08,adaptive,sequential,1778276016.7519073,/big.txt,59113472,131072,sequential,1.0000,0.0000,0,1,59244544,4096,1,1,0
328,328_adaptive_sequential_run08,adaptive,sequential,1778276016.754098,/big.txt,59244544,131072,sequential,1.0000,0.0000,0,1,59375616,4096,1,1,0
328,328_adaptive_sequential_run08,adaptive,sequential,1778276016.756298,/big.txt,59375616,131072,sequential,1.0000,0.0000,0,1,59506688,4096,1,1,0
328,328_adaptive_sequential_run08,adaptive,sequential,1778276016.758482,/big.txt,59506688,131072,sequential,1.0000,0.0000,0,1,59637760,4096,1,1,0
328,328_adaptive_sequential_run08,adaptive,sequential,1778276016.7606354,/big.txt,59637760,131072,sequential,1.0000,0.0000,0,1,59768832,4096,1,1,0
328,328_adaptive_sequential_run08,adaptive,sequential,1778276016.7628229,/big.txt,59768832,131072,sequential,1.0000,0.0000,0,1,59899904,4096,1,1,0
328,328_adaptive_sequential_run08,adaptive,sequential,1778276016.7649934,/big.txt,59899904,131072,sequential,1.0000,0.0000,0,1,60030976,4096,1,1,0
328,328_adaptive_sequential_run08,adaptive,sequential,1778276016.7671854,/big.txt,60030976,131072,sequential,1.0000,0.0000,0,1,60162048,4096,1,1,0
328,328_adaptive_sequential_run08,adaptive,sequential,1778276016.7693777,/big.txt,60162048,131072,sequential,1.0000,0.0000,0,1,60293120,4096,1,1,0
328,328_adaptive_sequential_run08,adaptive,sequential,1778276016.7715557,/big.txt,60293120,131072,sequential,1.0000,0.0000,0,1,60424192,4096,1,1,0
328,328_adaptive_sequential_run08,adaptive,sequential,1778276016.7737315,/big.txt,60424192,131072,sequential,1.0000,0.0000,0,1,60555264,4096,1,1,0
328,328_adaptive_sequential_run08,adaptive,sequential,1778276016.7759151,/big.txt,60555264,131072,sequential,1.0000,0.0000,0,1,60686336,4096,1,1,0
328,328_adaptive_sequential_run08,adaptive,sequential,1778276016.7781148,/big.txt,60686336,131072,sequential,1.0000,0.0000,0,1,60817408,4096,1,1,0
328,328_adaptive_sequential_run08,adaptive,sequential,1778276016.7803166,/big.txt,60817408,131072,sequential,1.0000,0.0000,0,1,60948480,4096,1,1,0
328,328_adaptive_sequential_run08,adaptive,sequential,1778276016.7824955,/big.txt,60948480,131072,sequential,1.0000,0.0000,0,1,61079552,4096,1,1,0
328,328_adaptive_sequential_run08,adaptive,sequential,1778276016.7846644,/big.txt,61079552,131072,sequential,1.0000,0.0000,0,1,61210624,4096,1,1,0
328,328_adaptive_sequential_run08,adaptive,sequential,1778276016.7868567,/big.txt,61210624,131072,sequential,1.0000,0.0000,0,1,61341696,4096,1,1,0
328,328_adaptive_sequential_run08,adaptive,sequential,1778276016.7890353,/big.txt,61341696,131072,sequential,1.0000,0.0000,0,1,61472768,4096,1,1,0
328,328_adaptive_sequential_run08,adaptive,sequential,1778276016.791316,/big.txt,61472768,131072,sequential,1.0000,0.0000,0,1,61603840,4096,1,1,0
328,328_adaptive_sequential_run08,adaptive,sequential,1778276016.7934937,/big.txt,61603840,131072,sequential,1.0000,0.0000,0,1,61734912,4096,1,1,0
328,328_adaptive_sequential_run08,adaptive,sequential,1778276016.7956939,/big.txt,61734912,131072,sequential,1.0000,0.0000,0,1,61865984,4096,1,1,0
328,328_adaptive_sequential_run08,adaptive,sequential,1778276016.797893,/big.txt,61865984,131072,sequential,1.0000,0.0000,0,1,61997056,4096,1,1,0
328,328_adaptive_sequential_run08,adaptive,sequential,1778276016.8000965,/big.txt,61997056,131072,sequential,1.0000,0.0000,0,1,62128128,4096,1,1,0
328,328_adaptive_sequential_run08,adaptive,sequential,1778276016.8022966,/big.txt,62128128,131072,sequential,1.0000,0.0000,0,1,62259200,4096,1,1,0
328,328_adaptive_sequential_run08,adaptive,sequential,1778276016.804494,/big.txt,62259200,131072,sequential,1.0000,0.0000,0,1,62390272,4096,1,1,0
328,328_adaptive_sequential_run08,adaptive,sequential,1778276016.8066819,/big.txt,62390272,131072,sequential,1.0000,0.0000,0,1,62521344,4096,1,1,0
328,328_adaptive_sequential_run08,adaptive,sequential,1778276016.808921,/big.txt,62521344,131072,sequential,1.0000,0.0000,0,1,62652416,4096,1,1,0
328,328_adaptive_sequential_run08,adaptive,sequential,1778276016.8111367,/big.txt,62652416,131072,sequential,1.0000,0.0000,0,1,62783488,4096,1,1,0
328,328_adaptive_sequential_run08,adaptive,sequential,1778276016.8133404,/big.txt,62783488,131072,sequential,1.0000,0.0000,0,1,62914560,4096,1,1,0
328,328_adaptive_sequential_run08,adaptive,sequential,1778276016.8155348,/big.txt,62914560,131072,sequential,1.0000,0.0000,0,1,63045632,4096,1,1,0
328,328_adaptive_sequential_run08,adaptive,sequential,1778276016.8177297,/big.txt,63045632,131072,sequential,1.0000,0.0000,0,1,63176704,4096,1,1,0
328,328_adaptive_sequential_run08,adaptive,sequential,1778276016.8199215,/big.txt,63176704,131072,sequential,1.0000,0.0000,0,1,63307776,4096,1,1,0
328,328_adaptive_sequential_run08,adaptive,sequential,1778276016.8220963,/big.txt,63307776,131072,sequential,1.0000,0.0000,0,1,63438848,4096,1,1,0
328,328_adaptive_sequential_run08,adaptive,sequential,1778276016.8243053,/big.txt,63438848,131072,sequential,1.0000,0.0000,0,1,63569920,4096,1,1,0
328,328_adaptive_sequential_run08,adaptive,sequential,1778276016.8264863,/big.txt,63569920,131072,sequential,1.0000,0.0000,0,1,63700992,4096,1,1,0
328,328_adaptive_sequential_run08,adaptive,sequential,1778276016.8286502,/big.txt,63700992,131072,sequential,1.0000,0.0000,0,1,63832064,4096,1,1,0
328,328_adaptive_sequential_run08,adaptive,sequential,1778276016.830859,/big.txt,63832064,131072,sequential,1.0000,0.0000,0,1,63963136,4096,1,1,0
328,328_adaptive_sequential_run08,adaptive,sequential,1778276016.8330398,/big.txt,63963136,131072,sequential,1.0000,0.0000,0,1,64094208,4096,1,1,0
328,328_adaptive_sequential_run08,adaptive,sequential,1778276016.8352268,/big.txt,64094208,131072,sequential,1.0000,0.0000,0,1,64225280,4096,1,1,0
328,328_adaptive_sequential_run08,adaptive,sequential,1778276016.837412,/big.txt,64225280,131072,sequential,1.0000,0.0000,0,1,64356352,4096,1,1,0
328,328_adaptive_sequential_run08,adaptive,sequential,1778276016.8395896,/big.txt,64356352,131072,sequential,1.0000,0.0000,0,1,64487424,4096,1,1,0
328,328_adaptive_sequential_run08,adaptive,sequential,1778276016.84177,/big.txt,64487424,131072,sequential,1.0000,0.0000,0,1,64618496,4096,1,1,0
328,328_adaptive_sequential_run08,adaptive,sequential,1778276016.8439841,/big.txt,64618496,131072,sequential,1.0000,0.0000,0,1,64749568,4096,1,1,0
328,328_adaptive_sequential_run08,adaptive,sequential,1778276016.8461735,/big.txt,64749568,131072,sequential,1.0000,0.0000,0,1,64880640,4096,1,1,0
328,328_adaptive_sequential_run08,adaptive,sequential,1778276016.848365,/big.txt,64880640,131072,sequential,1.0000,0.0000,0,1,65011712,4096,1,1,0
328,328_adaptive_sequential_run08,adaptive,sequential,1778276016.8505516,/big.txt,65011712,131072,sequential,1.0000,0.0000,0,1,65142784,4096,1,1,0
328,328_adaptive_sequential_run08,adaptive,sequential,1778276016.8527339,/big.txt,65142784,131072,sequential,1.0000,0.0000,0,1,65273856,4096,1,1,0
328,328_adaptive_sequential_run08,adaptive,sequential,1778276016.8551028,/big.txt,65273856,131072,sequential,1.0000,0.0000,0,1,65404928,4096,1,1,0
328,328_adaptive_sequential_run08,adaptive,sequential,1778276016.8572876,/big.txt,65404928,131072,sequential,1.0000,0.0000,0,1,65536000,4096,1,1,0
328,328_adaptive_sequential_run08,adaptive,sequential,1778276016.859493,/big.txt,65536000,131072,sequential,1.0000,0.0000,0,1,65667072,4096,1,1,0
328,328_adaptive_sequential_run08,adaptive,sequential,1778276016.861668,/big.txt,65667072,131072,sequential,1.0000,0.0000,0,1,65798144,4096,1,1,0
328,328_adaptive_sequential_run08,adaptive,sequential,1778276016.8638673,/big.txt,65798144,131072,sequential,1.0000,0.0000,0,1,65929216,4096,1,1,0
328,328_adaptive_sequential_run08,adaptive,sequential,1778276016.8660543,/big.txt,65929216,131072,sequential,1.0000,0.0000,0,1,66060288,4096,1,1,0
328,328_adaptive_sequential_run08,adaptive,sequential,1778276016.8682473,/big.txt,66060288,131072,sequential,1.0000,0.0000,0,1,66191360,4096,1,1,0
328,328_adaptive_sequential_run08,adaptive,sequential,1778276016.8704298,/big.txt,66191360,131072,sequential,1.0000,0.0000,0,1,66322432,4096,1,1,0
328,328_adaptive_sequential_run08,adaptive,sequential,1778276016.8726494,/big.txt,66322432,131072,sequential,1.0000,0.0000,0,1,66453504,4096,1,1,0
328,328_adaptive_sequential_run08,adaptive,sequential,1778276016.8748462,/big.txt,66453504,131072,sequential,1.0000,0.0000,0,1,66584576,4096,1,1,0
328,328_adaptive_sequential_run08,adaptive,sequential,1778276016.8770347,/big.txt,66584576,131072,sequential,1.0000,0.0000,0,1,66715648,4096,1,1,0
328,328_adaptive_sequential_run08,adaptive,sequential,1778276016.879239,/big.txt,66715648,131072,sequential,1.0000,0.0000,0,1,66846720,4096,1,1,0
328,328_adaptive_sequential_run08,adaptive,sequential,1778276016.8814278,/big.txt,66846720,131072,sequential,1.0000,0.0000,0,1,66977792,4096,1,1,0
328,328_adaptive_sequential_run08,adaptive,sequential,1778276016.8836439,/big.txt,66977792,131072,sequential,1.0000,0.0000,0,1,67108864,4096,1,1,0
328,328_adaptive_sequential_run08,adaptive,sequential,1778276016.8858254,/big.txt,67108864,131072,sequential,1.0000,0.0000,0,1,67239936,4096,1,1,0
328,328_adaptive_sequential_run08,adaptive,sequential,1778276016.8880324,/big.txt,67239936,131072,sequential,1.0000,0.0000,0,1,67371008,4096,1,1,0
328,328_adaptive_sequential_run08,adaptive,sequential,1778276016.8902524,/big.txt,67371008,131072,sequential,1.0000,0.0000,0,1,67502080,4096,1,1,0
328,328_adaptive_sequential_run08,adaptive,sequential,1778276016.892445,/big.txt,67502080,131072,sequential,1.0000,0.0000,0,1,67633152,4096,1,1,0
328,328_adaptive_sequential_run08,adaptive,sequential,1778276016.8946226,/big.txt,67633152,131072,sequential,1.0000,0.0000,0,1,67764224,4096,1,1,0
328,328_adaptive_sequential_run08,adaptive,sequential,1778276016.8968737,/big.txt,67764224,131072,sequential,1.0000,0.0000,0,1,67895296,4096,1,1,0
328,328_adaptive_sequential_run08,adaptive,sequential,1778276016.899077,/big.txt,67895296,131072,sequential,1.0000,0.0000,0,1,68026368,4096,1,1,0
328,328_adaptive_sequential_run08,adaptive,sequential,1778276016.901258,/big.txt,68026368,131072,sequential,1.0000,0.0000,0,1,68157440,4096,1,1,0
328,328_adaptive_sequential_run08,adaptive,sequential,1778276016.9034529,/big.txt,68157440,131072,sequential,1.0000,0.0000,0,1,68288512,4096,1,1,0
328,328_adaptive_sequential_run08,adaptive,sequential,1778276016.9056292,/big.txt,68288512,131072,sequential,1.0000,0.0000,0,1,68419584,4096,1,1,0
328,328_adaptive_sequential_run08,adaptive,sequential,1778276016.9078357,/big.txt,68419584,131072,sequential,1.0000,0.0000,0,1,68550656,4096,1,1,0
328,328_adaptive_sequential_run08,adaptive,sequential,1778276016.9100053,/big.txt,68550656,131072,sequential,1.0000,0.0000,0,1,68681728,4096,1,1,0
328,328_adaptive_sequential_run08,adaptive,sequential,1778276016.912214,/big.txt,68681728,131072,sequential,1.0000,0.0000,0,1,68812800,4096,1,1,0
328,328_adaptive_sequential_run08,adaptive,sequential,1778276016.9144247,/big.txt,68812800,131072,sequential,1.0000,0.0000,0,1,68943872,4096,1,1,0
328,328_adaptive_sequential_run08,adaptive,sequential,1778276016.916624,/big.txt,68943872,131072,sequential,1.0000,0.0000,0,1,69074944,4096,1,1,0
328,328_adaptive_sequential_run08,adaptive,sequential,1778276016.9188516,/big.txt,69074944,131072,sequential,1.0000,0.0000,0,1,69206016,4096,1,1,0
328,328_adaptive_sequential_run08,adaptive,sequential,1778276016.921033,/big.txt,69206016,131072,sequential,1.0000,0.0000,0,1,69337088,4096,1,1,0
328,328_adaptive_sequential_run08,adaptive,sequential,1778276016.9232163,/big.txt,69337088,131072,sequential,1.0000,0.0000,0,1,69468160,4096,1,1,0
328,328_adaptive_sequential_run08,adaptive,sequential,1778276016.9254017,/big.txt,69468160,131072,sequential,1.0000,0.0000,0,1,69599232,4096,1,1,0
328,328_adaptive_sequential_run08,adaptive,sequential,1778276016.9276145,/big.txt,69599232,131072,sequential,1.0000,0.0000,0,1,69730304,4096,1,1,0
328,328_adaptive_sequential_run08,adaptive,sequential,1778276016.9297953,/big.txt,69730304,131072,sequential,1.0000,0.0000,0,1,69861376,4096,1,1,0
328,328_adaptive_sequential_run08,adaptive,sequential,1778276016.9319918,/big.txt,69861376,131072,sequential,1.0000,0.0000,0,1,69992448,4096,1,1,0
328,328_adaptive_sequential_run08,adaptive,sequential,1778276016.9341636,/big.txt,69992448,131072,sequential,1.0000,0.0000,0,1,70123520,4096,1,1,0
328,328_adaptive_sequential_run08,adaptive,sequential,1778276016.9363813,/big.txt,70123520,131072,sequential,1.0000,0.0000,0,1,70254592,4096,1,1,0
328,328_adaptive_sequential_run08,adaptive,sequential,1778276016.938559,/big.txt,70254592,131072,sequential,1.0000,0.0000,0,1,70385664,4096,1,1,0
328,328_adaptive_sequential_run08,adaptive,sequential,1778276016.9408157,/big.txt,70385664,131072,sequential,1.0000,0.0000,0,1,70516736,4096,1,1,0
328,328_adaptive_sequential_run08,adaptive,sequential,1778276016.9430742,/big.txt,70516736,131072,sequential,1.0000,0.0000,0,1,70647808,4096,1,1,0
328,328_adaptive_sequential_run08,adaptive,sequential,1778276016.9475071,/big.txt,70647808,131072,sequential,1.0000,0.0000,0,1,70778880,4096,1,1,0
328,328_adaptive_sequential_run08,adaptive,sequential,1778276016.9519346,/big.txt,70778880,131072,sequential,1.0000,0.0000,0,1,70909952,4096,1,1,0
328,328_adaptive_sequential_run08,adaptive,sequential,1778276016.9553845,/big.txt,70909952,131072,sequential,1.0000,0.0000,0,1,71041024,4096,1,1,0
328,328_adaptive_sequential_run08,adaptive,sequential,1778276016.95756,/big.txt,71041024,131072,sequential,1.0000,0.0000,0,1,71172096,4096,1,1,0
328,328_adaptive_sequential_run08,adaptive,sequential,1778276016.9597757,/big.txt,71172096,131072,sequential,1.0000,0.0000,0,1,71303168,4096,1,1,0
328,328_adaptive_sequential_run08,adaptive,sequential,1778276016.9619553,/big.txt,71303168,131072,sequential,1.0000,0.0000,0,1,71434240,4096,1,1,0
328,328_adaptive_sequential_run08,adaptive,sequential,1778276016.9641483,/big.txt,71434240,131072,sequential,1.0000,0.0000,0,1,71565312,4096,1,1,0
328,328_adaptive_sequential_run08,adaptive,sequential,1778276016.9663193,/big.txt,71565312,131072,sequential,1.0000,0.0000,0,1,71696384,4096,1,1,0
328,328_adaptive_sequential_run08,adaptive,sequential,1778276016.968504,/big.txt,71696384,131072,sequential,1.0000,0.0000,0,1,71827456,4096,1,1,0
328,328_adaptive_sequential_run08,adaptive,sequential,1778276016.9706895,/big.txt,71827456,131072,sequential,1.0000,0.0000,0,1,71958528,4096,1,1,0
328,328_adaptive_sequential_run08,adaptive,sequential,1778276016.972894,/big.txt,71958528,131072,sequential,1.0000,0.0000,0,1,72089600,4096,1,1,0
328,328_adaptive_sequential_run08,adaptive,sequential,1778276016.9751074,/big.txt,72089600,131072,sequential,1.0000,0.0000,0,1,72220672,4096,1,1,0
328,328_adaptive_sequential_run08,adaptive,sequential,1778276016.9772968,/big.txt,72220672,131072,sequential,1.0000,0.0000,0,1,72351744,4096,1,1,0
328,328_adaptive_sequential_run08,adaptive,sequential,1778276016.9794796,/big.txt,72351744,131072,sequential,1.0000,0.0000,0,1,72482816,4096,1,1,0
328,328_adaptive_sequential_run08,adaptive,sequential,1778276016.9816463,/big.txt,72482816,131072,sequential,1.0000,0.0000,0,1,72613888,4096,1,1,0
328,328_adaptive_sequential_run08,adaptive,sequential,1778276016.9838476,/big.txt,72613888,131072,sequential,1.0000,0.0000,0,1,72744960,4096,1,1,0
328,328_adaptive_sequential_run08,adaptive,sequential,1778276016.9860554,/big.txt,72744960,131072,sequential,1.0000,0.0000,0,1,72876032,4096,1,1,0
328,328_adaptive_sequential_run08,adaptive,sequential,1778276016.9882543,/big.txt,72876032,131072,sequential,1.0000,0.0000,0,1,73007104,4096,1,1,0
328,328_adaptive_sequential_run08,adaptive,sequential,1778276016.9904397,/big.txt,73007104,131072,sequential,1.0000,0.0000,0,1,73138176,4096,1,1,0
328,328_adaptive_sequential_run08,adaptive,sequential,1778276016.9926274,/big.txt,73138176,131072,sequential,1.0000,0.0000,0,1,73269248,4096,1,1,0
328,328_adaptive_sequential_run08,adaptive,sequential,1778276016.9948652,/big.txt,73269248,131072,sequential,1.0000,0.0000,0,1,73400320,4096,1,1,0
328,328_adaptive_sequential_run08,adaptive,sequential,1778276016.997066,/big.txt,73400320,131072,sequential,1.0000,0.0000,0,1,73531392,4096,1,1,0
328,328_adaptive_sequential_run08,adaptive,sequential,1778276016.9994013,/big.txt,73531392,131072,sequential,1.0000,0.0000,0,1,73662464,4096,1,1,0
328,328_adaptive_sequential_run08,adaptive,sequential,1778276017.0015955,/big.txt,73662464,131072,sequential,1.0000,0.0000,0,1,73793536,4096,1,1,0
328,328_adaptive_sequential_run08,adaptive,sequential,1778276017.003788,/big.txt,73793536,131072,sequential,1.0000,0.0000,0,1,73924608,4096,1,1,0
328,328_adaptive_sequential_run08,adaptive,sequential,1778276017.0059812,/big.txt,73924608,131072,sequential,1.0000,0.0000,0,1,74055680,4096,1,1,0
328,328_adaptive_sequential_run08,adaptive,sequential,1778276017.0081968,/big.txt,74055680,131072,sequential,1.0000,0.0000,0,1,74186752,4096,1,1,0
328,328_adaptive_sequential_run08,adaptive,sequential,1778276017.0103915,/big.txt,74186752,131072,sequential,1.0000,0.0000,0,1,74317824,4096,1,1,0
328,328_adaptive_sequential_run08,adaptive,sequential,1778276017.012603,/big.txt,74317824,131072,sequential,1.0000,0.0000,0,1,74448896,4096,1,1,0
328,328_adaptive_sequential_run08,adaptive,sequential,1778276017.014806,/big.txt,74448896,131072,sequential,1.0000,0.0000,0,1,74579968,4096,1,1,0
328,328_adaptive_sequential_run08,adaptive,sequential,1778276017.0169928,/big.txt,74579968,131072,sequential,1.0000,0.0000,0,1,74711040,4096,1,1,0
328,328_adaptive_sequential_run08,adaptive,sequential,1778276017.0192535,/big.txt,74711040,131072,sequential,1.0000,0.0000,0,1,74842112,4096,1,1,0
328,328_adaptive_sequential_run08,adaptive,sequential,1778276017.0214365,/big.txt,74842112,131072,sequential,1.0000,0.0000,0,1,74973184,4096,1,1,0
328,328_adaptive_sequential_run08,adaptive,sequential,1778276017.0236418,/big.txt,74973184,131072,sequential,1.0000,0.0000,0,1,75104256,4096,1,1,0
328,328_adaptive_sequential_run08,adaptive,sequential,1778276017.0258098,/big.txt,75104256,131072,sequential,1.0000,0.0000,0,1,75235328,4096,1,1,0
328,328_adaptive_sequential_run08,adaptive,sequential,1778276017.0280282,/big.txt,75235328,131072,sequential,1.0000,0.0000,0,1,75366400,4096,1,1,0
328,328_adaptive_sequential_run08,adaptive,sequential,1778276017.030216,/big.txt,75366400,131072,sequential,1.0000,0.0000,0,1,75497472,4096,1,1,0
328,328_adaptive_sequential_run08,adaptive,sequential,1778276017.0324225,/big.txt,75497472,131072,sequential,1.0000,0.0000,0,1,75628544,4096,1,1,0
328,328_adaptive_sequential_run08,adaptive,sequential,1778276017.0346086,/big.txt,75628544,131072,sequential,1.0000,0.0000,0,1,75759616,4096,1,1,0
328,328_adaptive_sequential_run08,adaptive,sequential,1778276017.036821,/big.txt,75759616,131072,sequential,1.0000,0.0000,0,1,75890688,4096,1,1,0
328,328_adaptive_sequential_run08,adaptive,sequential,1778276017.0391657,/big.txt,75890688,131072,sequential,1.0000,0.0000,0,1,76021760,4096,1,1,0
328,328_adaptive_sequential_run08,adaptive,sequential,1778276017.041365,/big.txt,76021760,131072,sequential,1.0000,0.0000,0,1,76152832,4096,1,1,0
328,328_adaptive_sequential_run08,adaptive,sequential,1778276017.0435758,/big.txt,76152832,131072,sequential,1.0000,0.0000,0,1,76283904,4096,1,1,0
328,328_adaptive_sequential_run08,adaptive,sequential,1778276017.0457914,/big.txt,76283904,131072,sequential,1.0000,0.0000,0,1,76414976,4096,1,1,0
328,328_adaptive_sequential_run08,adaptive,sequential,1778276017.0480158,/big.txt,76414976,131072,sequential,1.0000,0.0000,0,1,76546048,4096,1,1,0
328,328_adaptive_sequential_run08,adaptive,sequential,1778276017.0502052,/big.txt,76546048,131072,sequential,1.0000,0.0000,0,1,76677120,4096,1,1,0
328,328_adaptive_sequential_run08,adaptive,sequential,1778276017.0524187,/big.txt,76677120,131072,sequential,1.0000,0.0000,0,1,76808192,4096,1,1,0
328,328_adaptive_sequential_run08,adaptive,sequential,1778276017.0545845,/big.txt,76808192,131072,sequential,1.0000,0.0000,0,1,76939264,4096,1,1,0
328,328_adaptive_sequential_run08,adaptive,sequential,1778276017.056902,/big.txt,76939264,131072,sequential,1.0000,0.0000,0,1,77070336,4096,1,1,0
328,328_adaptive_sequential_run08,adaptive,sequential,1778276017.0591042,/big.txt,77070336,131072,sequential,1.0000,0.0000,0,1,77201408,4096,1,1,0
328,328_adaptive_sequential_run08,adaptive,sequential,1778276017.0613017,/big.txt,77201408,131072,sequential,1.0000,0.0000,0,1,77332480,4096,1,1,0
328,328_adaptive_sequential_run08,adaptive,sequential,1778276017.0635302,/big.txt,77332480,131072,sequential,1.0000,0.0000,0,1,77463552,4096,1,1,0
328,328_adaptive_sequential_run08,adaptive,sequential,1778276017.065711,/big.txt,77463552,131072,sequential,1.0000,0.0000,0,1,77594624,4096,1,1,0
328,328_adaptive_sequential_run08,adaptive,sequential,1778276017.0679193,/big.txt,77594624,131072,sequential,1.0000,0.0000,0,1,77725696,4096,1,1,0
328,328_adaptive_sequential_run08,adaptive,sequential,1778276017.070845,/big.txt,77725696,131072,sequential,1.0000,0.0000,0,1,77856768,4096,1,1,0
328,328_adaptive_sequential_run08,adaptive,sequential,1778276017.0730388,/big.txt,77856768,131072,sequential,1.0000,0.0000,0,1,77987840,4096,1,1,0
328,328_adaptive_sequential_run08,adaptive,sequential,1778276017.0753286,/big.txt,77987840,131072,sequential,1.0000,0.0000,0,1,78118912,4096,1,1,0
328,328_adaptive_sequential_run08,adaptive,sequential,1778276017.0775075,/big.txt,78118912,131072,sequential,1.0000,0.0000,0,1,78249984,4096,1,1,0
328,328_adaptive_sequential_run08,adaptive,sequential,1778276017.0797043,/big.txt,78249984,131072,sequential,1.0000,0.0000,0,1,78381056,4096,1,1,0
328,328_adaptive_sequential_run08,adaptive,sequential,1778276017.0818896,/big.txt,78381056,131072,sequential,1.0000,0.0000,0,1,78512128,4096,1,1,0
328,328_adaptive_sequential_run08,adaptive,sequential,1778276017.0841026,/big.txt,78512128,131072,sequential,1.0000,0.0000,0,1,78643200,4096,1,1,0
328,328_adaptive_sequential_run08,adaptive,sequential,1778276017.0862935,/big.txt,78643200,131072,sequential,1.0000,0.0000,0,1,78774272,4096,1,1,0
328,328_adaptive_sequential_run08,adaptive,sequential,1778276017.0885003,/big.txt,78774272,131072,sequential,1.0000,0.0000,0,1,78905344,4096,1,1,0
328,328_adaptive_sequential_run08,adaptive,sequential,1778276017.0906835,/big.txt,78905344,131072,sequential,1.0000,0.0000,0,1,79036416,4096,1,1,0
328,328_adaptive_sequential_run08,adaptive,sequential,1778276017.0928648,/big.txt,79036416,131072,sequential,1.0000,0.0000,0,1,79167488,4096,1,1,0
328,328_adaptive_sequential_run08,adaptive,sequential,1778276017.0951371,/big.txt,79167488,131072,sequential,1.0000,0.0000,0,1,79298560,4096,1,1,0
328,328_adaptive_sequential_run08,adaptive,sequential,1778276017.099505,/big.txt,79298560,131072,sequential,1.0000,0.0000,0,1,79429632,4096,1,1,0
328,328_adaptive_sequential_run08,adaptive,sequential,1778276017.103667,/big.txt,79429632,131072,sequential,1.0000,0.0000,0,1,79560704,4096,1,1,0
328,328_adaptive_sequential_run08,adaptive,sequential,1778276017.1071944,/big.txt,79560704,131072,sequential,1.0000,0.0000,0,1,79691776,4096,1,1,0
328,328_adaptive_sequential_run08,adaptive,sequential,1778276017.1092823,/big.txt,79691776,131072,sequential,1.0000,0.0000,0,1,79822848,4096,1,1,0
328,328_adaptive_sequential_run08,adaptive,sequential,1778276017.1114624,/big.txt,79822848,131072,sequential,1.0000,0.0000,0,1,79953920,4096,1,1,0
328,328_adaptive_sequential_run08,adaptive,sequential,1778276017.1135519,/big.txt,79953920,131072,sequential,1.0000,0.0000,0,1,80084992,4096,1,1,0
328,328_adaptive_sequential_run08,adaptive,sequential,1778276017.1156564,/big.txt,80084992,131072,sequential,1.0000,0.0000,0,1,80216064,4096,1,1,0
328,328_adaptive_sequential_run08,adaptive,sequential,1778276017.1177433,/big.txt,80216064,131072,sequential,1.0000,0.0000,0,1,80347136,4096,1,1,0
328,328_adaptive_sequential_run08,adaptive,sequential,1778276017.1198301,/big.txt,80347136,131072,sequential,1.0000,0.0000,0,1,80478208,4096,1,1,0
328,328_adaptive_sequential_run08,adaptive,sequential,1778276017.1219325,/big.txt,80478208,131072,sequential,1.0000,0.0000,0,1,80609280,4096,1,1,0
328,328_adaptive_sequential_run08,adaptive,sequential,1778276017.124067,/big.txt,80609280,131072,sequential,1.0000,0.0000,0,1,80740352,4096,1,1,0
328,328_adaptive_sequential_run08,adaptive,sequential,1778276017.1261673,/big.txt,80740352,131072,sequential,1.0000,0.0000,0,1,80871424,4096,1,1,0
328,328_adaptive_sequential_run08,adaptive,sequential,1778276017.128299,/big.txt,80871424,131072,sequential,1.0000,0.0000,0,1,81002496,4096,1,1,0
328,328_adaptive_sequential_run08,adaptive,sequential,1778276017.1303856,/big.txt,81002496,131072,sequential,1.0000,0.0000,0,1,81133568,4096,1,1,0
328,328_adaptive_sequential_run08,adaptive,sequential,1778276017.1324906,/big.txt,81133568,131072,sequential,1.0000,0.0000,0,1,81264640,4096,1,1,0
328,328_adaptive_sequential_run08,adaptive,sequential,1778276017.1345942,/big.txt,81264640,131072,sequential,1.0000,0.0000,0,1,81395712,4096,1,1,0
328,328_adaptive_sequential_run08,adaptive,sequential,1778276017.1367397,/big.txt,81395712,131072,sequential,1.0000,0.0000,0,1,81526784,4096,1,1,0
328,328_adaptive_sequential_run08,adaptive,sequential,1778276017.1388388,/big.txt,81526784,131072,sequential,1.0000,0.0000,0,1,81657856,4096,1,1,0
328,328_adaptive_sequential_run08,adaptive,sequential,1778276017.1409395,/big.txt,81657856,131072,sequential,1.0000,0.0000,0,1,81788928,4096,1,1,0
328,328_adaptive_sequential_run08,adaptive,sequential,1778276017.143052,/big.txt,81788928,131072,sequential,1.0000,0.0000,0,1,81920000,4096,1,1,0
328,328_adaptive_sequential_run08,adaptive,sequential,1778276017.145149,/big.txt,81920000,131072,sequential,1.0000,0.0000,0,1,82051072,4096,1,1,0
328,328_adaptive_sequential_run08,adaptive,sequential,1778276017.1473417,/big.txt,82051072,131072,sequential,1.0000,0.0000,0,1,82182144,4096,1,1,0
328,328_adaptive_sequential_run08,adaptive,sequential,1778276017.1494625,/big.txt,82182144,131072,sequential,1.0000,0.0000,0,1,82313216,4096,1,1,0
328,328_adaptive_sequential_run08,adaptive,sequential,1778276017.151552,/big.txt,82313216,131072,sequential,1.0000,0.0000,0,1,82444288,4096,1,1,0
328,328_adaptive_sequential_run08,adaptive,sequential,1778276017.153661,/big.txt,82444288,131072,sequential,1.0000,0.0000,0,1,82575360,4096,1,1,0
328,328_adaptive_sequential_run08,adaptive,sequential,1778276017.1557899,/big.txt,82575360,131072,sequential,1.0000,0.0000,0,1,82706432,4096,1,1,0
328,328_adaptive_sequential_run08,adaptive,sequential,1778276017.1578956,/big.txt,82706432,131072,sequential,1.0000,0.0000,0,1,82837504,4096,1,1,0
328,328_adaptive_sequential_run08,adaptive,sequential,1778276017.1599977,/big.txt,82837504,131072,sequential,1.0000,0.0000,0,1,82968576,4096,1,1,0
328,328_adaptive_sequential_run08,adaptive,sequential,1778276017.1621125,/big.txt,82968576,131072,sequential,1.0000,0.0000,0,1,83099648,4096,1,1,0
328,328_adaptive_sequential_run08,adaptive,sequential,1778276017.1642337,/big.txt,83099648,131072,sequential,1.0000,0.0000,0,1,83230720,4096,1,1,0
328,328_adaptive_sequential_run08,adaptive,sequential,1778276017.1663597,/big.txt,83230720,131072,sequential,1.0000,0.0000,0,1,83361792,4096,1,1,0
328,328_adaptive_sequential_run08,adaptive,sequential,1778276017.1684842,/big.txt,83361792,131072,sequential,1.0000,0.0000,0,1,83492864,4096,1,1,0
328,328_adaptive_sequential_run08,adaptive,sequential,1778276017.1705813,/big.txt,83492864,131072,sequential,1.0000,0.0000,0,1,83623936,4096,1,1,0
328,328_adaptive_sequential_run08,adaptive,sequential,1778276017.1727815,/big.txt,83623936,131072,sequential,1.0000,0.0000,0,1,83755008,4096,1,1,0
328,328_adaptive_sequential_run08,adaptive,sequential,1778276017.1748884,/big.txt,83755008,131072,sequential,1.0000,0.0000,0,1,83886080,4096,1,1,0
328,328_adaptive_sequential_run08,adaptive,sequential,1778276017.1769793,/big.txt,83886080,131072,sequential,1.0000,0.0000,0,1,84017152,4096,1,1,0
328,328_adaptive_sequential_run08,adaptive,sequential,1778276017.1791492,/big.txt,84017152,131072,sequential,1.0000,0.0000,0,1,84148224,4096,1,1,0
328,328_adaptive_sequential_run08,adaptive,sequential,1778276017.1812563,/big.txt,84148224,131072,sequential,1.0000,0.0000,0,1,84279296,4096,1,1,0
328,328_adaptive_sequential_run08,adaptive,sequential,1778276017.183354,/big.txt,84279296,131072,sequential,1.0000,0.0000,0,1,84410368,4096,1,1,0
328,328_adaptive_sequential_run08,adaptive,sequential,1778276017.1854415,/big.txt,84410368,131072,sequential,1.0000,0.0000,0,1,84541440,4096,1,1,0
328,328_adaptive_sequential_run08,adaptive,sequential,1778276017.1875875,/big.txt,84541440,131072,sequential,1.0000,0.0000,0,1,84672512,4096,1,1,0
328,328_adaptive_sequential_run08,adaptive,sequential,1778276017.1896915,/big.txt,84672512,131072,sequential,1.0000,0.0000,0,1,84803584,4096,1,1,0
328,328_adaptive_sequential_run08,adaptive,sequential,1778276017.191826,/big.txt,84803584,131072,sequential,1.0000,0.0000,0,1,84934656,4096,1,1,0
328,328_adaptive_sequential_run08,adaptive,sequential,1778276017.193925,/big.txt,84934656,131072,sequential,1.0000,0.0000,0,1,85065728,4096,1,1,0
328,328_adaptive_sequential_run08,adaptive,sequential,1778276017.1960297,/big.txt,85065728,131072,sequential,1.0000,0.0000,0,1,85196800,4096,1,1,0
328,328_adaptive_sequential_run08,adaptive,sequential,1778276017.1981683,/big.txt,85196800,131072,sequential,1.0000,0.0000,0,1,85327872,4096,1,1,0
328,328_adaptive_sequential_run08,adaptive,sequential,1778276017.2003047,/big.txt,85327872,131072,sequential,1.0000,0.0000,0,1,85458944,4096,1,1,0
328,328_adaptive_sequential_run08,adaptive,sequential,1778276017.202408,/big.txt,85458944,131072,sequential,1.0000,0.0000,0,1,85590016,4096,1,1,0
328,328_adaptive_sequential_run08,adaptive,sequential,1778276017.2045038,/big.txt,85590016,131072,sequential,1.0000,0.0000,0,1,85721088,4096,1,1,0
328,328_adaptive_sequential_run08,adaptive,sequential,1778276017.206611,/big.txt,85721088,131072,sequential,1.0000,0.0000,0,1,85852160,4096,1,1,0
328,328_adaptive_sequential_run08,adaptive,sequential,1778276017.2087016,/big.txt,85852160,131072,sequential,1.0000,0.0000,0,1,85983232,4096,1,1,0
328,328_adaptive_sequential_run08,adaptive,sequential,1778276017.2108817,/big.txt,85983232,131072,sequential,1.0000,0.0000,0,1,86114304,4096,1,1,0
328,328_adaptive_sequential_run08,adaptive,sequential,1778276017.2129903,/big.txt,86114304,131072,sequential,1.0000,0.0000,0,1,86245376,4096,1,1,0
328,328_adaptive_sequential_run08,adaptive,sequential,1778276017.2150831,/big.txt,86245376,131072,sequential,1.0000,0.0000,0,1,86376448,4096,1,1,0
328,328_adaptive_sequential_run08,adaptive,sequential,1778276017.217183,/big.txt,86376448,131072,sequential,1.0000,0.0000,0,1,86507520,4096,1,1,0
328,328_adaptive_sequential_run08,adaptive,sequential,1778276017.2193959,/big.txt,86507520,131072,sequential,1.0000,0.0000,0,1,86638592,4096,1,1,0
328,328_adaptive_sequential_run08,adaptive,sequential,1778276017.2215068,/big.txt,86638592,131072,sequential,1.0000,0.0000,0,1,86769664,4096,1,1,0
328,328_adaptive_sequential_run08,adaptive,sequential,1778276017.2236226,/big.txt,86769664,131072,sequential,1.0000,0.0000,0,1,86900736,4096,1,1,0
328,328_adaptive_sequential_run08,adaptive,sequential,1778276017.225723,/big.txt,86900736,131072,sequential,1.0000,0.0000,0,1,87031808,4096,1,1,0
328,328_adaptive_sequential_run08,adaptive,sequential,1778276017.2278252,/big.txt,87031808,131072,sequential,1.0000,0.0000,0,1,87162880,4096,1,1,0
328,328_adaptive_sequential_run08,adaptive,sequential,1778276017.2299244,/big.txt,87162880,131072,sequential,1.0000,0.0000,0,1,87293952,4096,1,1,0
328,328_adaptive_sequential_run08,adaptive,sequential,1778276017.2320533,/big.txt,87293952,131072,sequential,1.0000,0.0000,0,1,87425024,4096,1,1,0
328,328_adaptive_sequential_run08,adaptive,sequential,1778276017.234146,/big.txt,87425024,131072,sequential,1.0000,0.0000,0,1,87556096,4096,1,1,0
328,328_adaptive_sequential_run08,adaptive,sequential,1778276017.2362642,/big.txt,87556096,131072,sequential,1.0000,0.0000,0,1,87687168,4096,1,1,0
328,328_adaptive_sequential_run08,adaptive,sequential,1778276017.238369,/big.txt,87687168,131072,sequential,1.0000,0.0000,0,1,87818240,4096,1,1,0
328,328_adaptive_sequential_run08,adaptive,sequential,1778276017.240461,/big.txt,87818240,131072,sequential,1.0000,0.0000,0,1,87949312,4096,1,1,0
328,328_adaptive_sequential_run08,adaptive,sequential,1778276017.2425532,/big.txt,87949312,131072,sequential,1.0000,0.0000,0,1,88080384,4096,1,1,0
328,328_adaptive_sequential_run08,adaptive,sequential,1778276017.2447188,/big.txt,88080384,131072,sequential,1.0000,0.0000,0,1,88211456,4096,1,1,0
328,328_adaptive_sequential_run08,adaptive,sequential,1778276017.2468362,/big.txt,88211456,131072,sequential,1.0000,0.0000,0,1,88342528,4096,1,1,0
328,328_adaptive_sequential_run08,adaptive,sequential,1778276017.2489502,/big.txt,88342528,131072,sequential,1.0000,0.0000,0,1,88473600,4096,1,1,0
328,328_adaptive_sequential_run08,adaptive,sequential,1778276017.2511501,/big.txt,88473600,131072,sequential,1.0000,0.0000,0,1,88604672,4096,1,1,0
328,328_adaptive_sequential_run08,adaptive,sequential,1778276017.2532506,/big.txt,88604672,131072,sequential,1.0000,0.0000,0,1,88735744,4096,1,1,0
328,328_adaptive_sequential_run08,adaptive,sequential,1778276017.255351,/big.txt,88735744,131072,sequential,1.0000,0.0000,0,1,88866816,4096,1,1,0
328,328_adaptive_sequential_run08,adaptive,sequential,1778276017.2574532,/big.txt,88866816,131072,sequential,1.0000,0.0000,0,1,88997888,4096,1,1,0
328,328_adaptive_sequential_run08,adaptive,sequential,1778276017.2596774,/big.txt,88997888,131072,sequential,1.0000,0.0000,0,1,89128960,4096,1,1,0
328,328_adaptive_sequential_run08,adaptive,sequential,1778276017.2618747,/big.txt,89128960,131072,sequential,1.0000,0.0000,0,1,89260032,4096,1,1,0
328,328_adaptive_sequential_run08,adaptive,sequential,1778276017.2641048,/big.txt,89260032,131072,sequential,1.0000,0.0000,0,1,89391104,4096,1,1,0
328,328_adaptive_sequential_run08,adaptive,sequential,1778276017.2662878,/big.txt,89391104,131072,sequential,1.0000,0.0000,0,1,89522176,4096,1,1,0
328,328_adaptive_sequential_run08,adaptive,sequential,1778276017.268415,/big.txt,89522176,131072,sequential,1.0000,0.0000,0,1,89653248,4096,1,1,0
328,328_adaptive_sequential_run08,adaptive,sequential,1778276017.270517,/big.txt,89653248,131072,sequential,1.0000,0.0000,0,1,89784320,4096,1,1,0
328,328_adaptive_sequential_run08,adaptive,sequential,1778276017.2726204,/big.txt,89784320,131072,sequential,1.0000,0.0000,0,1,89915392,4096,1,1,0
328,328_adaptive_sequential_run08,adaptive,sequential,1778276017.2747238,/big.txt,89915392,131072,sequential,1.0000,0.0000,0,1,90046464,4096,1,1,0
328,328_adaptive_sequential_run08,adaptive,sequential,1778276017.2768338,/big.txt,90046464,131072,sequential,1.0000,0.0000,0,1,90177536,4096,1,1,0
328,328_adaptive_sequential_run08,adaptive,sequential,1778276017.2789226,/big.txt,90177536,131072,sequential,1.0000,0.0000,0,1,90308608,4096,1,1,0
328,328_adaptive_sequential_run08,adaptive,sequential,1778276017.2810092,/big.txt,90308608,131072,sequential,1.0000,0.0000,0,1,90439680,4096,1,1,0
328,328_adaptive_sequential_run08,adaptive,sequential,1778276017.2830987,/big.txt,90439680,131072,sequential,1.0000,0.0000,0,1,90570752,4096,1,1,0
328,328_adaptive_sequential_run08,adaptive,sequential,1778276017.285195,/big.txt,90570752,131072,sequential,1.0000,0.0000,0,1,90701824,4096,1,1,0
328,328_adaptive_sequential_run08,adaptive,sequential,1778276017.2884452,/big.txt,90701824,131072,sequential,1.0000,0.0000,0,1,90832896,4096,1,1,0
328,328_adaptive_sequential_run08,adaptive,sequential,1778276017.2926896,/big.txt,90832896,131072,sequential,1.0000,0.0000,0,1,90963968,4096,1,1,0
328,328_adaptive_sequential_run08,adaptive,sequential,1778276017.2969255,/big.txt,90963968,131072,sequential,1.0000,0.0000,0,1,91095040,4096,1,1,0
328,328_adaptive_sequential_run08,adaptive,sequential,1778276017.2994463,/big.txt,91095040,131072,sequential,1.0000,0.0000,0,1,91226112,4096,1,1,0
328,328_adaptive_sequential_run08,adaptive,sequential,1778276017.3015473,/big.txt,91226112,131072,sequential,1.0000,0.0000,0,1,91357184,4096,1,1,0
328,328_adaptive_sequential_run08,adaptive,sequential,1778276017.303664,/big.txt,91357184,131072,sequential,1.0000,0.0000,0,1,91488256,4096,1,1,0
328,328_adaptive_sequential_run08,adaptive,sequential,1778276017.3057494,/big.txt,91488256,131072,sequential,1.0000,0.0000,0,1,91619328,4096,1,1,0
328,328_adaptive_sequential_run08,adaptive,sequential,1778276017.3078818,/big.txt,91619328,131072,sequential,1.0000,0.0000,0,1,91750400,4096,1,1,0
328,328_adaptive_sequential_run08,adaptive,sequential,1778276017.309982,/big.txt,91750400,131072,sequential,1.0000,0.0000,0,1,91881472,4096,1,1,0
328,328_adaptive_sequential_run08,adaptive,sequential,1778276017.3120878,/big.txt,91881472,131072,sequential,1.0000,0.0000,0,1,92012544,4096,1,1,0
328,328_adaptive_sequential_run08,adaptive,sequential,1778276017.3141801,/big.txt,92012544,131072,sequential,1.0000,0.0000,0,1,92143616,4096,1,1,0
328,328_adaptive_sequential_run08,adaptive,sequential,1778276017.3162904,/big.txt,92143616,131072,sequential,1.0000,0.0000,0,1,92274688,4096,1,1,0
328,328_adaptive_sequential_run08,adaptive,sequential,1778276017.3183818,/big.txt,92274688,131072,sequential,1.0000,0.0000,0,1,92405760,4096,1,1,0
328,328_adaptive_sequential_run08,adaptive,sequential,1778276017.3204753,/big.txt,92405760,131072,sequential,1.0000,0.0000,0,1,92536832,4096,1,1,0
328,328_adaptive_sequential_run08,adaptive,sequential,1778276017.322567,/big.txt,92536832,131072,sequential,1.0000,0.0000,0,1,92667904,4096,1,1,0
328,328_adaptive_sequential_run08,adaptive,sequential,1778276017.324687,/big.txt,92667904,131072,sequential,1.0000,0.0000,0,1,92798976,4096,1,1,0
328,328_adaptive_sequential_run08,adaptive,sequential,1778276017.3268301,/big.txt,92798976,131072,sequential,1.0000,0.0000,0,1,92930048,4096,1,1,0
328,328_adaptive_sequential_run08,adaptive,sequential,1778276017.3289542,/big.txt,92930048,131072,sequential,1.0000,0.0000,0,1,93061120,4096,1,1,0
328,328_adaptive_sequential_run08,adaptive,sequential,1778276017.331049,/big.txt,93061120,131072,sequential,1.0000,0.0000,0,1,93192192,4096,1,1,0
328,328_adaptive_sequential_run08,adaptive,sequential,1778276017.333156,/big.txt,93192192,131072,sequential,1.0000,0.0000,0,1,93323264,4096,1,1,0
328,328_adaptive_sequential_run08,adaptive,sequential,1778276017.3353336,/big.txt,93323264,131072,sequential,1.0000,0.0000,0,1,93454336,4096,1,1,0
328,328_adaptive_sequential_run08,adaptive,sequential,1778276017.3374522,/big.txt,93454336,131072,sequential,1.0000,0.0000,0,1,93585408,4096,1,1,0
328,328_adaptive_sequential_run08,adaptive,sequential,1778276017.3395753,/big.txt,93585408,131072,sequential,1.0000,0.0000,0,1,93716480,4096,1,1,0
328,328_adaptive_sequential_run08,adaptive,sequential,1778276017.3416784,/big.txt,93716480,131072,sequential,1.0000,0.0000,0,1,93847552,4096,1,1,0
328,328_adaptive_sequential_run08,adaptive,sequential,1778276017.3437858,/big.txt,93847552,131072,sequential,1.0000,0.0000,0,1,93978624,4096,1,1,0
328,328_adaptive_sequential_run08,adaptive,sequential,1778276017.345876,/big.txt,93978624,131072,sequential,1.0000,0.0000,0,1,94109696,4096,1,1,0
328,328_adaptive_sequential_run08,adaptive,sequential,1778276017.3480408,/big.txt,94109696,131072,sequential,1.0000,0.0000,0,1,94240768,4096,1,1,0
328,328_adaptive_sequential_run08,adaptive,sequential,1778276017.350147,/big.txt,94240768,131072,sequential,1.0000,0.0000,0,1,94371840,4096,1,1,0
328,328_adaptive_sequential_run08,adaptive,sequential,1778276017.3522475,/big.txt,94371840,131072,sequential,1.0000,0.0000,0,1,94502912,4096,1,1,0
328,328_adaptive_sequential_run08,adaptive,sequential,1778276017.3543599,/big.txt,94502912,131072,sequential,1.0000,0.0000,0,1,94633984,4096,1,1,0
328,328_adaptive_sequential_run08,adaptive,sequential,1778276017.356468,/big.txt,94633984,131072,sequential,1.0000,0.0000,0,1,94765056,4096,1,1,0
328,328_adaptive_sequential_run08,adaptive,sequential,1778276017.358565,/big.txt,94765056,131072,sequential,1.0000,0.0000,0,1,94896128,4096,1,1,0
328,328_adaptive_sequential_run08,adaptive,sequential,1778276017.3606694,/big.txt,94896128,131072,sequential,1.0000,0.0000,0,1,95027200,4096,1,1,0
328,328_adaptive_sequential_run08,adaptive,sequential,1778276017.3629296,/big.txt,95027200,131072,sequential,1.0000,0.0000,0,1,95158272,4096,1,1,0
328,328_adaptive_sequential_run08,adaptive,sequential,1778276017.3650286,/big.txt,95158272,131072,sequential,1.0000,0.0000,0,1,95289344,4096,1,1,0
328,328_adaptive_sequential_run08,adaptive,sequential,1778276017.367129,/big.txt,95289344,131072,sequential,1.0000,0.0000,0,1,95420416,4096,1,1,0
328,328_adaptive_sequential_run08,adaptive,sequential,1778276017.3692303,/big.txt,95420416,131072,sequential,1.0000,0.0000,0,1,95551488,4096,1,1,0
328,328_adaptive_sequential_run08,adaptive,sequential,1778276017.371335,/big.txt,95551488,131072,sequential,1.0000,0.0000,0,1,95682560,4096,1,1,0
328,328_adaptive_sequential_run08,adaptive,sequential,1778276017.3734305,/big.txt,95682560,131072,sequential,1.0000,0.0000,0,1,95813632,4096,1,1,0
328,328_adaptive_sequential_run08,adaptive,sequential,1778276017.3755276,/big.txt,95813632,131072,sequential,1.0000,0.0000,0,1,95944704,4096,1,1,0
328,328_adaptive_sequential_run08,adaptive,sequential,1778276017.3776069,/big.txt,95944704,131072,sequential,1.0000,0.0000,0,1,96075776,4096,1,1,0
328,328_adaptive_sequential_run08,adaptive,sequential,1778276017.3797314,/big.txt,96075776,131072,sequential,1.0000,0.0000,0,1,96206848,4096,1,1,0
328,328_adaptive_sequential_run08,adaptive,sequential,1778276017.3818214,/big.txt,96206848,131072,sequential,1.0000,0.0000,0,1,96337920,4096,1,1,0
328,328_adaptive_sequential_run08,adaptive,sequential,1778276017.383925,/big.txt,96337920,131072,sequential,1.0000,0.0000,0,1,96468992,4096,1,1,0
328,328_adaptive_sequential_run08,adaptive,sequential,1778276017.3860087,/big.txt,96468992,131072,sequential,1.0000,0.0000,0,1,96600064,4096,1,1,0
328,328_adaptive_sequential_run08,adaptive,sequential,1778276017.3881316,/big.txt,96600064,131072,sequential,1.0000,0.0000,0,1,96731136,4096,1,1,0
328,328_adaptive_sequential_run08,adaptive,sequential,1778276017.390251,/big.txt,96731136,131072,sequential,1.0000,0.0000,0,1,96862208,4096,1,1,0
328,328_adaptive_sequential_run08,adaptive,sequential,1778276017.3923872,/big.txt,96862208,131072,sequential,1.0000,0.0000,0,1,96993280,4096,1,1,0
328,328_adaptive_sequential_run08,adaptive,sequential,1778276017.3944895,/big.txt,96993280,131072,sequential,1.0000,0.0000,0,1,97124352,4096,1,1,0
328,328_adaptive_sequential_run08,adaptive,sequential,1778276017.3966007,/big.txt,97124352,131072,sequential,1.0000,0.0000,0,1,97255424,4096,1,1,0
328,328_adaptive_sequential_run08,adaptive,sequential,1778276017.398681,/big.txt,97255424,131072,sequential,1.0000,0.0000,0,1,97386496,4096,1,1,0
328,328_adaptive_sequential_run08,adaptive,sequential,1778276017.4008415,/big.txt,97386496,131072,sequential,1.0000,0.0000,0,1,97517568,4096,1,1,0
328,328_adaptive_sequential_run08,adaptive,sequential,1778276017.402958,/big.txt,97517568,131072,sequential,1.0000,0.0000,0,1,97648640,4096,1,1,0
328,328_adaptive_sequential_run08,adaptive,sequential,1778276017.4050584,/big.txt,97648640,131072,sequential,1.0000,0.0000,0,1,97779712,4096,1,1,0
328,328_adaptive_sequential_run08,adaptive,sequential,1778276017.4071877,/big.txt,97779712,131072,sequential,1.0000,0.0000,0,1,97910784,4096,1,1,0
328,328_adaptive_sequential_run08,adaptive,sequential,1778276017.409287,/big.txt,97910784,131072,sequential,1.0000,0.0000,0,1,98041856,4096,1,1,0
328,328_adaptive_sequential_run08,adaptive,sequential,1778276017.4113827,/big.txt,98041856,131072,sequential,1.0000,0.0000,0,1,98172928,4096,1,1,0
328,328_adaptive_sequential_run08,adaptive,sequential,1778276017.4134917,/big.txt,98172928,131072,sequential,1.0000,0.0000,0,1,98304000,4096,1,1,0
328,328_adaptive_sequential_run08,adaptive,sequential,1778276017.415679,/big.txt,98304000,131072,sequential,1.0000,0.0000,0,1,98435072,4096,1,1,0
328,328_adaptive_sequential_run08,adaptive,sequential,1778276017.4177854,/big.txt,98435072,131072,sequential,1.0000,0.0000,0,1,98566144,4096,1,1,0
328,328_adaptive_sequential_run08,adaptive,sequential,1778276017.4199216,/big.txt,98566144,131072,sequential,1.0000,0.0000,0,1,98697216,4096,1,1,0
328,328_adaptive_sequential_run08,adaptive,sequential,1778276017.4220388,/big.txt,98697216,131072,sequential,1.0000,0.0000,0,1,98828288,4096,1,1,0
328,328_adaptive_sequential_run08,adaptive,sequential,1778276017.4241536,/big.txt,98828288,131072,sequential,1.0000,0.0000,0,1,98959360,4096,1,1,0
328,328_adaptive_sequential_run08,adaptive,sequential,1778276017.426247,/big.txt,98959360,131072,sequential,1.0000,0.0000,0,1,99090432,4096,1,1,0
328,328_adaptive_sequential_run08,adaptive,sequential,1778276017.4283967,/big.txt,99090432,131072,sequential,1.0000,0.0000,0,1,99221504,4096,1,1,0
328,328_adaptive_sequential_run08,adaptive,sequential,1778276017.4304936,/big.txt,99221504,131072,sequential,1.0000,0.0000,0,1,99352576,4096,1,1,0
328,328_adaptive_sequential_run08,adaptive,sequential,1778276017.432597,/big.txt,99352576,131072,sequential,1.0000,0.0000,0,1,99483648,4096,1,1,0
328,328_adaptive_sequential_run08,adaptive,sequential,1778276017.4347034,/big.txt,99483648,131072,sequential,1.0000,0.0000,0,1,99614720,4096,1,1,0
328,328_adaptive_sequential_run08,adaptive,sequential,1778276017.4368775,/big.txt,99614720,131072,sequential,1.0000,0.0000,0,1,99745792,4096,1,1,0
328,328_adaptive_sequential_run08,adaptive,sequential,1778276017.438964,/big.txt,99745792,131072,sequential,1.0000,0.0000,0,1,99876864,4096,1,1,0
328,328_adaptive_sequential_run08,adaptive,sequential,1778276017.4410667,/big.txt,99876864,131072,sequential,1.0000,0.0000,0,1,100007936,4096,1,1,0
328,328_adaptive_sequential_run08,adaptive,sequential,1778276017.4432678,/big.txt,100007936,131072,sequential,1.0000,0.0000,0,1,100139008,4096,1,1,0
328,328_adaptive_sequential_run08,adaptive,sequential,1778276017.4453678,/big.txt,100139008,131072,sequential,1.0000,0.0000,0,1,100270080,4096,1,1,0
328,328_adaptive_sequential_run08,adaptive,sequential,1778276017.4474444,/big.txt,100270080,131072,sequential,1.0000,0.0000,0,1,100401152,4096,1,1,0
328,328_adaptive_sequential_run08,adaptive,sequential,1778276017.4495287,/big.txt,100401152,131072,sequential,1.0000,0.0000,0,1,100532224,4096,1,1,0
328,328_adaptive_sequential_run08,adaptive,sequential,1778276017.45164,/big.txt,100532224,131072,sequential,1.0000,0.0000,0,1,100663296,4096,1,1,0
328,328_adaptive_sequential_run08,adaptive,sequential,1778276017.4537213,/big.txt,100663296,131072,sequential,1.0000,0.0000,0,1,100794368,4096,1,1,0
328,328_adaptive_sequential_run08,adaptive,sequential,1778276017.455835,/big.txt,100794368,131072,sequential,1.0000,0.0000,0,1,100925440,4096,1,1,0
328,328_adaptive_sequential_run08,adaptive,sequential,1778276017.4579363,/big.txt,100925440,131072,sequential,1.0000,0.0000,0,1,101056512,4096,1,1,0
328,328_adaptive_sequential_run08,adaptive,sequential,1778276017.460055,/big.txt,101056512,131072,sequential,1.0000,0.0000,0,1,101187584,4096,1,1,0
328,328_adaptive_sequential_run08,adaptive,sequential,1778276017.4621296,/big.txt,101187584,131072,sequential,1.0000,0.0000,0,1,101318656,4096,1,1,0
328,328_adaptive_sequential_run08,adaptive,sequential,1778276017.46424,/big.txt,101318656,131072,sequential,1.0000,0.0000,0,1,101449728,4096,1,1,0
328,328_adaptive_sequential_run08,adaptive,sequential,1778276017.4663308,/big.txt,101449728,131072,sequential,1.0000,0.0000,0,1,101580800,4096,1,1,0
328,328_adaptive_sequential_run08,adaptive,sequential,1778276017.4684436,/big.txt,101580800,131072,sequential,1.0000,0.0000,0,1,101711872,4096,1,1,0
328,328_adaptive_sequential_run08,adaptive,sequential,1778276017.470531,/big.txt,101711872,131072,sequential,1.0000,0.0000,0,1,101842944,4096,1,1,0
328,328_adaptive_sequential_run08,adaptive,sequential,1778276017.4726121,/big.txt,101842944,131072,sequential,1.0000,0.0000,0,1,101974016,4096,1,1,0
328,328_adaptive_sequential_run08,adaptive,sequential,1778276017.4747152,/big.txt,101974016,131072,sequential,1.0000,0.0000,0,1,102105088,4096,1,1,0
328,328_adaptive_sequential_run08,adaptive,sequential,1778276017.4768348,/big.txt,102105088,131072,sequential,1.0000,0.0000,0,1,102236160,4096,1,1,0
328,328_adaptive_sequential_run08,adaptive,sequential,1778276017.478946,/big.txt,102236160,131072,sequential,1.0000,0.0000,0,1,102367232,4096,1,1,0
328,328_adaptive_sequential_run08,adaptive,sequential,1778276017.4810336,/big.txt,102367232,131072,sequential,1.0000,0.0000,0,1,102498304,4096,1,1,0
328,328_adaptive_sequential_run08,adaptive,sequential,1778276017.4831488,/big.txt,102498304,131072,sequential,1.0000,0.0000,0,1,102629376,4096,1,1,0
328,328_adaptive_sequential_run08,adaptive,sequential,1778276017.485257,/big.txt,102629376,131072,sequential,1.0000,0.0000,0,1,102760448,4096,1,1,0
328,328_adaptive_sequential_run08,adaptive,sequential,1778276017.4875064,/big.txt,102760448,131072,sequential,1.0000,0.0000,0,1,102891520,4096,1,1,0
328,328_adaptive_sequential_run08,adaptive,sequential,1778276017.489614,/big.txt,102891520,131072,sequential,1.0000,0.0000,0,1,103022592,4096,1,1,0
328,328_adaptive_sequential_run08,adaptive,sequential,1778276017.4917474,/big.txt,103022592,131072,sequential,1.0000,0.0000,0,1,103153664,4096,1,1,0
328,328_adaptive_sequential_run08,adaptive,sequential,1778276017.4938433,/big.txt,103153664,131072,sequential,1.0000,0.0000,0,1,103284736,4096,1,1,0
328,328_adaptive_sequential_run08,adaptive,sequential,1778276017.4959548,/big.txt,103284736,131072,sequential,1.0000,0.0000,0,1,103415808,4096,1,1,0
328,328_adaptive_sequential_run08,adaptive,sequential,1778276017.4980693,/big.txt,103415808,131072,sequential,1.0000,0.0000,0,1,103546880,4096,1,1,0
328,328_adaptive_sequential_run08,adaptive,sequential,1778276017.5001745,/big.txt,103546880,131072,sequential,1.0000,0.0000,0,1,103677952,4096,1,1,0
328,328_adaptive_sequential_run08,adaptive,sequential,1778276017.5022717,/big.txt,103677952,131072,sequential,1.0000,0.0000,0,1,103809024,4096,1,1,0
328,328_adaptive_sequential_run08,adaptive,sequential,1778276017.5043786,/big.txt,103809024,131072,sequential,1.0000,0.0000,0,1,103940096,4096,1,1,0
328,328_adaptive_sequential_run08,adaptive,sequential,1778276017.5064707,/big.txt,103940096,131072,sequential,1.0000,0.0000,0,1,104071168,4096,1,1,0
328,328_adaptive_sequential_run08,adaptive,sequential,1778276017.5085602,/big.txt,104071168,131072,sequential,1.0000,0.0000,0,1,104202240,4096,1,1,0
328,328_adaptive_sequential_run08,adaptive,sequential,1778276017.5106688,/big.txt,104202240,131072,sequential,1.0000,0.0000,0,1,104333312,4096,1,1,0
328,328_adaptive_sequential_run08,adaptive,sequential,1778276017.512766,/big.txt,104333312,131072,sequential,1.0000,0.0000,0,1,104464384,4096,1,1,0
328,328_adaptive_sequential_run08,adaptive,sequential,1778276017.5148904,/big.txt,104464384,131072,sequential,1.0000,0.0000,0,1,104595456,4096,1,1,0
328,328_adaptive_sequential_run08,adaptive,sequential,1778276017.516999,/big.txt,104595456,131072,sequential,1.0000,0.0000,0,1,104726528,4096,1,1,0
328,328_adaptive_sequential_run08,adaptive,sequential,1778276017.5195215,/big.txt,104726528,131072,sequential,1.0000,0.0000,0,1,104857600,4096,1,1,0
328,328_adaptive_sequential_run08,adaptive,sequential,1778276017.519745,/big.txt,104857600,0,sequential,1.0000,0.0000,0,0,,,1,0,0
