run_index,run_label,mode,workload,seq,timestamp,path,offset,size
380,380_adaptive_phase_change_run20,adaptive,phase_change,1,1778307818.2918305,/big.txt,0,131072
380,380_adaptive_phase_change_run20,adaptive,phase_change,2,1778307818.295492,/big.txt,131072,131072
380,380_adaptive_phase_change_run20,adaptive,phase_change,3,1778307818.2988994,/big.txt,262144,131072
380,380_adaptive_phase_change_run20,adaptive,phase_change,4,1778307818.302092,/big.txt,393216,131072
380,380_adaptive_phase_change_run20,adaptive,phase_change,5,1778307818.305325,/big.txt,524288,131072
380,380_adaptive_phase_change_run20,adaptive,phase_change,6,1778307818.3086228,/big.txt,655360,131072
380,380_adaptive_phase_change_run20,adaptive,phase_change,7,1778307818.311779,/big.txt,786432,131072
380,380_adaptive_phase_change_run20,adaptive,phase_change,8,1778307818.3150325,/big.txt,917504,131072
380,380_adaptive_phase_change_run20,adaptive,phase_change,9,1778307818.318155,/big.txt,1048576,131072
380,380_adaptive_phase_change_run20,adaptive,phase_change,10,1778307818.3211544,/big.txt,1179648,131072
380,380_adaptive_phase_change_run20,adaptive,phase_change,11,1778307818.3241713,/big.txt,1310720,131072
380,380_adaptive_phase_change_run20,adaptive,phase_change,12,1778307818.3271873,/big.txt,1441792,131072
380,380_adaptive_phase_change_run20,adaptive,phase_change,13,1778307818.3301682,/big.txt,1572864,131072
380,380_adaptive_phase_change_run20,adaptive,phase_change,14,1778307818.3331573,/big.txt,1703936,131072
380,380_adaptive_phase_change_run20,adaptive,phase_change,15,1778307818.3362055,/big.txt,1835008,131072
380,380_adaptive_phase_change_run20,adaptive,phase_change,16,1778307818.3392844,/big.txt,1966080,131072
380,380_adaptive_phase_change_run20,adaptive,phase_change,17,1778307818.3423095,/big.txt,2097152,131072
380,380_adaptive_phase_change_run20,adaptive,phase_change,18,1778307818.3452914,/big.txt,2228224,131072
380,380_adaptive_phase_change_run20,adaptive,phase_change,19,1778307818.348351,/big.txt,2359296,131072
380,380_adaptive_phase_change_run20,adaptive,phase_change,20,1778307818.3513532,/big.txt,2490368,131072
380,380_adaptive_phase_change_run20,adaptive,phase_change,21,1778307818.3543723,/big.txt,2621440,131072
380,380_adaptive_phase_change_run20,adaptive,phase_change,22,1778307818.3573742,/big.txt,2752512,131072
380,380_adaptive_phase_change_run20,adaptive,phase_change,23,1778307818.3604016,/big.txt,2883584,131072
380,380_adaptive_phase_change_run20,adaptive,phase_change,24,1778307818.3633995,/big.txt,3014656,131072
380,380_adaptive_phase_change_run20,adaptive,phase_change,25,1778307818.366371,/big.txt,3145728,131072
380,380_adaptive_phase_change_run20,adaptive,phase_change,26,1778307818.3694208,/big.txt,3276800,131072
380,380_adaptive_phase_change_run20,adaptive,phase_change,27,1778307818.3724005,/big.txt,3407872,131072
380,380_adaptive_phase_change_run20,adaptive,phase_change,28,1778307818.3752282,/big.txt,3538944,131072
380,380_adaptive_phase_change_run20,adaptive,phase_change,29,1778307818.3780885,/big.txt,3670016,131072
380,380_adaptive_phase_change_run20,adaptive,phase_change,30,1778307818.3809042,/big.txt,3801088,131072
380,380_adaptive_phase_change_run20,adaptive,phase_change,31,1778307818.3836503,/big.txt,3932160,131072
380,380_adaptive_phase_change_run20,adaptive,phase_change,32,1778307818.386349,/big.txt,4063232,131072
380,380_adaptive_phase_change_run20,adaptive,phase_change,33,1778307818.389009,/big.txt,4194304,131072
380,380_adaptive_phase_change_run20,adaptive,phase_change,34,1778307818.3916924,/big.txt,4325376,131072
380,380_adaptive_phase_change_run20,adaptive,phase_change,35,1778307818.3943477,/big.txt,4456448,131072
380,380_adaptive_phase_change_run20,adaptive,phase_change,36,1778307818.3969584,/big.txt,4587520,131072
380,380_adaptive_phase_change_run20,adaptive,phase_change,37,1778307818.3996255,/big.txt,4718592,131072
380,380_adaptive_phase_change_run20,adaptive,phase_change,38,1778307818.4022958,/big.txt,4849664,131072
380,380_adaptive_phase_change_run20,adaptive,phase_change,39,1778307818.404965,/big.txt,4980736,131072
380,380_adaptive_phase_change_run20,adaptive,phase_change,40,1778307818.4076865,/big.txt,5111808,131072
380,380_adaptive_phase_change_run20,adaptive,phase_change,41,1778307818.4103231,/big.txt,5242880,131072
380,380_adaptive_phase_change_run20,adaptive,phase_change,42,1778307818.4129562,/big.txt,5373952,131072
380,380_adaptive_phase_change_run20,adaptive,phase_change,43,1778307818.415643,/big.txt,5505024,131072
380,380_adaptive_phase_change_run20,adaptive,phase_change,44,1778307818.418299,/big.txt,5636096,131072
380,380_adaptive_phase_change_run20,adaptive,phase_change,45,1778307818.4209533,/big.txt,5767168,131072
380,380_adaptive_phase_change_run20,adaptive,phase_change,46,1778307818.4236953,/big.txt,5898240,131072
380,380_adaptive_phase_change_run20,adaptive,phase_change,47,1778307818.4263854,/big.txt,6029312,131072
380,380_adaptive_phase_change_run20,adaptive,phase_change,48,1778307818.4290197,/big.txt,6160384,131072
380,380_adaptive_phase_change_run20,adaptive,phase_change,49,1778307818.4316707,/big.txt,6291456,131072
380,380_adaptive_phase_change_run20,adaptive,phase_change,50,1778307818.434313,/big.txt,6422528,131072
380,380_adaptive_phase_change_run20,adaptive,phase_change,51,1778307818.4369276,/big.txt,6553600,131072
380,380_adaptive_phase_change_run20,adaptive,phase_change,52,1778307818.4395792,/big.txt,6684672,131072
380,380_adaptive_phase_change_run20,adaptive,phase_change,53,1778307818.4422526,/big.txt,6815744,131072
380,380_adaptive_phase_change_run20,adaptive,phase_change,54,1778307818.4449418,/big.txt,6946816,131072
380,380_adaptive_phase_change_run20,adaptive,phase_change,55,1778307818.4476452,/big.txt,7077888,131072
380,380_adaptive_phase_change_run20,adaptive,phase_change,56,1778307818.4502904,/big.txt,7208960,131072
380,380_adaptive_phase_change_run20,adaptive,phase_change,57,1778307818.4529276,/big.txt,7340032,131072
380,380_adaptive_phase_change_run20,adaptive,phase_change,58,1778307818.4555845,/big.txt,7471104,131072
380,380_adaptive_phase_change_run20,adaptive,phase_change,59,1778307818.458272,/big.txt,7602176,131072
380,380_adaptive_phase_change_run20,adaptive,phase_change,60,1778307818.4609647,/big.txt,7733248,131072
380,380_adaptive_phase_change_run20,adaptive,phase_change,61,1778307818.463619,/big.txt,7864320,131072
380,380_adaptive_phase_change_run20,adaptive,phase_change,62,1778307818.4662611,/big.txt,7995392,131072
380,380_adaptive_phase_change_run20,adaptive,phase_change,63,1778307818.4689484,/big.txt,8126464,131072
380,380_adaptive_phase_change_run20,adaptive,phase_change,64,1778307818.471624,/big.txt,8257536,131072
380,380_adaptive_phase_change_run20,adaptive,phase_change,65,1778307818.4743145,/big.txt,8388608,131072
380,380_adaptive_phase_change_run20,adaptive,phase_change,66,1778307818.4769704,/big.txt,8519680,131072
380,380_adaptive_phase_change_run20,adaptive,phase_change,67,1778307818.4796484,/big.txt,8650752,131072
380,380_adaptive_phase_change_run20,adaptive,phase_change,68,1778307818.4823291,/big.txt,8781824,131072
380,380_adaptive_phase_change_run20,adaptive,phase_change,69,1778307818.484984,/big.txt,8912896,131072
380,380_adaptive_phase_change_run20,adaptive,phase_change,70,1778307818.4876661,/big.txt,9043968,131072
380,380_adaptive_phase_change_run20,adaptive,phase_change,71,1778307818.4903176,/big.txt,9175040,131072
380,380_adaptive_phase_change_run20,adaptive,phase_change,72,1778307818.4929483,/big.txt,9306112,131072
380,380_adaptive_phase_change_run20,adaptive,phase_change,73,1778307818.495608,/big.txt,9437184,131072
380,380_adaptive_phase_change_run20,adaptive,phase_change,74,1778307818.498288,/big.txt,9568256,131072
380,380_adaptive_phase_change_run20,adaptive,phase_change,75,1778307818.5009243,/big.txt,9699328,131072
380,380_adaptive_phase_change_run20,adaptive,phase_change,76,1778307818.503603,/big.txt,9830400,131072
380,380_adaptive_phase_change_run20,adaptive,phase_change,77,1778307818.5062919,/big.txt,9961472,131072
380,380_adaptive_phase_change_run20,adaptive,phase_change,78,1778307818.5089736,/big.txt,10092544,131072
380,380_adaptive_phase_change_run20,adaptive,phase_change,79,1778307818.5116537,/big.txt,10223616,131072
380,380_adaptive_phase_change_run20,adaptive,phase_change,80,1778307818.514289,/big.txt,10354688,131072
380,380_adaptive_phase_change_run20,adaptive,phase_change,81,1778307818.5169625,/big.txt,10485760,131072
380,380_adaptive_phase_change_run20,adaptive,phase_change,82,1778307818.5196643,/big.txt,10616832,131072
380,380_adaptive_phase_change_run20,adaptive,phase_change,83,1778307818.522362,/big.txt,10747904,131072
380,380_adaptive_phase_change_run20,adaptive,phase_change,84,1778307818.5250413,/big.txt,10878976,131072
380,380_adaptive_phase_change_run20,adaptive,phase_change,85,1778307818.5277112,/big.txt,11010048,131072
380,380_adaptive_phase_change_run20,adaptive,phase_change,86,1778307818.5303276,/big.txt,11141120,131072
380,380_adaptive_phase_change_run20,adaptive,phase_change,87,1778307818.5329728,/big.txt,11272192,131072
380,380_adaptive_phase_change_run20,adaptive,phase_change,88,1778307818.5356421,/big.txt,11403264,131072
380,380_adaptive_phase_change_run20,adaptive,phase_change,89,1778307818.5382884,/big.txt,11534336,131072
380,380_adaptive_phase_change_run20,adaptive,phase_change,90,1778307818.5409443,/big.txt,11665408,131072
380,380_adaptive_phase_change_run20,adaptive,phase_change,91,1778307818.5436351,/big.txt,11796480,131072
380,380_adaptive_phase_change_run20,adaptive,phase_change,92,1778307818.5462594,/big.txt,11927552,131072
380,380_adaptive_phase_change_run20,adaptive,phase_change,93,1778307818.5489247,/big.txt,12058624,131072
380,380_adaptive_phase_change_run20,adaptive,phase_change,94,1778307818.5517023,/big.txt,12189696,131072
380,380_adaptive_phase_change_run20,adaptive,phase_change,95,1778307818.5543537,/big.txt,12320768,131072
380,380_adaptive_phase_change_run20,adaptive,phase_change,96,1778307818.557017,/big.txt,12451840,131072
380,380_adaptive_phase_change_run20,adaptive,phase_change,97,1778307818.5597,/big.txt,12582912,131072
380,380_adaptive_phase_change_run20,adaptive,phase_change,98,1778307818.562333,/big.txt,12713984,131072
380,380_adaptive_phase_change_run20,adaptive,phase_change,99,1778307818.5649621,/big.txt,12845056,131072
380,380_adaptive_phase_change_run20,adaptive,phase_change,100,1778307818.5676377,/big.txt,12976128,131072
380,380_adaptive_phase_change_run20,adaptive,phase_change,101,1778307818.5703096,/big.txt,13107200,131072
380,380_adaptive_phase_change_run20,adaptive,phase_change,102,1778307818.5729523,/big.txt,13238272,131072
380,380_adaptive_phase_change_run20,adaptive,phase_change,103,1778307818.5781536,/big.txt,13369344,131072
380,380_adaptive_phase_change_run20,adaptive,phase_change,104,1778307818.5831058,/big.txt,13500416,131072
380,380_adaptive_phase_change_run20,adaptive,phase_change,105,1778307818.585793,/big.txt,13631488,131072
380,380_adaptive_phase_change_run20,adaptive,phase_change,106,1778307818.5884993,/big.txt,13762560,131072
380,380_adaptive_phase_change_run20,adaptive,phase_change,107,1778307818.5912511,/big.txt,13893632,131072
380,380_adaptive_phase_change_run20,adaptive,phase_change,108,1778307818.593938,/big.txt,14024704,131072
380,380_adaptive_phase_change_run20,adaptive,phase_change,109,1778307818.596657,/big.txt,14155776,131072
380,380_adaptive_phase_change_run20,adaptive,phase_change,110,1778307818.5993874,/big.txt,14286848,131072
380,380_adaptive_phase_change_run20,adaptive,phase_change,111,1778307818.6021175,/big.txt,14417920,131072
380,380_adaptive_phase_change_run20,adaptive,phase_change,112,1778307818.6047869,/big.txt,14548992,131072
380,380_adaptive_phase_change_run20,adaptive,phase_change,113,1778307818.607435,/big.txt,14680064,131072
380,380_adaptive_phase_change_run20,adaptive,phase_change,114,1778307818.6101224,/big.txt,14811136,131072
380,380_adaptive_phase_change_run20,adaptive,phase_change,115,1778307818.6127906,/big.txt,14942208,131072
380,380_adaptive_phase_change_run20,adaptive,phase_change,116,1778307818.6155274,/big.txt,15073280,131072
380,380_adaptive_phase_change_run20,adaptive,phase_change,117,1778307818.6181824,/big.txt,15204352,131072
380,380_adaptive_phase_change_run20,adaptive,phase_change,118,1778307818.6208768,/big.txt,15335424,131072
380,380_adaptive_phase_change_run20,adaptive,phase_change,119,1778307818.6235323,/big.txt,15466496,131072
380,380_adaptive_phase_change_run20,adaptive,phase_change,120,1778307818.6262047,/big.txt,15597568,131072
380,380_adaptive_phase_change_run20,adaptive,phase_change,121,1778307818.6288617,/big.txt,15728640,131072
380,380_adaptive_phase_change_run20,adaptive,phase_change,122,1778307818.6315775,/big.txt,15859712,131072
380,380_adaptive_phase_change_run20,adaptive,phase_change,123,1778307818.6342604,/big.txt,15990784,131072
380,380_adaptive_phase_change_run20,adaptive,phase_change,124,1778307818.6369226,/big.txt,16121856,131072
380,380_adaptive_phase_change_run20,adaptive,phase_change,125,1778307818.639639,/big.txt,16252928,131072
380,380_adaptive_phase_change_run20,adaptive,phase_change,126,1778307818.6422918,/big.txt,16384000,131072
380,380_adaptive_phase_change_run20,adaptive,phase_change,127,1778307818.6449761,/big.txt,16515072,131072
380,380_adaptive_phase_change_run20,adaptive,phase_change,128,1778307818.6477606,/big.txt,16646144,131072
380,380_adaptive_phase_change_run20,adaptive,phase_change,129,1778307818.650417,/big.txt,16777216,131072
380,380_adaptive_phase_change_run20,adaptive,phase_change,130,1778307818.6530788,/big.txt,16908288,131072
380,380_adaptive_phase_change_run20,adaptive,phase_change,131,1778307818.6557345,/big.txt,17039360,131072
380,380_adaptive_phase_change_run20,adaptive,phase_change,132,1778307818.658433,/big.txt,17170432,131072
380,380_adaptive_phase_change_run20,adaptive,phase_change,133,1778307818.663167,/big.txt,17301504,131072
380,380_adaptive_phase_change_run20,adaptive,phase_change,134,1778307818.6658356,/big.txt,17432576,131072
380,380_adaptive_phase_change_run20,adaptive,phase_change,135,1778307818.668573,/big.txt,17563648,131072
380,380_adaptive_phase_change_run20,adaptive,phase_change,136,1778307818.6725264,/big.txt,17694720,131072
380,380_adaptive_phase_change_run20,adaptive,phase_change,137,1778307818.6756384,/big.txt,17825792,131072
380,380_adaptive_phase_change_run20,adaptive,phase_change,138,1778307818.678276,/big.txt,17956864,131072
380,380_adaptive_phase_change_run20,adaptive,phase_change,139,1778307818.6809733,/big.txt,18087936,131072
380,380_adaptive_phase_change_run20,adaptive,phase_change,140,1778307818.68365,/big.txt,18219008,131072
380,380_adaptive_phase_change_run20,adaptive,phase_change,141,1778307818.686339,/big.txt,18350080,131072
380,380_adaptive_phase_change_run20,adaptive,phase_change,142,1778307818.6889641,/big.txt,18481152,131072
380,380_adaptive_phase_change_run20,adaptive,phase_change,143,1778307818.6917102,/big.txt,18612224,131072
380,380_adaptive_phase_change_run20,adaptive,phase_change,144,1778307818.6943536,/big.txt,18743296,131072
380,380_adaptive_phase_change_run20,adaptive,phase_change,145,1778307818.6969905,/big.txt,18874368,131072
380,380_adaptive_phase_change_run20,adaptive,phase_change,146,1778307818.6997156,/big.txt,19005440,131072
380,380_adaptive_phase_change_run20,adaptive,phase_change,147,1778307818.7023685,/big.txt,19136512,131072
380,380_adaptive_phase_change_run20,adaptive,phase_change,148,1778307818.7050383,/big.txt,19267584,131072
380,380_adaptive_phase_change_run20,adaptive,phase_change,149,1778307818.7077196,/big.txt,19398656,131072
380,380_adaptive_phase_change_run20,adaptive,phase_change,150,1778307818.7103713,/big.txt,19529728,131072
380,380_adaptive_phase_change_run20,adaptive,phase_change,151,1778307818.7130299,/big.txt,19660800,131072
380,380_adaptive_phase_change_run20,adaptive,phase_change,152,1778307818.7157128,/big.txt,19791872,131072
380,380_adaptive_phase_change_run20,adaptive,phase_change,153,1778307818.7183433,/big.txt,19922944,131072
380,380_adaptive_phase_change_run20,adaptive,phase_change,154,1778307818.7209623,/big.txt,20054016,131072
380,380_adaptive_phase_change_run20,adaptive,phase_change,155,1778307818.7236216,/big.txt,20185088,131072
380,380_adaptive_phase_change_run20,adaptive,phase_change,156,1778307818.7263002,/big.txt,20316160,131072
380,380_adaptive_phase_change_run20,adaptive,phase_change,157,1778307818.7289338,/big.txt,20447232,131072
380,380_adaptive_phase_change_run20,adaptive,phase_change,158,1778307818.7316017,/big.txt,20578304,131072
380,380_adaptive_phase_change_run20,adaptive,phase_change,159,1778307818.7342484,/big.txt,20709376,131072
380,380_adaptive_phase_change_run20,adaptive,phase_change,160,1778307818.7368934,/big.txt,20840448,131072
380,380_adaptive_phase_change_run20,adaptive,phase_change,161,1778307818.7395582,/big.txt,20971520,131072
380,380_adaptive_phase_change_run20,adaptive,phase_change,162,1778307818.7421858,/big.txt,21102592,131072
380,380_adaptive_phase_change_run20,adaptive,phase_change,163,1778307818.7448635,/big.txt,21233664,131072
380,380_adaptive_phase_change_run20,adaptive,phase_change,164,1778307818.7475398,/big.txt,21364736,131072
380,380_adaptive_phase_change_run20,adaptive,phase_change,165,1778307818.7502162,/big.txt,21495808,131072
380,380_adaptive_phase_change_run20,adaptive,phase_change,166,1778307818.752905,/big.txt,21626880,131072
380,380_adaptive_phase_change_run20,adaptive,phase_change,167,1778307818.7556372,/big.txt,21757952,131072
380,380_adaptive_phase_change_run20,adaptive,phase_change,168,1778307818.7582796,/big.txt,21889024,131072
380,380_adaptive_phase_change_run20,adaptive,phase_change,169,1778307818.7609913,/big.txt,22020096,131072
380,380_adaptive_phase_change_run20,adaptive,phase_change,170,1778307818.7636836,/big.txt,22151168,131072
380,380_adaptive_phase_change_run20,adaptive,phase_change,171,1778307818.7663176,/big.txt,22282240,131072
380,380_adaptive_phase_change_run20,adaptive,phase_change,172,1778307818.7690125,/big.txt,22413312,131072
380,380_adaptive_phase_change_run20,adaptive,phase_change,173,1778307818.771708,/big.txt,22544384,131072
380,380_adaptive_phase_change_run20,adaptive,phase_change,174,1778307818.7743382,/big.txt,22675456,131072
380,380_adaptive_phase_change_run20,adaptive,phase_change,175,1778307818.777013,/big.txt,22806528,131072
380,380_adaptive_phase_change_run20,adaptive,phase_change,176,1778307818.7796683,/big.txt,22937600,131072
380,380_adaptive_phase_change_run20,adaptive,phase_change,177,1778307818.7823083,/big.txt,23068672,131072
380,380_adaptive_phase_change_run20,adaptive,phase_change,178,1778307818.7849953,/big.txt,23199744,131072
380,380_adaptive_phase_change_run20,adaptive,phase_change,179,1778307818.7876532,/big.txt,23330816,131072
380,380_adaptive_phase_change_run20,adaptive,phase_change,180,1778307818.7903008,/big.txt,23461888,131072
380,380_adaptive_phase_change_run20,adaptive,phase_change,181,1778307818.7929673,/big.txt,23592960,131072
380,380_adaptive_phase_change_run20,adaptive,phase_change,182,1778307818.7956972,/big.txt,23724032,131072
380,380_adaptive_phase_change_run20,adaptive,phase_change,183,1778307818.7983284,/big.txt,23855104,131072
380,380_adaptive_phase_change_run20,adaptive,phase_change,184,1778307818.8009715,/big.txt,23986176,131072
380,380_adaptive_phase_change_run20,adaptive,phase_change,185,1778307818.803784,/big.txt,24117248,131072
380,380_adaptive_phase_change_run20,adaptive,phase_change,186,1778307818.8064368,/big.txt,24248320,131072
380,380_adaptive_phase_change_run20,adaptive,phase_change,187,1778307818.809112,/big.txt,24379392,131072
380,380_adaptive_phase_change_run20,adaptive,phase_change,188,1778307818.811793,/big.txt,24510464,131072
380,380_adaptive_phase_change_run20,adaptive,phase_change,189,1778307818.8144286,/big.txt,24641536,131072
380,380_adaptive_phase_change_run20,adaptive,phase_change,190,1778307818.8170857,/big.txt,24772608,131072
380,380_adaptive_phase_change_run20,adaptive,phase_change,191,1778307818.8223846,/big.txt,24903680,131072
380,380_adaptive_phase_change_run20,adaptive,phase_change,192,1778307818.8277388,/big.txt,25034752,131072
380,380_adaptive_phase_change_run20,adaptive,phase_change,193,1778307818.8314178,/big.txt,25165824,131072
380,380_adaptive_phase_change_run20,adaptive,phase_change,194,1778307818.8340647,/big.txt,25296896,131072
380,380_adaptive_phase_change_run20,adaptive,phase_change,195,1778307818.836776,/big.txt,25427968,131072
380,380_adaptive_phase_change_run20,adaptive,phase_change,196,1778307818.8394718,/big.txt,25559040,131072
380,380_adaptive_phase_change_run20,adaptive,phase_change,197,1778307818.8421326,/big.txt,25690112,131072
380,380_adaptive_phase_change_run20,adaptive,phase_change,198,1778307818.844812,/big.txt,25821184,131072
380,380_adaptive_phase_change_run20,adaptive,phase_change,199,1778307818.8475032,/big.txt,25952256,131072
380,380_adaptive_phase_change_run20,adaptive,phase_change,200,1778307818.85015,/big.txt,26083328,131072
380,380_adaptive_phase_change_run20,adaptive,phase_change,201,1778307818.8527973,/big.txt,26214400,131072
380,380_adaptive_phase_change_run20,adaptive,phase_change,202,1778307818.8555007,/big.txt,26345472,131072
380,380_adaptive_phase_change_run20,adaptive,phase_change,203,1778307818.8581443,/big.txt,26476544,131072
380,380_adaptive_phase_change_run20,adaptive,phase_change,204,1778307818.8608181,/big.txt,26607616,131072
380,380_adaptive_phase_change_run20,adaptive,phase_change,205,1778307818.8635347,/big.txt,26738688,131072
380,380_adaptive_phase_change_run20,adaptive,phase_change,206,1778307818.8662019,/big.txt,26869760,131072
380,380_adaptive_phase_change_run20,adaptive,phase_change,207,1778307818.86889,/big.txt,27000832,131072
380,380_adaptive_phase_change_run20,adaptive,phase_change,208,1778307818.8716345,/big.txt,27131904,131072
380,380_adaptive_phase_change_run20,adaptive,phase_change,209,1778307818.8743799,/big.txt,27262976,131072
380,380_adaptive_phase_change_run20,adaptive,phase_change,210,1778307818.8770776,/big.txt,27394048,131072
380,380_adaptive_phase_change_run20,adaptive,phase_change,211,1778307818.8797522,/big.txt,27525120,131072
380,380_adaptive_phase_change_run20,adaptive,phase_change,212,1778307818.8824065,/big.txt,27656192,131072
380,380_adaptive_phase_change_run20,adaptive,phase_change,213,1778307818.885059,/big.txt,27787264,131072
380,380_adaptive_phase_change_run20,adaptive,phase_change,214,1778307818.887748,/big.txt,27918336,131072
380,380_adaptive_phase_change_run20,adaptive,phase_change,215,1778307818.8904152,/big.txt,28049408,131072
380,380_adaptive_phase_change_run20,adaptive,phase_change,216,1778307818.8951652,/big.txt,28180480,131072
380,380_adaptive_phase_change_run20,adaptive,phase_change,217,1778307818.8978355,/big.txt,28311552,131072
380,380_adaptive_phase_change_run20,adaptive,phase_change,218,1778307818.900574,/big.txt,28442624,131072
380,380_adaptive_phase_change_run20,adaptive,phase_change,219,1778307818.9033391,/big.txt,28573696,131072
380,380_adaptive_phase_change_run20,adaptive,phase_change,220,1778307818.9060488,/big.txt,28704768,131072
380,380_adaptive_phase_change_run20,adaptive,phase_change,221,1778307818.9087749,/big.txt,28835840,131072
380,380_adaptive_phase_change_run20,adaptive,phase_change,222,1778307818.9114685,/big.txt,28966912,131072
380,380_adaptive_phase_change_run20,adaptive,phase_change,223,1778307818.9141479,/big.txt,29097984,131072
380,380_adaptive_phase_change_run20,adaptive,phase_change,224,1778307818.9168024,/big.txt,29229056,131072
380,380_adaptive_phase_change_run20,adaptive,phase_change,225,1778307818.9195104,/big.txt,29360128,131072
380,380_adaptive_phase_change_run20,adaptive,phase_change,226,1778307818.9221509,/big.txt,29491200,131072
380,380_adaptive_phase_change_run20,adaptive,phase_change,227,1778307818.9248266,/big.txt,29622272,131072
380,380_adaptive_phase_change_run20,adaptive,phase_change,228,1778307818.9275725,/big.txt,29753344,131072
380,380_adaptive_phase_change_run20,adaptive,phase_change,229,1778307818.9302053,/big.txt,29884416,131072
380,380_adaptive_phase_change_run20,adaptive,phase_change,230,1778307818.9328444,/big.txt,30015488,131072
380,380_adaptive_phase_change_run20,adaptive,phase_change,231,1778307818.9355307,/big.txt,30146560,131072
380,380_adaptive_phase_change_run20,adaptive,phase_change,232,1778307818.9381826,/big.txt,30277632,131072
380,380_adaptive_phase_change_run20,adaptive,phase_change,233,1778307818.9408321,/big.txt,30408704,131072
380,380_adaptive_phase_change_run20,adaptive,phase_change,234,1778307818.9434931,/big.txt,30539776,131072
380,380_adaptive_phase_change_run20,adaptive,phase_change,235,1778307818.946128,/big.txt,30670848,131072
380,380_adaptive_phase_change_run20,adaptive,phase_change,236,1778307818.9488158,/big.txt,30801920,131072
380,380_adaptive_phase_change_run20,adaptive,phase_change,237,1778307818.951488,/big.txt,30932992,131072
380,380_adaptive_phase_change_run20,adaptive,phase_change,238,1778307818.9541392,/big.txt,31064064,131072
380,380_adaptive_phase_change_run20,adaptive,phase_change,239,1778307818.9568372,/big.txt,31195136,131072
380,380_adaptive_phase_change_run20,adaptive,phase_change,240,1778307818.9595408,/big.txt,31326208,131072
380,380_adaptive_phase_change_run20,adaptive,phase_change,241,1778307818.9622154,/big.txt,31457280,131072
380,380_adaptive_phase_change_run20,adaptive,phase_change,242,1778307818.9648921,/big.txt,31588352,131072
380,380_adaptive_phase_change_run20,adaptive,phase_change,243,1778307818.9676065,/big.txt,31719424,131072
380,380_adaptive_phase_change_run20,adaptive,phase_change,244,1778307818.9702559,/big.txt,31850496,131072
380,380_adaptive_phase_change_run20,adaptive,phase_change,245,1778307818.9729102,/big.txt,31981568,131072
380,380_adaptive_phase_change_run20,adaptive,phase_change,246,1778307818.9755366,/big.txt,32112640,131072
380,380_adaptive_phase_change_run20,adaptive,phase_change,247,1778307818.978189,/big.txt,32243712,131072
380,380_adaptive_phase_change_run20,adaptive,phase_change,248,1778307818.9808574,/big.txt,32374784,131072
380,380_adaptive_phase_change_run20,adaptive,phase_change,249,1778307818.9835231,/big.txt,32505856,131072
380,380_adaptive_phase_change_run20,adaptive,phase_change,250,1778307818.9861887,/big.txt,32636928,131072
380,380_adaptive_phase_change_run20,adaptive,phase_change,251,1778307818.988922,/big.txt,32768000,131072
380,380_adaptive_phase_change_run20,adaptive,phase_change,252,1778307818.991606,/big.txt,32899072,131072
380,380_adaptive_phase_change_run20,adaptive,phase_change,253,1778307818.9942796,/big.txt,33030144,131072
380,380_adaptive_phase_change_run20,adaptive,phase_change,254,1778307818.9969525,/big.txt,33161216,131072
380,380_adaptive_phase_change_run20,adaptive,phase_change,255,1778307818.999626,/big.txt,33292288,131072
380,380_adaptive_phase_change_run20,adaptive,phase_change,256,1778307819.0022829,/big.txt,33423360,131072
380,380_adaptive_phase_change_run20,adaptive,phase_change,257,1778307819.0049822,/big.txt,33554432,131072
380,380_adaptive_phase_change_run20,adaptive,phase_change,258,1778307819.0076454,/big.txt,33685504,131072
380,380_adaptive_phase_change_run20,adaptive,phase_change,259,1778307819.010336,/big.txt,33816576,131072
380,380_adaptive_phase_change_run20,adaptive,phase_change,260,1778307819.0130172,/big.txt,33947648,131072
380,380_adaptive_phase_change_run20,adaptive,phase_change,261,1778307819.015697,/big.txt,34078720,131072
380,380_adaptive_phase_change_run20,adaptive,phase_change,262,1778307819.018337,/big.txt,34209792,131072
380,380_adaptive_phase_change_run20,adaptive,phase_change,263,1778307819.0209618,/big.txt,34340864,131072
380,380_adaptive_phase_change_run20,adaptive,phase_change,264,1778307819.0236912,/big.txt,34471936,131072
380,380_adaptive_phase_change_run20,adaptive,phase_change,265,1778307819.0263536,/big.txt,34603008,131072
380,380_adaptive_phase_change_run20,adaptive,phase_change,266,1778307819.0290225,/big.txt,34734080,131072
380,380_adaptive_phase_change_run20,adaptive,phase_change,267,1778307819.0316665,/big.txt,34865152,131072
380,380_adaptive_phase_change_run20,adaptive,phase_change,268,1778307819.0342886,/big.txt,34996224,131072
380,380_adaptive_phase_change_run20,adaptive,phase_change,269,1778307819.036956,/big.txt,35127296,131072
380,380_adaptive_phase_change_run20,adaptive,phase_change,270,1778307819.0397797,/big.txt,35258368,131072
380,380_adaptive_phase_change_run20,adaptive,phase_change,271,1778307819.0424368,/big.txt,35389440,131072
380,380_adaptive_phase_change_run20,adaptive,phase_change,272,1778307819.0451334,/big.txt,35520512,131072
380,380_adaptive_phase_change_run20,adaptive,phase_change,273,1778307819.047803,/big.txt,35651584,131072
380,380_adaptive_phase_change_run20,adaptive,phase_change,274,1778307819.0504515,/big.txt,35782656,131072
380,380_adaptive_phase_change_run20,adaptive,phase_change,275,1778307819.0532894,/big.txt,35913728,131072
380,380_adaptive_phase_change_run20,adaptive,phase_change,276,1778307819.0560317,/big.txt,36044800,131072
380,380_adaptive_phase_change_run20,adaptive,phase_change,277,1778307819.058688,/big.txt,36175872,131072
380,380_adaptive_phase_change_run20,adaptive,phase_change,278,1778307819.0614517,/big.txt,36306944,131072
380,380_adaptive_phase_change_run20,adaptive,phase_change,279,1778307819.0641081,/big.txt,36438016,131072
380,380_adaptive_phase_change_run20,adaptive,phase_change,280,1778307819.0667386,/big.txt,36569088,131072
380,380_adaptive_phase_change_run20,adaptive,phase_change,281,1778307819.0694306,/big.txt,36700160,131072
380,380_adaptive_phase_change_run20,adaptive,phase_change,282,1778307819.0721185,/big.txt,36831232,131072
380,380_adaptive_phase_change_run20,adaptive,phase_change,283,1778307819.0747364,/big.txt,36962304,131072
380,380_adaptive_phase_change_run20,adaptive,phase_change,284,1778307819.077495,/big.txt,37093376,131072
380,380_adaptive_phase_change_run20,adaptive,phase_change,285,1778307819.0801387,/big.txt,37224448,131072
380,380_adaptive_phase_change_run20,adaptive,phase_change,286,1778307819.082768,/big.txt,37355520,131072
380,380_adaptive_phase_change_run20,adaptive,phase_change,287,1778307819.085396,/big.txt,37486592,131072
380,380_adaptive_phase_change_run20,adaptive,phase_change,288,1778307819.0880833,/big.txt,37617664,131072
380,380_adaptive_phase_change_run20,adaptive,phase_change,289,1778307819.090718,/big.txt,37748736,131072
380,380_adaptive_phase_change_run20,adaptive,phase_change,290,1778307819.0933957,/big.txt,37879808,131072
380,380_adaptive_phase_change_run20,adaptive,phase_change,291,1778307819.0960453,/big.txt,38010880,131072
380,380_adaptive_phase_change_run20,adaptive,phase_change,292,1778307819.0986679,/big.txt,38141952,131072
380,380_adaptive_phase_change_run20,adaptive,phase_change,293,1778307819.1013083,/big.txt,38273024,131072
380,380_adaptive_phase_change_run20,adaptive,phase_change,294,1778307819.1040115,/big.txt,38404096,131072
380,380_adaptive_phase_change_run20,adaptive,phase_change,295,1778307819.1066809,/big.txt,38535168,131072
380,380_adaptive_phase_change_run20,adaptive,phase_change,296,1778307819.1094477,/big.txt,38666240,131072
380,380_adaptive_phase_change_run20,adaptive,phase_change,297,1778307819.112088,/big.txt,38797312,131072
380,380_adaptive_phase_change_run20,adaptive,phase_change,298,1778307819.1147501,/big.txt,38928384,131072
380,380_adaptive_phase_change_run20,adaptive,phase_change,299,1778307819.117401,/big.txt,39059456,131072
380,380_adaptive_phase_change_run20,adaptive,phase_change,300,1778307819.1200879,/big.txt,39190528,131072
380,380_adaptive_phase_change_run20,adaptive,phase_change,301,1778307819.1227367,/big.txt,39321600,131072
380,380_adaptive_phase_change_run20,adaptive,phase_change,302,1778307819.1254063,/big.txt,39452672,131072
380,380_adaptive_phase_change_run20,adaptive,phase_change,303,1778307819.1280944,/big.txt,39583744,131072
380,380_adaptive_phase_change_run20,adaptive,phase_change,304,1778307819.1307173,/big.txt,39714816,131072
380,380_adaptive_phase_change_run20,adaptive,phase_change,305,1778307819.1333528,/big.txt,39845888,131072
380,380_adaptive_phase_change_run20,adaptive,phase_change,306,1778307819.1360533,/big.txt,39976960,131072
380,380_adaptive_phase_change_run20,adaptive,phase_change,307,1778307819.1387103,/big.txt,40108032,131072
380,380_adaptive_phase_change_run20,adaptive,phase_change,308,1778307819.141367,/big.txt,40239104,131072
380,380_adaptive_phase_change_run20,adaptive,phase_change,309,1778307819.1440523,/big.txt,40370176,131072
380,380_adaptive_phase_change_run20,adaptive,phase_change,310,1778307819.1467428,/big.txt,40501248,131072
380,380_adaptive_phase_change_run20,adaptive,phase_change,311,1778307819.149459,/big.txt,40632320,131072
380,380_adaptive_phase_change_run20,adaptive,phase_change,312,1778307819.15218,/big.txt,40763392,131072
380,380_adaptive_phase_change_run20,adaptive,phase_change,313,1778307819.154944,/big.txt,40894464,131072
380,380_adaptive_phase_change_run20,adaptive,phase_change,314,1778307819.1603053,/big.txt,41025536,131072
380,380_adaptive_phase_change_run20,adaptive,phase_change,315,1778307819.1656365,/big.txt,41156608,131072
380,380_adaptive_phase_change_run20,adaptive,phase_change,316,1778307819.168435,/big.txt,41287680,131072
380,380_adaptive_phase_change_run20,adaptive,phase_change,317,1778307819.1711717,/big.txt,41418752,131072
380,380_adaptive_phase_change_run20,adaptive,phase_change,318,1778307819.1739218,/big.txt,41549824,131072
380,380_adaptive_phase_change_run20,adaptive,phase_change,319,1778307819.1766777,/big.txt,41680896,131072
380,380_adaptive_phase_change_run20,adaptive,phase_change,320,1778307819.1793664,/big.txt,41811968,131072
380,380_adaptive_phase_change_run20,adaptive,phase_change,321,1778307819.182021,/big.txt,41943040,131072
380,380_adaptive_phase_change_run20,adaptive,phase_change,322,1778307819.184728,/big.txt,42074112,131072
380,380_adaptive_phase_change_run20,adaptive,phase_change,323,1778307819.1874135,/big.txt,42205184,131072
380,380_adaptive_phase_change_run20,adaptive,phase_change,324,1778307819.1901371,/big.txt,42336256,131072
380,380_adaptive_phase_change_run20,adaptive,phase_change,325,1778307819.1927779,/big.txt,42467328,131072
380,380_adaptive_phase_change_run20,adaptive,phase_change,326,1778307819.1954832,/big.txt,42598400,131072
380,380_adaptive_phase_change_run20,adaptive,phase_change,327,1778307819.198145,/big.txt,42729472,131072
380,380_adaptive_phase_change_run20,adaptive,phase_change,328,1778307819.2008169,/big.txt,42860544,131072
380,380_adaptive_phase_change_run20,adaptive,phase_change,329,1778307819.2035997,/big.txt,42991616,131072
380,380_adaptive_phase_change_run20,adaptive,phase_change,330,1778307819.2062643,/big.txt,43122688,131072
380,380_adaptive_phase_change_run20,adaptive,phase_change,331,1778307819.2089467,/big.txt,43253760,131072
380,380_adaptive_phase_change_run20,adaptive,phase_change,332,1778307819.2116241,/big.txt,43384832,131072
380,380_adaptive_phase_change_run20,adaptive,phase_change,333,1778307819.2141128,/big.txt,43515904,131072
380,380_adaptive_phase_change_run20,adaptive,phase_change,334,1778307819.2166119,/big.txt,43646976,131072
380,380_adaptive_phase_change_run20,adaptive,phase_change,335,1778307819.21917,/big.txt,43778048,131072
380,380_adaptive_phase_change_run20,adaptive,phase_change,336,1778307819.2217283,/big.txt,43909120,131072
380,380_adaptive_phase_change_run20,adaptive,phase_change,337,1778307819.2243202,/big.txt,44040192,131072
380,380_adaptive_phase_change_run20,adaptive,phase_change,338,1778307819.2269208,/big.txt,44171264,131072
380,380_adaptive_phase_change_run20,adaptive,phase_change,339,1778307819.229479,/big.txt,44302336,131072
380,380_adaptive_phase_change_run20,adaptive,phase_change,340,1778307819.23206,/big.txt,44433408,131072
380,380_adaptive_phase_change_run20,adaptive,phase_change,341,1778307819.2345867,/big.txt,44564480,131072
380,380_adaptive_phase_change_run20,adaptive,phase_change,342,1778307819.2371187,/big.txt,44695552,131072
380,380_adaptive_phase_change_run20,adaptive,phase_change,343,1778307819.239644,/big.txt,44826624,131072
380,380_adaptive_phase_change_run20,adaptive,phase_change,344,1778307819.242148,/big.txt,44957696,131072
380,380_adaptive_phase_change_run20,adaptive,phase_change,345,1778307819.2446692,/big.txt,45088768,131072
380,380_adaptive_phase_change_run20,adaptive,phase_change,346,1778307819.2481682,/big.txt,45219840,131072
380,380_adaptive_phase_change_run20,adaptive,phase_change,347,1778307819.2531323,/big.txt,45350912,131072
380,380_adaptive_phase_change_run20,adaptive,phase_change,348,1778307819.2578807,/big.txt,45481984,131072
380,380_adaptive_phase_change_run20,adaptive,phase_change,349,1778307819.260247,/big.txt,45613056,131072
380,380_adaptive_phase_change_run20,adaptive,phase_change,350,1778307819.2625918,/big.txt,45744128,131072
380,380_adaptive_phase_change_run20,adaptive,phase_change,351,1778307819.2649171,/big.txt,45875200,131072
380,380_adaptive_phase_change_run20,adaptive,phase_change,352,1778307819.2673087,/big.txt,46006272,131072
380,380_adaptive_phase_change_run20,adaptive,phase_change,353,1778307819.2695875,/big.txt,46137344,131072
380,380_adaptive_phase_change_run20,adaptive,phase_change,354,1778307819.2718945,/big.txt,46268416,131072
380,380_adaptive_phase_change_run20,adaptive,phase_change,355,1778307819.274207,/big.txt,46399488,131072
380,380_adaptive_phase_change_run20,adaptive,phase_change,356,1778307819.2765079,/big.txt,46530560,131072
380,380_adaptive_phase_change_run20,adaptive,phase_change,357,1778307819.2787993,/big.txt,46661632,131072
380,380_adaptive_phase_change_run20,adaptive,phase_change,358,1778307819.281077,/big.txt,46792704,131072
380,380_adaptive_phase_change_run20,adaptive,phase_change,359,1778307819.2833557,/big.txt,46923776,131072
380,380_adaptive_phase_change_run20,adaptive,phase_change,360,1778307819.2856417,/big.txt,47054848,131072
380,380_adaptive_phase_change_run20,adaptive,phase_change,361,1778307819.2879486,/big.txt,47185920,131072
380,380_adaptive_phase_change_run20,adaptive,phase_change,362,1778307819.2902367,/big.txt,47316992,131072
380,380_adaptive_phase_change_run20,adaptive,phase_change,363,1778307819.2925289,/big.txt,47448064,131072
380,380_adaptive_phase_change_run20,adaptive,phase_change,364,1778307819.2948687,/big.txt,47579136,131072
380,380_adaptive_phase_change_run20,adaptive,phase_change,365,1778307819.2971408,/big.txt,47710208,131072
380,380_adaptive_phase_change_run20,adaptive,phase_change,366,1778307819.2994175,/big.txt,47841280,131072
380,380_adaptive_phase_change_run20,adaptive,phase_change,367,1778307819.3016863,/big.txt,47972352,131072
380,380_adaptive_phase_change_run20,adaptive,phase_change,368,1778307819.3040218,/big.txt,48103424,131072
380,380_adaptive_phase_change_run20,adaptive,phase_change,369,1778307819.306324,/big.txt,48234496,131072
380,380_adaptive_phase_change_run20,adaptive,phase_change,370,1778307819.3085978,/big.txt,48365568,131072
380,380_adaptive_phase_change_run20,adaptive,phase_change,371,1778307819.310993,/big.txt,48496640,131072
380,380_adaptive_phase_change_run20,adaptive,phase_change,372,1778307819.313276,/big.txt,48627712,131072
380,380_adaptive_phase_change_run20,adaptive,phase_change,373,1778307819.315547,/big.txt,48758784,131072
380,380_adaptive_phase_change_run20,adaptive,phase_change,374,1778307819.3178148,/big.txt,48889856,131072
380,380_adaptive_phase_change_run20,adaptive,phase_change,375,1778307819.3201196,/big.txt,49020928,131072
380,380_adaptive_phase_change_run20,adaptive,phase_change,376,1778307819.322409,/big.txt,49152000,131072
380,380_adaptive_phase_change_run20,adaptive,phase_change,377,1778307819.324687,/big.txt,49283072,131072
380,380_adaptive_phase_change_run20,adaptive,phase_change,378,1778307819.3271503,/big.txt,49414144,131072
380,380_adaptive_phase_change_run20,adaptive,phase_change,379,1778307819.3294792,/big.txt,49545216,131072
380,380_adaptive_phase_change_run20,adaptive,phase_change,380,1778307819.3317916,/big.txt,49676288,131072
380,380_adaptive_phase_change_run20,adaptive,phase_change,381,1778307819.3340707,/big.txt,49807360,131072
380,380_adaptive_phase_change_run20,adaptive,phase_change,382,1778307819.3363793,/big.txt,49938432,131072
380,380_adaptive_phase_change_run20,adaptive,phase_change,383,1778307819.3386345,/big.txt,50069504,131072
380,380_adaptive_phase_change_run20,adaptive,phase_change,384,1778307819.3409672,/big.txt,50200576,131072
380,380_adaptive_phase_change_run20,adaptive,phase_change,385,1778307819.3432472,/big.txt,50331648,131072
380,380_adaptive_phase_change_run20,adaptive,phase_change,386,1778307819.3455284,/big.txt,50462720,131072
380,380_adaptive_phase_change_run20,adaptive,phase_change,387,1778307819.3477945,/big.txt,50593792,131072
380,380_adaptive_phase_change_run20,adaptive,phase_change,388,1778307819.3500702,/big.txt,50724864,131072
380,380_adaptive_phase_change_run20,adaptive,phase_change,389,1778307819.3523672,/big.txt,50855936,131072
380,380_adaptive_phase_change_run20,adaptive,phase_change,390,1778307819.3546174,/big.txt,50987008,131072
380,380_adaptive_phase_change_run20,adaptive,phase_change,391,1778307819.3568969,/big.txt,51118080,131072
380,380_adaptive_phase_change_run20,adaptive,phase_change,392,1778307819.3591769,/big.txt,51249152,131072
380,380_adaptive_phase_change_run20,adaptive,phase_change,393,1778307819.3614225,/big.txt,51380224,131072
380,380_adaptive_phase_change_run20,adaptive,phase_change,394,1778307819.3637142,/big.txt,51511296,131072
380,380_adaptive_phase_change_run20,adaptive,phase_change,395,1778307819.3659742,/big.txt,51642368,131072
380,380_adaptive_phase_change_run20,adaptive,phase_change,396,1778307819.3682525,/big.txt,51773440,131072
380,380_adaptive_phase_change_run20,adaptive,phase_change,397,1778307819.3705485,/big.txt,51904512,131072
380,380_adaptive_phase_change_run20,adaptive,phase_change,398,1778307819.372932,/big.txt,52035584,131072
380,380_adaptive_phase_change_run20,adaptive,phase_change,399,1778307819.3752143,/big.txt,52166656,131072
380,380_adaptive_phase_change_run20,adaptive,phase_change,400,1778307819.3774874,/big.txt,52297728,131072
380,380_adaptive_phase_change_run20,adaptive,phase_change,401,1778307819.3797803,/big.txt,52428800,131072
380,380_adaptive_phase_change_run20,adaptive,phase_change,402,1778307819.382058,/big.txt,52559872,131072
380,380_adaptive_phase_change_run20,adaptive,phase_change,403,1778307819.3843436,/big.txt,52690944,131072
380,380_adaptive_phase_change_run20,adaptive,phase_change,404,1778307819.386642,/big.txt,52822016,131072
380,380_adaptive_phase_change_run20,adaptive,phase_change,405,1778307819.3912632,/big.txt,52953088,131072
380,380_adaptive_phase_change_run20,adaptive,phase_change,406,1778307819.3958,/big.txt,53084160,131072
380,380_adaptive_phase_change_run20,adaptive,phase_change,407,1778307819.3992994,/big.txt,53215232,131072
380,380_adaptive_phase_change_run20,adaptive,phase_change,408,1778307819.401572,/big.txt,53346304,131072
380,380_adaptive_phase_change_run20,adaptive,phase_change,409,1778307819.4038794,/big.txt,53477376,131072
380,380_adaptive_phase_change_run20,adaptive,phase_change,410,1778307819.4061625,/big.txt,53608448,131072
380,380_adaptive_phase_change_run20,adaptive,phase_change,411,1778307819.4084468,/big.txt,53739520,131072
380,380_adaptive_phase_change_run20,adaptive,phase_change,412,1778307819.410749,/big.txt,53870592,131072
380,380_adaptive_phase_change_run20,adaptive,phase_change,413,1778307819.4130259,/big.txt,54001664,131072
380,380_adaptive_phase_change_run20,adaptive,phase_change,414,1778307819.4154027,/big.txt,54132736,131072
380,380_adaptive_phase_change_run20,adaptive,phase_change,415,1778307819.4176683,/big.txt,54263808,131072
380,380_adaptive_phase_change_run20,adaptive,phase_change,416,1778307819.420005,/big.txt,54394880,131072
380,380_adaptive_phase_change_run20,adaptive,phase_change,417,1778307819.4223046,/big.txt,54525952,131072
380,380_adaptive_phase_change_run20,adaptive,phase_change,418,1778307819.4245927,/big.txt,54657024,131072
380,380_adaptive_phase_change_run20,adaptive,phase_change,419,1778307819.4269376,/big.txt,54788096,131072
380,380_adaptive_phase_change_run20,adaptive,phase_change,420,1778307819.4292195,/big.txt,54919168,131072
380,380_adaptive_phase_change_run20,adaptive,phase_change,421,1778307819.431491,/big.txt,55050240,131072
380,380_adaptive_phase_change_run20,adaptive,phase_change,422,1778307819.4337735,/big.txt,55181312,131072
380,380_adaptive_phase_change_run20,adaptive,phase_change,423,1778307819.436057,/big.txt,55312384,131072
380,380_adaptive_phase_change_run20,adaptive,phase_change,424,1778307819.438345,/big.txt,55443456,131072
380,380_adaptive_phase_change_run20,adaptive,phase_change,425,1778307819.440641,/big.txt,55574528,131072
380,380_adaptive_phase_change_run20,adaptive,phase_change,426,1778307819.4429183,/big.txt,55705600,131072
380,380_adaptive_phase_change_run20,adaptive,phase_change,427,1778307819.4451747,/big.txt,55836672,131072
380,380_adaptive_phase_change_run20,adaptive,phase_change,428,1778307819.447455,/big.txt,55967744,131072
380,380_adaptive_phase_change_run20,adaptive,phase_change,429,1778307819.4497256,/big.txt,56098816,131072
380,380_adaptive_phase_change_run20,adaptive,phase_change,430,1778307819.4520578,/big.txt,56229888,131072
380,380_adaptive_phase_change_run20,adaptive,phase_change,431,1778307819.4543538,/big.txt,56360960,131072
380,380_adaptive_phase_change_run20,adaptive,phase_change,432,1778307819.4566438,/big.txt,56492032,131072
380,380_adaptive_phase_change_run20,adaptive,phase_change,433,1778307819.4589558,/big.txt,56623104,131072
380,380_adaptive_phase_change_run20,adaptive,phase_change,434,1778307819.4612372,/big.txt,56754176,131072
380,380_adaptive_phase_change_run20,adaptive,phase_change,435,1778307819.4636378,/big.txt,56885248,131072
380,380_adaptive_phase_change_run20,adaptive,phase_change,436,1778307819.465918,/big.txt,57016320,131072
380,380_adaptive_phase_change_run20,adaptive,phase_change,437,1778307819.468224,/big.txt,57147392,131072
380,380_adaptive_phase_change_run20,adaptive,phase_change,438,1778307819.4704957,/big.txt,57278464,131072
380,380_adaptive_phase_change_run20,adaptive,phase_change,439,1778307819.4728448,/big.txt,57409536,131072
380,380_adaptive_phase_change_run20,adaptive,phase_change,440,1778307819.4755561,/big.txt,57540608,131072
380,380_adaptive_phase_change_run20,adaptive,phase_change,441,1778307819.480125,/big.txt,57671680,131072
380,380_adaptive_phase_change_run20,adaptive,phase_change,442,1778307819.484716,/big.txt,57802752,131072
380,380_adaptive_phase_change_run20,adaptive,phase_change,443,1778307819.48932,/big.txt,57933824,131072
380,380_adaptive_phase_change_run20,adaptive,phase_change,444,1778307819.4938502,/big.txt,58064896,131072
380,380_adaptive_phase_change_run20,adaptive,phase_change,445,1778307819.4981892,/big.txt,58195968,131072
380,380_adaptive_phase_change_run20,adaptive,phase_change,446,1778307819.5019474,/big.txt,58327040,131072
380,380_adaptive_phase_change_run20,adaptive,phase_change,447,1778307819.5053594,/big.txt,58458112,131072
380,380_adaptive_phase_change_run20,adaptive,phase_change,448,1778307819.5072513,/big.txt,58589184,131072
380,380_adaptive_phase_change_run20,adaptive,phase_change,449,1778307819.5087829,/big.txt,58720256,131072
380,380_adaptive_phase_change_run20,adaptive,phase_change,450,1778307819.5102344,/big.txt,58851328,131072
380,380_adaptive_phase_change_run20,adaptive,phase_change,451,1778307819.5117226,/big.txt,58982400,131072
380,380_adaptive_phase_change_run20,adaptive,phase_change,452,1778307819.5131576,/big.txt,59113472,131072
380,380_adaptive_phase_change_run20,adaptive,phase_change,453,1778307819.514459,/big.txt,59244544,131072
380,380_adaptive_phase_change_run20,adaptive,phase_change,454,1778307819.5157535,/big.txt,59375616,131072
380,380_adaptive_phase_change_run20,adaptive,phase_change,455,1778307819.517063,/big.txt,59506688,131072
380,380_adaptive_phase_change_run20,adaptive,phase_change,456,1778307819.5183592,/big.txt,59637760,131072
380,380_adaptive_phase_change_run20,adaptive,phase_change,457,1778307819.5197186,/big.txt,59768832,131072
380,380_adaptive_phase_change_run20,adaptive,phase_change,458,1778307819.5210364,/big.txt,59899904,131072
380,380_adaptive_phase_change_run20,adaptive,phase_change,459,1778307819.5223398,/big.txt,60030976,131072
380,380_adaptive_phase_change_run20,adaptive,phase_change,460,1778307819.5236702,/big.txt,60162048,131072
380,380_adaptive_phase_change_run20,adaptive,phase_change,461,1778307819.5250413,/big.txt,60293120,131072
380,380_adaptive_phase_change_run20,adaptive,phase_change,462,1778307819.526352,/big.txt,60424192,131072
380,380_adaptive_phase_change_run20,adaptive,phase_change,463,1778307819.5276744,/big.txt,60555264,131072
380,380_adaptive_phase_change_run20,adaptive,phase_change,464,1778307819.5289867,/big.txt,60686336,131072
380,380_adaptive_phase_change_run20,adaptive,phase_change,465,1778307819.5302937,/big.txt,60817408,131072
380,380_adaptive_phase_change_run20,adaptive,phase_change,466,1778307819.5316749,/big.txt,60948480,131072
380,380_adaptive_phase_change_run20,adaptive,phase_change,467,1778307819.5330288,/big.txt,61079552,131072
380,380_adaptive_phase_change_run20,adaptive,phase_change,468,1778307819.534355,/big.txt,61210624,131072
380,380_adaptive_phase_change_run20,adaptive,phase_change,469,1778307819.5356517,/big.txt,61341696,131072
380,380_adaptive_phase_change_run20,adaptive,phase_change,470,1778307819.5370262,/big.txt,61472768,131072
380,380_adaptive_phase_change_run20,adaptive,phase_change,471,1778307819.538387,/big.txt,61603840,131072
380,380_adaptive_phase_change_run20,adaptive,phase_change,472,1778307819.5396805,/big.txt,61734912,131072
380,380_adaptive_phase_change_run20,adaptive,phase_change,473,1778307819.541024,/big.txt,61865984,131072
380,380_adaptive_phase_change_run20,adaptive,phase_change,474,1778307819.5423326,/big.txt,61997056,131072
380,380_adaptive_phase_change_run20,adaptive,phase_change,475,1778307819.5436623,/big.txt,62128128,131072
380,380_adaptive_phase_change_run20,adaptive,phase_change,476,1778307819.5450366,/big.txt,62259200,131072
380,380_adaptive_phase_change_run20,adaptive,phase_change,477,1778307819.5463672,/big.txt,62390272,131072
380,380_adaptive_phase_change_run20,adaptive,phase_change,478,1778307819.5476615,/big.txt,62521344,131072
380,380_adaptive_phase_change_run20,adaptive,phase_change,479,1778307819.5490415,/big.txt,62652416,131072
380,380_adaptive_phase_change_run20,adaptive,phase_change,480,1778307819.550364,/big.txt,62783488,131072
380,380_adaptive_phase_change_run20,adaptive,phase_change,481,1778307819.5516613,/big.txt,62914560,131072
380,380_adaptive_phase_change_run20,adaptive,phase_change,482,1778307819.553031,/big.txt,63045632,131072
380,380_adaptive_phase_change_run20,adaptive,phase_change,483,1778307819.5543618,/big.txt,63176704,131072
380,380_adaptive_phase_change_run20,adaptive,phase_change,484,1778307819.555668,/big.txt,63307776,131072
380,380_adaptive_phase_change_run20,adaptive,phase_change,485,1778307819.5570252,/big.txt,63438848,131072
380,380_adaptive_phase_change_run20,adaptive,phase_change,486,1778307819.5583296,/big.txt,63569920,131072
380,380_adaptive_phase_change_run20,adaptive,phase_change,487,1778307819.5596747,/big.txt,63700992,131072
380,380_adaptive_phase_change_run20,adaptive,phase_change,488,1778307819.561024,/big.txt,63832064,131072
380,380_adaptive_phase_change_run20,adaptive,phase_change,489,1778307819.5623403,/big.txt,63963136,131072
380,380_adaptive_phase_change_run20,adaptive,phase_change,490,1778307819.5636785,/big.txt,64094208,131072
380,380_adaptive_phase_change_run20,adaptive,phase_change,491,1778307819.5650377,/big.txt,64225280,131072
380,380_adaptive_phase_change_run20,adaptive,phase_change,492,1778307819.566352,/big.txt,64356352,131072
380,380_adaptive_phase_change_run20,adaptive,phase_change,493,1778307819.5676498,/big.txt,64487424,131072
380,380_adaptive_phase_change_run20,adaptive,phase_change,494,1778307819.5689929,/big.txt,64618496,131072
380,380_adaptive_phase_change_run20,adaptive,phase_change,495,1778307819.5703104,/big.txt,64749568,131072
380,380_adaptive_phase_change_run20,adaptive,phase_change,496,1778307819.57163,/big.txt,64880640,131072
380,380_adaptive_phase_change_run20,adaptive,phase_change,497,1778307819.5730066,/big.txt,65011712,131072
380,380_adaptive_phase_change_run20,adaptive,phase_change,498,1778307819.5743248,/big.txt,65142784,131072
380,380_adaptive_phase_change_run20,adaptive,phase_change,499,1778307819.5756457,/big.txt,65273856,131072
380,380_adaptive_phase_change_run20,adaptive,phase_change,500,1778307819.5770261,/big.txt,65404928,131072
380,380_adaptive_phase_change_run20,adaptive,phase_change,501,1778307819.578348,/big.txt,65536000,131072
380,380_adaptive_phase_change_run20,adaptive,phase_change,502,1778307819.5796645,/big.txt,65667072,131072
380,380_adaptive_phase_change_run20,adaptive,phase_change,503,1778307819.581038,/big.txt,65798144,131072
380,380_adaptive_phase_change_run20,adaptive,phase_change,504,1778307819.5823522,/big.txt,65929216,131072
380,380_adaptive_phase_change_run20,adaptive,phase_change,505,1778307819.5836768,/big.txt,66060288,131072
380,380_adaptive_phase_change_run20,adaptive,phase_change,506,1778307819.585028,/big.txt,66191360,131072
380,380_adaptive_phase_change_run20,adaptive,phase_change,507,1778307819.5863495,/big.txt,66322432,131072
380,380_adaptive_phase_change_run20,adaptive,phase_change,508,1778307819.5876467,/big.txt,66453504,131072
380,380_adaptive_phase_change_run20,adaptive,phase_change,509,1778307819.5890145,/big.txt,66584576,131072
380,380_adaptive_phase_change_run20,adaptive,phase_change,510,1778307819.5903413,/big.txt,66715648,131072
380,380_adaptive_phase_change_run20,adaptive,phase_change,511,1778307819.5916681,/big.txt,66846720,131072
380,380_adaptive_phase_change_run20,adaptive,phase_change,512,1778307819.5930266,/big.txt,66977792,131072
380,380_adaptive_phase_change_run20,adaptive,phase_change,513,1778307819.594354,/big.txt,67108864,131072
380,380_adaptive_phase_change_run20,adaptive,phase_change,514,1778307819.5956721,/big.txt,67239936,131072
380,380_adaptive_phase_change_run20,adaptive,phase_change,515,1778307819.597067,/big.txt,67371008,131072
380,380_adaptive_phase_change_run20,adaptive,phase_change,516,1778307819.5984077,/big.txt,67502080,131072
380,380_adaptive_phase_change_run20,adaptive,phase_change,517,1778307819.5997074,/big.txt,67633152,131072
380,380_adaptive_phase_change_run20,adaptive,phase_change,518,1778307819.601027,/big.txt,67764224,131072
380,380_adaptive_phase_change_run20,adaptive,phase_change,519,1778307819.60235,/big.txt,67895296,131072
380,380_adaptive_phase_change_run20,adaptive,phase_change,520,1778307819.6036596,/big.txt,68026368,131072
380,380_adaptive_phase_change_run20,adaptive,phase_change,521,1778307819.605039,/big.txt,68157440,131072
380,380_adaptive_phase_change_run20,adaptive,phase_change,522,1778307819.6063507,/big.txt,68288512,131072
380,380_adaptive_phase_change_run20,adaptive,phase_change,523,1778307819.6076422,/big.txt,68419584,131072
380,380_adaptive_phase_change_run20,adaptive,phase_change,524,1778307819.6090138,/big.txt,68550656,131072
380,380_adaptive_phase_change_run20,adaptive,phase_change,525,1778307819.6103182,/big.txt,68681728,131072
380,380_adaptive_phase_change_run20,adaptive,phase_change,526,1778307819.6116183,/big.txt,68812800,131072
380,380_adaptive_phase_change_run20,adaptive,phase_change,527,1778307819.6129897,/big.txt,68943872,131072
380,380_adaptive_phase_change_run20,adaptive,phase_change,528,1778307819.6143115,/big.txt,69074944,131072
380,380_adaptive_phase_change_run20,adaptive,phase_change,529,1778307819.6156337,/big.txt,69206016,131072
380,380_adaptive_phase_change_run20,adaptive,phase_change,530,1778307819.6170154,/big.txt,69337088,131072
380,380_adaptive_phase_change_run20,adaptive,phase_change,531,1778307819.6183422,/big.txt,69468160,131072
380,380_adaptive_phase_change_run20,adaptive,phase_change,532,1778307819.619648,/big.txt,69599232,131072
380,380_adaptive_phase_change_run20,adaptive,phase_change,533,1778307819.6210358,/big.txt,69730304,131072
380,380_adaptive_phase_change_run20,adaptive,phase_change,534,1778307819.6223562,/big.txt,69861376,131072
380,380_adaptive_phase_change_run20,adaptive,phase_change,535,1778307819.6236682,/big.txt,69992448,131072
380,380_adaptive_phase_change_run20,adaptive,phase_change,536,1778307819.6250482,/big.txt,70123520,131072
380,380_adaptive_phase_change_run20,adaptive,phase_change,537,1778307819.6263528,/big.txt,70254592,131072
380,380_adaptive_phase_change_run20,adaptive,phase_change,538,1778307819.6276593,/big.txt,70385664,131072
380,380_adaptive_phase_change_run20,adaptive,phase_change,539,1778307819.6290317,/big.txt,70516736,131072
380,380_adaptive_phase_change_run20,adaptive,phase_change,540,1778307819.6303606,/big.txt,70647808,131072
380,380_adaptive_phase_change_run20,adaptive,phase_change,541,1778307819.6316826,/big.txt,70778880,131072
380,380_adaptive_phase_change_run20,adaptive,phase_change,542,1778307819.6330621,/big.txt,70909952,131072
380,380_adaptive_phase_change_run20,adaptive,phase_change,543,1778307819.634384,/big.txt,71041024,131072
380,380_adaptive_phase_change_run20,adaptive,phase_change,544,1778307819.635696,/big.txt,71172096,131072
380,380_adaptive_phase_change_run20,adaptive,phase_change,545,1778307819.637015,/big.txt,71303168,131072
380,380_adaptive_phase_change_run20,adaptive,phase_change,546,1778307819.638315,/big.txt,71434240,131072
380,380_adaptive_phase_change_run20,adaptive,phase_change,547,1778307819.63966,/big.txt,71565312,131072
380,380_adaptive_phase_change_run20,adaptive,phase_change,548,1778307819.6410067,/big.txt,71696384,131072
380,380_adaptive_phase_change_run20,adaptive,phase_change,549,1778307819.6423159,/big.txt,71827456,131072
380,380_adaptive_phase_change_run20,adaptive,phase_change,550,1778307819.6436307,/big.txt,71958528,131072
380,380_adaptive_phase_change_run20,adaptive,phase_change,551,1778307819.6450126,/big.txt,72089600,131072
380,380_adaptive_phase_change_run20,adaptive,phase_change,552,1778307819.6463344,/big.txt,72220672,131072
380,380_adaptive_phase_change_run20,adaptive,phase_change,553,1778307819.6476395,/big.txt,72351744,131072
380,380_adaptive_phase_change_run20,adaptive,phase_change,554,1778307819.6490114,/big.txt,72482816,131072
380,380_adaptive_phase_change_run20,adaptive,phase_change,555,1778307819.650342,/big.txt,72613888,131072
380,380_adaptive_phase_change_run20,adaptive,phase_change,556,1778307819.651655,/big.txt,72744960,131072
380,380_adaptive_phase_change_run20,adaptive,phase_change,557,1778307819.6530323,/big.txt,72876032,131072
380,380_adaptive_phase_change_run20,adaptive,phase_change,558,1778307819.654354,/big.txt,73007104,131072
380,380_adaptive_phase_change_run20,adaptive,phase_change,559,1778307819.6556633,/big.txt,73138176,131072
380,380_adaptive_phase_change_run20,adaptive,phase_change,560,1778307819.6570327,/big.txt,73269248,131072
380,380_adaptive_phase_change_run20,adaptive,phase_change,561,1778307819.658349,/big.txt,73400320,131072
380,380_adaptive_phase_change_run20,adaptive,phase_change,562,1778307819.6596646,/big.txt,73531392,131072
380,380_adaptive_phase_change_run20,adaptive,phase_change,563,1778307819.6610465,/big.txt,73662464,131072
380,380_adaptive_phase_change_run20,adaptive,phase_change,564,1778307819.6623573,/big.txt,73793536,131072
380,380_adaptive_phase_change_run20,adaptive,phase_change,565,1778307819.66367,/big.txt,73924608,131072
380,380_adaptive_phase_change_run20,adaptive,phase_change,566,1778307819.6650639,/big.txt,74055680,131072
380,380_adaptive_phase_change_run20,adaptive,phase_change,567,1778307819.666374,/big.txt,74186752,131072
380,380_adaptive_phase_change_run20,adaptive,phase_change,568,1778307819.6677043,/big.txt,74317824,131072
380,380_adaptive_phase_change_run20,adaptive,phase_change,569,1778307819.669016,/big.txt,74448896,131072
380,380_adaptive_phase_change_run20,adaptive,phase_change,570,1778307819.6703131,/big.txt,74579968,131072
380,380_adaptive_phase_change_run20,adaptive,phase_change,571,1778307819.6716373,/big.txt,74711040,131072
380,380_adaptive_phase_change_run20,adaptive,phase_change,572,1778307819.67302,/big.txt,74842112,131072
380,380_adaptive_phase_change_run20,adaptive,phase_change,573,1778307819.6743448,/big.txt,74973184,131072
380,380_adaptive_phase_change_run20,adaptive,phase_change,574,1778307819.6756923,/big.txt,75104256,131072
380,380_adaptive_phase_change_run20,adaptive,phase_change,575,1778307819.6770465,/big.txt,75235328,131072
380,380_adaptive_phase_change_run20,adaptive,phase_change,576,1778307819.678411,/big.txt,75366400,131072
380,380_adaptive_phase_change_run20,adaptive,phase_change,577,1778307819.679701,/big.txt,75497472,131072
380,380_adaptive_phase_change_run20,adaptive,phase_change,578,1778307819.6810598,/big.txt,75628544,131072
380,380_adaptive_phase_change_run20,adaptive,phase_change,579,1778307819.6823816,/big.txt,75759616,131072
380,380_adaptive_phase_change_run20,adaptive,phase_change,580,1778307819.6836624,/big.txt,75890688,131072
380,380_adaptive_phase_change_run20,adaptive,phase_change,581,1778307819.6849709,/big.txt,76021760,131072
380,380_adaptive_phase_change_run20,adaptive,phase_change,582,1778307819.686271,/big.txt,76152832,131072
380,380_adaptive_phase_change_run20,adaptive,phase_change,583,1778307819.6875987,/big.txt,76283904,131072
380,380_adaptive_phase_change_run20,adaptive,phase_change,584,1778307819.6889098,/big.txt,76414976,131072
380,380_adaptive_phase_change_run20,adaptive,phase_change,585,1778307819.690221,/big.txt,76546048,131072
380,380_adaptive_phase_change_run20,adaptive,phase_change,586,1778307819.6915448,/big.txt,76677120,131072
380,380_adaptive_phase_change_run20,adaptive,phase_change,587,1778307819.6928685,/big.txt,76808192,131072
380,380_adaptive_phase_change_run20,adaptive,phase_change,588,1778307819.6941717,/big.txt,76939264,131072
380,380_adaptive_phase_change_run20,adaptive,phase_change,589,1778307819.6954763,/big.txt,77070336,131072
380,380_adaptive_phase_change_run20,adaptive,phase_change,590,1778307819.6967824,/big.txt,77201408,131072
380,380_adaptive_phase_change_run20,adaptive,phase_change,591,1778307819.6980815,/big.txt,77332480,131072
380,380_adaptive_phase_change_run20,adaptive,phase_change,592,1778307819.6993942,/big.txt,77463552,131072
380,380_adaptive_phase_change_run20,adaptive,phase_change,593,1778307819.7007,/big.txt,77594624,131072
380,380_adaptive_phase_change_run20,adaptive,phase_change,594,1778307819.7020116,/big.txt,77725696,131072
380,380_adaptive_phase_change_run20,adaptive,phase_change,595,1778307819.7033236,/big.txt,77856768,131072
380,380_adaptive_phase_change_run20,adaptive,phase_change,596,1778307819.704632,/big.txt,77987840,131072
380,380_adaptive_phase_change_run20,adaptive,phase_change,597,1778307819.7059417,/big.txt,78118912,131072
380,380_adaptive_phase_change_run20,adaptive,phase_change,598,1778307819.7072468,/big.txt,78249984,131072
380,380_adaptive_phase_change_run20,adaptive,phase_change,599,1778307819.7085476,/big.txt,78381056,131072
380,380_adaptive_phase_change_run20,adaptive,phase_change,600,1778307819.709845,/big.txt,78512128,131072
380,380_adaptive_phase_change_run20,adaptive,phase_change,601,1778307819.7112095,/big.txt,78643200,131072
380,380_adaptive_phase_change_run20,adaptive,phase_change,602,1778307819.712519,/big.txt,78774272,131072
380,380_adaptive_phase_change_run20,adaptive,phase_change,603,1778307819.7138364,/big.txt,78905344,131072
380,380_adaptive_phase_change_run20,adaptive,phase_change,604,1778307819.7151327,/big.txt,79036416,131072
380,380_adaptive_phase_change_run20,adaptive,phase_change,605,1778307819.7164323,/big.txt,79167488,131072
380,380_adaptive_phase_change_run20,adaptive,phase_change,606,1778307819.7177403,/big.txt,79298560,131072
380,380_adaptive_phase_change_run20,adaptive,phase_change,607,1778307819.7198162,/big.txt,79429632,131072
380,380_adaptive_phase_change_run20,adaptive,phase_change,608,1778307819.7224264,/big.txt,79560704,131072
380,380_adaptive_phase_change_run20,adaptive,phase_change,609,1778307819.7250292,/big.txt,79691776,131072
380,380_adaptive_phase_change_run20,adaptive,phase_change,610,1778307819.727633,/big.txt,79822848,131072
380,380_adaptive_phase_change_run20,adaptive,phase_change,611,1778307819.730224,/big.txt,79953920,131072
380,380_adaptive_phase_change_run20,adaptive,phase_change,612,1778307819.731569,/big.txt,80084992,131072
380,380_adaptive_phase_change_run20,adaptive,phase_change,613,1778307819.732896,/big.txt,80216064,131072
380,380_adaptive_phase_change_run20,adaptive,phase_change,614,1778307819.7342014,/big.txt,80347136,131072
380,380_adaptive_phase_change_run20,adaptive,phase_change,615,1778307819.735503,/big.txt,80478208,131072
380,380_adaptive_phase_change_run20,adaptive,phase_change,616,1778307819.736806,/big.txt,80609280,131072
380,380_adaptive_phase_change_run20,adaptive,phase_change,617,1778307819.7381356,/big.txt,80740352,131072
380,380_adaptive_phase_change_run20,adaptive,phase_change,618,1778307819.7394505,/big.txt,80871424,131072
380,380_adaptive_phase_change_run20,adaptive,phase_change,619,1778307819.7407632,/big.txt,81002496,131072
380,380_adaptive_phase_change_run20,adaptive,phase_change,620,1778307819.742061,/big.txt,81133568,131072
380,380_adaptive_phase_change_run20,adaptive,phase_change,621,1778307819.7433703,/big.txt,81264640,131072
380,380_adaptive_phase_change_run20,adaptive,phase_change,622,1778307819.7446902,/big.txt,81395712,131072
380,380_adaptive_phase_change_run20,adaptive,phase_change,623,1778307819.7460067,/big.txt,81526784,131072
380,380_adaptive_phase_change_run20,adaptive,phase_change,624,1778307819.7473116,/big.txt,81657856,131072
380,380_adaptive_phase_change_run20,adaptive,phase_change,625,1778307819.7486186,/big.txt,81788928,131072
380,380_adaptive_phase_change_run20,adaptive,phase_change,626,1778307819.7499244,/big.txt,81920000,131072
380,380_adaptive_phase_change_run20,adaptive,phase_change,627,1778307819.7512367,/big.txt,82051072,131072
380,380_adaptive_phase_change_run20,adaptive,phase_change,628,1778307819.7525563,/big.txt,82182144,131072
380,380_adaptive_phase_change_run20,adaptive,phase_change,629,1778307819.7538657,/big.txt,82313216,131072
380,380_adaptive_phase_change_run20,adaptive,phase_change,630,1778307819.7551785,/big.txt,82444288,131072
380,380_adaptive_phase_change_run20,adaptive,phase_change,631,1778307819.75649,/big.txt,82575360,131072
380,380_adaptive_phase_change_run20,adaptive,phase_change,632,1778307819.7578003,/big.txt,82706432,131072
380,380_adaptive_phase_change_run20,adaptive,phase_change,633,1778307819.759104,/big.txt,82837504,131072
380,380_adaptive_phase_change_run20,adaptive,phase_change,634,1778307819.7604187,/big.txt,82968576,131072
380,380_adaptive_phase_change_run20,adaptive,phase_change,635,1778307819.7617376,/big.txt,83099648,131072
380,380_adaptive_phase_change_run20,adaptive,phase_change,636,1778307819.763052,/big.txt,83230720,131072
380,380_adaptive_phase_change_run20,adaptive,phase_change,637,1778307819.7643604,/big.txt,83361792,131072
380,380_adaptive_phase_change_run20,adaptive,phase_change,638,1778307819.7656643,/big.txt,83492864,131072
380,380_adaptive_phase_change_run20,adaptive,phase_change,639,1778307819.7669787,/big.txt,83623936,131072
380,380_adaptive_phase_change_run20,adaptive,phase_change,640,1778307819.7682805,/big.txt,83755008,131072
380,380_adaptive_phase_change_run20,adaptive,phase_change,641,1778307819.7695894,/big.txt,83886080,131072
380,380_adaptive_phase_change_run20,adaptive,phase_change,642,1778307819.7709854,/big.txt,84017152,131072
380,380_adaptive_phase_change_run20,adaptive,phase_change,643,1778307819.7723033,/big.txt,84148224,131072
380,380_adaptive_phase_change_run20,adaptive,phase_change,644,1778307819.7736142,/big.txt,84279296,131072
380,380_adaptive_phase_change_run20,adaptive,phase_change,645,1778307819.7749345,/big.txt,84410368,131072
380,380_adaptive_phase_change_run20,adaptive,phase_change,646,1778307819.7762463,/big.txt,84541440,131072
380,380_adaptive_phase_change_run20,adaptive,phase_change,647,1778307819.777572,/big.txt,84672512,131072
380,380_adaptive_phase_change_run20,adaptive,phase_change,648,1778307819.778886,/big.txt,84803584,131072
380,380_adaptive_phase_change_run20,adaptive,phase_change,649,1778307819.7801976,/big.txt,84934656,131072
380,380_adaptive_phase_change_run20,adaptive,phase_change,650,1778307819.7814999,/big.txt,85065728,131072
380,380_adaptive_phase_change_run20,adaptive,phase_change,651,1778307819.7828338,/big.txt,85196800,131072
380,380_adaptive_phase_change_run20,adaptive,phase_change,652,1778307819.7841527,/big.txt,85327872,131072
380,380_adaptive_phase_change_run20,adaptive,phase_change,653,1778307819.7854648,/big.txt,85458944,131072
380,380_adaptive_phase_change_run20,adaptive,phase_change,654,1778307819.7868943,/big.txt,85590016,131072
380,380_adaptive_phase_change_run20,adaptive,phase_change,655,1778307819.7882183,/big.txt,85721088,131072
380,380_adaptive_phase_change_run20,adaptive,phase_change,656,1778307819.7895305,/big.txt,85852160,131072
380,380_adaptive_phase_change_run20,adaptive,phase_change,657,1778307819.7908506,/big.txt,85983232,131072
380,380_adaptive_phase_change_run20,adaptive,phase_change,658,1778307819.7921681,/big.txt,86114304,131072
380,380_adaptive_phase_change_run20,adaptive,phase_change,659,1778307819.7934854,/big.txt,86245376,131072
380,380_adaptive_phase_change_run20,adaptive,phase_change,660,1778307819.7947993,/big.txt,86376448,131072
380,380_adaptive_phase_change_run20,adaptive,phase_change,661,1778307819.7961102,/big.txt,86507520,131072
380,380_adaptive_phase_change_run20,adaptive,phase_change,662,1778307819.797423,/big.txt,86638592,131072
380,380_adaptive_phase_change_run20,adaptive,phase_change,663,1778307819.7987287,/big.txt,86769664,131072
380,380_adaptive_phase_change_run20,adaptive,phase_change,664,1778307819.8000474,/big.txt,86900736,131072
380,380_adaptive_phase_change_run20,adaptive,phase_change,665,1778307819.801368,/big.txt,87031808,131072
380,380_adaptive_phase_change_run20,adaptive,phase_change,666,1778307819.802667,/big.txt,87162880,131072
380,380_adaptive_phase_change_run20,adaptive,phase_change,667,1778307819.8040056,/big.txt,87293952,131072
380,380_adaptive_phase_change_run20,adaptive,phase_change,668,1778307819.8053138,/big.txt,87425024,131072
380,380_adaptive_phase_change_run20,adaptive,phase_change,669,1778307819.8066084,/big.txt,87556096,131072
380,380_adaptive_phase_change_run20,adaptive,phase_change,670,1778307819.8080223,/big.txt,87687168,131072
380,380_adaptive_phase_change_run20,adaptive,phase_change,671,1778307819.8093193,/big.txt,87818240,131072
380,380_adaptive_phase_change_run20,adaptive,phase_change,672,1778307819.8106225,/big.txt,87949312,131072
380,380_adaptive_phase_change_run20,adaptive,phase_change,673,1778307819.8119369,/big.txt,88080384,131072
380,380_adaptive_phase_change_run20,adaptive,phase_change,674,1778307819.8132582,/big.txt,88211456,131072
380,380_adaptive_phase_change_run20,adaptive,phase_change,675,1778307819.8145604,/big.txt,88342528,131072
380,380_adaptive_phase_change_run20,adaptive,phase_change,676,1778307819.815834,/big.txt,88473600,131072
380,380_adaptive_phase_change_run20,adaptive,phase_change,677,1778307819.8171463,/big.txt,88604672,131072
380,380_adaptive_phase_change_run20,adaptive,phase_change,678,1778307819.8184586,/big.txt,88735744,131072
380,380_adaptive_phase_change_run20,adaptive,phase_change,679,1778307819.819791,/big.txt,88866816,131072
380,380_adaptive_phase_change_run20,adaptive,phase_change,680,1778307819.8211036,/big.txt,88997888,131072
380,380_adaptive_phase_change_run20,adaptive,phase_change,681,1778307819.8224185,/big.txt,89128960,131072
380,380_adaptive_phase_change_run20,adaptive,phase_change,682,1778307819.8237383,/big.txt,89260032,131072
380,380_adaptive_phase_change_run20,adaptive,phase_change,683,1778307819.8250573,/big.txt,89391104,131072
380,380_adaptive_phase_change_run20,adaptive,phase_change,684,1778307819.8263643,/big.txt,89522176,131072
380,380_adaptive_phase_change_run20,adaptive,phase_change,685,1778307819.8277094,/big.txt,89653248,131072
380,380_adaptive_phase_change_run20,adaptive,phase_change,686,1778307819.8290262,/big.txt,89784320,131072
380,380_adaptive_phase_change_run20,adaptive,phase_change,687,1778307819.8303463,/big.txt,89915392,131072
380,380_adaptive_phase_change_run20,adaptive,phase_change,688,1778307819.831676,/big.txt,90046464,131072
380,380_adaptive_phase_change_run20,adaptive,phase_change,689,1778307819.8330142,/big.txt,90177536,131072
380,380_adaptive_phase_change_run20,adaptive,phase_change,690,1778307819.8343232,/big.txt,90308608,131072
380,380_adaptive_phase_change_run20,adaptive,phase_change,691,1778307819.8356516,/big.txt,90439680,131072
380,380_adaptive_phase_change_run20,adaptive,phase_change,692,1778307819.837021,/big.txt,90570752,131072
380,380_adaptive_phase_change_run20,adaptive,phase_change,693,1778307819.8383315,/big.txt,90701824,131072
380,380_adaptive_phase_change_run20,adaptive,phase_change,694,1778307819.8396642,/big.txt,90832896,131072
380,380_adaptive_phase_change_run20,adaptive,phase_change,695,1778307819.8410401,/big.txt,90963968,131072
380,380_adaptive_phase_change_run20,adaptive,phase_change,696,1778307819.8423533,/big.txt,91095040,131072
380,380_adaptive_phase_change_run20,adaptive,phase_change,697,1778307819.8436694,/big.txt,91226112,131072
380,380_adaptive_phase_change_run20,adaptive,phase_change,698,1778307819.845028,/big.txt,91357184,131072
380,380_adaptive_phase_change_run20,adaptive,phase_change,699,1778307819.8463507,/big.txt,91488256,131072
380,380_adaptive_phase_change_run20,adaptive,phase_change,700,1778307819.8476927,/big.txt,91619328,131072
380,380_adaptive_phase_change_run20,adaptive,phase_change,701,1778307819.8490517,/big.txt,91750400,131072
380,380_adaptive_phase_change_run20,adaptive,phase_change,702,1778307819.850358,/big.txt,91881472,131072
380,380_adaptive_phase_change_run20,adaptive,phase_change,703,1778307819.8516896,/big.txt,92012544,131072
380,380_adaptive_phase_change_run20,adaptive,phase_change,704,1778307819.8530004,/big.txt,92143616,131072
380,380_adaptive_phase_change_run20,adaptive,phase_change,705,1778307819.8543115,/big.txt,92274688,131072
380,380_adaptive_phase_change_run20,adaptive,phase_change,706,1778307819.8556347,/big.txt,92405760,131072
380,380_adaptive_phase_change_run20,adaptive,phase_change,707,1778307819.857016,/big.txt,92536832,131072
380,380_adaptive_phase_change_run20,adaptive,phase_change,708,1778307819.8583364,/big.txt,92667904,131072
380,380_adaptive_phase_change_run20,adaptive,phase_change,709,1778307819.859662,/big.txt,92798976,131072
380,380_adaptive_phase_change_run20,adaptive,phase_change,710,1778307819.8609915,/big.txt,92930048,131072
380,380_adaptive_phase_change_run20,adaptive,phase_change,711,1778307819.8623133,/big.txt,93061120,131072
380,380_adaptive_phase_change_run20,adaptive,phase_change,712,1778307819.863691,/big.txt,93192192,131072
380,380_adaptive_phase_change_run20,adaptive,phase_change,713,1778307819.8650415,/big.txt,93323264,131072
380,380_adaptive_phase_change_run20,adaptive,phase_change,714,1778307819.8663614,/big.txt,93454336,131072
380,380_adaptive_phase_change_run20,adaptive,phase_change,715,1778307819.8676865,/big.txt,93585408,131072
380,380_adaptive_phase_change_run20,adaptive,phase_change,716,1778307819.8690615,/big.txt,93716480,131072
380,380_adaptive_phase_change_run20,adaptive,phase_change,717,1778307819.870392,/big.txt,93847552,131072
380,380_adaptive_phase_change_run20,adaptive,phase_change,718,1778307819.8716865,/big.txt,93978624,131072
380,380_adaptive_phase_change_run20,adaptive,phase_change,719,1778307819.8730333,/big.txt,94109696,131072
380,380_adaptive_phase_change_run20,adaptive,phase_change,720,1778307819.8743546,/big.txt,94240768,131072
380,380_adaptive_phase_change_run20,adaptive,phase_change,721,1778307819.8756714,/big.txt,94371840,131072
380,380_adaptive_phase_change_run20,adaptive,phase_change,722,1778307819.877055,/big.txt,94502912,131072
380,380_adaptive_phase_change_run20,adaptive,phase_change,723,1778307819.8783727,/big.txt,94633984,131072
380,380_adaptive_phase_change_run20,adaptive,phase_change,724,1778307819.879665,/big.txt,94765056,131072
380,380_adaptive_phase_change_run20,adaptive,phase_change,725,1778307819.8810208,/big.txt,94896128,131072
380,380_adaptive_phase_change_run20,adaptive,phase_change,726,1778307819.8823514,/big.txt,95027200,131072
380,380_adaptive_phase_change_run20,adaptive,phase_change,727,1778307819.8836493,/big.txt,95158272,131072
380,380_adaptive_phase_change_run20,adaptive,phase_change,728,1778307819.8849938,/big.txt,95289344,131072
380,380_adaptive_phase_change_run20,adaptive,phase_change,729,1778307819.886306,/big.txt,95420416,131072
380,380_adaptive_phase_change_run20,adaptive,phase_change,730,1778307819.887639,/big.txt,95551488,131072
380,380_adaptive_phase_change_run20,adaptive,phase_change,731,1778307819.8890128,/big.txt,95682560,131072
380,380_adaptive_phase_change_run20,adaptive,phase_change,732,1778307819.8903484,/big.txt,95813632,131072
380,380_adaptive_phase_change_run20,adaptive,phase_change,733,1778307819.8916721,/big.txt,95944704,131072
380,380_adaptive_phase_change_run20,adaptive,phase_change,734,1778307819.8930585,/big.txt,96075776,131072
380,380_adaptive_phase_change_run20,adaptive,phase_change,735,1778307819.8943737,/big.txt,96206848,131072
380,380_adaptive_phase_change_run20,adaptive,phase_change,736,1778307819.8956842,/big.txt,96337920,131072
380,380_adaptive_phase_change_run20,adaptive,phase_change,737,1778307819.8970308,/big.txt,96468992,131072
380,380_adaptive_phase_change_run20,adaptive,phase_change,738,1778307819.8983393,/big.txt,96600064,131072
380,380_adaptive_phase_change_run20,adaptive,phase_change,739,1778307819.8996687,/big.txt,96731136,131072
380,380_adaptive_phase_change_run20,adaptive,phase_change,740,1778307819.90105,/big.txt,96862208,131072
380,380_adaptive_phase_change_run20,adaptive,phase_change,741,1778307819.902353,/big.txt,96993280,131072
380,380_adaptive_phase_change_run20,adaptive,phase_change,742,1778307819.9036746,/big.txt,97124352,131072
380,380_adaptive_phase_change_run20,adaptive,phase_change,743,1778307819.9050298,/big.txt,97255424,131072
380,380_adaptive_phase_change_run20,adaptive,phase_change,744,1778307819.9063766,/big.txt,97386496,131072
380,380_adaptive_phase_change_run20,adaptive,phase_change,745,1778307819.9077165,/big.txt,97517568,131072
380,380_adaptive_phase_change_run20,adaptive,phase_change,746,1778307819.9090579,/big.txt,97648640,131072
380,380_adaptive_phase_change_run20,adaptive,phase_change,747,1778307819.9103928,/big.txt,97779712,131072
380,380_adaptive_phase_change_run20,adaptive,phase_change,748,1778307819.911694,/big.txt,97910784,131072
380,380_adaptive_phase_change_run20,adaptive,phase_change,749,1778307819.913016,/big.txt,98041856,131072
380,380_adaptive_phase_change_run20,adaptive,phase_change,750,1778307819.9143379,/big.txt,98172928,131072
380,380_adaptive_phase_change_run20,adaptive,phase_change,751,1778307819.9156754,/big.txt,98304000,131072
380,380_adaptive_phase_change_run20,adaptive,phase_change,752,1778307819.917055,/big.txt,98435072,131072
380,380_adaptive_phase_change_run20,adaptive,phase_change,753,1778307819.9183736,/big.txt,98566144,131072
380,380_adaptive_phase_change_run20,adaptive,phase_change,754,1778307819.9196734,/big.txt,98697216,131072
380,380_adaptive_phase_change_run20,adaptive,phase_change,755,1778307819.921021,/big.txt,98828288,131072
380,380_adaptive_phase_change_run20,adaptive,phase_change,756,1778307819.9223344,/big.txt,98959360,131072
380,380_adaptive_phase_change_run20,adaptive,phase_change,757,1778307819.9236743,/big.txt,99090432,131072
380,380_adaptive_phase_change_run20,adaptive,phase_change,758,1778307819.9250567,/big.txt,99221504,131072
380,380_adaptive_phase_change_run20,adaptive,phase_change,759,1778307819.9263718,/big.txt,99352576,131072
380,380_adaptive_phase_change_run20,adaptive,phase_change,760,1778307819.9277055,/big.txt,99483648,131072
380,380_adaptive_phase_change_run20,adaptive,phase_change,761,1778307819.9290235,/big.txt,99614720,131072
380,380_adaptive_phase_change_run20,adaptive,phase_change,762,1778307819.9303336,/big.txt,99745792,131072
380,380_adaptive_phase_change_run20,adaptive,phase_change,763,1778307819.9316583,/big.txt,99876864,131072
380,380_adaptive_phase_change_run20,adaptive,phase_change,764,1778307819.933038,/big.txt,100007936,131072
380,380_adaptive_phase_change_run20,adaptive,phase_change,765,1778307819.934347,/big.txt,100139008,131072
380,380_adaptive_phase_change_run20,adaptive,phase_change,766,1778307819.9356995,/big.txt,100270080,131072
380,380_adaptive_phase_change_run20,adaptive,phase_change,767,1778307819.9370513,/big.txt,100401152,131072
380,380_adaptive_phase_change_run20,adaptive,phase_change,768,1778307819.938368,/big.txt,100532224,131072
380,380_adaptive_phase_change_run20,adaptive,phase_change,769,1778307819.9396982,/big.txt,100663296,131072
380,380_adaptive_phase_change_run20,adaptive,phase_change,770,1778307819.9410253,/big.txt,100794368,131072
380,380_adaptive_phase_change_run20,adaptive,phase_change,771,1778307819.942331,/big.txt,100925440,131072
380,380_adaptive_phase_change_run20,adaptive,phase_change,772,1778307819.9436786,/big.txt,101056512,131072
380,380_adaptive_phase_change_run20,adaptive,phase_change,773,1778307819.945041,/big.txt,101187584,131072
380,380_adaptive_phase_change_run20,adaptive,phase_change,774,1778307819.946371,/big.txt,101318656,131072
380,380_adaptive_phase_change_run20,adaptive,phase_change,775,1778307819.9476838,/big.txt,101449728,131072
380,380_adaptive_phase_change_run20,adaptive,phase_change,776,1778307819.9489944,/big.txt,101580800,131072
380,380_adaptive_phase_change_run20,adaptive,phase_change,777,1778307819.950293,/big.txt,101711872,131072
380,380_adaptive_phase_change_run20,adaptive,phase_change,778,1778307819.9516506,/big.txt,101842944,131072
380,380_adaptive_phase_change_run20,adaptive,phase_change,779,1778307819.9530044,/big.txt,101974016,131072
380,380_adaptive_phase_change_run20,adaptive,phase_change,780,1778307819.9543304,/big.txt,102105088,131072
380,380_adaptive_phase_change_run20,adaptive,phase_change,781,1778307819.9556735,/big.txt,102236160,131072
380,380_adaptive_phase_change_run20,adaptive,phase_change,782,1778307819.9570422,/big.txt,102367232,131072
380,380_adaptive_phase_change_run20,adaptive,phase_change,783,1778307819.9583957,/big.txt,102498304,131072
380,380_adaptive_phase_change_run20,adaptive,phase_change,784,1778307819.959707,/big.txt,102629376,131072
380,380_adaptive_phase_change_run20,adaptive,phase_change,785,1778307819.9610498,/big.txt,102760448,131072
380,380_adaptive_phase_change_run20,adaptive,phase_change,786,1778307819.9623654,/big.txt,102891520,131072
380,380_adaptive_phase_change_run20,adaptive,phase_change,787,1778307819.9637015,/big.txt,103022592,131072
380,380_adaptive_phase_change_run20,adaptive,phase_change,788,1778307819.9650524,/big.txt,103153664,131072
380,380_adaptive_phase_change_run20,adaptive,phase_change,789,1778307819.9663973,/big.txt,103284736,131072
380,380_adaptive_phase_change_run20,adaptive,phase_change,790,1778307819.9677205,/big.txt,103415808,131072
380,380_adaptive_phase_change_run20,adaptive,phase_change,791,1778307819.9690976,/big.txt,103546880,131072
380,380_adaptive_phase_change_run20,adaptive,phase_change,792,1778307819.9704416,/big.txt,103677952,131072
380,380_adaptive_phase_change_run20,adaptive,phase_change,793,1778307819.9717376,/big.txt,103809024,131072
380,380_adaptive_phase_change_run20,adaptive,phase_change,794,1778307819.9730613,/big.txt,103940096,131072
380,380_adaptive_phase_change_run20,adaptive,phase_change,795,1778307819.9743817,/big.txt,104071168,131072
380,380_adaptive_phase_change_run20,adaptive,phase_change,796,1778307819.9757187,/big.txt,104202240,131072
380,380_adaptive_phase_change_run20,adaptive,phase_change,797,1778307819.9770298,/big.txt,104333312,131072
380,380_adaptive_phase_change_run20,adaptive,phase_change,798,1778307819.9783397,/big.txt,104464384,131072
380,380_adaptive_phase_change_run20,adaptive,phase_change,799,1778307819.9796696,/big.txt,104595456,131072
380,380_adaptive_phase_change_run20,adaptive,phase_change,800,1778307819.981044,/big.txt,104726528,131072
380,380_adaptive_phase_change_run20,adaptive,phase_change,801,1778307819.9811933,/big.txt,104857600,0
380,380_adaptive_phase_change_run20,adaptive,phase_change,802,1778307819.9836755,/big.txt,20480,4096
380,380_adaptive_phase_change_run20,adaptive,phase_change,803,1778307819.985892,/big.txt,491520,4096
380,380_adaptive_phase_change_run20,adaptive,phase_change,804,1778307819.988023,/big.txt,172032,4096
380,380_adaptive_phase_change_run20,adaptive,phase_change,805,1778307819.9900937,/big.txt,1228800,4096
380,380_adaptive_phase_change_run20,adaptive,phase_change,806,1778307819.9922397,/big.txt,69632,4096
380,380_adaptive_phase_change_run20,adaptive,phase_change,807,1778307819.9942029,/big.txt,1024000,4096
380,380_adaptive_phase_change_run20,adaptive,phase_change,808,1778307819.9963305,/big.txt,360448,4096
380,380_adaptive_phase_change_run20,adaptive,phase_change,809,1778307819.9983084,/big.txt,778240,4096
380,380_adaptive_phase_change_run20,adaptive,phase_change,810,1778307820.000586,/big.txt,245760,4096
380,380_adaptive_phase_change_run20,adaptive,phase_change,811,1778307820.002753,/big.txt,40960,4096
380,380_adaptive_phase_change_run20,adaptive,phase_change,812,1778307820.0049717,/big.txt,1363968,4096
380,380_adaptive_phase_change_run20,adaptive,phase_change,813,1778307820.007068,/big.txt,307200,4096
380,380_adaptive_phase_change_run20,adaptive,phase_change,814,1778307820.0092733,/big.txt,2097152,4096
380,380_adaptive_phase_change_run20,adaptive,phase_change,815,1778307820.0114653,/big.txt,819200,4096
380,380_adaptive_phase_change_run20,adaptive,phase_change,816,1778307820.013764,/big.txt,1843200,4096
380,380_adaptive_phase_change_run20,adaptive,phase_change,817,1778307820.015793,/big.txt,405504,4096
380,380_adaptive_phase_change_run20,adaptive,phase_change,818,1778307820.0179837,/big.txt,2457600,4096
380,380_adaptive_phase_change_run20,adaptive,phase_change,819,1778307820.0201814,/big.txt,614400,4096
380,380_adaptive_phase_change_run20,adaptive,phase_change,820,1778307820.0223773,/big.txt,2949120,4096
380,380_adaptive_phase_change_run20,adaptive,phase_change,821,1778307820.0245833,/big.txt,1556480,4096
380,380_adaptive_phase_change_run20,adaptive,phase_change,822,1778307820.0268772,/big.txt,102400,4096
380,380_adaptive_phase_change_run20,adaptive,phase_change,823,1778307820.0290918,/big.txt,1966080,4096
380,380_adaptive_phase_change_run20,adaptive,phase_change,824,1778307820.0312076,/big.txt,2621440,4096
380,380_adaptive_phase_change_run20,adaptive,phase_change,825,1778307820.033393,/big.txt,225280,4096
380,380_adaptive_phase_change_run20,adaptive,phase_change,826,1778307820.035542,/big.txt,3317760,4096
380,380_adaptive_phase_change_run20,adaptive,phase_change,827,1778307820.0378416,/big.txt,0,131072
380,380_adaptive_phase_change_run20,adaptive,phase_change,828,1778307820.0392435,/big.txt,131072,131072
380,380_adaptive_phase_change_run20,adaptive,phase_change,829,1778307820.040509,/big.txt,262144,131072
380,380_adaptive_phase_change_run20,adaptive,phase_change,830,1778307820.0418012,/big.txt,393216,131072
380,380_adaptive_phase_change_run20,adaptive,phase_change,831,1778307820.043098,/big.txt,524288,131072
380,380_adaptive_phase_change_run20,adaptive,phase_change,832,1778307820.0444107,/big.txt,655360,131072
380,380_adaptive_phase_change_run20,adaptive,phase_change,833,1778307820.0457232,/big.txt,786432,131072
380,380_adaptive_phase_change_run20,adaptive,phase_change,834,1778307820.0470839,/big.txt,917504,131072
380,380_adaptive_phase_change_run20,adaptive,phase_change,835,1778307820.0483902,/big.txt,1048576,131072
380,380_adaptive_phase_change_run20,adaptive,phase_change,836,1778307820.0496933,/big.txt,1179648,131072
380,380_adaptive_phase_change_run20,adaptive,phase_change,837,1778307820.0510135,/big.txt,1310720,131072
380,380_adaptive_phase_change_run20,adaptive,phase_change,838,1778307820.0523303,/big.txt,1441792,131072
380,380_adaptive_phase_change_run20,adaptive,phase_change,839,1778307820.053652,/big.txt,1572864,131072
380,380_adaptive_phase_change_run20,adaptive,phase_change,840,1778307820.0549827,/big.txt,1703936,131072
380,380_adaptive_phase_change_run20,adaptive,phase_change,841,1778307820.0562985,/big.txt,1835008,131072
380,380_adaptive_phase_change_run20,adaptive,phase_change,842,1778307820.0575998,/big.txt,1966080,131072
380,380_adaptive_phase_change_run20,adaptive,phase_change,843,1778307820.0589638,/big.txt,2097152,131072
380,380_adaptive_phase_change_run20,adaptive,phase_change,844,1778307820.0602748,/big.txt,2228224,131072
380,380_adaptive_phase_change_run20,adaptive,phase_change,845,1778307820.0615864,/big.txt,2359296,131072
380,380_adaptive_phase_change_run20,adaptive,phase_change,846,1778307820.0629063,/big.txt,2490368,131072
380,380_adaptive_phase_change_run20,adaptive,phase_change,847,1778307820.064221,/big.txt,2621440,131072
380,380_adaptive_phase_change_run20,adaptive,phase_change,848,1778307820.0655355,/big.txt,2752512,131072
380,380_adaptive_phase_change_run20,adaptive,phase_change,849,1778307820.0669096,/big.txt,2883584,131072
380,380_adaptive_phase_change_run20,adaptive,phase_change,850,1778307820.068224,/big.txt,3014656,131072
380,380_adaptive_phase_change_run20,adaptive,phase_change,851,1778307820.069531,/big.txt,3145728,131072
380,380_adaptive_phase_change_run20,adaptive,phase_change,852,1778307820.0708532,/big.txt,3276800,131072
380,380_adaptive_phase_change_run20,adaptive,phase_change,853,1778307820.0721698,/big.txt,3407872,131072
380,380_adaptive_phase_change_run20,adaptive,phase_change,854,1778307820.073507,/big.txt,3538944,131072
380,380_adaptive_phase_change_run20,adaptive,phase_change,855,1778307820.0748997,/big.txt,3670016,131072
380,380_adaptive_phase_change_run20,adaptive,phase_change,856,1778307820.0762992,/big.txt,3801088,131072
380,380_adaptive_phase_change_run20,adaptive,phase_change,857,1778307820.0776455,/big.txt,3932160,131072
380,380_adaptive_phase_change_run20,adaptive,phase_change,858,1778307820.0789943,/big.txt,4063232,131072
380,380_adaptive_phase_change_run20,adaptive,phase_change,859,1778307820.0803251,/big.txt,4194304,131072
380,380_adaptive_phase_change_run20,adaptive,phase_change,860,1778307820.0816364,/big.txt,4325376,131072
380,380_adaptive_phase_change_run20,adaptive,phase_change,861,1778307820.0829668,/big.txt,4456448,131072
380,380_adaptive_phase_change_run20,adaptive,phase_change,862,1778307820.0842962,/big.txt,4587520,131072
380,380_adaptive_phase_change_run20,adaptive,phase_change,863,1778307820.0856354,/big.txt,4718592,131072
380,380_adaptive_phase_change_run20,adaptive,phase_change,864,1778307820.086971,/big.txt,4849664,131072
380,380_adaptive_phase_change_run20,adaptive,phase_change,865,1778307820.0882878,/big.txt,4980736,131072
380,380_adaptive_phase_change_run20,adaptive,phase_change,866,1778307820.0896063,/big.txt,5111808,131072
380,380_adaptive_phase_change_run20,adaptive,phase_change,867,1778307820.0909288,/big.txt,5242880,131072
380,380_adaptive_phase_change_run20,adaptive,phase_change,868,1778307820.0922503,/big.txt,5373952,131072
380,380_adaptive_phase_change_run20,adaptive,phase_change,869,1778307820.0935667,/big.txt,5505024,131072
380,380_adaptive_phase_change_run20,adaptive,phase_change,870,1778307820.0948908,/big.txt,5636096,131072
380,380_adaptive_phase_change_run20,adaptive,phase_change,871,1778307820.0961952,/big.txt,5767168,131072
380,380_adaptive_phase_change_run20,adaptive,phase_change,872,1778307820.097501,/big.txt,5898240,131072
380,380_adaptive_phase_change_run20,adaptive,phase_change,873,1778307820.0988243,/big.txt,6029312,131072
380,380_adaptive_phase_change_run20,adaptive,phase_change,874,1778307820.100131,/big.txt,6160384,131072
380,380_adaptive_phase_change_run20,adaptive,phase_change,875,1778307820.1014402,/big.txt,6291456,131072
380,380_adaptive_phase_change_run20,adaptive,phase_change,876,1778307820.1027553,/big.txt,6422528,131072
380,380_adaptive_phase_change_run20,adaptive,phase_change,877,1778307820.1054573,/big.txt,6553600,131072
380,380_adaptive_phase_change_run20,adaptive,phase_change,878,1778307820.1080735,/big.txt,6684672,131072
380,380_adaptive_phase_change_run20,adaptive,phase_change,879,1778307820.110687,/big.txt,6815744,131072
380,380_adaptive_phase_change_run20,adaptive,phase_change,880,1778307820.1132917,/big.txt,6946816,131072
380,380_adaptive_phase_change_run20,adaptive,phase_change,881,1778307820.1150835,/big.txt,7077888,131072
380,380_adaptive_phase_change_run20,adaptive,phase_change,882,1778307820.1163933,/big.txt,7208960,131072
380,380_adaptive_phase_change_run20,adaptive,phase_change,883,1778307820.1177049,/big.txt,7340032,131072
380,380_adaptive_phase_change_run20,adaptive,phase_change,884,1778307820.1191099,/big.txt,7471104,131072
380,380_adaptive_phase_change_run20,adaptive,phase_change,885,1778307820.1204205,/big.txt,7602176,131072
380,380_adaptive_phase_change_run20,adaptive,phase_change,886,1778307820.12173,/big.txt,7733248,131072
380,380_adaptive_phase_change_run20,adaptive,phase_change,887,1778307820.1230593,/big.txt,7864320,131072
380,380_adaptive_phase_change_run20,adaptive,phase_change,888,1778307820.1243615,/big.txt,7995392,131072
380,380_adaptive_phase_change_run20,adaptive,phase_change,889,1778307820.125672,/big.txt,8126464,131072
380,380_adaptive_phase_change_run20,adaptive,phase_change,890,1778307820.1269972,/big.txt,8257536,131072
380,380_adaptive_phase_change_run20,adaptive,phase_change,891,1778307820.128324,/big.txt,8388608,131072
380,380_adaptive_phase_change_run20,adaptive,phase_change,892,1778307820.1296465,/big.txt,8519680,131072
380,380_adaptive_phase_change_run20,adaptive,phase_change,893,1778307820.1309762,/big.txt,8650752,131072
380,380_adaptive_phase_change_run20,adaptive,phase_change,894,1778307820.1322987,/big.txt,8781824,131072
380,380_adaptive_phase_change_run20,adaptive,phase_change,895,1778307820.1336045,/big.txt,8912896,131072
380,380_adaptive_phase_change_run20,adaptive,phase_change,896,1778307820.1349535,/big.txt,9043968,131072
380,380_adaptive_phase_change_run20,adaptive,phase_change,897,1778307820.136274,/big.txt,9175040,131072
380,380_adaptive_phase_change_run20,adaptive,phase_change,898,1778307820.1375828,/big.txt,9306112,131072
380,380_adaptive_phase_change_run20,adaptive,phase_change,899,1778307820.1389525,/big.txt,9437184,131072
380,380_adaptive_phase_change_run20,adaptive,phase_change,900,1778307820.140271,/big.txt,9568256,131072
380,380_adaptive_phase_change_run20,adaptive,phase_change,901,1778307820.1415832,/big.txt,9699328,131072
380,380_adaptive_phase_change_run20,adaptive,phase_change,902,1778307820.1429195,/big.txt,9830400,131072
380,380_adaptive_phase_change_run20,adaptive,phase_change,903,1778307820.1442404,/big.txt,9961472,131072
380,380_adaptive_phase_change_run20,adaptive,phase_change,904,1778307820.1455665,/big.txt,10092544,131072
380,380_adaptive_phase_change_run20,adaptive,phase_change,905,1778307820.146904,/big.txt,10223616,131072
380,380_adaptive_phase_change_run20,adaptive,phase_change,906,1778307820.1482153,/big.txt,10354688,131072
380,380_adaptive_phase_change_run20,adaptive,phase_change,907,1778307820.149533,/big.txt,10485760,131072
380,380_adaptive_phase_change_run20,adaptive,phase_change,908,1778307820.1509314,/big.txt,10616832,131072
380,380_adaptive_phase_change_run20,adaptive,phase_change,909,1778307820.1522472,/big.txt,10747904,131072
380,380_adaptive_phase_change_run20,adaptive,phase_change,910,1778307820.1535716,/big.txt,10878976,131072
380,380_adaptive_phase_change_run20,adaptive,phase_change,911,1778307820.154895,/big.txt,11010048,131072
380,380_adaptive_phase_change_run20,adaptive,phase_change,912,1778307820.1562123,/big.txt,11141120,131072
380,380_adaptive_phase_change_run20,adaptive,phase_change,913,1778307820.157521,/big.txt,11272192,131072
380,380_adaptive_phase_change_run20,adaptive,phase_change,914,1778307820.1588528,/big.txt,11403264,131072
380,380_adaptive_phase_change_run20,adaptive,phase_change,915,1778307820.1601655,/big.txt,11534336,131072
380,380_adaptive_phase_change_run20,adaptive,phase_change,916,1778307820.161487,/big.txt,11665408,131072
380,380_adaptive_phase_change_run20,adaptive,phase_change,917,1778307820.1628132,/big.txt,11796480,131072
380,380_adaptive_phase_change_run20,adaptive,phase_change,918,1778307820.1641288,/big.txt,11927552,131072
380,380_adaptive_phase_change_run20,adaptive,phase_change,919,1778307820.165441,/big.txt,12058624,131072
380,380_adaptive_phase_change_run20,adaptive,phase_change,920,1778307820.1667604,/big.txt,12189696,131072
380,380_adaptive_phase_change_run20,adaptive,phase_change,921,1778307820.1681979,/big.txt,12320768,131072
380,380_adaptive_phase_change_run20,adaptive,phase_change,922,1778307820.16953,/big.txt,12451840,131072
380,380_adaptive_phase_change_run20,adaptive,phase_change,923,1778307820.170859,/big.txt,12582912,131072
380,380_adaptive_phase_change_run20,adaptive,phase_change,924,1778307820.1721659,/big.txt,12713984,131072
380,380_adaptive_phase_change_run20,adaptive,phase_change,925,1778307820.1734767,/big.txt,12845056,131072
380,380_adaptive_phase_change_run20,adaptive,phase_change,926,1778307820.174786,/big.txt,12976128,131072
380,380_adaptive_phase_change_run20,adaptive,phase_change,927,1778307820.176101,/big.txt,13107200,131072
380,380_adaptive_phase_change_run20,adaptive,phase_change,928,1778307820.1774237,/big.txt,13238272,131072
380,380_adaptive_phase_change_run20,adaptive,phase_change,929,1778307820.1787317,/big.txt,13369344,131072
380,380_adaptive_phase_change_run20,adaptive,phase_change,930,1778307820.180051,/big.txt,13500416,131072
380,380_adaptive_phase_change_run20,adaptive,phase_change,931,1778307820.1813667,/big.txt,13631488,131072
380,380_adaptive_phase_change_run20,adaptive,phase_change,932,1778307820.1826859,/big.txt,13762560,131072
380,380_adaptive_phase_change_run20,adaptive,phase_change,933,1778307820.1840608,/big.txt,13893632,131072
380,380_adaptive_phase_change_run20,adaptive,phase_change,934,1778307820.1853745,/big.txt,14024704,131072
380,380_adaptive_phase_change_run20,adaptive,phase_change,935,1778307820.1866894,/big.txt,14155776,131072
380,380_adaptive_phase_change_run20,adaptive,phase_change,936,1778307820.1880124,/big.txt,14286848,131072
380,380_adaptive_phase_change_run20,adaptive,phase_change,937,1778307820.1893232,/big.txt,14417920,131072
380,380_adaptive_phase_change_run20,adaptive,phase_change,938,1778307820.190649,/big.txt,14548992,131072
380,380_adaptive_phase_change_run20,adaptive,phase_change,939,1778307820.192079,/big.txt,14680064,131072
380,380_adaptive_phase_change_run20,adaptive,phase_change,940,1778307820.1934,/big.txt,14811136,131072
380,380_adaptive_phase_change_run20,adaptive,phase_change,941,1778307820.194702,/big.txt,14942208,131072
380,380_adaptive_phase_change_run20,adaptive,phase_change,942,1778307820.1960132,/big.txt,15073280,131072
380,380_adaptive_phase_change_run20,adaptive,phase_change,943,1778307820.1973305,/big.txt,15204352,131072
380,380_adaptive_phase_change_run20,adaptive,phase_change,944,1778307820.1986353,/big.txt,15335424,131072
380,380_adaptive_phase_change_run20,adaptive,phase_change,945,1778307820.2000723,/big.txt,15466496,131072
380,380_adaptive_phase_change_run20,adaptive,phase_change,946,1778307820.2013981,/big.txt,15597568,131072
380,380_adaptive_phase_change_run20,adaptive,phase_change,947,1778307820.2027264,/big.txt,15728640,131072
380,380_adaptive_phase_change_run20,adaptive,phase_change,948,1778307820.2040539,/big.txt,15859712,131072
380,380_adaptive_phase_change_run20,adaptive,phase_change,949,1778307820.2053745,/big.txt,15990784,131072
380,380_adaptive_phase_change_run20,adaptive,phase_change,950,1778307820.2066925,/big.txt,16121856,131072
380,380_adaptive_phase_change_run20,adaptive,phase_change,951,1778307820.2080016,/big.txt,16252928,131072
380,380_adaptive_phase_change_run20,adaptive,phase_change,952,1778307820.209314,/big.txt,16384000,131072
380,380_adaptive_phase_change_run20,adaptive,phase_change,953,1778307820.210631,/big.txt,16515072,131072
380,380_adaptive_phase_change_run20,adaptive,phase_change,954,1778307820.21196,/big.txt,16646144,131072
380,380_adaptive_phase_change_run20,adaptive,phase_change,955,1778307820.2132807,/big.txt,16777216,131072
380,380_adaptive_phase_change_run20,adaptive,phase_change,956,1778307820.2145965,/big.txt,16908288,131072
380,380_adaptive_phase_change_run20,adaptive,phase_change,957,1778307820.2159848,/big.txt,17039360,131072
380,380_adaptive_phase_change_run20,adaptive,phase_change,958,1778307820.2172937,/big.txt,17170432,131072
380,380_adaptive_phase_change_run20,adaptive,phase_change,959,1778307820.2186093,/big.txt,17301504,131072
380,380_adaptive_phase_change_run20,adaptive,phase_change,960,1778307820.21993,/big.txt,17432576,131072
380,380_adaptive_phase_change_run20,adaptive,phase_change,961,1778307820.2212596,/big.txt,17563648,131072
380,380_adaptive_phase_change_run20,adaptive,phase_change,962,1778307820.2225652,/big.txt,17694720,131072
380,380_adaptive_phase_change_run20,adaptive,phase_change,963,1778307820.2239466,/big.txt,17825792,131072
380,380_adaptive_phase_change_run20,adaptive,phase_change,964,1778307820.2252703,/big.txt,17956864,131072
380,380_adaptive_phase_change_run20,adaptive,phase_change,965,1778307820.2265832,/big.txt,18087936,131072
380,380_adaptive_phase_change_run20,adaptive,phase_change,966,1778307820.2279098,/big.txt,18219008,131072
380,380_adaptive_phase_change_run20,adaptive,phase_change,967,1778307820.2292323,/big.txt,18350080,131072
380,380_adaptive_phase_change_run20,adaptive,phase_change,968,1778307820.2305462,/big.txt,18481152,131072
380,380_adaptive_phase_change_run20,adaptive,phase_change,969,1778307820.2318552,/big.txt,18612224,131072
380,380_adaptive_phase_change_run20,adaptive,phase_change,970,1778307820.2331793,/big.txt,18743296,131072
380,380_adaptive_phase_change_run20,adaptive,phase_change,971,1778307820.234492,/big.txt,18874368,131072
380,380_adaptive_phase_change_run20,adaptive,phase_change,972,1778307820.2357879,/big.txt,19005440,131072
380,380_adaptive_phase_change_run20,adaptive,phase_change,973,1778307820.2371132,/big.txt,19136512,131072
380,380_adaptive_phase_change_run20,adaptive,phase_change,974,1778307820.2384288,/big.txt,19267584,131072
380,380_adaptive_phase_change_run20,adaptive,phase_change,975,1778307820.2397606,/big.txt,19398656,131072
380,380_adaptive_phase_change_run20,adaptive,phase_change,976,1778307820.2410855,/big.txt,19529728,131072
380,380_adaptive_phase_change_run20,adaptive,phase_change,977,1778307820.2424014,/big.txt,19660800,131072
380,380_adaptive_phase_change_run20,adaptive,phase_change,978,1778307820.2437146,/big.txt,19791872,131072
380,380_adaptive_phase_change_run20,adaptive,phase_change,979,1778307820.2450433,/big.txt,19922944,131072
380,380_adaptive_phase_change_run20,adaptive,phase_change,980,1778307820.246353,/big.txt,20054016,131072
380,380_adaptive_phase_change_run20,adaptive,phase_change,981,1778307820.247717,/big.txt,20185088,131072
380,380_adaptive_phase_change_run20,adaptive,phase_change,982,1778307820.2490344,/big.txt,20316160,131072
380,380_adaptive_phase_change_run20,adaptive,phase_change,983,1778307820.2503407,/big.txt,20447232,131072
380,380_adaptive_phase_change_run20,adaptive,phase_change,984,1778307820.2517235,/big.txt,20578304,131072
380,380_adaptive_phase_change_run20,adaptive,phase_change,985,1778307820.253088,/big.txt,20709376,131072
380,380_adaptive_phase_change_run20,adaptive,phase_change,986,1778307820.2544098,/big.txt,20840448,131072
380,380_adaptive_phase_change_run20,adaptive,phase_change,987,1778307820.2557554,/big.txt,20971520,131072
380,380_adaptive_phase_change_run20,adaptive,phase_change,988,1778307820.25714,/big.txt,21102592,131072
380,380_adaptive_phase_change_run20,adaptive,phase_change,989,1778307820.25851,/big.txt,21233664,131072
380,380_adaptive_phase_change_run20,adaptive,phase_change,990,1778307820.2598238,/big.txt,21364736,131072
380,380_adaptive_phase_change_run20,adaptive,phase_change,991,1778307820.2611477,/big.txt,21495808,131072
380,380_adaptive_phase_change_run20,adaptive,phase_change,992,1778307820.2624807,/big.txt,21626880,131072
380,380_adaptive_phase_change_run20,adaptive,phase_change,993,1778307820.2637763,/big.txt,21757952,131072
380,380_adaptive_phase_change_run20,adaptive,phase_change,994,1778307820.2651,/big.txt,21889024,131072
380,380_adaptive_phase_change_run20,adaptive,phase_change,995,1778307820.2664287,/big.txt,22020096,131072
380,380_adaptive_phase_change_run20,adaptive,phase_change,996,1778307820.2677534,/big.txt,22151168,131072
380,380_adaptive_phase_change_run20,adaptive,phase_change,997,1778307820.2690604,/big.txt,22282240,131072
380,380_adaptive_phase_change_run20,adaptive,phase_change,998,1778307820.2703657,/big.txt,22413312,131072
380,380_adaptive_phase_change_run20,adaptive,phase_change,999,1778307820.2716908,/big.txt,22544384,131072
380,380_adaptive_phase_change_run20,adaptive,phase_change,1000,1778307820.273018,/big.txt,22675456,131072
380,380_adaptive_phase_change_run20,adaptive,phase_change,1001,1778307820.2743373,/big.txt,22806528,131072
380,380_adaptive_phase_change_run20,adaptive,phase_change,1002,1778307820.2756734,/big.txt,22937600,131072
380,380_adaptive_phase_change_run20,adaptive,phase_change,1003,1778307820.2770443,/big.txt,23068672,131072
380,380_adaptive_phase_change_run20,adaptive,phase_change,1004,1778307820.2783747,/big.txt,23199744,131072
380,380_adaptive_phase_change_run20,adaptive,phase_change,1005,1778307820.279717,/big.txt,23330816,131072
380,380_adaptive_phase_change_run20,adaptive,phase_change,1006,1778307820.2810488,/big.txt,23461888,131072
380,380_adaptive_phase_change_run20,adaptive,phase_change,1007,1778307820.2823715,/big.txt,23592960,131072
380,380_adaptive_phase_change_run20,adaptive,phase_change,1008,1778307820.2836654,/big.txt,23724032,131072
380,380_adaptive_phase_change_run20,adaptive,phase_change,1009,1778307820.2849956,/big.txt,23855104,131072
380,380_adaptive_phase_change_run20,adaptive,phase_change,1010,1778307820.2863133,/big.txt,23986176,131072
380,380_adaptive_phase_change_run20,adaptive,phase_change,1011,1778307820.2876832,/big.txt,24117248,131072
380,380_adaptive_phase_change_run20,adaptive,phase_change,1012,1778307820.2890418,/big.txt,24248320,131072
380,380_adaptive_phase_change_run20,adaptive,phase_change,1013,1778307820.2903695,/big.txt,24379392,131072
380,380_adaptive_phase_change_run20,adaptive,phase_change,1014,1778307820.291685,/big.txt,24510464,131072
380,380_adaptive_phase_change_run20,adaptive,phase_change,1015,1778307820.293025,/big.txt,24641536,131072
380,380_adaptive_phase_change_run20,adaptive,phase_change,1016,1778307820.2943513,/big.txt,24772608,131072
380,380_adaptive_phase_change_run20,adaptive,phase_change,1017,1778307820.2956734,/big.txt,24903680,131072
380,380_adaptive_phase_change_run20,adaptive,phase_change,1018,1778307820.2970388,/big.txt,25034752,131072
380,380_adaptive_phase_change_run20,adaptive,phase_change,1019,1778307820.2983606,/big.txt,25165824,131072
380,380_adaptive_phase_change_run20,adaptive,phase_change,1020,1778307820.299673,/big.txt,25296896,131072
380,380_adaptive_phase_change_run20,adaptive,phase_change,1021,1778307820.3010325,/big.txt,25427968,131072
380,380_adaptive_phase_change_run20,adaptive,phase_change,1022,1778307820.3023586,/big.txt,25559040,131072
380,380_adaptive_phase_change_run20,adaptive,phase_change,1023,1778307820.3036692,/big.txt,25690112,131072
380,380_adaptive_phase_change_run20,adaptive,phase_change,1024,1778307820.3050618,/big.txt,25821184,131072
380,380_adaptive_phase_change_run20,adaptive,phase_change,1025,1778307820.3063815,/big.txt,25952256,131072
380,380_adaptive_phase_change_run20,adaptive,phase_change,1026,1778307820.3076847,/big.txt,26083328,131072
380,380_adaptive_phase_change_run20,adaptive,phase_change,1027,1778307820.3090048,/big.txt,26214400,131072
380,380_adaptive_phase_change_run20,adaptive,phase_change,1028,1778307820.3103235,/big.txt,26345472,131072
380,380_adaptive_phase_change_run20,adaptive,phase_change,1029,1778307820.3116512,/big.txt,26476544,131072
380,380_adaptive_phase_change_run20,adaptive,phase_change,1030,1778307820.313027,/big.txt,26607616,131072
380,380_adaptive_phase_change_run20,adaptive,phase_change,1031,1778307820.3143528,/big.txt,26738688,131072
380,380_adaptive_phase_change_run20,adaptive,phase_change,1032,1778307820.3156636,/big.txt,26869760,131072
380,380_adaptive_phase_change_run20,adaptive,phase_change,1033,1778307820.3170302,/big.txt,27000832,131072
380,380_adaptive_phase_change_run20,adaptive,phase_change,1034,1778307820.3183749,/big.txt,27131904,131072
380,380_adaptive_phase_change_run20,adaptive,phase_change,1035,1778307820.319678,/big.txt,27262976,131072
380,380_adaptive_phase_change_run20,adaptive,phase_change,1036,1778307820.321033,/big.txt,27394048,131072
380,380_adaptive_phase_change_run20,adaptive,phase_change,1037,1778307820.3223498,/big.txt,27525120,131072
380,380_adaptive_phase_change_run20,adaptive,phase_change,1038,1778307820.3236504,/big.txt,27656192,131072
380,380_adaptive_phase_change_run20,adaptive,phase_change,1039,1778307820.3249886,/big.txt,27787264,131072
380,380_adaptive_phase_change_run20,adaptive,phase_change,1040,1778307820.3263216,/big.txt,27918336,131072
380,380_adaptive_phase_change_run20,adaptive,phase_change,1041,1778307820.3276343,/big.txt,28049408,131072
380,380_adaptive_phase_change_run20,adaptive,phase_change,1042,1778307820.3290055,/big.txt,28180480,131072
380,380_adaptive_phase_change_run20,adaptive,phase_change,1043,1778307820.3303688,/big.txt,28311552,131072
380,380_adaptive_phase_change_run20,adaptive,phase_change,1044,1778307820.3316715,/big.txt,28442624,131072
380,380_adaptive_phase_change_run20,adaptive,phase_change,1045,1778307820.3330357,/big.txt,28573696,131072
380,380_adaptive_phase_change_run20,adaptive,phase_change,1046,1778307820.3343537,/big.txt,28704768,131072
380,380_adaptive_phase_change_run20,adaptive,phase_change,1047,1778307820.3356786,/big.txt,28835840,131072
380,380_adaptive_phase_change_run20,adaptive,phase_change,1048,1778307820.3370547,/big.txt,28966912,131072
380,380_adaptive_phase_change_run20,adaptive,phase_change,1049,1778307820.338376,/big.txt,29097984,131072
380,380_adaptive_phase_change_run20,adaptive,phase_change,1050,1778307820.3396728,/big.txt,29229056,131072
380,380_adaptive_phase_change_run20,adaptive,phase_change,1051,1778307820.3409982,/big.txt,29360128,131072
380,380_adaptive_phase_change_run20,adaptive,phase_change,1052,1778307820.34231,/big.txt,29491200,131072
380,380_adaptive_phase_change_run20,adaptive,phase_change,1053,1778307820.343625,/big.txt,29622272,131072
380,380_adaptive_phase_change_run20,adaptive,phase_change,1054,1778307820.3450058,/big.txt,29753344,131072
380,380_adaptive_phase_change_run20,adaptive,phase_change,1055,1778307820.346334,/big.txt,29884416,131072
380,380_adaptive_phase_change_run20,adaptive,phase_change,1056,1778307820.347662,/big.txt,30015488,131072
380,380_adaptive_phase_change_run20,adaptive,phase_change,1057,1778307820.3490295,/big.txt,30146560,131072
380,380_adaptive_phase_change_run20,adaptive,phase_change,1058,1778307820.350349,/big.txt,30277632,131072
380,380_adaptive_phase_change_run20,adaptive,phase_change,1059,1778307820.3516529,/big.txt,30408704,131072
380,380_adaptive_phase_change_run20,adaptive,phase_change,1060,1778307820.35306,/big.txt,30539776,131072
380,380_adaptive_phase_change_run20,adaptive,phase_change,1061,1778307820.3543835,/big.txt,30670848,131072
380,380_adaptive_phase_change_run20,adaptive,phase_change,1062,1778307820.3556976,/big.txt,30801920,131072
380,380_adaptive_phase_change_run20,adaptive,phase_change,1063,1778307820.357082,/big.txt,30932992,131072
380,380_adaptive_phase_change_run20,adaptive,phase_change,1064,1778307820.358405,/big.txt,31064064,131072
380,380_adaptive_phase_change_run20,adaptive,phase_change,1065,1778307820.3596992,/big.txt,31195136,131072
380,380_adaptive_phase_change_run20,adaptive,phase_change,1066,1778307820.3610115,/big.txt,31326208,131072
380,380_adaptive_phase_change_run20,adaptive,phase_change,1067,1778307820.362322,/big.txt,31457280,131072
380,380_adaptive_phase_change_run20,adaptive,phase_change,1068,1778307820.363639,/big.txt,31588352,131072
380,380_adaptive_phase_change_run20,adaptive,phase_change,1069,1778307820.3649852,/big.txt,31719424,131072
380,380_adaptive_phase_change_run20,adaptive,phase_change,1070,1778307820.3662944,/big.txt,31850496,131072
380,380_adaptive_phase_change_run20,adaptive,phase_change,1071,1778307820.367592,/big.txt,31981568,131072
380,380_adaptive_phase_change_run20,adaptive,phase_change,1072,1778307820.3689783,/big.txt,32112640,131072
380,380_adaptive_phase_change_run20,adaptive,phase_change,1073,1778307820.3702898,/big.txt,32243712,131072
380,380_adaptive_phase_change_run20,adaptive,phase_change,1074,1778307820.3716192,/big.txt,32374784,131072
380,380_adaptive_phase_change_run20,adaptive,phase_change,1075,1778307820.3729687,/big.txt,32505856,131072
380,380_adaptive_phase_change_run20,adaptive,phase_change,1076,1778307820.3742828,/big.txt,32636928,131072
380,380_adaptive_phase_change_run20,adaptive,phase_change,1077,1778307820.3755996,/big.txt,32768000,131072
380,380_adaptive_phase_change_run20,adaptive,phase_change,1078,1778307820.3769634,/big.txt,32899072,131072
380,380_adaptive_phase_change_run20,adaptive,phase_change,1079,1778307820.3782725,/big.txt,33030144,131072
380,380_adaptive_phase_change_run20,adaptive,phase_change,1080,1778307820.3795624,/big.txt,33161216,131072
380,380_adaptive_phase_change_run20,adaptive,phase_change,1081,1778307820.3809104,/big.txt,33292288,131072
380,380_adaptive_phase_change_run20,adaptive,phase_change,1082,1778307820.3822339,/big.txt,33423360,131072
380,380_adaptive_phase_change_run20,adaptive,phase_change,1083,1778307820.383525,/big.txt,33554432,131072
380,380_adaptive_phase_change_run20,adaptive,phase_change,1084,1778307820.3848374,/big.txt,33685504,131072
380,380_adaptive_phase_change_run20,adaptive,phase_change,1085,1778307820.3861458,/big.txt,33816576,131072
380,380_adaptive_phase_change_run20,adaptive,phase_change,1086,1778307820.387462,/big.txt,33947648,131072
380,380_adaptive_phase_change_run20,adaptive,phase_change,1087,1778307820.388765,/big.txt,34078720,131072
380,380_adaptive_phase_change_run20,adaptive,phase_change,1088,1778307820.3900747,/big.txt,34209792,131072
380,380_adaptive_phase_change_run20,adaptive,phase_change,1089,1778307820.391394,/big.txt,34340864,131072
380,380_adaptive_phase_change_run20,adaptive,phase_change,1090,1778307820.3927097,/big.txt,34471936,131072
380,380_adaptive_phase_change_run20,adaptive,phase_change,1091,1778307820.394008,/big.txt,34603008,131072
380,380_adaptive_phase_change_run20,adaptive,phase_change,1092,1778307820.3966131,/big.txt,34734080,131072
380,380_adaptive_phase_change_run20,adaptive,phase_change,1093,1778307820.3989527,/big.txt,34865152,131072
380,380_adaptive_phase_change_run20,adaptive,phase_change,1094,1778307820.400263,/big.txt,34996224,131072
380,380_adaptive_phase_change_run20,adaptive,phase_change,1095,1778307820.4015725,/big.txt,35127296,131072
380,380_adaptive_phase_change_run20,adaptive,phase_change,1096,1778307820.4029002,/big.txt,35258368,131072
380,380_adaptive_phase_change_run20,adaptive,phase_change,1097,1778307820.4042082,/big.txt,35389440,131072
380,380_adaptive_phase_change_run20,adaptive,phase_change,1098,1778307820.4055204,/big.txt,35520512,131072
380,380_adaptive_phase_change_run20,adaptive,phase_change,1099,1778307820.4068706,/big.txt,35651584,131072
380,380_adaptive_phase_change_run20,adaptive,phase_change,1100,1778307820.4081945,/big.txt,35782656,131072
380,380_adaptive_phase_change_run20,adaptive,phase_change,1101,1778307820.4095125,/big.txt,35913728,131072
380,380_adaptive_phase_change_run20,adaptive,phase_change,1102,1778307820.4108372,/big.txt,36044800,131072
380,380_adaptive_phase_change_run20,adaptive,phase_change,1103,1778307820.4121473,/big.txt,36175872,131072
380,380_adaptive_phase_change_run20,adaptive,phase_change,1104,1778307820.4134698,/big.txt,36306944,131072
380,380_adaptive_phase_change_run20,adaptive,phase_change,1105,1778307820.4147863,/big.txt,36438016,131072
380,380_adaptive_phase_change_run20,adaptive,phase_change,1106,1778307820.4160936,/big.txt,36569088,131072
380,380_adaptive_phase_change_run20,adaptive,phase_change,1107,1778307820.4174085,/big.txt,36700160,131072
380,380_adaptive_phase_change_run20,adaptive,phase_change,1108,1778307820.4187205,/big.txt,36831232,131072
380,380_adaptive_phase_change_run20,adaptive,phase_change,1109,1778307820.4200706,/big.txt,36962304,131072
380,380_adaptive_phase_change_run20,adaptive,phase_change,1110,1778307820.4213948,/big.txt,37093376,131072
380,380_adaptive_phase_change_run20,adaptive,phase_change,1111,1778307820.422708,/big.txt,37224448,131072
380,380_adaptive_phase_change_run20,adaptive,phase_change,1112,1778307820.4240186,/big.txt,37355520,131072
380,380_adaptive_phase_change_run20,adaptive,phase_change,1113,1778307820.4253306,/big.txt,37486592,131072
380,380_adaptive_phase_change_run20,adaptive,phase_change,1114,1778307820.4266496,/big.txt,37617664,131072
380,380_adaptive_phase_change_run20,adaptive,phase_change,1115,1778307820.4280143,/big.txt,37748736,131072
380,380_adaptive_phase_change_run20,adaptive,phase_change,1116,1778307820.4292865,/big.txt,37879808,131072
380,380_adaptive_phase_change_run20,adaptive,phase_change,1117,1778307820.430547,/big.txt,38010880,131072
380,380_adaptive_phase_change_run20,adaptive,phase_change,1118,1778307820.431798,/big.txt,38141952,131072
380,380_adaptive_phase_change_run20,adaptive,phase_change,1119,1778307820.4330409,/big.txt,38273024,131072
380,380_adaptive_phase_change_run20,adaptive,phase_change,1120,1778307820.4343014,/big.txt,38404096,131072
380,380_adaptive_phase_change_run20,adaptive,phase_change,1121,1778307820.4356132,/big.txt,38535168,131072
380,380_adaptive_phase_change_run20,adaptive,phase_change,1122,1778307820.4369283,/big.txt,38666240,131072
380,380_adaptive_phase_change_run20,adaptive,phase_change,1123,1778307820.4381847,/big.txt,38797312,131072
380,380_adaptive_phase_change_run20,adaptive,phase_change,1124,1778307820.439474,/big.txt,38928384,131072
380,380_adaptive_phase_change_run20,adaptive,phase_change,1125,1778307820.4407241,/big.txt,39059456,131072
380,380_adaptive_phase_change_run20,adaptive,phase_change,1126,1778307820.4419742,/big.txt,39190528,131072
380,380_adaptive_phase_change_run20,adaptive,phase_change,1127,1778307820.4432542,/big.txt,39321600,131072
380,380_adaptive_phase_change_run20,adaptive,phase_change,1128,1778307820.4445074,/big.txt,39452672,131072
380,380_adaptive_phase_change_run20,adaptive,phase_change,1129,1778307820.4457653,/big.txt,39583744,131072
380,380_adaptive_phase_change_run20,adaptive,phase_change,1130,1778307820.4471383,/big.txt,39714816,131072
380,380_adaptive_phase_change_run20,adaptive,phase_change,1131,1778307820.4483998,/big.txt,39845888,131072
380,380_adaptive_phase_change_run20,adaptive,phase_change,1132,1778307820.4496546,/big.txt,39976960,131072
380,380_adaptive_phase_change_run20,adaptive,phase_change,1133,1778307820.450948,/big.txt,40108032,131072
380,380_adaptive_phase_change_run20,adaptive,phase_change,1134,1778307820.4521976,/big.txt,40239104,131072
380,380_adaptive_phase_change_run20,adaptive,phase_change,1135,1778307820.453453,/big.txt,40370176,131072
380,380_adaptive_phase_change_run20,adaptive,phase_change,1136,1778307820.4547076,/big.txt,40501248,131072
380,380_adaptive_phase_change_run20,adaptive,phase_change,1137,1778307820.456051,/big.txt,40632320,131072
380,380_adaptive_phase_change_run20,adaptive,phase_change,1138,1778307820.4573228,/big.txt,40763392,131072
380,380_adaptive_phase_change_run20,adaptive,phase_change,1139,1778307820.4585814,/big.txt,40894464,131072
380,380_adaptive_phase_change_run20,adaptive,phase_change,1140,1778307820.4598873,/big.txt,41025536,131072
380,380_adaptive_phase_change_run20,adaptive,phase_change,1141,1778307820.4611363,/big.txt,41156608,131072
380,380_adaptive_phase_change_run20,adaptive,phase_change,1142,1778307820.4623895,/big.txt,41287680,131072
380,380_adaptive_phase_change_run20,adaptive,phase_change,1143,1778307820.4636989,/big.txt,41418752,131072
380,380_adaptive_phase_change_run20,adaptive,phase_change,1144,1778307820.4649372,/big.txt,41549824,131072
380,380_adaptive_phase_change_run20,adaptive,phase_change,1145,1778307820.4661832,/big.txt,41680896,131072
380,380_adaptive_phase_change_run20,adaptive,phase_change,1146,1778307820.4674783,/big.txt,41811968,131072
380,380_adaptive_phase_change_run20,adaptive,phase_change,1147,1778307820.4687347,/big.txt,41943040,131072
380,380_adaptive_phase_change_run20,adaptive,phase_change,1148,1778307820.469982,/big.txt,42074112,131072
380,380_adaptive_phase_change_run20,adaptive,phase_change,1149,1778307820.471283,/big.txt,42205184,131072
380,380_adaptive_phase_change_run20,adaptive,phase_change,1150,1778307820.472532,/big.txt,42336256,131072
380,380_adaptive_phase_change_run20,adaptive,phase_change,1151,1778307820.4737744,/big.txt,42467328,131072
380,380_adaptive_phase_change_run20,adaptive,phase_change,1152,1778307820.4750576,/big.txt,42598400,131072
380,380_adaptive_phase_change_run20,adaptive,phase_change,1153,1778307820.476309,/big.txt,42729472,131072
380,380_adaptive_phase_change_run20,adaptive,phase_change,1154,1778307820.4775658,/big.txt,42860544,131072
380,380_adaptive_phase_change_run20,adaptive,phase_change,1155,1778307820.4789174,/big.txt,42991616,131072
380,380_adaptive_phase_change_run20,adaptive,phase_change,1156,1778307820.480164,/big.txt,43122688,131072
380,380_adaptive_phase_change_run20,adaptive,phase_change,1157,1778307820.4814086,/big.txt,43253760,131072
380,380_adaptive_phase_change_run20,adaptive,phase_change,1158,1778307820.4826598,/big.txt,43384832,131072
380,380_adaptive_phase_change_run20,adaptive,phase_change,1159,1778307820.48398,/big.txt,43515904,131072
380,380_adaptive_phase_change_run20,adaptive,phase_change,1160,1778307820.4852724,/big.txt,43646976,131072
380,380_adaptive_phase_change_run20,adaptive,phase_change,1161,1778307820.4865522,/big.txt,43778048,131072
380,380_adaptive_phase_change_run20,adaptive,phase_change,1162,1778307820.4878302,/big.txt,43909120,131072
380,380_adaptive_phase_change_run20,adaptive,phase_change,1163,1778307820.4891121,/big.txt,44040192,131072
380,380_adaptive_phase_change_run20,adaptive,phase_change,1164,1778307820.490399,/big.txt,44171264,131072
380,380_adaptive_phase_change_run20,adaptive,phase_change,1165,1778307820.4916694,/big.txt,44302336,131072
380,380_adaptive_phase_change_run20,adaptive,phase_change,1166,1778307820.4929533,/big.txt,44433408,131072
380,380_adaptive_phase_change_run20,adaptive,phase_change,1167,1778307820.4942331,/big.txt,44564480,131072
380,380_adaptive_phase_change_run20,adaptive,phase_change,1168,1778307820.4955156,/big.txt,44695552,131072
380,380_adaptive_phase_change_run20,adaptive,phase_change,1169,1778307820.4967978,/big.txt,44826624,131072
380,380_adaptive_phase_change_run20,adaptive,phase_change,1170,1778307820.4980848,/big.txt,44957696,131072
380,380_adaptive_phase_change_run20,adaptive,phase_change,1171,1778307820.4993925,/big.txt,45088768,131072
380,380_adaptive_phase_change_run20,adaptive,phase_change,1172,1778307820.5006678,/big.txt,45219840,131072
380,380_adaptive_phase_change_run20,adaptive,phase_change,1173,1778307820.5019436,/big.txt,45350912,131072
380,380_adaptive_phase_change_run20,adaptive,phase_change,1174,1778307820.5032272,/big.txt,45481984,131072
380,380_adaptive_phase_change_run20,adaptive,phase_change,1175,1778307820.5045109,/big.txt,45613056,131072
380,380_adaptive_phase_change_run20,adaptive,phase_change,1176,1778307820.5057976,/big.txt,45744128,131072
380,380_adaptive_phase_change_run20,adaptive,phase_change,1177,1778307820.5079458,/big.txt,45875200,131072
380,380_adaptive_phase_change_run20,adaptive,phase_change,1178,1778307820.510487,/big.txt,46006272,131072
380,380_adaptive_phase_change_run20,adaptive,phase_change,1179,1778307820.5129771,/big.txt,46137344,131072
380,380_adaptive_phase_change_run20,adaptive,phase_change,1180,1778307820.5155125,/big.txt,46268416,131072
380,380_adaptive_phase_change_run20,adaptive,phase_change,1181,1778307820.5180142,/big.txt,46399488,131072
380,380_adaptive_phase_change_run20,adaptive,phase_change,1182,1778307820.519338,/big.txt,46530560,131072
380,380_adaptive_phase_change_run20,adaptive,phase_change,1183,1778307820.5206265,/big.txt,46661632,131072
380,380_adaptive_phase_change_run20,adaptive,phase_change,1184,1778307820.5219133,/big.txt,46792704,131072
380,380_adaptive_phase_change_run20,adaptive,phase_change,1185,1778307820.523262,/big.txt,46923776,131072
380,380_adaptive_phase_change_run20,adaptive,phase_change,1186,1778307820.5245395,/big.txt,47054848,131072
380,380_adaptive_phase_change_run20,adaptive,phase_change,1187,1778307820.525827,/big.txt,47185920,131072
380,380_adaptive_phase_change_run20,adaptive,phase_change,1188,1778307820.5271168,/big.txt,47316992,131072
380,380_adaptive_phase_change_run20,adaptive,phase_change,1189,1778307820.5283995,/big.txt,47448064,131072
380,380_adaptive_phase_change_run20,adaptive,phase_change,1190,1778307820.5296683,/big.txt,47579136,131072
380,380_adaptive_phase_change_run20,adaptive,phase_change,1191,1778307820.5309558,/big.txt,47710208,131072
380,380_adaptive_phase_change_run20,adaptive,phase_change,1192,1778307820.5322483,/big.txt,47841280,131072
380,380_adaptive_phase_change_run20,adaptive,phase_change,1193,1778307820.533529,/big.txt,47972352,131072
380,380_adaptive_phase_change_run20,adaptive,phase_change,1194,1778307820.5348582,/big.txt,48103424,131072
380,380_adaptive_phase_change_run20,adaptive,phase_change,1195,1778307820.5361586,/big.txt,48234496,131072
380,380_adaptive_phase_change_run20,adaptive,phase_change,1196,1778307820.5374362,/big.txt,48365568,131072
380,380_adaptive_phase_change_run20,adaptive,phase_change,1197,1778307820.5387177,/big.txt,48496640,131072
380,380_adaptive_phase_change_run20,adaptive,phase_change,1198,1778307820.5400238,/big.txt,48627712,131072
380,380_adaptive_phase_change_run20,adaptive,phase_change,1199,1778307820.5413337,/big.txt,48758784,131072
380,380_adaptive_phase_change_run20,adaptive,phase_change,1200,1778307820.5425727,/big.txt,48889856,131072
380,380_adaptive_phase_change_run20,adaptive,phase_change,1201,1778307820.5438583,/big.txt,49020928,131072
380,380_adaptive_phase_change_run20,adaptive,phase_change,1202,1778307820.545151,/big.txt,49152000,131072
380,380_adaptive_phase_change_run20,adaptive,phase_change,1203,1778307820.5464337,/big.txt,49283072,131072
380,380_adaptive_phase_change_run20,adaptive,phase_change,1204,1778307820.5477226,/big.txt,49414144,131072
380,380_adaptive_phase_change_run20,adaptive,phase_change,1205,1778307820.5490189,/big.txt,49545216,131072
380,380_adaptive_phase_change_run20,adaptive,phase_change,1206,1778307820.5503123,/big.txt,49676288,131072
380,380_adaptive_phase_change_run20,adaptive,phase_change,1207,1778307820.5516214,/big.txt,49807360,131072
380,380_adaptive_phase_change_run20,adaptive,phase_change,1208,1778307820.5529146,/big.txt,49938432,131072
380,380_adaptive_phase_change_run20,adaptive,phase_change,1209,1778307820.5541737,/big.txt,50069504,131072
380,380_adaptive_phase_change_run20,adaptive,phase_change,1210,1778307820.5554366,/big.txt,50200576,131072
380,380_adaptive_phase_change_run20,adaptive,phase_change,1211,1778307820.556699,/big.txt,50331648,131072
380,380_adaptive_phase_change_run20,adaptive,phase_change,1212,1778307820.5579503,/big.txt,50462720,131072
380,380_adaptive_phase_change_run20,adaptive,phase_change,1213,1778307820.5592172,/big.txt,50593792,131072
380,380_adaptive_phase_change_run20,adaptive,phase_change,1214,1778307820.560481,/big.txt,50724864,131072
380,380_adaptive_phase_change_run20,adaptive,phase_change,1215,1778307820.5617394,/big.txt,50855936,131072
380,380_adaptive_phase_change_run20,adaptive,phase_change,1216,1778307820.5630045,/big.txt,50987008,131072
380,380_adaptive_phase_change_run20,adaptive,phase_change,1217,1778307820.5642557,/big.txt,51118080,131072
380,380_adaptive_phase_change_run20,adaptive,phase_change,1218,1778307820.5655165,/big.txt,51249152,131072
380,380_adaptive_phase_change_run20,adaptive,phase_change,1219,1778307820.5667617,/big.txt,51380224,131072
380,380_adaptive_phase_change_run20,adaptive,phase_change,1220,1778307820.5681288,/big.txt,51511296,131072
380,380_adaptive_phase_change_run20,adaptive,phase_change,1221,1778307820.5693789,/big.txt,51642368,131072
380,380_adaptive_phase_change_run20,adaptive,phase_change,1222,1778307820.570629,/big.txt,51773440,131072
380,380_adaptive_phase_change_run20,adaptive,phase_change,1223,1778307820.571872,/big.txt,51904512,131072
380,380_adaptive_phase_change_run20,adaptive,phase_change,1224,1778307820.573132,/big.txt,52035584,131072
380,380_adaptive_phase_change_run20,adaptive,phase_change,1225,1778307820.5743892,/big.txt,52166656,131072
380,380_adaptive_phase_change_run20,adaptive,phase_change,1226,1778307820.575664,/big.txt,52297728,131072
380,380_adaptive_phase_change_run20,adaptive,phase_change,1227,1778307820.576913,/big.txt,52428800,131072
380,380_adaptive_phase_change_run20,adaptive,phase_change,1228,1778307820.5781703,/big.txt,52559872,131072
380,380_adaptive_phase_change_run20,adaptive,phase_change,1229,1778307820.579426,/big.txt,52690944,131072
380,380_adaptive_phase_change_run20,adaptive,phase_change,1230,1778307820.5806851,/big.txt,52822016,131072
380,380_adaptive_phase_change_run20,adaptive,phase_change,1231,1778307820.5819416,/big.txt,52953088,131072
380,380_adaptive_phase_change_run20,adaptive,phase_change,1232,1778307820.5832117,/big.txt,53084160,131072
380,380_adaptive_phase_change_run20,adaptive,phase_change,1233,1778307820.5844607,/big.txt,53215232,131072
380,380_adaptive_phase_change_run20,adaptive,phase_change,1234,1778307820.5857005,/big.txt,53346304,131072
380,380_adaptive_phase_change_run20,adaptive,phase_change,1235,1778307820.5870697,/big.txt,53477376,131072
380,380_adaptive_phase_change_run20,adaptive,phase_change,1236,1778307820.5883303,/big.txt,53608448,131072
380,380_adaptive_phase_change_run20,adaptive,phase_change,1237,1778307820.5895803,/big.txt,53739520,131072
380,380_adaptive_phase_change_run20,adaptive,phase_change,1238,1778307820.5908418,/big.txt,53870592,131072
380,380_adaptive_phase_change_run20,adaptive,phase_change,1239,1778307820.5921154,/big.txt,54001664,131072
380,380_adaptive_phase_change_run20,adaptive,phase_change,1240,1778307820.5933669,/big.txt,54132736,131072
380,380_adaptive_phase_change_run20,adaptive,phase_change,1241,1778307820.5946279,/big.txt,54263808,131072
380,380_adaptive_phase_change_run20,adaptive,phase_change,1242,1778307820.5959003,/big.txt,54394880,131072
380,380_adaptive_phase_change_run20,adaptive,phase_change,1243,1778307820.5971532,/big.txt,54525952,131072
380,380_adaptive_phase_change_run20,adaptive,phase_change,1244,1778307820.598403,/big.txt,54657024,131072
380,380_adaptive_phase_change_run20,adaptive,phase_change,1245,1778307820.5996678,/big.txt,54788096,131072
380,380_adaptive_phase_change_run20,adaptive,phase_change,1246,1778307820.6009355,/big.txt,54919168,131072
380,380_adaptive_phase_change_run20,adaptive,phase_change,1247,1778307820.6022098,/big.txt,55050240,131072
380,380_adaptive_phase_change_run20,adaptive,phase_change,1248,1778307820.6034653,/big.txt,55181312,131072
380,380_adaptive_phase_change_run20,adaptive,phase_change,1249,1778307820.6047323,/big.txt,55312384,131072
380,380_adaptive_phase_change_run20,adaptive,phase_change,1250,1778307820.605993,/big.txt,55443456,131072
380,380_adaptive_phase_change_run20,adaptive,phase_change,1251,1778307820.607261,/big.txt,55574528,131072
380,380_adaptive_phase_change_run20,adaptive,phase_change,1252,1778307820.608525,/big.txt,55705600,131072
380,380_adaptive_phase_change_run20,adaptive,phase_change,1253,1778307820.6097755,/big.txt,55836672,131072
380,380_adaptive_phase_change_run20,adaptive,phase_change,1254,1778307820.6117024,/big.txt,55967744,131072
380,380_adaptive_phase_change_run20,adaptive,phase_change,1255,1778307820.6142519,/big.txt,56098816,131072
380,380_adaptive_phase_change_run20,adaptive,phase_change,1256,1778307820.616768,/big.txt,56229888,131072
380,380_adaptive_phase_change_run20,adaptive,phase_change,1257,1778307820.6192896,/big.txt,56360960,131072
380,380_adaptive_phase_change_run20,adaptive,phase_change,1258,1778307820.621787,/big.txt,56492032,131072
380,380_adaptive_phase_change_run20,adaptive,phase_change,1259,1778307820.6231668,/big.txt,56623104,131072
380,380_adaptive_phase_change_run20,adaptive,phase_change,1260,1778307820.624451,/big.txt,56754176,131072
380,380_adaptive_phase_change_run20,adaptive,phase_change,1261,1778307820.6257303,/big.txt,56885248,131072
380,380_adaptive_phase_change_run20,adaptive,phase_change,1262,1778307820.6271021,/big.txt,57016320,131072
380,380_adaptive_phase_change_run20,adaptive,phase_change,1263,1778307820.6283898,/big.txt,57147392,131072
380,380_adaptive_phase_change_run20,adaptive,phase_change,1264,1778307820.6296701,/big.txt,57278464,131072
380,380_adaptive_phase_change_run20,adaptive,phase_change,1265,1778307820.6309624,/big.txt,57409536,131072
380,380_adaptive_phase_change_run20,adaptive,phase_change,1266,1778307820.6322448,/big.txt,57540608,131072
380,380_adaptive_phase_change_run20,adaptive,phase_change,1267,1778307820.633532,/big.txt,57671680,131072
380,380_adaptive_phase_change_run20,adaptive,phase_change,1268,1778307820.6348388,/big.txt,57802752,131072
380,380_adaptive_phase_change_run20,adaptive,phase_change,1269,1778307820.6361275,/big.txt,57933824,131072
380,380_adaptive_phase_change_run20,adaptive,phase_change,1270,1778307820.6374044,/big.txt,58064896,131072
380,380_adaptive_phase_change_run20,adaptive,phase_change,1271,1778307820.6386864,/big.txt,58195968,131072
380,380_adaptive_phase_change_run20,adaptive,phase_change,1272,1778307820.63999,/big.txt,58327040,131072
380,380_adaptive_phase_change_run20,adaptive,phase_change,1273,1778307820.6412745,/big.txt,58458112,131072
380,380_adaptive_phase_change_run20,adaptive,phase_change,1274,1778307820.642555,/big.txt,58589184,131072
380,380_adaptive_phase_change_run20,adaptive,phase_change,1275,1778307820.6438158,/big.txt,58720256,131072
380,380_adaptive_phase_change_run20,adaptive,phase_change,1276,1778307820.6450932,/big.txt,58851328,131072
380,380_adaptive_phase_change_run20,adaptive,phase_change,1277,1778307820.6463761,/big.txt,58982400,131072
380,380_adaptive_phase_change_run20,adaptive,phase_change,1278,1778307820.6476617,/big.txt,59113472,131072
380,380_adaptive_phase_change_run20,adaptive,phase_change,1279,1778307820.648937,/big.txt,59244544,131072
380,380_adaptive_phase_change_run20,adaptive,phase_change,1280,1778307820.650206,/big.txt,59375616,131072
380,380_adaptive_phase_change_run20,adaptive,phase_change,1281,1778307820.6515028,/big.txt,59506688,131072
380,380_adaptive_phase_change_run20,adaptive,phase_change,1282,1778307820.6527839,/big.txt,59637760,131072
380,380_adaptive_phase_change_run20,adaptive,phase_change,1283,1778307820.6540594,/big.txt,59768832,131072
380,380_adaptive_phase_change_run20,adaptive,phase_change,1284,1778307820.65534,/big.txt,59899904,131072
380,380_adaptive_phase_change_run20,adaptive,phase_change,1285,1778307820.656629,/big.txt,60030976,131072
380,380_adaptive_phase_change_run20,adaptive,phase_change,1286,1778307820.6579056,/big.txt,60162048,131072
380,380_adaptive_phase_change_run20,adaptive,phase_change,1287,1778307820.6591918,/big.txt,60293120,131072
380,380_adaptive_phase_change_run20,adaptive,phase_change,1288,1778307820.660498,/big.txt,60424192,131072
380,380_adaptive_phase_change_run20,adaptive,phase_change,1289,1778307820.6617782,/big.txt,60555264,131072
380,380_adaptive_phase_change_run20,adaptive,phase_change,1290,1778307820.6630607,/big.txt,60686336,131072
380,380_adaptive_phase_change_run20,adaptive,phase_change,1291,1778307820.6643386,/big.txt,60817408,131072
380,380_adaptive_phase_change_run20,adaptive,phase_change,1292,1778307820.665612,/big.txt,60948480,131072
380,380_adaptive_phase_change_run20,adaptive,phase_change,1293,1778307820.6670716,/big.txt,61079552,131072
380,380_adaptive_phase_change_run20,adaptive,phase_change,1294,1778307820.6683502,/big.txt,61210624,131072
380,380_adaptive_phase_change_run20,adaptive,phase_change,1295,1778307820.6696413,/big.txt,61341696,131072
380,380_adaptive_phase_change_run20,adaptive,phase_change,1296,1778307820.6709235,/big.txt,61472768,131072
380,380_adaptive_phase_change_run20,adaptive,phase_change,1297,1778307820.6722193,/big.txt,61603840,131072
380,380_adaptive_phase_change_run20,adaptive,phase_change,1298,1778307820.673499,/big.txt,61734912,131072
380,380_adaptive_phase_change_run20,adaptive,phase_change,1299,1778307820.6747823,/big.txt,61865984,131072
380,380_adaptive_phase_change_run20,adaptive,phase_change,1300,1778307820.6760707,/big.txt,61997056,131072
380,380_adaptive_phase_change_run20,adaptive,phase_change,1301,1778307820.6773438,/big.txt,62128128,131072
380,380_adaptive_phase_change_run20,adaptive,phase_change,1302,1778307820.6786191,/big.txt,62259200,131072
380,380_adaptive_phase_change_run20,adaptive,phase_change,1303,1778307820.6799142,/big.txt,62390272,131072
380,380_adaptive_phase_change_run20,adaptive,phase_change,1304,1778307820.6811955,/big.txt,62521344,131072
380,380_adaptive_phase_change_run20,adaptive,phase_change,1305,1778307820.6824825,/big.txt,62652416,131072
380,380_adaptive_phase_change_run20,adaptive,phase_change,1306,1778307820.6837409,/big.txt,62783488,131072
380,380_adaptive_phase_change_run20,adaptive,phase_change,1307,1778307820.685031,/big.txt,62914560,131072
380,380_adaptive_phase_change_run20,adaptive,phase_change,1308,1778307820.686312,/big.txt,63045632,131072
380,380_adaptive_phase_change_run20,adaptive,phase_change,1309,1778307820.6876385,/big.txt,63176704,131072
380,380_adaptive_phase_change_run20,adaptive,phase_change,1310,1778307820.6889913,/big.txt,63307776,131072
380,380_adaptive_phase_change_run20,adaptive,phase_change,1311,1778307820.69028,/big.txt,63438848,131072
380,380_adaptive_phase_change_run20,adaptive,phase_change,1312,1778307820.6916018,/big.txt,63569920,131072
380,380_adaptive_phase_change_run20,adaptive,phase_change,1313,1778307820.6929312,/big.txt,63700992,131072
380,380_adaptive_phase_change_run20,adaptive,phase_change,1314,1778307820.694214,/big.txt,63832064,131072
380,380_adaptive_phase_change_run20,adaptive,phase_change,1315,1778307820.6955333,/big.txt,63963136,131072
380,380_adaptive_phase_change_run20,adaptive,phase_change,1316,1778307820.6968238,/big.txt,64094208,131072
380,380_adaptive_phase_change_run20,adaptive,phase_change,1317,1778307820.6981041,/big.txt,64225280,131072
380,380_adaptive_phase_change_run20,adaptive,phase_change,1318,1778307820.699406,/big.txt,64356352,131072
380,380_adaptive_phase_change_run20,adaptive,phase_change,1319,1778307820.7007017,/big.txt,64487424,131072
380,380_adaptive_phase_change_run20,adaptive,phase_change,1320,1778307820.7019799,/big.txt,64618496,131072
380,380_adaptive_phase_change_run20,adaptive,phase_change,1321,1778307820.7032738,/big.txt,64749568,131072
380,380_adaptive_phase_change_run20,adaptive,phase_change,1322,1778307820.7045753,/big.txt,64880640,131072
380,380_adaptive_phase_change_run20,adaptive,phase_change,1323,1778307820.7058544,/big.txt,65011712,131072
380,380_adaptive_phase_change_run20,adaptive,phase_change,1324,1778307820.7071323,/big.txt,65142784,131072
380,380_adaptive_phase_change_run20,adaptive,phase_change,1325,1778307820.7084224,/big.txt,65273856,131072
380,380_adaptive_phase_change_run20,adaptive,phase_change,1326,1778307820.7097185,/big.txt,65404928,131072
380,380_adaptive_phase_change_run20,adaptive,phase_change,1327,1778307820.7109928,/big.txt,65536000,131072
380,380_adaptive_phase_change_run20,adaptive,phase_change,1328,1778307820.7122772,/big.txt,65667072,131072
380,380_adaptive_phase_change_run20,adaptive,phase_change,1329,1778307820.7135644,/big.txt,65798144,131072
380,380_adaptive_phase_change_run20,adaptive,phase_change,1330,1778307820.7150545,/big.txt,65929216,131072
380,380_adaptive_phase_change_run20,adaptive,phase_change,1331,1778307820.716344,/big.txt,66060288,131072
380,380_adaptive_phase_change_run20,adaptive,phase_change,1332,1778307820.717617,/big.txt,66191360,131072
380,380_adaptive_phase_change_run20,adaptive,phase_change,1333,1778307820.7189014,/big.txt,66322432,131072
380,380_adaptive_phase_change_run20,adaptive,phase_change,1334,1778307820.7201772,/big.txt,66453504,131072
380,380_adaptive_phase_change_run20,adaptive,phase_change,1335,1778307820.721452,/big.txt,66584576,131072
380,380_adaptive_phase_change_run20,adaptive,phase_change,1336,1778307820.7227132,/big.txt,66715648,131072
380,380_adaptive_phase_change_run20,adaptive,phase_change,1337,1778307820.724049,/big.txt,66846720,131072
380,380_adaptive_phase_change_run20,adaptive,phase_change,1338,1778307820.7253282,/big.txt,66977792,131072
380,380_adaptive_phase_change_run20,adaptive,phase_change,1339,1778307820.7265973,/big.txt,67108864,131072
380,380_adaptive_phase_change_run20,adaptive,phase_change,1340,1778307820.7278807,/big.txt,67239936,131072
380,380_adaptive_phase_change_run20,adaptive,phase_change,1341,1778307820.7291577,/big.txt,67371008,131072
380,380_adaptive_phase_change_run20,adaptive,phase_change,1342,1778307820.7304375,/big.txt,67502080,131072
380,380_adaptive_phase_change_run20,adaptive,phase_change,1343,1778307820.7317178,/big.txt,67633152,131072
380,380_adaptive_phase_change_run20,adaptive,phase_change,1344,1778307820.7330155,/big.txt,67764224,131072
380,380_adaptive_phase_change_run20,adaptive,phase_change,1345,1778307820.7342904,/big.txt,67895296,131072
380,380_adaptive_phase_change_run20,adaptive,phase_change,1346,1778307820.7355876,/big.txt,68026368,131072
380,380_adaptive_phase_change_run20,adaptive,phase_change,1347,1778307820.736927,/big.txt,68157440,131072
380,380_adaptive_phase_change_run20,adaptive,phase_change,1348,1778307820.7382138,/big.txt,68288512,131072
380,380_adaptive_phase_change_run20,adaptive,phase_change,1349,1778307820.7395077,/big.txt,68419584,131072
380,380_adaptive_phase_change_run20,adaptive,phase_change,1350,1778307820.7407906,/big.txt,68550656,131072
380,380_adaptive_phase_change_run20,adaptive,phase_change,1351,1778307820.7420712,/big.txt,68681728,131072
380,380_adaptive_phase_change_run20,adaptive,phase_change,1352,1778307820.7433558,/big.txt,68812800,131072
380,380_adaptive_phase_change_run20,adaptive,phase_change,1353,1778307820.7446542,/big.txt,68943872,131072
380,380_adaptive_phase_change_run20,adaptive,phase_change,1354,1778307820.7459335,/big.txt,69074944,131072
380,380_adaptive_phase_change_run20,adaptive,phase_change,1355,1778307820.7472315,/big.txt,69206016,131072
380,380_adaptive_phase_change_run20,adaptive,phase_change,1356,1778307820.7485216,/big.txt,69337088,131072
380,380_adaptive_phase_change_run20,adaptive,phase_change,1357,1778307820.7497919,/big.txt,69468160,131072
380,380_adaptive_phase_change_run20,adaptive,phase_change,1358,1778307820.7510698,/big.txt,69599232,131072
380,380_adaptive_phase_change_run20,adaptive,phase_change,1359,1778307820.752348,/big.txt,69730304,131072
380,380_adaptive_phase_change_run20,adaptive,phase_change,1360,1778307820.75363,/big.txt,69861376,131072
380,380_adaptive_phase_change_run20,adaptive,phase_change,1361,1778307820.7549138,/big.txt,69992448,131072
380,380_adaptive_phase_change_run20,adaptive,phase_change,1362,1778307820.7561884,/big.txt,70123520,131072
380,380_adaptive_phase_change_run20,adaptive,phase_change,1363,1778307820.7574863,/big.txt,70254592,131072
380,380_adaptive_phase_change_run20,adaptive,phase_change,1364,1778307820.758825,/big.txt,70385664,131072
380,380_adaptive_phase_change_run20,adaptive,phase_change,1365,1778307820.761405,/big.txt,70516736,131072
380,380_adaptive_phase_change_run20,adaptive,phase_change,1366,1778307820.7639449,/big.txt,70647808,131072
380,380_adaptive_phase_change_run20,adaptive,phase_change,1367,1778307820.7664418,/big.txt,70778880,131072
380,380_adaptive_phase_change_run20,adaptive,phase_change,1368,1778307820.7689419,/big.txt,70909952,131072
380,380_adaptive_phase_change_run20,adaptive,phase_change,1369,1778307820.7711,/big.txt,71041024,131072
380,380_adaptive_phase_change_run20,adaptive,phase_change,1370,1778307820.7723866,/big.txt,71172096,131072
380,380_adaptive_phase_change_run20,adaptive,phase_change,1371,1778307820.773675,/big.txt,71303168,131072
380,380_adaptive_phase_change_run20,adaptive,phase_change,1372,1778307820.7749598,/big.txt,71434240,131072
380,380_adaptive_phase_change_run20,adaptive,phase_change,1373,1778307820.7762458,/big.txt,71565312,131072
380,380_adaptive_phase_change_run20,adaptive,phase_change,1374,1778307820.7775233,/big.txt,71696384,131072
380,380_adaptive_phase_change_run20,adaptive,phase_change,1375,1778307820.7788143,/big.txt,71827456,131072
380,380_adaptive_phase_change_run20,adaptive,phase_change,1376,1778307820.7801058,/big.txt,71958528,131072
380,380_adaptive_phase_change_run20,adaptive,phase_change,1377,1778307820.7813826,/big.txt,72089600,131072
380,380_adaptive_phase_change_run20,adaptive,phase_change,1378,1778307820.7826595,/big.txt,72220672,131072
380,380_adaptive_phase_change_run20,adaptive,phase_change,1379,1778307820.7840016,/big.txt,72351744,131072
380,380_adaptive_phase_change_run20,adaptive,phase_change,1380,1778307820.7852938,/big.txt,72482816,131072
380,380_adaptive_phase_change_run20,adaptive,phase_change,1381,1778307820.7865734,/big.txt,72613888,131072
380,380_adaptive_phase_change_run20,adaptive,phase_change,1382,1778307820.787884,/big.txt,72744960,131072
380,380_adaptive_phase_change_run20,adaptive,phase_change,1383,1778307820.78916,/big.txt,72876032,131072
380,380_adaptive_phase_change_run20,adaptive,phase_change,1384,1778307820.7904468,/big.txt,73007104,131072
380,380_adaptive_phase_change_run20,adaptive,phase_change,1385,1778307820.7917182,/big.txt,73138176,131072
380,380_adaptive_phase_change_run20,adaptive,phase_change,1386,1778307820.792998,/big.txt,73269248,131072
380,380_adaptive_phase_change_run20,adaptive,phase_change,1387,1778307820.7942739,/big.txt,73400320,131072
380,380_adaptive_phase_change_run20,adaptive,phase_change,1388,1778307820.795576,/big.txt,73531392,131072
380,380_adaptive_phase_change_run20,adaptive,phase_change,1389,1778307820.7969034,/big.txt,73662464,131072
380,380_adaptive_phase_change_run20,adaptive,phase_change,1390,1778307820.7981877,/big.txt,73793536,131072
380,380_adaptive_phase_change_run20,adaptive,phase_change,1391,1778307820.7994835,/big.txt,73924608,131072
380,380_adaptive_phase_change_run20,adaptive,phase_change,1392,1778307820.8007689,/big.txt,74055680,131072
380,380_adaptive_phase_change_run20,adaptive,phase_change,1393,1778307820.8020525,/big.txt,74186752,131072
380,380_adaptive_phase_change_run20,adaptive,phase_change,1394,1778307820.8033414,/big.txt,74317824,131072
380,380_adaptive_phase_change_run20,adaptive,phase_change,1395,1778307820.8046415,/big.txt,74448896,131072
380,380_adaptive_phase_change_run20,adaptive,phase_change,1396,1778307820.8059163,/big.txt,74579968,131072
380,380_adaptive_phase_change_run20,adaptive,phase_change,1397,1778307820.807201,/big.txt,74711040,131072
380,380_adaptive_phase_change_run20,adaptive,phase_change,1398,1778307820.8084853,/big.txt,74842112,131072
380,380_adaptive_phase_change_run20,adaptive,phase_change,1399,1778307820.8097827,/big.txt,74973184,131072
380,380_adaptive_phase_change_run20,adaptive,phase_change,1400,1778307820.8110647,/big.txt,75104256,131072
380,380_adaptive_phase_change_run20,adaptive,phase_change,1401,1778307820.812341,/big.txt,75235328,131072
380,380_adaptive_phase_change_run20,adaptive,phase_change,1402,1778307820.8136117,/big.txt,75366400,131072
380,380_adaptive_phase_change_run20,adaptive,phase_change,1403,1778307820.814965,/big.txt,75497472,131072
380,380_adaptive_phase_change_run20,adaptive,phase_change,1404,1778307820.8162444,/big.txt,75628544,131072
380,380_adaptive_phase_change_run20,adaptive,phase_change,1405,1778307820.8175068,/big.txt,75759616,131072
380,380_adaptive_phase_change_run20,adaptive,phase_change,1406,1778307820.8187907,/big.txt,75890688,131072
380,380_adaptive_phase_change_run20,adaptive,phase_change,1407,1778307820.8200812,/big.txt,76021760,131072
380,380_adaptive_phase_change_run20,adaptive,phase_change,1408,1778307820.8213577,/big.txt,76152832,131072
380,380_adaptive_phase_change_run20,adaptive,phase_change,1409,1778307820.8226397,/big.txt,76283904,131072
380,380_adaptive_phase_change_run20,adaptive,phase_change,1410,1778307820.823926,/big.txt,76414976,131072
380,380_adaptive_phase_change_run20,adaptive,phase_change,1411,1778307820.8252058,/big.txt,76546048,131072
380,380_adaptive_phase_change_run20,adaptive,phase_change,1412,1778307820.8264782,/big.txt,76677120,131072
380,380_adaptive_phase_change_run20,adaptive,phase_change,1413,1778307820.8277316,/big.txt,76808192,131072
380,380_adaptive_phase_change_run20,adaptive,phase_change,1414,1778307820.8290284,/big.txt,76939264,131072
380,380_adaptive_phase_change_run20,adaptive,phase_change,1415,1778307820.8303099,/big.txt,77070336,131072
380,380_adaptive_phase_change_run20,adaptive,phase_change,1416,1778307820.8316185,/big.txt,77201408,131072
380,380_adaptive_phase_change_run20,adaptive,phase_change,1417,1778307820.8329613,/big.txt,77332480,131072
380,380_adaptive_phase_change_run20,adaptive,phase_change,1418,1778307820.8342383,/big.txt,77463552,131072
380,380_adaptive_phase_change_run20,adaptive,phase_change,1419,1778307820.8355675,/big.txt,77594624,131072
380,380_adaptive_phase_change_run20,adaptive,phase_change,1420,1778307820.8368738,/big.txt,77725696,131072
380,380_adaptive_phase_change_run20,adaptive,phase_change,1421,1778307820.8381557,/big.txt,77856768,131072
380,380_adaptive_phase_change_run20,adaptive,phase_change,1422,1778307820.8394408,/big.txt,77987840,131072
380,380_adaptive_phase_change_run20,adaptive,phase_change,1423,1778307820.8407185,/big.txt,78118912,131072
380,380_adaptive_phase_change_run20,adaptive,phase_change,1424,1778307820.8419905,/big.txt,78249984,131072
380,380_adaptive_phase_change_run20,adaptive,phase_change,1425,1778307820.8432913,/big.txt,78381056,131072
380,380_adaptive_phase_change_run20,adaptive,phase_change,1426,1778307820.8445737,/big.txt,78512128,131072
380,380_adaptive_phase_change_run20,adaptive,phase_change,1427,1778307820.845851,/big.txt,78643200,131072
380,380_adaptive_phase_change_run20,adaptive,phase_change,1428,1778307820.8471284,/big.txt,78774272,131072
380,380_adaptive_phase_change_run20,adaptive,phase_change,1429,1778307820.8484163,/big.txt,78905344,131072
380,380_adaptive_phase_change_run20,adaptive,phase_change,1430,1778307820.8496943,/big.txt,79036416,131072
380,380_adaptive_phase_change_run20,adaptive,phase_change,1431,1778307820.8509727,/big.txt,79167488,131072
380,380_adaptive_phase_change_run20,adaptive,phase_change,1432,1778307820.8522563,/big.txt,79298560,131072
380,380_adaptive_phase_change_run20,adaptive,phase_change,1433,1778307820.853528,/big.txt,79429632,131072
380,380_adaptive_phase_change_run20,adaptive,phase_change,1434,1778307820.854983,/big.txt,79560704,131072
380,380_adaptive_phase_change_run20,adaptive,phase_change,1435,1778307820.8562727,/big.txt,79691776,131072
380,380_adaptive_phase_change_run20,adaptive,phase_change,1436,1778307820.8575547,/big.txt,79822848,131072
380,380_adaptive_phase_change_run20,adaptive,phase_change,1437,1778307820.8588414,/big.txt,79953920,131072
380,380_adaptive_phase_change_run20,adaptive,phase_change,1438,1778307820.8601434,/big.txt,80084992,131072
380,380_adaptive_phase_change_run20,adaptive,phase_change,1439,1778307820.861426,/big.txt,80216064,131072
380,380_adaptive_phase_change_run20,adaptive,phase_change,1440,1778307820.862706,/big.txt,80347136,131072
380,380_adaptive_phase_change_run20,adaptive,phase_change,1441,1778307820.8639836,/big.txt,80478208,131072
380,380_adaptive_phase_change_run20,adaptive,phase_change,1442,1778307820.865271,/big.txt,80609280,131072
380,380_adaptive_phase_change_run20,adaptive,phase_change,1443,1778307820.866548,/big.txt,80740352,131072
380,380_adaptive_phase_change_run20,adaptive,phase_change,1444,1778307820.8678052,/big.txt,80871424,131072
380,380_adaptive_phase_change_run20,adaptive,phase_change,1445,1778307820.8690872,/big.txt,81002496,131072
380,380_adaptive_phase_change_run20,adaptive,phase_change,1446,1778307820.8703759,/big.txt,81133568,131072
380,380_adaptive_phase_change_run20,adaptive,phase_change,1447,1778307820.8716693,/big.txt,81264640,131072
380,380_adaptive_phase_change_run20,adaptive,phase_change,1448,1778307820.8729572,/big.txt,81395712,131072
380,380_adaptive_phase_change_run20,adaptive,phase_change,1449,1778307820.874245,/big.txt,81526784,131072
380,380_adaptive_phase_change_run20,adaptive,phase_change,1450,1778307820.8755376,/big.txt,81657856,131072
380,380_adaptive_phase_change_run20,adaptive,phase_change,1451,1778307820.8768237,/big.txt,81788928,131072
380,380_adaptive_phase_change_run20,adaptive,phase_change,1452,1778307820.8780997,/big.txt,81920000,131072
380,380_adaptive_phase_change_run20,adaptive,phase_change,1453,1778307820.8793852,/big.txt,82051072,131072
380,380_adaptive_phase_change_run20,adaptive,phase_change,1454,1778307820.8806636,/big.txt,82182144,131072
380,380_adaptive_phase_change_run20,adaptive,phase_change,1455,1778307820.8819401,/big.txt,82313216,131072
380,380_adaptive_phase_change_run20,adaptive,phase_change,1456,1778307820.8832116,/big.txt,82444288,131072
380,380_adaptive_phase_change_run20,adaptive,phase_change,1457,1778307820.8844864,/big.txt,82575360,131072
380,380_adaptive_phase_change_run20,adaptive,phase_change,1458,1778307820.8857782,/big.txt,82706432,131072
380,380_adaptive_phase_change_run20,adaptive,phase_change,1459,1778307820.8870487,/big.txt,82837504,131072
380,380_adaptive_phase_change_run20,adaptive,phase_change,1460,1778307820.8883307,/big.txt,82968576,131072
380,380_adaptive_phase_change_run20,adaptive,phase_change,1461,1778307820.8896074,/big.txt,83099648,131072
380,380_adaptive_phase_change_run20,adaptive,phase_change,1462,1778307820.8910341,/big.txt,83230720,131072
380,380_adaptive_phase_change_run20,adaptive,phase_change,1463,1778307820.892319,/big.txt,83361792,131072
380,380_adaptive_phase_change_run20,adaptive,phase_change,1464,1778307820.8936183,/big.txt,83492864,131072
380,380_adaptive_phase_change_run20,adaptive,phase_change,1465,1778307820.8949018,/big.txt,83623936,131072
380,380_adaptive_phase_change_run20,adaptive,phase_change,1466,1778307820.896194,/big.txt,83755008,131072
380,380_adaptive_phase_change_run20,adaptive,phase_change,1467,1778307820.8974679,/big.txt,83886080,131072
380,380_adaptive_phase_change_run20,adaptive,phase_change,1468,1778307820.8987496,/big.txt,84017152,131072
380,380_adaptive_phase_change_run20,adaptive,phase_change,1469,1778307820.9000332,/big.txt,84148224,131072
380,380_adaptive_phase_change_run20,adaptive,phase_change,1470,1778307820.901306,/big.txt,84279296,131072
380,380_adaptive_phase_change_run20,adaptive,phase_change,1471,1778307820.9025795,/big.txt,84410368,131072
380,380_adaptive_phase_change_run20,adaptive,phase_change,1472,1778307820.9039352,/big.txt,84541440,131072
380,380_adaptive_phase_change_run20,adaptive,phase_change,1473,1778307820.9052107,/big.txt,84672512,131072
380,380_adaptive_phase_change_run20,adaptive,phase_change,1474,1778307820.9064863,/big.txt,84803584,131072
380,380_adaptive_phase_change_run20,adaptive,phase_change,1475,1778307820.9077392,/big.txt,84934656,131072
380,380_adaptive_phase_change_run20,adaptive,phase_change,1476,1778307820.909024,/big.txt,85065728,131072
380,380_adaptive_phase_change_run20,adaptive,phase_change,1477,1778307820.9103045,/big.txt,85196800,131072
380,380_adaptive_phase_change_run20,adaptive,phase_change,1478,1778307820.9116106,/big.txt,85327872,131072
380,380_adaptive_phase_change_run20,adaptive,phase_change,1479,1778307820.9129543,/big.txt,85458944,131072
380,380_adaptive_phase_change_run20,adaptive,phase_change,1480,1778307820.914239,/big.txt,85590016,131072
380,380_adaptive_phase_change_run20,adaptive,phase_change,1481,1778307820.9155607,/big.txt,85721088,131072
380,380_adaptive_phase_change_run20,adaptive,phase_change,1482,1778307820.916847,/big.txt,85852160,131072
380,380_adaptive_phase_change_run20,adaptive,phase_change,1483,1778307820.9181356,/big.txt,85983232,131072
380,380_adaptive_phase_change_run20,adaptive,phase_change,1484,1778307820.9194152,/big.txt,86114304,131072
380,380_adaptive_phase_change_run20,adaptive,phase_change,1485,1778307820.9207036,/big.txt,86245376,131072
380,380_adaptive_phase_change_run20,adaptive,phase_change,1486,1778307820.9219835,/big.txt,86376448,131072
380,380_adaptive_phase_change_run20,adaptive,phase_change,1487,1778307820.9232779,/big.txt,86507520,131072
380,380_adaptive_phase_change_run20,adaptive,phase_change,1488,1778307820.9245703,/big.txt,86638592,131072
380,380_adaptive_phase_change_run20,adaptive,phase_change,1489,1778307820.9258432,/big.txt,86769664,131072
380,380_adaptive_phase_change_run20,adaptive,phase_change,1490,1778307820.9272141,/big.txt,86900736,131072
380,380_adaptive_phase_change_run20,adaptive,phase_change,1491,1778307820.928509,/big.txt,87031808,131072
380,380_adaptive_phase_change_run20,adaptive,phase_change,1492,1778307820.9297876,/big.txt,87162880,131072
380,380_adaptive_phase_change_run20,adaptive,phase_change,1493,1778307820.9310656,/big.txt,87293952,131072
380,380_adaptive_phase_change_run20,adaptive,phase_change,1494,1778307820.9323525,/big.txt,87425024,131072
380,380_adaptive_phase_change_run20,adaptive,phase_change,1495,1778307820.933628,/big.txt,87556096,131072
380,380_adaptive_phase_change_run20,adaptive,phase_change,1496,1778307820.9349682,/big.txt,87687168,131072
380,380_adaptive_phase_change_run20,adaptive,phase_change,1497,1778307820.9362557,/big.txt,87818240,131072
380,380_adaptive_phase_change_run20,adaptive,phase_change,1498,1778307820.9375415,/big.txt,87949312,131072
380,380_adaptive_phase_change_run20,adaptive,phase_change,1499,1778307820.9388266,/big.txt,88080384,131072
380,380_adaptive_phase_change_run20,adaptive,phase_change,1500,1778307820.9401226,/big.txt,88211456,131072
380,380_adaptive_phase_change_run20,adaptive,phase_change,1501,1778307820.9414003,/big.txt,88342528,131072
380,380_adaptive_phase_change_run20,adaptive,phase_change,1502,1778307820.94269,/big.txt,88473600,131072
380,380_adaptive_phase_change_run20,adaptive,phase_change,1503,1778307820.9439814,/big.txt,88604672,131072
380,380_adaptive_phase_change_run20,adaptive,phase_change,1504,1778307820.945266,/big.txt,88735744,131072
380,380_adaptive_phase_change_run20,adaptive,phase_change,1505,1778307820.9465437,/big.txt,88866816,131072
380,380_adaptive_phase_change_run20,adaptive,phase_change,1506,1778307820.9477994,/big.txt,88997888,131072
380,380_adaptive_phase_change_run20,adaptive,phase_change,1507,1778307820.9490821,/big.txt,89128960,131072
380,380_adaptive_phase_change_run20,adaptive,phase_change,1508,1778307820.9503558,/big.txt,89260032,131072
380,380_adaptive_phase_change_run20,adaptive,phase_change,1509,1778307820.9516528,/big.txt,89391104,131072
380,380_adaptive_phase_change_run20,adaptive,phase_change,1510,1778307820.9529855,/big.txt,89522176,131072
380,380_adaptive_phase_change_run20,adaptive,phase_change,1511,1778307820.9542751,/big.txt,89653248,131072
380,380_adaptive_phase_change_run20,adaptive,phase_change,1512,1778307820.955574,/big.txt,89784320,131072
380,380_adaptive_phase_change_run20,adaptive,phase_change,1513,1778307820.9569201,/big.txt,89915392,131072
380,380_adaptive_phase_change_run20,adaptive,phase_change,1514,1778307820.958215,/big.txt,90046464,131072
380,380_adaptive_phase_change_run20,adaptive,phase_change,1515,1778307820.959524,/big.txt,90177536,131072
380,380_adaptive_phase_change_run20,adaptive,phase_change,1516,1778307820.960805,/big.txt,90308608,131072
380,380_adaptive_phase_change_run20,adaptive,phase_change,1517,1778307820.9620905,/big.txt,90439680,131072
380,380_adaptive_phase_change_run20,adaptive,phase_change,1518,1778307820.9633808,/big.txt,90570752,131072
380,380_adaptive_phase_change_run20,adaptive,phase_change,1519,1778307820.9646623,/big.txt,90701824,131072
380,380_adaptive_phase_change_run20,adaptive,phase_change,1520,1778307820.9659324,/big.txt,90832896,131072
380,380_adaptive_phase_change_run20,adaptive,phase_change,1521,1778307820.9684958,/big.txt,90963968,131072
380,380_adaptive_phase_change_run20,adaptive,phase_change,1522,1778307820.971017,/big.txt,91095040,131072
380,380_adaptive_phase_change_run20,adaptive,phase_change,1523,1778307820.9735374,/big.txt,91226112,131072
380,380_adaptive_phase_change_run20,adaptive,phase_change,1524,1778307820.9760904,/big.txt,91357184,131072
380,380_adaptive_phase_change_run20,adaptive,phase_change,1525,1778307820.9785948,/big.txt,91488256,131072
380,380_adaptive_phase_change_run20,adaptive,phase_change,1526,1778307820.979912,/big.txt,91619328,131072
380,380_adaptive_phase_change_run20,adaptive,phase_change,1527,1778307820.9811902,/big.txt,91750400,131072
380,380_adaptive_phase_change_run20,adaptive,phase_change,1528,1778307820.982465,/big.txt,91881472,131072
380,380_adaptive_phase_change_run20,adaptive,phase_change,1529,1778307820.983712,/big.txt,92012544,131072
380,380_adaptive_phase_change_run20,adaptive,phase_change,1530,1778307820.9849894,/big.txt,92143616,131072
380,380_adaptive_phase_change_run20,adaptive,phase_change,1531,1778307820.9862707,/big.txt,92274688,131072
380,380_adaptive_phase_change_run20,adaptive,phase_change,1532,1778307820.987563,/big.txt,92405760,131072
380,380_adaptive_phase_change_run20,adaptive,phase_change,1533,1778307820.9888792,/big.txt,92536832,131072
380,380_adaptive_phase_change_run20,adaptive,phase_change,1534,1778307820.9901712,/big.txt,92667904,131072
380,380_adaptive_phase_change_run20,adaptive,phase_change,1535,1778307820.991459,/big.txt,92798976,131072
380,380_adaptive_phase_change_run20,adaptive,phase_change,1536,1778307820.9927373,/big.txt,92930048,131072
380,380_adaptive_phase_change_run20,adaptive,phase_change,1537,1778307820.9940176,/big.txt,93061120,131072
380,380_adaptive_phase_change_run20,adaptive,phase_change,1538,1778307820.9953115,/big.txt,93192192,131072
380,380_adaptive_phase_change_run20,adaptive,phase_change,1539,1778307820.9965894,/big.txt,93323264,131072
380,380_adaptive_phase_change_run20,adaptive,phase_change,1540,1778307820.9978683,/big.txt,93454336,131072
380,380_adaptive_phase_change_run20,adaptive,phase_change,1541,1778307820.9991498,/big.txt,93585408,131072
380,380_adaptive_phase_change_run20,adaptive,phase_change,1542,1778307821.0004475,/big.txt,93716480,131072
380,380_adaptive_phase_change_run20,adaptive,phase_change,1543,1778307821.0017276,/big.txt,93847552,131072
380,380_adaptive_phase_change_run20,adaptive,phase_change,1544,1778307821.00301,/big.txt,93978624,131072
380,380_adaptive_phase_change_run20,adaptive,phase_change,1545,1778307821.0043051,/big.txt,94109696,131072
380,380_adaptive_phase_change_run20,adaptive,phase_change,1546,1778307821.0055957,/big.txt,94240768,131072
380,380_adaptive_phase_change_run20,adaptive,phase_change,1547,1778307821.0068889,/big.txt,94371840,131072
380,380_adaptive_phase_change_run20,adaptive,phase_change,1548,1778307821.0081713,/big.txt,94502912,131072
380,380_adaptive_phase_change_run20,adaptive,phase_change,1549,1778307821.0094457,/big.txt,94633984,131072
380,380_adaptive_phase_change_run20,adaptive,phase_change,1550,1778307821.0107315,/big.txt,94765056,131072
380,380_adaptive_phase_change_run20,adaptive,phase_change,1551,1778307821.0121505,/big.txt,94896128,131072
380,380_adaptive_phase_change_run20,adaptive,phase_change,1552,1778307821.0134244,/big.txt,95027200,131072
380,380_adaptive_phase_change_run20,adaptive,phase_change,1553,1778307821.014707,/big.txt,95158272,131072
380,380_adaptive_phase_change_run20,adaptive,phase_change,1554,1778307821.0159924,/big.txt,95289344,131072
380,380_adaptive_phase_change_run20,adaptive,phase_change,1555,1778307821.0172784,/big.txt,95420416,131072
380,380_adaptive_phase_change_run20,adaptive,phase_change,1556,1778307821.018559,/big.txt,95551488,131072
380,380_adaptive_phase_change_run20,adaptive,phase_change,1557,1778307821.019808,/big.txt,95682560,131072
380,380_adaptive_phase_change_run20,adaptive,phase_change,1558,1778307821.0210972,/big.txt,95813632,131072
380,380_adaptive_phase_change_run20,adaptive,phase_change,1559,1778307821.0223873,/big.txt,95944704,131072
380,380_adaptive_phase_change_run20,adaptive,phase_change,1560,1778307821.023662,/big.txt,96075776,131072
380,380_adaptive_phase_change_run20,adaptive,phase_change,1561,1778307821.0249574,/big.txt,96206848,131072
380,380_adaptive_phase_change_run20,adaptive,phase_change,1562,1778307821.0262287,/big.txt,96337920,131072
380,380_adaptive_phase_change_run20,adaptive,phase_change,1563,1778307821.0275247,/big.txt,96468992,131072
380,380_adaptive_phase_change_run20,adaptive,phase_change,1564,1778307821.0288036,/big.txt,96600064,131072
380,380_adaptive_phase_change_run20,adaptive,phase_change,1565,1778307821.0300834,/big.txt,96731136,131072
380,380_adaptive_phase_change_run20,adaptive,phase_change,1566,1778307821.0313554,/big.txt,96862208,131072
380,380_adaptive_phase_change_run20,adaptive,phase_change,1567,1778307821.0326407,/big.txt,96993280,131072
380,380_adaptive_phase_change_run20,adaptive,phase_change,1568,1778307821.0339193,/big.txt,97124352,131072
380,380_adaptive_phase_change_run20,adaptive,phase_change,1569,1778307821.0352247,/big.txt,97255424,131072
380,380_adaptive_phase_change_run20,adaptive,phase_change,1570,1778307821.0365102,/big.txt,97386496,131072
380,380_adaptive_phase_change_run20,adaptive,phase_change,1571,1778307821.0377843,/big.txt,97517568,131072
380,380_adaptive_phase_change_run20,adaptive,phase_change,1572,1778307821.0390747,/big.txt,97648640,131072
380,380_adaptive_phase_change_run20,adaptive,phase_change,1573,1778307821.0403688,/big.txt,97779712,131072
380,380_adaptive_phase_change_run20,adaptive,phase_change,1574,1778307821.0416539,/big.txt,97910784,131072
380,380_adaptive_phase_change_run20,adaptive,phase_change,1575,1778307821.0429597,/big.txt,98041856,131072
380,380_adaptive_phase_change_run20,adaptive,phase_change,1576,1778307821.0442486,/big.txt,98172928,131072
380,380_adaptive_phase_change_run20,adaptive,phase_change,1577,1778307821.045531,/big.txt,98304000,131072
380,380_adaptive_phase_change_run20,adaptive,phase_change,1578,1778307821.046957,/big.txt,98435072,131072
380,380_adaptive_phase_change_run20,adaptive,phase_change,1579,1778307821.048259,/big.txt,98566144,131072
380,380_adaptive_phase_change_run20,adaptive,phase_change,1580,1778307821.04954,/big.txt,98697216,131072
380,380_adaptive_phase_change_run20,adaptive,phase_change,1581,1778307821.050823,/big.txt,98828288,131072
380,380_adaptive_phase_change_run20,adaptive,phase_change,1582,1778307821.0521166,/big.txt,98959360,131072
380,380_adaptive_phase_change_run20,adaptive,phase_change,1583,1778307821.053403,/big.txt,99090432,131072
380,380_adaptive_phase_change_run20,adaptive,phase_change,1584,1778307821.0546813,/big.txt,99221504,131072
380,380_adaptive_phase_change_run20,adaptive,phase_change,1585,1778307821.055975,/big.txt,99352576,131072
380,380_adaptive_phase_change_run20,adaptive,phase_change,1586,1778307821.05726,/big.txt,99483648,131072
380,380_adaptive_phase_change_run20,adaptive,phase_change,1587,1778307821.058538,/big.txt,99614720,131072
380,380_adaptive_phase_change_run20,adaptive,phase_change,1588,1778307821.0598195,/big.txt,99745792,131072
380,380_adaptive_phase_change_run20,adaptive,phase_change,1589,1778307821.0611181,/big.txt,99876864,131072
380,380_adaptive_phase_change_run20,adaptive,phase_change,1590,1778307821.0624006,/big.txt,100007936,131072
380,380_adaptive_phase_change_run20,adaptive,phase_change,1591,1778307821.063685,/big.txt,100139008,131072
380,380_adaptive_phase_change_run20,adaptive,phase_change,1592,1778307821.0649712,/big.txt,100270080,131072
380,380_adaptive_phase_change_run20,adaptive,phase_change,1593,1778307821.0662415,/big.txt,100401152,131072
380,380_adaptive_phase_change_run20,adaptive,phase_change,1594,1778307821.067552,/big.txt,100532224,131072
380,380_adaptive_phase_change_run20,adaptive,phase_change,1595,1778307821.068845,/big.txt,100663296,131072
380,380_adaptive_phase_change_run20,adaptive,phase_change,1596,1778307821.0701349,/big.txt,100794368,131072
380,380_adaptive_phase_change_run20,adaptive,phase_change,1597,1778307821.0714242,/big.txt,100925440,131072
380,380_adaptive_phase_change_run20,adaptive,phase_change,1598,1778307821.0727096,/big.txt,101056512,131072
380,380_adaptive_phase_change_run20,adaptive,phase_change,1599,1778307821.0739956,/big.txt,101187584,131072
380,380_adaptive_phase_change_run20,adaptive,phase_change,1600,1778307821.07528,/big.txt,101318656,131072
380,380_adaptive_phase_change_run20,adaptive,phase_change,1601,1778307821.076566,/big.txt,101449728,131072
380,380_adaptive_phase_change_run20,adaptive,phase_change,1602,1778307821.077859,/big.txt,101580800,131072
380,380_adaptive_phase_change_run20,adaptive,phase_change,1603,1778307821.0791295,/big.txt,101711872,131072
380,380_adaptive_phase_change_run20,adaptive,phase_change,1604,1778307821.0804071,/big.txt,101842944,131072
380,380_adaptive_phase_change_run20,adaptive,phase_change,1605,1778307821.0816848,/big.txt,101974016,131072
380,380_adaptive_phase_change_run20,adaptive,phase_change,1606,1778307821.0833793,/big.txt,102105088,131072
380,380_adaptive_phase_change_run20,adaptive,phase_change,1607,1778307821.0859003,/big.txt,102236160,131072
380,380_adaptive_phase_change_run20,adaptive,phase_change,1608,1778307821.088411,/big.txt,102367232,131072
380,380_adaptive_phase_change_run20,adaptive,phase_change,1609,1778307821.090954,/big.txt,102498304,131072
380,380_adaptive_phase_change_run20,adaptive,phase_change,1610,1778307821.0934813,/big.txt,102629376,131072
380,380_adaptive_phase_change_run20,adaptive,phase_change,1611,1778307821.0952067,/big.txt,102760448,131072
380,380_adaptive_phase_change_run20,adaptive,phase_change,1612,1778307821.0964947,/big.txt,102891520,131072
380,380_adaptive_phase_change_run20,adaptive,phase_change,1613,1778307821.09778,/big.txt,103022592,131072
380,380_adaptive_phase_change_run20,adaptive,phase_change,1614,1778307821.0990632,/big.txt,103153664,131072
380,380_adaptive_phase_change_run20,adaptive,phase_change,1615,1778307821.1003528,/big.txt,103284736,131072
380,380_adaptive_phase_change_run20,adaptive,phase_change,1616,1778307821.1016247,/big.txt,103415808,131072
380,380_adaptive_phase_change_run20,adaptive,phase_change,1617,1778307821.1029038,/big.txt,103546880,131072
380,380_adaptive_phase_change_run20,adaptive,phase_change,1618,1778307821.104193,/big.txt,103677952,131072
380,380_adaptive_phase_change_run20,adaptive,phase_change,1619,1778307821.105472,/big.txt,103809024,131072
380,380_adaptive_phase_change_run20,adaptive,phase_change,1620,1778307821.1067464,/big.txt,103940096,131072
380,380_adaptive_phase_change_run20,adaptive,phase_change,1621,1778307821.1080432,/big.txt,104071168,131072
380,380_adaptive_phase_change_run20,adaptive,phase_change,1622,1778307821.109332,/big.txt,104202240,131072
380,380_adaptive_phase_change_run20,adaptive,phase_change,1623,1778307821.1106179,/big.txt,104333312,131072
380,380_adaptive_phase_change_run20,adaptive,phase_change,1624,1778307821.1119213,/big.txt,104464384,131072
380,380_adaptive_phase_change_run20,adaptive,phase_change,1625,1778307821.1131926,/big.txt,104595456,131072
380,380_adaptive_phase_change_run20,adaptive,phase_change,1626,1778307821.114483,/big.txt,104726528,131072
380,380_adaptive_phase_change_run20,adaptive,phase_change,1627,1778307821.114629,/big.txt,104857600,0
