run_index,run_label,mode,workload,timestamp,path,offset,size,phase,confidence,decay_rate,seek_delta,prefetch,prefetch_offset,prefetch_size,prefetch_depth,cache_hit,false_negative
165,165_baseline_sequential_run05,baseline,sequential,1778306879.420649,/big.txt,0,131072,unknown,0.0000,0.0000,0,1,131072,4096,1,1,0
165,165_baseline_sequential_run05,baseline,sequential,1778306879.4240665,/big.txt,131072,131072,sequential,1.0000,0.0000,0,1,262144,4096,1,1,0
165,165_baseline_sequential_run05,baseline,sequential,1778306879.4272494,/big.txt,262144,131072,sequential,1.0000,0.0000,0,1,393216,4096,1,1,0
165,165_baseline_sequential_run05,baseline,sequential,1778306879.4304545,/big.txt,393216,131072,sequential,1.0000,0.0000,0,1,524288,4096,1,1,0
165,165_baseline_sequential_run05,baseline,sequential,1778306879.433613,/big.txt,524288,131072,sequential,1.0000,0.0000,0,1,655360,4096,1,1,0
165,165_baseline_sequential_run05,baseline,sequential,1778306879.4369504,/big.txt,655360,131072,sequential,1.0000,0.0000,0,1,786432,4096,1,1,0
165,165_baseline_sequential_run05,baseline,sequential,1778306879.440032,/big.txt,786432,131072,sequential,1.0000,0.0000,0,1,917504,4096,1,1,0
165,165_baseline_sequential_run05,baseline,sequential,1778306879.4431264,/big.txt,917504,131072,sequential,1.0000,0.0000,0,1,1048576,4096,1,1,0
165,165_baseline_sequential_run05,baseline,sequential,1778306879.4461808,/big.txt,1048576,131072,sequential,1.0000,0.0000,0,1,1179648,4096,1,1,0
165,165_baseline_sequential_run05,baseline,sequential,1778306879.4491892,/big.txt,1179648,131072,sequential,1.0000,0.0000,0,1,1310720,4096,1,1,0
165,165_baseline_sequential_run05,baseline,sequential,1778306879.4522166,/big.txt,1310720,131072,sequential,1.0000,0.0000,0,1,1441792,4096,1,1,0
165,165_baseline_sequential_run05,baseline,sequential,1778306879.4552848,/big.txt,1441792,131072,sequential,1.0000,0.0000,0,1,1572864,4096,1,1,0
165,165_baseline_sequential_run05,baseline,sequential,1778306879.4582698,/big.txt,1572864,131072,sequential,1.0000,0.0000,0,1,1703936,4096,1,1,0
165,165_baseline_sequential_run05,baseline,sequential,1778306879.461235,/big.txt,1703936,131072,sequential,1.0000,0.0000,0,1,1835008,4096,1,1,0
165,165_baseline_sequential_run05,baseline,sequential,1778306879.4642518,/big.txt,1835008,131072,sequential,1.0000,0.0000,0,1,1966080,4096,1,1,0
165,165_baseline_sequential_run05,baseline,sequential,1778306879.4673471,/big.txt,1966080,131072,sequential,1.0000,0.0000,0,1,2097152,4096,1,1,0
165,165_baseline_sequential_run05,baseline,sequential,1778306879.4703748,/big.txt,2097152,131072,sequential,1.0000,0.0000,0,1,2228224,4096,1,1,0
165,165_baseline_sequential_run05,baseline,sequential,1778306879.4733684,/big.txt,2228224,131072,sequential,1.0000,0.0000,0,1,2359296,4096,1,1,0
165,165_baseline_sequential_run05,baseline,sequential,1778306879.476408,/big.txt,2359296,131072,sequential,1.0000,0.0000,0,1,2490368,4096,1,1,0
165,165_baseline_sequential_run05,baseline,sequential,1778306879.4795742,/big.txt,2490368,131072,sequential,1.0000,0.0000,0,1,2621440,4096,1,1,0
165,165_baseline_sequential_run05,baseline,sequential,1778306879.4825802,/big.txt,2621440,131072,sequential,1.0000,0.0000,0,1,2752512,4096,1,1,0
165,165_baseline_sequential_run05,baseline,sequential,1778306879.4856346,/big.txt,2752512,131072,sequential,1.0000,0.0000,0,1,2883584,4096,1,1,0
165,165_baseline_sequential_run05,baseline,sequential,1778306879.4886663,/big.txt,2883584,131072,sequential,1.0000,0.0000,0,1,3014656,4096,1,1,0
165,165_baseline_sequential_run05,baseline,sequential,1778306879.4917033,/big.txt,3014656,131072,sequential,1.0000,0.0000,0,1,3145728,4096,1,1,0
165,165_baseline_sequential_run05,baseline,sequential,1778306879.494738,/big.txt,3145728,131072,sequential,1.0000,0.0000,0,1,3276800,4096,1,1,0
165,165_baseline_sequential_run05,baseline,sequential,1778306879.4976091,/big.txt,3276800,131072,sequential,1.0000,0.0000,0,1,3407872,4096,1,1,0
165,165_baseline_sequential_run05,baseline,sequential,1778306879.50047,/big.txt,3407872,131072,sequential,1.0000,0.0000,0,1,3538944,4096,1,1,0
165,165_baseline_sequential_run05,baseline,sequential,1778306879.5033145,/big.txt,3538944,131072,sequential,1.0000,0.0000,0,1,3670016,4096,1,1,0
165,165_baseline_sequential_run05,baseline,sequential,1778306879.5061433,/big.txt,3670016,131072,sequential,1.0000,0.0000,0,1,3801088,4096,1,1,0
165,165_baseline_sequential_run05,baseline,sequential,1778306879.5090048,/big.txt,3801088,131072,sequential,1.0000,0.0000,0,1,3932160,4096,1,1,0
165,165_baseline_sequential_run05,baseline,sequential,1778306879.5117233,/big.txt,3932160,131072,sequential,1.0000,0.0000,0,1,4063232,4096,1,1,0
165,165_baseline_sequential_run05,baseline,sequential,1778306879.5143802,/big.txt,4063232,131072,sequential,1.0000,0.0000,0,1,4194304,4096,1,1,0
165,165_baseline_sequential_run05,baseline,sequential,1778306879.5170827,/big.txt,4194304,131072,sequential,1.0000,0.0000,0,1,4325376,4096,1,1,0
165,165_baseline_sequential_run05,baseline,sequential,1778306879.519751,/big.txt,4325376,131072,sequential,1.0000,0.0000,0,1,4456448,4096,1,1,0
165,165_baseline_sequential_run05,baseline,sequential,1778306879.5224285,/big.txt,4456448,131072,sequential,1.0000,0.0000,0,1,4587520,4096,1,1,0
165,165_baseline_sequential_run05,baseline,sequential,1778306879.5250452,/big.txt,4587520,131072,sequential,1.0000,0.0000,0,1,4718592,4096,1,1,0
165,165_baseline_sequential_run05,baseline,sequential,1778306879.52767,/big.txt,4718592,131072,sequential,1.0000,0.0000,0,1,4849664,4096,1,1,0
165,165_baseline_sequential_run05,baseline,sequential,1778306879.530294,/big.txt,4849664,131072,sequential,1.0000,0.0000,0,1,4980736,4096,1,1,0
165,165_baseline_sequential_run05,baseline,sequential,1778306879.5328968,/big.txt,4980736,131072,sequential,1.0000,0.0000,0,1,5111808,4096,1,1,0
165,165_baseline_sequential_run05,baseline,sequential,1778306879.535527,/big.txt,5111808,131072,sequential,1.0000,0.0000,0,1,5242880,4096,1,1,0
165,165_baseline_sequential_run05,baseline,sequential,1778306879.5381937,/big.txt,5242880,131072,sequential,1.0000,0.0000,0,1,5373952,4096,1,1,0
165,165_baseline_sequential_run05,baseline,sequential,1778306879.5408597,/big.txt,5373952,131072,sequential,1.0000,0.0000,0,1,5505024,4096,1,1,0
165,165_baseline_sequential_run05,baseline,sequential,1778306879.5435581,/big.txt,5505024,131072,sequential,1.0000,0.0000,0,1,5636096,4096,1,1,0
165,165_baseline_sequential_run05,baseline,sequential,1778306879.546208,/big.txt,5636096,131072,sequential,1.0000,0.0000,0,1,5767168,4096,1,1,0
165,165_baseline_sequential_run05,baseline,sequential,1778306879.548901,/big.txt,5767168,131072,sequential,1.0000,0.0000,0,1,5898240,4096,1,1,0
165,165_baseline_sequential_run05,baseline,sequential,1778306879.5516639,/big.txt,5898240,131072,sequential,1.0000,0.0000,0,1,6029312,4096,1,1,0
165,165_baseline_sequential_run05,baseline,sequential,1778306879.554364,/big.txt,6029312,131072,sequential,1.0000,0.0000,0,1,6160384,4096,1,1,0
165,165_baseline_sequential_run05,baseline,sequential,1778306879.5570722,/big.txt,6160384,131072,sequential,1.0000,0.0000,0,1,6291456,4096,1,1,0
165,165_baseline_sequential_run05,baseline,sequential,1778306879.5598502,/big.txt,6291456,131072,sequential,1.0000,0.0000,0,1,6422528,4096,1,1,0
165,165_baseline_sequential_run05,baseline,sequential,1778306879.5624979,/big.txt,6422528,131072,sequential,1.0000,0.0000,0,1,6553600,4096,1,1,0
165,165_baseline_sequential_run05,baseline,sequential,1778306879.5651255,/big.txt,6553600,131072,sequential,1.0000,0.0000,0,1,6684672,4096,1,1,0
165,165_baseline_sequential_run05,baseline,sequential,1778306879.5678012,/big.txt,6684672,131072,sequential,1.0000,0.0000,0,1,6815744,4096,1,1,0
165,165_baseline_sequential_run05,baseline,sequential,1778306879.570427,/big.txt,6815744,131072,sequential,1.0000,0.0000,0,1,6946816,4096,1,1,0
165,165_baseline_sequential_run05,baseline,sequential,1778306879.5731125,/big.txt,6946816,131072,sequential,1.0000,0.0000,0,1,7077888,4096,1,1,0
165,165_baseline_sequential_run05,baseline,sequential,1778306879.5757518,/big.txt,7077888,131072,sequential,1.0000,0.0000,0,1,7208960,4096,1,1,0
165,165_baseline_sequential_run05,baseline,sequential,1778306879.5784352,/big.txt,7208960,131072,sequential,1.0000,0.0000,0,1,7340032,4096,1,1,0
165,165_baseline_sequential_run05,baseline,sequential,1778306879.5810928,/big.txt,7340032,131072,sequential,1.0000,0.0000,0,1,7471104,4096,1,1,0
165,165_baseline_sequential_run05,baseline,sequential,1778306879.5864372,/big.txt,7471104,131072,sequential,1.0000,0.0000,0,1,7602176,4096,1,1,0
165,165_baseline_sequential_run05,baseline,sequential,1778306879.5917563,/big.txt,7602176,131072,sequential,1.0000,0.0000,0,1,7733248,4096,1,1,0
165,165_baseline_sequential_run05,baseline,sequential,1778306879.595474,/big.txt,7733248,131072,sequential,1.0000,0.0000,0,1,7864320,4096,1,1,0
165,165_baseline_sequential_run05,baseline,sequential,1778306879.598161,/big.txt,7864320,131072,sequential,1.0000,0.0000,0,1,7995392,4096,1,1,0
165,165_baseline_sequential_run05,baseline,sequential,1778306879.6008482,/big.txt,7995392,131072,sequential,1.0000,0.0000,0,1,8126464,4096,1,1,0
165,165_baseline_sequential_run05,baseline,sequential,1778306879.6035907,/big.txt,8126464,131072,sequential,1.0000,0.0000,0,1,8257536,4096,1,1,0
165,165_baseline_sequential_run05,baseline,sequential,1778306879.606336,/big.txt,8257536,131072,sequential,1.0000,0.0000,0,1,8388608,4096,1,1,0
165,165_baseline_sequential_run05,baseline,sequential,1778306879.6090274,/big.txt,8388608,131072,sequential,1.0000,0.0000,0,1,8519680,4096,1,1,0
165,165_baseline_sequential_run05,baseline,sequential,1778306879.6117063,/big.txt,8519680,131072,sequential,1.0000,0.0000,0,1,8650752,4096,1,1,0
165,165_baseline_sequential_run05,baseline,sequential,1778306879.6143827,/big.txt,8650752,131072,sequential,1.0000,0.0000,0,1,8781824,4096,1,1,0
165,165_baseline_sequential_run05,baseline,sequential,1778306879.617049,/big.txt,8781824,131072,sequential,1.0000,0.0000,0,1,8912896,4096,1,1,0
165,165_baseline_sequential_run05,baseline,sequential,1778306879.6197643,/big.txt,8912896,131072,sequential,1.0000,0.0000,0,1,9043968,4096,1,1,0
165,165_baseline_sequential_run05,baseline,sequential,1778306879.6224043,/big.txt,9043968,131072,sequential,1.0000,0.0000,0,1,9175040,4096,1,1,0
165,165_baseline_sequential_run05,baseline,sequential,1778306879.6250472,/big.txt,9175040,131072,sequential,1.0000,0.0000,0,1,9306112,4096,1,1,0
165,165_baseline_sequential_run05,baseline,sequential,1778306879.6278136,/big.txt,9306112,131072,sequential,1.0000,0.0000,0,1,9437184,4096,1,1,0
165,165_baseline_sequential_run05,baseline,sequential,1778306879.6304922,/big.txt,9437184,131072,sequential,1.0000,0.0000,0,1,9568256,4096,1,1,0
165,165_baseline_sequential_run05,baseline,sequential,1778306879.6331592,/big.txt,9568256,131072,sequential,1.0000,0.0000,0,1,9699328,4096,1,1,0
165,165_baseline_sequential_run05,baseline,sequential,1778306879.635808,/big.txt,9699328,131072,sequential,1.0000,0.0000,0,1,9830400,4096,1,1,0
165,165_baseline_sequential_run05,baseline,sequential,1778306879.6384234,/big.txt,9830400,131072,sequential,1.0000,0.0000,0,1,9961472,4096,1,1,0
165,165_baseline_sequential_run05,baseline,sequential,1778306879.641096,/big.txt,9961472,131072,sequential,1.0000,0.0000,0,1,10092544,4096,1,1,0
165,165_baseline_sequential_run05,baseline,sequential,1778306879.643752,/big.txt,10092544,131072,sequential,1.0000,0.0000,0,1,10223616,4096,1,1,0
165,165_baseline_sequential_run05,baseline,sequential,1778306879.6463828,/big.txt,10223616,131072,sequential,1.0000,0.0000,0,1,10354688,4096,1,1,0
165,165_baseline_sequential_run05,baseline,sequential,1778306879.649067,/big.txt,10354688,131072,sequential,1.0000,0.0000,0,1,10485760,4096,1,1,0
165,165_baseline_sequential_run05,baseline,sequential,1778306879.651784,/big.txt,10485760,131072,sequential,1.0000,0.0000,0,1,10616832,4096,1,1,0
165,165_baseline_sequential_run05,baseline,sequential,1778306879.654444,/big.txt,10616832,131072,sequential,1.0000,0.0000,0,1,10747904,4096,1,1,0
165,165_baseline_sequential_run05,baseline,sequential,1778306879.6570742,/big.txt,10747904,131072,sequential,1.0000,0.0000,0,1,10878976,4096,1,1,0
165,165_baseline_sequential_run05,baseline,sequential,1778306879.6598182,/big.txt,10878976,131072,sequential,1.0000,0.0000,0,1,11010048,4096,1,1,0
165,165_baseline_sequential_run05,baseline,sequential,1778306879.662505,/big.txt,11010048,131072,sequential,1.0000,0.0000,0,1,11141120,4096,1,1,0
165,165_baseline_sequential_run05,baseline,sequential,1778306879.6651762,/big.txt,11141120,131072,sequential,1.0000,0.0000,0,1,11272192,4096,1,1,0
165,165_baseline_sequential_run05,baseline,sequential,1778306879.6678333,/big.txt,11272192,131072,sequential,1.0000,0.0000,0,1,11403264,4096,1,1,0
165,165_baseline_sequential_run05,baseline,sequential,1778306879.6704772,/big.txt,11403264,131072,sequential,1.0000,0.0000,0,1,11534336,4096,1,1,0
165,165_baseline_sequential_run05,baseline,sequential,1778306879.6731555,/big.txt,11534336,131072,sequential,1.0000,0.0000,0,1,11665408,4096,1,1,0
165,165_baseline_sequential_run05,baseline,sequential,1778306879.6758108,/big.txt,11665408,131072,sequential,1.0000,0.0000,0,1,11796480,4096,1,1,0
165,165_baseline_sequential_run05,baseline,sequential,1778306879.6784227,/big.txt,11796480,131072,sequential,1.0000,0.0000,0,1,11927552,4096,1,1,0
165,165_baseline_sequential_run05,baseline,sequential,1778306879.681092,/big.txt,11927552,131072,sequential,1.0000,0.0000,0,1,12058624,4096,1,1,0
165,165_baseline_sequential_run05,baseline,sequential,1778306879.6864676,/big.txt,12058624,131072,sequential,1.0000,0.0000,0,1,12189696,4096,1,1,0
165,165_baseline_sequential_run05,baseline,sequential,1778306879.6917493,/big.txt,12189696,131072,sequential,1.0000,0.0000,0,1,12320768,4096,1,1,0
165,165_baseline_sequential_run05,baseline,sequential,1778306879.6955042,/big.txt,12320768,131072,sequential,1.0000,0.0000,0,1,12451840,4096,1,1,0
165,165_baseline_sequential_run05,baseline,sequential,1778306879.6981564,/big.txt,12451840,131072,sequential,1.0000,0.0000,0,1,12582912,4096,1,1,0
165,165_baseline_sequential_run05,baseline,sequential,1778306879.7008238,/big.txt,12582912,131072,sequential,1.0000,0.0000,0,1,12713984,4096,1,1,0
165,165_baseline_sequential_run05,baseline,sequential,1778306879.7034552,/big.txt,12713984,131072,sequential,1.0000,0.0000,0,1,12845056,4096,1,1,0
165,165_baseline_sequential_run05,baseline,sequential,1778306879.706166,/big.txt,12845056,131072,sequential,1.0000,0.0000,0,1,12976128,4096,1,1,0
165,165_baseline_sequential_run05,baseline,sequential,1778306879.708847,/big.txt,12976128,131072,sequential,1.0000,0.0000,0,1,13107200,4096,1,1,0
165,165_baseline_sequential_run05,baseline,sequential,1778306879.7116241,/big.txt,13107200,131072,sequential,1.0000,0.0000,0,1,13238272,4096,1,1,0
165,165_baseline_sequential_run05,baseline,sequential,1778306879.7142935,/big.txt,13238272,131072,sequential,1.0000,0.0000,0,1,13369344,4096,1,1,0
165,165_baseline_sequential_run05,baseline,sequential,1778306879.7169483,/big.txt,13369344,131072,sequential,1.0000,0.0000,0,1,13500416,4096,1,1,0
165,165_baseline_sequential_run05,baseline,sequential,1778306879.719609,/big.txt,13500416,131072,sequential,1.0000,0.0000,0,1,13631488,4096,1,1,0
165,165_baseline_sequential_run05,baseline,sequential,1778306879.7222786,/big.txt,13631488,131072,sequential,1.0000,0.0000,0,1,13762560,4096,1,1,0
165,165_baseline_sequential_run05,baseline,sequential,1778306879.7249787,/big.txt,13762560,131072,sequential,1.0000,0.0000,0,1,13893632,4096,1,1,0
165,165_baseline_sequential_run05,baseline,sequential,1778306879.7276835,/big.txt,13893632,131072,sequential,1.0000,0.0000,0,1,14024704,4096,1,1,0
165,165_baseline_sequential_run05,baseline,sequential,1778306879.7303414,/big.txt,14024704,131072,sequential,1.0000,0.0000,0,1,14155776,4096,1,1,0
165,165_baseline_sequential_run05,baseline,sequential,1778306879.7330282,/big.txt,14155776,131072,sequential,1.0000,0.0000,0,1,14286848,4096,1,1,0
165,165_baseline_sequential_run05,baseline,sequential,1778306879.735753,/big.txt,14286848,131072,sequential,1.0000,0.0000,0,1,14417920,4096,1,1,0
165,165_baseline_sequential_run05,baseline,sequential,1778306879.738369,/big.txt,14417920,131072,sequential,1.0000,0.0000,0,1,14548992,4096,1,1,0
165,165_baseline_sequential_run05,baseline,sequential,1778306879.7410486,/big.txt,14548992,131072,sequential,1.0000,0.0000,0,1,14680064,4096,1,1,0
165,165_baseline_sequential_run05,baseline,sequential,1778306879.7437217,/big.txt,14680064,131072,sequential,1.0000,0.0000,0,1,14811136,4096,1,1,0
165,165_baseline_sequential_run05,baseline,sequential,1778306879.7463956,/big.txt,14811136,131072,sequential,1.0000,0.0000,0,1,14942208,4096,1,1,0
165,165_baseline_sequential_run05,baseline,sequential,1778306879.749088,/big.txt,14942208,131072,sequential,1.0000,0.0000,0,1,15073280,4096,1,1,0
165,165_baseline_sequential_run05,baseline,sequential,1778306879.7518256,/big.txt,15073280,131072,sequential,1.0000,0.0000,0,1,15204352,4096,1,1,0
165,165_baseline_sequential_run05,baseline,sequential,1778306879.75446,/big.txt,15204352,131072,sequential,1.0000,0.0000,0,1,15335424,4096,1,1,0
165,165_baseline_sequential_run05,baseline,sequential,1778306879.7570927,/big.txt,15335424,131072,sequential,1.0000,0.0000,0,1,15466496,4096,1,1,0
165,165_baseline_sequential_run05,baseline,sequential,1778306879.7597218,/big.txt,15466496,131072,sequential,1.0000,0.0000,0,1,15597568,4096,1,1,0
165,165_baseline_sequential_run05,baseline,sequential,1778306879.7624083,/big.txt,15597568,131072,sequential,1.0000,0.0000,0,1,15728640,4096,1,1,0
165,165_baseline_sequential_run05,baseline,sequential,1778306879.765056,/big.txt,15728640,131072,sequential,1.0000,0.0000,0,1,15859712,4096,1,1,0
165,165_baseline_sequential_run05,baseline,sequential,1778306879.7677896,/big.txt,15859712,131072,sequential,1.0000,0.0000,0,1,15990784,4096,1,1,0
165,165_baseline_sequential_run05,baseline,sequential,1778306879.770441,/big.txt,15990784,131072,sequential,1.0000,0.0000,0,1,16121856,4096,1,1,0
165,165_baseline_sequential_run05,baseline,sequential,1778306879.773129,/big.txt,16121856,131072,sequential,1.0000,0.0000,0,1,16252928,4096,1,1,0
165,165_baseline_sequential_run05,baseline,sequential,1778306879.775792,/big.txt,16252928,131072,sequential,1.0000,0.0000,0,1,16384000,4096,1,1,0
165,165_baseline_sequential_run05,baseline,sequential,1778306879.7784295,/big.txt,16384000,131072,sequential,1.0000,0.0000,0,1,16515072,4096,1,1,0
165,165_baseline_sequential_run05,baseline,sequential,1778306879.7810905,/big.txt,16515072,131072,sequential,1.0000,0.0000,0,1,16646144,4096,1,1,0
165,165_baseline_sequential_run05,baseline,sequential,1778306879.7837305,/big.txt,16646144,131072,sequential,1.0000,0.0000,0,1,16777216,4096,1,1,0
165,165_baseline_sequential_run05,baseline,sequential,1778306879.7863753,/big.txt,16777216,131072,sequential,1.0000,0.0000,0,1,16908288,4096,1,1,0
165,165_baseline_sequential_run05,baseline,sequential,1778306879.789067,/big.txt,16908288,131072,sequential,1.0000,0.0000,0,1,17039360,4096,1,1,0
165,165_baseline_sequential_run05,baseline,sequential,1778306879.7918305,/big.txt,17039360,131072,sequential,1.0000,0.0000,0,1,17170432,4096,1,1,0
165,165_baseline_sequential_run05,baseline,sequential,1778306879.7944613,/big.txt,17170432,131072,sequential,1.0000,0.0000,0,1,17301504,4096,1,1,0
165,165_baseline_sequential_run05,baseline,sequential,1778306879.7971215,/big.txt,17301504,131072,sequential,1.0000,0.0000,0,1,17432576,4096,1,1,0
165,165_baseline_sequential_run05,baseline,sequential,1778306879.7997627,/big.txt,17432576,131072,sequential,1.0000,0.0000,0,1,17563648,4096,1,1,0
165,165_baseline_sequential_run05,baseline,sequential,1778306879.8023827,/big.txt,17563648,131072,sequential,1.0000,0.0000,0,1,17694720,4096,1,1,0
165,165_baseline_sequential_run05,baseline,sequential,1778306879.804997,/big.txt,17694720,131072,sequential,1.0000,0.0000,0,1,17825792,4096,1,1,0
165,165_baseline_sequential_run05,baseline,sequential,1778306879.807632,/big.txt,17825792,131072,sequential,1.0000,0.0000,0,1,17956864,4096,1,1,0
165,165_baseline_sequential_run05,baseline,sequential,1778306879.8103168,/big.txt,17956864,131072,sequential,1.0000,0.0000,0,1,18087936,4096,1,1,0
165,165_baseline_sequential_run05,baseline,sequential,1778306879.8129945,/big.txt,18087936,131072,sequential,1.0000,0.0000,0,1,18219008,4096,1,1,0
165,165_baseline_sequential_run05,baseline,sequential,1778306879.8156366,/big.txt,18219008,131072,sequential,1.0000,0.0000,0,1,18350080,4096,1,1,0
165,165_baseline_sequential_run05,baseline,sequential,1778306879.8182716,/big.txt,18350080,131072,sequential,1.0000,0.0000,0,1,18481152,4096,1,1,0
165,165_baseline_sequential_run05,baseline,sequential,1778306879.8210146,/big.txt,18481152,131072,sequential,1.0000,0.0000,0,1,18612224,4096,1,1,0
165,165_baseline_sequential_run05,baseline,sequential,1778306879.8237412,/big.txt,18612224,131072,sequential,1.0000,0.0000,0,1,18743296,4096,1,1,0
165,165_baseline_sequential_run05,baseline,sequential,1778306879.8263736,/big.txt,18743296,131072,sequential,1.0000,0.0000,0,1,18874368,4096,1,1,0
165,165_baseline_sequential_run05,baseline,sequential,1778306879.8290613,/big.txt,18874368,131072,sequential,1.0000,0.0000,0,1,19005440,4096,1,1,0
165,165_baseline_sequential_run05,baseline,sequential,1778306879.8317192,/big.txt,19005440,131072,sequential,1.0000,0.0000,0,1,19136512,4096,1,1,0
165,165_baseline_sequential_run05,baseline,sequential,1778306879.8343794,/big.txt,19136512,131072,sequential,1.0000,0.0000,0,1,19267584,4096,1,1,0
165,165_baseline_sequential_run05,baseline,sequential,1778306879.8370771,/big.txt,19267584,131072,sequential,1.0000,0.0000,0,1,19398656,4096,1,1,0
165,165_baseline_sequential_run05,baseline,sequential,1778306879.8398633,/big.txt,19398656,131072,sequential,1.0000,0.0000,0,1,19529728,4096,1,1,0
165,165_baseline_sequential_run05,baseline,sequential,1778306879.8424942,/big.txt,19529728,131072,sequential,1.0000,0.0000,0,1,19660800,4096,1,1,0
165,165_baseline_sequential_run05,baseline,sequential,1778306879.845229,/big.txt,19660800,131072,sequential,1.0000,0.0000,0,1,19791872,4096,1,1,0
165,165_baseline_sequential_run05,baseline,sequential,1778306879.8505676,/big.txt,19791872,131072,sequential,1.0000,0.0000,0,1,19922944,4096,1,1,0
165,165_baseline_sequential_run05,baseline,sequential,1778306879.8533015,/big.txt,19922944,131072,sequential,1.0000,0.0000,0,1,20054016,4096,1,1,0
165,165_baseline_sequential_run05,baseline,sequential,1778306879.8560083,/big.txt,20054016,131072,sequential,1.0000,0.0000,0,1,20185088,4096,1,1,0
165,165_baseline_sequential_run05,baseline,sequential,1778306879.8587368,/big.txt,20185088,131072,sequential,1.0000,0.0000,0,1,20316160,4096,1,1,0
165,165_baseline_sequential_run05,baseline,sequential,1778306879.8613827,/big.txt,20316160,131072,sequential,1.0000,0.0000,0,1,20447232,4096,1,1,0
165,165_baseline_sequential_run05,baseline,sequential,1778306879.8640804,/big.txt,20447232,131072,sequential,1.0000,0.0000,0,1,20578304,4096,1,1,0
165,165_baseline_sequential_run05,baseline,sequential,1778306879.8667927,/big.txt,20578304,131072,sequential,1.0000,0.0000,0,1,20709376,4096,1,1,0
165,165_baseline_sequential_run05,baseline,sequential,1778306879.8695214,/big.txt,20709376,131072,sequential,1.0000,0.0000,0,1,20840448,4096,1,1,0
165,165_baseline_sequential_run05,baseline,sequential,1778306879.8722436,/big.txt,20840448,131072,sequential,1.0000,0.0000,0,1,20971520,4096,1,1,0
165,165_baseline_sequential_run05,baseline,sequential,1778306879.8749516,/big.txt,20971520,131072,sequential,1.0000,0.0000,0,1,21102592,4096,1,1,0
165,165_baseline_sequential_run05,baseline,sequential,1778306879.8773658,/big.txt,21102592,131072,sequential,1.0000,0.0000,0,1,21233664,4096,1,1,0
165,165_baseline_sequential_run05,baseline,sequential,1778306879.878789,/big.txt,21233664,131072,sequential,1.0000,0.0000,0,1,21364736,4096,1,1,0
165,165_baseline_sequential_run05,baseline,sequential,1778306879.8801618,/big.txt,21364736,131072,sequential,1.0000,0.0000,0,1,21495808,4096,1,1,0
165,165_baseline_sequential_run05,baseline,sequential,1778306879.881537,/big.txt,21495808,131072,sequential,1.0000,0.0000,0,1,21626880,4096,1,1,0
165,165_baseline_sequential_run05,baseline,sequential,1778306879.8829083,/big.txt,21626880,131072,sequential,1.0000,0.0000,0,1,21757952,4096,1,1,0
165,165_baseline_sequential_run05,baseline,sequential,1778306879.8842537,/big.txt,21757952,131072,sequential,1.0000,0.0000,0,1,21889024,4096,1,1,0
165,165_baseline_sequential_run05,baseline,sequential,1778306879.8856122,/big.txt,21889024,131072,sequential,1.0000,0.0000,0,1,22020096,4096,1,1,0
165,165_baseline_sequential_run05,baseline,sequential,1778306879.8870003,/big.txt,22020096,131072,sequential,1.0000,0.0000,0,1,22151168,4096,1,1,0
165,165_baseline_sequential_run05,baseline,sequential,1778306879.88836,/big.txt,22151168,131072,sequential,1.0000,0.0000,0,1,22282240,4096,1,1,0
165,165_baseline_sequential_run05,baseline,sequential,1778306879.889702,/big.txt,22282240,131072,sequential,1.0000,0.0000,0,1,22413312,4096,1,1,0
165,165_baseline_sequential_run05,baseline,sequential,1778306879.8910663,/big.txt,22413312,131072,sequential,1.0000,0.0000,0,1,22544384,4096,1,1,0
165,165_baseline_sequential_run05,baseline,sequential,1778306879.8924198,/big.txt,22544384,131072,sequential,1.0000,0.0000,0,1,22675456,4096,1,1,0
165,165_baseline_sequential_run05,baseline,sequential,1778306879.8937588,/big.txt,22675456,131072,sequential,1.0000,0.0000,0,1,22806528,4096,1,1,0
165,165_baseline_sequential_run05,baseline,sequential,1778306879.8952084,/big.txt,22806528,131072,sequential,1.0000,0.0000,0,1,22937600,4096,1,1,0
165,165_baseline_sequential_run05,baseline,sequential,1778306879.8965516,/big.txt,22937600,131072,sequential,1.0000,0.0000,0,1,23068672,4096,1,1,0
165,165_baseline_sequential_run05,baseline,sequential,1778306879.8978982,/big.txt,23068672,131072,sequential,1.0000,0.0000,0,1,23199744,4096,1,1,0
165,165_baseline_sequential_run05,baseline,sequential,1778306879.899252,/big.txt,23199744,131072,sequential,1.0000,0.0000,0,1,23330816,4096,1,1,0
165,165_baseline_sequential_run05,baseline,sequential,1778306879.900594,/big.txt,23330816,131072,sequential,1.0000,0.0000,0,1,23461888,4096,1,1,0
165,165_baseline_sequential_run05,baseline,sequential,1778306879.9019365,/big.txt,23461888,131072,sequential,1.0000,0.0000,0,1,23592960,4096,1,1,0
165,165_baseline_sequential_run05,baseline,sequential,1778306879.903288,/big.txt,23592960,131072,sequential,1.0000,0.0000,0,1,23724032,4096,1,1,0
165,165_baseline_sequential_run05,baseline,sequential,1778306879.904627,/big.txt,23724032,131072,sequential,1.0000,0.0000,0,1,23855104,4096,1,1,0
165,165_baseline_sequential_run05,baseline,sequential,1778306879.9059746,/big.txt,23855104,131072,sequential,1.0000,0.0000,0,1,23986176,4096,1,1,0
165,165_baseline_sequential_run05,baseline,sequential,1778306879.9073412,/big.txt,23986176,131072,sequential,1.0000,0.0000,0,1,24117248,4096,1,1,0
165,165_baseline_sequential_run05,baseline,sequential,1778306879.9086897,/big.txt,24117248,131072,sequential,1.0000,0.0000,0,1,24248320,4096,1,1,0
165,165_baseline_sequential_run05,baseline,sequential,1778306879.9100316,/big.txt,24248320,131072,sequential,1.0000,0.0000,0,1,24379392,4096,1,1,0
165,165_baseline_sequential_run05,baseline,sequential,1778306879.9113667,/big.txt,24379392,131072,sequential,1.0000,0.0000,0,1,24510464,4096,1,1,0
165,165_baseline_sequential_run05,baseline,sequential,1778306879.9127076,/big.txt,24510464,131072,sequential,1.0000,0.0000,0,1,24641536,4096,1,1,0
165,165_baseline_sequential_run05,baseline,sequential,1778306879.9140463,/big.txt,24641536,131072,sequential,1.0000,0.0000,0,1,24772608,4096,1,1,0
165,165_baseline_sequential_run05,baseline,sequential,1778306879.9167368,/big.txt,24772608,131072,sequential,1.0000,0.0000,0,1,24903680,4096,1,1,0
165,165_baseline_sequential_run05,baseline,sequential,1778306879.9190285,/big.txt,24903680,131072,sequential,1.0000,0.0000,0,1,25034752,4096,1,1,0
165,165_baseline_sequential_run05,baseline,sequential,1778306879.9203544,/big.txt,25034752,131072,sequential,1.0000,0.0000,0,1,25165824,4096,1,1,0
165,165_baseline_sequential_run05,baseline,sequential,1778306879.9216938,/big.txt,25165824,131072,sequential,1.0000,0.0000,0,1,25296896,4096,1,1,0
165,165_baseline_sequential_run05,baseline,sequential,1778306879.9230394,/big.txt,25296896,131072,sequential,1.0000,0.0000,0,1,25427968,4096,1,1,0
165,165_baseline_sequential_run05,baseline,sequential,1778306879.9243824,/big.txt,25427968,131072,sequential,1.0000,0.0000,0,1,25559040,4096,1,1,0
165,165_baseline_sequential_run05,baseline,sequential,1778306879.9257326,/big.txt,25559040,131072,sequential,1.0000,0.0000,0,1,25690112,4096,1,1,0
165,165_baseline_sequential_run05,baseline,sequential,1778306879.9270775,/big.txt,25690112,131072,sequential,1.0000,0.0000,0,1,25821184,4096,1,1,0
165,165_baseline_sequential_run05,baseline,sequential,1778306879.9284172,/big.txt,25821184,131072,sequential,1.0000,0.0000,0,1,25952256,4096,1,1,0
165,165_baseline_sequential_run05,baseline,sequential,1778306879.9297428,/big.txt,25952256,131072,sequential,1.0000,0.0000,0,1,26083328,4096,1,1,0
165,165_baseline_sequential_run05,baseline,sequential,1778306879.931085,/big.txt,26083328,131072,sequential,1.0000,0.0000,0,1,26214400,4096,1,1,0
165,165_baseline_sequential_run05,baseline,sequential,1778306879.9324315,/big.txt,26214400,131072,sequential,1.0000,0.0000,0,1,26345472,4096,1,1,0
165,165_baseline_sequential_run05,baseline,sequential,1778306879.9337595,/big.txt,26345472,131072,sequential,1.0000,0.0000,0,1,26476544,4096,1,1,0
165,165_baseline_sequential_run05,baseline,sequential,1778306879.9352324,/big.txt,26476544,131072,sequential,1.0000,0.0000,0,1,26607616,4096,1,1,0
165,165_baseline_sequential_run05,baseline,sequential,1778306879.9365675,/big.txt,26607616,131072,sequential,1.0000,0.0000,0,1,26738688,4096,1,1,0
165,165_baseline_sequential_run05,baseline,sequential,1778306879.9379094,/big.txt,26738688,131072,sequential,1.0000,0.0000,0,1,26869760,4096,1,1,0
165,165_baseline_sequential_run05,baseline,sequential,1778306879.9392443,/big.txt,26869760,131072,sequential,1.0000,0.0000,0,1,27000832,4096,1,1,0
165,165_baseline_sequential_run05,baseline,sequential,1778306879.9405904,/big.txt,27000832,131072,sequential,1.0000,0.0000,0,1,27131904,4096,1,1,0
165,165_baseline_sequential_run05,baseline,sequential,1778306879.9419234,/big.txt,27131904,131072,sequential,1.0000,0.0000,0,1,27262976,4096,1,1,0
165,165_baseline_sequential_run05,baseline,sequential,1778306879.943275,/big.txt,27262976,131072,sequential,1.0000,0.0000,0,1,27394048,4096,1,1,0
165,165_baseline_sequential_run05,baseline,sequential,1778306879.944617,/big.txt,27394048,131072,sequential,1.0000,0.0000,0,1,27525120,4096,1,1,0
165,165_baseline_sequential_run05,baseline,sequential,1778306879.945954,/big.txt,27525120,131072,sequential,1.0000,0.0000,0,1,27656192,4096,1,1,0
165,165_baseline_sequential_run05,baseline,sequential,1778306879.947297,/big.txt,27656192,131072,sequential,1.0000,0.0000,0,1,27787264,4096,1,1,0
165,165_baseline_sequential_run05,baseline,sequential,1778306879.9486341,/big.txt,27787264,131072,sequential,1.0000,0.0000,0,1,27918336,4096,1,1,0
165,165_baseline_sequential_run05,baseline,sequential,1778306879.9499712,/big.txt,27918336,131072,sequential,1.0000,0.0000,0,1,28049408,4096,1,1,0
165,165_baseline_sequential_run05,baseline,sequential,1778306879.9513361,/big.txt,28049408,131072,sequential,1.0000,0.0000,0,1,28180480,4096,1,1,0
165,165_baseline_sequential_run05,baseline,sequential,1778306879.9526813,/big.txt,28180480,131072,sequential,1.0000,0.0000,0,1,28311552,4096,1,1,0
165,165_baseline_sequential_run05,baseline,sequential,1778306879.9540305,/big.txt,28311552,131072,sequential,1.0000,0.0000,0,1,28442624,4096,1,1,0
165,165_baseline_sequential_run05,baseline,sequential,1778306879.9553792,/big.txt,28442624,131072,sequential,1.0000,0.0000,0,1,28573696,4096,1,1,0
165,165_baseline_sequential_run05,baseline,sequential,1778306879.9567266,/big.txt,28573696,131072,sequential,1.0000,0.0000,0,1,28704768,4096,1,1,0
165,165_baseline_sequential_run05,baseline,sequential,1778306879.9580615,/big.txt,28704768,131072,sequential,1.0000,0.0000,0,1,28835840,4096,1,1,0
165,165_baseline_sequential_run05,baseline,sequential,1778306879.959421,/big.txt,28835840,131072,sequential,1.0000,0.0000,0,1,28966912,4096,1,1,0
165,165_baseline_sequential_run05,baseline,sequential,1778306879.9607584,/big.txt,28966912,131072,sequential,1.0000,0.0000,0,1,29097984,4096,1,1,0
165,165_baseline_sequential_run05,baseline,sequential,1778306879.9621,/big.txt,29097984,131072,sequential,1.0000,0.0000,0,1,29229056,4096,1,1,0
165,165_baseline_sequential_run05,baseline,sequential,1778306879.9634523,/big.txt,29229056,131072,sequential,1.0000,0.0000,0,1,29360128,4096,1,1,0
165,165_baseline_sequential_run05,baseline,sequential,1778306879.964788,/big.txt,29360128,131072,sequential,1.0000,0.0000,0,1,29491200,4096,1,1,0
165,165_baseline_sequential_run05,baseline,sequential,1778306879.9661248,/big.txt,29491200,131072,sequential,1.0000,0.0000,0,1,29622272,4096,1,1,0
165,165_baseline_sequential_run05,baseline,sequential,1778306879.9674761,/big.txt,29622272,131072,sequential,1.0000,0.0000,0,1,29753344,4096,1,1,0
165,165_baseline_sequential_run05,baseline,sequential,1778306879.9688113,/big.txt,29753344,131072,sequential,1.0000,0.0000,0,1,29884416,4096,1,1,0
165,165_baseline_sequential_run05,baseline,sequential,1778306879.9701414,/big.txt,29884416,131072,sequential,1.0000,0.0000,0,1,30015488,4096,1,1,0
165,165_baseline_sequential_run05,baseline,sequential,1778306879.9714866,/big.txt,30015488,131072,sequential,1.0000,0.0000,0,1,30146560,4096,1,1,0
165,165_baseline_sequential_run05,baseline,sequential,1778306879.9728322,/big.txt,30146560,131072,sequential,1.0000,0.0000,0,1,30277632,4096,1,1,0
165,165_baseline_sequential_run05,baseline,sequential,1778306879.9741757,/big.txt,30277632,131072,sequential,1.0000,0.0000,0,1,30408704,4096,1,1,0
165,165_baseline_sequential_run05,baseline,sequential,1778306879.9755304,/big.txt,30408704,131072,sequential,1.0000,0.0000,0,1,30539776,4096,1,1,0
165,165_baseline_sequential_run05,baseline,sequential,1778306879.976879,/big.txt,30539776,131072,sequential,1.0000,0.0000,0,1,30670848,4096,1,1,0
165,165_baseline_sequential_run05,baseline,sequential,1778306879.9782135,/big.txt,30670848,131072,sequential,1.0000,0.0000,0,1,30801920,4096,1,1,0
165,165_baseline_sequential_run05,baseline,sequential,1778306879.9795384,/big.txt,30801920,131072,sequential,1.0000,0.0000,0,1,30932992,4096,1,1,0
165,165_baseline_sequential_run05,baseline,sequential,1778306879.980891,/big.txt,30932992,131072,sequential,1.0000,0.0000,0,1,31064064,4096,1,1,0
165,165_baseline_sequential_run05,baseline,sequential,1778306879.9822326,/big.txt,31064064,131072,sequential,1.0000,0.0000,0,1,31195136,4096,1,1,0
165,165_baseline_sequential_run05,baseline,sequential,1778306879.9835587,/big.txt,31195136,131072,sequential,1.0000,0.0000,0,1,31326208,4096,1,1,0
165,165_baseline_sequential_run05,baseline,sequential,1778306879.984894,/big.txt,31326208,131072,sequential,1.0000,0.0000,0,1,31457280,4096,1,1,0
165,165_baseline_sequential_run05,baseline,sequential,1778306879.986248,/big.txt,31457280,131072,sequential,1.0000,0.0000,0,1,31588352,4096,1,1,0
165,165_baseline_sequential_run05,baseline,sequential,1778306879.9875827,/big.txt,31588352,131072,sequential,1.0000,0.0000,0,1,31719424,4096,1,1,0
165,165_baseline_sequential_run05,baseline,sequential,1778306879.988963,/big.txt,31719424,131072,sequential,1.0000,0.0000,0,1,31850496,4096,1,1,0
165,165_baseline_sequential_run05,baseline,sequential,1778306879.9902887,/big.txt,31850496,131072,sequential,1.0000,0.0000,0,1,31981568,4096,1,1,0
165,165_baseline_sequential_run05,baseline,sequential,1778306879.9916067,/big.txt,31981568,131072,sequential,1.0000,0.0000,0,1,32112640,4096,1,1,0
165,165_baseline_sequential_run05,baseline,sequential,1778306879.992943,/big.txt,32112640,131072,sequential,1.0000,0.0000,0,1,32243712,4096,1,1,0
165,165_baseline_sequential_run05,baseline,sequential,1778306879.994282,/big.txt,32243712,131072,sequential,1.0000,0.0000,0,1,32374784,4096,1,1,0
165,165_baseline_sequential_run05,baseline,sequential,1778306879.9955976,/big.txt,32374784,131072,sequential,1.0000,0.0000,0,1,32505856,4096,1,1,0
165,165_baseline_sequential_run05,baseline,sequential,1778306879.9969451,/big.txt,32505856,131072,sequential,1.0000,0.0000,0,1,32636928,4096,1,1,0
165,165_baseline_sequential_run05,baseline,sequential,1778306879.9982796,/big.txt,32636928,131072,sequential,1.0000,0.0000,0,1,32768000,4096,1,1,0
165,165_baseline_sequential_run05,baseline,sequential,1778306879.9996133,/big.txt,32768000,131072,sequential,1.0000,0.0000,0,1,32899072,4096,1,1,0
165,165_baseline_sequential_run05,baseline,sequential,1778306880.0009522,/big.txt,32899072,131072,sequential,1.0000,0.0000,0,1,33030144,4096,1,1,0
165,165_baseline_sequential_run05,baseline,sequential,1778306880.0022893,/big.txt,33030144,131072,sequential,1.0000,0.0000,0,1,33161216,4096,1,1,0
165,165_baseline_sequential_run05,baseline,sequential,1778306880.0036197,/big.txt,33161216,131072,sequential,1.0000,0.0000,0,1,33292288,4096,1,1,0
165,165_baseline_sequential_run05,baseline,sequential,1778306880.0049698,/big.txt,33292288,131072,sequential,1.0000,0.0000,0,1,33423360,4096,1,1,0
165,165_baseline_sequential_run05,baseline,sequential,1778306880.0063107,/big.txt,33423360,131072,sequential,1.0000,0.0000,0,1,33554432,4096,1,1,0
165,165_baseline_sequential_run05,baseline,sequential,1778306880.007633,/big.txt,33554432,131072,sequential,1.0000,0.0000,0,1,33685504,4096,1,1,0
165,165_baseline_sequential_run05,baseline,sequential,1778306880.0089812,/big.txt,33685504,131072,sequential,1.0000,0.0000,0,1,33816576,4096,1,1,0
165,165_baseline_sequential_run05,baseline,sequential,1778306880.0103202,/big.txt,33816576,131072,sequential,1.0000,0.0000,0,1,33947648,4096,1,1,0
165,165_baseline_sequential_run05,baseline,sequential,1778306880.011644,/big.txt,33947648,131072,sequential,1.0000,0.0000,0,1,34078720,4096,1,1,0
165,165_baseline_sequential_run05,baseline,sequential,1778306880.0129805,/big.txt,34078720,131072,sequential,1.0000,0.0000,0,1,34209792,4096,1,1,0
165,165_baseline_sequential_run05,baseline,sequential,1778306880.0143328,/big.txt,34209792,131072,sequential,1.0000,0.0000,0,1,34340864,4096,1,1,0
165,165_baseline_sequential_run05,baseline,sequential,1778306880.015669,/big.txt,34340864,131072,sequential,1.0000,0.0000,0,1,34471936,4096,1,1,0
165,165_baseline_sequential_run05,baseline,sequential,1778306880.0170164,/big.txt,34471936,131072,sequential,1.0000,0.0000,0,1,34603008,4096,1,1,0
165,165_baseline_sequential_run05,baseline,sequential,1778306880.0183582,/big.txt,34603008,131072,sequential,1.0000,0.0000,0,1,34734080,4096,1,1,0
165,165_baseline_sequential_run05,baseline,sequential,1778306880.0197024,/big.txt,34734080,131072,sequential,1.0000,0.0000,0,1,34865152,4096,1,1,0
165,165_baseline_sequential_run05,baseline,sequential,1778306880.0211039,/big.txt,34865152,131072,sequential,1.0000,0.0000,0,1,34996224,4096,1,1,0
165,165_baseline_sequential_run05,baseline,sequential,1778306880.0224626,/big.txt,34996224,131072,sequential,1.0000,0.0000,0,1,35127296,4096,1,1,0
165,165_baseline_sequential_run05,baseline,sequential,1778306880.02381,/big.txt,35127296,131072,sequential,1.0000,0.0000,0,1,35258368,4096,1,1,0
165,165_baseline_sequential_run05,baseline,sequential,1778306880.0252125,/big.txt,35258368,131072,sequential,1.0000,0.0000,0,1,35389440,4096,1,1,0
165,165_baseline_sequential_run05,baseline,sequential,1778306880.0265899,/big.txt,35389440,131072,sequential,1.0000,0.0000,0,1,35520512,4096,1,1,0
165,165_baseline_sequential_run05,baseline,sequential,1778306880.027899,/big.txt,35520512,131072,sequential,1.0000,0.0000,0,1,35651584,4096,1,1,0
165,165_baseline_sequential_run05,baseline,sequential,1778306880.029226,/big.txt,35651584,131072,sequential,1.0000,0.0000,0,1,35782656,4096,1,1,0
165,165_baseline_sequential_run05,baseline,sequential,1778306880.0305722,/big.txt,35782656,131072,sequential,1.0000,0.0000,0,1,35913728,4096,1,1,0
165,165_baseline_sequential_run05,baseline,sequential,1778306880.0318997,/big.txt,35913728,131072,sequential,1.0000,0.0000,0,1,36044800,4096,1,1,0
165,165_baseline_sequential_run05,baseline,sequential,1778306880.033236,/big.txt,36044800,131072,sequential,1.0000,0.0000,0,1,36175872,4096,1,1,0
165,165_baseline_sequential_run05,baseline,sequential,1778306880.034586,/big.txt,36175872,131072,sequential,1.0000,0.0000,0,1,36306944,4096,1,1,0
165,165_baseline_sequential_run05,baseline,sequential,1778306880.0359068,/big.txt,36306944,131072,sequential,1.0000,0.0000,0,1,36438016,4096,1,1,0
165,165_baseline_sequential_run05,baseline,sequential,1778306880.0372581,/big.txt,36438016,131072,sequential,1.0000,0.0000,0,1,36569088,4096,1,1,0
165,165_baseline_sequential_run05,baseline,sequential,1778306880.0385895,/big.txt,36569088,131072,sequential,1.0000,0.0000,0,1,36700160,4096,1,1,0
165,165_baseline_sequential_run05,baseline,sequential,1778306880.039923,/big.txt,36700160,131072,sequential,1.0000,0.0000,0,1,36831232,4096,1,1,0
165,165_baseline_sequential_run05,baseline,sequential,1778306880.041257,/big.txt,36831232,131072,sequential,1.0000,0.0000,0,1,36962304,4096,1,1,0
165,165_baseline_sequential_run05,baseline,sequential,1778306880.0426009,/big.txt,36962304,131072,sequential,1.0000,0.0000,0,1,37093376,4096,1,1,0
165,165_baseline_sequential_run05,baseline,sequential,1778306880.0439196,/big.txt,37093376,131072,sequential,1.0000,0.0000,0,1,37224448,4096,1,1,0
165,165_baseline_sequential_run05,baseline,sequential,1778306880.0452595,/big.txt,37224448,131072,sequential,1.0000,0.0000,0,1,37355520,4096,1,1,0
165,165_baseline_sequential_run05,baseline,sequential,1778306880.0465925,/big.txt,37355520,131072,sequential,1.0000,0.0000,0,1,37486592,4096,1,1,0
165,165_baseline_sequential_run05,baseline,sequential,1778306880.0479102,/big.txt,37486592,131072,sequential,1.0000,0.0000,0,1,37617664,4096,1,1,0
165,165_baseline_sequential_run05,baseline,sequential,1778306880.0492492,/big.txt,37617664,131072,sequential,1.0000,0.0000,0,1,37748736,4096,1,1,0
165,165_baseline_sequential_run05,baseline,sequential,1778306880.0505903,/big.txt,37748736,131072,sequential,1.0000,0.0000,0,1,37879808,4096,1,1,0
165,165_baseline_sequential_run05,baseline,sequential,1778306880.0519075,/big.txt,37879808,131072,sequential,1.0000,0.0000,0,1,38010880,4096,1,1,0
165,165_baseline_sequential_run05,baseline,sequential,1778306880.0532498,/big.txt,38010880,131072,sequential,1.0000,0.0000,0,1,38141952,4096,1,1,0
165,165_baseline_sequential_run05,baseline,sequential,1778306880.0545793,/big.txt,38141952,131072,sequential,1.0000,0.0000,0,1,38273024,4096,1,1,0
165,165_baseline_sequential_run05,baseline,sequential,1778306880.055911,/big.txt,38273024,131072,sequential,1.0000,0.0000,0,1,38404096,4096,1,1,0
165,165_baseline_sequential_run05,baseline,sequential,1778306880.057254,/big.txt,38404096,131072,sequential,1.0000,0.0000,0,1,38535168,4096,1,1,0
165,165_baseline_sequential_run05,baseline,sequential,1778306880.058605,/big.txt,38535168,131072,sequential,1.0000,0.0000,0,1,38666240,4096,1,1,0
165,165_baseline_sequential_run05,baseline,sequential,1778306880.0599294,/big.txt,38666240,131072,sequential,1.0000,0.0000,0,1,38797312,4096,1,1,0
165,165_baseline_sequential_run05,baseline,sequential,1778306880.0612679,/big.txt,38797312,131072,sequential,1.0000,0.0000,0,1,38928384,4096,1,1,0
165,165_baseline_sequential_run05,baseline,sequential,1778306880.0626092,/big.txt,38928384,131072,sequential,1.0000,0.0000,0,1,39059456,4096,1,1,0
165,165_baseline_sequential_run05,baseline,sequential,1778306880.0639455,/big.txt,39059456,131072,sequential,1.0000,0.0000,0,1,39190528,4096,1,1,0
165,165_baseline_sequential_run05,baseline,sequential,1778306880.0652769,/big.txt,39190528,131072,sequential,1.0000,0.0000,0,1,39321600,4096,1,1,0
165,165_baseline_sequential_run05,baseline,sequential,1778306880.066616,/big.txt,39321600,131072,sequential,1.0000,0.0000,0,1,39452672,4096,1,1,0
165,165_baseline_sequential_run05,baseline,sequential,1778306880.0679297,/big.txt,39452672,131072,sequential,1.0000,0.0000,0,1,39583744,4096,1,1,0
165,165_baseline_sequential_run05,baseline,sequential,1778306880.0692563,/big.txt,39583744,131072,sequential,1.0000,0.0000,0,1,39714816,4096,1,1,0
165,165_baseline_sequential_run05,baseline,sequential,1778306880.0705972,/big.txt,39714816,131072,sequential,1.0000,0.0000,0,1,39845888,4096,1,1,0
165,165_baseline_sequential_run05,baseline,sequential,1778306880.0719218,/big.txt,39845888,131072,sequential,1.0000,0.0000,0,1,39976960,4096,1,1,0
165,165_baseline_sequential_run05,baseline,sequential,1778306880.073261,/big.txt,39976960,131072,sequential,1.0000,0.0000,0,1,40108032,4096,1,1,0
165,165_baseline_sequential_run05,baseline,sequential,1778306880.0745974,/big.txt,40108032,131072,sequential,1.0000,0.0000,0,1,40239104,4096,1,1,0
165,165_baseline_sequential_run05,baseline,sequential,1778306880.0759223,/big.txt,40239104,131072,sequential,1.0000,0.0000,0,1,40370176,4096,1,1,0
165,165_baseline_sequential_run05,baseline,sequential,1778306880.077264,/big.txt,40370176,131072,sequential,1.0000,0.0000,0,1,40501248,4096,1,1,0
165,165_baseline_sequential_run05,baseline,sequential,1778306880.0786033,/big.txt,40501248,131072,sequential,1.0000,0.0000,0,1,40632320,4096,1,1,0
165,165_baseline_sequential_run05,baseline,sequential,1778306880.0799475,/big.txt,40632320,131072,sequential,1.0000,0.0000,0,1,40763392,4096,1,1,0
165,165_baseline_sequential_run05,baseline,sequential,1778306880.0812993,/big.txt,40763392,131072,sequential,1.0000,0.0000,0,1,40894464,4096,1,1,0
165,165_baseline_sequential_run05,baseline,sequential,1778306880.0826383,/big.txt,40894464,131072,sequential,1.0000,0.0000,0,1,41025536,4096,1,1,0
165,165_baseline_sequential_run05,baseline,sequential,1778306880.0839942,/big.txt,41025536,131072,sequential,1.0000,0.0000,0,1,41156608,4096,1,1,0
165,165_baseline_sequential_run05,baseline,sequential,1778306880.0853193,/big.txt,41156608,131072,sequential,1.0000,0.0000,0,1,41287680,4096,1,1,0
165,165_baseline_sequential_run05,baseline,sequential,1778306880.0866525,/big.txt,41287680,131072,sequential,1.0000,0.0000,0,1,41418752,4096,1,1,0
165,165_baseline_sequential_run05,baseline,sequential,1778306880.0881093,/big.txt,41418752,131072,sequential,1.0000,0.0000,0,1,41549824,4096,1,1,0
165,165_baseline_sequential_run05,baseline,sequential,1778306880.08944,/big.txt,41549824,131072,sequential,1.0000,0.0000,0,1,41680896,4096,1,1,0
165,165_baseline_sequential_run05,baseline,sequential,1778306880.0907805,/big.txt,41680896,131072,sequential,1.0000,0.0000,0,1,41811968,4096,1,1,0
165,165_baseline_sequential_run05,baseline,sequential,1778306880.0920837,/big.txt,41811968,131072,sequential,1.0000,0.0000,0,1,41943040,4096,1,1,0
165,165_baseline_sequential_run05,baseline,sequential,1778306880.0934293,/big.txt,41943040,131072,sequential,1.0000,0.0000,0,1,42074112,4096,1,1,0
165,165_baseline_sequential_run05,baseline,sequential,1778306880.0947592,/big.txt,42074112,131072,sequential,1.0000,0.0000,0,1,42205184,4096,1,1,0
165,165_baseline_sequential_run05,baseline,sequential,1778306880.096082,/big.txt,42205184,131072,sequential,1.0000,0.0000,0,1,42336256,4096,1,1,0
165,165_baseline_sequential_run05,baseline,sequential,1778306880.0974183,/big.txt,42336256,131072,sequential,1.0000,0.0000,0,1,42467328,4096,1,1,0
165,165_baseline_sequential_run05,baseline,sequential,1778306880.098745,/big.txt,42467328,131072,sequential,1.0000,0.0000,0,1,42598400,4096,1,1,0
165,165_baseline_sequential_run05,baseline,sequential,1778306880.100099,/big.txt,42598400,131072,sequential,1.0000,0.0000,0,1,42729472,4096,1,1,0
165,165_baseline_sequential_run05,baseline,sequential,1778306880.101435,/big.txt,42729472,131072,sequential,1.0000,0.0000,0,1,42860544,4096,1,1,0
165,165_baseline_sequential_run05,baseline,sequential,1778306880.1027815,/big.txt,42860544,131072,sequential,1.0000,0.0000,0,1,42991616,4096,1,1,0
165,165_baseline_sequential_run05,baseline,sequential,1778306880.1040986,/big.txt,42991616,131072,sequential,1.0000,0.0000,0,1,43122688,4096,1,1,0
165,165_baseline_sequential_run05,baseline,sequential,1778306880.1054342,/big.txt,43122688,131072,sequential,1.0000,0.0000,0,1,43253760,4096,1,1,0
165,165_baseline_sequential_run05,baseline,sequential,1778306880.1068594,/big.txt,43253760,131072,sequential,1.0000,0.0000,0,1,43384832,4096,1,1,0
165,165_baseline_sequential_run05,baseline,sequential,1778306880.1081991,/big.txt,43384832,131072,sequential,1.0000,0.0000,0,1,43515904,4096,1,1,0
165,165_baseline_sequential_run05,baseline,sequential,1778306880.1095233,/big.txt,43515904,131072,sequential,1.0000,0.0000,0,1,43646976,4096,1,1,0
165,165_baseline_sequential_run05,baseline,sequential,1778306880.1108727,/big.txt,43646976,131072,sequential,1.0000,0.0000,0,1,43778048,4096,1,1,0
165,165_baseline_sequential_run05,baseline,sequential,1778306880.112204,/big.txt,43778048,131072,sequential,1.0000,0.0000,0,1,43909120,4096,1,1,0
165,165_baseline_sequential_run05,baseline,sequential,1778306880.1135473,/big.txt,43909120,131072,sequential,1.0000,0.0000,0,1,44040192,4096,1,1,0
165,165_baseline_sequential_run05,baseline,sequential,1778306880.1148884,/big.txt,44040192,131072,sequential,1.0000,0.0000,0,1,44171264,4096,1,1,0
165,165_baseline_sequential_run05,baseline,sequential,1778306880.1162202,/big.txt,44171264,131072,sequential,1.0000,0.0000,0,1,44302336,4096,1,1,0
165,165_baseline_sequential_run05,baseline,sequential,1778306880.1175659,/big.txt,44302336,131072,sequential,1.0000,0.0000,0,1,44433408,4096,1,1,0
165,165_baseline_sequential_run05,baseline,sequential,1778306880.1190112,/big.txt,44433408,131072,sequential,1.0000,0.0000,0,1,44564480,4096,1,1,0
165,165_baseline_sequential_run05,baseline,sequential,1778306880.121705,/big.txt,44564480,131072,sequential,1.0000,0.0000,0,1,44695552,4096,1,1,0
165,165_baseline_sequential_run05,baseline,sequential,1778306880.1243973,/big.txt,44695552,131072,sequential,1.0000,0.0000,0,1,44826624,4096,1,1,0
165,165_baseline_sequential_run05,baseline,sequential,1778306880.127081,/big.txt,44826624,131072,sequential,1.0000,0.0000,0,1,44957696,4096,1,1,0
165,165_baseline_sequential_run05,baseline,sequential,1778306880.1297154,/big.txt,44957696,131072,sequential,1.0000,0.0000,0,1,45088768,4096,1,1,0
165,165_baseline_sequential_run05,baseline,sequential,1778306880.131247,/big.txt,45088768,131072,sequential,1.0000,0.0000,0,1,45219840,4096,1,1,0
165,165_baseline_sequential_run05,baseline,sequential,1778306880.132593,/big.txt,45219840,131072,sequential,1.0000,0.0000,0,1,45350912,4096,1,1,0
165,165_baseline_sequential_run05,baseline,sequential,1778306880.1339226,/big.txt,45350912,131072,sequential,1.0000,0.0000,0,1,45481984,4096,1,1,0
165,165_baseline_sequential_run05,baseline,sequential,1778306880.1352708,/big.txt,45481984,131072,sequential,1.0000,0.0000,0,1,45613056,4096,1,1,0
165,165_baseline_sequential_run05,baseline,sequential,1778306880.1366088,/big.txt,45613056,131072,sequential,1.0000,0.0000,0,1,45744128,4096,1,1,0
165,165_baseline_sequential_run05,baseline,sequential,1778306880.1379457,/big.txt,45744128,131072,sequential,1.0000,0.0000,0,1,45875200,4096,1,1,0
165,165_baseline_sequential_run05,baseline,sequential,1778306880.1393397,/big.txt,45875200,131072,sequential,1.0000,0.0000,0,1,46006272,4096,1,1,0
165,165_baseline_sequential_run05,baseline,sequential,1778306880.1406791,/big.txt,46006272,131072,sequential,1.0000,0.0000,0,1,46137344,4096,1,1,0
165,165_baseline_sequential_run05,baseline,sequential,1778306880.1419988,/big.txt,46137344,131072,sequential,1.0000,0.0000,0,1,46268416,4096,1,1,0
165,165_baseline_sequential_run05,baseline,sequential,1778306880.1433606,/big.txt,46268416,131072,sequential,1.0000,0.0000,0,1,46399488,4096,1,1,0
165,165_baseline_sequential_run05,baseline,sequential,1778306880.1446974,/big.txt,46399488,131072,sequential,1.0000,0.0000,0,1,46530560,4096,1,1,0
165,165_baseline_sequential_run05,baseline,sequential,1778306880.1460295,/big.txt,46530560,131072,sequential,1.0000,0.0000,0,1,46661632,4096,1,1,0
165,165_baseline_sequential_run05,baseline,sequential,1778306880.147394,/big.txt,46661632,131072,sequential,1.0000,0.0000,0,1,46792704,4096,1,1,0
165,165_baseline_sequential_run05,baseline,sequential,1778306880.1487398,/big.txt,46792704,131072,sequential,1.0000,0.0000,0,1,46923776,4096,1,1,0
165,165_baseline_sequential_run05,baseline,sequential,1778306880.1500764,/big.txt,46923776,131072,sequential,1.0000,0.0000,0,1,47054848,4096,1,1,0
165,165_baseline_sequential_run05,baseline,sequential,1778306880.1514258,/big.txt,47054848,131072,sequential,1.0000,0.0000,0,1,47185920,4096,1,1,0
165,165_baseline_sequential_run05,baseline,sequential,1778306880.1527734,/big.txt,47185920,131072,sequential,1.0000,0.0000,0,1,47316992,4096,1,1,0
165,165_baseline_sequential_run05,baseline,sequential,1778306880.1541204,/big.txt,47316992,131072,sequential,1.0000,0.0000,0,1,47448064,4096,1,1,0
165,165_baseline_sequential_run05,baseline,sequential,1778306880.1554694,/big.txt,47448064,131072,sequential,1.0000,0.0000,0,1,47579136,4096,1,1,0
165,165_baseline_sequential_run05,baseline,sequential,1778306880.1568089,/big.txt,47579136,131072,sequential,1.0000,0.0000,0,1,47710208,4096,1,1,0
165,165_baseline_sequential_run05,baseline,sequential,1778306880.158137,/big.txt,47710208,131072,sequential,1.0000,0.0000,0,1,47841280,4096,1,1,0
165,165_baseline_sequential_run05,baseline,sequential,1778306880.159482,/big.txt,47841280,131072,sequential,1.0000,0.0000,0,1,47972352,4096,1,1,0
165,165_baseline_sequential_run05,baseline,sequential,1778306880.1608112,/big.txt,47972352,131072,sequential,1.0000,0.0000,0,1,48103424,4096,1,1,0
165,165_baseline_sequential_run05,baseline,sequential,1778306880.1621568,/big.txt,48103424,131072,sequential,1.0000,0.0000,0,1,48234496,4096,1,1,0
165,165_baseline_sequential_run05,baseline,sequential,1778306880.1635149,/big.txt,48234496,131072,sequential,1.0000,0.0000,0,1,48365568,4096,1,1,0
165,165_baseline_sequential_run05,baseline,sequential,1778306880.1648617,/big.txt,48365568,131072,sequential,1.0000,0.0000,0,1,48496640,4096,1,1,0
165,165_baseline_sequential_run05,baseline,sequential,1778306880.1661992,/big.txt,48496640,131072,sequential,1.0000,0.0000,0,1,48627712,4096,1,1,0
165,165_baseline_sequential_run05,baseline,sequential,1778306880.167548,/big.txt,48627712,131072,sequential,1.0000,0.0000,0,1,48758784,4096,1,1,0
165,165_baseline_sequential_run05,baseline,sequential,1778306880.1688793,/big.txt,48758784,131072,sequential,1.0000,0.0000,0,1,48889856,4096,1,1,0
165,165_baseline_sequential_run05,baseline,sequential,1778306880.1702178,/big.txt,48889856,131072,sequential,1.0000,0.0000,0,1,49020928,4096,1,1,0
165,165_baseline_sequential_run05,baseline,sequential,1778306880.1715624,/big.txt,49020928,131072,sequential,1.0000,0.0000,0,1,49152000,4096,1,1,0
165,165_baseline_sequential_run05,baseline,sequential,1778306880.1728969,/big.txt,49152000,131072,sequential,1.0000,0.0000,0,1,49283072,4096,1,1,0
165,165_baseline_sequential_run05,baseline,sequential,1778306880.174238,/big.txt,49283072,131072,sequential,1.0000,0.0000,0,1,49414144,4096,1,1,0
165,165_baseline_sequential_run05,baseline,sequential,1778306880.1756115,/big.txt,49414144,131072,sequential,1.0000,0.0000,0,1,49545216,4096,1,1,0
165,165_baseline_sequential_run05,baseline,sequential,1778306880.1769795,/big.txt,49545216,131072,sequential,1.0000,0.0000,0,1,49676288,4096,1,1,0
165,165_baseline_sequential_run05,baseline,sequential,1778306880.1783242,/big.txt,49676288,131072,sequential,1.0000,0.0000,0,1,49807360,4096,1,1,0
165,165_baseline_sequential_run05,baseline,sequential,1778306880.1797054,/big.txt,49807360,131072,sequential,1.0000,0.0000,0,1,49938432,4096,1,1,0
165,165_baseline_sequential_run05,baseline,sequential,1778306880.1810405,/big.txt,49938432,131072,sequential,1.0000,0.0000,0,1,50069504,4096,1,1,0
165,165_baseline_sequential_run05,baseline,sequential,1778306880.182388,/big.txt,50069504,131072,sequential,1.0000,0.0000,0,1,50200576,4096,1,1,0
165,165_baseline_sequential_run05,baseline,sequential,1778306880.1837525,/big.txt,50200576,131072,sequential,1.0000,0.0000,0,1,50331648,4096,1,1,0
165,165_baseline_sequential_run05,baseline,sequential,1778306880.185155,/big.txt,50331648,131072,sequential,1.0000,0.0000,0,1,50462720,4096,1,1,0
165,165_baseline_sequential_run05,baseline,sequential,1778306880.1865034,/big.txt,50462720,131072,sequential,1.0000,0.0000,0,1,50593792,4096,1,1,0
165,165_baseline_sequential_run05,baseline,sequential,1778306880.1878495,/big.txt,50593792,131072,sequential,1.0000,0.0000,0,1,50724864,4096,1,1,0
165,165_baseline_sequential_run05,baseline,sequential,1778306880.189205,/big.txt,50724864,131072,sequential,1.0000,0.0000,0,1,50855936,4096,1,1,0
165,165_baseline_sequential_run05,baseline,sequential,1778306880.1905546,/big.txt,50855936,131072,sequential,1.0000,0.0000,0,1,50987008,4096,1,1,0
165,165_baseline_sequential_run05,baseline,sequential,1778306880.191896,/big.txt,50987008,131072,sequential,1.0000,0.0000,0,1,51118080,4096,1,1,0
165,165_baseline_sequential_run05,baseline,sequential,1778306880.1932335,/big.txt,51118080,131072,sequential,1.0000,0.0000,0,1,51249152,4096,1,1,0
165,165_baseline_sequential_run05,baseline,sequential,1778306880.1945772,/big.txt,51249152,131072,sequential,1.0000,0.0000,0,1,51380224,4096,1,1,0
165,165_baseline_sequential_run05,baseline,sequential,1778306880.1958978,/big.txt,51380224,131072,sequential,1.0000,0.0000,0,1,51511296,4096,1,1,0
165,165_baseline_sequential_run05,baseline,sequential,1778306880.1972308,/big.txt,51511296,131072,sequential,1.0000,0.0000,0,1,51642368,4096,1,1,0
165,165_baseline_sequential_run05,baseline,sequential,1778306880.1985676,/big.txt,51642368,131072,sequential,1.0000,0.0000,0,1,51773440,4096,1,1,0
165,165_baseline_sequential_run05,baseline,sequential,1778306880.1998916,/big.txt,51773440,131072,sequential,1.0000,0.0000,0,1,51904512,4096,1,1,0
165,165_baseline_sequential_run05,baseline,sequential,1778306880.2012475,/big.txt,51904512,131072,sequential,1.0000,0.0000,0,1,52035584,4096,1,1,0
165,165_baseline_sequential_run05,baseline,sequential,1778306880.2025902,/big.txt,52035584,131072,sequential,1.0000,0.0000,0,1,52166656,4096,1,1,0
165,165_baseline_sequential_run05,baseline,sequential,1778306880.203916,/big.txt,52166656,131072,sequential,1.0000,0.0000,0,1,52297728,4096,1,1,0
165,165_baseline_sequential_run05,baseline,sequential,1778306880.2052526,/big.txt,52297728,131072,sequential,1.0000,0.0000,0,1,52428800,4096,1,1,0
165,165_baseline_sequential_run05,baseline,sequential,1778306880.2065969,/big.txt,52428800,131072,sequential,1.0000,0.0000,0,1,52559872,4096,1,1,0
165,165_baseline_sequential_run05,baseline,sequential,1778306880.2079268,/big.txt,52559872,131072,sequential,1.0000,0.0000,0,1,52690944,4096,1,1,0
165,165_baseline_sequential_run05,baseline,sequential,1778306880.2092726,/big.txt,52690944,131072,sequential,1.0000,0.0000,0,1,52822016,4096,1,1,0
165,165_baseline_sequential_run05,baseline,sequential,1778306880.2106097,/big.txt,52822016,131072,sequential,1.0000,0.0000,0,1,52953088,4096,1,1,0
165,165_baseline_sequential_run05,baseline,sequential,1778306880.211939,/big.txt,52953088,131072,sequential,1.0000,0.0000,0,1,53084160,4096,1,1,0
165,165_baseline_sequential_run05,baseline,sequential,1778306880.2132764,/big.txt,53084160,131072,sequential,1.0000,0.0000,0,1,53215232,4096,1,1,0
165,165_baseline_sequential_run05,baseline,sequential,1778306880.2146082,/big.txt,53215232,131072,sequential,1.0000,0.0000,0,1,53346304,4096,1,1,0
165,165_baseline_sequential_run05,baseline,sequential,1778306880.2159212,/big.txt,53346304,131072,sequential,1.0000,0.0000,0,1,53477376,4096,1,1,0
165,165_baseline_sequential_run05,baseline,sequential,1778306880.2172534,/big.txt,53477376,131072,sequential,1.0000,0.0000,0,1,53608448,4096,1,1,0
165,165_baseline_sequential_run05,baseline,sequential,1778306880.218597,/big.txt,53608448,131072,sequential,1.0000,0.0000,0,1,53739520,4096,1,1,0
165,165_baseline_sequential_run05,baseline,sequential,1778306880.219919,/big.txt,53739520,131072,sequential,1.0000,0.0000,0,1,53870592,4096,1,1,0
165,165_baseline_sequential_run05,baseline,sequential,1778306880.2212594,/big.txt,53870592,131072,sequential,1.0000,0.0000,0,1,54001664,4096,1,1,0
165,165_baseline_sequential_run05,baseline,sequential,1778306880.2225986,/big.txt,54001664,131072,sequential,1.0000,0.0000,0,1,54132736,4096,1,1,0
165,165_baseline_sequential_run05,baseline,sequential,1778306880.2239172,/big.txt,54132736,131072,sequential,1.0000,0.0000,0,1,54263808,4096,1,1,0
165,165_baseline_sequential_run05,baseline,sequential,1778306880.2252586,/big.txt,54263808,131072,sequential,1.0000,0.0000,0,1,54394880,4096,1,1,0
165,165_baseline_sequential_run05,baseline,sequential,1778306880.2265913,/big.txt,54394880,131072,sequential,1.0000,0.0000,0,1,54525952,4096,1,1,0
165,165_baseline_sequential_run05,baseline,sequential,1778306880.2279315,/big.txt,54525952,131072,sequential,1.0000,0.0000,0,1,54657024,4096,1,1,0
165,165_baseline_sequential_run05,baseline,sequential,1778306880.2292695,/big.txt,54657024,131072,sequential,1.0000,0.0000,0,1,54788096,4096,1,1,0
165,165_baseline_sequential_run05,baseline,sequential,1778306880.2306106,/big.txt,54788096,131072,sequential,1.0000,0.0000,0,1,54919168,4096,1,1,0
165,165_baseline_sequential_run05,baseline,sequential,1778306880.231933,/big.txt,54919168,131072,sequential,1.0000,0.0000,0,1,55050240,4096,1,1,0
165,165_baseline_sequential_run05,baseline,sequential,1778306880.2332866,/big.txt,55050240,131072,sequential,1.0000,0.0000,0,1,55181312,4096,1,1,0
165,165_baseline_sequential_run05,baseline,sequential,1778306880.234637,/big.txt,55181312,131072,sequential,1.0000,0.0000,0,1,55312384,4096,1,1,0
165,165_baseline_sequential_run05,baseline,sequential,1778306880.2360356,/big.txt,55312384,131072,sequential,1.0000,0.0000,0,1,55443456,4096,1,1,0
165,165_baseline_sequential_run05,baseline,sequential,1778306880.2373717,/big.txt,55443456,131072,sequential,1.0000,0.0000,0,1,55574528,4096,1,1,0
165,165_baseline_sequential_run05,baseline,sequential,1778306880.2387137,/big.txt,55574528,131072,sequential,1.0000,0.0000,0,1,55705600,4096,1,1,0
165,165_baseline_sequential_run05,baseline,sequential,1778306880.2400744,/big.txt,55705600,131072,sequential,1.0000,0.0000,0,1,55836672,4096,1,1,0
165,165_baseline_sequential_run05,baseline,sequential,1778306880.2414186,/big.txt,55836672,131072,sequential,1.0000,0.0000,0,1,55967744,4096,1,1,0
165,165_baseline_sequential_run05,baseline,sequential,1778306880.2427647,/big.txt,55967744,131072,sequential,1.0000,0.0000,0,1,56098816,4096,1,1,0
165,165_baseline_sequential_run05,baseline,sequential,1778306880.245522,/big.txt,56098816,131072,sequential,1.0000,0.0000,0,1,56229888,4096,1,1,0
165,165_baseline_sequential_run05,baseline,sequential,1778306880.2482114,/big.txt,56229888,131072,sequential,1.0000,0.0000,0,1,56360960,4096,1,1,0
165,165_baseline_sequential_run05,baseline,sequential,1778306880.250877,/big.txt,56360960,131072,sequential,1.0000,0.0000,0,1,56492032,4096,1,1,0
165,165_baseline_sequential_run05,baseline,sequential,1778306880.2535334,/big.txt,56492032,131072,sequential,1.0000,0.0000,0,1,56623104,4096,1,1,0
165,165_baseline_sequential_run05,baseline,sequential,1778306880.2552147,/big.txt,56623104,131072,sequential,1.0000,0.0000,0,1,56754176,4096,1,1,0
165,165_baseline_sequential_run05,baseline,sequential,1778306880.256557,/big.txt,56754176,131072,sequential,1.0000,0.0000,0,1,56885248,4096,1,1,0
165,165_baseline_sequential_run05,baseline,sequential,1778306880.257892,/big.txt,56885248,131072,sequential,1.0000,0.0000,0,1,57016320,4096,1,1,0
165,165_baseline_sequential_run05,baseline,sequential,1778306880.2592318,/big.txt,57016320,131072,sequential,1.0000,0.0000,0,1,57147392,4096,1,1,0
165,165_baseline_sequential_run05,baseline,sequential,1778306880.2605855,/big.txt,57147392,131072,sequential,1.0000,0.0000,0,1,57278464,4096,1,1,0
165,165_baseline_sequential_run05,baseline,sequential,1778306880.261927,/big.txt,57278464,131072,sequential,1.0000,0.0000,0,1,57409536,4096,1,1,0
165,165_baseline_sequential_run05,baseline,sequential,1778306880.2632794,/big.txt,57409536,131072,sequential,1.0000,0.0000,0,1,57540608,4096,1,1,0
165,165_baseline_sequential_run05,baseline,sequential,1778306880.2646377,/big.txt,57540608,131072,sequential,1.0000,0.0000,0,1,57671680,4096,1,1,0
165,165_baseline_sequential_run05,baseline,sequential,1778306880.265974,/big.txt,57671680,131072,sequential,1.0000,0.0000,0,1,57802752,4096,1,1,0
165,165_baseline_sequential_run05,baseline,sequential,1778306880.2673333,/big.txt,57802752,131072,sequential,1.0000,0.0000,0,1,57933824,4096,1,1,0
165,165_baseline_sequential_run05,baseline,sequential,1778306880.2686758,/big.txt,57933824,131072,sequential,1.0000,0.0000,0,1,58064896,4096,1,1,0
165,165_baseline_sequential_run05,baseline,sequential,1778306880.2700186,/big.txt,58064896,131072,sequential,1.0000,0.0000,0,1,58195968,4096,1,1,0
165,165_baseline_sequential_run05,baseline,sequential,1778306880.271375,/big.txt,58195968,131072,sequential,1.0000,0.0000,0,1,58327040,4096,1,1,0
165,165_baseline_sequential_run05,baseline,sequential,1778306880.2727137,/big.txt,58327040,131072,sequential,1.0000,0.0000,0,1,58458112,4096,1,1,0
165,165_baseline_sequential_run05,baseline,sequential,1778306880.27408,/big.txt,58458112,131072,sequential,1.0000,0.0000,0,1,58589184,4096,1,1,0
165,165_baseline_sequential_run05,baseline,sequential,1778306880.2754421,/big.txt,58589184,131072,sequential,1.0000,0.0000,0,1,58720256,4096,1,1,0
165,165_baseline_sequential_run05,baseline,sequential,1778306880.276787,/big.txt,58720256,131072,sequential,1.0000,0.0000,0,1,58851328,4096,1,1,0
165,165_baseline_sequential_run05,baseline,sequential,1778306880.2781353,/big.txt,58851328,131072,sequential,1.0000,0.0000,0,1,58982400,4096,1,1,0
165,165_baseline_sequential_run05,baseline,sequential,1778306880.279486,/big.txt,58982400,131072,sequential,1.0000,0.0000,0,1,59113472,4096,1,1,0
165,165_baseline_sequential_run05,baseline,sequential,1778306880.2808247,/big.txt,59113472,131072,sequential,1.0000,0.0000,0,1,59244544,4096,1,1,0
165,165_baseline_sequential_run05,baseline,sequential,1778306880.282162,/big.txt,59244544,131072,sequential,1.0000,0.0000,0,1,59375616,4096,1,1,0
165,165_baseline_sequential_run05,baseline,sequential,1778306880.2835119,/big.txt,59375616,131072,sequential,1.0000,0.0000,0,1,59506688,4096,1,1,0
165,165_baseline_sequential_run05,baseline,sequential,1778306880.2848542,/big.txt,59506688,131072,sequential,1.0000,0.0000,0,1,59637760,4096,1,1,0
165,165_baseline_sequential_run05,baseline,sequential,1778306880.2861967,/big.txt,59637760,131072,sequential,1.0000,0.0000,0,1,59768832,4096,1,1,0
165,165_baseline_sequential_run05,baseline,sequential,1778306880.287558,/big.txt,59768832,131072,sequential,1.0000,0.0000,0,1,59899904,4096,1,1,0
165,165_baseline_sequential_run05,baseline,sequential,1778306880.2888944,/big.txt,59899904,131072,sequential,1.0000,0.0000,0,1,60030976,4096,1,1,0
165,165_baseline_sequential_run05,baseline,sequential,1778306880.29023,/big.txt,60030976,131072,sequential,1.0000,0.0000,0,1,60162048,4096,1,1,0
165,165_baseline_sequential_run05,baseline,sequential,1778306880.291588,/big.txt,60162048,131072,sequential,1.0000,0.0000,0,1,60293120,4096,1,1,0
165,165_baseline_sequential_run05,baseline,sequential,1778306880.2929335,/big.txt,60293120,131072,sequential,1.0000,0.0000,0,1,60424192,4096,1,1,0
165,165_baseline_sequential_run05,baseline,sequential,1778306880.2942796,/big.txt,60424192,131072,sequential,1.0000,0.0000,0,1,60555264,4096,1,1,0
165,165_baseline_sequential_run05,baseline,sequential,1778306880.2956438,/big.txt,60555264,131072,sequential,1.0000,0.0000,0,1,60686336,4096,1,1,0
165,165_baseline_sequential_run05,baseline,sequential,1778306880.2969942,/big.txt,60686336,131072,sequential,1.0000,0.0000,0,1,60817408,4096,1,1,0
165,165_baseline_sequential_run05,baseline,sequential,1778306880.298341,/big.txt,60817408,131072,sequential,1.0000,0.0000,0,1,60948480,4096,1,1,0
165,165_baseline_sequential_run05,baseline,sequential,1778306880.2996962,/big.txt,60948480,131072,sequential,1.0000,0.0000,0,1,61079552,4096,1,1,0
165,165_baseline_sequential_run05,baseline,sequential,1778306880.3010764,/big.txt,61079552,131072,sequential,1.0000,0.0000,0,1,61210624,4096,1,1,0
165,165_baseline_sequential_run05,baseline,sequential,1778306880.3024437,/big.txt,61210624,131072,sequential,1.0000,0.0000,0,1,61341696,4096,1,1,0
165,165_baseline_sequential_run05,baseline,sequential,1778306880.3038,/big.txt,61341696,131072,sequential,1.0000,0.0000,0,1,61472768,4096,1,1,0
165,165_baseline_sequential_run05,baseline,sequential,1778306880.3051584,/big.txt,61472768,131072,sequential,1.0000,0.0000,0,1,61603840,4096,1,1,0
165,165_baseline_sequential_run05,baseline,sequential,1778306880.3065197,/big.txt,61603840,131072,sequential,1.0000,0.0000,0,1,61734912,4096,1,1,0
165,165_baseline_sequential_run05,baseline,sequential,1778306880.307856,/big.txt,61734912,131072,sequential,1.0000,0.0000,0,1,61865984,4096,1,1,0
165,165_baseline_sequential_run05,baseline,sequential,1778306880.309215,/big.txt,61865984,131072,sequential,1.0000,0.0000,0,1,61997056,4096,1,1,0
165,165_baseline_sequential_run05,baseline,sequential,1778306880.310566,/big.txt,61997056,131072,sequential,1.0000,0.0000,0,1,62128128,4096,1,1,0
165,165_baseline_sequential_run05,baseline,sequential,1778306880.3119059,/big.txt,62128128,131072,sequential,1.0000,0.0000,0,1,62259200,4096,1,1,0
165,165_baseline_sequential_run05,baseline,sequential,1778306880.3132477,/big.txt,62259200,131072,sequential,1.0000,0.0000,0,1,62390272,4096,1,1,0
165,165_baseline_sequential_run05,baseline,sequential,1778306880.3145983,/big.txt,62390272,131072,sequential,1.0000,0.0000,0,1,62521344,4096,1,1,0
165,165_baseline_sequential_run05,baseline,sequential,1778306880.3159254,/big.txt,62521344,131072,sequential,1.0000,0.0000,0,1,62652416,4096,1,1,0
165,165_baseline_sequential_run05,baseline,sequential,1778306880.3172789,/big.txt,62652416,131072,sequential,1.0000,0.0000,0,1,62783488,4096,1,1,0
165,165_baseline_sequential_run05,baseline,sequential,1778306880.31863,/big.txt,62783488,131072,sequential,1.0000,0.0000,0,1,62914560,4096,1,1,0
165,165_baseline_sequential_run05,baseline,sequential,1778306880.3200345,/big.txt,62914560,131072,sequential,1.0000,0.0000,0,1,63045632,4096,1,1,0
165,165_baseline_sequential_run05,baseline,sequential,1778306880.3213835,/big.txt,63045632,131072,sequential,1.0000,0.0000,0,1,63176704,4096,1,1,0
165,165_baseline_sequential_run05,baseline,sequential,1778306880.3227248,/big.txt,63176704,131072,sequential,1.0000,0.0000,0,1,63307776,4096,1,1,0
165,165_baseline_sequential_run05,baseline,sequential,1778306880.324068,/big.txt,63307776,131072,sequential,1.0000,0.0000,0,1,63438848,4096,1,1,0
165,165_baseline_sequential_run05,baseline,sequential,1778306880.32541,/big.txt,63438848,131072,sequential,1.0000,0.0000,0,1,63569920,4096,1,1,0
165,165_baseline_sequential_run05,baseline,sequential,1778306880.3267546,/big.txt,63569920,131072,sequential,1.0000,0.0000,0,1,63700992,4096,1,1,0
165,165_baseline_sequential_run05,baseline,sequential,1778306880.3280983,/big.txt,63700992,131072,sequential,1.0000,0.0000,0,1,63832064,4096,1,1,0
165,165_baseline_sequential_run05,baseline,sequential,1778306880.3294408,/big.txt,63832064,131072,sequential,1.0000,0.0000,0,1,63963136,4096,1,1,0
165,165_baseline_sequential_run05,baseline,sequential,1778306880.330793,/big.txt,63963136,131072,sequential,1.0000,0.0000,0,1,64094208,4096,1,1,0
165,165_baseline_sequential_run05,baseline,sequential,1778306880.332146,/big.txt,64094208,131072,sequential,1.0000,0.0000,0,1,64225280,4096,1,1,0
165,165_baseline_sequential_run05,baseline,sequential,1778306880.3334873,/big.txt,64225280,131072,sequential,1.0000,0.0000,0,1,64356352,4096,1,1,0
165,165_baseline_sequential_run05,baseline,sequential,1778306880.334831,/big.txt,64356352,131072,sequential,1.0000,0.0000,0,1,64487424,4096,1,1,0
165,165_baseline_sequential_run05,baseline,sequential,1778306880.336164,/big.txt,64487424,131072,sequential,1.0000,0.0000,0,1,64618496,4096,1,1,0
165,165_baseline_sequential_run05,baseline,sequential,1778306880.3375015,/big.txt,64618496,131072,sequential,1.0000,0.0000,0,1,64749568,4096,1,1,0
165,165_baseline_sequential_run05,baseline,sequential,1778306880.3388426,/big.txt,64749568,131072,sequential,1.0000,0.0000,0,1,64880640,4096,1,1,0
165,165_baseline_sequential_run05,baseline,sequential,1778306880.340187,/big.txt,64880640,131072,sequential,1.0000,0.0000,0,1,65011712,4096,1,1,0
165,165_baseline_sequential_run05,baseline,sequential,1778306880.3415198,/big.txt,65011712,131072,sequential,1.0000,0.0000,0,1,65142784,4096,1,1,0
165,165_baseline_sequential_run05,baseline,sequential,1778306880.3429284,/big.txt,65142784,131072,sequential,1.0000,0.0000,0,1,65273856,4096,1,1,0
165,165_baseline_sequential_run05,baseline,sequential,1778306880.344263,/big.txt,65273856,131072,sequential,1.0000,0.0000,0,1,65404928,4096,1,1,0
165,165_baseline_sequential_run05,baseline,sequential,1778306880.3456154,/big.txt,65404928,131072,sequential,1.0000,0.0000,0,1,65536000,4096,1,1,0
165,165_baseline_sequential_run05,baseline,sequential,1778306880.3469613,/big.txt,65536000,131072,sequential,1.0000,0.0000,0,1,65667072,4096,1,1,0
165,165_baseline_sequential_run05,baseline,sequential,1778306880.3483148,/big.txt,65667072,131072,sequential,1.0000,0.0000,0,1,65798144,4096,1,1,0
165,165_baseline_sequential_run05,baseline,sequential,1778306880.3496425,/big.txt,65798144,131072,sequential,1.0000,0.0000,0,1,65929216,4096,1,1,0
165,165_baseline_sequential_run05,baseline,sequential,1778306880.3509858,/big.txt,65929216,131072,sequential,1.0000,0.0000,0,1,66060288,4096,1,1,0
165,165_baseline_sequential_run05,baseline,sequential,1778306880.3523195,/big.txt,66060288,131072,sequential,1.0000,0.0000,0,1,66191360,4096,1,1,0
165,165_baseline_sequential_run05,baseline,sequential,1778306880.353665,/big.txt,66191360,131072,sequential,1.0000,0.0000,0,1,66322432,4096,1,1,0
165,165_baseline_sequential_run05,baseline,sequential,1778306880.3550134,/big.txt,66322432,131072,sequential,1.0000,0.0000,0,1,66453504,4096,1,1,0
165,165_baseline_sequential_run05,baseline,sequential,1778306880.356352,/big.txt,66453504,131072,sequential,1.0000,0.0000,0,1,66584576,4096,1,1,0
165,165_baseline_sequential_run05,baseline,sequential,1778306880.3576996,/big.txt,66584576,131072,sequential,1.0000,0.0000,0,1,66715648,4096,1,1,0
165,165_baseline_sequential_run05,baseline,sequential,1778306880.3591042,/big.txt,66715648,131072,sequential,1.0000,0.0000,0,1,66846720,4096,1,1,0
165,165_baseline_sequential_run05,baseline,sequential,1778306880.3604543,/big.txt,66846720,131072,sequential,1.0000,0.0000,0,1,66977792,4096,1,1,0
165,165_baseline_sequential_run05,baseline,sequential,1778306880.3617973,/big.txt,66977792,131072,sequential,1.0000,0.0000,0,1,67108864,4096,1,1,0
165,165_baseline_sequential_run05,baseline,sequential,1778306880.363144,/big.txt,67108864,131072,sequential,1.0000,0.0000,0,1,67239936,4096,1,1,0
165,165_baseline_sequential_run05,baseline,sequential,1778306880.364487,/big.txt,67239936,131072,sequential,1.0000,0.0000,0,1,67371008,4096,1,1,0
165,165_baseline_sequential_run05,baseline,sequential,1778306880.365852,/big.txt,67371008,131072,sequential,1.0000,0.0000,0,1,67502080,4096,1,1,0
165,165_baseline_sequential_run05,baseline,sequential,1778306880.3673067,/big.txt,67502080,131072,sequential,1.0000,0.0000,0,1,67633152,4096,1,1,0
165,165_baseline_sequential_run05,baseline,sequential,1778306880.3686507,/big.txt,67633152,131072,sequential,1.0000,0.0000,0,1,67764224,4096,1,1,0
165,165_baseline_sequential_run05,baseline,sequential,1778306880.3699942,/big.txt,67764224,131072,sequential,1.0000,0.0000,0,1,67895296,4096,1,1,0
165,165_baseline_sequential_run05,baseline,sequential,1778306880.3713605,/big.txt,67895296,131072,sequential,1.0000,0.0000,0,1,68026368,4096,1,1,0
165,165_baseline_sequential_run05,baseline,sequential,1778306880.3727126,/big.txt,68026368,131072,sequential,1.0000,0.0000,0,1,68157440,4096,1,1,0
165,165_baseline_sequential_run05,baseline,sequential,1778306880.3740647,/big.txt,68157440,131072,sequential,1.0000,0.0000,0,1,68288512,4096,1,1,0
165,165_baseline_sequential_run05,baseline,sequential,1778306880.3754208,/big.txt,68288512,131072,sequential,1.0000,0.0000,0,1,68419584,4096,1,1,0
165,165_baseline_sequential_run05,baseline,sequential,1778306880.3767588,/big.txt,68419584,131072,sequential,1.0000,0.0000,0,1,68550656,4096,1,1,0
165,165_baseline_sequential_run05,baseline,sequential,1778306880.3781013,/big.txt,68550656,131072,sequential,1.0000,0.0000,0,1,68681728,4096,1,1,0
165,165_baseline_sequential_run05,baseline,sequential,1778306880.3794482,/big.txt,68681728,131072,sequential,1.0000,0.0000,0,1,68812800,4096,1,1,0
165,165_baseline_sequential_run05,baseline,sequential,1778306880.3807955,/big.txt,68812800,131072,sequential,1.0000,0.0000,0,1,68943872,4096,1,1,0
165,165_baseline_sequential_run05,baseline,sequential,1778306880.382137,/big.txt,68943872,131072,sequential,1.0000,0.0000,0,1,69074944,4096,1,1,0
165,165_baseline_sequential_run05,baseline,sequential,1778306880.3835108,/big.txt,69074944,131072,sequential,1.0000,0.0000,0,1,69206016,4096,1,1,0
165,165_baseline_sequential_run05,baseline,sequential,1778306880.3848524,/big.txt,69206016,131072,sequential,1.0000,0.0000,0,1,69337088,4096,1,1,0
165,165_baseline_sequential_run05,baseline,sequential,1778306880.3861902,/big.txt,69337088,131072,sequential,1.0000,0.0000,0,1,69468160,4096,1,1,0
165,165_baseline_sequential_run05,baseline,sequential,1778306880.3875453,/big.txt,69468160,131072,sequential,1.0000,0.0000,0,1,69599232,4096,1,1,0
165,165_baseline_sequential_run05,baseline,sequential,1778306880.3888948,/big.txt,69599232,131072,sequential,1.0000,0.0000,0,1,69730304,4096,1,1,0
165,165_baseline_sequential_run05,baseline,sequential,1778306880.390241,/big.txt,69730304,131072,sequential,1.0000,0.0000,0,1,69861376,4096,1,1,0
165,165_baseline_sequential_run05,baseline,sequential,1778306880.3915887,/big.txt,69861376,131072,sequential,1.0000,0.0000,0,1,69992448,4096,1,1,0
165,165_baseline_sequential_run05,baseline,sequential,1778306880.3929253,/big.txt,69992448,131072,sequential,1.0000,0.0000,0,1,70123520,4096,1,1,0
165,165_baseline_sequential_run05,baseline,sequential,1778306880.3942604,/big.txt,70123520,131072,sequential,1.0000,0.0000,0,1,70254592,4096,1,1,0
165,165_baseline_sequential_run05,baseline,sequential,1778306880.3956203,/big.txt,70254592,131072,sequential,1.0000,0.0000,0,1,70385664,4096,1,1,0
165,165_baseline_sequential_run05,baseline,sequential,1778306880.396979,/big.txt,70385664,131072,sequential,1.0000,0.0000,0,1,70516736,4096,1,1,0
165,165_baseline_sequential_run05,baseline,sequential,1778306880.3983276,/big.txt,70516736,131072,sequential,1.0000,0.0000,0,1,70647808,4096,1,1,0
165,165_baseline_sequential_run05,baseline,sequential,1778306880.39969,/big.txt,70647808,131072,sequential,1.0000,0.0000,0,1,70778880,4096,1,1,0
165,165_baseline_sequential_run05,baseline,sequential,1778306880.4010458,/big.txt,70778880,131072,sequential,1.0000,0.0000,0,1,70909952,4096,1,1,0
165,165_baseline_sequential_run05,baseline,sequential,1778306880.402407,/big.txt,70909952,131072,sequential,1.0000,0.0000,0,1,71041024,4096,1,1,0
165,165_baseline_sequential_run05,baseline,sequential,1778306880.4037619,/big.txt,71041024,131072,sequential,1.0000,0.0000,0,1,71172096,4096,1,1,0
165,165_baseline_sequential_run05,baseline,sequential,1778306880.4051626,/big.txt,71172096,131072,sequential,1.0000,0.0000,0,1,71303168,4096,1,1,0
165,165_baseline_sequential_run05,baseline,sequential,1778306880.4065106,/big.txt,71303168,131072,sequential,1.0000,0.0000,0,1,71434240,4096,1,1,0
165,165_baseline_sequential_run05,baseline,sequential,1778306880.4078526,/big.txt,71434240,131072,sequential,1.0000,0.0000,0,1,71565312,4096,1,1,0
165,165_baseline_sequential_run05,baseline,sequential,1778306880.4092438,/big.txt,71565312,131072,sequential,1.0000,0.0000,0,1,71696384,4096,1,1,0
165,165_baseline_sequential_run05,baseline,sequential,1778306880.4105911,/big.txt,71696384,131072,sequential,1.0000,0.0000,0,1,71827456,4096,1,1,0
165,165_baseline_sequential_run05,baseline,sequential,1778306880.4119198,/big.txt,71827456,131072,sequential,1.0000,0.0000,0,1,71958528,4096,1,1,0
165,165_baseline_sequential_run05,baseline,sequential,1778306880.4132745,/big.txt,71958528,131072,sequential,1.0000,0.0000,0,1,72089600,4096,1,1,0
165,165_baseline_sequential_run05,baseline,sequential,1778306880.4146295,/big.txt,72089600,131072,sequential,1.0000,0.0000,0,1,72220672,4096,1,1,0
165,165_baseline_sequential_run05,baseline,sequential,1778306880.4160004,/big.txt,72220672,131072,sequential,1.0000,0.0000,0,1,72351744,4096,1,1,0
165,165_baseline_sequential_run05,baseline,sequential,1778306880.4173455,/big.txt,72351744,131072,sequential,1.0000,0.0000,0,1,72482816,4096,1,1,0
165,165_baseline_sequential_run05,baseline,sequential,1778306880.4187028,/big.txt,72482816,131072,sequential,1.0000,0.0000,0,1,72613888,4096,1,1,0
165,165_baseline_sequential_run05,baseline,sequential,1778306880.4201126,/big.txt,72613888,131072,sequential,1.0000,0.0000,0,1,72744960,4096,1,1,0
165,165_baseline_sequential_run05,baseline,sequential,1778306880.4214642,/big.txt,72744960,131072,sequential,1.0000,0.0000,0,1,72876032,4096,1,1,0
165,165_baseline_sequential_run05,baseline,sequential,1778306880.4228158,/big.txt,72876032,131072,sequential,1.0000,0.0000,0,1,73007104,4096,1,1,0
165,165_baseline_sequential_run05,baseline,sequential,1778306880.4241624,/big.txt,73007104,131072,sequential,1.0000,0.0000,0,1,73138176,4096,1,1,0
165,165_baseline_sequential_run05,baseline,sequential,1778306880.4255047,/big.txt,73138176,131072,sequential,1.0000,0.0000,0,1,73269248,4096,1,1,0
165,165_baseline_sequential_run05,baseline,sequential,1778306880.4268425,/big.txt,73269248,131072,sequential,1.0000,0.0000,0,1,73400320,4096,1,1,0
165,165_baseline_sequential_run05,baseline,sequential,1778306880.4281657,/big.txt,73400320,131072,sequential,1.0000,0.0000,0,1,73531392,4096,1,1,0
165,165_baseline_sequential_run05,baseline,sequential,1778306880.4295144,/big.txt,73531392,131072,sequential,1.0000,0.0000,0,1,73662464,4096,1,1,0
165,165_baseline_sequential_run05,baseline,sequential,1778306880.430876,/big.txt,73662464,131072,sequential,1.0000,0.0000,0,1,73793536,4096,1,1,0
165,165_baseline_sequential_run05,baseline,sequential,1778306880.4322119,/big.txt,73793536,131072,sequential,1.0000,0.0000,0,1,73924608,4096,1,1,0
165,165_baseline_sequential_run05,baseline,sequential,1778306880.4335582,/big.txt,73924608,131072,sequential,1.0000,0.0000,0,1,74055680,4096,1,1,0
165,165_baseline_sequential_run05,baseline,sequential,1778306880.4349892,/big.txt,74055680,131072,sequential,1.0000,0.0000,0,1,74186752,4096,1,1,0
165,165_baseline_sequential_run05,baseline,sequential,1778306880.436335,/big.txt,74186752,131072,sequential,1.0000,0.0000,0,1,74317824,4096,1,1,0
165,165_baseline_sequential_run05,baseline,sequential,1778306880.4376812,/big.txt,74317824,131072,sequential,1.0000,0.0000,0,1,74448896,4096,1,1,0
165,165_baseline_sequential_run05,baseline,sequential,1778306880.4390278,/big.txt,74448896,131072,sequential,1.0000,0.0000,0,1,74579968,4096,1,1,0
165,165_baseline_sequential_run05,baseline,sequential,1778306880.4403653,/big.txt,74579968,131072,sequential,1.0000,0.0000,0,1,74711040,4096,1,1,0
165,165_baseline_sequential_run05,baseline,sequential,1778306880.4417207,/big.txt,74711040,131072,sequential,1.0000,0.0000,0,1,74842112,4096,1,1,0
165,165_baseline_sequential_run05,baseline,sequential,1778306880.4430692,/big.txt,74842112,131072,sequential,1.0000,0.0000,0,1,74973184,4096,1,1,0
165,165_baseline_sequential_run05,baseline,sequential,1778306880.4444134,/big.txt,74973184,131072,sequential,1.0000,0.0000,0,1,75104256,4096,1,1,0
165,165_baseline_sequential_run05,baseline,sequential,1778306880.4457552,/big.txt,75104256,131072,sequential,1.0000,0.0000,0,1,75235328,4096,1,1,0
165,165_baseline_sequential_run05,baseline,sequential,1778306880.4471657,/big.txt,75235328,131072,sequential,1.0000,0.0000,0,1,75366400,4096,1,1,0
165,165_baseline_sequential_run05,baseline,sequential,1778306880.4485078,/big.txt,75366400,131072,sequential,1.0000,0.0000,0,1,75497472,4096,1,1,0
165,165_baseline_sequential_run05,baseline,sequential,1778306880.4498587,/big.txt,75497472,131072,sequential,1.0000,0.0000,0,1,75628544,4096,1,1,0
165,165_baseline_sequential_run05,baseline,sequential,1778306880.4511948,/big.txt,75628544,131072,sequential,1.0000,0.0000,0,1,75759616,4096,1,1,0
165,165_baseline_sequential_run05,baseline,sequential,1778306880.4525516,/big.txt,75759616,131072,sequential,1.0000,0.0000,0,1,75890688,4096,1,1,0
165,165_baseline_sequential_run05,baseline,sequential,1778306880.4538984,/big.txt,75890688,131072,sequential,1.0000,0.0000,0,1,76021760,4096,1,1,0
165,165_baseline_sequential_run05,baseline,sequential,1778306880.4552407,/big.txt,76021760,131072,sequential,1.0000,0.0000,0,1,76152832,4096,1,1,0
165,165_baseline_sequential_run05,baseline,sequential,1778306880.4565854,/big.txt,76152832,131072,sequential,1.0000,0.0000,0,1,76283904,4096,1,1,0
165,165_baseline_sequential_run05,baseline,sequential,1778306880.4579475,/big.txt,76283904,131072,sequential,1.0000,0.0000,0,1,76414976,4096,1,1,0
165,165_baseline_sequential_run05,baseline,sequential,1778306880.459323,/big.txt,76414976,131072,sequential,1.0000,0.0000,0,1,76546048,4096,1,1,0
165,165_baseline_sequential_run05,baseline,sequential,1778306880.460665,/big.txt,76546048,131072,sequential,1.0000,0.0000,0,1,76677120,4096,1,1,0
165,165_baseline_sequential_run05,baseline,sequential,1778306880.4619975,/big.txt,76677120,131072,sequential,1.0000,0.0000,0,1,76808192,4096,1,1,0
165,165_baseline_sequential_run05,baseline,sequential,1778306880.4634533,/big.txt,76808192,131072,sequential,1.0000,0.0000,0,1,76939264,4096,1,1,0
165,165_baseline_sequential_run05,baseline,sequential,1778306880.4648046,/big.txt,76939264,131072,sequential,1.0000,0.0000,0,1,77070336,4096,1,1,0
165,165_baseline_sequential_run05,baseline,sequential,1778306880.466143,/big.txt,77070336,131072,sequential,1.0000,0.0000,0,1,77201408,4096,1,1,0
165,165_baseline_sequential_run05,baseline,sequential,1778306880.4675086,/big.txt,77201408,131072,sequential,1.0000,0.0000,0,1,77332480,4096,1,1,0
165,165_baseline_sequential_run05,baseline,sequential,1778306880.4688437,/big.txt,77332480,131072,sequential,1.0000,0.0000,0,1,77463552,4096,1,1,0
165,165_baseline_sequential_run05,baseline,sequential,1778306880.4701757,/big.txt,77463552,131072,sequential,1.0000,0.0000,0,1,77594624,4096,1,1,0
165,165_baseline_sequential_run05,baseline,sequential,1778306880.4715223,/big.txt,77594624,131072,sequential,1.0000,0.0000,0,1,77725696,4096,1,1,0
165,165_baseline_sequential_run05,baseline,sequential,1778306880.4728653,/big.txt,77725696,131072,sequential,1.0000,0.0000,0,1,77856768,4096,1,1,0
165,165_baseline_sequential_run05,baseline,sequential,1778306880.474212,/big.txt,77856768,131072,sequential,1.0000,0.0000,0,1,77987840,4096,1,1,0
165,165_baseline_sequential_run05,baseline,sequential,1778306880.4755638,/big.txt,77987840,131072,sequential,1.0000,0.0000,0,1,78118912,4096,1,1,0
165,165_baseline_sequential_run05,baseline,sequential,1778306880.4769099,/big.txt,78118912,131072,sequential,1.0000,0.0000,0,1,78249984,4096,1,1,0
165,165_baseline_sequential_run05,baseline,sequential,1778306880.4782538,/big.txt,78249984,131072,sequential,1.0000,0.0000,0,1,78381056,4096,1,1,0
165,165_baseline_sequential_run05,baseline,sequential,1778306880.4796238,/big.txt,78381056,131072,sequential,1.0000,0.0000,0,1,78512128,4096,1,1,0
165,165_baseline_sequential_run05,baseline,sequential,1778306880.480963,/big.txt,78512128,131072,sequential,1.0000,0.0000,0,1,78643200,4096,1,1,0
165,165_baseline_sequential_run05,baseline,sequential,1778306880.4823048,/big.txt,78643200,131072,sequential,1.0000,0.0000,0,1,78774272,4096,1,1,0
165,165_baseline_sequential_run05,baseline,sequential,1778306880.4836652,/big.txt,78774272,131072,sequential,1.0000,0.0000,0,1,78905344,4096,1,1,0
165,165_baseline_sequential_run05,baseline,sequential,1778306880.4850247,/big.txt,78905344,131072,sequential,1.0000,0.0000,0,1,79036416,4096,1,1,0
165,165_baseline_sequential_run05,baseline,sequential,1778306880.4863703,/big.txt,79036416,131072,sequential,1.0000,0.0000,0,1,79167488,4096,1,1,0
165,165_baseline_sequential_run05,baseline,sequential,1778306880.487727,/big.txt,79167488,131072,sequential,1.0000,0.0000,0,1,79298560,4096,1,1,0
165,165_baseline_sequential_run05,baseline,sequential,1778306880.489137,/big.txt,79298560,131072,sequential,1.0000,0.0000,0,1,79429632,4096,1,1,0
165,165_baseline_sequential_run05,baseline,sequential,1778306880.4904864,/big.txt,79429632,131072,sequential,1.0000,0.0000,0,1,79560704,4096,1,1,0
165,165_baseline_sequential_run05,baseline,sequential,1778306880.4918208,/big.txt,79560704,131072,sequential,1.0000,0.0000,0,1,79691776,4096,1,1,0
165,165_baseline_sequential_run05,baseline,sequential,1778306880.4931562,/big.txt,79691776,131072,sequential,1.0000,0.0000,0,1,79822848,4096,1,1,0
165,165_baseline_sequential_run05,baseline,sequential,1778306880.494495,/big.txt,79822848,131072,sequential,1.0000,0.0000,0,1,79953920,4096,1,1,0
165,165_baseline_sequential_run05,baseline,sequential,1778306880.4958355,/big.txt,79953920,131072,sequential,1.0000,0.0000,0,1,80084992,4096,1,1,0
165,165_baseline_sequential_run05,baseline,sequential,1778306880.4971876,/big.txt,80084992,131072,sequential,1.0000,0.0000,0,1,80216064,4096,1,1,0
165,165_baseline_sequential_run05,baseline,sequential,1778306880.498523,/big.txt,80216064,131072,sequential,1.0000,0.0000,0,1,80347136,4096,1,1,0
165,165_baseline_sequential_run05,baseline,sequential,1778306880.4998534,/big.txt,80347136,131072,sequential,1.0000,0.0000,0,1,80478208,4096,1,1,0
165,165_baseline_sequential_run05,baseline,sequential,1778306880.5011845,/big.txt,80478208,131072,sequential,1.0000,0.0000,0,1,80609280,4096,1,1,0
165,165_baseline_sequential_run05,baseline,sequential,1778306880.5025265,/big.txt,80609280,131072,sequential,1.0000,0.0000,0,1,80740352,4096,1,1,0
165,165_baseline_sequential_run05,baseline,sequential,1778306880.5038388,/big.txt,80740352,131072,sequential,1.0000,0.0000,0,1,80871424,4096,1,1,0
165,165_baseline_sequential_run05,baseline,sequential,1778306880.505174,/big.txt,80871424,131072,sequential,1.0000,0.0000,0,1,81002496,4096,1,1,0
165,165_baseline_sequential_run05,baseline,sequential,1778306880.5065238,/big.txt,81002496,131072,sequential,1.0000,0.0000,0,1,81133568,4096,1,1,0
165,165_baseline_sequential_run05,baseline,sequential,1778306880.50786,/big.txt,81133568,131072,sequential,1.0000,0.0000,0,1,81264640,4096,1,1,0
165,165_baseline_sequential_run05,baseline,sequential,1778306880.5092018,/big.txt,81264640,131072,sequential,1.0000,0.0000,0,1,81395712,4096,1,1,0
165,165_baseline_sequential_run05,baseline,sequential,1778306880.5105448,/big.txt,81395712,131072,sequential,1.0000,0.0000,0,1,81526784,4096,1,1,0
165,165_baseline_sequential_run05,baseline,sequential,1778306880.511872,/big.txt,81526784,131072,sequential,1.0000,0.0000,0,1,81657856,4096,1,1,0
165,165_baseline_sequential_run05,baseline,sequential,1778306880.5132117,/big.txt,81657856,131072,sequential,1.0000,0.0000,0,1,81788928,4096,1,1,0
165,165_baseline_sequential_run05,baseline,sequential,1778306880.5145507,/big.txt,81788928,131072,sequential,1.0000,0.0000,0,1,81920000,4096,1,1,0
165,165_baseline_sequential_run05,baseline,sequential,1778306880.5158656,/big.txt,81920000,131072,sequential,1.0000,0.0000,0,1,82051072,4096,1,1,0
165,165_baseline_sequential_run05,baseline,sequential,1778306880.5172105,/big.txt,82051072,131072,sequential,1.0000,0.0000,0,1,82182144,4096,1,1,0
165,165_baseline_sequential_run05,baseline,sequential,1778306880.5185597,/big.txt,82182144,131072,sequential,1.0000,0.0000,0,1,82313216,4096,1,1,0
165,165_baseline_sequential_run05,baseline,sequential,1778306880.5198774,/big.txt,82313216,131072,sequential,1.0000,0.0000,0,1,82444288,4096,1,1,0
165,165_baseline_sequential_run05,baseline,sequential,1778306880.521216,/big.txt,82444288,131072,sequential,1.0000,0.0000,0,1,82575360,4096,1,1,0
165,165_baseline_sequential_run05,baseline,sequential,1778306880.5225716,/big.txt,82575360,131072,sequential,1.0000,0.0000,0,1,82706432,4096,1,1,0
165,165_baseline_sequential_run05,baseline,sequential,1778306880.5239007,/big.txt,82706432,131072,sequential,1.0000,0.0000,0,1,82837504,4096,1,1,0
165,165_baseline_sequential_run05,baseline,sequential,1778306880.5252473,/big.txt,82837504,131072,sequential,1.0000,0.0000,0,1,82968576,4096,1,1,0
165,165_baseline_sequential_run05,baseline,sequential,1778306880.5265872,/big.txt,82968576,131072,sequential,1.0000,0.0000,0,1,83099648,4096,1,1,0
165,165_baseline_sequential_run05,baseline,sequential,1778306880.5278947,/big.txt,83099648,131072,sequential,1.0000,0.0000,0,1,83230720,4096,1,1,0
165,165_baseline_sequential_run05,baseline,sequential,1778306880.5292466,/big.txt,83230720,131072,sequential,1.0000,0.0000,0,1,83361792,4096,1,1,0
165,165_baseline_sequential_run05,baseline,sequential,1778306880.5305896,/big.txt,83361792,131072,sequential,1.0000,0.0000,0,1,83492864,4096,1,1,0
165,165_baseline_sequential_run05,baseline,sequential,1778306880.5319304,/big.txt,83492864,131072,sequential,1.0000,0.0000,0,1,83623936,4096,1,1,0
165,165_baseline_sequential_run05,baseline,sequential,1778306880.533283,/big.txt,83623936,131072,sequential,1.0000,0.0000,0,1,83755008,4096,1,1,0
165,165_baseline_sequential_run05,baseline,sequential,1778306880.5346332,/big.txt,83755008,131072,sequential,1.0000,0.0000,0,1,83886080,4096,1,1,0
165,165_baseline_sequential_run05,baseline,sequential,1778306880.5359876,/big.txt,83886080,131072,sequential,1.0000,0.0000,0,1,84017152,4096,1,1,0
165,165_baseline_sequential_run05,baseline,sequential,1778306880.5373292,/big.txt,84017152,131072,sequential,1.0000,0.0000,0,1,84148224,4096,1,1,0
165,165_baseline_sequential_run05,baseline,sequential,1778306880.538669,/big.txt,84148224,131072,sequential,1.0000,0.0000,0,1,84279296,4096,1,1,0
165,165_baseline_sequential_run05,baseline,sequential,1778306880.5401223,/big.txt,84279296,131072,sequential,1.0000,0.0000,0,1,84410368,4096,1,1,0
165,165_baseline_sequential_run05,baseline,sequential,1778306880.5414565,/big.txt,84410368,131072,sequential,1.0000,0.0000,0,1,84541440,4096,1,1,0
165,165_baseline_sequential_run05,baseline,sequential,1778306880.5428104,/big.txt,84541440,131072,sequential,1.0000,0.0000,0,1,84672512,4096,1,1,0
165,165_baseline_sequential_run05,baseline,sequential,1778306880.544164,/big.txt,84672512,131072,sequential,1.0000,0.0000,0,1,84803584,4096,1,1,0
165,165_baseline_sequential_run05,baseline,sequential,1778306880.5454946,/big.txt,84803584,131072,sequential,1.0000,0.0000,0,1,84934656,4096,1,1,0
165,165_baseline_sequential_run05,baseline,sequential,1778306880.5468464,/big.txt,84934656,131072,sequential,1.0000,0.0000,0,1,85065728,4096,1,1,0
165,165_baseline_sequential_run05,baseline,sequential,1778306880.5481865,/big.txt,85065728,131072,sequential,1.0000,0.0000,0,1,85196800,4096,1,1,0
165,165_baseline_sequential_run05,baseline,sequential,1778306880.5495481,/big.txt,85196800,131072,sequential,1.0000,0.0000,0,1,85327872,4096,1,1,0
165,165_baseline_sequential_run05,baseline,sequential,1778306880.5509672,/big.txt,85327872,131072,sequential,1.0000,0.0000,0,1,85458944,4096,1,1,0
165,165_baseline_sequential_run05,baseline,sequential,1778306880.552309,/big.txt,85458944,131072,sequential,1.0000,0.0000,0,1,85590016,4096,1,1,0
165,165_baseline_sequential_run05,baseline,sequential,1778306880.553654,/big.txt,85590016,131072,sequential,1.0000,0.0000,0,1,85721088,4096,1,1,0
165,165_baseline_sequential_run05,baseline,sequential,1778306880.5550113,/big.txt,85721088,131072,sequential,1.0000,0.0000,0,1,85852160,4096,1,1,0
165,165_baseline_sequential_run05,baseline,sequential,1778306880.5563512,/big.txt,85852160,131072,sequential,1.0000,0.0000,0,1,85983232,4096,1,1,0
165,165_baseline_sequential_run05,baseline,sequential,1778306880.557694,/big.txt,85983232,131072,sequential,1.0000,0.0000,0,1,86114304,4096,1,1,0
165,165_baseline_sequential_run05,baseline,sequential,1778306880.5590405,/big.txt,86114304,131072,sequential,1.0000,0.0000,0,1,86245376,4096,1,1,0
165,165_baseline_sequential_run05,baseline,sequential,1778306880.5603702,/big.txt,86245376,131072,sequential,1.0000,0.0000,0,1,86376448,4096,1,1,0
165,165_baseline_sequential_run05,baseline,sequential,1778306880.5617123,/big.txt,86376448,131072,sequential,1.0000,0.0000,0,1,86507520,4096,1,1,0
165,165_baseline_sequential_run05,baseline,sequential,1778306880.56309,/big.txt,86507520,131072,sequential,1.0000,0.0000,0,1,86638592,4096,1,1,0
165,165_baseline_sequential_run05,baseline,sequential,1778306880.564437,/big.txt,86638592,131072,sequential,1.0000,0.0000,0,1,86769664,4096,1,1,0
165,165_baseline_sequential_run05,baseline,sequential,1778306880.5657713,/big.txt,86769664,131072,sequential,1.0000,0.0000,0,1,86900736,4096,1,1,0
165,165_baseline_sequential_run05,baseline,sequential,1778306880.5671222,/big.txt,86900736,131072,sequential,1.0000,0.0000,0,1,87031808,4096,1,1,0
165,165_baseline_sequential_run05,baseline,sequential,1778306880.5684695,/big.txt,87031808,131072,sequential,1.0000,0.0000,0,1,87162880,4096,1,1,0
165,165_baseline_sequential_run05,baseline,sequential,1778306880.5698164,/big.txt,87162880,131072,sequential,1.0000,0.0000,0,1,87293952,4096,1,1,0
165,165_baseline_sequential_run05,baseline,sequential,1778306880.5712574,/big.txt,87293952,131072,sequential,1.0000,0.0000,0,1,87425024,4096,1,1,0
165,165_baseline_sequential_run05,baseline,sequential,1778306880.5726056,/big.txt,87425024,131072,sequential,1.0000,0.0000,0,1,87556096,4096,1,1,0
165,165_baseline_sequential_run05,baseline,sequential,1778306880.5739453,/big.txt,87556096,131072,sequential,1.0000,0.0000,0,1,87687168,4096,1,1,0
165,165_baseline_sequential_run05,baseline,sequential,1778306880.5753045,/big.txt,87687168,131072,sequential,1.0000,0.0000,0,1,87818240,4096,1,1,0
165,165_baseline_sequential_run05,baseline,sequential,1778306880.5766523,/big.txt,87818240,131072,sequential,1.0000,0.0000,0,1,87949312,4096,1,1,0
165,165_baseline_sequential_run05,baseline,sequential,1778306880.5779908,/big.txt,87949312,131072,sequential,1.0000,0.0000,0,1,88080384,4096,1,1,0
165,165_baseline_sequential_run05,baseline,sequential,1778306880.5793543,/big.txt,88080384,131072,sequential,1.0000,0.0000,0,1,88211456,4096,1,1,0
165,165_baseline_sequential_run05,baseline,sequential,1778306880.5807064,/big.txt,88211456,131072,sequential,1.0000,0.0000,0,1,88342528,4096,1,1,0
165,165_baseline_sequential_run05,baseline,sequential,1778306880.5820427,/big.txt,88342528,131072,sequential,1.0000,0.0000,0,1,88473600,4096,1,1,0
165,165_baseline_sequential_run05,baseline,sequential,1778306880.5833929,/big.txt,88473600,131072,sequential,1.0000,0.0000,0,1,88604672,4096,1,1,0
165,165_baseline_sequential_run05,baseline,sequential,1778306880.5847397,/big.txt,88604672,131072,sequential,1.0000,0.0000,0,1,88735744,4096,1,1,0
165,165_baseline_sequential_run05,baseline,sequential,1778306880.5860806,/big.txt,88735744,131072,sequential,1.0000,0.0000,0,1,88866816,4096,1,1,0
165,165_baseline_sequential_run05,baseline,sequential,1778306880.5874455,/big.txt,88866816,131072,sequential,1.0000,0.0000,0,1,88997888,4096,1,1,0
165,165_baseline_sequential_run05,baseline,sequential,1778306880.5888069,/big.txt,88997888,131072,sequential,1.0000,0.0000,0,1,89128960,4096,1,1,0
165,165_baseline_sequential_run05,baseline,sequential,1778306880.590151,/big.txt,89128960,131072,sequential,1.0000,0.0000,0,1,89260032,4096,1,1,0
165,165_baseline_sequential_run05,baseline,sequential,1778306880.5915122,/big.txt,89260032,131072,sequential,1.0000,0.0000,0,1,89391104,4096,1,1,0
165,165_baseline_sequential_run05,baseline,sequential,1778306880.592853,/big.txt,89391104,131072,sequential,1.0000,0.0000,0,1,89522176,4096,1,1,0
165,165_baseline_sequential_run05,baseline,sequential,1778306880.5941985,/big.txt,89522176,131072,sequential,1.0000,0.0000,0,1,89653248,4096,1,1,0
165,165_baseline_sequential_run05,baseline,sequential,1778306880.595557,/big.txt,89653248,131072,sequential,1.0000,0.0000,0,1,89784320,4096,1,1,0
165,165_baseline_sequential_run05,baseline,sequential,1778306880.5969086,/big.txt,89784320,131072,sequential,1.0000,0.0000,0,1,89915392,4096,1,1,0
165,165_baseline_sequential_run05,baseline,sequential,1778306880.5982554,/big.txt,89915392,131072,sequential,1.0000,0.0000,0,1,90046464,4096,1,1,0
165,165_baseline_sequential_run05,baseline,sequential,1778306880.5996237,/big.txt,90046464,131072,sequential,1.0000,0.0000,0,1,90177536,4096,1,1,0
165,165_baseline_sequential_run05,baseline,sequential,1778306880.6009712,/big.txt,90177536,131072,sequential,1.0000,0.0000,0,1,90308608,4096,1,1,0
165,165_baseline_sequential_run05,baseline,sequential,1778306880.6023152,/big.txt,90308608,131072,sequential,1.0000,0.0000,0,1,90439680,4096,1,1,0
165,165_baseline_sequential_run05,baseline,sequential,1778306880.603675,/big.txt,90439680,131072,sequential,1.0000,0.0000,0,1,90570752,4096,1,1,0
165,165_baseline_sequential_run05,baseline,sequential,1778306880.6050286,/big.txt,90570752,131072,sequential,1.0000,0.0000,0,1,90701824,4096,1,1,0
165,165_baseline_sequential_run05,baseline,sequential,1778306880.6063802,/big.txt,90701824,131072,sequential,1.0000,0.0000,0,1,90832896,4096,1,1,0
165,165_baseline_sequential_run05,baseline,sequential,1778306880.607726,/big.txt,90832896,131072,sequential,1.0000,0.0000,0,1,90963968,4096,1,1,0
165,165_baseline_sequential_run05,baseline,sequential,1778306880.6091082,/big.txt,90963968,131072,sequential,1.0000,0.0000,0,1,91095040,4096,1,1,0
165,165_baseline_sequential_run05,baseline,sequential,1778306880.6104715,/big.txt,91095040,131072,sequential,1.0000,0.0000,0,1,91226112,4096,1,1,0
165,165_baseline_sequential_run05,baseline,sequential,1778306880.6118202,/big.txt,91226112,131072,sequential,1.0000,0.0000,0,1,91357184,4096,1,1,0
165,165_baseline_sequential_run05,baseline,sequential,1778306880.6131787,/big.txt,91357184,131072,sequential,1.0000,0.0000,0,1,91488256,4096,1,1,0
165,165_baseline_sequential_run05,baseline,sequential,1778306880.61453,/big.txt,91488256,131072,sequential,1.0000,0.0000,0,1,91619328,4096,1,1,0
165,165_baseline_sequential_run05,baseline,sequential,1778306880.6158786,/big.txt,91619328,131072,sequential,1.0000,0.0000,0,1,91750400,4096,1,1,0
165,165_baseline_sequential_run05,baseline,sequential,1778306880.617233,/big.txt,91750400,131072,sequential,1.0000,0.0000,0,1,91881472,4096,1,1,0
165,165_baseline_sequential_run05,baseline,sequential,1778306880.6185842,/big.txt,91881472,131072,sequential,1.0000,0.0000,0,1,92012544,4096,1,1,0
165,165_baseline_sequential_run05,baseline,sequential,1778306880.6199179,/big.txt,92012544,131072,sequential,1.0000,0.0000,0,1,92143616,4096,1,1,0
165,165_baseline_sequential_run05,baseline,sequential,1778306880.6212702,/big.txt,92143616,131072,sequential,1.0000,0.0000,0,1,92274688,4096,1,1,0
165,165_baseline_sequential_run05,baseline,sequential,1778306880.6226153,/big.txt,92274688,131072,sequential,1.0000,0.0000,0,1,92405760,4096,1,1,0
165,165_baseline_sequential_run05,baseline,sequential,1778306880.623953,/big.txt,92405760,131072,sequential,1.0000,0.0000,0,1,92536832,4096,1,1,0
165,165_baseline_sequential_run05,baseline,sequential,1778306880.6252983,/big.txt,92536832,131072,sequential,1.0000,0.0000,0,1,92667904,4096,1,1,0
165,165_baseline_sequential_run05,baseline,sequential,1778306880.6266418,/big.txt,92667904,131072,sequential,1.0000,0.0000,0,1,92798976,4096,1,1,0
165,165_baseline_sequential_run05,baseline,sequential,1778306880.6280038,/big.txt,92798976,131072,sequential,1.0000,0.0000,0,1,92930048,4096,1,1,0
165,165_baseline_sequential_run05,baseline,sequential,1778306880.629348,/big.txt,92930048,131072,sequential,1.0000,0.0000,0,1,93061120,4096,1,1,0
165,165_baseline_sequential_run05,baseline,sequential,1778306880.6306894,/big.txt,93061120,131072,sequential,1.0000,0.0000,0,1,93192192,4096,1,1,0
165,165_baseline_sequential_run05,baseline,sequential,1778306880.632069,/big.txt,93192192,131072,sequential,1.0000,0.0000,0,1,93323264,4096,1,1,0
165,165_baseline_sequential_run05,baseline,sequential,1778306880.6334238,/big.txt,93323264,131072,sequential,1.0000,0.0000,0,1,93454336,4096,1,1,0
165,165_baseline_sequential_run05,baseline,sequential,1778306880.6347759,/big.txt,93454336,131072,sequential,1.0000,0.0000,0,1,93585408,4096,1,1,0
165,165_baseline_sequential_run05,baseline,sequential,1778306880.636105,/big.txt,93585408,131072,sequential,1.0000,0.0000,0,1,93716480,4096,1,1,0
165,165_baseline_sequential_run05,baseline,sequential,1778306880.6374636,/big.txt,93716480,131072,sequential,1.0000,0.0000,0,1,93847552,4096,1,1,0
165,165_baseline_sequential_run05,baseline,sequential,1778306880.638816,/big.txt,93847552,131072,sequential,1.0000,0.0000,0,1,93978624,4096,1,1,0
165,165_baseline_sequential_run05,baseline,sequential,1778306880.6401558,/big.txt,93978624,131072,sequential,1.0000,0.0000,0,1,94109696,4096,1,1,0
165,165_baseline_sequential_run05,baseline,sequential,1778306880.641535,/big.txt,94109696,131072,sequential,1.0000,0.0000,0,1,94240768,4096,1,1,0
165,165_baseline_sequential_run05,baseline,sequential,1778306880.642886,/big.txt,94240768,131072,sequential,1.0000,0.0000,0,1,94371840,4096,1,1,0
165,165_baseline_sequential_run05,baseline,sequential,1778306880.6442406,/big.txt,94371840,131072,sequential,1.0000,0.0000,0,1,94502912,4096,1,1,0
165,165_baseline_sequential_run05,baseline,sequential,1778306880.6455922,/big.txt,94502912,131072,sequential,1.0000,0.0000,0,1,94633984,4096,1,1,0
165,165_baseline_sequential_run05,baseline,sequential,1778306880.647101,/big.txt,94633984,131072,sequential,1.0000,0.0000,0,1,94765056,4096,1,1,0
165,165_baseline_sequential_run05,baseline,sequential,1778306880.649778,/big.txt,94765056,131072,sequential,1.0000,0.0000,0,1,94896128,4096,1,1,0
165,165_baseline_sequential_run05,baseline,sequential,1778306880.6524704,/big.txt,94896128,131072,sequential,1.0000,0.0000,0,1,95027200,4096,1,1,0
165,165_baseline_sequential_run05,baseline,sequential,1778306880.655143,/big.txt,95027200,131072,sequential,1.0000,0.0000,0,1,95158272,4096,1,1,0
165,165_baseline_sequential_run05,baseline,sequential,1778306880.6578083,/big.txt,95158272,131072,sequential,1.0000,0.0000,0,1,95289344,4096,1,1,0
165,165_baseline_sequential_run05,baseline,sequential,1778306880.6592972,/big.txt,95289344,131072,sequential,1.0000,0.0000,0,1,95420416,4096,1,1,0
165,165_baseline_sequential_run05,baseline,sequential,1778306880.6606493,/big.txt,95420416,131072,sequential,1.0000,0.0000,0,1,95551488,4096,1,1,0
165,165_baseline_sequential_run05,baseline,sequential,1778306880.6620035,/big.txt,95551488,131072,sequential,1.0000,0.0000,0,1,95682560,4096,1,1,0
165,165_baseline_sequential_run05,baseline,sequential,1778306880.6633666,/big.txt,95682560,131072,sequential,1.0000,0.0000,0,1,95813632,4096,1,1,0
165,165_baseline_sequential_run05,baseline,sequential,1778306880.6647093,/big.txt,95813632,131072,sequential,1.0000,0.0000,0,1,95944704,4096,1,1,0
165,165_baseline_sequential_run05,baseline,sequential,1778306880.6660528,/big.txt,95944704,131072,sequential,1.0000,0.0000,0,1,96075776,4096,1,1,0
165,165_baseline_sequential_run05,baseline,sequential,1778306880.6674147,/big.txt,96075776,131072,sequential,1.0000,0.0000,0,1,96206848,4096,1,1,0
165,165_baseline_sequential_run05,baseline,sequential,1778306880.6687627,/big.txt,96206848,131072,sequential,1.0000,0.0000,0,1,96337920,4096,1,1,0
165,165_baseline_sequential_run05,baseline,sequential,1778306880.6701024,/big.txt,96337920,131072,sequential,1.0000,0.0000,0,1,96468992,4096,1,1,0
165,165_baseline_sequential_run05,baseline,sequential,1778306880.6714582,/big.txt,96468992,131072,sequential,1.0000,0.0000,0,1,96600064,4096,1,1,0
165,165_baseline_sequential_run05,baseline,sequential,1778306880.6727955,/big.txt,96600064,131072,sequential,1.0000,0.0000,0,1,96731136,4096,1,1,0
165,165_baseline_sequential_run05,baseline,sequential,1778306880.6741397,/big.txt,96731136,131072,sequential,1.0000,0.0000,0,1,96862208,4096,1,1,0
165,165_baseline_sequential_run05,baseline,sequential,1778306880.6754992,/big.txt,96862208,131072,sequential,1.0000,0.0000,0,1,96993280,4096,1,1,0
165,165_baseline_sequential_run05,baseline,sequential,1778306880.6768525,/big.txt,96993280,131072,sequential,1.0000,0.0000,0,1,97124352,4096,1,1,0
165,165_baseline_sequential_run05,baseline,sequential,1778306880.6781824,/big.txt,97124352,131072,sequential,1.0000,0.0000,0,1,97255424,4096,1,1,0
165,165_baseline_sequential_run05,baseline,sequential,1778306880.679542,/big.txt,97255424,131072,sequential,1.0000,0.0000,0,1,97386496,4096,1,1,0
165,165_baseline_sequential_run05,baseline,sequential,1778306880.680889,/big.txt,97386496,131072,sequential,1.0000,0.0000,0,1,97517568,4096,1,1,0
165,165_baseline_sequential_run05,baseline,sequential,1778306880.6822386,/big.txt,97517568,131072,sequential,1.0000,0.0000,0,1,97648640,4096,1,1,0
165,165_baseline_sequential_run05,baseline,sequential,1778306880.683603,/big.txt,97648640,131072,sequential,1.0000,0.0000,0,1,97779712,4096,1,1,0
165,165_baseline_sequential_run05,baseline,sequential,1778306880.6849554,/big.txt,97779712,131072,sequential,1.0000,0.0000,0,1,97910784,4096,1,1,0
165,165_baseline_sequential_run05,baseline,sequential,1778306880.6863017,/big.txt,97910784,131072,sequential,1.0000,0.0000,0,1,98041856,4096,1,1,0
165,165_baseline_sequential_run05,baseline,sequential,1778306880.6876676,/big.txt,98041856,131072,sequential,1.0000,0.0000,0,1,98172928,4096,1,1,0
165,165_baseline_sequential_run05,baseline,sequential,1778306880.6890252,/big.txt,98172928,131072,sequential,1.0000,0.0000,0,1,98304000,4096,1,1,0
165,165_baseline_sequential_run05,baseline,sequential,1778306880.6903749,/big.txt,98304000,131072,sequential,1.0000,0.0000,0,1,98435072,4096,1,1,0
165,165_baseline_sequential_run05,baseline,sequential,1778306880.6917493,/big.txt,98435072,131072,sequential,1.0000,0.0000,0,1,98566144,4096,1,1,0
165,165_baseline_sequential_run05,baseline,sequential,1778306880.693135,/big.txt,98566144,131072,sequential,1.0000,0.0000,0,1,98697216,4096,1,1,0
165,165_baseline_sequential_run05,baseline,sequential,1778306880.6944933,/big.txt,98697216,131072,sequential,1.0000,0.0000,0,1,98828288,4096,1,1,0
165,165_baseline_sequential_run05,baseline,sequential,1778306880.6958292,/big.txt,98828288,131072,sequential,1.0000,0.0000,0,1,98959360,4096,1,1,0
165,165_baseline_sequential_run05,baseline,sequential,1778306880.697185,/big.txt,98959360,131072,sequential,1.0000,0.0000,0,1,99090432,4096,1,1,0
165,165_baseline_sequential_run05,baseline,sequential,1778306880.6985285,/big.txt,99090432,131072,sequential,1.0000,0.0000,0,1,99221504,4096,1,1,0
165,165_baseline_sequential_run05,baseline,sequential,1778306880.6998737,/big.txt,99221504,131072,sequential,1.0000,0.0000,0,1,99352576,4096,1,1,0
165,165_baseline_sequential_run05,baseline,sequential,1778306880.701233,/big.txt,99352576,131072,sequential,1.0000,0.0000,0,1,99483648,4096,1,1,0
165,165_baseline_sequential_run05,baseline,sequential,1778306880.7025805,/big.txt,99483648,131072,sequential,1.0000,0.0000,0,1,99614720,4096,1,1,0
165,165_baseline_sequential_run05,baseline,sequential,1778306880.7039042,/big.txt,99614720,131072,sequential,1.0000,0.0000,0,1,99745792,4096,1,1,0
165,165_baseline_sequential_run05,baseline,sequential,1778306880.7052536,/big.txt,99745792,131072,sequential,1.0000,0.0000,0,1,99876864,4096,1,1,0
165,165_baseline_sequential_run05,baseline,sequential,1778306880.7065954,/big.txt,99876864,131072,sequential,1.0000,0.0000,0,1,100007936,4096,1,1,0
165,165_baseline_sequential_run05,baseline,sequential,1778306880.7079256,/big.txt,100007936,131072,sequential,1.0000,0.0000,0,1,100139008,4096,1,1,0
165,165_baseline_sequential_run05,baseline,sequential,1778306880.7092757,/big.txt,100139008,131072,sequential,1.0000,0.0000,0,1,100270080,4096,1,1,0
165,165_baseline_sequential_run05,baseline,sequential,1778306880.7106125,/big.txt,100270080,131072,sequential,1.0000,0.0000,0,1,100401152,4096,1,1,0
165,165_baseline_sequential_run05,baseline,sequential,1778306880.7119288,/big.txt,100401152,131072,sequential,1.0000,0.0000,0,1,100532224,4096,1,1,0
165,165_baseline_sequential_run05,baseline,sequential,1778306880.7132874,/big.txt,100532224,131072,sequential,1.0000,0.0000,0,1,100663296,4096,1,1,0
165,165_baseline_sequential_run05,baseline,sequential,1778306880.7146342,/big.txt,100663296,131072,sequential,1.0000,0.0000,0,1,100794368,4096,1,1,0
165,165_baseline_sequential_run05,baseline,sequential,1778306880.7160065,/big.txt,100794368,131072,sequential,1.0000,0.0000,0,1,100925440,4096,1,1,0
165,165_baseline_sequential_run05,baseline,sequential,1778306880.7173512,/big.txt,100925440,131072,sequential,1.0000,0.0000,0,1,101056512,4096,1,1,0
165,165_baseline_sequential_run05,baseline,sequential,1778306880.7187133,/big.txt,101056512,131072,sequential,1.0000,0.0000,0,1,101187584,4096,1,1,0
165,165_baseline_sequential_run05,baseline,sequential,1778306880.7202606,/big.txt,101187584,131072,sequential,1.0000,0.0000,0,1,101318656,4096,1,1,0
165,165_baseline_sequential_run05,baseline,sequential,1778306880.7216136,/big.txt,101318656,131072,sequential,1.0000,0.0000,0,1,101449728,4096,1,1,0
165,165_baseline_sequential_run05,baseline,sequential,1778306880.722966,/big.txt,101449728,131072,sequential,1.0000,0.0000,0,1,101580800,4096,1,1,0
165,165_baseline_sequential_run05,baseline,sequential,1778306880.7243083,/big.txt,101580800,131072,sequential,1.0000,0.0000,0,1,101711872,4096,1,1,0
165,165_baseline_sequential_run05,baseline,sequential,1778306880.7256408,/big.txt,101711872,131072,sequential,1.0000,0.0000,0,1,101842944,4096,1,1,0
165,165_baseline_sequential_run05,baseline,sequential,1778306880.7270036,/big.txt,101842944,131072,sequential,1.0000,0.0000,0,1,101974016,4096,1,1,0
165,165_baseline_sequential_run05,baseline,sequential,1778306880.7283435,/big.txt,101974016,131072,sequential,1.0000,0.0000,0,1,102105088,4096,1,1,0
165,165_baseline_sequential_run05,baseline,sequential,1778306880.729676,/big.txt,102105088,131072,sequential,1.0000,0.0000,0,1,102236160,4096,1,1,0
165,165_baseline_sequential_run05,baseline,sequential,1778306880.731028,/big.txt,102236160,131072,sequential,1.0000,0.0000,0,1,102367232,4096,1,1,0
165,165_baseline_sequential_run05,baseline,sequential,1778306880.7323759,/big.txt,102367232,131072,sequential,1.0000,0.0000,0,1,102498304,4096,1,1,0
165,165_baseline_sequential_run05,baseline,sequential,1778306880.7337162,/big.txt,102498304,131072,sequential,1.0000,0.0000,0,1,102629376,4096,1,1,0
165,165_baseline_sequential_run05,baseline,sequential,1778306880.7350729,/big.txt,102629376,131072,sequential,1.0000,0.0000,0,1,102760448,4096,1,1,0
165,165_baseline_sequential_run05,baseline,sequential,1778306880.736418,/big.txt,102760448,131072,sequential,1.0000,0.0000,0,1,102891520,4096,1,1,0
165,165_baseline_sequential_run05,baseline,sequential,1778306880.7377484,/big.txt,102891520,131072,sequential,1.0000,0.0000,0,1,103022592,4096,1,1,0
165,165_baseline_sequential_run05,baseline,sequential,1778306880.7391808,/big.txt,103022592,131072,sequential,1.0000,0.0000,0,1,103153664,4096,1,1,0
165,165_baseline_sequential_run05,baseline,sequential,1778306880.7405303,/big.txt,103153664,131072,sequential,1.0000,0.0000,0,1,103284736,4096,1,1,0
165,165_baseline_sequential_run05,baseline,sequential,1778306880.7418864,/big.txt,103284736,131072,sequential,1.0000,0.0000,0,1,103415808,4096,1,1,0
165,165_baseline_sequential_run05,baseline,sequential,1778306880.7432525,/big.txt,103415808,131072,sequential,1.0000,0.0000,0,1,103546880,4096,1,1,0
165,165_baseline_sequential_run05,baseline,sequential,1778306880.7445931,/big.txt,103546880,131072,sequential,1.0000,0.0000,0,1,103677952,4096,1,1,0
165,165_baseline_sequential_run05,baseline,sequential,1778306880.7459376,/big.txt,103677952,131072,sequential,1.0000,0.0000,0,1,103809024,4096,1,1,0
165,165_baseline_sequential_run05,baseline,sequential,1778306880.7473104,/big.txt,103809024,131072,sequential,1.0000,0.0000,0,1,103940096,4096,1,1,0
165,165_baseline_sequential_run05,baseline,sequential,1778306880.7486548,/big.txt,103940096,131072,sequential,1.0000,0.0000,0,1,104071168,4096,1,1,0
165,165_baseline_sequential_run05,baseline,sequential,1778306880.7500076,/big.txt,104071168,131072,sequential,1.0000,0.0000,0,1,104202240,4096,1,1,0
165,165_baseline_sequential_run05,baseline,sequential,1778306880.7513754,/big.txt,104202240,131072,sequential,1.0000,0.0000,0,1,104333312,4096,1,1,0
165,165_baseline_sequential_run05,baseline,sequential,1778306880.7527215,/big.txt,104333312,131072,sequential,1.0000,0.0000,0,1,104464384,4096,1,1,0
165,165_baseline_sequential_run05,baseline,sequential,1778306880.7540734,/big.txt,104464384,131072,sequential,1.0000,0.0000,0,1,104595456,4096,1,1,0
165,165_baseline_sequential_run05,baseline,sequential,1778306880.7554328,/big.txt,104595456,131072,sequential,1.0000,0.0000,0,1,104726528,4096,1,1,0
165,165_baseline_sequential_run05,baseline,sequential,1778306880.7567844,/big.txt,104726528,131072,sequential,1.0000,0.0000,0,1,104857600,4096,1,1,0
165,165_baseline_sequential_run05,baseline,sequential,1778306880.7569082,/big.txt,104857600,0,sequential,1.0000,0.0000,0,0,,,1,0,0
