run_index,run_label,mode,workload,seq,timestamp,path,offset,size
219,219_baseline_phase_change_run19,baseline,phase_change,1,1778259043.9155197,/big.txt,0,131072
219,219_baseline_phase_change_run19,baseline,phase_change,2,1778259043.9163218,/big.txt,131072,131072
219,219_baseline_phase_change_run19,baseline,phase_change,3,1778259043.9168,/big.txt,262144,131072
219,219_baseline_phase_change_run19,baseline,phase_change,4,1778259043.9172528,/big.txt,393216,131072
219,219_baseline_phase_change_run19,baseline,phase_change,5,1778259043.917705,/big.txt,524288,131072
219,219_baseline_phase_change_run19,baseline,phase_change,6,1778259043.9180784,/big.txt,655360,131072
219,219_baseline_phase_change_run19,baseline,phase_change,7,1778259043.9184065,/big.txt,786432,131072
219,219_baseline_phase_change_run19,baseline,phase_change,8,1778259043.9187098,/big.txt,917504,131072
219,219_baseline_phase_change_run19,baseline,phase_change,9,1778259043.9192967,/big.txt,1048576,131072
219,219_baseline_phase_change_run19,baseline,phase_change,10,1778259043.9196115,/big.txt,1179648,131072
219,219_baseline_phase_change_run19,baseline,phase_change,11,1778259043.919914,/big.txt,1310720,131072
219,219_baseline_phase_change_run19,baseline,phase_change,12,1778259043.9202142,/big.txt,1441792,131072
219,219_baseline_phase_change_run19,baseline,phase_change,13,1778259043.920512,/big.txt,1572864,131072
219,219_baseline_phase_change_run19,baseline,phase_change,14,1778259043.9208088,/big.txt,1703936,131072
219,219_baseline_phase_change_run19,baseline,phase_change,15,1778259043.921088,/big.txt,1835008,131072
219,219_baseline_phase_change_run19,baseline,phase_change,16,1778259043.921366,/big.txt,1966080,131072
219,219_baseline_phase_change_run19,baseline,phase_change,17,1778259043.9216502,/big.txt,2097152,131072
219,219_baseline_phase_change_run19,baseline,phase_change,18,1778259043.921927,/big.txt,2228224,131072
219,219_baseline_phase_change_run19,baseline,phase_change,19,1778259043.922216,/big.txt,2359296,131072
219,219_baseline_phase_change_run19,baseline,phase_change,20,1778259043.9225068,/big.txt,2490368,131072
219,219_baseline_phase_change_run19,baseline,phase_change,21,1778259043.922765,/big.txt,2621440,131072
219,219_baseline_phase_change_run19,baseline,phase_change,22,1778259043.9230561,/big.txt,2752512,131072
219,219_baseline_phase_change_run19,baseline,phase_change,23,1778259043.9233363,/big.txt,2883584,131072
219,219_baseline_phase_change_run19,baseline,phase_change,24,1778259043.9236298,/big.txt,3014656,131072
219,219_baseline_phase_change_run19,baseline,phase_change,25,1778259043.923906,/big.txt,3145728,131072
219,219_baseline_phase_change_run19,baseline,phase_change,26,1778259043.924192,/big.txt,3276800,131072
219,219_baseline_phase_change_run19,baseline,phase_change,27,1778259043.924472,/big.txt,3407872,131072
219,219_baseline_phase_change_run19,baseline,phase_change,28,1778259043.9247515,/big.txt,3538944,131072
219,219_baseline_phase_change_run19,baseline,phase_change,29,1778259043.9250438,/big.txt,3670016,131072
219,219_baseline_phase_change_run19,baseline,phase_change,30,1778259043.9253082,/big.txt,3801088,131072
219,219_baseline_phase_change_run19,baseline,phase_change,31,1778259043.9255648,/big.txt,3932160,131072
219,219_baseline_phase_change_run19,baseline,phase_change,32,1778259043.9258204,/big.txt,4063232,131072
219,219_baseline_phase_change_run19,baseline,phase_change,33,1778259043.926074,/big.txt,4194304,131072
219,219_baseline_phase_change_run19,baseline,phase_change,34,1778259043.9263456,/big.txt,4325376,131072
219,219_baseline_phase_change_run19,baseline,phase_change,35,1778259043.9266036,/big.txt,4456448,131072
219,219_baseline_phase_change_run19,baseline,phase_change,36,1778259043.926847,/big.txt,4587520,131072
219,219_baseline_phase_change_run19,baseline,phase_change,37,1778259043.9271085,/big.txt,4718592,131072
219,219_baseline_phase_change_run19,baseline,phase_change,38,1778259043.9273643,/big.txt,4849664,131072
219,219_baseline_phase_change_run19,baseline,phase_change,39,1778259043.9276257,/big.txt,4980736,131072
219,219_baseline_phase_change_run19,baseline,phase_change,40,1778259043.9278853,/big.txt,5111808,131072
219,219_baseline_phase_change_run19,baseline,phase_change,41,1778259043.928123,/big.txt,5242880,131072
219,219_baseline_phase_change_run19,baseline,phase_change,42,1778259043.9283705,/big.txt,5373952,131072
219,219_baseline_phase_change_run19,baseline,phase_change,43,1778259043.9286108,/big.txt,5505024,131072
219,219_baseline_phase_change_run19,baseline,phase_change,44,1778259043.9288585,/big.txt,5636096,131072
219,219_baseline_phase_change_run19,baseline,phase_change,45,1778259043.9290981,/big.txt,5767168,131072
219,219_baseline_phase_change_run19,baseline,phase_change,46,1778259043.9293506,/big.txt,5898240,131072
219,219_baseline_phase_change_run19,baseline,phase_change,47,1778259043.929592,/big.txt,6029312,131072
219,219_baseline_phase_change_run19,baseline,phase_change,48,1778259043.9298396,/big.txt,6160384,131072
219,219_baseline_phase_change_run19,baseline,phase_change,49,1778259043.9300797,/big.txt,6291456,131072
219,219_baseline_phase_change_run19,baseline,phase_change,50,1778259043.9303248,/big.txt,6422528,131072
219,219_baseline_phase_change_run19,baseline,phase_change,51,1778259043.930576,/big.txt,6553600,131072
219,219_baseline_phase_change_run19,baseline,phase_change,52,1778259043.9308043,/big.txt,6684672,131072
219,219_baseline_phase_change_run19,baseline,phase_change,53,1778259043.9310496,/big.txt,6815744,131072
219,219_baseline_phase_change_run19,baseline,phase_change,54,1778259043.931292,/big.txt,6946816,131072
219,219_baseline_phase_change_run19,baseline,phase_change,55,1778259043.931535,/big.txt,7077888,131072
219,219_baseline_phase_change_run19,baseline,phase_change,56,1778259043.931776,/big.txt,7208960,131072
219,219_baseline_phase_change_run19,baseline,phase_change,57,1778259043.932029,/big.txt,7340032,131072
219,219_baseline_phase_change_run19,baseline,phase_change,58,1778259043.9322703,/big.txt,7471104,131072
219,219_baseline_phase_change_run19,baseline,phase_change,59,1778259043.9325097,/big.txt,7602176,131072
219,219_baseline_phase_change_run19,baseline,phase_change,60,1778259043.9327512,/big.txt,7733248,131072
219,219_baseline_phase_change_run19,baseline,phase_change,61,1778259043.9329908,/big.txt,7864320,131072
219,219_baseline_phase_change_run19,baseline,phase_change,62,1778259043.9332328,/big.txt,7995392,131072
219,219_baseline_phase_change_run19,baseline,phase_change,63,1778259043.933485,/big.txt,8126464,131072
219,219_baseline_phase_change_run19,baseline,phase_change,64,1778259043.9337044,/big.txt,8257536,131072
219,219_baseline_phase_change_run19,baseline,phase_change,65,1778259043.9339223,/big.txt,8388608,131072
219,219_baseline_phase_change_run19,baseline,phase_change,66,1778259043.9341698,/big.txt,8519680,131072
219,219_baseline_phase_change_run19,baseline,phase_change,67,1778259043.9344206,/big.txt,8650752,131072
219,219_baseline_phase_change_run19,baseline,phase_change,68,1778259043.934664,/big.txt,8781824,131072
219,219_baseline_phase_change_run19,baseline,phase_change,69,1778259043.9349308,/big.txt,8912896,131072
219,219_baseline_phase_change_run19,baseline,phase_change,70,1778259043.9351823,/big.txt,9043968,131072
219,219_baseline_phase_change_run19,baseline,phase_change,71,1778259043.9354284,/big.txt,9175040,131072
219,219_baseline_phase_change_run19,baseline,phase_change,72,1778259043.9356716,/big.txt,9306112,131072
219,219_baseline_phase_change_run19,baseline,phase_change,73,1778259043.9359148,/big.txt,9437184,131072
219,219_baseline_phase_change_run19,baseline,phase_change,74,1778259043.936158,/big.txt,9568256,131072
219,219_baseline_phase_change_run19,baseline,phase_change,75,1778259043.9364018,/big.txt,9699328,131072
219,219_baseline_phase_change_run19,baseline,phase_change,76,1778259043.9366448,/big.txt,9830400,131072
219,219_baseline_phase_change_run19,baseline,phase_change,77,1778259043.9368868,/big.txt,9961472,131072
219,219_baseline_phase_change_run19,baseline,phase_change,78,1778259043.937147,/big.txt,10092544,131072
219,219_baseline_phase_change_run19,baseline,phase_change,79,1778259043.9374113,/big.txt,10223616,131072
219,219_baseline_phase_change_run19,baseline,phase_change,80,1778259043.9376566,/big.txt,10354688,131072
219,219_baseline_phase_change_run19,baseline,phase_change,81,1778259043.9379008,/big.txt,10485760,131072
219,219_baseline_phase_change_run19,baseline,phase_change,82,1778259043.938156,/big.txt,10616832,131072
219,219_baseline_phase_change_run19,baseline,phase_change,83,1778259043.9384074,/big.txt,10747904,131072
219,219_baseline_phase_change_run19,baseline,phase_change,84,1778259043.9386528,/big.txt,10878976,131072
219,219_baseline_phase_change_run19,baseline,phase_change,85,1778259043.9389186,/big.txt,11010048,131072
219,219_baseline_phase_change_run19,baseline,phase_change,86,1778259043.939178,/big.txt,11141120,131072
219,219_baseline_phase_change_run19,baseline,phase_change,87,1778259043.9394236,/big.txt,11272192,131072
219,219_baseline_phase_change_run19,baseline,phase_change,88,1778259043.9396677,/big.txt,11403264,131072
219,219_baseline_phase_change_run19,baseline,phase_change,89,1778259043.939911,/big.txt,11534336,131072
219,219_baseline_phase_change_run19,baseline,phase_change,90,1778259043.9401662,/big.txt,11665408,131072
219,219_baseline_phase_change_run19,baseline,phase_change,91,1778259043.9404097,/big.txt,11796480,131072
219,219_baseline_phase_change_run19,baseline,phase_change,92,1778259043.9406574,/big.txt,11927552,131072
219,219_baseline_phase_change_run19,baseline,phase_change,93,1778259043.940903,/big.txt,12058624,131072
219,219_baseline_phase_change_run19,baseline,phase_change,94,1778259043.941155,/big.txt,12189696,131072
219,219_baseline_phase_change_run19,baseline,phase_change,95,1778259043.9414032,/big.txt,12320768,131072
219,219_baseline_phase_change_run19,baseline,phase_change,96,1778259043.9416506,/big.txt,12451840,131072
219,219_baseline_phase_change_run19,baseline,phase_change,97,1778259043.941896,/big.txt,12582912,131072
219,219_baseline_phase_change_run19,baseline,phase_change,98,1778259043.9421484,/big.txt,12713984,131072
219,219_baseline_phase_change_run19,baseline,phase_change,99,1778259043.9423914,/big.txt,12845056,131072
219,219_baseline_phase_change_run19,baseline,phase_change,100,1778259043.9426417,/big.txt,12976128,131072
219,219_baseline_phase_change_run19,baseline,phase_change,101,1778259043.942875,/big.txt,13107200,131072
219,219_baseline_phase_change_run19,baseline,phase_change,102,1778259043.943123,/big.txt,13238272,131072
219,219_baseline_phase_change_run19,baseline,phase_change,103,1778259043.9433649,/big.txt,13369344,131072
219,219_baseline_phase_change_run19,baseline,phase_change,104,1778259043.9436069,/big.txt,13500416,131072
219,219_baseline_phase_change_run19,baseline,phase_change,105,1778259043.9438498,/big.txt,13631488,131072
219,219_baseline_phase_change_run19,baseline,phase_change,106,1778259043.944093,/big.txt,13762560,131072
219,219_baseline_phase_change_run19,baseline,phase_change,107,1778259043.944336,/big.txt,13893632,131072
219,219_baseline_phase_change_run19,baseline,phase_change,108,1778259043.9445846,/big.txt,14024704,131072
219,219_baseline_phase_change_run19,baseline,phase_change,109,1778259043.9448361,/big.txt,14155776,131072
219,219_baseline_phase_change_run19,baseline,phase_change,110,1778259043.945088,/big.txt,14286848,131072
219,219_baseline_phase_change_run19,baseline,phase_change,111,1778259043.9453397,/big.txt,14417920,131072
219,219_baseline_phase_change_run19,baseline,phase_change,112,1778259043.9455879,/big.txt,14548992,131072
219,219_baseline_phase_change_run19,baseline,phase_change,113,1778259043.9458416,/big.txt,14680064,131072
219,219_baseline_phase_change_run19,baseline,phase_change,114,1778259043.9460855,/big.txt,14811136,131072
219,219_baseline_phase_change_run19,baseline,phase_change,115,1778259043.9463358,/big.txt,14942208,131072
219,219_baseline_phase_change_run19,baseline,phase_change,116,1778259043.9465854,/big.txt,15073280,131072
219,219_baseline_phase_change_run19,baseline,phase_change,117,1778259043.9468598,/big.txt,15204352,131072
219,219_baseline_phase_change_run19,baseline,phase_change,118,1778259043.9471216,/big.txt,15335424,131072
219,219_baseline_phase_change_run19,baseline,phase_change,119,1778259043.9473689,/big.txt,15466496,131072
219,219_baseline_phase_change_run19,baseline,phase_change,120,1778259043.9476142,/big.txt,15597568,131072
219,219_baseline_phase_change_run19,baseline,phase_change,121,1778259043.947858,/big.txt,15728640,131072
219,219_baseline_phase_change_run19,baseline,phase_change,122,1778259043.9481132,/big.txt,15859712,131072
219,219_baseline_phase_change_run19,baseline,phase_change,123,1778259043.9483595,/big.txt,15990784,131072
219,219_baseline_phase_change_run19,baseline,phase_change,124,1778259043.9486077,/big.txt,16121856,131072
219,219_baseline_phase_change_run19,baseline,phase_change,125,1778259043.9488504,/big.txt,16252928,131072
219,219_baseline_phase_change_run19,baseline,phase_change,126,1778259043.9490964,/big.txt,16384000,131072
219,219_baseline_phase_change_run19,baseline,phase_change,127,1778259043.9493408,/big.txt,16515072,131072
219,219_baseline_phase_change_run19,baseline,phase_change,128,1778259043.9495873,/big.txt,16646144,131072
219,219_baseline_phase_change_run19,baseline,phase_change,129,1778259043.9498312,/big.txt,16777216,131072
219,219_baseline_phase_change_run19,baseline,phase_change,130,1778259043.9500768,/big.txt,16908288,131072
219,219_baseline_phase_change_run19,baseline,phase_change,131,1778259043.950332,/big.txt,17039360,131072
219,219_baseline_phase_change_run19,baseline,phase_change,132,1778259043.9505785,/big.txt,17170432,131072
219,219_baseline_phase_change_run19,baseline,phase_change,133,1778259043.9508302,/big.txt,17301504,131072
219,219_baseline_phase_change_run19,baseline,phase_change,134,1778259043.951078,/big.txt,17432576,131072
219,219_baseline_phase_change_run19,baseline,phase_change,135,1778259043.9513214,/big.txt,17563648,131072
219,219_baseline_phase_change_run19,baseline,phase_change,136,1778259043.9515655,/big.txt,17694720,131072
219,219_baseline_phase_change_run19,baseline,phase_change,137,1778259043.9518142,/big.txt,17825792,131072
219,219_baseline_phase_change_run19,baseline,phase_change,138,1778259043.9520588,/big.txt,17956864,131072
219,219_baseline_phase_change_run19,baseline,phase_change,139,1778259043.9523044,/big.txt,18087936,131072
219,219_baseline_phase_change_run19,baseline,phase_change,140,1778259043.9525583,/big.txt,18219008,131072
219,219_baseline_phase_change_run19,baseline,phase_change,141,1778259043.9528046,/big.txt,18350080,131072
219,219_baseline_phase_change_run19,baseline,phase_change,142,1778259043.9530575,/big.txt,18481152,131072
219,219_baseline_phase_change_run19,baseline,phase_change,143,1778259043.9533002,/big.txt,18612224,131072
219,219_baseline_phase_change_run19,baseline,phase_change,144,1778259043.9535446,/big.txt,18743296,131072
219,219_baseline_phase_change_run19,baseline,phase_change,145,1778259043.953791,/big.txt,18874368,131072
219,219_baseline_phase_change_run19,baseline,phase_change,146,1778259043.9540327,/big.txt,19005440,131072
219,219_baseline_phase_change_run19,baseline,phase_change,147,1778259043.954287,/big.txt,19136512,131072
219,219_baseline_phase_change_run19,baseline,phase_change,148,1778259043.9545329,/big.txt,19267584,131072
219,219_baseline_phase_change_run19,baseline,phase_change,149,1778259043.954785,/big.txt,19398656,131072
219,219_baseline_phase_change_run19,baseline,phase_change,150,1778259043.9550357,/big.txt,19529728,131072
219,219_baseline_phase_change_run19,baseline,phase_change,151,1778259043.9552884,/big.txt,19660800,131072
219,219_baseline_phase_change_run19,baseline,phase_change,152,1778259043.955522,/big.txt,19791872,131072
219,219_baseline_phase_change_run19,baseline,phase_change,153,1778259043.9557242,/big.txt,19922944,131072
219,219_baseline_phase_change_run19,baseline,phase_change,154,1778259043.9559195,/big.txt,20054016,131072
219,219_baseline_phase_change_run19,baseline,phase_change,155,1778259043.9561212,/big.txt,20185088,131072
219,219_baseline_phase_change_run19,baseline,phase_change,156,1778259043.956325,/big.txt,20316160,131072
219,219_baseline_phase_change_run19,baseline,phase_change,157,1778259043.95652,/big.txt,20447232,131072
219,219_baseline_phase_change_run19,baseline,phase_change,158,1778259043.956719,/big.txt,20578304,131072
219,219_baseline_phase_change_run19,baseline,phase_change,159,1778259043.9569175,/big.txt,20709376,131072
219,219_baseline_phase_change_run19,baseline,phase_change,160,1778259043.9571142,/big.txt,20840448,131072
219,219_baseline_phase_change_run19,baseline,phase_change,161,1778259043.9573102,/big.txt,20971520,131072
219,219_baseline_phase_change_run19,baseline,phase_change,162,1778259043.9575074,/big.txt,21102592,131072
219,219_baseline_phase_change_run19,baseline,phase_change,163,1778259043.9577048,/big.txt,21233664,131072
219,219_baseline_phase_change_run19,baseline,phase_change,164,1778259043.9579012,/big.txt,21364736,131072
219,219_baseline_phase_change_run19,baseline,phase_change,165,1778259043.9580977,/big.txt,21495808,131072
219,219_baseline_phase_change_run19,baseline,phase_change,166,1778259043.958293,/big.txt,21626880,131072
219,219_baseline_phase_change_run19,baseline,phase_change,167,1778259043.9584906,/big.txt,21757952,131072
219,219_baseline_phase_change_run19,baseline,phase_change,168,1778259043.9586952,/big.txt,21889024,131072
219,219_baseline_phase_change_run19,baseline,phase_change,169,1778259043.9589045,/big.txt,22020096,131072
219,219_baseline_phase_change_run19,baseline,phase_change,170,1778259043.9591045,/big.txt,22151168,131072
219,219_baseline_phase_change_run19,baseline,phase_change,171,1778259043.9593024,/big.txt,22282240,131072
219,219_baseline_phase_change_run19,baseline,phase_change,172,1778259043.959506,/big.txt,22413312,131072
219,219_baseline_phase_change_run19,baseline,phase_change,173,1778259043.959703,/big.txt,22544384,131072
219,219_baseline_phase_change_run19,baseline,phase_change,174,1778259043.9599059,/big.txt,22675456,131072
219,219_baseline_phase_change_run19,baseline,phase_change,175,1778259043.960104,/big.txt,22806528,131072
219,219_baseline_phase_change_run19,baseline,phase_change,176,1778259043.960277,/big.txt,22937600,131072
219,219_baseline_phase_change_run19,baseline,phase_change,177,1778259043.9604485,/big.txt,23068672,131072
219,219_baseline_phase_change_run19,baseline,phase_change,178,1778259043.9606,/big.txt,23199744,131072
219,219_baseline_phase_change_run19,baseline,phase_change,179,1778259043.9607434,/big.txt,23330816,131072
219,219_baseline_phase_change_run19,baseline,phase_change,180,1778259043.960915,/big.txt,23461888,131072
219,219_baseline_phase_change_run19,baseline,phase_change,181,1778259043.9610813,/big.txt,23592960,131072
219,219_baseline_phase_change_run19,baseline,phase_change,182,1778259043.961248,/big.txt,23724032,131072
219,219_baseline_phase_change_run19,baseline,phase_change,183,1778259043.9614146,/big.txt,23855104,131072
219,219_baseline_phase_change_run19,baseline,phase_change,184,1778259043.961581,/big.txt,23986176,131072
219,219_baseline_phase_change_run19,baseline,phase_change,185,1778259043.9617255,/big.txt,24117248,131072
219,219_baseline_phase_change_run19,baseline,phase_change,186,1778259043.9618704,/big.txt,24248320,131072
219,219_baseline_phase_change_run19,baseline,phase_change,187,1778259043.9620152,/big.txt,24379392,131072
219,219_baseline_phase_change_run19,baseline,phase_change,188,1778259043.9621584,/big.txt,24510464,131072
219,219_baseline_phase_change_run19,baseline,phase_change,189,1778259043.9623027,/big.txt,24641536,131072
219,219_baseline_phase_change_run19,baseline,phase_change,190,1778259043.9624465,/big.txt,24772608,131072
219,219_baseline_phase_change_run19,baseline,phase_change,191,1778259043.9626153,/big.txt,24903680,131072
219,219_baseline_phase_change_run19,baseline,phase_change,192,1778259043.9627988,/big.txt,25034752,131072
219,219_baseline_phase_change_run19,baseline,phase_change,193,1778259043.9629755,/big.txt,25165824,131072
219,219_baseline_phase_change_run19,baseline,phase_change,194,1778259043.9631443,/big.txt,25296896,131072
219,219_baseline_phase_change_run19,baseline,phase_change,195,1778259043.9632964,/big.txt,25427968,131072
219,219_baseline_phase_change_run19,baseline,phase_change,196,1778259043.963471,/big.txt,25559040,131072
219,219_baseline_phase_change_run19,baseline,phase_change,197,1778259043.9636173,/big.txt,25690112,131072
219,219_baseline_phase_change_run19,baseline,phase_change,198,1778259043.9637625,/big.txt,25821184,131072
219,219_baseline_phase_change_run19,baseline,phase_change,199,1778259043.9639306,/big.txt,25952256,131072
219,219_baseline_phase_change_run19,baseline,phase_change,200,1778259043.9640992,/big.txt,26083328,131072
219,219_baseline_phase_change_run19,baseline,phase_change,201,1778259043.9642503,/big.txt,26214400,131072
219,219_baseline_phase_change_run19,baseline,phase_change,202,1778259043.9644227,/big.txt,26345472,131072
219,219_baseline_phase_change_run19,baseline,phase_change,203,1778259043.9645996,/big.txt,26476544,131072
219,219_baseline_phase_change_run19,baseline,phase_change,204,1778259043.9647455,/big.txt,26607616,131072
219,219_baseline_phase_change_run19,baseline,phase_change,205,1778259043.964913,/big.txt,26738688,131072
219,219_baseline_phase_change_run19,baseline,phase_change,206,1778259043.9650655,/big.txt,26869760,131072
219,219_baseline_phase_change_run19,baseline,phase_change,207,1778259043.9652128,/big.txt,27000832,131072
219,219_baseline_phase_change_run19,baseline,phase_change,208,1778259043.965382,/big.txt,27131904,131072
219,219_baseline_phase_change_run19,baseline,phase_change,209,1778259043.9655406,/big.txt,27262976,131072
219,219_baseline_phase_change_run19,baseline,phase_change,210,1778259043.9656696,/big.txt,27394048,131072
219,219_baseline_phase_change_run19,baseline,phase_change,211,1778259043.965794,/big.txt,27525120,131072
219,219_baseline_phase_change_run19,baseline,phase_change,212,1778259043.9659176,/big.txt,27656192,131072
219,219_baseline_phase_change_run19,baseline,phase_change,213,1778259043.966041,/big.txt,27787264,131072
219,219_baseline_phase_change_run19,baseline,phase_change,214,1778259043.966186,/big.txt,27918336,131072
219,219_baseline_phase_change_run19,baseline,phase_change,215,1778259043.9663098,/big.txt,28049408,131072
219,219_baseline_phase_change_run19,baseline,phase_change,216,1778259043.966434,/big.txt,28180480,131072
219,219_baseline_phase_change_run19,baseline,phase_change,217,1778259043.9665573,/big.txt,28311552,131072
219,219_baseline_phase_change_run19,baseline,phase_change,218,1778259043.9667017,/big.txt,28442624,131072
219,219_baseline_phase_change_run19,baseline,phase_change,219,1778259043.9668326,/big.txt,28573696,131072
219,219_baseline_phase_change_run19,baseline,phase_change,220,1778259043.9669812,/big.txt,28704768,131072
219,219_baseline_phase_change_run19,baseline,phase_change,221,1778259043.9671276,/big.txt,28835840,131072
219,219_baseline_phase_change_run19,baseline,phase_change,222,1778259043.9672732,/big.txt,28966912,131072
219,219_baseline_phase_change_run19,baseline,phase_change,223,1778259043.967429,/big.txt,29097984,131072
219,219_baseline_phase_change_run19,baseline,phase_change,224,1778259043.9675758,/big.txt,29229056,131072
219,219_baseline_phase_change_run19,baseline,phase_change,225,1778259043.9677215,/big.txt,29360128,131072
219,219_baseline_phase_change_run19,baseline,phase_change,226,1778259043.9678674,/big.txt,29491200,131072
219,219_baseline_phase_change_run19,baseline,phase_change,227,1778259043.9680126,/big.txt,29622272,131072
219,219_baseline_phase_change_run19,baseline,phase_change,228,1778259043.9681375,/big.txt,29753344,131072
219,219_baseline_phase_change_run19,baseline,phase_change,229,1778259043.968262,/big.txt,29884416,131072
219,219_baseline_phase_change_run19,baseline,phase_change,230,1778259043.968386,/big.txt,30015488,131072
219,219_baseline_phase_change_run19,baseline,phase_change,231,1778259043.9685092,/big.txt,30146560,131072
219,219_baseline_phase_change_run19,baseline,phase_change,232,1778259043.968633,/big.txt,30277632,131072
219,219_baseline_phase_change_run19,baseline,phase_change,233,1778259043.9687629,/big.txt,30408704,131072
219,219_baseline_phase_change_run19,baseline,phase_change,234,1778259043.968887,/big.txt,30539776,131072
219,219_baseline_phase_change_run19,baseline,phase_change,235,1778259043.9690375,/big.txt,30670848,131072
219,219_baseline_phase_change_run19,baseline,phase_change,236,1778259043.9691844,/big.txt,30801920,131072
219,219_baseline_phase_change_run19,baseline,phase_change,237,1778259043.9693143,/big.txt,30932992,131072
219,219_baseline_phase_change_run19,baseline,phase_change,238,1778259043.9694393,/big.txt,31064064,131072
219,219_baseline_phase_change_run19,baseline,phase_change,239,1778259043.969565,/big.txt,31195136,131072
219,219_baseline_phase_change_run19,baseline,phase_change,240,1778259043.9696887,/big.txt,31326208,131072
219,219_baseline_phase_change_run19,baseline,phase_change,241,1778259043.9698124,/big.txt,31457280,131072
219,219_baseline_phase_change_run19,baseline,phase_change,242,1778259043.9699404,/big.txt,31588352,131072
219,219_baseline_phase_change_run19,baseline,phase_change,243,1778259043.9700656,/big.txt,31719424,131072
219,219_baseline_phase_change_run19,baseline,phase_change,244,1778259043.9702144,/big.txt,31850496,131072
219,219_baseline_phase_change_run19,baseline,phase_change,245,1778259043.9703622,/big.txt,31981568,131072
219,219_baseline_phase_change_run19,baseline,phase_change,246,1778259043.9704869,/big.txt,32112640,131072
219,219_baseline_phase_change_run19,baseline,phase_change,247,1778259043.9706001,/big.txt,32243712,131072
219,219_baseline_phase_change_run19,baseline,phase_change,248,1778259043.9707096,/big.txt,32374784,131072
219,219_baseline_phase_change_run19,baseline,phase_change,249,1778259043.9708312,/big.txt,32505856,131072
219,219_baseline_phase_change_run19,baseline,phase_change,250,1778259043.9709673,/big.txt,32636928,131072
219,219_baseline_phase_change_run19,baseline,phase_change,251,1778259043.9711053,/big.txt,32768000,131072
219,219_baseline_phase_change_run19,baseline,phase_change,252,1778259043.9712372,/big.txt,32899072,131072
219,219_baseline_phase_change_run19,baseline,phase_change,253,1778259043.971368,/big.txt,33030144,131072
219,219_baseline_phase_change_run19,baseline,phase_change,254,1778259043.9714983,/big.txt,33161216,131072
219,219_baseline_phase_change_run19,baseline,phase_change,255,1778259043.971607,/big.txt,33292288,131072
219,219_baseline_phase_change_run19,baseline,phase_change,256,1778259043.9717162,/big.txt,33423360,131072
219,219_baseline_phase_change_run19,baseline,phase_change,257,1778259043.9718246,/big.txt,33554432,131072
219,219_baseline_phase_change_run19,baseline,phase_change,258,1778259043.9719348,/big.txt,33685504,131072
219,219_baseline_phase_change_run19,baseline,phase_change,259,1778259043.9720442,/big.txt,33816576,131072
219,219_baseline_phase_change_run19,baseline,phase_change,260,1778259043.972153,/big.txt,33947648,131072
219,219_baseline_phase_change_run19,baseline,phase_change,261,1778259043.972262,/big.txt,34078720,131072
219,219_baseline_phase_change_run19,baseline,phase_change,262,1778259043.9723718,/big.txt,34209792,131072
219,219_baseline_phase_change_run19,baseline,phase_change,263,1778259043.9724793,/big.txt,34340864,131072
219,219_baseline_phase_change_run19,baseline,phase_change,264,1778259043.9725862,/big.txt,34471936,131072
219,219_baseline_phase_change_run19,baseline,phase_change,265,1778259043.9726937,/big.txt,34603008,131072
219,219_baseline_phase_change_run19,baseline,phase_change,266,1778259043.9728012,/big.txt,34734080,131072
219,219_baseline_phase_change_run19,baseline,phase_change,267,1778259043.972907,/big.txt,34865152,131072
219,219_baseline_phase_change_run19,baseline,phase_change,268,1778259043.9730146,/big.txt,34996224,131072
219,219_baseline_phase_change_run19,baseline,phase_change,269,1778259043.9731252,/big.txt,35127296,131072
219,219_baseline_phase_change_run19,baseline,phase_change,270,1778259043.9732373,/big.txt,35258368,131072
219,219_baseline_phase_change_run19,baseline,phase_change,271,1778259043.973351,/big.txt,35389440,131072
219,219_baseline_phase_change_run19,baseline,phase_change,272,1778259043.9734588,/big.txt,35520512,131072
219,219_baseline_phase_change_run19,baseline,phase_change,273,1778259043.9735663,/big.txt,35651584,131072
219,219_baseline_phase_change_run19,baseline,phase_change,274,1778259043.9736784,/big.txt,35782656,131072
219,219_baseline_phase_change_run19,baseline,phase_change,275,1778259043.9737873,/big.txt,35913728,131072
219,219_baseline_phase_change_run19,baseline,phase_change,276,1778259043.9738963,/big.txt,36044800,131072
219,219_baseline_phase_change_run19,baseline,phase_change,277,1778259043.974004,/big.txt,36175872,131072
219,219_baseline_phase_change_run19,baseline,phase_change,278,1778259043.9741116,/big.txt,36306944,131072
219,219_baseline_phase_change_run19,baseline,phase_change,279,1778259043.9742255,/big.txt,36438016,131072
219,219_baseline_phase_change_run19,baseline,phase_change,280,1778259043.9743345,/big.txt,36569088,131072
219,219_baseline_phase_change_run19,baseline,phase_change,281,1778259043.9744415,/big.txt,36700160,131072
219,219_baseline_phase_change_run19,baseline,phase_change,282,1778259043.9745488,/big.txt,36831232,131072
219,219_baseline_phase_change_run19,baseline,phase_change,283,1778259043.9746563,/big.txt,36962304,131072
219,219_baseline_phase_change_run19,baseline,phase_change,284,1778259043.974764,/big.txt,37093376,131072
219,219_baseline_phase_change_run19,baseline,phase_change,285,1778259043.9748785,/big.txt,37224448,131072
219,219_baseline_phase_change_run19,baseline,phase_change,286,1778259043.9749868,/big.txt,37355520,131072
219,219_baseline_phase_change_run19,baseline,phase_change,287,1778259043.9750948,/big.txt,37486592,131072
219,219_baseline_phase_change_run19,baseline,phase_change,288,1778259043.9752045,/big.txt,37617664,131072
219,219_baseline_phase_change_run19,baseline,phase_change,289,1778259043.9753118,/big.txt,37748736,131072
219,219_baseline_phase_change_run19,baseline,phase_change,290,1778259043.975427,/big.txt,37879808,131072
219,219_baseline_phase_change_run19,baseline,phase_change,291,1778259043.9755218,/big.txt,38010880,131072
219,219_baseline_phase_change_run19,baseline,phase_change,292,1778259043.975617,/big.txt,38141952,131072
219,219_baseline_phase_change_run19,baseline,phase_change,293,1778259043.975715,/big.txt,38273024,131072
219,219_baseline_phase_change_run19,baseline,phase_change,294,1778259043.9758105,/big.txt,38404096,131072
219,219_baseline_phase_change_run19,baseline,phase_change,295,1778259043.9759064,/big.txt,38535168,131072
219,219_baseline_phase_change_run19,baseline,phase_change,296,1778259043.9760013,/big.txt,38666240,131072
219,219_baseline_phase_change_run19,baseline,phase_change,297,1778259043.9760962,/big.txt,38797312,131072
219,219_baseline_phase_change_run19,baseline,phase_change,298,1778259043.9761913,/big.txt,38928384,131072
219,219_baseline_phase_change_run19,baseline,phase_change,299,1778259043.9762852,/big.txt,39059456,131072
219,219_baseline_phase_change_run19,baseline,phase_change,300,1778259043.9763803,/big.txt,39190528,131072
219,219_baseline_phase_change_run19,baseline,phase_change,301,1778259043.9764779,/big.txt,39321600,131072
219,219_baseline_phase_change_run19,baseline,phase_change,302,1778259043.9765735,/big.txt,39452672,131072
219,219_baseline_phase_change_run19,baseline,phase_change,303,1778259043.9766688,/big.txt,39583744,131072
219,219_baseline_phase_change_run19,baseline,phase_change,304,1778259043.9767637,/big.txt,39714816,131072
219,219_baseline_phase_change_run19,baseline,phase_change,305,1778259043.9768612,/big.txt,39845888,131072
219,219_baseline_phase_change_run19,baseline,phase_change,306,1778259043.9769561,/big.txt,39976960,131072
219,219_baseline_phase_change_run19,baseline,phase_change,307,1778259043.9770548,/big.txt,40108032,131072
219,219_baseline_phase_change_run19,baseline,phase_change,308,1778259043.9771502,/big.txt,40239104,131072
219,219_baseline_phase_change_run19,baseline,phase_change,309,1778259043.9772458,/big.txt,40370176,131072
219,219_baseline_phase_change_run19,baseline,phase_change,310,1778259043.9773455,/big.txt,40501248,131072
219,219_baseline_phase_change_run19,baseline,phase_change,311,1778259043.977441,/big.txt,40632320,131072
219,219_baseline_phase_change_run19,baseline,phase_change,312,1778259043.9775362,/big.txt,40763392,131072
219,219_baseline_phase_change_run19,baseline,phase_change,313,1778259043.977632,/big.txt,40894464,131072
219,219_baseline_phase_change_run19,baseline,phase_change,314,1778259043.9777277,/big.txt,41025536,131072
219,219_baseline_phase_change_run19,baseline,phase_change,315,1778259043.9778607,/big.txt,41156608,131072
219,219_baseline_phase_change_run19,baseline,phase_change,316,1778259043.9779909,/big.txt,41287680,131072
219,219_baseline_phase_change_run19,baseline,phase_change,317,1778259043.9781222,/big.txt,41418752,131072
219,219_baseline_phase_change_run19,baseline,phase_change,318,1778259043.9782538,/big.txt,41549824,131072
219,219_baseline_phase_change_run19,baseline,phase_change,319,1778259043.9783852,/big.txt,41680896,131072
219,219_baseline_phase_change_run19,baseline,phase_change,320,1778259043.9785159,/big.txt,41811968,131072
219,219_baseline_phase_change_run19,baseline,phase_change,321,1778259043.9786146,/big.txt,41943040,131072
219,219_baseline_phase_change_run19,baseline,phase_change,322,1778259043.9787135,/big.txt,42074112,131072
219,219_baseline_phase_change_run19,baseline,phase_change,323,1778259043.978827,/big.txt,42205184,131072
219,219_baseline_phase_change_run19,baseline,phase_change,324,1778259043.9789276,/big.txt,42336256,131072
219,219_baseline_phase_change_run19,baseline,phase_change,325,1778259043.9790602,/big.txt,42467328,131072
219,219_baseline_phase_change_run19,baseline,phase_change,326,1778259043.9791927,/big.txt,42598400,131072
219,219_baseline_phase_change_run19,baseline,phase_change,327,1778259043.9793258,/big.txt,42729472,131072
219,219_baseline_phase_change_run19,baseline,phase_change,328,1778259043.9794621,/big.txt,42860544,131072
219,219_baseline_phase_change_run19,baseline,phase_change,329,1778259043.9795604,/big.txt,42991616,131072
219,219_baseline_phase_change_run19,baseline,phase_change,330,1778259043.9796586,/big.txt,43122688,131072
219,219_baseline_phase_change_run19,baseline,phase_change,331,1778259043.9797578,/big.txt,43253760,131072
219,219_baseline_phase_change_run19,baseline,phase_change,332,1778259043.979856,/big.txt,43384832,131072
219,219_baseline_phase_change_run19,baseline,phase_change,333,1778259043.9799588,/big.txt,43515904,131072
219,219_baseline_phase_change_run19,baseline,phase_change,334,1778259043.9800627,/big.txt,43646976,131072
219,219_baseline_phase_change_run19,baseline,phase_change,335,1778259043.980162,/big.txt,43778048,131072
219,219_baseline_phase_change_run19,baseline,phase_change,336,1778259043.9802601,/big.txt,43909120,131072
219,219_baseline_phase_change_run19,baseline,phase_change,337,1778259043.9803586,/big.txt,44040192,131072
219,219_baseline_phase_change_run19,baseline,phase_change,338,1778259043.9804585,/big.txt,44171264,131072
219,219_baseline_phase_change_run19,baseline,phase_change,339,1778259043.980548,/big.txt,44302336,131072
219,219_baseline_phase_change_run19,baseline,phase_change,340,1778259043.9806352,/big.txt,44433408,131072
219,219_baseline_phase_change_run19,baseline,phase_change,341,1778259043.980721,/big.txt,44564480,131072
219,219_baseline_phase_change_run19,baseline,phase_change,342,1778259043.980808,/big.txt,44695552,131072
219,219_baseline_phase_change_run19,baseline,phase_change,343,1778259043.9808943,/big.txt,44826624,131072
219,219_baseline_phase_change_run19,baseline,phase_change,344,1778259043.9809806,/big.txt,44957696,131072
219,219_baseline_phase_change_run19,baseline,phase_change,345,1778259043.9810674,/big.txt,45088768,131072
219,219_baseline_phase_change_run19,baseline,phase_change,346,1778259043.9811542,/big.txt,45219840,131072
219,219_baseline_phase_change_run19,baseline,phase_change,347,1778259043.9812412,/big.txt,45350912,131072
219,219_baseline_phase_change_run19,baseline,phase_change,348,1778259043.9813333,/big.txt,45481984,131072
219,219_baseline_phase_change_run19,baseline,phase_change,349,1778259043.9814198,/big.txt,45613056,131072
219,219_baseline_phase_change_run19,baseline,phase_change,350,1778259043.9815066,/big.txt,45744128,131072
219,219_baseline_phase_change_run19,baseline,phase_change,351,1778259043.9815931,/big.txt,45875200,131072
219,219_baseline_phase_change_run19,baseline,phase_change,352,1778259043.98168,/big.txt,46006272,131072
219,219_baseline_phase_change_run19,baseline,phase_change,353,1778259043.9817667,/big.txt,46137344,131072
219,219_baseline_phase_change_run19,baseline,phase_change,354,1778259043.9818544,/big.txt,46268416,131072
219,219_baseline_phase_change_run19,baseline,phase_change,355,1778259043.9819455,/big.txt,46399488,131072
219,219_baseline_phase_change_run19,baseline,phase_change,356,1778259043.982033,/big.txt,46530560,131072
219,219_baseline_phase_change_run19,baseline,phase_change,357,1778259043.9821198,/big.txt,46661632,131072
219,219_baseline_phase_change_run19,baseline,phase_change,358,1778259043.9822059,/big.txt,46792704,131072
219,219_baseline_phase_change_run19,baseline,phase_change,359,1778259043.9822922,/big.txt,46923776,131072
219,219_baseline_phase_change_run19,baseline,phase_change,360,1778259043.9823787,/big.txt,47054848,131072
219,219_baseline_phase_change_run19,baseline,phase_change,361,1778259043.9824655,/big.txt,47185920,131072
219,219_baseline_phase_change_run19,baseline,phase_change,362,1778259043.982558,/big.txt,47316992,131072
219,219_baseline_phase_change_run19,baseline,phase_change,363,1778259043.9826458,/big.txt,47448064,131072
219,219_baseline_phase_change_run19,baseline,phase_change,364,1778259043.9827332,/big.txt,47579136,131072
219,219_baseline_phase_change_run19,baseline,phase_change,365,1778259043.9828298,/big.txt,47710208,131072
219,219_baseline_phase_change_run19,baseline,phase_change,366,1778259043.9829178,/big.txt,47841280,131072
219,219_baseline_phase_change_run19,baseline,phase_change,367,1778259043.9830055,/big.txt,47972352,131072
219,219_baseline_phase_change_run19,baseline,phase_change,368,1778259043.9830923,/big.txt,48103424,131072
219,219_baseline_phase_change_run19,baseline,phase_change,369,1778259043.9831817,/big.txt,48234496,131072
219,219_baseline_phase_change_run19,baseline,phase_change,370,1778259043.9832695,/big.txt,48365568,131072
219,219_baseline_phase_change_run19,baseline,phase_change,371,1778259043.9833567,/big.txt,48496640,131072
219,219_baseline_phase_change_run19,baseline,phase_change,372,1778259043.9834447,/big.txt,48627712,131072
219,219_baseline_phase_change_run19,baseline,phase_change,373,1778259043.9835322,/big.txt,48758784,131072
219,219_baseline_phase_change_run19,baseline,phase_change,374,1778259043.9836197,/big.txt,48889856,131072
219,219_baseline_phase_change_run19,baseline,phase_change,375,1778259043.9837067,/big.txt,49020928,131072
219,219_baseline_phase_change_run19,baseline,phase_change,376,1778259043.9837945,/big.txt,49152000,131072
219,219_baseline_phase_change_run19,baseline,phase_change,377,1778259043.983882,/big.txt,49283072,131072
219,219_baseline_phase_change_run19,baseline,phase_change,378,1778259043.9839694,/big.txt,49414144,131072
219,219_baseline_phase_change_run19,baseline,phase_change,379,1778259043.9840565,/big.txt,49545216,131072
219,219_baseline_phase_change_run19,baseline,phase_change,380,1778259043.9841444,/big.txt,49676288,131072
219,219_baseline_phase_change_run19,baseline,phase_change,381,1778259043.9842317,/big.txt,49807360,131072
219,219_baseline_phase_change_run19,baseline,phase_change,382,1778259043.98432,/big.txt,49938432,131072
219,219_baseline_phase_change_run19,baseline,phase_change,383,1778259043.9844077,/big.txt,50069504,131072
219,219_baseline_phase_change_run19,baseline,phase_change,384,1778259043.9844947,/big.txt,50200576,131072
219,219_baseline_phase_change_run19,baseline,phase_change,385,1778259043.9845855,/big.txt,50331648,131072
219,219_baseline_phase_change_run19,baseline,phase_change,386,1778259043.9846768,/big.txt,50462720,131072
219,219_baseline_phase_change_run19,baseline,phase_change,387,1778259043.9847646,/big.txt,50593792,131072
219,219_baseline_phase_change_run19,baseline,phase_change,388,1778259043.9848526,/big.txt,50724864,131072
219,219_baseline_phase_change_run19,baseline,phase_change,389,1778259043.98494,/big.txt,50855936,131072
219,219_baseline_phase_change_run19,baseline,phase_change,390,1778259043.985031,/big.txt,50987008,131072
219,219_baseline_phase_change_run19,baseline,phase_change,391,1778259043.9851196,/big.txt,51118080,131072
219,219_baseline_phase_change_run19,baseline,phase_change,392,1778259043.985207,/big.txt,51249152,131072
219,219_baseline_phase_change_run19,baseline,phase_change,393,1778259043.9852946,/big.txt,51380224,131072
219,219_baseline_phase_change_run19,baseline,phase_change,394,1778259043.9853814,/big.txt,51511296,131072
219,219_baseline_phase_change_run19,baseline,phase_change,395,1778259043.9854796,/big.txt,51642368,131072
219,219_baseline_phase_change_run19,baseline,phase_change,396,1778259043.985566,/big.txt,51773440,131072
219,219_baseline_phase_change_run19,baseline,phase_change,397,1778259043.9856548,/big.txt,51904512,131072
219,219_baseline_phase_change_run19,baseline,phase_change,398,1778259043.9857414,/big.txt,52035584,131072
219,219_baseline_phase_change_run19,baseline,phase_change,399,1778259043.9858277,/big.txt,52166656,131072
219,219_baseline_phase_change_run19,baseline,phase_change,400,1778259043.9859135,/big.txt,52297728,131072
219,219_baseline_phase_change_run19,baseline,phase_change,401,1778259043.9860039,/big.txt,52428800,131072
219,219_baseline_phase_change_run19,baseline,phase_change,402,1778259043.9860926,/big.txt,52559872,131072
219,219_baseline_phase_change_run19,baseline,phase_change,403,1778259043.9861817,/big.txt,52690944,131072
219,219_baseline_phase_change_run19,baseline,phase_change,404,1778259043.986268,/big.txt,52822016,131072
219,219_baseline_phase_change_run19,baseline,phase_change,405,1778259043.9863546,/big.txt,52953088,131072
219,219_baseline_phase_change_run19,baseline,phase_change,406,1778259043.9864411,/big.txt,53084160,131072
219,219_baseline_phase_change_run19,baseline,phase_change,407,1778259043.9865313,/big.txt,53215232,131072
219,219_baseline_phase_change_run19,baseline,phase_change,408,1778259043.986617,/big.txt,53346304,131072
219,219_baseline_phase_change_run19,baseline,phase_change,409,1778259043.9867027,/big.txt,53477376,131072
219,219_baseline_phase_change_run19,baseline,phase_change,410,1778259043.986802,/big.txt,53608448,131072
219,219_baseline_phase_change_run19,baseline,phase_change,411,1778259043.986891,/big.txt,53739520,131072
219,219_baseline_phase_change_run19,baseline,phase_change,412,1778259043.986977,/big.txt,53870592,131072
219,219_baseline_phase_change_run19,baseline,phase_change,413,1778259043.987064,/big.txt,54001664,131072
219,219_baseline_phase_change_run19,baseline,phase_change,414,1778259043.9871504,/big.txt,54132736,131072
219,219_baseline_phase_change_run19,baseline,phase_change,415,1778259043.9872363,/big.txt,54263808,131072
219,219_baseline_phase_change_run19,baseline,phase_change,416,1778259043.9873228,/big.txt,54394880,131072
219,219_baseline_phase_change_run19,baseline,phase_change,417,1778259043.9874134,/big.txt,54525952,131072
219,219_baseline_phase_change_run19,baseline,phase_change,418,1778259043.9875011,/big.txt,54657024,131072
219,219_baseline_phase_change_run19,baseline,phase_change,419,1778259043.9875882,/big.txt,54788096,131072
219,219_baseline_phase_change_run19,baseline,phase_change,420,1778259043.9876747,/big.txt,54919168,131072
219,219_baseline_phase_change_run19,baseline,phase_change,421,1778259043.9877615,/big.txt,55050240,131072
219,219_baseline_phase_change_run19,baseline,phase_change,422,1778259043.9878483,/big.txt,55181312,131072
219,219_baseline_phase_change_run19,baseline,phase_change,423,1778259043.9879353,/big.txt,55312384,131072
219,219_baseline_phase_change_run19,baseline,phase_change,424,1778259043.988023,/big.txt,55443456,131072
219,219_baseline_phase_change_run19,baseline,phase_change,425,1778259043.9881136,/big.txt,55574528,131072
219,219_baseline_phase_change_run19,baseline,phase_change,426,1778259043.9882002,/big.txt,55705600,131072
219,219_baseline_phase_change_run19,baseline,phase_change,427,1778259043.9882865,/big.txt,55836672,131072
219,219_baseline_phase_change_run19,baseline,phase_change,428,1778259043.988373,/big.txt,55967744,131072
219,219_baseline_phase_change_run19,baseline,phase_change,429,1778259043.9884627,/big.txt,56098816,131072
219,219_baseline_phase_change_run19,baseline,phase_change,430,1778259043.9885492,/big.txt,56229888,131072
219,219_baseline_phase_change_run19,baseline,phase_change,431,1778259043.9886389,/big.txt,56360960,131072
219,219_baseline_phase_change_run19,baseline,phase_change,432,1778259043.9887264,/big.txt,56492032,131072
219,219_baseline_phase_change_run19,baseline,phase_change,433,1778259043.988815,/big.txt,56623104,131072
219,219_baseline_phase_change_run19,baseline,phase_change,434,1778259043.988901,/big.txt,56754176,131072
219,219_baseline_phase_change_run19,baseline,phase_change,435,1778259043.9889872,/big.txt,56885248,131072
219,219_baseline_phase_change_run19,baseline,phase_change,436,1778259043.989074,/big.txt,57016320,131072
219,219_baseline_phase_change_run19,baseline,phase_change,437,1778259043.9891608,/big.txt,57147392,131072
219,219_baseline_phase_change_run19,baseline,phase_change,438,1778259043.9892466,/big.txt,57278464,131072
219,219_baseline_phase_change_run19,baseline,phase_change,439,1778259043.9893332,/big.txt,57409536,131072
219,219_baseline_phase_change_run19,baseline,phase_change,440,1778259043.98942,/big.txt,57540608,131072
219,219_baseline_phase_change_run19,baseline,phase_change,441,1778259043.9895062,/big.txt,57671680,131072
219,219_baseline_phase_change_run19,baseline,phase_change,442,1778259043.9895928,/big.txt,57802752,131072
219,219_baseline_phase_change_run19,baseline,phase_change,443,1778259043.9896798,/big.txt,57933824,131072
219,219_baseline_phase_change_run19,baseline,phase_change,444,1778259043.9897668,/big.txt,58064896,131072
219,219_baseline_phase_change_run19,baseline,phase_change,445,1778259043.9898586,/big.txt,58195968,131072
219,219_baseline_phase_change_run19,baseline,phase_change,446,1778259043.989946,/big.txt,58327040,131072
219,219_baseline_phase_change_run19,baseline,phase_change,447,1778259043.9900324,/big.txt,58458112,131072
219,219_baseline_phase_change_run19,baseline,phase_change,448,1778259043.990119,/big.txt,58589184,131072
219,219_baseline_phase_change_run19,baseline,phase_change,449,1778259043.9902058,/big.txt,58720256,131072
219,219_baseline_phase_change_run19,baseline,phase_change,450,1778259043.9902928,/big.txt,58851328,131072
219,219_baseline_phase_change_run19,baseline,phase_change,451,1778259043.99038,/big.txt,58982400,131072
219,219_baseline_phase_change_run19,baseline,phase_change,452,1778259043.990467,/big.txt,59113472,131072
219,219_baseline_phase_change_run19,baseline,phase_change,453,1778259043.9905553,/big.txt,59244544,131072
219,219_baseline_phase_change_run19,baseline,phase_change,454,1778259043.9906452,/big.txt,59375616,131072
219,219_baseline_phase_change_run19,baseline,phase_change,455,1778259043.9907324,/big.txt,59506688,131072
219,219_baseline_phase_change_run19,baseline,phase_change,456,1778259043.9908247,/big.txt,59637760,131072
219,219_baseline_phase_change_run19,baseline,phase_change,457,1778259043.9909623,/big.txt,59768832,131072
219,219_baseline_phase_change_run19,baseline,phase_change,458,1778259043.9910758,/big.txt,59899904,131072
219,219_baseline_phase_change_run19,baseline,phase_change,459,1778259043.991182,/big.txt,60030976,131072
219,219_baseline_phase_change_run19,baseline,phase_change,460,1778259043.9912946,/big.txt,60162048,131072
219,219_baseline_phase_change_run19,baseline,phase_change,461,1778259043.9913955,/big.txt,60293120,131072
219,219_baseline_phase_change_run19,baseline,phase_change,462,1778259043.9914992,/big.txt,60424192,131072
219,219_baseline_phase_change_run19,baseline,phase_change,463,1778259043.9916165,/big.txt,60555264,131072
219,219_baseline_phase_change_run19,baseline,phase_change,464,1778259043.9917057,/big.txt,60686336,131072
219,219_baseline_phase_change_run19,baseline,phase_change,465,1778259043.9917972,/big.txt,60817408,131072
219,219_baseline_phase_change_run19,baseline,phase_change,466,1778259043.9918866,/big.txt,60948480,131072
219,219_baseline_phase_change_run19,baseline,phase_change,467,1778259043.991975,/big.txt,61079552,131072
219,219_baseline_phase_change_run19,baseline,phase_change,468,1778259043.9920638,/big.txt,61210624,131072
219,219_baseline_phase_change_run19,baseline,phase_change,469,1778259043.9921517,/big.txt,61341696,131072
219,219_baseline_phase_change_run19,baseline,phase_change,470,1778259043.99224,/big.txt,61472768,131072
219,219_baseline_phase_change_run19,baseline,phase_change,471,1778259043.9923291,/big.txt,61603840,131072
219,219_baseline_phase_change_run19,baseline,phase_change,472,1778259043.9924166,/big.txt,61734912,131072
219,219_baseline_phase_change_run19,baseline,phase_change,473,1778259043.9925072,/big.txt,61865984,131072
219,219_baseline_phase_change_run19,baseline,phase_change,474,1778259043.992595,/big.txt,61997056,131072
219,219_baseline_phase_change_run19,baseline,phase_change,475,1778259043.9926825,/big.txt,62128128,131072
219,219_baseline_phase_change_run19,baseline,phase_change,476,1778259043.9927702,/big.txt,62259200,131072
219,219_baseline_phase_change_run19,baseline,phase_change,477,1778259043.992861,/big.txt,62390272,131072
219,219_baseline_phase_change_run19,baseline,phase_change,478,1778259043.9929478,/big.txt,62521344,131072
219,219_baseline_phase_change_run19,baseline,phase_change,479,1778259043.9930356,/big.txt,62652416,131072
219,219_baseline_phase_change_run19,baseline,phase_change,480,1778259043.9931228,/big.txt,62783488,131072
219,219_baseline_phase_change_run19,baseline,phase_change,481,1778259043.9932098,/big.txt,62914560,131072
219,219_baseline_phase_change_run19,baseline,phase_change,482,1778259043.9932969,/big.txt,63045632,131072
219,219_baseline_phase_change_run19,baseline,phase_change,483,1778259043.9933834,/big.txt,63176704,131072
219,219_baseline_phase_change_run19,baseline,phase_change,484,1778259043.9934711,/big.txt,63307776,131072
219,219_baseline_phase_change_run19,baseline,phase_change,485,1778259043.9935591,/big.txt,63438848,131072
219,219_baseline_phase_change_run19,baseline,phase_change,486,1778259043.9936461,/big.txt,63569920,131072
219,219_baseline_phase_change_run19,baseline,phase_change,487,1778259043.9937334,/big.txt,63700992,131072
219,219_baseline_phase_change_run19,baseline,phase_change,488,1778259043.993821,/big.txt,63832064,131072
219,219_baseline_phase_change_run19,baseline,phase_change,489,1778259043.9939084,/big.txt,63963136,131072
219,219_baseline_phase_change_run19,baseline,phase_change,490,1778259043.9939954,/big.txt,64094208,131072
219,219_baseline_phase_change_run19,baseline,phase_change,491,1778259043.9940832,/big.txt,64225280,131072
219,219_baseline_phase_change_run19,baseline,phase_change,492,1778259043.9941733,/big.txt,64356352,131072
219,219_baseline_phase_change_run19,baseline,phase_change,493,1778259043.9942608,/big.txt,64487424,131072
219,219_baseline_phase_change_run19,baseline,phase_change,494,1778259043.9943488,/big.txt,64618496,131072
219,219_baseline_phase_change_run19,baseline,phase_change,495,1778259043.9944365,/big.txt,64749568,131072
219,219_baseline_phase_change_run19,baseline,phase_change,496,1778259043.994524,/big.txt,64880640,131072
219,219_baseline_phase_change_run19,baseline,phase_change,497,1778259043.9946144,/big.txt,65011712,131072
219,219_baseline_phase_change_run19,baseline,phase_change,498,1778259043.994702,/big.txt,65142784,131072
219,219_baseline_phase_change_run19,baseline,phase_change,499,1778259043.9948041,/big.txt,65273856,131072
219,219_baseline_phase_change_run19,baseline,phase_change,500,1778259043.9948945,/big.txt,65404928,131072
219,219_baseline_phase_change_run19,baseline,phase_change,501,1778259043.9950392,/big.txt,65536000,131072
219,219_baseline_phase_change_run19,baseline,phase_change,502,1778259043.9951322,/big.txt,65667072,131072
219,219_baseline_phase_change_run19,baseline,phase_change,503,1778259043.9952207,/big.txt,65798144,131072
219,219_baseline_phase_change_run19,baseline,phase_change,504,1778259043.9953089,/big.txt,65929216,131072
219,219_baseline_phase_change_run19,baseline,phase_change,505,1778259043.995397,/big.txt,66060288,131072
219,219_baseline_phase_change_run19,baseline,phase_change,506,1778259043.995485,/big.txt,66191360,131072
219,219_baseline_phase_change_run19,baseline,phase_change,507,1778259043.995573,/big.txt,66322432,131072
219,219_baseline_phase_change_run19,baseline,phase_change,508,1778259043.995661,/big.txt,66453504,131072
219,219_baseline_phase_change_run19,baseline,phase_change,509,1778259043.9957492,/big.txt,66584576,131072
219,219_baseline_phase_change_run19,baseline,phase_change,510,1778259043.9958372,/big.txt,66715648,131072
219,219_baseline_phase_change_run19,baseline,phase_change,511,1778259043.995924,/big.txt,66846720,131072
219,219_baseline_phase_change_run19,baseline,phase_change,512,1778259043.9960122,/big.txt,66977792,131072
219,219_baseline_phase_change_run19,baseline,phase_change,513,1778259043.9960995,/big.txt,67108864,131072
219,219_baseline_phase_change_run19,baseline,phase_change,514,1778259043.996188,/big.txt,67239936,131072
219,219_baseline_phase_change_run19,baseline,phase_change,515,1778259043.996275,/big.txt,67371008,131072
219,219_baseline_phase_change_run19,baseline,phase_change,516,1778259043.9963627,/big.txt,67502080,131072
219,219_baseline_phase_change_run19,baseline,phase_change,517,1778259043.9964514,/big.txt,67633152,131072
219,219_baseline_phase_change_run19,baseline,phase_change,518,1778259043.9965396,/big.txt,67764224,131072
219,219_baseline_phase_change_run19,baseline,phase_change,519,1778259043.9966266,/big.txt,67895296,131072
219,219_baseline_phase_change_run19,baseline,phase_change,520,1778259043.9967139,/big.txt,68026368,131072
219,219_baseline_phase_change_run19,baseline,phase_change,521,1778259043.9968016,/big.txt,68157440,131072
219,219_baseline_phase_change_run19,baseline,phase_change,522,1778259043.9968903,/big.txt,68288512,131072
219,219_baseline_phase_change_run19,baseline,phase_change,523,1778259043.9969828,/big.txt,68419584,131072
219,219_baseline_phase_change_run19,baseline,phase_change,524,1778259043.9970741,/big.txt,68550656,131072
219,219_baseline_phase_change_run19,baseline,phase_change,525,1778259043.9971623,/big.txt,68681728,131072
219,219_baseline_phase_change_run19,baseline,phase_change,526,1778259043.9972506,/big.txt,68812800,131072
219,219_baseline_phase_change_run19,baseline,phase_change,527,1778259043.9973385,/big.txt,68943872,131072
219,219_baseline_phase_change_run19,baseline,phase_change,528,1778259043.9974298,/big.txt,69074944,131072
219,219_baseline_phase_change_run19,baseline,phase_change,529,1778259043.997524,/big.txt,69206016,131072
219,219_baseline_phase_change_run19,baseline,phase_change,530,1778259043.9976141,/big.txt,69337088,131072
219,219_baseline_phase_change_run19,baseline,phase_change,531,1778259043.9977024,/big.txt,69468160,131072
219,219_baseline_phase_change_run19,baseline,phase_change,532,1778259043.9977899,/big.txt,69599232,131072
219,219_baseline_phase_change_run19,baseline,phase_change,533,1778259043.9978783,/big.txt,69730304,131072
219,219_baseline_phase_change_run19,baseline,phase_change,534,1778259043.9979658,/big.txt,69861376,131072
219,219_baseline_phase_change_run19,baseline,phase_change,535,1778259043.9980538,/big.txt,69992448,131072
219,219_baseline_phase_change_run19,baseline,phase_change,536,1778259043.9981418,/big.txt,70123520,131072
219,219_baseline_phase_change_run19,baseline,phase_change,537,1778259043.998229,/big.txt,70254592,131072
219,219_baseline_phase_change_run19,baseline,phase_change,538,1778259043.9983163,/big.txt,70385664,131072
219,219_baseline_phase_change_run19,baseline,phase_change,539,1778259043.9984043,/big.txt,70516736,131072
219,219_baseline_phase_change_run19,baseline,phase_change,540,1778259043.9984968,/big.txt,70647808,131072
219,219_baseline_phase_change_run19,baseline,phase_change,541,1778259043.9985845,/big.txt,70778880,131072
219,219_baseline_phase_change_run19,baseline,phase_change,542,1778259043.9986732,/big.txt,70909952,131072
219,219_baseline_phase_change_run19,baseline,phase_change,543,1778259043.9987605,/big.txt,71041024,131072
219,219_baseline_phase_change_run19,baseline,phase_change,544,1778259043.9988902,/big.txt,71172096,131072
219,219_baseline_phase_change_run19,baseline,phase_change,545,1778259043.9989786,/big.txt,71303168,131072
219,219_baseline_phase_change_run19,baseline,phase_change,546,1778259043.9990692,/big.txt,71434240,131072
219,219_baseline_phase_change_run19,baseline,phase_change,547,1778259043.9991574,/big.txt,71565312,131072
219,219_baseline_phase_change_run19,baseline,phase_change,548,1778259043.9992452,/big.txt,71696384,131072
219,219_baseline_phase_change_run19,baseline,phase_change,549,1778259043.9993324,/big.txt,71827456,131072
219,219_baseline_phase_change_run19,baseline,phase_change,550,1778259043.999419,/big.txt,71958528,131072
219,219_baseline_phase_change_run19,baseline,phase_change,551,1778259043.999505,/big.txt,72089600,131072
219,219_baseline_phase_change_run19,baseline,phase_change,552,1778259043.9995916,/big.txt,72220672,131072
219,219_baseline_phase_change_run19,baseline,phase_change,553,1778259043.9996784,/big.txt,72351744,131072
219,219_baseline_phase_change_run19,baseline,phase_change,554,1778259043.9997654,/big.txt,72482816,131072
219,219_baseline_phase_change_run19,baseline,phase_change,555,1778259043.9998515,/big.txt,72613888,131072
219,219_baseline_phase_change_run19,baseline,phase_change,556,1778259043.9999442,/big.txt,72744960,131072
219,219_baseline_phase_change_run19,baseline,phase_change,557,1778259044.0000317,/big.txt,72876032,131072
219,219_baseline_phase_change_run19,baseline,phase_change,558,1778259044.0001187,/big.txt,73007104,131072
219,219_baseline_phase_change_run19,baseline,phase_change,559,1778259044.0002055,/big.txt,73138176,131072
219,219_baseline_phase_change_run19,baseline,phase_change,560,1778259044.0002954,/big.txt,73269248,131072
219,219_baseline_phase_change_run19,baseline,phase_change,561,1778259044.000383,/big.txt,73400320,131072
219,219_baseline_phase_change_run19,baseline,phase_change,562,1778259044.0004706,/big.txt,73531392,131072
219,219_baseline_phase_change_run19,baseline,phase_change,563,1778259044.000557,/big.txt,73662464,131072
219,219_baseline_phase_change_run19,baseline,phase_change,564,1778259044.0006442,/big.txt,73793536,131072
219,219_baseline_phase_change_run19,baseline,phase_change,565,1778259044.0007305,/big.txt,73924608,131072
219,219_baseline_phase_change_run19,baseline,phase_change,566,1778259044.0008178,/big.txt,74055680,131072
219,219_baseline_phase_change_run19,baseline,phase_change,567,1778259044.0009048,/big.txt,74186752,131072
219,219_baseline_phase_change_run19,baseline,phase_change,568,1778259044.0009913,/big.txt,74317824,131072
219,219_baseline_phase_change_run19,baseline,phase_change,569,1778259044.0010817,/big.txt,74448896,131072
219,219_baseline_phase_change_run19,baseline,phase_change,570,1778259044.001168,/big.txt,74579968,131072
219,219_baseline_phase_change_run19,baseline,phase_change,571,1778259044.0012553,/big.txt,74711040,131072
219,219_baseline_phase_change_run19,baseline,phase_change,572,1778259044.0013425,/big.txt,74842112,131072
219,219_baseline_phase_change_run19,baseline,phase_change,573,1778259044.0014298,/big.txt,74973184,131072
219,219_baseline_phase_change_run19,baseline,phase_change,574,1778259044.0015159,/big.txt,75104256,131072
219,219_baseline_phase_change_run19,baseline,phase_change,575,1778259044.001603,/big.txt,75235328,131072
219,219_baseline_phase_change_run19,baseline,phase_change,576,1778259044.0016892,/big.txt,75366400,131072
219,219_baseline_phase_change_run19,baseline,phase_change,577,1778259044.001776,/big.txt,75497472,131072
219,219_baseline_phase_change_run19,baseline,phase_change,578,1778259044.0018666,/big.txt,75628544,131072
219,219_baseline_phase_change_run19,baseline,phase_change,579,1778259044.0019534,/big.txt,75759616,131072
219,219_baseline_phase_change_run19,baseline,phase_change,580,1778259044.0020404,/big.txt,75890688,131072
219,219_baseline_phase_change_run19,baseline,phase_change,581,1778259044.002127,/big.txt,76021760,131072
219,219_baseline_phase_change_run19,baseline,phase_change,582,1778259044.002215,/big.txt,76152832,131072
219,219_baseline_phase_change_run19,baseline,phase_change,583,1778259044.0023015,/big.txt,76283904,131072
219,219_baseline_phase_change_run19,baseline,phase_change,584,1778259044.0023918,/big.txt,76414976,131072
219,219_baseline_phase_change_run19,baseline,phase_change,585,1778259044.0024793,/big.txt,76546048,131072
219,219_baseline_phase_change_run19,baseline,phase_change,586,1778259044.0025663,/big.txt,76677120,131072
219,219_baseline_phase_change_run19,baseline,phase_change,587,1778259044.0026526,/big.txt,76808192,131072
219,219_baseline_phase_change_run19,baseline,phase_change,588,1778259044.0027428,/big.txt,76939264,131072
219,219_baseline_phase_change_run19,baseline,phase_change,589,1778259044.00286,/big.txt,77070336,131072
219,219_baseline_phase_change_run19,baseline,phase_change,590,1778259044.0029497,/big.txt,77201408,131072
219,219_baseline_phase_change_run19,baseline,phase_change,591,1778259044.0030413,/big.txt,77332480,131072
219,219_baseline_phase_change_run19,baseline,phase_change,592,1778259044.0031316,/big.txt,77463552,131072
219,219_baseline_phase_change_run19,baseline,phase_change,593,1778259044.003219,/big.txt,77594624,131072
219,219_baseline_phase_change_run19,baseline,phase_change,594,1778259044.0033069,/big.txt,77725696,131072
219,219_baseline_phase_change_run19,baseline,phase_change,595,1778259044.0033956,/big.txt,77856768,131072
219,219_baseline_phase_change_run19,baseline,phase_change,596,1778259044.0034828,/big.txt,77987840,131072
219,219_baseline_phase_change_run19,baseline,phase_change,597,1778259044.0035713,/big.txt,78118912,131072
219,219_baseline_phase_change_run19,baseline,phase_change,598,1778259044.0036592,/big.txt,78249984,131072
219,219_baseline_phase_change_run19,baseline,phase_change,599,1778259044.0037477,/big.txt,78381056,131072
219,219_baseline_phase_change_run19,baseline,phase_change,600,1778259044.003835,/big.txt,78512128,131072
219,219_baseline_phase_change_run19,baseline,phase_change,601,1778259044.0039222,/big.txt,78643200,131072
219,219_baseline_phase_change_run19,baseline,phase_change,602,1778259044.0040095,/big.txt,78774272,131072
219,219_baseline_phase_change_run19,baseline,phase_change,603,1778259044.0040967,/big.txt,78905344,131072
219,219_baseline_phase_change_run19,baseline,phase_change,604,1778259044.0041838,/big.txt,79036416,131072
219,219_baseline_phase_change_run19,baseline,phase_change,605,1778259044.00427,/big.txt,79167488,131072
219,219_baseline_phase_change_run19,baseline,phase_change,606,1778259044.0043583,/big.txt,79298560,131072
219,219_baseline_phase_change_run19,baseline,phase_change,607,1778259044.0044458,/big.txt,79429632,131072
219,219_baseline_phase_change_run19,baseline,phase_change,608,1778259044.0045338,/big.txt,79560704,131072
219,219_baseline_phase_change_run19,baseline,phase_change,609,1778259044.0046203,/big.txt,79691776,131072
219,219_baseline_phase_change_run19,baseline,phase_change,610,1778259044.0047083,/big.txt,79822848,131072
219,219_baseline_phase_change_run19,baseline,phase_change,611,1778259044.0047953,/big.txt,79953920,131072
219,219_baseline_phase_change_run19,baseline,phase_change,612,1778259044.0048873,/big.txt,80084992,131072
219,219_baseline_phase_change_run19,baseline,phase_change,613,1778259044.0049748,/big.txt,80216064,131072
219,219_baseline_phase_change_run19,baseline,phase_change,614,1778259044.005063,/big.txt,80347136,131072
219,219_baseline_phase_change_run19,baseline,phase_change,615,1778259044.0051541,/big.txt,80478208,131072
219,219_baseline_phase_change_run19,baseline,phase_change,616,1778259044.005242,/big.txt,80609280,131072
219,219_baseline_phase_change_run19,baseline,phase_change,617,1778259044.0053334,/big.txt,80740352,131072
219,219_baseline_phase_change_run19,baseline,phase_change,618,1778259044.0054216,/big.txt,80871424,131072
219,219_baseline_phase_change_run19,baseline,phase_change,619,1778259044.0055099,/big.txt,81002496,131072
219,219_baseline_phase_change_run19,baseline,phase_change,620,1778259044.0056038,/big.txt,81133568,131072
219,219_baseline_phase_change_run19,baseline,phase_change,621,1778259044.0056908,/big.txt,81264640,131072
219,219_baseline_phase_change_run19,baseline,phase_change,622,1778259044.0057786,/big.txt,81395712,131072
219,219_baseline_phase_change_run19,baseline,phase_change,623,1778259044.0058663,/big.txt,81526784,131072
219,219_baseline_phase_change_run19,baseline,phase_change,624,1778259044.0059571,/big.txt,81657856,131072
219,219_baseline_phase_change_run19,baseline,phase_change,625,1778259044.0060463,/big.txt,81788928,131072
219,219_baseline_phase_change_run19,baseline,phase_change,626,1778259044.006135,/big.txt,81920000,131072
219,219_baseline_phase_change_run19,baseline,phase_change,627,1778259044.0062232,/big.txt,82051072,131072
219,219_baseline_phase_change_run19,baseline,phase_change,628,1778259044.0063112,/big.txt,82182144,131072
219,219_baseline_phase_change_run19,baseline,phase_change,629,1778259044.0063992,/big.txt,82313216,131072
219,219_baseline_phase_change_run19,baseline,phase_change,630,1778259044.0064874,/big.txt,82444288,131072
219,219_baseline_phase_change_run19,baseline,phase_change,631,1778259044.0065756,/big.txt,82575360,131072
219,219_baseline_phase_change_run19,baseline,phase_change,632,1778259044.0066626,/big.txt,82706432,131072
219,219_baseline_phase_change_run19,baseline,phase_change,633,1778259044.0067503,/big.txt,82837504,131072
219,219_baseline_phase_change_run19,baseline,phase_change,634,1778259044.0068767,/big.txt,82968576,131072
219,219_baseline_phase_change_run19,baseline,phase_change,635,1778259044.0069675,/big.txt,83099648,131072
219,219_baseline_phase_change_run19,baseline,phase_change,636,1778259044.0070584,/big.txt,83230720,131072
219,219_baseline_phase_change_run19,baseline,phase_change,637,1778259044.0071487,/big.txt,83361792,131072
219,219_baseline_phase_change_run19,baseline,phase_change,638,1778259044.0072412,/big.txt,83492864,131072
219,219_baseline_phase_change_run19,baseline,phase_change,639,1778259044.0073354,/big.txt,83623936,131072
219,219_baseline_phase_change_run19,baseline,phase_change,640,1778259044.0074267,/big.txt,83755008,131072
219,219_baseline_phase_change_run19,baseline,phase_change,641,1778259044.0075169,/big.txt,83886080,131072
219,219_baseline_phase_change_run19,baseline,phase_change,642,1778259044.0076072,/big.txt,84017152,131072
219,219_baseline_phase_change_run19,baseline,phase_change,643,1778259044.0076966,/big.txt,84148224,131072
219,219_baseline_phase_change_run19,baseline,phase_change,644,1778259044.0077858,/big.txt,84279296,131072
219,219_baseline_phase_change_run19,baseline,phase_change,645,1778259044.0078738,/big.txt,84410368,131072
219,219_baseline_phase_change_run19,baseline,phase_change,646,1778259044.0079625,/big.txt,84541440,131072
219,219_baseline_phase_change_run19,baseline,phase_change,647,1778259044.0080514,/big.txt,84672512,131072
219,219_baseline_phase_change_run19,baseline,phase_change,648,1778259044.0081408,/big.txt,84803584,131072
219,219_baseline_phase_change_run19,baseline,phase_change,649,1778259044.0082302,/big.txt,84934656,131072
219,219_baseline_phase_change_run19,baseline,phase_change,650,1778259044.0083194,/big.txt,85065728,131072
219,219_baseline_phase_change_run19,baseline,phase_change,651,1778259044.0084078,/big.txt,85196800,131072
219,219_baseline_phase_change_run19,baseline,phase_change,652,1778259044.0085025,/big.txt,85327872,131072
219,219_baseline_phase_change_run19,baseline,phase_change,653,1778259044.0085926,/big.txt,85458944,131072
219,219_baseline_phase_change_run19,baseline,phase_change,654,1778259044.008682,/big.txt,85590016,131072
219,219_baseline_phase_change_run19,baseline,phase_change,655,1778259044.0087752,/big.txt,85721088,131072
219,219_baseline_phase_change_run19,baseline,phase_change,656,1778259044.0088685,/big.txt,85852160,131072
219,219_baseline_phase_change_run19,baseline,phase_change,657,1778259044.0089586,/big.txt,85983232,131072
219,219_baseline_phase_change_run19,baseline,phase_change,658,1778259044.0090477,/big.txt,86114304,131072
219,219_baseline_phase_change_run19,baseline,phase_change,659,1778259044.009138,/big.txt,86245376,131072
219,219_baseline_phase_change_run19,baseline,phase_change,660,1778259044.009228,/big.txt,86376448,131072
219,219_baseline_phase_change_run19,baseline,phase_change,661,1778259044.0093207,/big.txt,86507520,131072
219,219_baseline_phase_change_run19,baseline,phase_change,662,1778259044.0094106,/big.txt,86638592,131072
219,219_baseline_phase_change_run19,baseline,phase_change,663,1778259044.0094998,/big.txt,86769664,131072
219,219_baseline_phase_change_run19,baseline,phase_change,664,1778259044.009589,/big.txt,86900736,131072
219,219_baseline_phase_change_run19,baseline,phase_change,665,1778259044.009679,/big.txt,87031808,131072
219,219_baseline_phase_change_run19,baseline,phase_change,666,1778259044.0097687,/big.txt,87162880,131072
219,219_baseline_phase_change_run19,baseline,phase_change,667,1778259044.009862,/big.txt,87293952,131072
219,219_baseline_phase_change_run19,baseline,phase_change,668,1778259044.0099528,/big.txt,87425024,131072
219,219_baseline_phase_change_run19,baseline,phase_change,669,1778259044.0100417,/big.txt,87556096,131072
219,219_baseline_phase_change_run19,baseline,phase_change,670,1778259044.0101323,/big.txt,87687168,131072
219,219_baseline_phase_change_run19,baseline,phase_change,671,1778259044.0102222,/big.txt,87818240,131072
219,219_baseline_phase_change_run19,baseline,phase_change,672,1778259044.0103111,/big.txt,87949312,131072
219,219_baseline_phase_change_run19,baseline,phase_change,673,1778259044.0103998,/big.txt,88080384,131072
219,219_baseline_phase_change_run19,baseline,phase_change,674,1778259044.01049,/big.txt,88211456,131072
219,219_baseline_phase_change_run19,baseline,phase_change,675,1778259044.0105793,/big.txt,88342528,131072
219,219_baseline_phase_change_run19,baseline,phase_change,676,1778259044.010669,/big.txt,88473600,131072
219,219_baseline_phase_change_run19,baseline,phase_change,677,1778259044.0107577,/big.txt,88604672,131072
219,219_baseline_phase_change_run19,baseline,phase_change,678,1778259044.0108604,/big.txt,88735744,131072
219,219_baseline_phase_change_run19,baseline,phase_change,679,1778259044.0109513,/big.txt,88866816,131072
219,219_baseline_phase_change_run19,baseline,phase_change,680,1778259044.0110412,/big.txt,88997888,131072
219,219_baseline_phase_change_run19,baseline,phase_change,681,1778259044.0111303,/big.txt,89128960,131072
219,219_baseline_phase_change_run19,baseline,phase_change,682,1778259044.0112202,/big.txt,89260032,131072
219,219_baseline_phase_change_run19,baseline,phase_change,683,1778259044.0113127,/big.txt,89391104,131072
219,219_baseline_phase_change_run19,baseline,phase_change,684,1778259044.0114055,/big.txt,89522176,131072
219,219_baseline_phase_change_run19,baseline,phase_change,685,1778259044.0114946,/big.txt,89653248,131072
219,219_baseline_phase_change_run19,baseline,phase_change,686,1778259044.0115845,/big.txt,89784320,131072
219,219_baseline_phase_change_run19,baseline,phase_change,687,1778259044.011674,/big.txt,89915392,131072
219,219_baseline_phase_change_run19,baseline,phase_change,688,1778259044.0117662,/big.txt,90046464,131072
219,219_baseline_phase_change_run19,baseline,phase_change,689,1778259044.0118554,/big.txt,90177536,131072
219,219_baseline_phase_change_run19,baseline,phase_change,690,1778259044.0119433,/big.txt,90308608,131072
219,219_baseline_phase_change_run19,baseline,phase_change,691,1778259044.0120335,/big.txt,90439680,131072
219,219_baseline_phase_change_run19,baseline,phase_change,692,1778259044.0121226,/big.txt,90570752,131072
219,219_baseline_phase_change_run19,baseline,phase_change,693,1778259044.0122163,/big.txt,90701824,131072
219,219_baseline_phase_change_run19,baseline,phase_change,694,1778259044.012306,/big.txt,90832896,131072
219,219_baseline_phase_change_run19,baseline,phase_change,695,1778259044.0123985,/big.txt,90963968,131072
219,219_baseline_phase_change_run19,baseline,phase_change,696,1778259044.0124886,/big.txt,91095040,131072
219,219_baseline_phase_change_run19,baseline,phase_change,697,1778259044.0125787,/big.txt,91226112,131072
219,219_baseline_phase_change_run19,baseline,phase_change,698,1778259044.0126686,/big.txt,91357184,131072
219,219_baseline_phase_change_run19,baseline,phase_change,699,1778259044.0127583,/big.txt,91488256,131072
219,219_baseline_phase_change_run19,baseline,phase_change,700,1778259044.0128477,/big.txt,91619328,131072
219,219_baseline_phase_change_run19,baseline,phase_change,701,1778259044.0129378,/big.txt,91750400,131072
219,219_baseline_phase_change_run19,baseline,phase_change,702,1778259044.0130272,/big.txt,91881472,131072
219,219_baseline_phase_change_run19,baseline,phase_change,703,1778259044.013117,/big.txt,92012544,131072
219,219_baseline_phase_change_run19,baseline,phase_change,704,1778259044.013206,/big.txt,92143616,131072
219,219_baseline_phase_change_run19,baseline,phase_change,705,1778259044.013296,/big.txt,92274688,131072
219,219_baseline_phase_change_run19,baseline,phase_change,706,1778259044.0133848,/big.txt,92405760,131072
219,219_baseline_phase_change_run19,baseline,phase_change,707,1778259044.013479,/big.txt,92536832,131072
219,219_baseline_phase_change_run19,baseline,phase_change,708,1778259044.013569,/big.txt,92667904,131072
219,219_baseline_phase_change_run19,baseline,phase_change,709,1778259044.0136588,/big.txt,92798976,131072
219,219_baseline_phase_change_run19,baseline,phase_change,710,1778259044.0137482,/big.txt,92930048,131072
219,219_baseline_phase_change_run19,baseline,phase_change,711,1778259044.0138378,/big.txt,93061120,131072
219,219_baseline_phase_change_run19,baseline,phase_change,712,1778259044.0139272,/big.txt,93192192,131072
219,219_baseline_phase_change_run19,baseline,phase_change,713,1778259044.0140162,/big.txt,93323264,131072
219,219_baseline_phase_change_run19,baseline,phase_change,714,1778259044.014105,/big.txt,93454336,131072
219,219_baseline_phase_change_run19,baseline,phase_change,715,1778259044.0141954,/big.txt,93585408,131072
219,219_baseline_phase_change_run19,baseline,phase_change,716,1778259044.0142894,/big.txt,93716480,131072
219,219_baseline_phase_change_run19,baseline,phase_change,717,1778259044.0143793,/big.txt,93847552,131072
219,219_baseline_phase_change_run19,baseline,phase_change,718,1778259044.014469,/big.txt,93978624,131072
219,219_baseline_phase_change_run19,baseline,phase_change,719,1778259044.0145578,/big.txt,94109696,131072
219,219_baseline_phase_change_run19,baseline,phase_change,720,1778259044.0146499,/big.txt,94240768,131072
219,219_baseline_phase_change_run19,baseline,phase_change,721,1778259044.0147393,/big.txt,94371840,131072
219,219_baseline_phase_change_run19,baseline,phase_change,722,1778259044.014872,/big.txt,94502912,131072
219,219_baseline_phase_change_run19,baseline,phase_change,723,1778259044.0149662,/big.txt,94633984,131072
219,219_baseline_phase_change_run19,baseline,phase_change,724,1778259044.0150576,/big.txt,94765056,131072
219,219_baseline_phase_change_run19,baseline,phase_change,725,1778259044.0151467,/big.txt,94896128,131072
219,219_baseline_phase_change_run19,baseline,phase_change,726,1778259044.0152369,/big.txt,95027200,131072
219,219_baseline_phase_change_run19,baseline,phase_change,727,1778259044.0153267,/big.txt,95158272,131072
219,219_baseline_phase_change_run19,baseline,phase_change,728,1778259044.0154173,/big.txt,95289344,131072
219,219_baseline_phase_change_run19,baseline,phase_change,729,1778259044.0155065,/big.txt,95420416,131072
219,219_baseline_phase_change_run19,baseline,phase_change,730,1778259044.0155985,/big.txt,95551488,131072
219,219_baseline_phase_change_run19,baseline,phase_change,731,1778259044.0156884,/big.txt,95682560,131072
219,219_baseline_phase_change_run19,baseline,phase_change,732,1778259044.0157816,/big.txt,95813632,131072
219,219_baseline_phase_change_run19,baseline,phase_change,733,1778259044.0158722,/big.txt,95944704,131072
219,219_baseline_phase_change_run19,baseline,phase_change,734,1778259044.015962,/big.txt,96075776,131072
219,219_baseline_phase_change_run19,baseline,phase_change,735,1778259044.016051,/big.txt,96206848,131072
219,219_baseline_phase_change_run19,baseline,phase_change,736,1778259044.0161405,/big.txt,96337920,131072
219,219_baseline_phase_change_run19,baseline,phase_change,737,1778259044.0162303,/big.txt,96468992,131072
219,219_baseline_phase_change_run19,baseline,phase_change,738,1778259044.0163202,/big.txt,96600064,131072
219,219_baseline_phase_change_run19,baseline,phase_change,739,1778259044.0164099,/big.txt,96731136,131072
219,219_baseline_phase_change_run19,baseline,phase_change,740,1778259044.0165,/big.txt,96862208,131072
219,219_baseline_phase_change_run19,baseline,phase_change,741,1778259044.0165896,/big.txt,96993280,131072
219,219_baseline_phase_change_run19,baseline,phase_change,742,1778259044.0166793,/big.txt,97124352,131072
219,219_baseline_phase_change_run19,baseline,phase_change,743,1778259044.016769,/big.txt,97255424,131072
219,219_baseline_phase_change_run19,baseline,phase_change,744,1778259044.0168586,/big.txt,97386496,131072
219,219_baseline_phase_change_run19,baseline,phase_change,745,1778259044.0169482,/big.txt,97517568,131072
219,219_baseline_phase_change_run19,baseline,phase_change,746,1778259044.0170383,/big.txt,97648640,131072
219,219_baseline_phase_change_run19,baseline,phase_change,747,1778259044.017131,/big.txt,97779712,131072
219,219_baseline_phase_change_run19,baseline,phase_change,748,1778259044.017221,/big.txt,97910784,131072
219,219_baseline_phase_change_run19,baseline,phase_change,749,1778259044.0173101,/big.txt,98041856,131072
219,219_baseline_phase_change_run19,baseline,phase_change,750,1778259044.0174053,/big.txt,98172928,131072
219,219_baseline_phase_change_run19,baseline,phase_change,751,1778259044.0174952,/big.txt,98304000,131072
219,219_baseline_phase_change_run19,baseline,phase_change,752,1778259044.0175889,/big.txt,98435072,131072
219,219_baseline_phase_change_run19,baseline,phase_change,753,1778259044.017681,/big.txt,98566144,131072
219,219_baseline_phase_change_run19,baseline,phase_change,754,1778259044.0177717,/big.txt,98697216,131072
219,219_baseline_phase_change_run19,baseline,phase_change,755,1778259044.0178623,/big.txt,98828288,131072
219,219_baseline_phase_change_run19,baseline,phase_change,756,1778259044.0179522,/big.txt,98959360,131072
219,219_baseline_phase_change_run19,baseline,phase_change,757,1778259044.0180423,/big.txt,99090432,131072
219,219_baseline_phase_change_run19,baseline,phase_change,758,1778259044.0181324,/big.txt,99221504,131072
219,219_baseline_phase_change_run19,baseline,phase_change,759,1778259044.0182233,/big.txt,99352576,131072
219,219_baseline_phase_change_run19,baseline,phase_change,760,1778259044.018314,/big.txt,99483648,131072
219,219_baseline_phase_change_run19,baseline,phase_change,761,1778259044.018404,/big.txt,99614720,131072
219,219_baseline_phase_change_run19,baseline,phase_change,762,1778259044.0185013,/big.txt,99745792,131072
219,219_baseline_phase_change_run19,baseline,phase_change,763,1778259044.0185928,/big.txt,99876864,131072
219,219_baseline_phase_change_run19,baseline,phase_change,764,1778259044.0186834,/big.txt,100007936,131072
219,219_baseline_phase_change_run19,baseline,phase_change,765,1778259044.01879,/big.txt,100139008,131072
219,219_baseline_phase_change_run19,baseline,phase_change,766,1778259044.018883,/big.txt,100270080,131072
219,219_baseline_phase_change_run19,baseline,phase_change,767,1778259044.0189726,/big.txt,100401152,131072
219,219_baseline_phase_change_run19,baseline,phase_change,768,1778259044.0190618,/big.txt,100532224,131072
219,219_baseline_phase_change_run19,baseline,phase_change,769,1778259044.0191507,/big.txt,100663296,131072
219,219_baseline_phase_change_run19,baseline,phase_change,770,1778259044.0192437,/big.txt,100794368,131072
219,219_baseline_phase_change_run19,baseline,phase_change,771,1778259044.0193336,/big.txt,100925440,131072
219,219_baseline_phase_change_run19,baseline,phase_change,772,1778259044.0194228,/big.txt,101056512,131072
219,219_baseline_phase_change_run19,baseline,phase_change,773,1778259044.0195115,/big.txt,101187584,131072
219,219_baseline_phase_change_run19,baseline,phase_change,774,1778259044.0196009,/big.txt,101318656,131072
219,219_baseline_phase_change_run19,baseline,phase_change,775,1778259044.019693,/big.txt,101449728,131072
219,219_baseline_phase_change_run19,baseline,phase_change,776,1778259044.0197823,/big.txt,101580800,131072
219,219_baseline_phase_change_run19,baseline,phase_change,777,1778259044.0198712,/big.txt,101711872,131072
219,219_baseline_phase_change_run19,baseline,phase_change,778,1778259044.0199656,/big.txt,101842944,131072
219,219_baseline_phase_change_run19,baseline,phase_change,779,1778259044.020058,/big.txt,101974016,131072
219,219_baseline_phase_change_run19,baseline,phase_change,780,1778259044.0201485,/big.txt,102105088,131072
219,219_baseline_phase_change_run19,baseline,phase_change,781,1778259044.020238,/big.txt,102236160,131072
219,219_baseline_phase_change_run19,baseline,phase_change,782,1778259044.0203266,/big.txt,102367232,131072
219,219_baseline_phase_change_run19,baseline,phase_change,783,1778259044.0204153,/big.txt,102498304,131072
219,219_baseline_phase_change_run19,baseline,phase_change,784,1778259044.020508,/big.txt,102629376,131072
219,219_baseline_phase_change_run19,baseline,phase_change,785,1778259044.0205982,/big.txt,102760448,131072
219,219_baseline_phase_change_run19,baseline,phase_change,786,1778259044.020687,/big.txt,102891520,131072
219,219_baseline_phase_change_run19,baseline,phase_change,787,1778259044.0207763,/big.txt,103022592,131072
219,219_baseline_phase_change_run19,baseline,phase_change,788,1778259044.0208657,/big.txt,103153664,131072
219,219_baseline_phase_change_run19,baseline,phase_change,789,1778259044.0209548,/big.txt,103284736,131072
219,219_baseline_phase_change_run19,baseline,phase_change,790,1778259044.0210443,/big.txt,103415808,131072
219,219_baseline_phase_change_run19,baseline,phase_change,791,1778259044.0211334,/big.txt,103546880,131072
219,219_baseline_phase_change_run19,baseline,phase_change,792,1778259044.0212216,/big.txt,103677952,131072
219,219_baseline_phase_change_run19,baseline,phase_change,793,1778259044.0213108,/big.txt,103809024,131072
219,219_baseline_phase_change_run19,baseline,phase_change,794,1778259044.0213995,/big.txt,103940096,131072
219,219_baseline_phase_change_run19,baseline,phase_change,795,1778259044.021488,/big.txt,104071168,131072
219,219_baseline_phase_change_run19,baseline,phase_change,796,1778259044.0215764,/big.txt,104202240,131072
219,219_baseline_phase_change_run19,baseline,phase_change,797,1778259044.0216665,/big.txt,104333312,131072
219,219_baseline_phase_change_run19,baseline,phase_change,798,1778259044.0217552,/big.txt,104464384,131072
219,219_baseline_phase_change_run19,baseline,phase_change,799,1778259044.0218472,/big.txt,104595456,131072
219,219_baseline_phase_change_run19,baseline,phase_change,800,1778259044.0219367,/big.txt,104726528,131072
219,219_baseline_phase_change_run19,baseline,phase_change,801,1778259044.022017,/big.txt,104857600,0
219,219_baseline_phase_change_run19,baseline,phase_change,802,1778259044.0233426,/big.txt,20480,4096
219,219_baseline_phase_change_run19,baseline,phase_change,803,1778259044.0244367,/big.txt,491520,4096
219,219_baseline_phase_change_run19,baseline,phase_change,804,1778259044.025357,/big.txt,172032,4096
219,219_baseline_phase_change_run19,baseline,phase_change,805,1778259044.0261962,/big.txt,1228800,4096
219,219_baseline_phase_change_run19,baseline,phase_change,806,1778259044.0270283,/big.txt,69632,4096
219,219_baseline_phase_change_run19,baseline,phase_change,807,1778259044.0280244,/big.txt,1024000,4096
219,219_baseline_phase_change_run19,baseline,phase_change,808,1778259044.0290084,/big.txt,360448,4096
219,219_baseline_phase_change_run19,baseline,phase_change,809,1778259044.029831,/big.txt,778240,4096
219,219_baseline_phase_change_run19,baseline,phase_change,810,1778259044.0306103,/big.txt,245760,4096
219,219_baseline_phase_change_run19,baseline,phase_change,811,1778259044.031456,/big.txt,40960,4096
219,219_baseline_phase_change_run19,baseline,phase_change,812,1778259044.032415,/big.txt,1363968,4096
219,219_baseline_phase_change_run19,baseline,phase_change,813,1778259044.0333652,/big.txt,307200,4096
219,219_baseline_phase_change_run19,baseline,phase_change,814,1778259044.0341866,/big.txt,2097152,4096
219,219_baseline_phase_change_run19,baseline,phase_change,815,1778259044.0350363,/big.txt,819200,4096
219,219_baseline_phase_change_run19,baseline,phase_change,816,1778259044.0360699,/big.txt,1843200,4096
219,219_baseline_phase_change_run19,baseline,phase_change,817,1778259044.0370357,/big.txt,405504,4096
219,219_baseline_phase_change_run19,baseline,phase_change,818,1778259044.037816,/big.txt,2457600,4096
219,219_baseline_phase_change_run19,baseline,phase_change,819,1778259044.0386481,/big.txt,614400,4096
219,219_baseline_phase_change_run19,baseline,phase_change,820,1778259044.0395002,/big.txt,2949120,4096
219,219_baseline_phase_change_run19,baseline,phase_change,821,1778259044.0403264,/big.txt,1556480,4096
219,219_baseline_phase_change_run19,baseline,phase_change,822,1778259044.041104,/big.txt,102400,4096
219,219_baseline_phase_change_run19,baseline,phase_change,823,1778259044.0419462,/big.txt,1966080,4096
219,219_baseline_phase_change_run19,baseline,phase_change,824,1778259044.0427213,/big.txt,2621440,4096
219,219_baseline_phase_change_run19,baseline,phase_change,825,1778259044.043723,/big.txt,225280,4096
219,219_baseline_phase_change_run19,baseline,phase_change,826,1778259044.0445645,/big.txt,3317760,4096
219,219_baseline_phase_change_run19,baseline,phase_change,827,1778259044.045389,/big.txt,0,131072
219,219_baseline_phase_change_run19,baseline,phase_change,828,1778259044.045497,/big.txt,131072,131072
219,219_baseline_phase_change_run19,baseline,phase_change,829,1778259044.045595,/big.txt,262144,131072
219,219_baseline_phase_change_run19,baseline,phase_change,830,1778259044.0456905,/big.txt,393216,131072
219,219_baseline_phase_change_run19,baseline,phase_change,831,1778259044.0457876,/big.txt,524288,131072
219,219_baseline_phase_change_run19,baseline,phase_change,832,1778259044.0458832,/big.txt,655360,131072
219,219_baseline_phase_change_run19,baseline,phase_change,833,1778259044.0459833,/big.txt,786432,131072
219,219_baseline_phase_change_run19,baseline,phase_change,834,1778259044.0460782,/big.txt,917504,131072
219,219_baseline_phase_change_run19,baseline,phase_change,835,1778259044.046172,/big.txt,1048576,131072
219,219_baseline_phase_change_run19,baseline,phase_change,836,1778259044.0462637,/big.txt,1179648,131072
219,219_baseline_phase_change_run19,baseline,phase_change,837,1778259044.0463564,/big.txt,1310720,131072
219,219_baseline_phase_change_run19,baseline,phase_change,838,1778259044.0464482,/big.txt,1441792,131072
219,219_baseline_phase_change_run19,baseline,phase_change,839,1778259044.0465403,/big.txt,1572864,131072
219,219_baseline_phase_change_run19,baseline,phase_change,840,1778259044.0466332,/big.txt,1703936,131072
219,219_baseline_phase_change_run19,baseline,phase_change,841,1778259044.0467253,/big.txt,1835008,131072
219,219_baseline_phase_change_run19,baseline,phase_change,842,1778259044.0468547,/big.txt,1966080,131072
219,219_baseline_phase_change_run19,baseline,phase_change,843,1778259044.0469527,/big.txt,2097152,131072
219,219_baseline_phase_change_run19,baseline,phase_change,844,1778259044.0470498,/big.txt,2228224,131072
219,219_baseline_phase_change_run19,baseline,phase_change,845,1778259044.047143,/big.txt,2359296,131072
219,219_baseline_phase_change_run19,baseline,phase_change,846,1778259044.0472355,/big.txt,2490368,131072
219,219_baseline_phase_change_run19,baseline,phase_change,847,1778259044.0473275,/big.txt,2621440,131072
219,219_baseline_phase_change_run19,baseline,phase_change,848,1778259044.0474262,/big.txt,2752512,131072
219,219_baseline_phase_change_run19,baseline,phase_change,849,1778259044.0475192,/big.txt,2883584,131072
219,219_baseline_phase_change_run19,baseline,phase_change,850,1778259044.0476127,/big.txt,3014656,131072
219,219_baseline_phase_change_run19,baseline,phase_change,851,1778259044.047704,/big.txt,3145728,131072
219,219_baseline_phase_change_run19,baseline,phase_change,852,1778259044.0477955,/big.txt,3276800,131072
219,219_baseline_phase_change_run19,baseline,phase_change,853,1778259044.0478866,/big.txt,3407872,131072
219,219_baseline_phase_change_run19,baseline,phase_change,854,1778259044.047978,/big.txt,3538944,131072
219,219_baseline_phase_change_run19,baseline,phase_change,855,1778259044.04807,/big.txt,3670016,131072
219,219_baseline_phase_change_run19,baseline,phase_change,856,1778259044.0481613,/big.txt,3801088,131072
219,219_baseline_phase_change_run19,baseline,phase_change,857,1778259044.048254,/big.txt,3932160,131072
219,219_baseline_phase_change_run19,baseline,phase_change,858,1778259044.0483456,/big.txt,4063232,131072
219,219_baseline_phase_change_run19,baseline,phase_change,859,1778259044.0484376,/big.txt,4194304,131072
219,219_baseline_phase_change_run19,baseline,phase_change,860,1778259044.0485291,/big.txt,4325376,131072
219,219_baseline_phase_change_run19,baseline,phase_change,861,1778259044.0486264,/big.txt,4456448,131072
219,219_baseline_phase_change_run19,baseline,phase_change,862,1778259044.0487194,/big.txt,4587520,131072
219,219_baseline_phase_change_run19,baseline,phase_change,863,1778259044.0488117,/big.txt,4718592,131072
219,219_baseline_phase_change_run19,baseline,phase_change,864,1778259044.048904,/big.txt,4849664,131072
219,219_baseline_phase_change_run19,baseline,phase_change,865,1778259044.0489955,/big.txt,4980736,131072
219,219_baseline_phase_change_run19,baseline,phase_change,866,1778259044.049091,/big.txt,5111808,131072
219,219_baseline_phase_change_run19,baseline,phase_change,867,1778259044.0491827,/big.txt,5242880,131072
219,219_baseline_phase_change_run19,baseline,phase_change,868,1778259044.0492735,/big.txt,5373952,131072
219,219_baseline_phase_change_run19,baseline,phase_change,869,1778259044.0493655,/big.txt,5505024,131072
219,219_baseline_phase_change_run19,baseline,phase_change,870,1778259044.0494564,/big.txt,5636096,131072
219,219_baseline_phase_change_run19,baseline,phase_change,871,1778259044.0495474,/big.txt,5767168,131072
219,219_baseline_phase_change_run19,baseline,phase_change,872,1778259044.0496397,/big.txt,5898240,131072
219,219_baseline_phase_change_run19,baseline,phase_change,873,1778259044.0497313,/big.txt,6029312,131072
219,219_baseline_phase_change_run19,baseline,phase_change,874,1778259044.0498238,/big.txt,6160384,131072
219,219_baseline_phase_change_run19,baseline,phase_change,875,1778259044.049919,/big.txt,6291456,131072
219,219_baseline_phase_change_run19,baseline,phase_change,876,1778259044.0500104,/big.txt,6422528,131072
219,219_baseline_phase_change_run19,baseline,phase_change,877,1778259044.0501015,/big.txt,6553600,131072
219,219_baseline_phase_change_run19,baseline,phase_change,878,1778259044.050194,/big.txt,6684672,131072
219,219_baseline_phase_change_run19,baseline,phase_change,879,1778259044.050286,/big.txt,6815744,131072
219,219_baseline_phase_change_run19,baseline,phase_change,880,1778259044.0503795,/big.txt,6946816,131072
219,219_baseline_phase_change_run19,baseline,phase_change,881,1778259044.0504708,/big.txt,7077888,131072
219,219_baseline_phase_change_run19,baseline,phase_change,882,1778259044.0505626,/big.txt,7208960,131072
219,219_baseline_phase_change_run19,baseline,phase_change,883,1778259044.0506546,/big.txt,7340032,131072
219,219_baseline_phase_change_run19,baseline,phase_change,884,1778259044.050746,/big.txt,7471104,131072
219,219_baseline_phase_change_run19,baseline,phase_change,885,1778259044.0508893,/big.txt,7602176,131072
219,219_baseline_phase_change_run19,baseline,phase_change,886,1778259044.0509863,/big.txt,7733248,131072
219,219_baseline_phase_change_run19,baseline,phase_change,887,1778259044.051078,/big.txt,7864320,131072
219,219_baseline_phase_change_run19,baseline,phase_change,888,1778259044.0511699,/big.txt,7995392,131072
219,219_baseline_phase_change_run19,baseline,phase_change,889,1778259044.0512602,/big.txt,8126464,131072
219,219_baseline_phase_change_run19,baseline,phase_change,890,1778259044.05136,/big.txt,8257536,131072
219,219_baseline_phase_change_run19,baseline,phase_change,891,1778259044.0514534,/big.txt,8388608,131072
219,219_baseline_phase_change_run19,baseline,phase_change,892,1778259044.051546,/big.txt,8519680,131072
219,219_baseline_phase_change_run19,baseline,phase_change,893,1778259044.05164,/big.txt,8650752,131072
219,219_baseline_phase_change_run19,baseline,phase_change,894,1778259044.0517359,/big.txt,8781824,131072
219,219_baseline_phase_change_run19,baseline,phase_change,895,1778259044.0518272,/big.txt,8912896,131072
219,219_baseline_phase_change_run19,baseline,phase_change,896,1778259044.0519187,/big.txt,9043968,131072
219,219_baseline_phase_change_run19,baseline,phase_change,897,1778259044.0520105,/big.txt,9175040,131072
219,219_baseline_phase_change_run19,baseline,phase_change,898,1778259044.0521019,/big.txt,9306112,131072
219,219_baseline_phase_change_run19,baseline,phase_change,899,1778259044.0521936,/big.txt,9437184,131072
219,219_baseline_phase_change_run19,baseline,phase_change,900,1778259044.0522847,/big.txt,9568256,131072
219,219_baseline_phase_change_run19,baseline,phase_change,901,1778259044.052377,/big.txt,9699328,131072
219,219_baseline_phase_change_run19,baseline,phase_change,902,1778259044.05247,/big.txt,9830400,131072
219,219_baseline_phase_change_run19,baseline,phase_change,903,1778259044.0525622,/big.txt,9961472,131072
219,219_baseline_phase_change_run19,baseline,phase_change,904,1778259044.0526533,/big.txt,10092544,131072
219,219_baseline_phase_change_run19,baseline,phase_change,905,1778259044.0527458,/big.txt,10223616,131072
219,219_baseline_phase_change_run19,baseline,phase_change,906,1778259044.0528376,/big.txt,10354688,131072
219,219_baseline_phase_change_run19,baseline,phase_change,907,1778259044.052933,/big.txt,10485760,131072
219,219_baseline_phase_change_run19,baseline,phase_change,908,1778259044.0530252,/big.txt,10616832,131072
219,219_baseline_phase_change_run19,baseline,phase_change,909,1778259044.0531173,/big.txt,10747904,131072
219,219_baseline_phase_change_run19,baseline,phase_change,910,1778259044.053209,/big.txt,10878976,131072
219,219_baseline_phase_change_run19,baseline,phase_change,911,1778259044.053301,/big.txt,11010048,131072
219,219_baseline_phase_change_run19,baseline,phase_change,912,1778259044.053397,/big.txt,11141120,131072
219,219_baseline_phase_change_run19,baseline,phase_change,913,1778259044.0534928,/big.txt,11272192,131072
219,219_baseline_phase_change_run19,baseline,phase_change,914,1778259044.0535848,/big.txt,11403264,131072
219,219_baseline_phase_change_run19,baseline,phase_change,915,1778259044.053676,/big.txt,11534336,131072
219,219_baseline_phase_change_run19,baseline,phase_change,916,1778259044.0537682,/big.txt,11665408,131072
219,219_baseline_phase_change_run19,baseline,phase_change,917,1778259044.053859,/big.txt,11796480,131072
219,219_baseline_phase_change_run19,baseline,phase_change,918,1778259044.0539546,/big.txt,11927552,131072
219,219_baseline_phase_change_run19,baseline,phase_change,919,1778259044.0540476,/big.txt,12058624,131072
219,219_baseline_phase_change_run19,baseline,phase_change,920,1778259044.0541394,/big.txt,12189696,131072
219,219_baseline_phase_change_run19,baseline,phase_change,921,1778259044.0542314,/big.txt,12320768,131072
219,219_baseline_phase_change_run19,baseline,phase_change,922,1778259044.0543237,/big.txt,12451840,131072
219,219_baseline_phase_change_run19,baseline,phase_change,923,1778259044.0544167,/big.txt,12582912,131072
219,219_baseline_phase_change_run19,baseline,phase_change,924,1778259044.054508,/big.txt,12713984,131072
219,219_baseline_phase_change_run19,baseline,phase_change,925,1778259044.0546052,/big.txt,12845056,131072
219,219_baseline_phase_change_run19,baseline,phase_change,926,1778259044.054698,/big.txt,12976128,131072
219,219_baseline_phase_change_run19,baseline,phase_change,927,1778259044.0548103,/big.txt,13107200,131072
219,219_baseline_phase_change_run19,baseline,phase_change,928,1778259044.0549493,/big.txt,13238272,131072
219,219_baseline_phase_change_run19,baseline,phase_change,929,1778259044.0550675,/big.txt,13369344,131072
219,219_baseline_phase_change_run19,baseline,phase_change,930,1778259044.0551887,/big.txt,13500416,131072
219,219_baseline_phase_change_run19,baseline,phase_change,931,1778259044.0553071,/big.txt,13631488,131072
219,219_baseline_phase_change_run19,baseline,phase_change,932,1778259044.0554268,/big.txt,13762560,131072
219,219_baseline_phase_change_run19,baseline,phase_change,933,1778259044.0555625,/big.txt,13893632,131072
219,219_baseline_phase_change_run19,baseline,phase_change,934,1778259044.0556724,/big.txt,14024704,131072
219,219_baseline_phase_change_run19,baseline,phase_change,935,1778259044.055766,/big.txt,14155776,131072
219,219_baseline_phase_change_run19,baseline,phase_change,936,1778259044.0558615,/big.txt,14286848,131072
219,219_baseline_phase_change_run19,baseline,phase_change,937,1778259044.055955,/big.txt,14417920,131072
219,219_baseline_phase_change_run19,baseline,phase_change,938,1778259044.056048,/big.txt,14548992,131072
219,219_baseline_phase_change_run19,baseline,phase_change,939,1778259044.0561435,/big.txt,14680064,131072
219,219_baseline_phase_change_run19,baseline,phase_change,940,1778259044.0562375,/big.txt,14811136,131072
219,219_baseline_phase_change_run19,baseline,phase_change,941,1778259044.0563307,/big.txt,14942208,131072
219,219_baseline_phase_change_run19,baseline,phase_change,942,1778259044.0564241,/big.txt,15073280,131072
219,219_baseline_phase_change_run19,baseline,phase_change,943,1778259044.0565195,/big.txt,15204352,131072
219,219_baseline_phase_change_run19,baseline,phase_change,944,1778259044.056612,/big.txt,15335424,131072
219,219_baseline_phase_change_run19,baseline,phase_change,945,1778259044.0567105,/big.txt,15466496,131072
219,219_baseline_phase_change_run19,baseline,phase_change,946,1778259044.0568025,/big.txt,15597568,131072
219,219_baseline_phase_change_run19,baseline,phase_change,947,1778259044.056895,/big.txt,15728640,131072
219,219_baseline_phase_change_run19,baseline,phase_change,948,1778259044.056986,/big.txt,15859712,131072
219,219_baseline_phase_change_run19,baseline,phase_change,949,1778259044.0570784,/big.txt,15990784,131072
219,219_baseline_phase_change_run19,baseline,phase_change,950,1778259044.057171,/big.txt,16121856,131072
219,219_baseline_phase_change_run19,baseline,phase_change,951,1778259044.057263,/big.txt,16252928,131072
219,219_baseline_phase_change_run19,baseline,phase_change,952,1778259044.057355,/big.txt,16384000,131072
219,219_baseline_phase_change_run19,baseline,phase_change,953,1778259044.0574477,/big.txt,16515072,131072
219,219_baseline_phase_change_run19,baseline,phase_change,954,1778259044.0575397,/big.txt,16646144,131072
219,219_baseline_phase_change_run19,baseline,phase_change,955,1778259044.0576322,/big.txt,16777216,131072
219,219_baseline_phase_change_run19,baseline,phase_change,956,1778259044.0577242,/big.txt,16908288,131072
219,219_baseline_phase_change_run19,baseline,phase_change,957,1778259044.0578163,/big.txt,17039360,131072
219,219_baseline_phase_change_run19,baseline,phase_change,958,1778259044.0579116,/big.txt,17170432,131072
219,219_baseline_phase_change_run19,baseline,phase_change,959,1778259044.0580046,/big.txt,17301504,131072
219,219_baseline_phase_change_run19,baseline,phase_change,960,1778259044.058097,/big.txt,17432576,131072
219,219_baseline_phase_change_run19,baseline,phase_change,961,1778259044.0581892,/big.txt,17563648,131072
219,219_baseline_phase_change_run19,baseline,phase_change,962,1778259044.0582812,/big.txt,17694720,131072
219,219_baseline_phase_change_run19,baseline,phase_change,963,1778259044.058378,/big.txt,17825792,131072
219,219_baseline_phase_change_run19,baseline,phase_change,964,1778259044.0584693,/big.txt,17956864,131072
219,219_baseline_phase_change_run19,baseline,phase_change,965,1778259044.0585606,/big.txt,18087936,131072
219,219_baseline_phase_change_run19,baseline,phase_change,966,1778259044.0586526,/big.txt,18219008,131072
219,219_baseline_phase_change_run19,baseline,phase_change,967,1778259044.0587451,/big.txt,18350080,131072
219,219_baseline_phase_change_run19,baseline,phase_change,968,1778259044.0588748,/big.txt,18481152,131072
219,219_baseline_phase_change_run19,baseline,phase_change,969,1778259044.0589678,/big.txt,18612224,131072
219,219_baseline_phase_change_run19,baseline,phase_change,970,1778259044.0590632,/big.txt,18743296,131072
219,219_baseline_phase_change_run19,baseline,phase_change,971,1778259044.0591564,/big.txt,18874368,131072
219,219_baseline_phase_change_run19,baseline,phase_change,972,1778259044.059248,/big.txt,19005440,131072
219,219_baseline_phase_change_run19,baseline,phase_change,973,1778259044.059343,/big.txt,19136512,131072
219,219_baseline_phase_change_run19,baseline,phase_change,974,1778259044.059439,/big.txt,19267584,131072
219,219_baseline_phase_change_run19,baseline,phase_change,975,1778259044.059533,/big.txt,19398656,131072
219,219_baseline_phase_change_run19,baseline,phase_change,976,1778259044.0596237,/big.txt,19529728,131072
219,219_baseline_phase_change_run19,baseline,phase_change,977,1778259044.059715,/big.txt,19660800,131072
219,219_baseline_phase_change_run19,baseline,phase_change,978,1778259044.059806,/big.txt,19791872,131072
219,219_baseline_phase_change_run19,baseline,phase_change,979,1778259044.059897,/big.txt,19922944,131072
219,219_baseline_phase_change_run19,baseline,phase_change,980,1778259044.0599875,/big.txt,20054016,131072
219,219_baseline_phase_change_run19,baseline,phase_change,981,1778259044.0600781,/big.txt,20185088,131072
219,219_baseline_phase_change_run19,baseline,phase_change,982,1778259044.060172,/big.txt,20316160,131072
219,219_baseline_phase_change_run19,baseline,phase_change,983,1778259044.060263,/big.txt,20447232,131072
219,219_baseline_phase_change_run19,baseline,phase_change,984,1778259044.0603538,/big.txt,20578304,131072
219,219_baseline_phase_change_run19,baseline,phase_change,985,1778259044.0604455,/big.txt,20709376,131072
219,219_baseline_phase_change_run19,baseline,phase_change,986,1778259044.0605366,/big.txt,20840448,131072
219,219_baseline_phase_change_run19,baseline,phase_change,987,1778259044.0606275,/big.txt,20971520,131072
219,219_baseline_phase_change_run19,baseline,phase_change,988,1778259044.060719,/big.txt,21102592,131072
219,219_baseline_phase_change_run19,baseline,phase_change,989,1778259044.0608103,/big.txt,21233664,131072
219,219_baseline_phase_change_run19,baseline,phase_change,990,1778259044.0609014,/big.txt,21364736,131072
219,219_baseline_phase_change_run19,baseline,phase_change,991,1778259044.0609927,/big.txt,21495808,131072
219,219_baseline_phase_change_run19,baseline,phase_change,992,1778259044.0610845,/big.txt,21626880,131072
219,219_baseline_phase_change_run19,baseline,phase_change,993,1778259044.0611765,/big.txt,21757952,131072
219,219_baseline_phase_change_run19,baseline,phase_change,994,1778259044.0612698,/big.txt,21889024,131072
219,219_baseline_phase_change_run19,baseline,phase_change,995,1778259044.061362,/big.txt,22020096,131072
219,219_baseline_phase_change_run19,baseline,phase_change,996,1778259044.0614543,/big.txt,22151168,131072
219,219_baseline_phase_change_run19,baseline,phase_change,997,1778259044.0615466,/big.txt,22282240,131072
219,219_baseline_phase_change_run19,baseline,phase_change,998,1778259044.0616386,/big.txt,22413312,131072
219,219_baseline_phase_change_run19,baseline,phase_change,999,1778259044.0617313,/big.txt,22544384,131072
219,219_baseline_phase_change_run19,baseline,phase_change,1000,1778259044.0618231,/big.txt,22675456,131072
219,219_baseline_phase_change_run19,baseline,phase_change,1001,1778259044.0619187,/big.txt,22806528,131072
219,219_baseline_phase_change_run19,baseline,phase_change,1002,1778259044.0620165,/big.txt,22937600,131072
219,219_baseline_phase_change_run19,baseline,phase_change,1003,1778259044.0621097,/big.txt,23068672,131072
219,219_baseline_phase_change_run19,baseline,phase_change,1004,1778259044.0622027,/big.txt,23199744,131072
219,219_baseline_phase_change_run19,baseline,phase_change,1005,1778259044.0622947,/big.txt,23330816,131072
219,219_baseline_phase_change_run19,baseline,phase_change,1006,1778259044.062388,/big.txt,23461888,131072
219,219_baseline_phase_change_run19,baseline,phase_change,1007,1778259044.0624814,/big.txt,23592960,131072
219,219_baseline_phase_change_run19,baseline,phase_change,1008,1778259044.062574,/big.txt,23724032,131072
219,219_baseline_phase_change_run19,baseline,phase_change,1009,1778259044.0626662,/big.txt,23855104,131072
219,219_baseline_phase_change_run19,baseline,phase_change,1010,1778259044.062758,/big.txt,23986176,131072
219,219_baseline_phase_change_run19,baseline,phase_change,1011,1778259044.0628889,/big.txt,24117248,131072
219,219_baseline_phase_change_run19,baseline,phase_change,1012,1778259044.0629818,/big.txt,24248320,131072
219,219_baseline_phase_change_run19,baseline,phase_change,1013,1778259044.063074,/big.txt,24379392,131072
219,219_baseline_phase_change_run19,baseline,phase_change,1014,1778259044.063166,/big.txt,24510464,131072
219,219_baseline_phase_change_run19,baseline,phase_change,1015,1778259044.063259,/big.txt,24641536,131072
219,219_baseline_phase_change_run19,baseline,phase_change,1016,1778259044.0633512,/big.txt,24772608,131072
219,219_baseline_phase_change_run19,baseline,phase_change,1017,1778259044.0634434,/big.txt,24903680,131072
219,219_baseline_phase_change_run19,baseline,phase_change,1018,1778259044.0635357,/big.txt,25034752,131072
219,219_baseline_phase_change_run19,baseline,phase_change,1019,1778259044.0636275,/big.txt,25165824,131072
219,219_baseline_phase_change_run19,baseline,phase_change,1020,1778259044.0637217,/big.txt,25296896,131072
219,219_baseline_phase_change_run19,baseline,phase_change,1021,1778259044.0638146,/big.txt,25427968,131072
219,219_baseline_phase_change_run19,baseline,phase_change,1022,1778259044.0639114,/big.txt,25559040,131072
219,219_baseline_phase_change_run19,baseline,phase_change,1023,1778259044.0640051,/big.txt,25690112,131072
219,219_baseline_phase_change_run19,baseline,phase_change,1024,1778259044.0641003,/big.txt,25821184,131072
219,219_baseline_phase_change_run19,baseline,phase_change,1025,1778259044.0642009,/big.txt,25952256,131072
219,219_baseline_phase_change_run19,baseline,phase_change,1026,1778259044.0642967,/big.txt,26083328,131072
219,219_baseline_phase_change_run19,baseline,phase_change,1027,1778259044.0643902,/big.txt,26214400,131072
219,219_baseline_phase_change_run19,baseline,phase_change,1028,1778259044.0644822,/big.txt,26345472,131072
219,219_baseline_phase_change_run19,baseline,phase_change,1029,1778259044.064579,/big.txt,26476544,131072
219,219_baseline_phase_change_run19,baseline,phase_change,1030,1778259044.0646718,/big.txt,26607616,131072
219,219_baseline_phase_change_run19,baseline,phase_change,1031,1778259044.0647635,/big.txt,26738688,131072
219,219_baseline_phase_change_run19,baseline,phase_change,1032,1778259044.064855,/big.txt,26869760,131072
219,219_baseline_phase_change_run19,baseline,phase_change,1033,1778259044.064946,/big.txt,27000832,131072
219,219_baseline_phase_change_run19,baseline,phase_change,1034,1778259044.0650377,/big.txt,27131904,131072
219,219_baseline_phase_change_run19,baseline,phase_change,1035,1778259044.0651298,/big.txt,27262976,131072
219,219_baseline_phase_change_run19,baseline,phase_change,1036,1778259044.0652213,/big.txt,27394048,131072
219,219_baseline_phase_change_run19,baseline,phase_change,1037,1778259044.0653117,/big.txt,27525120,131072
219,219_baseline_phase_change_run19,baseline,phase_change,1038,1778259044.0654035,/big.txt,27656192,131072
219,219_baseline_phase_change_run19,baseline,phase_change,1039,1778259044.065494,/big.txt,27787264,131072
219,219_baseline_phase_change_run19,baseline,phase_change,1040,1778259044.065589,/big.txt,27918336,131072
219,219_baseline_phase_change_run19,baseline,phase_change,1041,1778259044.0656796,/big.txt,28049408,131072
219,219_baseline_phase_change_run19,baseline,phase_change,1042,1778259044.0657701,/big.txt,28180480,131072
219,219_baseline_phase_change_run19,baseline,phase_change,1043,1778259044.0658617,/big.txt,28311552,131072
219,219_baseline_phase_change_run19,baseline,phase_change,1044,1778259044.0659525,/big.txt,28442624,131072
219,219_baseline_phase_change_run19,baseline,phase_change,1045,1778259044.0660434,/big.txt,28573696,131072
219,219_baseline_phase_change_run19,baseline,phase_change,1046,1778259044.0661342,/big.txt,28704768,131072
219,219_baseline_phase_change_run19,baseline,phase_change,1047,1778259044.066226,/big.txt,28835840,131072
219,219_baseline_phase_change_run19,baseline,phase_change,1048,1778259044.0663176,/big.txt,28966912,131072
219,219_baseline_phase_change_run19,baseline,phase_change,1049,1778259044.0664086,/big.txt,29097984,131072
219,219_baseline_phase_change_run19,baseline,phase_change,1050,1778259044.0664995,/big.txt,29229056,131072
219,219_baseline_phase_change_run19,baseline,phase_change,1051,1778259044.066592,/big.txt,29360128,131072
219,219_baseline_phase_change_run19,baseline,phase_change,1052,1778259044.0666835,/big.txt,29491200,131072
219,219_baseline_phase_change_run19,baseline,phase_change,1053,1778259044.066785,/big.txt,29622272,131072
219,219_baseline_phase_change_run19,baseline,phase_change,1054,1778259044.0669565,/big.txt,29753344,131072
219,219_baseline_phase_change_run19,baseline,phase_change,1055,1778259044.067079,/big.txt,29884416,131072
219,219_baseline_phase_change_run19,baseline,phase_change,1056,1778259044.0671923,/big.txt,30015488,131072
219,219_baseline_phase_change_run19,baseline,phase_change,1057,1778259044.0672863,/big.txt,30146560,131072
219,219_baseline_phase_change_run19,baseline,phase_change,1058,1778259044.067392,/big.txt,30277632,131072
219,219_baseline_phase_change_run19,baseline,phase_change,1059,1778259044.0675073,/big.txt,30408704,131072
219,219_baseline_phase_change_run19,baseline,phase_change,1060,1778259044.0676007,/big.txt,30539776,131072
219,219_baseline_phase_change_run19,baseline,phase_change,1061,1778259044.0676942,/big.txt,30670848,131072
219,219_baseline_phase_change_run19,baseline,phase_change,1062,1778259044.0677884,/big.txt,30801920,131072
219,219_baseline_phase_change_run19,baseline,phase_change,1063,1778259044.0678818,/big.txt,30932992,131072
219,219_baseline_phase_change_run19,baseline,phase_change,1064,1778259044.0679748,/big.txt,31064064,131072
219,219_baseline_phase_change_run19,baseline,phase_change,1065,1778259044.0680673,/big.txt,31195136,131072
219,219_baseline_phase_change_run19,baseline,phase_change,1066,1778259044.068161,/big.txt,31326208,131072
219,219_baseline_phase_change_run19,baseline,phase_change,1067,1778259044.0682535,/big.txt,31457280,131072
219,219_baseline_phase_change_run19,baseline,phase_change,1068,1778259044.0683448,/big.txt,31588352,131072
219,219_baseline_phase_change_run19,baseline,phase_change,1069,1778259044.068437,/big.txt,31719424,131072
219,219_baseline_phase_change_run19,baseline,phase_change,1070,1778259044.0685291,/big.txt,31850496,131072
219,219_baseline_phase_change_run19,baseline,phase_change,1071,1778259044.0686214,/big.txt,31981568,131072
219,219_baseline_phase_change_run19,baseline,phase_change,1072,1778259044.0687141,/big.txt,32112640,131072
219,219_baseline_phase_change_run19,baseline,phase_change,1073,1778259044.068806,/big.txt,32243712,131072
219,219_baseline_phase_change_run19,baseline,phase_change,1074,1778259044.0688987,/big.txt,32374784,131072
219,219_baseline_phase_change_run19,baseline,phase_change,1075,1778259044.0689898,/big.txt,32505856,131072
219,219_baseline_phase_change_run19,baseline,phase_change,1076,1778259044.0690808,/big.txt,32636928,131072
219,219_baseline_phase_change_run19,baseline,phase_change,1077,1778259044.069172,/big.txt,32768000,131072
219,219_baseline_phase_change_run19,baseline,phase_change,1078,1778259044.069271,/big.txt,32899072,131072
219,219_baseline_phase_change_run19,baseline,phase_change,1079,1778259044.0693622,/big.txt,33030144,131072
219,219_baseline_phase_change_run19,baseline,phase_change,1080,1778259044.0694532,/big.txt,33161216,131072
219,219_baseline_phase_change_run19,baseline,phase_change,1081,1778259044.069545,/big.txt,33292288,131072
219,219_baseline_phase_change_run19,baseline,phase_change,1082,1778259044.069637,/big.txt,33423360,131072
219,219_baseline_phase_change_run19,baseline,phase_change,1083,1778259044.0697296,/big.txt,33554432,131072
219,219_baseline_phase_change_run19,baseline,phase_change,1084,1778259044.0698252,/big.txt,33685504,131072
219,219_baseline_phase_change_run19,baseline,phase_change,1085,1778259044.0699174,/big.txt,33816576,131072
219,219_baseline_phase_change_run19,baseline,phase_change,1086,1778259044.0700088,/big.txt,33947648,131072
219,219_baseline_phase_change_run19,baseline,phase_change,1087,1778259044.0701003,/big.txt,34078720,131072
219,219_baseline_phase_change_run19,baseline,phase_change,1088,1778259044.0701919,/big.txt,34209792,131072
219,219_baseline_phase_change_run19,baseline,phase_change,1089,1778259044.0702832,/big.txt,34340864,131072
219,219_baseline_phase_change_run19,baseline,phase_change,1090,1778259044.070375,/big.txt,34471936,131072
219,219_baseline_phase_change_run19,baseline,phase_change,1091,1778259044.0704665,/big.txt,34603008,131072
219,219_baseline_phase_change_run19,baseline,phase_change,1092,1778259044.0705583,/big.txt,34734080,131072
219,219_baseline_phase_change_run19,baseline,phase_change,1093,1778259044.07065,/big.txt,34865152,131072
219,219_baseline_phase_change_run19,baseline,phase_change,1094,1778259044.0707421,/big.txt,34996224,131072
219,219_baseline_phase_change_run19,baseline,phase_change,1095,1778259044.0708697,/big.txt,35127296,131072
219,219_baseline_phase_change_run19,baseline,phase_change,1096,1778259044.0709624,/big.txt,35258368,131072
219,219_baseline_phase_change_run19,baseline,phase_change,1097,1778259044.071054,/big.txt,35389440,131072
219,219_baseline_phase_change_run19,baseline,phase_change,1098,1778259044.0711455,/big.txt,35520512,131072
219,219_baseline_phase_change_run19,baseline,phase_change,1099,1778259044.0712366,/big.txt,35651584,131072
219,219_baseline_phase_change_run19,baseline,phase_change,1100,1778259044.0713282,/big.txt,35782656,131072
219,219_baseline_phase_change_run19,baseline,phase_change,1101,1778259044.07142,/big.txt,35913728,131072
219,219_baseline_phase_change_run19,baseline,phase_change,1102,1778259044.0715115,/big.txt,36044800,131072
219,219_baseline_phase_change_run19,baseline,phase_change,1103,1778259044.0716035,/big.txt,36175872,131072
219,219_baseline_phase_change_run19,baseline,phase_change,1104,1778259044.0716946,/big.txt,36306944,131072
219,219_baseline_phase_change_run19,baseline,phase_change,1105,1778259044.0717857,/big.txt,36438016,131072
219,219_baseline_phase_change_run19,baseline,phase_change,1106,1778259044.0718777,/big.txt,36569088,131072
219,219_baseline_phase_change_run19,baseline,phase_change,1107,1778259044.0719693,/big.txt,36700160,131072
219,219_baseline_phase_change_run19,baseline,phase_change,1108,1778259044.0720618,/big.txt,36831232,131072
219,219_baseline_phase_change_run19,baseline,phase_change,1109,1778259044.0721524,/big.txt,36962304,131072
219,219_baseline_phase_change_run19,baseline,phase_change,1110,1778259044.0722435,/big.txt,37093376,131072
219,219_baseline_phase_change_run19,baseline,phase_change,1111,1778259044.0723345,/big.txt,37224448,131072
219,219_baseline_phase_change_run19,baseline,phase_change,1112,1778259044.0724304,/big.txt,37355520,131072
219,219_baseline_phase_change_run19,baseline,phase_change,1113,1778259044.0725222,/big.txt,37486592,131072
219,219_baseline_phase_change_run19,baseline,phase_change,1114,1778259044.072613,/big.txt,37617664,131072
219,219_baseline_phase_change_run19,baseline,phase_change,1115,1778259044.0727038,/big.txt,37748736,131072
219,219_baseline_phase_change_run19,baseline,phase_change,1116,1778259044.0728,/big.txt,37879808,131072
219,219_baseline_phase_change_run19,baseline,phase_change,1117,1778259044.0728917,/big.txt,38010880,131072
219,219_baseline_phase_change_run19,baseline,phase_change,1118,1778259044.072983,/big.txt,38141952,131072
219,219_baseline_phase_change_run19,baseline,phase_change,1119,1778259044.0730743,/big.txt,38273024,131072
219,219_baseline_phase_change_run19,baseline,phase_change,1120,1778259044.0731657,/big.txt,38404096,131072
219,219_baseline_phase_change_run19,baseline,phase_change,1121,1778259044.073257,/big.txt,38535168,131072
219,219_baseline_phase_change_run19,baseline,phase_change,1122,1778259044.0733483,/big.txt,38666240,131072
219,219_baseline_phase_change_run19,baseline,phase_change,1123,1778259044.0734396,/big.txt,38797312,131072
219,219_baseline_phase_change_run19,baseline,phase_change,1124,1778259044.0735312,/big.txt,38928384,131072
219,219_baseline_phase_change_run19,baseline,phase_change,1125,1778259044.073622,/big.txt,39059456,131072
219,219_baseline_phase_change_run19,baseline,phase_change,1126,1778259044.0737133,/big.txt,39190528,131072
219,219_baseline_phase_change_run19,baseline,phase_change,1127,1778259044.0738049,/big.txt,39321600,131072
219,219_baseline_phase_change_run19,baseline,phase_change,1128,1778259044.073896,/big.txt,39452672,131072
219,219_baseline_phase_change_run19,baseline,phase_change,1129,1778259044.073987,/big.txt,39583744,131072
219,219_baseline_phase_change_run19,baseline,phase_change,1130,1778259044.0740798,/big.txt,39714816,131072
219,219_baseline_phase_change_run19,baseline,phase_change,1131,1778259044.0741715,/big.txt,39845888,131072
219,219_baseline_phase_change_run19,baseline,phase_change,1132,1778259044.0742629,/big.txt,39976960,131072
219,219_baseline_phase_change_run19,baseline,phase_change,1133,1778259044.0743542,/big.txt,40108032,131072
219,219_baseline_phase_change_run19,baseline,phase_change,1134,1778259044.0744455,/big.txt,40239104,131072
219,219_baseline_phase_change_run19,baseline,phase_change,1135,1778259044.0745373,/big.txt,40370176,131072
219,219_baseline_phase_change_run19,baseline,phase_change,1136,1778259044.074628,/big.txt,40501248,131072
219,219_baseline_phase_change_run19,baseline,phase_change,1137,1778259044.07472,/big.txt,40632320,131072
219,219_baseline_phase_change_run19,baseline,phase_change,1138,1778259044.074846,/big.txt,40763392,131072
219,219_baseline_phase_change_run19,baseline,phase_change,1139,1778259044.0749419,/big.txt,40894464,131072
219,219_baseline_phase_change_run19,baseline,phase_change,1140,1778259044.0750341,/big.txt,41025536,131072
219,219_baseline_phase_change_run19,baseline,phase_change,1141,1778259044.0751255,/big.txt,41156608,131072
219,219_baseline_phase_change_run19,baseline,phase_change,1142,1778259044.0752165,/big.txt,41287680,131072
219,219_baseline_phase_change_run19,baseline,phase_change,1143,1778259044.0753074,/big.txt,41418752,131072
219,219_baseline_phase_change_run19,baseline,phase_change,1144,1778259044.0753982,/big.txt,41549824,131072
219,219_baseline_phase_change_run19,baseline,phase_change,1145,1778259044.075489,/big.txt,41680896,131072
219,219_baseline_phase_change_run19,baseline,phase_change,1146,1778259044.0755794,/big.txt,41811968,131072
219,219_baseline_phase_change_run19,baseline,phase_change,1147,1778259044.0756702,/big.txt,41943040,131072
219,219_baseline_phase_change_run19,baseline,phase_change,1148,1778259044.0757625,/big.txt,42074112,131072
219,219_baseline_phase_change_run19,baseline,phase_change,1149,1778259044.075854,/big.txt,42205184,131072
219,219_baseline_phase_change_run19,baseline,phase_change,1150,1778259044.0759487,/big.txt,42336256,131072
219,219_baseline_phase_change_run19,baseline,phase_change,1151,1778259044.0760417,/big.txt,42467328,131072
219,219_baseline_phase_change_run19,baseline,phase_change,1152,1778259044.076133,/big.txt,42598400,131072
219,219_baseline_phase_change_run19,baseline,phase_change,1153,1778259044.0762248,/big.txt,42729472,131072
219,219_baseline_phase_change_run19,baseline,phase_change,1154,1778259044.0763202,/big.txt,42860544,131072
219,219_baseline_phase_change_run19,baseline,phase_change,1155,1778259044.0764108,/big.txt,42991616,131072
219,219_baseline_phase_change_run19,baseline,phase_change,1156,1778259044.0765016,/big.txt,43122688,131072
219,219_baseline_phase_change_run19,baseline,phase_change,1157,1778259044.0765932,/big.txt,43253760,131072
219,219_baseline_phase_change_run19,baseline,phase_change,1158,1778259044.0766847,/big.txt,43384832,131072
219,219_baseline_phase_change_run19,baseline,phase_change,1159,1778259044.0767753,/big.txt,43515904,131072
219,219_baseline_phase_change_run19,baseline,phase_change,1160,1778259044.0768664,/big.txt,43646976,131072
219,219_baseline_phase_change_run19,baseline,phase_change,1161,1778259044.076958,/big.txt,43778048,131072
219,219_baseline_phase_change_run19,baseline,phase_change,1162,1778259044.0770483,/big.txt,43909120,131072
219,219_baseline_phase_change_run19,baseline,phase_change,1163,1778259044.0771391,/big.txt,44040192,131072
219,219_baseline_phase_change_run19,baseline,phase_change,1164,1778259044.0772288,/big.txt,44171264,131072
219,219_baseline_phase_change_run19,baseline,phase_change,1165,1778259044.0773194,/big.txt,44302336,131072
219,219_baseline_phase_change_run19,baseline,phase_change,1166,1778259044.0774097,/big.txt,44433408,131072
219,219_baseline_phase_change_run19,baseline,phase_change,1167,1778259044.0775037,/big.txt,44564480,131072
219,219_baseline_phase_change_run19,baseline,phase_change,1168,1778259044.077595,/big.txt,44695552,131072
219,219_baseline_phase_change_run19,baseline,phase_change,1169,1778259044.0776856,/big.txt,44826624,131072
219,219_baseline_phase_change_run19,baseline,phase_change,1170,1778259044.0777764,/big.txt,44957696,131072
219,219_baseline_phase_change_run19,baseline,phase_change,1171,1778259044.0778673,/big.txt,45088768,131072
219,219_baseline_phase_change_run19,baseline,phase_change,1172,1778259044.077958,/big.txt,45219840,131072
219,219_baseline_phase_change_run19,baseline,phase_change,1173,1778259044.0780487,/big.txt,45350912,131072
219,219_baseline_phase_change_run19,baseline,phase_change,1174,1778259044.07814,/big.txt,45481984,131072
219,219_baseline_phase_change_run19,baseline,phase_change,1175,1778259044.0782306,/big.txt,45613056,131072
219,219_baseline_phase_change_run19,baseline,phase_change,1176,1778259044.0783212,/big.txt,45744128,131072
219,219_baseline_phase_change_run19,baseline,phase_change,1177,1778259044.0784132,/big.txt,45875200,131072
219,219_baseline_phase_change_run19,baseline,phase_change,1178,1778259044.0785034,/big.txt,46006272,131072
219,219_baseline_phase_change_run19,baseline,phase_change,1179,1778259044.0785952,/big.txt,46137344,131072
219,219_baseline_phase_change_run19,baseline,phase_change,1180,1778259044.0786874,/big.txt,46268416,131072
219,219_baseline_phase_change_run19,baseline,phase_change,1181,1778259044.0787826,/big.txt,46399488,131072
219,219_baseline_phase_change_run19,baseline,phase_change,1182,1778259044.0789573,/big.txt,46530560,131072
219,219_baseline_phase_change_run19,baseline,phase_change,1183,1778259044.07908,/big.txt,46661632,131072
219,219_baseline_phase_change_run19,baseline,phase_change,1184,1778259044.079203,/big.txt,46792704,131072
219,219_baseline_phase_change_run19,baseline,phase_change,1185,1778259044.0793252,/big.txt,46923776,131072
219,219_baseline_phase_change_run19,baseline,phase_change,1186,1778259044.079434,/big.txt,47054848,131072
219,219_baseline_phase_change_run19,baseline,phase_change,1187,1778259044.0795271,/big.txt,47185920,131072
219,219_baseline_phase_change_run19,baseline,phase_change,1188,1778259044.0796201,/big.txt,47316992,131072
219,219_baseline_phase_change_run19,baseline,phase_change,1189,1778259044.0797136,/big.txt,47448064,131072
219,219_baseline_phase_change_run19,baseline,phase_change,1190,1778259044.079807,/big.txt,47579136,131072
219,219_baseline_phase_change_run19,baseline,phase_change,1191,1778259044.0799005,/big.txt,47710208,131072
219,219_baseline_phase_change_run19,baseline,phase_change,1192,1778259044.0799983,/big.txt,47841280,131072
219,219_baseline_phase_change_run19,baseline,phase_change,1193,1778259044.0800905,/big.txt,47972352,131072
219,219_baseline_phase_change_run19,baseline,phase_change,1194,1778259044.080184,/big.txt,48103424,131072
219,219_baseline_phase_change_run19,baseline,phase_change,1195,1778259044.0802794,/big.txt,48234496,131072
219,219_baseline_phase_change_run19,baseline,phase_change,1196,1778259044.0803723,/big.txt,48365568,131072
219,219_baseline_phase_change_run19,baseline,phase_change,1197,1778259044.0804641,/big.txt,48496640,131072
219,219_baseline_phase_change_run19,baseline,phase_change,1198,1778259044.0805557,/big.txt,48627712,131072
219,219_baseline_phase_change_run19,baseline,phase_change,1199,1778259044.0806477,/big.txt,48758784,131072
219,219_baseline_phase_change_run19,baseline,phase_change,1200,1778259044.080739,/big.txt,48889856,131072
219,219_baseline_phase_change_run19,baseline,phase_change,1201,1778259044.0808313,/big.txt,49020928,131072
219,219_baseline_phase_change_run19,baseline,phase_change,1202,1778259044.0809243,/big.txt,49152000,131072
219,219_baseline_phase_change_run19,baseline,phase_change,1203,1778259044.0810158,/big.txt,49283072,131072
219,219_baseline_phase_change_run19,baseline,phase_change,1204,1778259044.0811086,/big.txt,49414144,131072
219,219_baseline_phase_change_run19,baseline,phase_change,1205,1778259044.0812,/big.txt,49545216,131072
219,219_baseline_phase_change_run19,baseline,phase_change,1206,1778259044.0812912,/big.txt,49676288,131072
219,219_baseline_phase_change_run19,baseline,phase_change,1207,1778259044.0813825,/big.txt,49807360,131072
219,219_baseline_phase_change_run19,baseline,phase_change,1208,1778259044.0814743,/big.txt,49938432,131072
219,219_baseline_phase_change_run19,baseline,phase_change,1209,1778259044.0815659,/big.txt,50069504,131072
219,219_baseline_phase_change_run19,baseline,phase_change,1210,1778259044.081657,/big.txt,50200576,131072
219,219_baseline_phase_change_run19,baseline,phase_change,1211,1778259044.0817482,/big.txt,50331648,131072
219,219_baseline_phase_change_run19,baseline,phase_change,1212,1778259044.08184,/big.txt,50462720,131072
219,219_baseline_phase_change_run19,baseline,phase_change,1213,1778259044.0819318,/big.txt,50593792,131072
219,219_baseline_phase_change_run19,baseline,phase_change,1214,1778259044.0820239,/big.txt,50724864,131072
219,219_baseline_phase_change_run19,baseline,phase_change,1215,1778259044.0821161,/big.txt,50855936,131072
219,219_baseline_phase_change_run19,baseline,phase_change,1216,1778259044.0822077,/big.txt,50987008,131072
219,219_baseline_phase_change_run19,baseline,phase_change,1217,1778259044.082299,/big.txt,51118080,131072
219,219_baseline_phase_change_run19,baseline,phase_change,1218,1778259044.082391,/big.txt,51249152,131072
219,219_baseline_phase_change_run19,baseline,phase_change,1219,1778259044.0824835,/big.txt,51380224,131072
219,219_baseline_phase_change_run19,baseline,phase_change,1220,1778259044.0825758,/big.txt,51511296,131072
219,219_baseline_phase_change_run19,baseline,phase_change,1221,1778259044.082669,/big.txt,51642368,131072
219,219_baseline_phase_change_run19,baseline,phase_change,1222,1778259044.0827615,/big.txt,51773440,131072
219,219_baseline_phase_change_run19,baseline,phase_change,1223,1778259044.082977,/big.txt,51904512,131072
219,219_baseline_phase_change_run19,baseline,phase_change,1224,1778259044.083093,/big.txt,52035584,131072
219,219_baseline_phase_change_run19,baseline,phase_change,1225,1778259044.0832043,/big.txt,52166656,131072
219,219_baseline_phase_change_run19,baseline,phase_change,1226,1778259044.0833578,/big.txt,52297728,131072
219,219_baseline_phase_change_run19,baseline,phase_change,1227,1778259044.0835361,/big.txt,52428800,131072
219,219_baseline_phase_change_run19,baseline,phase_change,1228,1778259044.0837102,/big.txt,52559872,131072
219,219_baseline_phase_change_run19,baseline,phase_change,1229,1778259044.083856,/big.txt,52690944,131072
219,219_baseline_phase_change_run19,baseline,phase_change,1230,1778259044.0839796,/big.txt,52822016,131072
219,219_baseline_phase_change_run19,baseline,phase_change,1231,1778259044.0840766,/big.txt,52953088,131072
219,219_baseline_phase_change_run19,baseline,phase_change,1232,1778259044.0841722,/big.txt,53084160,131072
219,219_baseline_phase_change_run19,baseline,phase_change,1233,1778259044.0842662,/big.txt,53215232,131072
219,219_baseline_phase_change_run19,baseline,phase_change,1234,1778259044.084361,/big.txt,53346304,131072
219,219_baseline_phase_change_run19,baseline,phase_change,1235,1778259044.084455,/big.txt,53477376,131072
219,219_baseline_phase_change_run19,baseline,phase_change,1236,1778259044.084548,/big.txt,53608448,131072
219,219_baseline_phase_change_run19,baseline,phase_change,1237,1778259044.0846415,/big.txt,53739520,131072
219,219_baseline_phase_change_run19,baseline,phase_change,1238,1778259044.0847352,/big.txt,53870592,131072
219,219_baseline_phase_change_run19,baseline,phase_change,1239,1778259044.0848274,/big.txt,54001664,131072
219,219_baseline_phase_change_run19,baseline,phase_change,1240,1778259044.0849192,/big.txt,54132736,131072
219,219_baseline_phase_change_run19,baseline,phase_change,1241,1778259044.085011,/big.txt,54263808,131072
219,219_baseline_phase_change_run19,baseline,phase_change,1242,1778259044.0851035,/big.txt,54394880,131072
219,219_baseline_phase_change_run19,baseline,phase_change,1243,1778259044.0851963,/big.txt,54525952,131072
219,219_baseline_phase_change_run19,baseline,phase_change,1244,1778259044.0852885,/big.txt,54657024,131072
219,219_baseline_phase_change_run19,baseline,phase_change,1245,1778259044.0853803,/big.txt,54788096,131072
219,219_baseline_phase_change_run19,baseline,phase_change,1246,1778259044.0854833,/big.txt,54919168,131072
219,219_baseline_phase_change_run19,baseline,phase_change,1247,1778259044.0855768,/big.txt,55050240,131072
219,219_baseline_phase_change_run19,baseline,phase_change,1248,1778259044.0856686,/big.txt,55181312,131072
219,219_baseline_phase_change_run19,baseline,phase_change,1249,1778259044.0857608,/big.txt,55312384,131072
219,219_baseline_phase_change_run19,baseline,phase_change,1250,1778259044.0858586,/big.txt,55443456,131072
219,219_baseline_phase_change_run19,baseline,phase_change,1251,1778259044.085952,/big.txt,55574528,131072
219,219_baseline_phase_change_run19,baseline,phase_change,1252,1778259044.086046,/big.txt,55705600,131072
219,219_baseline_phase_change_run19,baseline,phase_change,1253,1778259044.086139,/big.txt,55836672,131072
219,219_baseline_phase_change_run19,baseline,phase_change,1254,1778259044.086232,/big.txt,55967744,131072
219,219_baseline_phase_change_run19,baseline,phase_change,1255,1778259044.0863242,/big.txt,56098816,131072
219,219_baseline_phase_change_run19,baseline,phase_change,1256,1778259044.0864174,/big.txt,56229888,131072
219,219_baseline_phase_change_run19,baseline,phase_change,1257,1778259044.0865092,/big.txt,56360960,131072
219,219_baseline_phase_change_run19,baseline,phase_change,1258,1778259044.0866015,/big.txt,56492032,131072
219,219_baseline_phase_change_run19,baseline,phase_change,1259,1778259044.0866947,/big.txt,56623104,131072
219,219_baseline_phase_change_run19,baseline,phase_change,1260,1778259044.0868115,/big.txt,56754176,131072
219,219_baseline_phase_change_run19,baseline,phase_change,1261,1778259044.0869703,/big.txt,56885248,131072
219,219_baseline_phase_change_run19,baseline,phase_change,1262,1778259044.0870943,/big.txt,57016320,131072
219,219_baseline_phase_change_run19,baseline,phase_change,1263,1778259044.0872183,/big.txt,57147392,131072
219,219_baseline_phase_change_run19,baseline,phase_change,1264,1778259044.087347,/big.txt,57278464,131072
219,219_baseline_phase_change_run19,baseline,phase_change,1265,1778259044.0874696,/big.txt,57409536,131072
219,219_baseline_phase_change_run19,baseline,phase_change,1266,1778259044.087594,/big.txt,57540608,131072
219,219_baseline_phase_change_run19,baseline,phase_change,1267,1778259044.0877056,/big.txt,57671680,131072
219,219_baseline_phase_change_run19,baseline,phase_change,1268,1778259044.087804,/big.txt,57802752,131072
219,219_baseline_phase_change_run19,baseline,phase_change,1269,1778259044.0878992,/big.txt,57933824,131072
219,219_baseline_phase_change_run19,baseline,phase_change,1270,1778259044.087994,/big.txt,58064896,131072
219,219_baseline_phase_change_run19,baseline,phase_change,1271,1778259044.0880888,/big.txt,58195968,131072
219,219_baseline_phase_change_run19,baseline,phase_change,1272,1778259044.0881827,/big.txt,58327040,131072
219,219_baseline_phase_change_run19,baseline,phase_change,1273,1778259044.0882764,/big.txt,58458112,131072
219,219_baseline_phase_change_run19,baseline,phase_change,1274,1778259044.08837,/big.txt,58589184,131072
219,219_baseline_phase_change_run19,baseline,phase_change,1275,1778259044.0884657,/big.txt,58720256,131072
219,219_baseline_phase_change_run19,baseline,phase_change,1276,1778259044.0885623,/big.txt,58851328,131072
219,219_baseline_phase_change_run19,baseline,phase_change,1277,1778259044.0886548,/big.txt,58982400,131072
219,219_baseline_phase_change_run19,baseline,phase_change,1278,1778259044.0887504,/big.txt,59113472,131072
219,219_baseline_phase_change_run19,baseline,phase_change,1279,1778259044.0888438,/big.txt,59244544,131072
219,219_baseline_phase_change_run19,baseline,phase_change,1280,1778259044.0889359,/big.txt,59375616,131072
219,219_baseline_phase_change_run19,baseline,phase_change,1281,1778259044.0890276,/big.txt,59506688,131072
219,219_baseline_phase_change_run19,baseline,phase_change,1282,1778259044.0891194,/big.txt,59637760,131072
219,219_baseline_phase_change_run19,baseline,phase_change,1283,1778259044.0892115,/big.txt,59768832,131072
219,219_baseline_phase_change_run19,baseline,phase_change,1284,1778259044.0893023,/big.txt,59899904,131072
219,219_baseline_phase_change_run19,baseline,phase_change,1285,1778259044.0893939,/big.txt,60030976,131072
219,219_baseline_phase_change_run19,baseline,phase_change,1286,1778259044.0894856,/big.txt,60162048,131072
219,219_baseline_phase_change_run19,baseline,phase_change,1287,1778259044.0895774,/big.txt,60293120,131072
219,219_baseline_phase_change_run19,baseline,phase_change,1288,1778259044.0896688,/big.txt,60424192,131072
219,219_baseline_phase_change_run19,baseline,phase_change,1289,1778259044.0897617,/big.txt,60555264,131072
219,219_baseline_phase_change_run19,baseline,phase_change,1290,1778259044.0898528,/big.txt,60686336,131072
219,219_baseline_phase_change_run19,baseline,phase_change,1291,1778259044.0899444,/big.txt,60817408,131072
219,219_baseline_phase_change_run19,baseline,phase_change,1292,1778259044.090036,/big.txt,60948480,131072
219,219_baseline_phase_change_run19,baseline,phase_change,1293,1778259044.0901277,/big.txt,61079552,131072
219,219_baseline_phase_change_run19,baseline,phase_change,1294,1778259044.090219,/big.txt,61210624,131072
219,219_baseline_phase_change_run19,baseline,phase_change,1295,1778259044.09031,/big.txt,61341696,131072
219,219_baseline_phase_change_run19,baseline,phase_change,1296,1778259044.0904012,/big.txt,61472768,131072
219,219_baseline_phase_change_run19,baseline,phase_change,1297,1778259044.0904934,/big.txt,61603840,131072
219,219_baseline_phase_change_run19,baseline,phase_change,1298,1778259044.0905852,/big.txt,61734912,131072
219,219_baseline_phase_change_run19,baseline,phase_change,1299,1778259044.0906777,/big.txt,61865984,131072
219,219_baseline_phase_change_run19,baseline,phase_change,1300,1778259044.090769,/big.txt,61997056,131072
219,219_baseline_phase_change_run19,baseline,phase_change,1301,1778259044.090902,/big.txt,62128128,131072
219,219_baseline_phase_change_run19,baseline,phase_change,1302,1778259044.0909944,/big.txt,62259200,131072
219,219_baseline_phase_change_run19,baseline,phase_change,1303,1778259044.0910985,/big.txt,62390272,131072
219,219_baseline_phase_change_run19,baseline,phase_change,1304,1778259044.091213,/big.txt,62521344,131072
219,219_baseline_phase_change_run19,baseline,phase_change,1305,1778259044.0913072,/big.txt,62652416,131072
219,219_baseline_phase_change_run19,baseline,phase_change,1306,1778259044.0914252,/big.txt,62783488,131072
219,219_baseline_phase_change_run19,baseline,phase_change,1307,1778259044.0915487,/big.txt,62914560,131072
219,219_baseline_phase_change_run19,baseline,phase_change,1308,1778259044.0916579,/big.txt,63045632,131072
219,219_baseline_phase_change_run19,baseline,phase_change,1309,1778259044.0917516,/big.txt,63176704,131072
219,219_baseline_phase_change_run19,baseline,phase_change,1310,1778259044.091846,/big.txt,63307776,131072
219,219_baseline_phase_change_run19,baseline,phase_change,1311,1778259044.09194,/big.txt,63438848,131072
219,219_baseline_phase_change_run19,baseline,phase_change,1312,1778259044.0920327,/big.txt,63569920,131072
219,219_baseline_phase_change_run19,baseline,phase_change,1313,1778259044.0921261,/big.txt,63700992,131072
219,219_baseline_phase_change_run19,baseline,phase_change,1314,1778259044.0922196,/big.txt,63832064,131072
219,219_baseline_phase_change_run19,baseline,phase_change,1315,1778259044.0923138,/big.txt,63963136,131072
219,219_baseline_phase_change_run19,baseline,phase_change,1316,1778259044.0924082,/big.txt,64094208,131072
219,219_baseline_phase_change_run19,baseline,phase_change,1317,1778259044.0925019,/big.txt,64225280,131072
219,219_baseline_phase_change_run19,baseline,phase_change,1318,1778259044.0925941,/big.txt,64356352,131072
219,219_baseline_phase_change_run19,baseline,phase_change,1319,1778259044.092686,/big.txt,64487424,131072
219,219_baseline_phase_change_run19,baseline,phase_change,1320,1778259044.0927775,/big.txt,64618496,131072
219,219_baseline_phase_change_run19,baseline,phase_change,1321,1778259044.0928695,/big.txt,64749568,131072
219,219_baseline_phase_change_run19,baseline,phase_change,1322,1778259044.092962,/big.txt,64880640,131072
219,219_baseline_phase_change_run19,baseline,phase_change,1323,1778259044.0930548,/big.txt,65011712,131072
219,219_baseline_phase_change_run19,baseline,phase_change,1324,1778259044.093147,/big.txt,65142784,131072
219,219_baseline_phase_change_run19,baseline,phase_change,1325,1778259044.0932384,/big.txt,65273856,131072
219,219_baseline_phase_change_run19,baseline,phase_change,1326,1778259044.0933304,/big.txt,65404928,131072
219,219_baseline_phase_change_run19,baseline,phase_change,1327,1778259044.0934215,/big.txt,65536000,131072
219,219_baseline_phase_change_run19,baseline,phase_change,1328,1778259044.093514,/big.txt,65667072,131072
219,219_baseline_phase_change_run19,baseline,phase_change,1329,1778259044.0936065,/big.txt,65798144,131072
219,219_baseline_phase_change_run19,baseline,phase_change,1330,1778259044.0936983,/big.txt,65929216,131072
219,219_baseline_phase_change_run19,baseline,phase_change,1331,1778259044.093791,/big.txt,66060288,131072
219,219_baseline_phase_change_run19,baseline,phase_change,1332,1778259044.0938833,/big.txt,66191360,131072
219,219_baseline_phase_change_run19,baseline,phase_change,1333,1778259044.0939798,/big.txt,66322432,131072
219,219_baseline_phase_change_run19,baseline,phase_change,1334,1778259044.0940735,/big.txt,66453504,131072
219,219_baseline_phase_change_run19,baseline,phase_change,1335,1778259044.0941653,/big.txt,66584576,131072
219,219_baseline_phase_change_run19,baseline,phase_change,1336,1778259044.094257,/big.txt,66715648,131072
219,219_baseline_phase_change_run19,baseline,phase_change,1337,1778259044.0943494,/big.txt,66846720,131072
219,219_baseline_phase_change_run19,baseline,phase_change,1338,1778259044.0944412,/big.txt,66977792,131072
219,219_baseline_phase_change_run19,baseline,phase_change,1339,1778259044.0945342,/big.txt,67108864,131072
219,219_baseline_phase_change_run19,baseline,phase_change,1340,1778259044.094627,/big.txt,67239936,131072
219,219_baseline_phase_change_run19,baseline,phase_change,1341,1778259044.0947185,/big.txt,67371008,131072
219,219_baseline_phase_change_run19,baseline,phase_change,1342,1778259044.0948482,/big.txt,67502080,131072
219,219_baseline_phase_change_run19,baseline,phase_change,1343,1778259044.0949435,/big.txt,67633152,131072
219,219_baseline_phase_change_run19,baseline,phase_change,1344,1778259044.0950408,/big.txt,67764224,131072
219,219_baseline_phase_change_run19,baseline,phase_change,1345,1778259044.0951335,/big.txt,67895296,131072
219,219_baseline_phase_change_run19,baseline,phase_change,1346,1778259044.095225,/big.txt,68026368,131072
219,219_baseline_phase_change_run19,baseline,phase_change,1347,1778259044.0953178,/big.txt,68157440,131072
219,219_baseline_phase_change_run19,baseline,phase_change,1348,1778259044.095411,/big.txt,68288512,131072
219,219_baseline_phase_change_run19,baseline,phase_change,1349,1778259044.0955038,/big.txt,68419584,131072
219,219_baseline_phase_change_run19,baseline,phase_change,1350,1778259044.0955968,/big.txt,68550656,131072
219,219_baseline_phase_change_run19,baseline,phase_change,1351,1778259044.09569,/big.txt,68681728,131072
219,219_baseline_phase_change_run19,baseline,phase_change,1352,1778259044.0957825,/big.txt,68812800,131072
219,219_baseline_phase_change_run19,baseline,phase_change,1353,1778259044.095875,/big.txt,68943872,131072
219,219_baseline_phase_change_run19,baseline,phase_change,1354,1778259044.095967,/big.txt,69074944,131072
219,219_baseline_phase_change_run19,baseline,phase_change,1355,1778259044.096059,/big.txt,69206016,131072
219,219_baseline_phase_change_run19,baseline,phase_change,1356,1778259044.096152,/big.txt,69337088,131072
219,219_baseline_phase_change_run19,baseline,phase_change,1357,1778259044.0962434,/big.txt,69468160,131072
219,219_baseline_phase_change_run19,baseline,phase_change,1358,1778259044.0963356,/big.txt,69599232,131072
219,219_baseline_phase_change_run19,baseline,phase_change,1359,1778259044.0964274,/big.txt,69730304,131072
219,219_baseline_phase_change_run19,baseline,phase_change,1360,1778259044.0965192,/big.txt,69861376,131072
219,219_baseline_phase_change_run19,baseline,phase_change,1361,1778259044.0966144,/big.txt,69992448,131072
219,219_baseline_phase_change_run19,baseline,phase_change,1362,1778259044.0967073,/big.txt,70123520,131072
219,219_baseline_phase_change_run19,baseline,phase_change,1363,1778259044.0967994,/big.txt,70254592,131072
219,219_baseline_phase_change_run19,baseline,phase_change,1364,1778259044.0968907,/big.txt,70385664,131072
219,219_baseline_phase_change_run19,baseline,phase_change,1365,1778259044.096983,/big.txt,70516736,131072
219,219_baseline_phase_change_run19,baseline,phase_change,1366,1778259044.097075,/big.txt,70647808,131072
219,219_baseline_phase_change_run19,baseline,phase_change,1367,1778259044.0971668,/big.txt,70778880,131072
219,219_baseline_phase_change_run19,baseline,phase_change,1368,1778259044.097259,/big.txt,70909952,131072
219,219_baseline_phase_change_run19,baseline,phase_change,1369,1778259044.0973508,/big.txt,71041024,131072
219,219_baseline_phase_change_run19,baseline,phase_change,1370,1778259044.0974426,/big.txt,71172096,131072
219,219_baseline_phase_change_run19,baseline,phase_change,1371,1778259044.0975344,/big.txt,71303168,131072
219,219_baseline_phase_change_run19,baseline,phase_change,1372,1778259044.097626,/big.txt,71434240,131072
219,219_baseline_phase_change_run19,baseline,phase_change,1373,1778259044.0977182,/big.txt,71565312,131072
219,219_baseline_phase_change_run19,baseline,phase_change,1374,1778259044.0978117,/big.txt,71696384,131072
219,219_baseline_phase_change_run19,baseline,phase_change,1375,1778259044.0979042,/big.txt,71827456,131072
219,219_baseline_phase_change_run19,baseline,phase_change,1376,1778259044.097996,/big.txt,71958528,131072
219,219_baseline_phase_change_run19,baseline,phase_change,1377,1778259044.0980883,/big.txt,72089600,131072
219,219_baseline_phase_change_run19,baseline,phase_change,1378,1778259044.09818,/big.txt,72220672,131072
219,219_baseline_phase_change_run19,baseline,phase_change,1379,1778259044.0982718,/big.txt,72351744,131072
219,219_baseline_phase_change_run19,baseline,phase_change,1380,1778259044.098363,/big.txt,72482816,131072
219,219_baseline_phase_change_run19,baseline,phase_change,1381,1778259044.0984535,/big.txt,72613888,131072
219,219_baseline_phase_change_run19,baseline,phase_change,1382,1778259044.0985498,/big.txt,72744960,131072
219,219_baseline_phase_change_run19,baseline,phase_change,1383,1778259044.098641,/big.txt,72876032,131072
219,219_baseline_phase_change_run19,baseline,phase_change,1384,1778259044.0987325,/big.txt,73007104,131072
219,219_baseline_phase_change_run19,baseline,phase_change,1385,1778259044.0988746,/big.txt,73138176,131072
219,219_baseline_phase_change_run19,baseline,phase_change,1386,1778259044.098969,/big.txt,73269248,131072
219,219_baseline_phase_change_run19,baseline,phase_change,1387,1778259044.0990608,/big.txt,73400320,131072
219,219_baseline_phase_change_run19,baseline,phase_change,1388,1778259044.0991516,/big.txt,73531392,131072
219,219_baseline_phase_change_run19,baseline,phase_change,1389,1778259044.0992475,/big.txt,73662464,131072
219,219_baseline_phase_change_run19,baseline,phase_change,1390,1778259044.099339,/big.txt,73793536,131072
219,219_baseline_phase_change_run19,baseline,phase_change,1391,1778259044.09943,/big.txt,73924608,131072
219,219_baseline_phase_change_run19,baseline,phase_change,1392,1778259044.0995216,/big.txt,74055680,131072
219,219_baseline_phase_change_run19,baseline,phase_change,1393,1778259044.0996122,/big.txt,74186752,131072
219,219_baseline_phase_change_run19,baseline,phase_change,1394,1778259044.0997028,/big.txt,74317824,131072
219,219_baseline_phase_change_run19,baseline,phase_change,1395,1778259044.0997941,/big.txt,74448896,131072
219,219_baseline_phase_change_run19,baseline,phase_change,1396,1778259044.099885,/big.txt,74579968,131072
219,219_baseline_phase_change_run19,baseline,phase_change,1397,1778259044.0999765,/big.txt,74711040,131072
219,219_baseline_phase_change_run19,baseline,phase_change,1398,1778259044.1000676,/big.txt,74842112,131072
219,219_baseline_phase_change_run19,baseline,phase_change,1399,1778259044.1001585,/big.txt,74973184,131072
219,219_baseline_phase_change_run19,baseline,phase_change,1400,1778259044.1002498,/big.txt,75104256,131072
219,219_baseline_phase_change_run19,baseline,phase_change,1401,1778259044.10034,/big.txt,75235328,131072
219,219_baseline_phase_change_run19,baseline,phase_change,1402,1778259044.10043,/big.txt,75366400,131072
219,219_baseline_phase_change_run19,baseline,phase_change,1403,1778259044.100522,/big.txt,75497472,131072
219,219_baseline_phase_change_run19,baseline,phase_change,1404,1778259044.1006165,/big.txt,75628544,131072
219,219_baseline_phase_change_run19,baseline,phase_change,1405,1778259044.1007073,/big.txt,75759616,131072
219,219_baseline_phase_change_run19,baseline,phase_change,1406,1778259044.100806,/big.txt,75890688,131072
219,219_baseline_phase_change_run19,baseline,phase_change,1407,1778259044.1008976,/big.txt,76021760,131072
219,219_baseline_phase_change_run19,baseline,phase_change,1408,1778259044.1009872,/big.txt,76152832,131072
219,219_baseline_phase_change_run19,baseline,phase_change,1409,1778259044.1010776,/big.txt,76283904,131072
219,219_baseline_phase_change_run19,baseline,phase_change,1410,1778259044.1011674,/big.txt,76414976,131072
219,219_baseline_phase_change_run19,baseline,phase_change,1411,1778259044.1012573,/big.txt,76546048,131072
219,219_baseline_phase_change_run19,baseline,phase_change,1412,1778259044.1013474,/big.txt,76677120,131072
219,219_baseline_phase_change_run19,baseline,phase_change,1413,1778259044.1014373,/big.txt,76808192,131072
219,219_baseline_phase_change_run19,baseline,phase_change,1414,1778259044.1015277,/big.txt,76939264,131072
219,219_baseline_phase_change_run19,baseline,phase_change,1415,1778259044.101619,/big.txt,77070336,131072
219,219_baseline_phase_change_run19,baseline,phase_change,1416,1778259044.1017091,/big.txt,77201408,131072
219,219_baseline_phase_change_run19,baseline,phase_change,1417,1778259044.1018033,/big.txt,77332480,131072
219,219_baseline_phase_change_run19,baseline,phase_change,1418,1778259044.1018941,/big.txt,77463552,131072
219,219_baseline_phase_change_run19,baseline,phase_change,1419,1778259044.1019852,/big.txt,77594624,131072
219,219_baseline_phase_change_run19,baseline,phase_change,1420,1778259044.10208,/big.txt,77725696,131072
219,219_baseline_phase_change_run19,baseline,phase_change,1421,1778259044.1021705,/big.txt,77856768,131072
219,219_baseline_phase_change_run19,baseline,phase_change,1422,1778259044.102261,/big.txt,77987840,131072
219,219_baseline_phase_change_run19,baseline,phase_change,1423,1778259044.1023512,/big.txt,78118912,131072
219,219_baseline_phase_change_run19,baseline,phase_change,1424,1778259044.102442,/big.txt,78249984,131072
219,219_baseline_phase_change_run19,baseline,phase_change,1425,1778259044.1025324,/big.txt,78381056,131072
219,219_baseline_phase_change_run19,baseline,phase_change,1426,1778259044.1026227,/big.txt,78512128,131072
219,219_baseline_phase_change_run19,baseline,phase_change,1427,1778259044.1027136,/big.txt,78643200,131072
219,219_baseline_phase_change_run19,baseline,phase_change,1428,1778259044.102842,/big.txt,78774272,131072
219,219_baseline_phase_change_run19,baseline,phase_change,1429,1778259044.1029794,/big.txt,78905344,131072
219,219_baseline_phase_change_run19,baseline,phase_change,1430,1778259044.1031013,/big.txt,79036416,131072
219,219_baseline_phase_change_run19,baseline,phase_change,1431,1778259044.1032217,/big.txt,79167488,131072
219,219_baseline_phase_change_run19,baseline,phase_change,1432,1778259044.103344,/big.txt,79298560,131072
219,219_baseline_phase_change_run19,baseline,phase_change,1433,1778259044.1034544,/big.txt,79429632,131072
219,219_baseline_phase_change_run19,baseline,phase_change,1434,1778259044.1035478,/big.txt,79560704,131072
219,219_baseline_phase_change_run19,baseline,phase_change,1435,1778259044.1036403,/big.txt,79691776,131072
219,219_baseline_phase_change_run19,baseline,phase_change,1436,1778259044.1037333,/big.txt,79822848,131072
219,219_baseline_phase_change_run19,baseline,phase_change,1437,1778259044.1038263,/big.txt,79953920,131072
219,219_baseline_phase_change_run19,baseline,phase_change,1438,1778259044.1039188,/big.txt,80084992,131072
219,219_baseline_phase_change_run19,baseline,phase_change,1439,1778259044.1040106,/big.txt,80216064,131072
219,219_baseline_phase_change_run19,baseline,phase_change,1440,1778259044.1041036,/big.txt,80347136,131072
219,219_baseline_phase_change_run19,baseline,phase_change,1441,1778259044.1041968,/big.txt,80478208,131072
219,219_baseline_phase_change_run19,baseline,phase_change,1442,1778259044.1042886,/big.txt,80609280,131072
219,219_baseline_phase_change_run19,baseline,phase_change,1443,1778259044.1043787,/big.txt,80740352,131072
219,219_baseline_phase_change_run19,baseline,phase_change,1444,1778259044.104473,/big.txt,80871424,131072
219,219_baseline_phase_change_run19,baseline,phase_change,1445,1778259044.1045635,/big.txt,81002496,131072
219,219_baseline_phase_change_run19,baseline,phase_change,1446,1778259044.1046536,/big.txt,81133568,131072
219,219_baseline_phase_change_run19,baseline,phase_change,1447,1778259044.1047437,/big.txt,81264640,131072
219,219_baseline_phase_change_run19,baseline,phase_change,1448,1778259044.1048348,/big.txt,81395712,131072
219,219_baseline_phase_change_run19,baseline,phase_change,1449,1778259044.1049254,/big.txt,81526784,131072
219,219_baseline_phase_change_run19,baseline,phase_change,1450,1778259044.1050158,/big.txt,81657856,131072
219,219_baseline_phase_change_run19,baseline,phase_change,1451,1778259044.1051064,/big.txt,81788928,131072
219,219_baseline_phase_change_run19,baseline,phase_change,1452,1778259044.105197,/big.txt,81920000,131072
219,219_baseline_phase_change_run19,baseline,phase_change,1453,1778259044.1052883,/big.txt,82051072,131072
219,219_baseline_phase_change_run19,baseline,phase_change,1454,1778259044.1053793,/big.txt,82182144,131072
219,219_baseline_phase_change_run19,baseline,phase_change,1455,1778259044.1054697,/big.txt,82313216,131072
219,219_baseline_phase_change_run19,baseline,phase_change,1456,1778259044.1055608,/big.txt,82444288,131072
219,219_baseline_phase_change_run19,baseline,phase_change,1457,1778259044.1056516,/big.txt,82575360,131072
219,219_baseline_phase_change_run19,baseline,phase_change,1458,1778259044.1057465,/big.txt,82706432,131072
219,219_baseline_phase_change_run19,baseline,phase_change,1459,1778259044.1058373,/big.txt,82837504,131072
219,219_baseline_phase_change_run19,baseline,phase_change,1460,1778259044.105928,/big.txt,82968576,131072
219,219_baseline_phase_change_run19,baseline,phase_change,1461,1778259044.1060183,/big.txt,83099648,131072
219,219_baseline_phase_change_run19,baseline,phase_change,1462,1778259044.1061099,/big.txt,83230720,131072
219,219_baseline_phase_change_run19,baseline,phase_change,1463,1778259044.1062007,/big.txt,83361792,131072
219,219_baseline_phase_change_run19,baseline,phase_change,1464,1778259044.1062918,/big.txt,83492864,131072
219,219_baseline_phase_change_run19,baseline,phase_change,1465,1778259044.106382,/big.txt,83623936,131072
219,219_baseline_phase_change_run19,baseline,phase_change,1466,1778259044.1064725,/big.txt,83755008,131072
219,219_baseline_phase_change_run19,baseline,phase_change,1467,1778259044.1065629,/big.txt,83886080,131072
219,219_baseline_phase_change_run19,baseline,phase_change,1468,1778259044.1066525,/big.txt,84017152,131072
219,219_baseline_phase_change_run19,baseline,phase_change,1469,1778259044.106743,/big.txt,84148224,131072
219,219_baseline_phase_change_run19,baseline,phase_change,1470,1778259044.1068723,/big.txt,84279296,131072
219,219_baseline_phase_change_run19,baseline,phase_change,1471,1778259044.1069636,/big.txt,84410368,131072
219,219_baseline_phase_change_run19,baseline,phase_change,1472,1778259044.1070585,/big.txt,84541440,131072
219,219_baseline_phase_change_run19,baseline,phase_change,1473,1778259044.1071496,/big.txt,84672512,131072
219,219_baseline_phase_change_run19,baseline,phase_change,1474,1778259044.1072402,/big.txt,84803584,131072
219,219_baseline_phase_change_run19,baseline,phase_change,1475,1778259044.1073306,/big.txt,84934656,131072
219,219_baseline_phase_change_run19,baseline,phase_change,1476,1778259044.107421,/big.txt,85065728,131072
219,219_baseline_phase_change_run19,baseline,phase_change,1477,1778259044.107511,/big.txt,85196800,131072
219,219_baseline_phase_change_run19,baseline,phase_change,1478,1778259044.107602,/big.txt,85327872,131072
219,219_baseline_phase_change_run19,baseline,phase_change,1479,1778259044.107693,/big.txt,85458944,131072
219,219_baseline_phase_change_run19,baseline,phase_change,1480,1778259044.1077833,/big.txt,85590016,131072
219,219_baseline_phase_change_run19,baseline,phase_change,1481,1778259044.1078746,/big.txt,85721088,131072
219,219_baseline_phase_change_run19,baseline,phase_change,1482,1778259044.107965,/big.txt,85852160,131072
219,219_baseline_phase_change_run19,baseline,phase_change,1483,1778259044.1080549,/big.txt,85983232,131072
219,219_baseline_phase_change_run19,baseline,phase_change,1484,1778259044.1081455,/big.txt,86114304,131072
219,219_baseline_phase_change_run19,baseline,phase_change,1485,1778259044.1082366,/big.txt,86245376,131072
219,219_baseline_phase_change_run19,baseline,phase_change,1486,1778259044.1083276,/big.txt,86376448,131072
219,219_baseline_phase_change_run19,baseline,phase_change,1487,1778259044.1084177,/big.txt,86507520,131072
219,219_baseline_phase_change_run19,baseline,phase_change,1488,1778259044.1085083,/big.txt,86638592,131072
219,219_baseline_phase_change_run19,baseline,phase_change,1489,1778259044.108599,/big.txt,86769664,131072
219,219_baseline_phase_change_run19,baseline,phase_change,1490,1778259044.1086895,/big.txt,86900736,131072
219,219_baseline_phase_change_run19,baseline,phase_change,1491,1778259044.1087801,/big.txt,87031808,131072
219,219_baseline_phase_change_run19,baseline,phase_change,1492,1778259044.1088707,/big.txt,87162880,131072
219,219_baseline_phase_change_run19,baseline,phase_change,1493,1778259044.1089623,/big.txt,87293952,131072
219,219_baseline_phase_change_run19,baseline,phase_change,1494,1778259044.1090534,/big.txt,87425024,131072
219,219_baseline_phase_change_run19,baseline,phase_change,1495,1778259044.1091442,/big.txt,87556096,131072
219,219_baseline_phase_change_run19,baseline,phase_change,1496,1778259044.1092408,/big.txt,87687168,131072
219,219_baseline_phase_change_run19,baseline,phase_change,1497,1778259044.1093328,/big.txt,87818240,131072
219,219_baseline_phase_change_run19,baseline,phase_change,1498,1778259044.1094239,/big.txt,87949312,131072
219,219_baseline_phase_change_run19,baseline,phase_change,1499,1778259044.1095138,/big.txt,88080384,131072
219,219_baseline_phase_change_run19,baseline,phase_change,1500,1778259044.1096075,/big.txt,88211456,131072
219,219_baseline_phase_change_run19,baseline,phase_change,1501,1778259044.1096988,/big.txt,88342528,131072
219,219_baseline_phase_change_run19,baseline,phase_change,1502,1778259044.1097903,/big.txt,88473600,131072
219,219_baseline_phase_change_run19,baseline,phase_change,1503,1778259044.1098814,/big.txt,88604672,131072
219,219_baseline_phase_change_run19,baseline,phase_change,1504,1778259044.1099725,/big.txt,88735744,131072
219,219_baseline_phase_change_run19,baseline,phase_change,1505,1778259044.1100628,/big.txt,88866816,131072
219,219_baseline_phase_change_run19,baseline,phase_change,1506,1778259044.1101534,/big.txt,88997888,131072
219,219_baseline_phase_change_run19,baseline,phase_change,1507,1778259044.1102452,/big.txt,89128960,131072
219,219_baseline_phase_change_run19,baseline,phase_change,1508,1778259044.1103363,/big.txt,89260032,131072
219,219_baseline_phase_change_run19,baseline,phase_change,1509,1778259044.1104276,/big.txt,89391104,131072
219,219_baseline_phase_change_run19,baseline,phase_change,1510,1778259044.110519,/big.txt,89522176,131072
219,219_baseline_phase_change_run19,baseline,phase_change,1511,1778259044.1106098,/big.txt,89653248,131072
219,219_baseline_phase_change_run19,baseline,phase_change,1512,1778259044.1107001,/big.txt,89784320,131072
219,219_baseline_phase_change_run19,baseline,phase_change,1513,1778259044.110802,/big.txt,89915392,131072
219,219_baseline_phase_change_run19,baseline,phase_change,1514,1778259044.1109335,/big.txt,90046464,131072
219,219_baseline_phase_change_run19,baseline,phase_change,1515,1778259044.1110246,/big.txt,90177536,131072
219,219_baseline_phase_change_run19,baseline,phase_change,1516,1778259044.1111157,/big.txt,90308608,131072
219,219_baseline_phase_change_run19,baseline,phase_change,1517,1778259044.1112072,/big.txt,90439680,131072
219,219_baseline_phase_change_run19,baseline,phase_change,1518,1778259044.1112988,/big.txt,90570752,131072
219,219_baseline_phase_change_run19,baseline,phase_change,1519,1778259044.1113899,/big.txt,90701824,131072
219,219_baseline_phase_change_run19,baseline,phase_change,1520,1778259044.1114821,/big.txt,90832896,131072
219,219_baseline_phase_change_run19,baseline,phase_change,1521,1778259044.1115735,/big.txt,90963968,131072
219,219_baseline_phase_change_run19,baseline,phase_change,1522,1778259044.1116645,/big.txt,91095040,131072
219,219_baseline_phase_change_run19,baseline,phase_change,1523,1778259044.1117568,/big.txt,91226112,131072
219,219_baseline_phase_change_run19,baseline,phase_change,1524,1778259044.1118495,/big.txt,91357184,131072
219,219_baseline_phase_change_run19,baseline,phase_change,1525,1778259044.1119413,/big.txt,91488256,131072
219,219_baseline_phase_change_run19,baseline,phase_change,1526,1778259044.1120324,/big.txt,91619328,131072
219,219_baseline_phase_change_run19,baseline,phase_change,1527,1778259044.1121244,/big.txt,91750400,131072
219,219_baseline_phase_change_run19,baseline,phase_change,1528,1778259044.1122193,/big.txt,91881472,131072
219,219_baseline_phase_change_run19,baseline,phase_change,1529,1778259044.1123118,/big.txt,92012544,131072
219,219_baseline_phase_change_run19,baseline,phase_change,1530,1778259044.112404,/big.txt,92143616,131072
219,219_baseline_phase_change_run19,baseline,phase_change,1531,1778259044.1124957,/big.txt,92274688,131072
219,219_baseline_phase_change_run19,baseline,phase_change,1532,1778259044.1125922,/big.txt,92405760,131072
219,219_baseline_phase_change_run19,baseline,phase_change,1533,1778259044.112684,/big.txt,92536832,131072
219,219_baseline_phase_change_run19,baseline,phase_change,1534,1778259044.1127796,/big.txt,92667904,131072
219,219_baseline_phase_change_run19,baseline,phase_change,1535,1778259044.1128714,/big.txt,92798976,131072
219,219_baseline_phase_change_run19,baseline,phase_change,1536,1778259044.112963,/big.txt,92930048,131072
219,219_baseline_phase_change_run19,baseline,phase_change,1537,1778259044.1130548,/big.txt,93061120,131072
219,219_baseline_phase_change_run19,baseline,phase_change,1538,1778259044.113146,/big.txt,93192192,131072
219,219_baseline_phase_change_run19,baseline,phase_change,1539,1778259044.113238,/big.txt,93323264,131072
219,219_baseline_phase_change_run19,baseline,phase_change,1540,1778259044.1133296,/big.txt,93454336,131072
219,219_baseline_phase_change_run19,baseline,phase_change,1541,1778259044.1134205,/big.txt,93585408,131072
219,219_baseline_phase_change_run19,baseline,phase_change,1542,1778259044.1135116,/big.txt,93716480,131072
219,219_baseline_phase_change_run19,baseline,phase_change,1543,1778259044.113603,/big.txt,93847552,131072
219,219_baseline_phase_change_run19,baseline,phase_change,1544,1778259044.1136942,/big.txt,93978624,131072
219,219_baseline_phase_change_run19,baseline,phase_change,1545,1778259044.1137862,/big.txt,94109696,131072
219,219_baseline_phase_change_run19,baseline,phase_change,1546,1778259044.1138775,/big.txt,94240768,131072
219,219_baseline_phase_change_run19,baseline,phase_change,1547,1778259044.113969,/big.txt,94371840,131072
219,219_baseline_phase_change_run19,baseline,phase_change,1548,1778259044.1140614,/big.txt,94502912,131072
219,219_baseline_phase_change_run19,baseline,phase_change,1549,1778259044.114154,/big.txt,94633984,131072
219,219_baseline_phase_change_run19,baseline,phase_change,1550,1778259044.1142461,/big.txt,94765056,131072
219,219_baseline_phase_change_run19,baseline,phase_change,1551,1778259044.1143394,/big.txt,94896128,131072
219,219_baseline_phase_change_run19,baseline,phase_change,1552,1778259044.114432,/big.txt,95027200,131072
219,219_baseline_phase_change_run19,baseline,phase_change,1553,1778259044.114524,/big.txt,95158272,131072
219,219_baseline_phase_change_run19,baseline,phase_change,1554,1778259044.114616,/big.txt,95289344,131072
219,219_baseline_phase_change_run19,baseline,phase_change,1555,1778259044.1147115,/big.txt,95420416,131072
219,219_baseline_phase_change_run19,baseline,phase_change,1556,1778259044.1148562,/big.txt,95551488,131072
219,219_baseline_phase_change_run19,baseline,phase_change,1557,1778259044.1149511,/big.txt,95682560,131072
219,219_baseline_phase_change_run19,baseline,phase_change,1558,1778259044.1150436,/big.txt,95813632,131072
219,219_baseline_phase_change_run19,baseline,phase_change,1559,1778259044.1151354,/big.txt,95944704,131072
219,219_baseline_phase_change_run19,baseline,phase_change,1560,1778259044.115227,/big.txt,96075776,131072
219,219_baseline_phase_change_run19,baseline,phase_change,1561,1778259044.1153188,/big.txt,96206848,131072
219,219_baseline_phase_change_run19,baseline,phase_change,1562,1778259044.115411,/big.txt,96337920,131072
219,219_baseline_phase_change_run19,baseline,phase_change,1563,1778259044.115502,/big.txt,96468992,131072
219,219_baseline_phase_change_run19,baseline,phase_change,1564,1778259044.115594,/big.txt,96600064,131072
219,219_baseline_phase_change_run19,baseline,phase_change,1565,1778259044.1156855,/big.txt,96731136,131072
219,219_baseline_phase_change_run19,baseline,phase_change,1566,1778259044.115777,/big.txt,96862208,131072
219,219_baseline_phase_change_run19,baseline,phase_change,1567,1778259044.115868,/big.txt,96993280,131072
219,219_baseline_phase_change_run19,baseline,phase_change,1568,1778259044.1159596,/big.txt,97124352,131072
219,219_baseline_phase_change_run19,baseline,phase_change,1569,1778259044.1160522,/big.txt,97255424,131072
219,219_baseline_phase_change_run19,baseline,phase_change,1570,1778259044.1161444,/big.txt,97386496,131072
219,219_baseline_phase_change_run19,baseline,phase_change,1571,1778259044.116235,/big.txt,97517568,131072
219,219_baseline_phase_change_run19,baseline,phase_change,1572,1778259044.116331,/big.txt,97648640,131072
219,219_baseline_phase_change_run19,baseline,phase_change,1573,1778259044.116423,/big.txt,97779712,131072
219,219_baseline_phase_change_run19,baseline,phase_change,1574,1778259044.116515,/big.txt,97910784,131072
219,219_baseline_phase_change_run19,baseline,phase_change,1575,1778259044.1166062,/big.txt,98041856,131072
219,219_baseline_phase_change_run19,baseline,phase_change,1576,1778259044.116698,/big.txt,98172928,131072
219,219_baseline_phase_change_run19,baseline,phase_change,1577,1778259044.116789,/big.txt,98304000,131072
219,219_baseline_phase_change_run19,baseline,phase_change,1578,1778259044.1168804,/big.txt,98435072,131072
219,219_baseline_phase_change_run19,baseline,phase_change,1579,1778259044.1169717,/big.txt,98566144,131072
219,219_baseline_phase_change_run19,baseline,phase_change,1580,1778259044.1170628,/big.txt,98697216,131072
219,219_baseline_phase_change_run19,baseline,phase_change,1581,1778259044.1171544,/big.txt,98828288,131072
219,219_baseline_phase_change_run19,baseline,phase_change,1582,1778259044.1172462,/big.txt,98959360,131072
219,219_baseline_phase_change_run19,baseline,phase_change,1583,1778259044.117341,/big.txt,99090432,131072
219,219_baseline_phase_change_run19,baseline,phase_change,1584,1778259044.1174333,/big.txt,99221504,131072
219,219_baseline_phase_change_run19,baseline,phase_change,1585,1778259044.1175253,/big.txt,99352576,131072
219,219_baseline_phase_change_run19,baseline,phase_change,1586,1778259044.1176193,/big.txt,99483648,131072
219,219_baseline_phase_change_run19,baseline,phase_change,1587,1778259044.1177108,/big.txt,99614720,131072
219,219_baseline_phase_change_run19,baseline,phase_change,1588,1778259044.117802,/big.txt,99745792,131072
219,219_baseline_phase_change_run19,baseline,phase_change,1589,1778259044.1178932,/big.txt,99876864,131072
219,219_baseline_phase_change_run19,baseline,phase_change,1590,1778259044.117985,/big.txt,100007936,131072
219,219_baseline_phase_change_run19,baseline,phase_change,1591,1778259044.1180766,/big.txt,100139008,131072
219,219_baseline_phase_change_run19,baseline,phase_change,1592,1778259044.1181684,/big.txt,100270080,131072
219,219_baseline_phase_change_run19,baseline,phase_change,1593,1778259044.1182592,/big.txt,100401152,131072
219,219_baseline_phase_change_run19,baseline,phase_change,1594,1778259044.1183507,/big.txt,100532224,131072
219,219_baseline_phase_change_run19,baseline,phase_change,1595,1778259044.1184428,/big.txt,100663296,131072
219,219_baseline_phase_change_run19,baseline,phase_change,1596,1778259044.118534,/big.txt,100794368,131072
219,219_baseline_phase_change_run19,baseline,phase_change,1597,1778259044.1186244,/big.txt,100925440,131072
219,219_baseline_phase_change_run19,baseline,phase_change,1598,1778259044.118716,/big.txt,101056512,131072
219,219_baseline_phase_change_run19,baseline,phase_change,1599,1778259044.1188436,/big.txt,101187584,131072
219,219_baseline_phase_change_run19,baseline,phase_change,1600,1778259044.1189878,/big.txt,101318656,131072
219,219_baseline_phase_change_run19,baseline,phase_change,1601,1778259044.1191156,/big.txt,101449728,131072
219,219_baseline_phase_change_run19,baseline,phase_change,1602,1778259044.1192436,/big.txt,101580800,131072
219,219_baseline_phase_change_run19,baseline,phase_change,1603,1778259044.119372,/big.txt,101711872,131072
219,219_baseline_phase_change_run19,baseline,phase_change,1604,1778259044.119494,/big.txt,101842944,131072
219,219_baseline_phase_change_run19,baseline,phase_change,1605,1778259044.1195867,/big.txt,101974016,131072
219,219_baseline_phase_change_run19,baseline,phase_change,1606,1778259044.1196792,/big.txt,102105088,131072
219,219_baseline_phase_change_run19,baseline,phase_change,1607,1778259044.1197712,/big.txt,102236160,131072
219,219_baseline_phase_change_run19,baseline,phase_change,1608,1778259044.1198633,/big.txt,102367232,131072
219,219_baseline_phase_change_run19,baseline,phase_change,1609,1778259044.1199555,/big.txt,102498304,131072
219,219_baseline_phase_change_run19,baseline,phase_change,1610,1778259044.1200552,/big.txt,102629376,131072
219,219_baseline_phase_change_run19,baseline,phase_change,1611,1778259044.1201477,/big.txt,102760448,131072
219,219_baseline_phase_change_run19,baseline,phase_change,1612,1778259044.120241,/big.txt,102891520,131072
219,219_baseline_phase_change_run19,baseline,phase_change,1613,1778259044.120332,/big.txt,103022592,131072
219,219_baseline_phase_change_run19,baseline,phase_change,1614,1778259044.120424,/big.txt,103153664,131072
219,219_baseline_phase_change_run19,baseline,phase_change,1615,1778259044.1205144,/big.txt,103284736,131072
219,219_baseline_phase_change_run19,baseline,phase_change,1616,1778259044.1206057,/big.txt,103415808,131072
219,219_baseline_phase_change_run19,baseline,phase_change,1617,1778259044.1206965,/big.txt,103546880,131072
219,219_baseline_phase_change_run19,baseline,phase_change,1618,1778259044.1207879,/big.txt,103677952,131072
219,219_baseline_phase_change_run19,baseline,phase_change,1619,1778259044.1208787,/big.txt,103809024,131072
219,219_baseline_phase_change_run19,baseline,phase_change,1620,1778259044.12097,/big.txt,103940096,131072
219,219_baseline_phase_change_run19,baseline,phase_change,1621,1778259044.1210604,/big.txt,104071168,131072
219,219_baseline_phase_change_run19,baseline,phase_change,1622,1778259044.1211505,/big.txt,104202240,131072
219,219_baseline_phase_change_run19,baseline,phase_change,1623,1778259044.121242,/big.txt,104333312,131072
219,219_baseline_phase_change_run19,baseline,phase_change,1624,1778259044.1213334,/big.txt,104464384,131072
219,219_baseline_phase_change_run19,baseline,phase_change,1625,1778259044.1214244,/big.txt,104595456,131072
219,219_baseline_phase_change_run19,baseline,phase_change,1626,1778259044.1215155,/big.txt,104726528,131072
219,219_baseline_phase_change_run19,baseline,phase_change,1627,1778259044.121598,/big.txt,104857600,0
