run_index,run_label,mode,workload,timestamp,path,offset,size,phase,confidence,decay_rate,seek_delta,prefetch,prefetch_offset,prefetch_size,prefetch_depth,cache_hit,false_negative
176,176_baseline_phase_change_run19,baseline,phase_change,1778426235.1378896,/big.txt,0,131072,unknown,0.0000,0.0000,0,1,131072,4096,1,0,0
176,176_baseline_phase_change_run19,baseline,phase_change,1778426235.1393178,/big.txt,131072,131072,sequential,1.0000,0.0000,0,1,262144,4096,1,1,0
176,176_baseline_phase_change_run19,baseline,phase_change,1778426235.1405787,/big.txt,262144,131072,sequential,1.0000,0.0000,0,1,393216,4096,1,1,0
176,176_baseline_phase_change_run19,baseline,phase_change,1778426235.1418633,/big.txt,393216,131072,sequential,1.0000,0.0000,0,1,524288,4096,1,1,0
176,176_baseline_phase_change_run19,baseline,phase_change,1778426235.1431715,/big.txt,524288,131072,sequential,1.0000,0.0000,0,1,655360,4096,1,1,0
176,176_baseline_phase_change_run19,baseline,phase_change,1778426235.1444612,/big.txt,655360,131072,sequential,1.0000,0.0000,0,1,786432,4096,1,1,0
176,176_baseline_phase_change_run19,baseline,phase_change,1778426235.1457214,/big.txt,786432,131072,sequential,1.0000,0.0000,0,1,917504,4096,1,1,0
176,176_baseline_phase_change_run19,baseline,phase_change,1778426235.147036,/big.txt,917504,131072,sequential,1.0000,0.0000,0,1,1048576,4096,1,1,0
176,176_baseline_phase_change_run19,baseline,phase_change,1778426235.148295,/big.txt,1048576,131072,sequential,1.0000,0.0000,0,1,1179648,4096,1,1,0
176,176_baseline_phase_change_run19,baseline,phase_change,1778426235.149568,/big.txt,1179648,131072,sequential,1.0000,0.0000,0,1,1310720,4096,1,1,0
176,176_baseline_phase_change_run19,baseline,phase_change,1778426235.1508877,/big.txt,1310720,131072,sequential,1.0000,0.0000,0,1,1441792,4096,1,1,0
176,176_baseline_phase_change_run19,baseline,phase_change,1778426235.1521506,/big.txt,1441792,131072,sequential,1.0000,0.0000,0,1,1572864,4096,1,1,0
176,176_baseline_phase_change_run19,baseline,phase_change,1778426235.1534202,/big.txt,1572864,131072,sequential,1.0000,0.0000,0,1,1703936,4096,1,1,0
176,176_baseline_phase_change_run19,baseline,phase_change,1778426235.15468,/big.txt,1703936,131072,sequential,1.0000,0.0000,0,1,1835008,4096,1,1,0
176,176_baseline_phase_change_run19,baseline,phase_change,1778426235.1559865,/big.txt,1835008,131072,sequential,1.0000,0.0000,0,1,1966080,4096,1,1,0
176,176_baseline_phase_change_run19,baseline,phase_change,1778426235.157245,/big.txt,1966080,131072,sequential,1.0000,0.0000,0,1,2097152,4096,1,1,0
176,176_baseline_phase_change_run19,baseline,phase_change,1778426235.158514,/big.txt,2097152,131072,sequential,1.0000,0.0000,0,1,2228224,4096,1,1,0
176,176_baseline_phase_change_run19,baseline,phase_change,1778426235.1598122,/big.txt,2228224,131072,sequential,1.0000,0.0000,0,1,2359296,4096,1,1,0
176,176_baseline_phase_change_run19,baseline,phase_change,1778426235.1610732,/big.txt,2359296,131072,sequential,1.0000,0.0000,0,1,2490368,4096,1,1,0
176,176_baseline_phase_change_run19,baseline,phase_change,1778426235.1623425,/big.txt,2490368,131072,sequential,1.0000,0.0000,0,1,2621440,4096,1,1,0
176,176_baseline_phase_change_run19,baseline,phase_change,1778426235.1637719,/big.txt,2621440,131072,sequential,1.0000,0.0000,0,1,2752512,4096,1,1,0
176,176_baseline_phase_change_run19,baseline,phase_change,1778426235.1650505,/big.txt,2752512,131072,sequential,1.0000,0.0000,0,1,2883584,4096,1,1,0
176,176_baseline_phase_change_run19,baseline,phase_change,1778426235.1663234,/big.txt,2883584,131072,sequential,1.0000,0.0000,0,1,3014656,4096,1,1,0
176,176_baseline_phase_change_run19,baseline,phase_change,1778426235.1676867,/big.txt,3014656,131072,sequential,1.0000,0.0000,0,1,3145728,4096,1,1,0
176,176_baseline_phase_change_run19,baseline,phase_change,1778426235.1689575,/big.txt,3145728,131072,sequential,1.0000,0.0000,0,1,3276800,4096,1,1,0
176,176_baseline_phase_change_run19,baseline,phase_change,1778426235.1702342,/big.txt,3276800,131072,sequential,1.0000,0.0000,0,1,3407872,4096,1,1,0
176,176_baseline_phase_change_run19,baseline,phase_change,1778426235.171567,/big.txt,3407872,131072,sequential,1.0000,0.0000,0,1,3538944,4096,1,1,0
176,176_baseline_phase_change_run19,baseline,phase_change,1778426235.172835,/big.txt,3538944,131072,sequential,1.0000,0.0000,0,1,3670016,4096,1,1,0
176,176_baseline_phase_change_run19,baseline,phase_change,1778426235.1741097,/big.txt,3670016,131072,sequential,1.0000,0.0000,0,1,3801088,4096,1,1,0
176,176_baseline_phase_change_run19,baseline,phase_change,1778426235.1754136,/big.txt,3801088,131072,sequential,1.0000,0.0000,0,1,3932160,4096,1,1,0
176,176_baseline_phase_change_run19,baseline,phase_change,1778426235.1766727,/big.txt,3932160,131072,sequential,1.0000,0.0000,0,1,4063232,4096,1,1,0
176,176_baseline_phase_change_run19,baseline,phase_change,1778426235.1779456,/big.txt,4063232,131072,sequential,1.0000,0.0000,0,1,4194304,4096,1,1,0
176,176_baseline_phase_change_run19,baseline,phase_change,1778426235.179255,/big.txt,4194304,131072,sequential,1.0000,0.0000,0,1,4325376,4096,1,1,0
176,176_baseline_phase_change_run19,baseline,phase_change,1778426235.1805139,/big.txt,4325376,131072,sequential,1.0000,0.0000,0,1,4456448,4096,1,1,0
176,176_baseline_phase_change_run19,baseline,phase_change,1778426235.1817777,/big.txt,4456448,131072,sequential,1.0000,0.0000,0,1,4587520,4096,1,1,0
176,176_baseline_phase_change_run19,baseline,phase_change,1778426235.1831582,/big.txt,4587520,131072,sequential,1.0000,0.0000,0,1,4718592,4096,1,1,0
176,176_baseline_phase_change_run19,baseline,phase_change,1778426235.1844254,/big.txt,4718592,131072,sequential,1.0000,0.0000,0,1,4849664,4096,1,1,0
176,176_baseline_phase_change_run19,baseline,phase_change,1778426235.185708,/big.txt,4849664,131072,sequential,1.0000,0.0000,0,1,4980736,4096,1,1,0
176,176_baseline_phase_change_run19,baseline,phase_change,1778426235.1870286,/big.txt,4980736,131072,sequential,1.0000,0.0000,0,1,5111808,4096,1,1,0
176,176_baseline_phase_change_run19,baseline,phase_change,1778426235.1882915,/big.txt,5111808,131072,sequential,1.0000,0.0000,0,1,5242880,4096,1,1,0
176,176_baseline_phase_change_run19,baseline,phase_change,1778426235.1895573,/big.txt,5242880,131072,sequential,1.0000,0.0000,0,1,5373952,4096,1,1,0
176,176_baseline_phase_change_run19,baseline,phase_change,1778426235.19089,/big.txt,5373952,131072,sequential,1.0000,0.0000,0,1,5505024,4096,1,1,0
176,176_baseline_phase_change_run19,baseline,phase_change,1778426235.1928363,/big.txt,5505024,131072,sequential,1.0000,0.0000,0,1,5636096,4096,1,1,0
176,176_baseline_phase_change_run19,baseline,phase_change,1778426235.1941068,/big.txt,5636096,131072,sequential,1.0000,0.0000,0,1,5767168,4096,1,1,0
176,176_baseline_phase_change_run19,baseline,phase_change,1778426235.1954153,/big.txt,5767168,131072,sequential,1.0000,0.0000,0,1,5898240,4096,1,1,0
176,176_baseline_phase_change_run19,baseline,phase_change,1778426235.1966765,/big.txt,5898240,131072,sequential,1.0000,0.0000,0,1,6029312,4096,1,1,0
176,176_baseline_phase_change_run19,baseline,phase_change,1778426235.1979547,/big.txt,6029312,131072,sequential,1.0000,0.0000,0,1,6160384,4096,1,1,0
176,176_baseline_phase_change_run19,baseline,phase_change,1778426235.199295,/big.txt,6160384,131072,sequential,1.0000,0.0000,0,1,6291456,4096,1,1,0
176,176_baseline_phase_change_run19,baseline,phase_change,1778426235.2005677,/big.txt,6291456,131072,sequential,1.0000,0.0000,0,1,6422528,4096,1,1,0
176,176_baseline_phase_change_run19,baseline,phase_change,1778426235.201835,/big.txt,6422528,131072,sequential,1.0000,0.0000,0,1,6553600,4096,1,1,0
176,176_baseline_phase_change_run19,baseline,phase_change,1778426235.2031484,/big.txt,6553600,131072,sequential,1.0000,0.0000,0,1,6684672,4096,1,1,0
176,176_baseline_phase_change_run19,baseline,phase_change,1778426235.204412,/big.txt,6684672,131072,sequential,1.0000,0.0000,0,1,6815744,4096,1,1,0
176,176_baseline_phase_change_run19,baseline,phase_change,1778426235.2056806,/big.txt,6815744,131072,sequential,1.0000,0.0000,0,1,6946816,4096,1,1,0
176,176_baseline_phase_change_run19,baseline,phase_change,1778426235.2070546,/big.txt,6946816,131072,sequential,1.0000,0.0000,0,1,7077888,4096,1,1,0
176,176_baseline_phase_change_run19,baseline,phase_change,1778426235.2083955,/big.txt,7077888,131072,sequential,1.0000,0.0000,0,1,7208960,4096,1,1,0
176,176_baseline_phase_change_run19,baseline,phase_change,1778426235.209831,/big.txt,7208960,131072,sequential,1.0000,0.0000,0,1,7340032,4096,1,1,0
176,176_baseline_phase_change_run19,baseline,phase_change,1778426235.2111952,/big.txt,7340032,131072,sequential,1.0000,0.0000,0,1,7471104,4096,1,1,0
176,176_baseline_phase_change_run19,baseline,phase_change,1778426235.2124872,/big.txt,7471104,131072,sequential,1.0000,0.0000,0,1,7602176,4096,1,1,0
176,176_baseline_phase_change_run19,baseline,phase_change,1778426235.21378,/big.txt,7602176,131072,sequential,1.0000,0.0000,0,1,7733248,4096,1,1,0
176,176_baseline_phase_change_run19,baseline,phase_change,1778426235.2151008,/big.txt,7733248,131072,sequential,1.0000,0.0000,0,1,7864320,4096,1,1,0
176,176_baseline_phase_change_run19,baseline,phase_change,1778426235.2163842,/big.txt,7864320,131072,sequential,1.0000,0.0000,0,1,7995392,4096,1,1,0
176,176_baseline_phase_change_run19,baseline,phase_change,1778426235.2176502,/big.txt,7995392,131072,sequential,1.0000,0.0000,0,1,8126464,4096,1,1,0
176,176_baseline_phase_change_run19,baseline,phase_change,1778426235.2189639,/big.txt,8126464,131072,sequential,1.0000,0.0000,0,1,8257536,4096,1,1,0
176,176_baseline_phase_change_run19,baseline,phase_change,1778426235.2202282,/big.txt,8257536,131072,sequential,1.0000,0.0000,0,1,8388608,4096,1,1,0
176,176_baseline_phase_change_run19,baseline,phase_change,1778426235.2214997,/big.txt,8388608,131072,sequential,1.0000,0.0000,0,1,8519680,4096,1,1,0
176,176_baseline_phase_change_run19,baseline,phase_change,1778426235.2228136,/big.txt,8519680,131072,sequential,1.0000,0.0000,0,1,8650752,4096,1,1,0
176,176_baseline_phase_change_run19,baseline,phase_change,1778426235.2241092,/big.txt,8650752,131072,sequential,1.0000,0.0000,0,1,8781824,4096,1,1,0
176,176_baseline_phase_change_run19,baseline,phase_change,1778426235.2253604,/big.txt,8781824,131072,sequential,1.0000,0.0000,0,1,8912896,4096,1,1,0
176,176_baseline_phase_change_run19,baseline,phase_change,1778426235.2266285,/big.txt,8912896,131072,sequential,1.0000,0.0000,0,1,9043968,4096,1,1,0
176,176_baseline_phase_change_run19,baseline,phase_change,1778426235.2279563,/big.txt,9043968,131072,sequential,1.0000,0.0000,0,1,9175040,4096,1,1,0
176,176_baseline_phase_change_run19,baseline,phase_change,1778426235.2292109,/big.txt,9175040,131072,sequential,1.0000,0.0000,0,1,9306112,4096,1,1,0
176,176_baseline_phase_change_run19,baseline,phase_change,1778426235.2304776,/big.txt,9306112,131072,sequential,1.0000,0.0000,0,1,9437184,4096,1,1,0
176,176_baseline_phase_change_run19,baseline,phase_change,1778426235.2317832,/big.txt,9437184,131072,sequential,1.0000,0.0000,0,1,9568256,4096,1,1,0
176,176_baseline_phase_change_run19,baseline,phase_change,1778426235.233056,/big.txt,9568256,131072,sequential,1.0000,0.0000,0,1,9699328,4096,1,1,0
176,176_baseline_phase_change_run19,baseline,phase_change,1778426235.2343214,/big.txt,9699328,131072,sequential,1.0000,0.0000,0,1,9830400,4096,1,1,0
176,176_baseline_phase_change_run19,baseline,phase_change,1778426235.2356253,/big.txt,9830400,131072,sequential,1.0000,0.0000,0,1,9961472,4096,1,1,0
176,176_baseline_phase_change_run19,baseline,phase_change,1778426235.2369206,/big.txt,9961472,131072,sequential,1.0000,0.0000,0,1,10092544,4096,1,1,0
176,176_baseline_phase_change_run19,baseline,phase_change,1778426235.238199,/big.txt,10092544,131072,sequential,1.0000,0.0000,0,1,10223616,4096,1,1,0
176,176_baseline_phase_change_run19,baseline,phase_change,1778426235.2395077,/big.txt,10223616,131072,sequential,1.0000,0.0000,0,1,10354688,4096,1,1,0
176,176_baseline_phase_change_run19,baseline,phase_change,1778426235.2407835,/big.txt,10354688,131072,sequential,1.0000,0.0000,0,1,10485760,4096,1,1,0
176,176_baseline_phase_change_run19,baseline,phase_change,1778426235.2420492,/big.txt,10485760,131072,sequential,1.0000,0.0000,0,1,10616832,4096,1,1,0
176,176_baseline_phase_change_run19,baseline,phase_change,1778426235.2433825,/big.txt,10616832,131072,sequential,1.0000,0.0000,0,1,10747904,4096,1,1,0
176,176_baseline_phase_change_run19,baseline,phase_change,1778426235.2446413,/big.txt,10747904,131072,sequential,1.0000,0.0000,0,1,10878976,4096,1,1,0
176,176_baseline_phase_change_run19,baseline,phase_change,1778426235.245928,/big.txt,10878976,131072,sequential,1.0000,0.0000,0,1,11010048,4096,1,1,0
176,176_baseline_phase_change_run19,baseline,phase_change,1778426235.2472217,/big.txt,11010048,131072,sequential,1.0000,0.0000,0,1,11141120,4096,1,1,0
176,176_baseline_phase_change_run19,baseline,phase_change,1778426235.2485013,/big.txt,11141120,131072,sequential,1.0000,0.0000,0,1,11272192,4096,1,1,0
176,176_baseline_phase_change_run19,baseline,phase_change,1778426235.2497692,/big.txt,11272192,131072,sequential,1.0000,0.0000,0,1,11403264,4096,1,1,0
176,176_baseline_phase_change_run19,baseline,phase_change,1778426235.251066,/big.txt,11403264,131072,sequential,1.0000,0.0000,0,1,11534336,4096,1,1,0
176,176_baseline_phase_change_run19,baseline,phase_change,1778426235.2523396,/big.txt,11534336,131072,sequential,1.0000,0.0000,0,1,11665408,4096,1,1,0
176,176_baseline_phase_change_run19,baseline,phase_change,1778426235.2536197,/big.txt,11665408,131072,sequential,1.0000,0.0000,0,1,11796480,4096,1,1,0
176,176_baseline_phase_change_run19,baseline,phase_change,1778426235.2550921,/big.txt,11796480,131072,sequential,1.0000,0.0000,0,1,11927552,4096,1,1,0
176,176_baseline_phase_change_run19,baseline,phase_change,1778426235.2563741,/big.txt,11927552,131072,sequential,1.0000,0.0000,0,1,12058624,4096,1,1,0
176,176_baseline_phase_change_run19,baseline,phase_change,1778426235.2576475,/big.txt,12058624,131072,sequential,1.0000,0.0000,0,1,12189696,4096,1,1,0
176,176_baseline_phase_change_run19,baseline,phase_change,1778426235.2589579,/big.txt,12189696,131072,sequential,1.0000,0.0000,0,1,12320768,4096,1,1,0
176,176_baseline_phase_change_run19,baseline,phase_change,1778426235.2602346,/big.txt,12320768,131072,sequential,1.0000,0.0000,0,1,12451840,4096,1,1,0
176,176_baseline_phase_change_run19,baseline,phase_change,1778426235.261509,/big.txt,12451840,131072,sequential,1.0000,0.0000,0,1,12582912,4096,1,1,0
176,176_baseline_phase_change_run19,baseline,phase_change,1778426235.2628117,/big.txt,12582912,131072,sequential,1.0000,0.0000,0,1,12713984,4096,1,1,0
176,176_baseline_phase_change_run19,baseline,phase_change,1778426235.264098,/big.txt,12713984,131072,sequential,1.0000,0.0000,0,1,12845056,4096,1,1,0
176,176_baseline_phase_change_run19,baseline,phase_change,1778426235.265363,/big.txt,12845056,131072,sequential,1.0000,0.0000,0,1,12976128,4096,1,1,0
176,176_baseline_phase_change_run19,baseline,phase_change,1778426235.2666361,/big.txt,12976128,131072,sequential,1.0000,0.0000,0,1,13107200,4096,1,1,0
176,176_baseline_phase_change_run19,baseline,phase_change,1778426235.2679548,/big.txt,13107200,131072,sequential,1.0000,0.0000,0,1,13238272,4096,1,1,0
176,176_baseline_phase_change_run19,baseline,phase_change,1778426235.2692153,/big.txt,13238272,131072,sequential,1.0000,0.0000,0,1,13369344,4096,1,1,0
176,176_baseline_phase_change_run19,baseline,phase_change,1778426235.2704918,/big.txt,13369344,131072,sequential,1.0000,0.0000,0,1,13500416,4096,1,1,0
176,176_baseline_phase_change_run19,baseline,phase_change,1778426235.2718098,/big.txt,13500416,131072,sequential,1.0000,0.0000,0,1,13631488,4096,1,1,0
176,176_baseline_phase_change_run19,baseline,phase_change,1778426235.273113,/big.txt,13631488,131072,sequential,1.0000,0.0000,0,1,13762560,4096,1,1,0
176,176_baseline_phase_change_run19,baseline,phase_change,1778426235.2743762,/big.txt,13762560,131072,sequential,1.0000,0.0000,0,1,13893632,4096,1,1,0
176,176_baseline_phase_change_run19,baseline,phase_change,1778426235.2757006,/big.txt,13893632,131072,sequential,1.0000,0.0000,0,1,14024704,4096,1,1,0
176,176_baseline_phase_change_run19,baseline,phase_change,1778426235.2769725,/big.txt,14024704,131072,sequential,1.0000,0.0000,0,1,14155776,4096,1,1,0
176,176_baseline_phase_change_run19,baseline,phase_change,1778426235.278241,/big.txt,14155776,131072,sequential,1.0000,0.0000,0,1,14286848,4096,1,1,0
176,176_baseline_phase_change_run19,baseline,phase_change,1778426235.2795422,/big.txt,14286848,131072,sequential,1.0000,0.0000,0,1,14417920,4096,1,1,0
176,176_baseline_phase_change_run19,baseline,phase_change,1778426235.2808156,/big.txt,14417920,131072,sequential,1.0000,0.0000,0,1,14548992,4096,1,1,0
176,176_baseline_phase_change_run19,baseline,phase_change,1778426235.2820847,/big.txt,14548992,131072,sequential,1.0000,0.0000,0,1,14680064,4096,1,1,0
176,176_baseline_phase_change_run19,baseline,phase_change,1778426235.283396,/big.txt,14680064,131072,sequential,1.0000,0.0000,0,1,14811136,4096,1,1,0
176,176_baseline_phase_change_run19,baseline,phase_change,1778426235.2846663,/big.txt,14811136,131072,sequential,1.0000,0.0000,0,1,14942208,4096,1,1,0
176,176_baseline_phase_change_run19,baseline,phase_change,1778426235.2859325,/big.txt,14942208,131072,sequential,1.0000,0.0000,0,1,15073280,4096,1,1,0
176,176_baseline_phase_change_run19,baseline,phase_change,1778426235.2873178,/big.txt,15073280,131072,sequential,1.0000,0.0000,0,1,15204352,4096,1,1,0
176,176_baseline_phase_change_run19,baseline,phase_change,1778426235.2886028,/big.txt,15204352,131072,sequential,1.0000,0.0000,0,1,15335424,4096,1,1,0
176,176_baseline_phase_change_run19,baseline,phase_change,1778426235.2898695,/big.txt,15335424,131072,sequential,1.0000,0.0000,0,1,15466496,4096,1,1,0
176,176_baseline_phase_change_run19,baseline,phase_change,1778426235.2911735,/big.txt,15466496,131072,sequential,1.0000,0.0000,0,1,15597568,4096,1,1,0
176,176_baseline_phase_change_run19,baseline,phase_change,1778426235.292427,/big.txt,15597568,131072,sequential,1.0000,0.0000,0,1,15728640,4096,1,1,0
176,176_baseline_phase_change_run19,baseline,phase_change,1778426235.2936926,/big.txt,15728640,131072,sequential,1.0000,0.0000,0,1,15859712,4096,1,1,0
176,176_baseline_phase_change_run19,baseline,phase_change,1778426235.2949982,/big.txt,15859712,131072,sequential,1.0000,0.0000,0,1,15990784,4096,1,1,0
176,176_baseline_phase_change_run19,baseline,phase_change,1778426235.2962742,/big.txt,15990784,131072,sequential,1.0000,0.0000,0,1,16121856,4096,1,1,0
176,176_baseline_phase_change_run19,baseline,phase_change,1778426235.29754,/big.txt,16121856,131072,sequential,1.0000,0.0000,0,1,16252928,4096,1,1,0
176,176_baseline_phase_change_run19,baseline,phase_change,1778426235.2988408,/big.txt,16252928,131072,sequential,1.0000,0.0000,0,1,16384000,4096,1,1,0
176,176_baseline_phase_change_run19,baseline,phase_change,1778426235.3001075,/big.txt,16384000,131072,sequential,1.0000,0.0000,0,1,16515072,4096,1,1,0
176,176_baseline_phase_change_run19,baseline,phase_change,1778426235.3013866,/big.txt,16515072,131072,sequential,1.0000,0.0000,0,1,16646144,4096,1,1,0
176,176_baseline_phase_change_run19,baseline,phase_change,1778426235.302659,/big.txt,16646144,131072,sequential,1.0000,0.0000,0,1,16777216,4096,1,1,0
176,176_baseline_phase_change_run19,baseline,phase_change,1778426235.3039627,/big.txt,16777216,131072,sequential,1.0000,0.0000,0,1,16908288,4096,1,1,0
176,176_baseline_phase_change_run19,baseline,phase_change,1778426235.3052306,/big.txt,16908288,131072,sequential,1.0000,0.0000,0,1,17039360,4096,1,1,0
176,176_baseline_phase_change_run19,baseline,phase_change,1778426235.3064945,/big.txt,17039360,131072,sequential,1.0000,0.0000,0,1,17170432,4096,1,1,0
176,176_baseline_phase_change_run19,baseline,phase_change,1778426235.3077996,/big.txt,17170432,131072,sequential,1.0000,0.0000,0,1,17301504,4096,1,1,0
176,176_baseline_phase_change_run19,baseline,phase_change,1778426235.3090787,/big.txt,17301504,131072,sequential,1.0000,0.0000,0,1,17432576,4096,1,1,0
176,176_baseline_phase_change_run19,baseline,phase_change,1778426235.3103411,/big.txt,17432576,131072,sequential,1.0000,0.0000,0,1,17563648,4096,1,1,0
176,176_baseline_phase_change_run19,baseline,phase_change,1778426235.3116815,/big.txt,17563648,131072,sequential,1.0000,0.0000,0,1,17694720,4096,1,1,0
176,176_baseline_phase_change_run19,baseline,phase_change,1778426235.3130097,/big.txt,17694720,131072,sequential,1.0000,0.0000,0,1,17825792,4096,1,1,0
176,176_baseline_phase_change_run19,baseline,phase_change,1778426235.31428,/big.txt,17825792,131072,sequential,1.0000,0.0000,0,1,17956864,4096,1,1,0
176,176_baseline_phase_change_run19,baseline,phase_change,1778426235.3155875,/big.txt,17956864,131072,sequential,1.0000,0.0000,0,1,18087936,4096,1,1,0
176,176_baseline_phase_change_run19,baseline,phase_change,1778426235.3168705,/big.txt,18087936,131072,sequential,1.0000,0.0000,0,1,18219008,4096,1,1,0
176,176_baseline_phase_change_run19,baseline,phase_change,1778426235.3181255,/big.txt,18219008,131072,sequential,1.0000,0.0000,0,1,18350080,4096,1,1,0
176,176_baseline_phase_change_run19,baseline,phase_change,1778426235.3194294,/big.txt,18350080,131072,sequential,1.0000,0.0000,0,1,18481152,4096,1,1,0
176,176_baseline_phase_change_run19,baseline,phase_change,1778426235.3206918,/big.txt,18481152,131072,sequential,1.0000,0.0000,0,1,18612224,4096,1,1,0
176,176_baseline_phase_change_run19,baseline,phase_change,1778426235.3219593,/big.txt,18612224,131072,sequential,1.0000,0.0000,0,1,18743296,4096,1,1,0
176,176_baseline_phase_change_run19,baseline,phase_change,1778426235.3233838,/big.txt,18743296,131072,sequential,1.0000,0.0000,0,1,18874368,4096,1,1,0
176,176_baseline_phase_change_run19,baseline,phase_change,1778426235.3246684,/big.txt,18874368,131072,sequential,1.0000,0.0000,0,1,19005440,4096,1,1,0
176,176_baseline_phase_change_run19,baseline,phase_change,1778426235.3259385,/big.txt,19005440,131072,sequential,1.0000,0.0000,0,1,19136512,4096,1,1,0
176,176_baseline_phase_change_run19,baseline,phase_change,1778426235.3272552,/big.txt,19136512,131072,sequential,1.0000,0.0000,0,1,19267584,4096,1,1,0
176,176_baseline_phase_change_run19,baseline,phase_change,1778426235.3285263,/big.txt,19267584,131072,sequential,1.0000,0.0000,0,1,19398656,4096,1,1,0
176,176_baseline_phase_change_run19,baseline,phase_change,1778426235.3298068,/big.txt,19398656,131072,sequential,1.0000,0.0000,0,1,19529728,4096,1,1,0
176,176_baseline_phase_change_run19,baseline,phase_change,1778426235.3312528,/big.txt,19529728,131072,sequential,1.0000,0.0000,0,1,19660800,4096,1,1,0
176,176_baseline_phase_change_run19,baseline,phase_change,1778426235.3325448,/big.txt,19660800,131072,sequential,1.0000,0.0000,0,1,19791872,4096,1,1,0
176,176_baseline_phase_change_run19,baseline,phase_change,1778426235.333833,/big.txt,19791872,131072,sequential,1.0000,0.0000,0,1,19922944,4096,1,1,0
176,176_baseline_phase_change_run19,baseline,phase_change,1778426235.3351395,/big.txt,19922944,131072,sequential,1.0000,0.0000,0,1,20054016,4096,1,1,0
176,176_baseline_phase_change_run19,baseline,phase_change,1778426235.3364096,/big.txt,20054016,131072,sequential,1.0000,0.0000,0,1,20185088,4096,1,1,0
176,176_baseline_phase_change_run19,baseline,phase_change,1778426235.33768,/big.txt,20185088,131072,sequential,1.0000,0.0000,0,1,20316160,4096,1,1,0
176,176_baseline_phase_change_run19,baseline,phase_change,1778426235.3391004,/big.txt,20316160,131072,sequential,1.0000,0.0000,0,1,20447232,4096,1,1,0
176,176_baseline_phase_change_run19,baseline,phase_change,1778426235.3404133,/big.txt,20447232,131072,sequential,1.0000,0.0000,0,1,20578304,4096,1,1,0
176,176_baseline_phase_change_run19,baseline,phase_change,1778426235.3421116,/big.txt,20578304,131072,sequential,1.0000,0.0000,0,1,20709376,4096,1,1,0
176,176_baseline_phase_change_run19,baseline,phase_change,1778426235.3434305,/big.txt,20709376,131072,sequential,1.0000,0.0000,0,1,20840448,4096,1,1,0
176,176_baseline_phase_change_run19,baseline,phase_change,1778426235.3447013,/big.txt,20840448,131072,sequential,1.0000,0.0000,0,1,20971520,4096,1,1,0
176,176_baseline_phase_change_run19,baseline,phase_change,1778426235.345971,/big.txt,20971520,131072,sequential,1.0000,0.0000,0,1,21102592,4096,1,1,0
176,176_baseline_phase_change_run19,baseline,phase_change,1778426235.3473353,/big.txt,21102592,131072,sequential,1.0000,0.0000,0,1,21233664,4096,1,1,0
176,176_baseline_phase_change_run19,baseline,phase_change,1778426235.3486176,/big.txt,21233664,131072,sequential,1.0000,0.0000,0,1,21364736,4096,1,1,0
176,176_baseline_phase_change_run19,baseline,phase_change,1778426235.3498802,/big.txt,21364736,131072,sequential,1.0000,0.0000,0,1,21495808,4096,1,1,0
176,176_baseline_phase_change_run19,baseline,phase_change,1778426235.3511813,/big.txt,21495808,131072,sequential,1.0000,0.0000,0,1,21626880,4096,1,1,0
176,176_baseline_phase_change_run19,baseline,phase_change,1778426235.3524547,/big.txt,21626880,131072,sequential,1.0000,0.0000,0,1,21757952,4096,1,1,0
176,176_baseline_phase_change_run19,baseline,phase_change,1778426235.3537128,/big.txt,21757952,131072,sequential,1.0000,0.0000,0,1,21889024,4096,1,1,0
176,176_baseline_phase_change_run19,baseline,phase_change,1778426235.3550766,/big.txt,21889024,131072,sequential,1.0000,0.0000,0,1,22020096,4096,1,1,0
176,176_baseline_phase_change_run19,baseline,phase_change,1778426235.3563397,/big.txt,22020096,131072,sequential,1.0000,0.0000,0,1,22151168,4096,1,1,0
176,176_baseline_phase_change_run19,baseline,phase_change,1778426235.3576095,/big.txt,22151168,131072,sequential,1.0000,0.0000,0,1,22282240,4096,1,1,0
176,176_baseline_phase_change_run19,baseline,phase_change,1778426235.3589113,/big.txt,22282240,131072,sequential,1.0000,0.0000,0,1,22413312,4096,1,1,0
176,176_baseline_phase_change_run19,baseline,phase_change,1778426235.3601835,/big.txt,22413312,131072,sequential,1.0000,0.0000,0,1,22544384,4096,1,1,0
176,176_baseline_phase_change_run19,baseline,phase_change,1778426235.3614495,/big.txt,22544384,131072,sequential,1.0000,0.0000,0,1,22675456,4096,1,1,0
176,176_baseline_phase_change_run19,baseline,phase_change,1778426235.3627133,/big.txt,22675456,131072,sequential,1.0000,0.0000,0,1,22806528,4096,1,1,0
176,176_baseline_phase_change_run19,baseline,phase_change,1778426235.3640466,/big.txt,22806528,131072,sequential,1.0000,0.0000,0,1,22937600,4096,1,1,0
176,176_baseline_phase_change_run19,baseline,phase_change,1778426235.3653271,/big.txt,22937600,131072,sequential,1.0000,0.0000,0,1,23068672,4096,1,1,0
176,176_baseline_phase_change_run19,baseline,phase_change,1778426235.3665953,/big.txt,23068672,131072,sequential,1.0000,0.0000,0,1,23199744,4096,1,1,0
176,176_baseline_phase_change_run19,baseline,phase_change,1778426235.3678873,/big.txt,23199744,131072,sequential,1.0000,0.0000,0,1,23330816,4096,1,1,0
176,176_baseline_phase_change_run19,baseline,phase_change,1778426235.3691525,/big.txt,23330816,131072,sequential,1.0000,0.0000,0,1,23461888,4096,1,1,0
176,176_baseline_phase_change_run19,baseline,phase_change,1778426235.3704293,/big.txt,23461888,131072,sequential,1.0000,0.0000,0,1,23592960,4096,1,1,0
176,176_baseline_phase_change_run19,baseline,phase_change,1778426235.371728,/big.txt,23592960,131072,sequential,1.0000,0.0000,0,1,23724032,4096,1,1,0
176,176_baseline_phase_change_run19,baseline,phase_change,1778426235.3729968,/big.txt,23724032,131072,sequential,1.0000,0.0000,0,1,23855104,4096,1,1,0
176,176_baseline_phase_change_run19,baseline,phase_change,1778426235.374269,/big.txt,23855104,131072,sequential,1.0000,0.0000,0,1,23986176,4096,1,1,0
176,176_baseline_phase_change_run19,baseline,phase_change,1778426235.3755867,/big.txt,23986176,131072,sequential,1.0000,0.0000,0,1,24117248,4096,1,1,0
176,176_baseline_phase_change_run19,baseline,phase_change,1778426235.3768585,/big.txt,24117248,131072,sequential,1.0000,0.0000,0,1,24248320,4096,1,1,0
176,176_baseline_phase_change_run19,baseline,phase_change,1778426235.3781307,/big.txt,24248320,131072,sequential,1.0000,0.0000,0,1,24379392,4096,1,1,0
176,176_baseline_phase_change_run19,baseline,phase_change,1778426235.3794522,/big.txt,24379392,131072,sequential,1.0000,0.0000,0,1,24510464,4096,1,1,0
176,176_baseline_phase_change_run19,baseline,phase_change,1778426235.3807182,/big.txt,24510464,131072,sequential,1.0000,0.0000,0,1,24641536,4096,1,1,0
176,176_baseline_phase_change_run19,baseline,phase_change,1778426235.381985,/big.txt,24641536,131072,sequential,1.0000,0.0000,0,1,24772608,4096,1,1,0
176,176_baseline_phase_change_run19,baseline,phase_change,1778426235.3832774,/big.txt,24772608,131072,sequential,1.0000,0.0000,0,1,24903680,4096,1,1,0
176,176_baseline_phase_change_run19,baseline,phase_change,1778426235.3845387,/big.txt,24903680,131072,sequential,1.0000,0.0000,0,1,25034752,4096,1,1,0
176,176_baseline_phase_change_run19,baseline,phase_change,1778426235.3858123,/big.txt,25034752,131072,sequential,1.0000,0.0000,0,1,25165824,4096,1,1,0
176,176_baseline_phase_change_run19,baseline,phase_change,1778426235.3871922,/big.txt,25165824,131072,sequential,1.0000,0.0000,0,1,25296896,4096,1,1,0
176,176_baseline_phase_change_run19,baseline,phase_change,1778426235.3884685,/big.txt,25296896,131072,sequential,1.0000,0.0000,0,1,25427968,4096,1,1,0
176,176_baseline_phase_change_run19,baseline,phase_change,1778426235.3897479,/big.txt,25427968,131072,sequential,1.0000,0.0000,0,1,25559040,4096,1,1,0
176,176_baseline_phase_change_run19,baseline,phase_change,1778426235.3910546,/big.txt,25559040,131072,sequential,1.0000,0.0000,0,1,25690112,4096,1,1,0
176,176_baseline_phase_change_run19,baseline,phase_change,1778426235.3923306,/big.txt,25690112,131072,sequential,1.0000,0.0000,0,1,25821184,4096,1,1,0
176,176_baseline_phase_change_run19,baseline,phase_change,1778426235.3935995,/big.txt,25821184,131072,sequential,1.0000,0.0000,0,1,25952256,4096,1,1,0
176,176_baseline_phase_change_run19,baseline,phase_change,1778426235.3949811,/big.txt,25952256,131072,sequential,1.0000,0.0000,0,1,26083328,4096,1,1,0
176,176_baseline_phase_change_run19,baseline,phase_change,1778426235.3962555,/big.txt,26083328,131072,sequential,1.0000,0.0000,0,1,26214400,4096,1,1,0
176,176_baseline_phase_change_run19,baseline,phase_change,1778426235.3975525,/big.txt,26214400,131072,sequential,1.0000,0.0000,0,1,26345472,4096,1,1,0
176,176_baseline_phase_change_run19,baseline,phase_change,1778426235.3988535,/big.txt,26345472,131072,sequential,1.0000,0.0000,0,1,26476544,4096,1,1,0
176,176_baseline_phase_change_run19,baseline,phase_change,1778426235.4001296,/big.txt,26476544,131072,sequential,1.0000,0.0000,0,1,26607616,4096,1,1,0
176,176_baseline_phase_change_run19,baseline,phase_change,1778426235.4013963,/big.txt,26607616,131072,sequential,1.0000,0.0000,0,1,26738688,4096,1,1,0
176,176_baseline_phase_change_run19,baseline,phase_change,1778426235.4026709,/big.txt,26738688,131072,sequential,1.0000,0.0000,0,1,26869760,4096,1,1,0
176,176_baseline_phase_change_run19,baseline,phase_change,1778426235.4039533,/big.txt,26869760,131072,sequential,1.0000,0.0000,0,1,27000832,4096,1,1,0
176,176_baseline_phase_change_run19,baseline,phase_change,1778426235.4052236,/big.txt,27000832,131072,sequential,1.0000,0.0000,0,1,27131904,4096,1,1,0
176,176_baseline_phase_change_run19,baseline,phase_change,1778426235.4064925,/big.txt,27131904,131072,sequential,1.0000,0.0000,0,1,27262976,4096,1,1,0
176,176_baseline_phase_change_run19,baseline,phase_change,1778426235.407819,/big.txt,27262976,131072,sequential,1.0000,0.0000,0,1,27394048,4096,1,1,0
176,176_baseline_phase_change_run19,baseline,phase_change,1778426235.4090846,/big.txt,27394048,131072,sequential,1.0000,0.0000,0,1,27525120,4096,1,1,0
176,176_baseline_phase_change_run19,baseline,phase_change,1778426235.410357,/big.txt,27525120,131072,sequential,1.0000,0.0000,0,1,27656192,4096,1,1,0
176,176_baseline_phase_change_run19,baseline,phase_change,1778426235.4116733,/big.txt,27656192,131072,sequential,1.0000,0.0000,0,1,27787264,4096,1,1,0
176,176_baseline_phase_change_run19,baseline,phase_change,1778426235.4129853,/big.txt,27787264,131072,sequential,1.0000,0.0000,0,1,27918336,4096,1,1,0
176,176_baseline_phase_change_run19,baseline,phase_change,1778426235.4142656,/big.txt,27918336,131072,sequential,1.0000,0.0000,0,1,28049408,4096,1,1,0
176,176_baseline_phase_change_run19,baseline,phase_change,1778426235.4155996,/big.txt,28049408,131072,sequential,1.0000,0.0000,0,1,28180480,4096,1,1,0
176,176_baseline_phase_change_run19,baseline,phase_change,1778426235.4168658,/big.txt,28180480,131072,sequential,1.0000,0.0000,0,1,28311552,4096,1,1,0
176,176_baseline_phase_change_run19,baseline,phase_change,1778426235.4181328,/big.txt,28311552,131072,sequential,1.0000,0.0000,0,1,28442624,4096,1,1,0
176,176_baseline_phase_change_run19,baseline,phase_change,1778426235.4194345,/big.txt,28442624,131072,sequential,1.0000,0.0000,0,1,28573696,4096,1,1,0
176,176_baseline_phase_change_run19,baseline,phase_change,1778426235.4207065,/big.txt,28573696,131072,sequential,1.0000,0.0000,0,1,28704768,4096,1,1,0
176,176_baseline_phase_change_run19,baseline,phase_change,1778426235.4219708,/big.txt,28704768,131072,sequential,1.0000,0.0000,0,1,28835840,4096,1,1,0
176,176_baseline_phase_change_run19,baseline,phase_change,1778426235.4233499,/big.txt,28835840,131072,sequential,1.0000,0.0000,0,1,28966912,4096,1,1,0
176,176_baseline_phase_change_run19,baseline,phase_change,1778426235.4246256,/big.txt,28966912,131072,sequential,1.0000,0.0000,0,1,29097984,4096,1,1,0
176,176_baseline_phase_change_run19,baseline,phase_change,1778426235.4258983,/big.txt,29097984,131072,sequential,1.0000,0.0000,0,1,29229056,4096,1,1,0
176,176_baseline_phase_change_run19,baseline,phase_change,1778426235.4272027,/big.txt,29229056,131072,sequential,1.0000,0.0000,0,1,29360128,4096,1,1,0
176,176_baseline_phase_change_run19,baseline,phase_change,1778426235.428481,/big.txt,29360128,131072,sequential,1.0000,0.0000,0,1,29491200,4096,1,1,0
176,176_baseline_phase_change_run19,baseline,phase_change,1778426235.429743,/big.txt,29491200,131072,sequential,1.0000,0.0000,0,1,29622272,4096,1,1,0
176,176_baseline_phase_change_run19,baseline,phase_change,1778426235.4311268,/big.txt,29622272,131072,sequential,1.0000,0.0000,0,1,29753344,4096,1,1,0
176,176_baseline_phase_change_run19,baseline,phase_change,1778426235.432405,/big.txt,29753344,131072,sequential,1.0000,0.0000,0,1,29884416,4096,1,1,0
176,176_baseline_phase_change_run19,baseline,phase_change,1778426235.4336689,/big.txt,29884416,131072,sequential,1.0000,0.0000,0,1,30015488,4096,1,1,0
176,176_baseline_phase_change_run19,baseline,phase_change,1778426235.4350266,/big.txt,30015488,131072,sequential,1.0000,0.0000,0,1,30146560,4096,1,1,0
176,176_baseline_phase_change_run19,baseline,phase_change,1778426235.4363754,/big.txt,30146560,131072,sequential,1.0000,0.0000,0,1,30277632,4096,1,1,0
176,176_baseline_phase_change_run19,baseline,phase_change,1778426235.4377348,/big.txt,30277632,131072,sequential,1.0000,0.0000,0,1,30408704,4096,1,1,0
176,176_baseline_phase_change_run19,baseline,phase_change,1778426235.4391155,/big.txt,30408704,131072,sequential,1.0000,0.0000,0,1,30539776,4096,1,1,0
176,176_baseline_phase_change_run19,baseline,phase_change,1778426235.4404874,/big.txt,30539776,131072,sequential,1.0000,0.0000,0,1,30670848,4096,1,1,0
176,176_baseline_phase_change_run19,baseline,phase_change,1778426235.4418404,/big.txt,30670848,131072,sequential,1.0000,0.0000,0,1,30801920,4096,1,1,0
176,176_baseline_phase_change_run19,baseline,phase_change,1778426235.443221,/big.txt,30801920,131072,sequential,1.0000,0.0000,0,1,30932992,4096,1,1,0
176,176_baseline_phase_change_run19,baseline,phase_change,1778426235.4445333,/big.txt,30932992,131072,sequential,1.0000,0.0000,0,1,31064064,4096,1,1,0
176,176_baseline_phase_change_run19,baseline,phase_change,1778426235.445831,/big.txt,31064064,131072,sequential,1.0000,0.0000,0,1,31195136,4096,1,1,0
176,176_baseline_phase_change_run19,baseline,phase_change,1778426235.4472086,/big.txt,31195136,131072,sequential,1.0000,0.0000,0,1,31326208,4096,1,1,0
176,176_baseline_phase_change_run19,baseline,phase_change,1778426235.4484963,/big.txt,31326208,131072,sequential,1.0000,0.0000,0,1,31457280,4096,1,1,0
176,176_baseline_phase_change_run19,baseline,phase_change,1778426235.4497762,/big.txt,31457280,131072,sequential,1.0000,0.0000,0,1,31588352,4096,1,1,0
176,176_baseline_phase_change_run19,baseline,phase_change,1778426235.4511483,/big.txt,31588352,131072,sequential,1.0000,0.0000,0,1,31719424,4096,1,1,0
176,176_baseline_phase_change_run19,baseline,phase_change,1778426235.4524467,/big.txt,31719424,131072,sequential,1.0000,0.0000,0,1,31850496,4096,1,1,0
176,176_baseline_phase_change_run19,baseline,phase_change,1778426235.4537377,/big.txt,31850496,131072,sequential,1.0000,0.0000,0,1,31981568,4096,1,1,0
176,176_baseline_phase_change_run19,baseline,phase_change,1778426235.455084,/big.txt,31981568,131072,sequential,1.0000,0.0000,0,1,32112640,4096,1,1,0
176,176_baseline_phase_change_run19,baseline,phase_change,1778426235.4563513,/big.txt,32112640,131072,sequential,1.0000,0.0000,0,1,32243712,4096,1,1,0
176,176_baseline_phase_change_run19,baseline,phase_change,1778426235.4576206,/big.txt,32243712,131072,sequential,1.0000,0.0000,0,1,32374784,4096,1,1,0
176,176_baseline_phase_change_run19,baseline,phase_change,1778426235.4589086,/big.txt,32374784,131072,sequential,1.0000,0.0000,0,1,32505856,4096,1,1,0
176,176_baseline_phase_change_run19,baseline,phase_change,1778426235.4601872,/big.txt,32505856,131072,sequential,1.0000,0.0000,0,1,32636928,4096,1,1,0
176,176_baseline_phase_change_run19,baseline,phase_change,1778426235.4614558,/big.txt,32636928,131072,sequential,1.0000,0.0000,0,1,32768000,4096,1,1,0
176,176_baseline_phase_change_run19,baseline,phase_change,1778426235.4626968,/big.txt,32768000,131072,sequential,1.0000,0.0000,0,1,32899072,4096,1,1,0
176,176_baseline_phase_change_run19,baseline,phase_change,1778426235.463995,/big.txt,32899072,131072,sequential,1.0000,0.0000,0,1,33030144,4096,1,1,0
176,176_baseline_phase_change_run19,baseline,phase_change,1778426235.4652636,/big.txt,33030144,131072,sequential,1.0000,0.0000,0,1,33161216,4096,1,1,0
176,176_baseline_phase_change_run19,baseline,phase_change,1778426235.4665055,/big.txt,33161216,131072,sequential,1.0000,0.0000,0,1,33292288,4096,1,1,0
176,176_baseline_phase_change_run19,baseline,phase_change,1778426235.4678135,/big.txt,33292288,131072,sequential,1.0000,0.0000,0,1,33423360,4096,1,1,0
176,176_baseline_phase_change_run19,baseline,phase_change,1778426235.4690886,/big.txt,33423360,131072,sequential,1.0000,0.0000,0,1,33554432,4096,1,1,0
176,176_baseline_phase_change_run19,baseline,phase_change,1778426235.4703429,/big.txt,33554432,131072,sequential,1.0000,0.0000,0,1,33685504,4096,1,1,0
176,176_baseline_phase_change_run19,baseline,phase_change,1778426235.4716938,/big.txt,33685504,131072,sequential,1.0000,0.0000,0,1,33816576,4096,1,1,0
176,176_baseline_phase_change_run19,baseline,phase_change,1778426235.4730048,/big.txt,33816576,131072,sequential,1.0000,0.0000,0,1,33947648,4096,1,1,0
176,176_baseline_phase_change_run19,baseline,phase_change,1778426235.4742684,/big.txt,33947648,131072,sequential,1.0000,0.0000,0,1,34078720,4096,1,1,0
176,176_baseline_phase_change_run19,baseline,phase_change,1778426235.4755917,/big.txt,34078720,131072,sequential,1.0000,0.0000,0,1,34209792,4096,1,1,0
176,176_baseline_phase_change_run19,baseline,phase_change,1778426235.4768684,/big.txt,34209792,131072,sequential,1.0000,0.0000,0,1,34340864,4096,1,1,0
176,176_baseline_phase_change_run19,baseline,phase_change,1778426235.478132,/big.txt,34340864,131072,sequential,1.0000,0.0000,0,1,34471936,4096,1,1,0
176,176_baseline_phase_change_run19,baseline,phase_change,1778426235.4794433,/big.txt,34471936,131072,sequential,1.0000,0.0000,0,1,34603008,4096,1,1,0
176,176_baseline_phase_change_run19,baseline,phase_change,1778426235.480722,/big.txt,34603008,131072,sequential,1.0000,0.0000,0,1,34734080,4096,1,1,0
176,176_baseline_phase_change_run19,baseline,phase_change,1778426235.481999,/big.txt,34734080,131072,sequential,1.0000,0.0000,0,1,34865152,4096,1,1,0
176,176_baseline_phase_change_run19,baseline,phase_change,1778426235.483361,/big.txt,34865152,131072,sequential,1.0000,0.0000,0,1,34996224,4096,1,1,0
176,176_baseline_phase_change_run19,baseline,phase_change,1778426235.4846356,/big.txt,34996224,131072,sequential,1.0000,0.0000,0,1,35127296,4096,1,1,0
176,176_baseline_phase_change_run19,baseline,phase_change,1778426235.4859104,/big.txt,35127296,131072,sequential,1.0000,0.0000,0,1,35258368,4096,1,1,0
176,176_baseline_phase_change_run19,baseline,phase_change,1778426235.4872215,/big.txt,35258368,131072,sequential,1.0000,0.0000,0,1,35389440,4096,1,1,0
176,176_baseline_phase_change_run19,baseline,phase_change,1778426235.4884899,/big.txt,35389440,131072,sequential,1.0000,0.0000,0,1,35520512,4096,1,1,0
176,176_baseline_phase_change_run19,baseline,phase_change,1778426235.489759,/big.txt,35520512,131072,sequential,1.0000,0.0000,0,1,35651584,4096,1,1,0
176,176_baseline_phase_change_run19,baseline,phase_change,1778426235.4911218,/big.txt,35651584,131072,sequential,1.0000,0.0000,0,1,35782656,4096,1,1,0
176,176_baseline_phase_change_run19,baseline,phase_change,1778426235.4923818,/big.txt,35782656,131072,sequential,1.0000,0.0000,0,1,35913728,4096,1,1,0
176,176_baseline_phase_change_run19,baseline,phase_change,1778426235.4936545,/big.txt,35913728,131072,sequential,1.0000,0.0000,0,1,36044800,4096,1,1,0
176,176_baseline_phase_change_run19,baseline,phase_change,1778426235.4949458,/big.txt,36044800,131072,sequential,1.0000,0.0000,0,1,36175872,4096,1,1,0
176,176_baseline_phase_change_run19,baseline,phase_change,1778426235.4962313,/big.txt,36175872,131072,sequential,1.0000,0.0000,0,1,36306944,4096,1,1,0
176,176_baseline_phase_change_run19,baseline,phase_change,1778426235.4975045,/big.txt,36306944,131072,sequential,1.0000,0.0000,0,1,36438016,4096,1,1,0
176,176_baseline_phase_change_run19,baseline,phase_change,1778426235.4987543,/big.txt,36438016,131072,sequential,1.0000,0.0000,0,1,36569088,4096,1,1,0
176,176_baseline_phase_change_run19,baseline,phase_change,1778426235.5001037,/big.txt,36569088,131072,sequential,1.0000,0.0000,0,1,36700160,4096,1,1,0
176,176_baseline_phase_change_run19,baseline,phase_change,1778426235.5013876,/big.txt,36700160,131072,sequential,1.0000,0.0000,0,1,36831232,4096,1,1,0
176,176_baseline_phase_change_run19,baseline,phase_change,1778426235.5026624,/big.txt,36831232,131072,sequential,1.0000,0.0000,0,1,36962304,4096,1,1,0
176,176_baseline_phase_change_run19,baseline,phase_change,1778426235.5039392,/big.txt,36962304,131072,sequential,1.0000,0.0000,0,1,37093376,4096,1,1,0
176,176_baseline_phase_change_run19,baseline,phase_change,1778426235.5052102,/big.txt,37093376,131072,sequential,1.0000,0.0000,0,1,37224448,4096,1,1,0
176,176_baseline_phase_change_run19,baseline,phase_change,1778426235.5064776,/big.txt,37224448,131072,sequential,1.0000,0.0000,0,1,37355520,4096,1,1,0
176,176_baseline_phase_change_run19,baseline,phase_change,1778426235.507795,/big.txt,37355520,131072,sequential,1.0000,0.0000,0,1,37486592,4096,1,1,0
176,176_baseline_phase_change_run19,baseline,phase_change,1778426235.5090654,/big.txt,37486592,131072,sequential,1.0000,0.0000,0,1,37617664,4096,1,1,0
176,176_baseline_phase_change_run19,baseline,phase_change,1778426235.5103428,/big.txt,37617664,131072,sequential,1.0000,0.0000,0,1,37748736,4096,1,1,0
176,176_baseline_phase_change_run19,baseline,phase_change,1778426235.5116518,/big.txt,37748736,131072,sequential,1.0000,0.0000,0,1,37879808,4096,1,1,0
176,176_baseline_phase_change_run19,baseline,phase_change,1778426235.5129347,/big.txt,37879808,131072,sequential,1.0000,0.0000,0,1,38010880,4096,1,1,0
176,176_baseline_phase_change_run19,baseline,phase_change,1778426235.5142093,/big.txt,38010880,131072,sequential,1.0000,0.0000,0,1,38141952,4096,1,1,0
176,176_baseline_phase_change_run19,baseline,phase_change,1778426235.5155299,/big.txt,38141952,131072,sequential,1.0000,0.0000,0,1,38273024,4096,1,1,0
176,176_baseline_phase_change_run19,baseline,phase_change,1778426235.5168014,/big.txt,38273024,131072,sequential,1.0000,0.0000,0,1,38404096,4096,1,1,0
176,176_baseline_phase_change_run19,baseline,phase_change,1778426235.518074,/big.txt,38404096,131072,sequential,1.0000,0.0000,0,1,38535168,4096,1,1,0
176,176_baseline_phase_change_run19,baseline,phase_change,1778426235.5193899,/big.txt,38535168,131072,sequential,1.0000,0.0000,0,1,38666240,4096,1,1,0
176,176_baseline_phase_change_run19,baseline,phase_change,1778426235.5206757,/big.txt,38666240,131072,sequential,1.0000,0.0000,0,1,38797312,4096,1,1,0
176,176_baseline_phase_change_run19,baseline,phase_change,1778426235.5219445,/big.txt,38797312,131072,sequential,1.0000,0.0000,0,1,38928384,4096,1,1,0
176,176_baseline_phase_change_run19,baseline,phase_change,1778426235.523321,/big.txt,38928384,131072,sequential,1.0000,0.0000,0,1,39059456,4096,1,1,0
176,176_baseline_phase_change_run19,baseline,phase_change,1778426235.5245967,/big.txt,39059456,131072,sequential,1.0000,0.0000,0,1,39190528,4096,1,1,0
176,176_baseline_phase_change_run19,baseline,phase_change,1778426235.5258663,/big.txt,39190528,131072,sequential,1.0000,0.0000,0,1,39321600,4096,1,1,0
176,176_baseline_phase_change_run19,baseline,phase_change,1778426235.527179,/big.txt,39321600,131072,sequential,1.0000,0.0000,0,1,39452672,4096,1,1,0
176,176_baseline_phase_change_run19,baseline,phase_change,1778426235.528461,/big.txt,39452672,131072,sequential,1.0000,0.0000,0,1,39583744,4096,1,1,0
176,176_baseline_phase_change_run19,baseline,phase_change,1778426235.5297434,/big.txt,39583744,131072,sequential,1.0000,0.0000,0,1,39714816,4096,1,1,0
176,176_baseline_phase_change_run19,baseline,phase_change,1778426235.531423,/big.txt,39714816,131072,sequential,1.0000,0.0000,0,1,39845888,4096,1,1,0
176,176_baseline_phase_change_run19,baseline,phase_change,1778426235.5339186,/big.txt,39845888,131072,sequential,1.0000,0.0000,0,1,39976960,4096,1,1,0
176,176_baseline_phase_change_run19,baseline,phase_change,1778426235.5364578,/big.txt,39976960,131072,sequential,1.0000,0.0000,0,1,40108032,4096,1,1,0
176,176_baseline_phase_change_run19,baseline,phase_change,1778426235.538971,/big.txt,40108032,131072,sequential,1.0000,0.0000,0,1,40239104,4096,1,1,0
176,176_baseline_phase_change_run19,baseline,phase_change,1778426235.5414658,/big.txt,40239104,131072,sequential,1.0000,0.0000,0,1,40370176,4096,1,1,0
176,176_baseline_phase_change_run19,baseline,phase_change,1778426235.5431826,/big.txt,40370176,131072,sequential,1.0000,0.0000,0,1,40501248,4096,1,1,0
176,176_baseline_phase_change_run19,baseline,phase_change,1778426235.54445,/big.txt,40501248,131072,sequential,1.0000,0.0000,0,1,40632320,4096,1,1,0
176,176_baseline_phase_change_run19,baseline,phase_change,1778426235.5457475,/big.txt,40632320,131072,sequential,1.0000,0.0000,0,1,40763392,4096,1,1,0
176,176_baseline_phase_change_run19,baseline,phase_change,1778426235.5470343,/big.txt,40763392,131072,sequential,1.0000,0.0000,0,1,40894464,4096,1,1,0
176,176_baseline_phase_change_run19,baseline,phase_change,1778426235.5483057,/big.txt,40894464,131072,sequential,1.0000,0.0000,0,1,41025536,4096,1,1,0
176,176_baseline_phase_change_run19,baseline,phase_change,1778426235.549583,/big.txt,41025536,131072,sequential,1.0000,0.0000,0,1,41156608,4096,1,1,0
176,176_baseline_phase_change_run19,baseline,phase_change,1778426235.5508912,/big.txt,41156608,131072,sequential,1.0000,0.0000,0,1,41287680,4096,1,1,0
176,176_baseline_phase_change_run19,baseline,phase_change,1778426235.5521653,/big.txt,41287680,131072,sequential,1.0000,0.0000,0,1,41418752,4096,1,1,0
176,176_baseline_phase_change_run19,baseline,phase_change,1778426235.5534356,/big.txt,41418752,131072,sequential,1.0000,0.0000,0,1,41549824,4096,1,1,0
176,176_baseline_phase_change_run19,baseline,phase_change,1778426235.5547085,/big.txt,41549824,131072,sequential,1.0000,0.0000,0,1,41680896,4096,1,1,0
176,176_baseline_phase_change_run19,baseline,phase_change,1778426235.5559752,/big.txt,41680896,131072,sequential,1.0000,0.0000,0,1,41811968,4096,1,1,0
176,176_baseline_phase_change_run19,baseline,phase_change,1778426235.5572495,/big.txt,41811968,131072,sequential,1.0000,0.0000,0,1,41943040,4096,1,1,0
176,176_baseline_phase_change_run19,baseline,phase_change,1778426235.5585363,/big.txt,41943040,131072,sequential,1.0000,0.0000,0,1,42074112,4096,1,1,0
176,176_baseline_phase_change_run19,baseline,phase_change,1778426235.5598583,/big.txt,42074112,131072,sequential,1.0000,0.0000,0,1,42205184,4096,1,1,0
176,176_baseline_phase_change_run19,baseline,phase_change,1778426235.5611434,/big.txt,42205184,131072,sequential,1.0000,0.0000,0,1,42336256,4096,1,1,0
176,176_baseline_phase_change_run19,baseline,phase_change,1778426235.562416,/big.txt,42336256,131072,sequential,1.0000,0.0000,0,1,42467328,4096,1,1,0
176,176_baseline_phase_change_run19,baseline,phase_change,1778426235.563763,/big.txt,42467328,131072,sequential,1.0000,0.0000,0,1,42598400,4096,1,1,0
176,176_baseline_phase_change_run19,baseline,phase_change,1778426235.5650368,/big.txt,42598400,131072,sequential,1.0000,0.0000,0,1,42729472,4096,1,1,0
176,176_baseline_phase_change_run19,baseline,phase_change,1778426235.5663006,/big.txt,42729472,131072,sequential,1.0000,0.0000,0,1,42860544,4096,1,1,0
176,176_baseline_phase_change_run19,baseline,phase_change,1778426235.567652,/big.txt,42860544,131072,sequential,1.0000,0.0000,0,1,42991616,4096,1,1,0
176,176_baseline_phase_change_run19,baseline,phase_change,1778426235.5689256,/big.txt,42991616,131072,sequential,1.0000,0.0000,0,1,43122688,4096,1,1,0
176,176_baseline_phase_change_run19,baseline,phase_change,1778426235.5701957,/big.txt,43122688,131072,sequential,1.0000,0.0000,0,1,43253760,4096,1,1,0
176,176_baseline_phase_change_run19,baseline,phase_change,1778426235.5715184,/big.txt,43253760,131072,sequential,1.0000,0.0000,0,1,43384832,4096,1,1,0
176,176_baseline_phase_change_run19,baseline,phase_change,1778426235.572786,/big.txt,43384832,131072,sequential,1.0000,0.0000,0,1,43515904,4096,1,1,0
176,176_baseline_phase_change_run19,baseline,phase_change,1778426235.5740602,/big.txt,43515904,131072,sequential,1.0000,0.0000,0,1,43646976,4096,1,1,0
176,176_baseline_phase_change_run19,baseline,phase_change,1778426235.5753665,/big.txt,43646976,131072,sequential,1.0000,0.0000,0,1,43778048,4096,1,1,0
176,176_baseline_phase_change_run19,baseline,phase_change,1778426235.5766442,/big.txt,43778048,131072,sequential,1.0000,0.0000,0,1,43909120,4096,1,1,0
176,176_baseline_phase_change_run19,baseline,phase_change,1778426235.5779235,/big.txt,43909120,131072,sequential,1.0000,0.0000,0,1,44040192,4096,1,1,0
176,176_baseline_phase_change_run19,baseline,phase_change,1778426235.5792274,/big.txt,44040192,131072,sequential,1.0000,0.0000,0,1,44171264,4096,1,1,0
176,176_baseline_phase_change_run19,baseline,phase_change,1778426235.5805018,/big.txt,44171264,131072,sequential,1.0000,0.0000,0,1,44302336,4096,1,1,0
176,176_baseline_phase_change_run19,baseline,phase_change,1778426235.5817776,/big.txt,44302336,131072,sequential,1.0000,0.0000,0,1,44433408,4096,1,1,0
176,176_baseline_phase_change_run19,baseline,phase_change,1778426235.5830753,/big.txt,44433408,131072,sequential,1.0000,0.0000,0,1,44564480,4096,1,1,0
176,176_baseline_phase_change_run19,baseline,phase_change,1778426235.584337,/big.txt,44564480,131072,sequential,1.0000,0.0000,0,1,44695552,4096,1,1,0
176,176_baseline_phase_change_run19,baseline,phase_change,1778426235.5856078,/big.txt,44695552,131072,sequential,1.0000,0.0000,0,1,44826624,4096,1,1,0
176,176_baseline_phase_change_run19,baseline,phase_change,1778426235.586997,/big.txt,44826624,131072,sequential,1.0000,0.0000,0,1,44957696,4096,1,1,0
176,176_baseline_phase_change_run19,baseline,phase_change,1778426235.5882792,/big.txt,44957696,131072,sequential,1.0000,0.0000,0,1,45088768,4096,1,1,0
176,176_baseline_phase_change_run19,baseline,phase_change,1778426235.589552,/big.txt,45088768,131072,sequential,1.0000,0.0000,0,1,45219840,4096,1,1,0
176,176_baseline_phase_change_run19,baseline,phase_change,1778426235.5908258,/big.txt,45219840,131072,sequential,1.0000,0.0000,0,1,45350912,4096,1,1,0
176,176_baseline_phase_change_run19,baseline,phase_change,1778426235.592115,/big.txt,45350912,131072,sequential,1.0000,0.0000,0,1,45481984,4096,1,1,0
176,176_baseline_phase_change_run19,baseline,phase_change,1778426235.5933878,/big.txt,45481984,131072,sequential,1.0000,0.0000,0,1,45613056,4096,1,1,0
176,176_baseline_phase_change_run19,baseline,phase_change,1778426235.5946536,/big.txt,45613056,131072,sequential,1.0000,0.0000,0,1,45744128,4096,1,1,0
176,176_baseline_phase_change_run19,baseline,phase_change,1778426235.596013,/big.txt,45744128,131072,sequential,1.0000,0.0000,0,1,45875200,4096,1,1,0
176,176_baseline_phase_change_run19,baseline,phase_change,1778426235.5972776,/big.txt,45875200,131072,sequential,1.0000,0.0000,0,1,46006272,4096,1,1,0
176,176_baseline_phase_change_run19,baseline,phase_change,1778426235.59853,/big.txt,46006272,131072,sequential,1.0000,0.0000,0,1,46137344,4096,1,1,0
176,176_baseline_phase_change_run19,baseline,phase_change,1778426235.599804,/big.txt,46137344,131072,sequential,1.0000,0.0000,0,1,46268416,4096,1,1,0
176,176_baseline_phase_change_run19,baseline,phase_change,1778426235.6010737,/big.txt,46268416,131072,sequential,1.0000,0.0000,0,1,46399488,4096,1,1,0
176,176_baseline_phase_change_run19,baseline,phase_change,1778426235.602333,/big.txt,46399488,131072,sequential,1.0000,0.0000,0,1,46530560,4096,1,1,0
176,176_baseline_phase_change_run19,baseline,phase_change,1778426235.603691,/big.txt,46530560,131072,sequential,1.0000,0.0000,0,1,46661632,4096,1,1,0
176,176_baseline_phase_change_run19,baseline,phase_change,1778426235.6050026,/big.txt,46661632,131072,sequential,1.0000,0.0000,0,1,46792704,4096,1,1,0
176,176_baseline_phase_change_run19,baseline,phase_change,1778426235.6062806,/big.txt,46792704,131072,sequential,1.0000,0.0000,0,1,46923776,4096,1,1,0
176,176_baseline_phase_change_run19,baseline,phase_change,1778426235.6075897,/big.txt,46923776,131072,sequential,1.0000,0.0000,0,1,47054848,4096,1,1,0
176,176_baseline_phase_change_run19,baseline,phase_change,1778426235.6088576,/big.txt,47054848,131072,sequential,1.0000,0.0000,0,1,47185920,4096,1,1,0
176,176_baseline_phase_change_run19,baseline,phase_change,1778426235.6101143,/big.txt,47185920,131072,sequential,1.0000,0.0000,0,1,47316992,4096,1,1,0
176,176_baseline_phase_change_run19,baseline,phase_change,1778426235.6114395,/big.txt,47316992,131072,sequential,1.0000,0.0000,0,1,47448064,4096,1,1,0
176,176_baseline_phase_change_run19,baseline,phase_change,1778426235.6127183,/big.txt,47448064,131072,sequential,1.0000,0.0000,0,1,47579136,4096,1,1,0
176,176_baseline_phase_change_run19,baseline,phase_change,1778426235.6139953,/big.txt,47579136,131072,sequential,1.0000,0.0000,0,1,47710208,4096,1,1,0
176,176_baseline_phase_change_run19,baseline,phase_change,1778426235.6153052,/big.txt,47710208,131072,sequential,1.0000,0.0000,0,1,47841280,4096,1,1,0
176,176_baseline_phase_change_run19,baseline,phase_change,1778426235.6165717,/big.txt,47841280,131072,sequential,1.0000,0.0000,0,1,47972352,4096,1,1,0
176,176_baseline_phase_change_run19,baseline,phase_change,1778426235.617849,/big.txt,47972352,131072,sequential,1.0000,0.0000,0,1,48103424,4096,1,1,0
176,176_baseline_phase_change_run19,baseline,phase_change,1778426235.6192217,/big.txt,48103424,131072,sequential,1.0000,0.0000,0,1,48234496,4096,1,1,0
176,176_baseline_phase_change_run19,baseline,phase_change,1778426235.6204941,/big.txt,48234496,131072,sequential,1.0000,0.0000,0,1,48365568,4096,1,1,0
176,176_baseline_phase_change_run19,baseline,phase_change,1778426235.6217625,/big.txt,48365568,131072,sequential,1.0000,0.0000,0,1,48496640,4096,1,1,0
176,176_baseline_phase_change_run19,baseline,phase_change,1778426235.6230638,/big.txt,48496640,131072,sequential,1.0000,0.0000,0,1,48627712,4096,1,1,0
176,176_baseline_phase_change_run19,baseline,phase_change,1778426235.6243634,/big.txt,48627712,131072,sequential,1.0000,0.0000,0,1,48758784,4096,1,1,0
176,176_baseline_phase_change_run19,baseline,phase_change,1778426235.6256306,/big.txt,48758784,131072,sequential,1.0000,0.0000,0,1,48889856,4096,1,1,0
176,176_baseline_phase_change_run19,baseline,phase_change,1778426235.6269712,/big.txt,48889856,131072,sequential,1.0000,0.0000,0,1,49020928,4096,1,1,0
176,176_baseline_phase_change_run19,baseline,phase_change,1778426235.6282592,/big.txt,49020928,131072,sequential,1.0000,0.0000,0,1,49152000,4096,1,1,0
176,176_baseline_phase_change_run19,baseline,phase_change,1778426235.6295521,/big.txt,49152000,131072,sequential,1.0000,0.0000,0,1,49283072,4096,1,1,0
176,176_baseline_phase_change_run19,baseline,phase_change,1778426235.6308208,/big.txt,49283072,131072,sequential,1.0000,0.0000,0,1,49414144,4096,1,1,0
176,176_baseline_phase_change_run19,baseline,phase_change,1778426235.6321223,/big.txt,49414144,131072,sequential,1.0000,0.0000,0,1,49545216,4096,1,1,0
176,176_baseline_phase_change_run19,baseline,phase_change,1778426235.6334286,/big.txt,49545216,131072,sequential,1.0000,0.0000,0,1,49676288,4096,1,1,0
176,176_baseline_phase_change_run19,baseline,phase_change,1778426235.6346931,/big.txt,49676288,131072,sequential,1.0000,0.0000,0,1,49807360,4096,1,1,0
176,176_baseline_phase_change_run19,baseline,phase_change,1778426235.6360033,/big.txt,49807360,131072,sequential,1.0000,0.0000,0,1,49938432,4096,1,1,0
176,176_baseline_phase_change_run19,baseline,phase_change,1778426235.6372907,/big.txt,49938432,131072,sequential,1.0000,0.0000,0,1,50069504,4096,1,1,0
176,176_baseline_phase_change_run19,baseline,phase_change,1778426235.6385393,/big.txt,50069504,131072,sequential,1.0000,0.0000,0,1,50200576,4096,1,1,0
176,176_baseline_phase_change_run19,baseline,phase_change,1778426235.6398466,/big.txt,50200576,131072,sequential,1.0000,0.0000,0,1,50331648,4096,1,1,0
176,176_baseline_phase_change_run19,baseline,phase_change,1778426235.6411269,/big.txt,50331648,131072,sequential,1.0000,0.0000,0,1,50462720,4096,1,1,0
176,176_baseline_phase_change_run19,baseline,phase_change,1778426235.6423867,/big.txt,50462720,131072,sequential,1.0000,0.0000,0,1,50593792,4096,1,1,0
176,176_baseline_phase_change_run19,baseline,phase_change,1778426235.6437187,/big.txt,50593792,131072,sequential,1.0000,0.0000,0,1,50724864,4096,1,1,0
176,176_baseline_phase_change_run19,baseline,phase_change,1778426235.645029,/big.txt,50724864,131072,sequential,1.0000,0.0000,0,1,50855936,4096,1,1,0
176,176_baseline_phase_change_run19,baseline,phase_change,1778426235.646303,/big.txt,50855936,131072,sequential,1.0000,0.0000,0,1,50987008,4096,1,1,0
176,176_baseline_phase_change_run19,baseline,phase_change,1778426235.6476917,/big.txt,50987008,131072,sequential,1.0000,0.0000,0,1,51118080,4096,1,1,0
176,176_baseline_phase_change_run19,baseline,phase_change,1778426235.6489651,/big.txt,51118080,131072,sequential,1.0000,0.0000,0,1,51249152,4096,1,1,0
176,176_baseline_phase_change_run19,baseline,phase_change,1778426235.6502419,/big.txt,51249152,131072,sequential,1.0000,0.0000,0,1,51380224,4096,1,1,0
176,176_baseline_phase_change_run19,baseline,phase_change,1778426235.6515381,/big.txt,51380224,131072,sequential,1.0000,0.0000,0,1,51511296,4096,1,1,0
176,176_baseline_phase_change_run19,baseline,phase_change,1778426235.6528192,/big.txt,51511296,131072,sequential,1.0000,0.0000,0,1,51642368,4096,1,1,0
176,176_baseline_phase_change_run19,baseline,phase_change,1778426235.6540983,/big.txt,51642368,131072,sequential,1.0000,0.0000,0,1,51773440,4096,1,1,0
176,176_baseline_phase_change_run19,baseline,phase_change,1778426235.6554203,/big.txt,51773440,131072,sequential,1.0000,0.0000,0,1,51904512,4096,1,1,0
176,176_baseline_phase_change_run19,baseline,phase_change,1778426235.6567018,/big.txt,51904512,131072,sequential,1.0000,0.0000,0,1,52035584,4096,1,1,0
176,176_baseline_phase_change_run19,baseline,phase_change,1778426235.6579835,/big.txt,52035584,131072,sequential,1.0000,0.0000,0,1,52166656,4096,1,1,0
176,176_baseline_phase_change_run19,baseline,phase_change,1778426235.6592777,/big.txt,52166656,131072,sequential,1.0000,0.0000,0,1,52297728,4096,1,1,0
176,176_baseline_phase_change_run19,baseline,phase_change,1778426235.6605422,/big.txt,52297728,131072,sequential,1.0000,0.0000,0,1,52428800,4096,1,1,0
176,176_baseline_phase_change_run19,baseline,phase_change,1778426235.6618226,/big.txt,52428800,131072,sequential,1.0000,0.0000,0,1,52559872,4096,1,1,0
176,176_baseline_phase_change_run19,baseline,phase_change,1778426235.6632023,/big.txt,52559872,131072,sequential,1.0000,0.0000,0,1,52690944,4096,1,1,0
176,176_baseline_phase_change_run19,baseline,phase_change,1778426235.6644764,/big.txt,52690944,131072,sequential,1.0000,0.0000,0,1,52822016,4096,1,1,0
176,176_baseline_phase_change_run19,baseline,phase_change,1778426235.665757,/big.txt,52822016,131072,sequential,1.0000,0.0000,0,1,52953088,4096,1,1,0
176,176_baseline_phase_change_run19,baseline,phase_change,1778426235.6670682,/big.txt,52953088,131072,sequential,1.0000,0.0000,0,1,53084160,4096,1,1,0
176,176_baseline_phase_change_run19,baseline,phase_change,1778426235.6683464,/big.txt,53084160,131072,sequential,1.0000,0.0000,0,1,53215232,4096,1,1,0
176,176_baseline_phase_change_run19,baseline,phase_change,1778426235.6696076,/big.txt,53215232,131072,sequential,1.0000,0.0000,0,1,53346304,4096,1,1,0
176,176_baseline_phase_change_run19,baseline,phase_change,1778426235.670905,/big.txt,53346304,131072,sequential,1.0000,0.0000,0,1,53477376,4096,1,1,0
176,176_baseline_phase_change_run19,baseline,phase_change,1778426235.6721792,/big.txt,53477376,131072,sequential,1.0000,0.0000,0,1,53608448,4096,1,1,0
176,176_baseline_phase_change_run19,baseline,phase_change,1778426235.6734548,/big.txt,53608448,131072,sequential,1.0000,0.0000,0,1,53739520,4096,1,1,0
176,176_baseline_phase_change_run19,baseline,phase_change,1778426235.6746995,/big.txt,53739520,131072,sequential,1.0000,0.0000,0,1,53870592,4096,1,1,0
176,176_baseline_phase_change_run19,baseline,phase_change,1778426235.6760204,/big.txt,53870592,131072,sequential,1.0000,0.0000,0,1,54001664,4096,1,1,0
176,176_baseline_phase_change_run19,baseline,phase_change,1778426235.677273,/big.txt,54001664,131072,sequential,1.0000,0.0000,0,1,54132736,4096,1,1,0
176,176_baseline_phase_change_run19,baseline,phase_change,1778426235.6785164,/big.txt,54132736,131072,sequential,1.0000,0.0000,0,1,54263808,4096,1,1,0
176,176_baseline_phase_change_run19,baseline,phase_change,1778426235.6810825,/big.txt,54263808,131072,sequential,1.0000,0.0000,0,1,54394880,4096,1,1,0
176,176_baseline_phase_change_run19,baseline,phase_change,1778426235.683594,/big.txt,54394880,131072,sequential,1.0000,0.0000,0,1,54525952,4096,1,1,0
176,176_baseline_phase_change_run19,baseline,phase_change,1778426235.6860793,/big.txt,54525952,131072,sequential,1.0000,0.0000,0,1,54657024,4096,1,1,0
176,176_baseline_phase_change_run19,baseline,phase_change,1778426235.6874032,/big.txt,54657024,131072,sequential,1.0000,0.0000,0,1,54788096,4096,1,1,0
176,176_baseline_phase_change_run19,baseline,phase_change,1778426235.6886668,/big.txt,54788096,131072,sequential,1.0000,0.0000,0,1,54919168,4096,1,1,0
176,176_baseline_phase_change_run19,baseline,phase_change,1778426235.6899354,/big.txt,54919168,131072,sequential,1.0000,0.0000,0,1,55050240,4096,1,1,0
176,176_baseline_phase_change_run19,baseline,phase_change,1778426235.691205,/big.txt,55050240,131072,sequential,1.0000,0.0000,0,1,55181312,4096,1,1,0
176,176_baseline_phase_change_run19,baseline,phase_change,1778426235.69247,/big.txt,55181312,131072,sequential,1.0000,0.0000,0,1,55312384,4096,1,1,0
176,176_baseline_phase_change_run19,baseline,phase_change,1778426235.6937535,/big.txt,55312384,131072,sequential,1.0000,0.0000,0,1,55443456,4096,1,1,0
176,176_baseline_phase_change_run19,baseline,phase_change,1778426235.6950905,/big.txt,55443456,131072,sequential,1.0000,0.0000,0,1,55574528,4096,1,1,0
176,176_baseline_phase_change_run19,baseline,phase_change,1778426235.6963716,/big.txt,55574528,131072,sequential,1.0000,0.0000,0,1,55705600,4096,1,1,0
176,176_baseline_phase_change_run19,baseline,phase_change,1778426235.6976347,/big.txt,55705600,131072,sequential,1.0000,0.0000,0,1,55836672,4096,1,1,0
176,176_baseline_phase_change_run19,baseline,phase_change,1778426235.6988919,/big.txt,55836672,131072,sequential,1.0000,0.0000,0,1,55967744,4096,1,1,0
176,176_baseline_phase_change_run19,baseline,phase_change,1778426235.7001538,/big.txt,55967744,131072,sequential,1.0000,0.0000,0,1,56098816,4096,1,1,0
176,176_baseline_phase_change_run19,baseline,phase_change,1778426235.7014303,/big.txt,56098816,131072,sequential,1.0000,0.0000,0,1,56229888,4096,1,1,0
176,176_baseline_phase_change_run19,baseline,phase_change,1778426235.7026794,/big.txt,56229888,131072,sequential,1.0000,0.0000,0,1,56360960,4096,1,1,0
176,176_baseline_phase_change_run19,baseline,phase_change,1778426235.7039769,/big.txt,56360960,131072,sequential,1.0000,0.0000,0,1,56492032,4096,1,1,0
176,176_baseline_phase_change_run19,baseline,phase_change,1778426235.7052505,/big.txt,56492032,131072,sequential,1.0000,0.0000,0,1,56623104,4096,1,1,0
176,176_baseline_phase_change_run19,baseline,phase_change,1778426235.7065136,/big.txt,56623104,131072,sequential,1.0000,0.0000,0,1,56754176,4096,1,1,0
176,176_baseline_phase_change_run19,baseline,phase_change,1778426235.7078285,/big.txt,56754176,131072,sequential,1.0000,0.0000,0,1,56885248,4096,1,1,0
176,176_baseline_phase_change_run19,baseline,phase_change,1778426235.7091002,/big.txt,56885248,131072,sequential,1.0000,0.0000,0,1,57016320,4096,1,1,0
176,176_baseline_phase_change_run19,baseline,phase_change,1778426235.710351,/big.txt,57016320,131072,sequential,1.0000,0.0000,0,1,57147392,4096,1,1,0
176,176_baseline_phase_change_run19,baseline,phase_change,1778426235.7116816,/big.txt,57147392,131072,sequential,1.0000,0.0000,0,1,57278464,4096,1,1,0
176,176_baseline_phase_change_run19,baseline,phase_change,1778426235.7130141,/big.txt,57278464,131072,sequential,1.0000,0.0000,0,1,57409536,4096,1,1,0
176,176_baseline_phase_change_run19,baseline,phase_change,1778426235.7142804,/big.txt,57409536,131072,sequential,1.0000,0.0000,0,1,57540608,4096,1,1,0
176,176_baseline_phase_change_run19,baseline,phase_change,1778426235.7155883,/big.txt,57540608,131072,sequential,1.0000,0.0000,0,1,57671680,4096,1,1,0
176,176_baseline_phase_change_run19,baseline,phase_change,1778426235.7168663,/big.txt,57671680,131072,sequential,1.0000,0.0000,0,1,57802752,4096,1,1,0
176,176_baseline_phase_change_run19,baseline,phase_change,1778426235.718153,/big.txt,57802752,131072,sequential,1.0000,0.0000,0,1,57933824,4096,1,1,0
176,176_baseline_phase_change_run19,baseline,phase_change,1778426235.7194657,/big.txt,57933824,131072,sequential,1.0000,0.0000,0,1,58064896,4096,1,1,0
176,176_baseline_phase_change_run19,baseline,phase_change,1778426235.720753,/big.txt,58064896,131072,sequential,1.0000,0.0000,0,1,58195968,4096,1,1,0
176,176_baseline_phase_change_run19,baseline,phase_change,1778426235.721986,/big.txt,58195968,131072,sequential,1.0000,0.0000,0,1,58327040,4096,1,1,0
176,176_baseline_phase_change_run19,baseline,phase_change,1778426235.7233222,/big.txt,58327040,131072,sequential,1.0000,0.0000,0,1,58458112,4096,1,1,0
176,176_baseline_phase_change_run19,baseline,phase_change,1778426235.7246149,/big.txt,58458112,131072,sequential,1.0000,0.0000,0,1,58589184,4096,1,1,0
176,176_baseline_phase_change_run19,baseline,phase_change,1778426235.7258976,/big.txt,58589184,131072,sequential,1.0000,0.0000,0,1,58720256,4096,1,1,0
176,176_baseline_phase_change_run19,baseline,phase_change,1778426235.727357,/big.txt,58720256,131072,sequential,1.0000,0.0000,0,1,58851328,4096,1,1,0
176,176_baseline_phase_change_run19,baseline,phase_change,1778426235.7286348,/big.txt,58851328,131072,sequential,1.0000,0.0000,0,1,58982400,4096,1,1,0
176,176_baseline_phase_change_run19,baseline,phase_change,1778426235.7299094,/big.txt,58982400,131072,sequential,1.0000,0.0000,0,1,59113472,4096,1,1,0
176,176_baseline_phase_change_run19,baseline,phase_change,1778426235.7312312,/big.txt,59113472,131072,sequential,1.0000,0.0000,0,1,59244544,4096,1,1,0
176,176_baseline_phase_change_run19,baseline,phase_change,1778426235.7325096,/big.txt,59244544,131072,sequential,1.0000,0.0000,0,1,59375616,4096,1,1,0
176,176_baseline_phase_change_run19,baseline,phase_change,1778426235.733789,/big.txt,59375616,131072,sequential,1.0000,0.0000,0,1,59506688,4096,1,1,0
176,176_baseline_phase_change_run19,baseline,phase_change,1778426235.7350936,/big.txt,59506688,131072,sequential,1.0000,0.0000,0,1,59637760,4096,1,1,0
176,176_baseline_phase_change_run19,baseline,phase_change,1778426235.7363687,/big.txt,59637760,131072,sequential,1.0000,0.0000,0,1,59768832,4096,1,1,0
176,176_baseline_phase_change_run19,baseline,phase_change,1778426235.7376387,/big.txt,59768832,131072,sequential,1.0000,0.0000,0,1,59899904,4096,1,1,0
176,176_baseline_phase_change_run19,baseline,phase_change,1778426235.739044,/big.txt,59899904,131072,sequential,1.0000,0.0000,0,1,60030976,4096,1,1,0
176,176_baseline_phase_change_run19,baseline,phase_change,1778426235.7403164,/big.txt,60030976,131072,sequential,1.0000,0.0000,0,1,60162048,4096,1,1,0
176,176_baseline_phase_change_run19,baseline,phase_change,1778426235.7415981,/big.txt,60162048,131072,sequential,1.0000,0.0000,0,1,60293120,4096,1,1,0
176,176_baseline_phase_change_run19,baseline,phase_change,1778426235.7428975,/big.txt,60293120,131072,sequential,1.0000,0.0000,0,1,60424192,4096,1,1,0
176,176_baseline_phase_change_run19,baseline,phase_change,1778426235.7441733,/big.txt,60424192,131072,sequential,1.0000,0.0000,0,1,60555264,4096,1,1,0
176,176_baseline_phase_change_run19,baseline,phase_change,1778426235.745439,/big.txt,60555264,131072,sequential,1.0000,0.0000,0,1,60686336,4096,1,1,0
176,176_baseline_phase_change_run19,baseline,phase_change,1778426235.746709,/big.txt,60686336,131072,sequential,1.0000,0.0000,0,1,60817408,4096,1,1,0
176,176_baseline_phase_change_run19,baseline,phase_change,1778426235.748019,/big.txt,60817408,131072,sequential,1.0000,0.0000,0,1,60948480,4096,1,1,0
176,176_baseline_phase_change_run19,baseline,phase_change,1778426235.7492874,/big.txt,60948480,131072,sequential,1.0000,0.0000,0,1,61079552,4096,1,1,0
176,176_baseline_phase_change_run19,baseline,phase_change,1778426235.7505562,/big.txt,61079552,131072,sequential,1.0000,0.0000,0,1,61210624,4096,1,1,0
176,176_baseline_phase_change_run19,baseline,phase_change,1778426235.751834,/big.txt,61210624,131072,sequential,1.0000,0.0000,0,1,61341696,4096,1,1,0
176,176_baseline_phase_change_run19,baseline,phase_change,1778426235.7530968,/big.txt,61341696,131072,sequential,1.0000,0.0000,0,1,61472768,4096,1,1,0
176,176_baseline_phase_change_run19,baseline,phase_change,1778426235.7543724,/big.txt,61472768,131072,sequential,1.0000,0.0000,0,1,61603840,4096,1,1,0
176,176_baseline_phase_change_run19,baseline,phase_change,1778426235.7556932,/big.txt,61603840,131072,sequential,1.0000,0.0000,0,1,61734912,4096,1,1,0
176,176_baseline_phase_change_run19,baseline,phase_change,1778426235.7570016,/big.txt,61734912,131072,sequential,1.0000,0.0000,0,1,61865984,4096,1,1,0
176,176_baseline_phase_change_run19,baseline,phase_change,1778426235.7582839,/big.txt,61865984,131072,sequential,1.0000,0.0000,0,1,61997056,4096,1,1,0
176,176_baseline_phase_change_run19,baseline,phase_change,1778426235.7596617,/big.txt,61997056,131072,sequential,1.0000,0.0000,0,1,62128128,4096,1,1,0
176,176_baseline_phase_change_run19,baseline,phase_change,1778426235.7609308,/big.txt,62128128,131072,sequential,1.0000,0.0000,0,1,62259200,4096,1,1,0
176,176_baseline_phase_change_run19,baseline,phase_change,1778426235.7622051,/big.txt,62259200,131072,sequential,1.0000,0.0000,0,1,62390272,4096,1,1,0
176,176_baseline_phase_change_run19,baseline,phase_change,1778426235.7635317,/big.txt,62390272,131072,sequential,1.0000,0.0000,0,1,62521344,4096,1,1,0
176,176_baseline_phase_change_run19,baseline,phase_change,1778426235.7648082,/big.txt,62521344,131072,sequential,1.0000,0.0000,0,1,62652416,4096,1,1,0
176,176_baseline_phase_change_run19,baseline,phase_change,1778426235.7660797,/big.txt,62652416,131072,sequential,1.0000,0.0000,0,1,62783488,4096,1,1,0
176,176_baseline_phase_change_run19,baseline,phase_change,1778426235.7674024,/big.txt,62783488,131072,sequential,1.0000,0.0000,0,1,62914560,4096,1,1,0
176,176_baseline_phase_change_run19,baseline,phase_change,1778426235.7686906,/big.txt,62914560,131072,sequential,1.0000,0.0000,0,1,63045632,4096,1,1,0
176,176_baseline_phase_change_run19,baseline,phase_change,1778426235.7699554,/big.txt,63045632,131072,sequential,1.0000,0.0000,0,1,63176704,4096,1,1,0
176,176_baseline_phase_change_run19,baseline,phase_change,1778426235.771275,/big.txt,63176704,131072,sequential,1.0000,0.0000,0,1,63307776,4096,1,1,0
176,176_baseline_phase_change_run19,baseline,phase_change,1778426235.772551,/big.txt,63307776,131072,sequential,1.0000,0.0000,0,1,63438848,4096,1,1,0
176,176_baseline_phase_change_run19,baseline,phase_change,1778426235.7738302,/big.txt,63438848,131072,sequential,1.0000,0.0000,0,1,63569920,4096,1,1,0
176,176_baseline_phase_change_run19,baseline,phase_change,1778426235.7751408,/big.txt,63569920,131072,sequential,1.0000,0.0000,0,1,63700992,4096,1,1,0
176,176_baseline_phase_change_run19,baseline,phase_change,1778426235.7764156,/big.txt,63700992,131072,sequential,1.0000,0.0000,0,1,63832064,4096,1,1,0
176,176_baseline_phase_change_run19,baseline,phase_change,1778426235.7776935,/big.txt,63832064,131072,sequential,1.0000,0.0000,0,1,63963136,4096,1,1,0
176,176_baseline_phase_change_run19,baseline,phase_change,1778426235.7792053,/big.txt,63963136,131072,sequential,1.0000,0.0000,0,1,64094208,4096,1,1,0
176,176_baseline_phase_change_run19,baseline,phase_change,1778426235.781711,/big.txt,64094208,131072,sequential,1.0000,0.0000,0,1,64225280,4096,1,1,0
176,176_baseline_phase_change_run19,baseline,phase_change,1778426235.784264,/big.txt,64225280,131072,sequential,1.0000,0.0000,0,1,64356352,4096,1,1,0
176,176_baseline_phase_change_run19,baseline,phase_change,1778426235.786763,/big.txt,64356352,131072,sequential,1.0000,0.0000,0,1,64487424,4096,1,1,0
176,176_baseline_phase_change_run19,baseline,phase_change,1778426235.789363,/big.txt,64487424,131072,sequential,1.0000,0.0000,0,1,64618496,4096,1,1,0
176,176_baseline_phase_change_run19,baseline,phase_change,1778426235.7911572,/big.txt,64618496,131072,sequential,1.0000,0.0000,0,1,64749568,4096,1,1,0
176,176_baseline_phase_change_run19,baseline,phase_change,1778426235.792422,/big.txt,64749568,131072,sequential,1.0000,0.0000,0,1,64880640,4096,1,1,0
176,176_baseline_phase_change_run19,baseline,phase_change,1778426235.7936783,/big.txt,64880640,131072,sequential,1.0000,0.0000,0,1,65011712,4096,1,1,0
176,176_baseline_phase_change_run19,baseline,phase_change,1778426235.7950087,/big.txt,65011712,131072,sequential,1.0000,0.0000,0,1,65142784,4096,1,1,0
176,176_baseline_phase_change_run19,baseline,phase_change,1778426235.796292,/big.txt,65142784,131072,sequential,1.0000,0.0000,0,1,65273856,4096,1,1,0
176,176_baseline_phase_change_run19,baseline,phase_change,1778426235.797567,/big.txt,65273856,131072,sequential,1.0000,0.0000,0,1,65404928,4096,1,1,0
176,176_baseline_phase_change_run19,baseline,phase_change,1778426235.798895,/big.txt,65404928,131072,sequential,1.0000,0.0000,0,1,65536000,4096,1,1,0
176,176_baseline_phase_change_run19,baseline,phase_change,1778426235.8001928,/big.txt,65536000,131072,sequential,1.0000,0.0000,0,1,65667072,4096,1,1,0
176,176_baseline_phase_change_run19,baseline,phase_change,1778426235.8014665,/big.txt,65667072,131072,sequential,1.0000,0.0000,0,1,65798144,4096,1,1,0
176,176_baseline_phase_change_run19,baseline,phase_change,1778426235.8027456,/big.txt,65798144,131072,sequential,1.0000,0.0000,0,1,65929216,4096,1,1,0
176,176_baseline_phase_change_run19,baseline,phase_change,1778426235.804054,/big.txt,65929216,131072,sequential,1.0000,0.0000,0,1,66060288,4096,1,1,0
176,176_baseline_phase_change_run19,baseline,phase_change,1778426235.8053539,/big.txt,66060288,131072,sequential,1.0000,0.0000,0,1,66191360,4096,1,1,0
176,176_baseline_phase_change_run19,baseline,phase_change,1778426235.8066304,/big.txt,66191360,131072,sequential,1.0000,0.0000,0,1,66322432,4096,1,1,0
176,176_baseline_phase_change_run19,baseline,phase_change,1778426235.8079607,/big.txt,66322432,131072,sequential,1.0000,0.0000,0,1,66453504,4096,1,1,0
176,176_baseline_phase_change_run19,baseline,phase_change,1778426235.8092506,/big.txt,66453504,131072,sequential,1.0000,0.0000,0,1,66584576,4096,1,1,0
176,176_baseline_phase_change_run19,baseline,phase_change,1778426235.8105583,/big.txt,66584576,131072,sequential,1.0000,0.0000,0,1,66715648,4096,1,1,0
176,176_baseline_phase_change_run19,baseline,phase_change,1778426235.811842,/big.txt,66715648,131072,sequential,1.0000,0.0000,0,1,66846720,4096,1,1,0
176,176_baseline_phase_change_run19,baseline,phase_change,1778426235.8131251,/big.txt,66846720,131072,sequential,1.0000,0.0000,0,1,66977792,4096,1,1,0
176,176_baseline_phase_change_run19,baseline,phase_change,1778426235.8143983,/big.txt,66977792,131072,sequential,1.0000,0.0000,0,1,67108864,4096,1,1,0
176,176_baseline_phase_change_run19,baseline,phase_change,1778426235.8157668,/big.txt,67108864,131072,sequential,1.0000,0.0000,0,1,67239936,4096,1,1,0
176,176_baseline_phase_change_run19,baseline,phase_change,1778426235.817077,/big.txt,67239936,131072,sequential,1.0000,0.0000,0,1,67371008,4096,1,1,0
176,176_baseline_phase_change_run19,baseline,phase_change,1778426235.818377,/big.txt,67371008,131072,sequential,1.0000,0.0000,0,1,67502080,4096,1,1,0
176,176_baseline_phase_change_run19,baseline,phase_change,1778426235.8197005,/big.txt,67502080,131072,sequential,1.0000,0.0000,0,1,67633152,4096,1,1,0
176,176_baseline_phase_change_run19,baseline,phase_change,1778426235.8210242,/big.txt,67633152,131072,sequential,1.0000,0.0000,0,1,67764224,4096,1,1,0
176,176_baseline_phase_change_run19,baseline,phase_change,1778426235.8222916,/big.txt,67764224,131072,sequential,1.0000,0.0000,0,1,67895296,4096,1,1,0
176,176_baseline_phase_change_run19,baseline,phase_change,1778426235.8236268,/big.txt,67895296,131072,sequential,1.0000,0.0000,0,1,68026368,4096,1,1,0
176,176_baseline_phase_change_run19,baseline,phase_change,1778426235.824896,/big.txt,68026368,131072,sequential,1.0000,0.0000,0,1,68157440,4096,1,1,0
176,176_baseline_phase_change_run19,baseline,phase_change,1778426235.8261735,/big.txt,68157440,131072,sequential,1.0000,0.0000,0,1,68288512,4096,1,1,0
176,176_baseline_phase_change_run19,baseline,phase_change,1778426235.8274922,/big.txt,68288512,131072,sequential,1.0000,0.0000,0,1,68419584,4096,1,1,0
176,176_baseline_phase_change_run19,baseline,phase_change,1778426235.828779,/big.txt,68419584,131072,sequential,1.0000,0.0000,0,1,68550656,4096,1,1,0
176,176_baseline_phase_change_run19,baseline,phase_change,1778426235.8300524,/big.txt,68550656,131072,sequential,1.0000,0.0000,0,1,68681728,4096,1,1,0
176,176_baseline_phase_change_run19,baseline,phase_change,1778426235.8313763,/big.txt,68681728,131072,sequential,1.0000,0.0000,0,1,68812800,4096,1,1,0
176,176_baseline_phase_change_run19,baseline,phase_change,1778426235.832649,/big.txt,68812800,131072,sequential,1.0000,0.0000,0,1,68943872,4096,1,1,0
176,176_baseline_phase_change_run19,baseline,phase_change,1778426235.8339345,/big.txt,68943872,131072,sequential,1.0000,0.0000,0,1,69074944,4096,1,1,0
176,176_baseline_phase_change_run19,baseline,phase_change,1778426235.8352358,/big.txt,69074944,131072,sequential,1.0000,0.0000,0,1,69206016,4096,1,1,0
176,176_baseline_phase_change_run19,baseline,phase_change,1778426235.8365061,/big.txt,69206016,131072,sequential,1.0000,0.0000,0,1,69337088,4096,1,1,0
176,176_baseline_phase_change_run19,baseline,phase_change,1778426235.8377762,/big.txt,69337088,131072,sequential,1.0000,0.0000,0,1,69468160,4096,1,1,0
176,176_baseline_phase_change_run19,baseline,phase_change,1778426235.839093,/big.txt,69468160,131072,sequential,1.0000,0.0000,0,1,69599232,4096,1,1,0
176,176_baseline_phase_change_run19,baseline,phase_change,1778426235.840366,/big.txt,69599232,131072,sequential,1.0000,0.0000,0,1,69730304,4096,1,1,0
176,176_baseline_phase_change_run19,baseline,phase_change,1778426235.8416393,/big.txt,69730304,131072,sequential,1.0000,0.0000,0,1,69861376,4096,1,1,0
176,176_baseline_phase_change_run19,baseline,phase_change,1778426235.8430612,/big.txt,69861376,131072,sequential,1.0000,0.0000,0,1,69992448,4096,1,1,0
176,176_baseline_phase_change_run19,baseline,phase_change,1778426235.8443475,/big.txt,69992448,131072,sequential,1.0000,0.0000,0,1,70123520,4096,1,1,0
176,176_baseline_phase_change_run19,baseline,phase_change,1778426235.8456225,/big.txt,70123520,131072,sequential,1.0000,0.0000,0,1,70254592,4096,1,1,0
176,176_baseline_phase_change_run19,baseline,phase_change,1778426235.8469388,/big.txt,70254592,131072,sequential,1.0000,0.0000,0,1,70385664,4096,1,1,0
176,176_baseline_phase_change_run19,baseline,phase_change,1778426235.848215,/big.txt,70385664,131072,sequential,1.0000,0.0000,0,1,70516736,4096,1,1,0
176,176_baseline_phase_change_run19,baseline,phase_change,1778426235.849496,/big.txt,70516736,131072,sequential,1.0000,0.0000,0,1,70647808,4096,1,1,0
176,176_baseline_phase_change_run19,baseline,phase_change,1778426235.8508372,/big.txt,70647808,131072,sequential,1.0000,0.0000,0,1,70778880,4096,1,1,0
176,176_baseline_phase_change_run19,baseline,phase_change,1778426235.8521502,/big.txt,70778880,131072,sequential,1.0000,0.0000,0,1,70909952,4096,1,1,0
176,176_baseline_phase_change_run19,baseline,phase_change,1778426235.8534276,/big.txt,70909952,131072,sequential,1.0000,0.0000,0,1,71041024,4096,1,1,0
176,176_baseline_phase_change_run19,baseline,phase_change,1778426235.8546948,/big.txt,71041024,131072,sequential,1.0000,0.0000,0,1,71172096,4096,1,1,0
176,176_baseline_phase_change_run19,baseline,phase_change,1778426235.856017,/big.txt,71172096,131072,sequential,1.0000,0.0000,0,1,71303168,4096,1,1,0
176,176_baseline_phase_change_run19,baseline,phase_change,1778426235.8572814,/big.txt,71303168,131072,sequential,1.0000,0.0000,0,1,71434240,4096,1,1,0
176,176_baseline_phase_change_run19,baseline,phase_change,1778426235.8585548,/big.txt,71434240,131072,sequential,1.0000,0.0000,0,1,71565312,4096,1,1,0
176,176_baseline_phase_change_run19,baseline,phase_change,1778426235.8598342,/big.txt,71565312,131072,sequential,1.0000,0.0000,0,1,71696384,4096,1,1,0
176,176_baseline_phase_change_run19,baseline,phase_change,1778426235.8611054,/big.txt,71696384,131072,sequential,1.0000,0.0000,0,1,71827456,4096,1,1,0
176,176_baseline_phase_change_run19,baseline,phase_change,1778426235.8623776,/big.txt,71827456,131072,sequential,1.0000,0.0000,0,1,71958528,4096,1,1,0
176,176_baseline_phase_change_run19,baseline,phase_change,1778426235.863727,/big.txt,71958528,131072,sequential,1.0000,0.0000,0,1,72089600,4096,1,1,0
176,176_baseline_phase_change_run19,baseline,phase_change,1778426235.8650486,/big.txt,72089600,131072,sequential,1.0000,0.0000,0,1,72220672,4096,1,1,0
176,176_baseline_phase_change_run19,baseline,phase_change,1778426235.8663251,/big.txt,72220672,131072,sequential,1.0000,0.0000,0,1,72351744,4096,1,1,0
176,176_baseline_phase_change_run19,baseline,phase_change,1778426235.8676703,/big.txt,72351744,131072,sequential,1.0000,0.0000,0,1,72482816,4096,1,1,0
176,176_baseline_phase_change_run19,baseline,phase_change,1778426235.8689468,/big.txt,72482816,131072,sequential,1.0000,0.0000,0,1,72613888,4096,1,1,0
176,176_baseline_phase_change_run19,baseline,phase_change,1778426235.870239,/big.txt,72613888,131072,sequential,1.0000,0.0000,0,1,72744960,4096,1,1,0
176,176_baseline_phase_change_run19,baseline,phase_change,1778426235.8715703,/big.txt,72744960,131072,sequential,1.0000,0.0000,0,1,72876032,4096,1,1,0
176,176_baseline_phase_change_run19,baseline,phase_change,1778426235.8728495,/big.txt,72876032,131072,sequential,1.0000,0.0000,0,1,73007104,4096,1,1,0
176,176_baseline_phase_change_run19,baseline,phase_change,1778426235.874137,/big.txt,73007104,131072,sequential,1.0000,0.0000,0,1,73138176,4096,1,1,0
176,176_baseline_phase_change_run19,baseline,phase_change,1778426235.875459,/big.txt,73138176,131072,sequential,1.0000,0.0000,0,1,73269248,4096,1,1,0
176,176_baseline_phase_change_run19,baseline,phase_change,1778426235.876742,/big.txt,73269248,131072,sequential,1.0000,0.0000,0,1,73400320,4096,1,1,0
176,176_baseline_phase_change_run19,baseline,phase_change,1778426235.8780181,/big.txt,73400320,131072,sequential,1.0000,0.0000,0,1,73531392,4096,1,1,0
176,176_baseline_phase_change_run19,baseline,phase_change,1778426235.8793252,/big.txt,73531392,131072,sequential,1.0000,0.0000,0,1,73662464,4096,1,1,0
176,176_baseline_phase_change_run19,baseline,phase_change,1778426235.880606,/big.txt,73662464,131072,sequential,1.0000,0.0000,0,1,73793536,4096,1,1,0
176,176_baseline_phase_change_run19,baseline,phase_change,1778426235.8818831,/big.txt,73793536,131072,sequential,1.0000,0.0000,0,1,73924608,4096,1,1,0
176,176_baseline_phase_change_run19,baseline,phase_change,1778426235.8833039,/big.txt,73924608,131072,sequential,1.0000,0.0000,0,1,74055680,4096,1,1,0
176,176_baseline_phase_change_run19,baseline,phase_change,1778426235.8845785,/big.txt,74055680,131072,sequential,1.0000,0.0000,0,1,74186752,4096,1,1,0
176,176_baseline_phase_change_run19,baseline,phase_change,1778426235.8858585,/big.txt,74186752,131072,sequential,1.0000,0.0000,0,1,74317824,4096,1,1,0
176,176_baseline_phase_change_run19,baseline,phase_change,1778426235.8871741,/big.txt,74317824,131072,sequential,1.0000,0.0000,0,1,74448896,4096,1,1,0
176,176_baseline_phase_change_run19,baseline,phase_change,1778426235.8884537,/big.txt,74448896,131072,sequential,1.0000,0.0000,0,1,74579968,4096,1,1,0
176,176_baseline_phase_change_run19,baseline,phase_change,1778426235.8897269,/big.txt,74579968,131072,sequential,1.0000,0.0000,0,1,74711040,4096,1,1,0
176,176_baseline_phase_change_run19,baseline,phase_change,1778426235.89103,/big.txt,74711040,131072,sequential,1.0000,0.0000,0,1,74842112,4096,1,1,0
176,176_baseline_phase_change_run19,baseline,phase_change,1778426235.8923097,/big.txt,74842112,131072,sequential,1.0000,0.0000,0,1,74973184,4096,1,1,0
176,176_baseline_phase_change_run19,baseline,phase_change,1778426235.893582,/big.txt,74973184,131072,sequential,1.0000,0.0000,0,1,75104256,4096,1,1,0
176,176_baseline_phase_change_run19,baseline,phase_change,1778426235.8949573,/big.txt,75104256,131072,sequential,1.0000,0.0000,0,1,75235328,4096,1,1,0
176,176_baseline_phase_change_run19,baseline,phase_change,1778426235.8962326,/big.txt,75235328,131072,sequential,1.0000,0.0000,0,1,75366400,4096,1,1,0
176,176_baseline_phase_change_run19,baseline,phase_change,1778426235.8975139,/big.txt,75366400,131072,sequential,1.0000,0.0000,0,1,75497472,4096,1,1,0
176,176_baseline_phase_change_run19,baseline,phase_change,1778426235.898796,/big.txt,75497472,131072,sequential,1.0000,0.0000,0,1,75628544,4096,1,1,0
176,176_baseline_phase_change_run19,baseline,phase_change,1778426235.9001203,/big.txt,75628544,131072,sequential,1.0000,0.0000,0,1,75759616,4096,1,1,0
176,176_baseline_phase_change_run19,baseline,phase_change,1778426235.9014068,/big.txt,75759616,131072,sequential,1.0000,0.0000,0,1,75890688,4096,1,1,0
176,176_baseline_phase_change_run19,baseline,phase_change,1778426235.9026787,/big.txt,75890688,131072,sequential,1.0000,0.0000,0,1,76021760,4096,1,1,0
176,176_baseline_phase_change_run19,baseline,phase_change,1778426235.9039922,/big.txt,76021760,131072,sequential,1.0000,0.0000,0,1,76152832,4096,1,1,0
176,176_baseline_phase_change_run19,baseline,phase_change,1778426235.9052687,/big.txt,76152832,131072,sequential,1.0000,0.0000,0,1,76283904,4096,1,1,0
176,176_baseline_phase_change_run19,baseline,phase_change,1778426235.9065719,/big.txt,76283904,131072,sequential,1.0000,0.0000,0,1,76414976,4096,1,1,0
176,176_baseline_phase_change_run19,baseline,phase_change,1778426235.9078584,/big.txt,76414976,131072,sequential,1.0000,0.0000,0,1,76546048,4096,1,1,0
176,176_baseline_phase_change_run19,baseline,phase_change,1778426235.9091494,/big.txt,76546048,131072,sequential,1.0000,0.0000,0,1,76677120,4096,1,1,0
176,176_baseline_phase_change_run19,baseline,phase_change,1778426235.9104295,/big.txt,76677120,131072,sequential,1.0000,0.0000,0,1,76808192,4096,1,1,0
176,176_baseline_phase_change_run19,baseline,phase_change,1778426235.9117396,/big.txt,76808192,131072,sequential,1.0000,0.0000,0,1,76939264,4096,1,1,0
176,176_baseline_phase_change_run19,baseline,phase_change,1778426235.9130125,/big.txt,76939264,131072,sequential,1.0000,0.0000,0,1,77070336,4096,1,1,0
176,176_baseline_phase_change_run19,baseline,phase_change,1778426235.914297,/big.txt,77070336,131072,sequential,1.0000,0.0000,0,1,77201408,4096,1,1,0
176,176_baseline_phase_change_run19,baseline,phase_change,1778426235.91561,/big.txt,77201408,131072,sequential,1.0000,0.0000,0,1,77332480,4096,1,1,0
176,176_baseline_phase_change_run19,baseline,phase_change,1778426235.9168866,/big.txt,77332480,131072,sequential,1.0000,0.0000,0,1,77463552,4096,1,1,0
176,176_baseline_phase_change_run19,baseline,phase_change,1778426235.9181612,/big.txt,77463552,131072,sequential,1.0000,0.0000,0,1,77594624,4096,1,1,0
176,176_baseline_phase_change_run19,baseline,phase_change,1778426235.9194853,/big.txt,77594624,131072,sequential,1.0000,0.0000,0,1,77725696,4096,1,1,0
176,176_baseline_phase_change_run19,baseline,phase_change,1778426235.9207587,/big.txt,77725696,131072,sequential,1.0000,0.0000,0,1,77856768,4096,1,1,0
176,176_baseline_phase_change_run19,baseline,phase_change,1778426235.9220438,/big.txt,77856768,131072,sequential,1.0000,0.0000,0,1,77987840,4096,1,1,0
176,176_baseline_phase_change_run19,baseline,phase_change,1778426235.9233594,/big.txt,77987840,131072,sequential,1.0000,0.0000,0,1,78118912,4096,1,1,0
176,176_baseline_phase_change_run19,baseline,phase_change,1778426235.9246275,/big.txt,78118912,131072,sequential,1.0000,0.0000,0,1,78249984,4096,1,1,0
176,176_baseline_phase_change_run19,baseline,phase_change,1778426235.925909,/big.txt,78249984,131072,sequential,1.0000,0.0000,0,1,78381056,4096,1,1,0
176,176_baseline_phase_change_run19,baseline,phase_change,1778426235.927308,/big.txt,78381056,131072,sequential,1.0000,0.0000,0,1,78512128,4096,1,1,0
176,176_baseline_phase_change_run19,baseline,phase_change,1778426235.9285789,/big.txt,78512128,131072,sequential,1.0000,0.0000,0,1,78643200,4096,1,1,0
176,176_baseline_phase_change_run19,baseline,phase_change,1778426235.9298573,/big.txt,78643200,131072,sequential,1.0000,0.0000,0,1,78774272,4096,1,1,0
176,176_baseline_phase_change_run19,baseline,phase_change,1778426235.9311678,/big.txt,78774272,131072,sequential,1.0000,0.0000,0,1,78905344,4096,1,1,0
176,176_baseline_phase_change_run19,baseline,phase_change,1778426235.932446,/big.txt,78905344,131072,sequential,1.0000,0.0000,0,1,79036416,4096,1,1,0
176,176_baseline_phase_change_run19,baseline,phase_change,1778426235.9337206,/big.txt,79036416,131072,sequential,1.0000,0.0000,0,1,79167488,4096,1,1,0
176,176_baseline_phase_change_run19,baseline,phase_change,1778426235.9350286,/big.txt,79167488,131072,sequential,1.0000,0.0000,0,1,79298560,4096,1,1,0
176,176_baseline_phase_change_run19,baseline,phase_change,1778426235.9363067,/big.txt,79298560,131072,sequential,1.0000,0.0000,0,1,79429632,4096,1,1,0
176,176_baseline_phase_change_run19,baseline,phase_change,1778426235.937588,/big.txt,79429632,131072,sequential,1.0000,0.0000,0,1,79560704,4096,1,1,0
176,176_baseline_phase_change_run19,baseline,phase_change,1778426235.9389832,/big.txt,79560704,131072,sequential,1.0000,0.0000,0,1,79691776,4096,1,1,0
176,176_baseline_phase_change_run19,baseline,phase_change,1778426235.940269,/big.txt,79691776,131072,sequential,1.0000,0.0000,0,1,79822848,4096,1,1,0
176,176_baseline_phase_change_run19,baseline,phase_change,1778426235.9415455,/big.txt,79822848,131072,sequential,1.0000,0.0000,0,1,79953920,4096,1,1,0
176,176_baseline_phase_change_run19,baseline,phase_change,1778426235.9428575,/big.txt,79953920,131072,sequential,1.0000,0.0000,0,1,80084992,4096,1,1,0
176,176_baseline_phase_change_run19,baseline,phase_change,1778426235.944145,/big.txt,80084992,131072,sequential,1.0000,0.0000,0,1,80216064,4096,1,1,0
176,176_baseline_phase_change_run19,baseline,phase_change,1778426235.94543,/big.txt,80216064,131072,sequential,1.0000,0.0000,0,1,80347136,4096,1,1,0
176,176_baseline_phase_change_run19,baseline,phase_change,1778426235.946704,/big.txt,80347136,131072,sequential,1.0000,0.0000,0,1,80478208,4096,1,1,0
176,176_baseline_phase_change_run19,baseline,phase_change,1778426235.9480257,/big.txt,80478208,131072,sequential,1.0000,0.0000,0,1,80609280,4096,1,1,0
176,176_baseline_phase_change_run19,baseline,phase_change,1778426235.949312,/big.txt,80609280,131072,sequential,1.0000,0.0000,0,1,80740352,4096,1,1,0
176,176_baseline_phase_change_run19,baseline,phase_change,1778426235.9505985,/big.txt,80740352,131072,sequential,1.0000,0.0000,0,1,80871424,4096,1,1,0
176,176_baseline_phase_change_run19,baseline,phase_change,1778426235.95188,/big.txt,80871424,131072,sequential,1.0000,0.0000,0,1,81002496,4096,1,1,0
176,176_baseline_phase_change_run19,baseline,phase_change,1778426235.9531584,/big.txt,81002496,131072,sequential,1.0000,0.0000,0,1,81133568,4096,1,1,0
176,176_baseline_phase_change_run19,baseline,phase_change,1778426235.9544277,/big.txt,81133568,131072,sequential,1.0000,0.0000,0,1,81264640,4096,1,1,0
176,176_baseline_phase_change_run19,baseline,phase_change,1778426235.9557528,/big.txt,81264640,131072,sequential,1.0000,0.0000,0,1,81395712,4096,1,1,0
176,176_baseline_phase_change_run19,baseline,phase_change,1778426235.9570384,/big.txt,81395712,131072,sequential,1.0000,0.0000,0,1,81526784,4096,1,1,0
176,176_baseline_phase_change_run19,baseline,phase_change,1778426235.9583201,/big.txt,81526784,131072,sequential,1.0000,0.0000,0,1,81657856,4096,1,1,0
176,176_baseline_phase_change_run19,baseline,phase_change,1778426235.9596298,/big.txt,81657856,131072,sequential,1.0000,0.0000,0,1,81788928,4096,1,1,0
176,176_baseline_phase_change_run19,baseline,phase_change,1778426235.9609404,/big.txt,81788928,131072,sequential,1.0000,0.0000,0,1,81920000,4096,1,1,0
176,176_baseline_phase_change_run19,baseline,phase_change,1778426235.9622185,/big.txt,81920000,131072,sequential,1.0000,0.0000,0,1,82051072,4096,1,1,0
176,176_baseline_phase_change_run19,baseline,phase_change,1778426235.9635472,/big.txt,82051072,131072,sequential,1.0000,0.0000,0,1,82182144,4096,1,1,0
176,176_baseline_phase_change_run19,baseline,phase_change,1778426235.9648294,/big.txt,82182144,131072,sequential,1.0000,0.0000,0,1,82313216,4096,1,1,0
176,176_baseline_phase_change_run19,baseline,phase_change,1778426235.9661393,/big.txt,82313216,131072,sequential,1.0000,0.0000,0,1,82444288,4096,1,1,0
176,176_baseline_phase_change_run19,baseline,phase_change,1778426235.9674344,/big.txt,82444288,131072,sequential,1.0000,0.0000,0,1,82575360,4096,1,1,0
176,176_baseline_phase_change_run19,baseline,phase_change,1778426235.968685,/big.txt,82575360,131072,sequential,1.0000,0.0000,0,1,82706432,4096,1,1,0
176,176_baseline_phase_change_run19,baseline,phase_change,1778426235.969974,/big.txt,82706432,131072,sequential,1.0000,0.0000,0,1,82837504,4096,1,1,0
176,176_baseline_phase_change_run19,baseline,phase_change,1778426235.971279,/big.txt,82837504,131072,sequential,1.0000,0.0000,0,1,82968576,4096,1,1,0
176,176_baseline_phase_change_run19,baseline,phase_change,1778426235.9725664,/big.txt,82968576,131072,sequential,1.0000,0.0000,0,1,83099648,4096,1,1,0
176,176_baseline_phase_change_run19,baseline,phase_change,1778426235.9738553,/big.txt,83099648,131072,sequential,1.0000,0.0000,0,1,83230720,4096,1,1,0
176,176_baseline_phase_change_run19,baseline,phase_change,1778426235.975174,/big.txt,83230720,131072,sequential,1.0000,0.0000,0,1,83361792,4096,1,1,0
176,176_baseline_phase_change_run19,baseline,phase_change,1778426235.9764569,/big.txt,83361792,131072,sequential,1.0000,0.0000,0,1,83492864,4096,1,1,0
176,176_baseline_phase_change_run19,baseline,phase_change,1778426235.9777527,/big.txt,83492864,131072,sequential,1.0000,0.0000,0,1,83623936,4096,1,1,0
176,176_baseline_phase_change_run19,baseline,phase_change,1778426235.979205,/big.txt,83623936,131072,sequential,1.0000,0.0000,0,1,83755008,4096,1,1,0
176,176_baseline_phase_change_run19,baseline,phase_change,1778426235.9805002,/big.txt,83755008,131072,sequential,1.0000,0.0000,0,1,83886080,4096,1,1,0
176,176_baseline_phase_change_run19,baseline,phase_change,1778426235.9817955,/big.txt,83886080,131072,sequential,1.0000,0.0000,0,1,84017152,4096,1,1,0
176,176_baseline_phase_change_run19,baseline,phase_change,1778426235.983084,/big.txt,84017152,131072,sequential,1.0000,0.0000,0,1,84148224,4096,1,1,0
176,176_baseline_phase_change_run19,baseline,phase_change,1778426235.984363,/big.txt,84148224,131072,sequential,1.0000,0.0000,0,1,84279296,4096,1,1,0
176,176_baseline_phase_change_run19,baseline,phase_change,1778426235.9856389,/big.txt,84279296,131072,sequential,1.0000,0.0000,0,1,84410368,4096,1,1,0
176,176_baseline_phase_change_run19,baseline,phase_change,1778426235.9870481,/big.txt,84410368,131072,sequential,1.0000,0.0000,0,1,84541440,4096,1,1,0
176,176_baseline_phase_change_run19,baseline,phase_change,1778426235.9895825,/big.txt,84541440,131072,sequential,1.0000,0.0000,0,1,84672512,4096,1,1,0
176,176_baseline_phase_change_run19,baseline,phase_change,1778426235.9921486,/big.txt,84672512,131072,sequential,1.0000,0.0000,0,1,84803584,4096,1,1,0
176,176_baseline_phase_change_run19,baseline,phase_change,1778426235.9946697,/big.txt,84803584,131072,sequential,1.0000,0.0000,0,1,84934656,4096,1,1,0
176,176_baseline_phase_change_run19,baseline,phase_change,1778426235.9972267,/big.txt,84934656,131072,sequential,1.0000,0.0000,0,1,85065728,4096,1,1,0
176,176_baseline_phase_change_run19,baseline,phase_change,1778426235.9992115,/big.txt,85065728,131072,sequential,1.0000,0.0000,0,1,85196800,4096,1,1,0
176,176_baseline_phase_change_run19,baseline,phase_change,1778426236.0005152,/big.txt,85196800,131072,sequential,1.0000,0.0000,0,1,85327872,4096,1,1,0
176,176_baseline_phase_change_run19,baseline,phase_change,1778426236.0017958,/big.txt,85327872,131072,sequential,1.0000,0.0000,0,1,85458944,4096,1,1,0
176,176_baseline_phase_change_run19,baseline,phase_change,1778426236.0031147,/big.txt,85458944,131072,sequential,1.0000,0.0000,0,1,85590016,4096,1,1,0
176,176_baseline_phase_change_run19,baseline,phase_change,1778426236.0043924,/big.txt,85590016,131072,sequential,1.0000,0.0000,0,1,85721088,4096,1,1,0
176,176_baseline_phase_change_run19,baseline,phase_change,1778426236.005667,/big.txt,85721088,131072,sequential,1.0000,0.0000,0,1,85852160,4096,1,1,0
176,176_baseline_phase_change_run19,baseline,phase_change,1778426236.007026,/big.txt,85852160,131072,sequential,1.0000,0.0000,0,1,85983232,4096,1,1,0
176,176_baseline_phase_change_run19,baseline,phase_change,1778426236.0083005,/big.txt,85983232,131072,sequential,1.0000,0.0000,0,1,86114304,4096,1,1,0
176,176_baseline_phase_change_run19,baseline,phase_change,1778426236.0095816,/big.txt,86114304,131072,sequential,1.0000,0.0000,0,1,86245376,4096,1,1,0
176,176_baseline_phase_change_run19,baseline,phase_change,1778426236.0109067,/big.txt,86245376,131072,sequential,1.0000,0.0000,0,1,86376448,4096,1,1,0
176,176_baseline_phase_change_run19,baseline,phase_change,1778426236.0121825,/big.txt,86376448,131072,sequential,1.0000,0.0000,0,1,86507520,4096,1,1,0
176,176_baseline_phase_change_run19,baseline,phase_change,1778426236.013467,/big.txt,86507520,131072,sequential,1.0000,0.0000,0,1,86638592,4096,1,1,0
176,176_baseline_phase_change_run19,baseline,phase_change,1778426236.0147457,/big.txt,86638592,131072,sequential,1.0000,0.0000,0,1,86769664,4096,1,1,0
176,176_baseline_phase_change_run19,baseline,phase_change,1778426236.0160546,/big.txt,86769664,131072,sequential,1.0000,0.0000,0,1,86900736,4096,1,1,0
176,176_baseline_phase_change_run19,baseline,phase_change,1778426236.017339,/big.txt,86900736,131072,sequential,1.0000,0.0000,0,1,87031808,4096,1,1,0
176,176_baseline_phase_change_run19,baseline,phase_change,1778426236.0186155,/big.txt,87031808,131072,sequential,1.0000,0.0000,0,1,87162880,4096,1,1,0
176,176_baseline_phase_change_run19,baseline,phase_change,1778426236.0199003,/big.txt,87162880,131072,sequential,1.0000,0.0000,0,1,87293952,4096,1,1,0
176,176_baseline_phase_change_run19,baseline,phase_change,1778426236.021193,/big.txt,87293952,131072,sequential,1.0000,0.0000,0,1,87425024,4096,1,1,0
176,176_baseline_phase_change_run19,baseline,phase_change,1778426236.0224745,/big.txt,87425024,131072,sequential,1.0000,0.0000,0,1,87556096,4096,1,1,0
176,176_baseline_phase_change_run19,baseline,phase_change,1778426236.023798,/big.txt,87556096,131072,sequential,1.0000,0.0000,0,1,87687168,4096,1,1,0
176,176_baseline_phase_change_run19,baseline,phase_change,1778426236.0250823,/big.txt,87687168,131072,sequential,1.0000,0.0000,0,1,87818240,4096,1,1,0
176,176_baseline_phase_change_run19,baseline,phase_change,1778426236.026357,/big.txt,87818240,131072,sequential,1.0000,0.0000,0,1,87949312,4096,1,1,0
176,176_baseline_phase_change_run19,baseline,phase_change,1778426236.0276926,/big.txt,87949312,131072,sequential,1.0000,0.0000,0,1,88080384,4096,1,1,0
176,176_baseline_phase_change_run19,baseline,phase_change,1778426236.029044,/big.txt,88080384,131072,sequential,1.0000,0.0000,0,1,88211456,4096,1,1,0
176,176_baseline_phase_change_run19,baseline,phase_change,1778426236.030331,/big.txt,88211456,131072,sequential,1.0000,0.0000,0,1,88342528,4096,1,1,0
176,176_baseline_phase_change_run19,baseline,phase_change,1778426236.0316527,/big.txt,88342528,131072,sequential,1.0000,0.0000,0,1,88473600,4096,1,1,0
176,176_baseline_phase_change_run19,baseline,phase_change,1778426236.032964,/big.txt,88473600,131072,sequential,1.0000,0.0000,0,1,88604672,4096,1,1,0
176,176_baseline_phase_change_run19,baseline,phase_change,1778426236.0342433,/big.txt,88604672,131072,sequential,1.0000,0.0000,0,1,88735744,4096,1,1,0
176,176_baseline_phase_change_run19,baseline,phase_change,1778426236.0355725,/big.txt,88735744,131072,sequential,1.0000,0.0000,0,1,88866816,4096,1,1,0
176,176_baseline_phase_change_run19,baseline,phase_change,1778426236.0368457,/big.txt,88866816,131072,sequential,1.0000,0.0000,0,1,88997888,4096,1,1,0
176,176_baseline_phase_change_run19,baseline,phase_change,1778426236.0381286,/big.txt,88997888,131072,sequential,1.0000,0.0000,0,1,89128960,4096,1,1,0
176,176_baseline_phase_change_run19,baseline,phase_change,1778426236.0394533,/big.txt,89128960,131072,sequential,1.0000,0.0000,0,1,89260032,4096,1,1,0
176,176_baseline_phase_change_run19,baseline,phase_change,1778426236.0407526,/big.txt,89260032,131072,sequential,1.0000,0.0000,0,1,89391104,4096,1,1,0
176,176_baseline_phase_change_run19,baseline,phase_change,1778426236.0420344,/big.txt,89391104,131072,sequential,1.0000,0.0000,0,1,89522176,4096,1,1,0
176,176_baseline_phase_change_run19,baseline,phase_change,1778426236.043355,/big.txt,89522176,131072,sequential,1.0000,0.0000,0,1,89653248,4096,1,1,0
176,176_baseline_phase_change_run19,baseline,phase_change,1778426236.0446405,/big.txt,89653248,131072,sequential,1.0000,0.0000,0,1,89784320,4096,1,1,0
176,176_baseline_phase_change_run19,baseline,phase_change,1778426236.0459292,/big.txt,89784320,131072,sequential,1.0000,0.0000,0,1,89915392,4096,1,1,0
176,176_baseline_phase_change_run19,baseline,phase_change,1778426236.0472403,/big.txt,89915392,131072,sequential,1.0000,0.0000,0,1,90046464,4096,1,1,0
176,176_baseline_phase_change_run19,baseline,phase_change,1778426236.0485258,/big.txt,90046464,131072,sequential,1.0000,0.0000,0,1,90177536,4096,1,1,0
176,176_baseline_phase_change_run19,baseline,phase_change,1778426236.049802,/big.txt,90177536,131072,sequential,1.0000,0.0000,0,1,90308608,4096,1,1,0
176,176_baseline_phase_change_run19,baseline,phase_change,1778426236.051178,/big.txt,90308608,131072,sequential,1.0000,0.0000,0,1,90439680,4096,1,1,0
176,176_baseline_phase_change_run19,baseline,phase_change,1778426236.052466,/big.txt,90439680,131072,sequential,1.0000,0.0000,0,1,90570752,4096,1,1,0
176,176_baseline_phase_change_run19,baseline,phase_change,1778426236.05375,/big.txt,90570752,131072,sequential,1.0000,0.0000,0,1,90701824,4096,1,1,0
176,176_baseline_phase_change_run19,baseline,phase_change,1778426236.0550544,/big.txt,90701824,131072,sequential,1.0000,0.0000,0,1,90832896,4096,1,1,0
176,176_baseline_phase_change_run19,baseline,phase_change,1778426236.0563457,/big.txt,90832896,131072,sequential,1.0000,0.0000,0,1,90963968,4096,1,1,0
176,176_baseline_phase_change_run19,baseline,phase_change,1778426236.0576272,/big.txt,90963968,131072,sequential,1.0000,0.0000,0,1,91095040,4096,1,1,0
176,176_baseline_phase_change_run19,baseline,phase_change,1778426236.0589771,/big.txt,91095040,131072,sequential,1.0000,0.0000,0,1,91226112,4096,1,1,0
176,176_baseline_phase_change_run19,baseline,phase_change,1778426236.0602493,/big.txt,91226112,131072,sequential,1.0000,0.0000,0,1,91357184,4096,1,1,0
176,176_baseline_phase_change_run19,baseline,phase_change,1778426236.0615323,/big.txt,91357184,131072,sequential,1.0000,0.0000,0,1,91488256,4096,1,1,0
176,176_baseline_phase_change_run19,baseline,phase_change,1778426236.062828,/big.txt,91488256,131072,sequential,1.0000,0.0000,0,1,91619328,4096,1,1,0
176,176_baseline_phase_change_run19,baseline,phase_change,1778426236.0641346,/big.txt,91619328,131072,sequential,1.0000,0.0000,0,1,91750400,4096,1,1,0
176,176_baseline_phase_change_run19,baseline,phase_change,1778426236.0654204,/big.txt,91750400,131072,sequential,1.0000,0.0000,0,1,91881472,4096,1,1,0
176,176_baseline_phase_change_run19,baseline,phase_change,1778426236.0666943,/big.txt,91881472,131072,sequential,1.0000,0.0000,0,1,92012544,4096,1,1,0
176,176_baseline_phase_change_run19,baseline,phase_change,1778426236.06809,/big.txt,92012544,131072,sequential,1.0000,0.0000,0,1,92143616,4096,1,1,0
176,176_baseline_phase_change_run19,baseline,phase_change,1778426236.069383,/big.txt,92143616,131072,sequential,1.0000,0.0000,0,1,92274688,4096,1,1,0
176,176_baseline_phase_change_run19,baseline,phase_change,1778426236.0706532,/big.txt,92274688,131072,sequential,1.0000,0.0000,0,1,92405760,4096,1,1,0
176,176_baseline_phase_change_run19,baseline,phase_change,1778426236.0719798,/big.txt,92405760,131072,sequential,1.0000,0.0000,0,1,92536832,4096,1,1,0
176,176_baseline_phase_change_run19,baseline,phase_change,1778426236.0732584,/big.txt,92536832,131072,sequential,1.0000,0.0000,0,1,92667904,4096,1,1,0
176,176_baseline_phase_change_run19,baseline,phase_change,1778426236.0745394,/big.txt,92667904,131072,sequential,1.0000,0.0000,0,1,92798976,4096,1,1,0
176,176_baseline_phase_change_run19,baseline,phase_change,1778426236.075831,/big.txt,92798976,131072,sequential,1.0000,0.0000,0,1,92930048,4096,1,1,0
176,176_baseline_phase_change_run19,baseline,phase_change,1778426236.0771208,/big.txt,92930048,131072,sequential,1.0000,0.0000,0,1,93061120,4096,1,1,0
176,176_baseline_phase_change_run19,baseline,phase_change,1778426236.0783958,/big.txt,93061120,131072,sequential,1.0000,0.0000,0,1,93192192,4096,1,1,0
176,176_baseline_phase_change_run19,baseline,phase_change,1778426236.0797355,/big.txt,93192192,131072,sequential,1.0000,0.0000,0,1,93323264,4096,1,1,0
176,176_baseline_phase_change_run19,baseline,phase_change,1778426236.0810828,/big.txt,93323264,131072,sequential,1.0000,0.0000,0,1,93454336,4096,1,1,0
176,176_baseline_phase_change_run19,baseline,phase_change,1778426236.0823793,/big.txt,93454336,131072,sequential,1.0000,0.0000,0,1,93585408,4096,1,1,0
176,176_baseline_phase_change_run19,baseline,phase_change,1778426236.0837362,/big.txt,93585408,131072,sequential,1.0000,0.0000,0,1,93716480,4096,1,1,0
176,176_baseline_phase_change_run19,baseline,phase_change,1778426236.0850618,/big.txt,93716480,131072,sequential,1.0000,0.0000,0,1,93847552,4096,1,1,0
176,176_baseline_phase_change_run19,baseline,phase_change,1778426236.0863426,/big.txt,93847552,131072,sequential,1.0000,0.0000,0,1,93978624,4096,1,1,0
176,176_baseline_phase_change_run19,baseline,phase_change,1778426236.0876696,/big.txt,93978624,131072,sequential,1.0000,0.0000,0,1,94109696,4096,1,1,0
176,176_baseline_phase_change_run19,baseline,phase_change,1778426236.0890174,/big.txt,94109696,131072,sequential,1.0000,0.0000,0,1,94240768,4096,1,1,0
176,176_baseline_phase_change_run19,baseline,phase_change,1778426236.0903075,/big.txt,94240768,131072,sequential,1.0000,0.0000,0,1,94371840,4096,1,1,0
176,176_baseline_phase_change_run19,baseline,phase_change,1778426236.0916178,/big.txt,94371840,131072,sequential,1.0000,0.0000,0,1,94502912,4096,1,1,0
176,176_baseline_phase_change_run19,baseline,phase_change,1778426236.092909,/big.txt,94502912,131072,sequential,1.0000,0.0000,0,1,94633984,4096,1,1,0
176,176_baseline_phase_change_run19,baseline,phase_change,1778426236.0941966,/big.txt,94633984,131072,sequential,1.0000,0.0000,0,1,94765056,4096,1,1,0
176,176_baseline_phase_change_run19,baseline,phase_change,1778426236.095509,/big.txt,94765056,131072,sequential,1.0000,0.0000,0,1,94896128,4096,1,1,0
176,176_baseline_phase_change_run19,baseline,phase_change,1778426236.0967848,/big.txt,94896128,131072,sequential,1.0000,0.0000,0,1,95027200,4096,1,1,0
176,176_baseline_phase_change_run19,baseline,phase_change,1778426236.0980644,/big.txt,95027200,131072,sequential,1.0000,0.0000,0,1,95158272,4096,1,1,0
176,176_baseline_phase_change_run19,baseline,phase_change,1778426236.1006076,/big.txt,95158272,131072,sequential,1.0000,0.0000,0,1,95289344,4096,1,1,0
176,176_baseline_phase_change_run19,baseline,phase_change,1778426236.1030223,/big.txt,95289344,131072,sequential,1.0000,0.0000,0,1,95420416,4096,1,1,0
176,176_baseline_phase_change_run19,baseline,phase_change,1778426236.1042986,/big.txt,95420416,131072,sequential,1.0000,0.0000,0,1,95551488,4096,1,1,0
176,176_baseline_phase_change_run19,baseline,phase_change,1778426236.1055846,/big.txt,95551488,131072,sequential,1.0000,0.0000,0,1,95682560,4096,1,1,0
176,176_baseline_phase_change_run19,baseline,phase_change,1778426236.1069086,/big.txt,95682560,131072,sequential,1.0000,0.0000,0,1,95813632,4096,1,1,0
176,176_baseline_phase_change_run19,baseline,phase_change,1778426236.108193,/big.txt,95813632,131072,sequential,1.0000,0.0000,0,1,95944704,4096,1,1,0
176,176_baseline_phase_change_run19,baseline,phase_change,1778426236.109459,/big.txt,95944704,131072,sequential,1.0000,0.0000,0,1,96075776,4096,1,1,0
176,176_baseline_phase_change_run19,baseline,phase_change,1778426236.1107306,/big.txt,96075776,131072,sequential,1.0000,0.0000,0,1,96206848,4096,1,1,0
176,176_baseline_phase_change_run19,baseline,phase_change,1778426236.1120749,/big.txt,96206848,131072,sequential,1.0000,0.0000,0,1,96337920,4096,1,1,0
176,176_baseline_phase_change_run19,baseline,phase_change,1778426236.1133595,/big.txt,96337920,131072,sequential,1.0000,0.0000,0,1,96468992,4096,1,1,0
176,176_baseline_phase_change_run19,baseline,phase_change,1778426236.114625,/big.txt,96468992,131072,sequential,1.0000,0.0000,0,1,96600064,4096,1,1,0
176,176_baseline_phase_change_run19,baseline,phase_change,1778426236.1159577,/big.txt,96600064,131072,sequential,1.0000,0.0000,0,1,96731136,4096,1,1,0
176,176_baseline_phase_change_run19,baseline,phase_change,1778426236.1172357,/big.txt,96731136,131072,sequential,1.0000,0.0000,0,1,96862208,4096,1,1,0
176,176_baseline_phase_change_run19,baseline,phase_change,1778426236.1185148,/big.txt,96862208,131072,sequential,1.0000,0.0000,0,1,96993280,4096,1,1,0
176,176_baseline_phase_change_run19,baseline,phase_change,1778426236.1197927,/big.txt,96993280,131072,sequential,1.0000,0.0000,0,1,97124352,4096,1,1,0
176,176_baseline_phase_change_run19,baseline,phase_change,1778426236.1210752,/big.txt,97124352,131072,sequential,1.0000,0.0000,0,1,97255424,4096,1,1,0
176,176_baseline_phase_change_run19,baseline,phase_change,1778426236.1223543,/big.txt,97255424,131072,sequential,1.0000,0.0000,0,1,97386496,4096,1,1,0
176,176_baseline_phase_change_run19,baseline,phase_change,1778426236.1236918,/big.txt,97386496,131072,sequential,1.0000,0.0000,0,1,97517568,4096,1,1,0
176,176_baseline_phase_change_run19,baseline,phase_change,1778426236.1250553,/big.txt,97517568,131072,sequential,1.0000,0.0000,0,1,97648640,4096,1,1,0
176,176_baseline_phase_change_run19,baseline,phase_change,1778426236.1263552,/big.txt,97648640,131072,sequential,1.0000,0.0000,0,1,97779712,4096,1,1,0
176,176_baseline_phase_change_run19,baseline,phase_change,1778426236.1277125,/big.txt,97779712,131072,sequential,1.0000,0.0000,0,1,97910784,4096,1,1,0
176,176_baseline_phase_change_run19,baseline,phase_change,1778426236.1290617,/big.txt,97910784,131072,sequential,1.0000,0.0000,0,1,98041856,4096,1,1,0
176,176_baseline_phase_change_run19,baseline,phase_change,1778426236.1303806,/big.txt,98041856,131072,sequential,1.0000,0.0000,0,1,98172928,4096,1,1,0
176,176_baseline_phase_change_run19,baseline,phase_change,1778426236.131701,/big.txt,98172928,131072,sequential,1.0000,0.0000,0,1,98304000,4096,1,1,0
176,176_baseline_phase_change_run19,baseline,phase_change,1778426236.1330564,/big.txt,98304000,131072,sequential,1.0000,0.0000,0,1,98435072,4096,1,1,0
176,176_baseline_phase_change_run19,baseline,phase_change,1778426236.1343486,/big.txt,98435072,131072,sequential,1.0000,0.0000,0,1,98566144,4096,1,1,0
176,176_baseline_phase_change_run19,baseline,phase_change,1778426236.1356928,/big.txt,98566144,131072,sequential,1.0000,0.0000,0,1,98697216,4096,1,1,0
176,176_baseline_phase_change_run19,baseline,phase_change,1778426236.1370134,/big.txt,98697216,131072,sequential,1.0000,0.0000,0,1,98828288,4096,1,1,0
176,176_baseline_phase_change_run19,baseline,phase_change,1778426236.1382954,/big.txt,98828288,131072,sequential,1.0000,0.0000,0,1,98959360,4096,1,1,0
176,176_baseline_phase_change_run19,baseline,phase_change,1778426236.1396132,/big.txt,98959360,131072,sequential,1.0000,0.0000,0,1,99090432,4096,1,1,0
176,176_baseline_phase_change_run19,baseline,phase_change,1778426236.1409018,/big.txt,99090432,131072,sequential,1.0000,0.0000,0,1,99221504,4096,1,1,0
176,176_baseline_phase_change_run19,baseline,phase_change,1778426236.1421888,/big.txt,99221504,131072,sequential,1.0000,0.0000,0,1,99352576,4096,1,1,0
176,176_baseline_phase_change_run19,baseline,phase_change,1778426236.1435134,/big.txt,99352576,131072,sequential,1.0000,0.0000,0,1,99483648,4096,1,1,0
176,176_baseline_phase_change_run19,baseline,phase_change,1778426236.1447804,/big.txt,99483648,131072,sequential,1.0000,0.0000,0,1,99614720,4096,1,1,0
176,176_baseline_phase_change_run19,baseline,phase_change,1778426236.1460638,/big.txt,99614720,131072,sequential,1.0000,0.0000,0,1,99745792,4096,1,1,0
176,176_baseline_phase_change_run19,baseline,phase_change,1778426236.1473832,/big.txt,99745792,131072,sequential,1.0000,0.0000,0,1,99876864,4096,1,1,0
176,176_baseline_phase_change_run19,baseline,phase_change,1778426236.148657,/big.txt,99876864,131072,sequential,1.0000,0.0000,0,1,100007936,4096,1,1,0
176,176_baseline_phase_change_run19,baseline,phase_change,1778426236.149927,/big.txt,100007936,131072,sequential,1.0000,0.0000,0,1,100139008,4096,1,1,0
176,176_baseline_phase_change_run19,baseline,phase_change,1778426236.1512587,/big.txt,100139008,131072,sequential,1.0000,0.0000,0,1,100270080,4096,1,1,0
176,176_baseline_phase_change_run19,baseline,phase_change,1778426236.1525397,/big.txt,100270080,131072,sequential,1.0000,0.0000,0,1,100401152,4096,1,1,0
176,176_baseline_phase_change_run19,baseline,phase_change,1778426236.1538224,/big.txt,100401152,131072,sequential,1.0000,0.0000,0,1,100532224,4096,1,1,0
176,176_baseline_phase_change_run19,baseline,phase_change,1778426236.1551414,/big.txt,100532224,131072,sequential,1.0000,0.0000,0,1,100663296,4096,1,1,0
176,176_baseline_phase_change_run19,baseline,phase_change,1778426236.156439,/big.txt,100663296,131072,sequential,1.0000,0.0000,0,1,100794368,4096,1,1,0
176,176_baseline_phase_change_run19,baseline,phase_change,1778426236.157712,/big.txt,100794368,131072,sequential,1.0000,0.0000,0,1,100925440,4096,1,1,0
176,176_baseline_phase_change_run19,baseline,phase_change,1778426236.1591935,/big.txt,100925440,131072,sequential,1.0000,0.0000,0,1,101056512,4096,1,1,0
176,176_baseline_phase_change_run19,baseline,phase_change,1778426236.160497,/big.txt,101056512,131072,sequential,1.0000,0.0000,0,1,101187584,4096,1,1,0
176,176_baseline_phase_change_run19,baseline,phase_change,1778426236.161779,/big.txt,101187584,131072,sequential,1.0000,0.0000,0,1,101318656,4096,1,1,0
176,176_baseline_phase_change_run19,baseline,phase_change,1778426236.1630986,/big.txt,101318656,131072,sequential,1.0000,0.0000,0,1,101449728,4096,1,1,0
176,176_baseline_phase_change_run19,baseline,phase_change,1778426236.1643748,/big.txt,101449728,131072,sequential,1.0000,0.0000,0,1,101580800,4096,1,1,0
176,176_baseline_phase_change_run19,baseline,phase_change,1778426236.165652,/big.txt,101580800,131072,sequential,1.0000,0.0000,0,1,101711872,4096,1,1,0
176,176_baseline_phase_change_run19,baseline,phase_change,1778426236.166966,/big.txt,101711872,131072,sequential,1.0000,0.0000,0,1,101842944,4096,1,1,0
176,176_baseline_phase_change_run19,baseline,phase_change,1778426236.1682506,/big.txt,101842944,131072,sequential,1.0000,0.0000,0,1,101974016,4096,1,1,0
176,176_baseline_phase_change_run19,baseline,phase_change,1778426236.1695378,/big.txt,101974016,131072,sequential,1.0000,0.0000,0,1,102105088,4096,1,1,0
176,176_baseline_phase_change_run19,baseline,phase_change,1778426236.170895,/big.txt,102105088,131072,sequential,1.0000,0.0000,0,1,102236160,4096,1,1,0
176,176_baseline_phase_change_run19,baseline,phase_change,1778426236.1721895,/big.txt,102236160,131072,sequential,1.0000,0.0000,0,1,102367232,4096,1,1,0
176,176_baseline_phase_change_run19,baseline,phase_change,1778426236.1734679,/big.txt,102367232,131072,sequential,1.0000,0.0000,0,1,102498304,4096,1,1,0
176,176_baseline_phase_change_run19,baseline,phase_change,1778426236.1747453,/big.txt,102498304,131072,sequential,1.0000,0.0000,0,1,102629376,4096,1,1,0
176,176_baseline_phase_change_run19,baseline,phase_change,1778426236.1760433,/big.txt,102629376,131072,sequential,1.0000,0.0000,0,1,102760448,4096,1,1,0
176,176_baseline_phase_change_run19,baseline,phase_change,1778426236.1773152,/big.txt,102760448,131072,sequential,1.0000,0.0000,0,1,102891520,4096,1,1,0
176,176_baseline_phase_change_run19,baseline,phase_change,1778426236.1785827,/big.txt,102891520,131072,sequential,1.0000,0.0000,0,1,103022592,4096,1,1,0
176,176_baseline_phase_change_run19,baseline,phase_change,1778426236.179897,/big.txt,103022592,131072,sequential,1.0000,0.0000,0,1,103153664,4096,1,1,0
176,176_baseline_phase_change_run19,baseline,phase_change,1778426236.1811767,/big.txt,103153664,131072,sequential,1.0000,0.0000,0,1,103284736,4096,1,1,0
176,176_baseline_phase_change_run19,baseline,phase_change,1778426236.182446,/big.txt,103284736,131072,sequential,1.0000,0.0000,0,1,103415808,4096,1,1,0
176,176_baseline_phase_change_run19,baseline,phase_change,1778426236.1837578,/big.txt,103415808,131072,sequential,1.0000,0.0000,0,1,103546880,4096,1,1,0
176,176_baseline_phase_change_run19,baseline,phase_change,1778426236.185044,/big.txt,103546880,131072,sequential,1.0000,0.0000,0,1,103677952,4096,1,1,0
176,176_baseline_phase_change_run19,baseline,phase_change,1778426236.1863215,/big.txt,103677952,131072,sequential,1.0000,0.0000,0,1,103809024,4096,1,1,0
176,176_baseline_phase_change_run19,baseline,phase_change,1778426236.187658,/big.txt,103809024,131072,sequential,1.0000,0.0000,0,1,103940096,4096,1,1,0
176,176_baseline_phase_change_run19,baseline,phase_change,1778426236.1889358,/big.txt,103940096,131072,sequential,1.0000,0.0000,0,1,104071168,4096,1,1,0
176,176_baseline_phase_change_run19,baseline,phase_change,1778426236.190221,/big.txt,104071168,131072,sequential,1.0000,0.0000,0,1,104202240,4096,1,1,0
176,176_baseline_phase_change_run19,baseline,phase_change,1778426236.191533,/big.txt,104202240,131072,sequential,1.0000,0.0000,0,1,104333312,4096,1,1,0
176,176_baseline_phase_change_run19,baseline,phase_change,1778426236.1928172,/big.txt,104333312,131072,sequential,1.0000,0.0000,0,1,104464384,4096,1,1,0
176,176_baseline_phase_change_run19,baseline,phase_change,1778426236.194105,/big.txt,104464384,131072,sequential,1.0000,0.0000,0,1,104595456,4096,1,1,0
176,176_baseline_phase_change_run19,baseline,phase_change,1778426236.1953936,/big.txt,104595456,131072,sequential,1.0000,0.0000,0,1,104726528,4096,1,1,0
176,176_baseline_phase_change_run19,baseline,phase_change,1778426236.1966453,/big.txt,104726528,131072,sequential,1.0000,0.0000,0,1,104857600,4096,1,1,0
176,176_baseline_phase_change_run19,baseline,phase_change,1778426236.1967618,/big.txt,104857600,0,sequential,1.0000,0.0000,0,0,,,1,0,0
176,176_baseline_phase_change_run19,baseline,phase_change,1778426236.2006233,/big.txt,20480,4096,irregular,0.7500,0.2500,104837120,1,24576,4096,1,1,0
176,176_baseline_phase_change_run19,baseline,phase_change,1778426236.2030144,/big.txt,491520,4096,irregular,0.5000,0.2500,466944,1,495616,4096,1,1,0
176,176_baseline_phase_change_run19,baseline,phase_change,1778426236.2052107,/big.txt,172032,4096,irregular,0.2500,0.2500,323584,1,176128,4096,1,1,0
176,176_baseline_phase_change_run19,baseline,phase_change,1778426236.207415,/big.txt,1228800,4096,irregular,0.0000,0.2500,1052672,1,1232896,4096,1,1,0
176,176_baseline_phase_change_run19,baseline,phase_change,1778426236.2095404,/big.txt,69632,4096,irregular,0.0000,0.0000,1163264,1,73728,4096,1,1,0
176,176_baseline_phase_change_run19,baseline,phase_change,1778426236.2115839,/big.txt,1024000,4096,irregular,0.0000,0.0000,950272,1,1028096,4096,1,1,0
176,176_baseline_phase_change_run19,baseline,phase_change,1778426236.2138424,/big.txt,360448,4096,irregular,0.0000,0.0000,667648,1,364544,4096,1,1,0
176,176_baseline_phase_change_run19,baseline,phase_change,1778426236.2158194,/big.txt,778240,4096,irregular,0.0000,0.0000,413696,1,782336,4096,1,1,0
176,176_baseline_phase_change_run19,baseline,phase_change,1778426236.2179098,/big.txt,245760,4096,irregular,0.0000,0.0000,536576,1,249856,4096,1,1,0
176,176_baseline_phase_change_run19,baseline,phase_change,1778426236.2199557,/big.txt,40960,4096,irregular,0.0000,0.0000,208896,1,45056,4096,1,1,0
176,176_baseline_phase_change_run19,baseline,phase_change,1778426236.2220674,/big.txt,1363968,4096,irregular,0.0000,0.0000,1318912,1,1368064,4096,1,1,0
176,176_baseline_phase_change_run19,baseline,phase_change,1778426236.2242126,/big.txt,307200,4096,irregular,0.0000,0.0000,1060864,1,311296,4096,1,1,0
176,176_baseline_phase_change_run19,baseline,phase_change,1778426236.2263513,/big.txt,2097152,4096,irregular,0.0000,0.0000,1785856,1,2101248,4096,1,1,0
176,176_baseline_phase_change_run19,baseline,phase_change,1778426236.2285845,/big.txt,819200,4096,irregular,0.0000,0.0000,1282048,1,823296,4096,1,1,0
176,176_baseline_phase_change_run19,baseline,phase_change,1778426236.2305992,/big.txt,1843200,4096,irregular,0.0000,0.0000,1019904,1,1847296,4096,1,1,0
176,176_baseline_phase_change_run19,baseline,phase_change,1778426236.232669,/big.txt,405504,4096,irregular,0.0000,0.0000,1441792,1,409600,4096,1,1,0
176,176_baseline_phase_change_run19,baseline,phase_change,1778426236.2348275,/big.txt,2457600,4096,irregular,0.0000,0.0000,2048000,1,2461696,4096,1,1,0
176,176_baseline_phase_change_run19,baseline,phase_change,1778426236.2369487,/big.txt,614400,4096,irregular,0.0000,0.0000,1847296,1,618496,4096,1,1,0
176,176_baseline_phase_change_run19,baseline,phase_change,1778426236.2389965,/big.txt,2949120,4096,irregular,0.0000,0.0000,2330624,1,2953216,4096,1,1,0
176,176_baseline_phase_change_run19,baseline,phase_change,1778426236.2411416,/big.txt,1556480,4096,irregular,0.0000,0.0000,1396736,1,1560576,4096,1,1,0
176,176_baseline_phase_change_run19,baseline,phase_change,1778426236.2433145,/big.txt,102400,4096,irregular,0.0000,0.0000,1458176,1,106496,4096,1,1,0
176,176_baseline_phase_change_run19,baseline,phase_change,1778426236.2454462,/big.txt,1966080,4096,irregular,0.0000,0.0000,1859584,1,1970176,4096,1,1,0
176,176_baseline_phase_change_run19,baseline,phase_change,1778426236.2475107,/big.txt,2621440,4096,irregular,0.0000,0.0000,651264,1,2625536,4096,1,1,0
176,176_baseline_phase_change_run19,baseline,phase_change,1778426236.249709,/big.txt,225280,4096,irregular,0.0000,0.0000,2400256,1,229376,4096,1,1,0
176,176_baseline_phase_change_run19,baseline,phase_change,1778426236.251706,/big.txt,3317760,4096,irregular,0.0000,0.0000,3088384,1,3321856,4096,1,1,0
176,176_baseline_phase_change_run19,baseline,phase_change,1778426236.253828,/big.txt,0,131072,irregular,0.0000,0.0000,3321856,1,131072,4096,1,1,0
176,176_baseline_phase_change_run19,baseline,phase_change,1778426236.2552612,/big.txt,131072,131072,irregular,0.2500,0.0000,0,1,262144,4096,1,1,0
176,176_baseline_phase_change_run19,baseline,phase_change,1778426236.2565317,/big.txt,262144,131072,irregular,0.5000,0.0000,0,1,393216,4096,1,1,0
176,176_baseline_phase_change_run19,baseline,phase_change,1778426236.2577984,/big.txt,393216,131072,irregular,0.7500,0.0000,0,1,524288,4096,1,1,0
176,176_baseline_phase_change_run19,baseline,phase_change,1778426236.2590942,/big.txt,524288,131072,sequential,1.0000,0.0000,0,1,655360,4096,1,1,0
176,176_baseline_phase_change_run19,baseline,phase_change,1778426236.260351,/big.txt,655360,131072,sequential,1.0000,0.0000,0,1,786432,4096,1,1,0
176,176_baseline_phase_change_run19,baseline,phase_change,1778426236.2616048,/big.txt,786432,131072,sequential,1.0000,0.0000,0,1,917504,4096,1,1,0
176,176_baseline_phase_change_run19,baseline,phase_change,1778426236.2629035,/big.txt,917504,131072,sequential,1.0000,0.0000,0,1,1048576,4096,1,1,0
176,176_baseline_phase_change_run19,baseline,phase_change,1778426236.264165,/big.txt,1048576,131072,sequential,1.0000,0.0000,0,1,1179648,4096,1,1,0
176,176_baseline_phase_change_run19,baseline,phase_change,1778426236.2654183,/big.txt,1179648,131072,sequential,1.0000,0.0000,0,1,1310720,4096,1,1,0
176,176_baseline_phase_change_run19,baseline,phase_change,1778426236.2666676,/big.txt,1310720,131072,sequential,1.0000,0.0000,0,1,1441792,4096,1,1,0
176,176_baseline_phase_change_run19,baseline,phase_change,1778426236.2679741,/big.txt,1441792,131072,sequential,1.0000,0.0000,0,1,1572864,4096,1,1,0
176,176_baseline_phase_change_run19,baseline,phase_change,1778426236.2692401,/big.txt,1572864,131072,sequential,1.0000,0.0000,0,1,1703936,4096,1,1,0
176,176_baseline_phase_change_run19,baseline,phase_change,1778426236.2704873,/big.txt,1703936,131072,sequential,1.0000,0.0000,0,1,1835008,4096,1,1,0
176,176_baseline_phase_change_run19,baseline,phase_change,1778426236.271775,/big.txt,1835008,131072,sequential,1.0000,0.0000,0,1,1966080,4096,1,1,0
176,176_baseline_phase_change_run19,baseline,phase_change,1778426236.273034,/big.txt,1966080,131072,sequential,1.0000,0.0000,0,1,2097152,4096,1,1,0
176,176_baseline_phase_change_run19,baseline,phase_change,1778426236.2742887,/big.txt,2097152,131072,sequential,1.0000,0.0000,0,1,2228224,4096,1,1,0
176,176_baseline_phase_change_run19,baseline,phase_change,1778426236.2755804,/big.txt,2228224,131072,sequential,1.0000,0.0000,0,1,2359296,4096,1,1,0
176,176_baseline_phase_change_run19,baseline,phase_change,1778426236.2768445,/big.txt,2359296,131072,sequential,1.0000,0.0000,0,1,2490368,4096,1,1,0
176,176_baseline_phase_change_run19,baseline,phase_change,1778426236.2780998,/big.txt,2490368,131072,sequential,1.0000,0.0000,0,1,2621440,4096,1,1,0
176,176_baseline_phase_change_run19,baseline,phase_change,1778426236.2794387,/big.txt,2621440,131072,sequential,1.0000,0.0000,0,1,2752512,4096,1,1,0
176,176_baseline_phase_change_run19,baseline,phase_change,1778426236.280706,/big.txt,2752512,131072,sequential,1.0000,0.0000,0,1,2883584,4096,1,1,0
176,176_baseline_phase_change_run19,baseline,phase_change,1778426236.281958,/big.txt,2883584,131072,sequential,1.0000,0.0000,0,1,3014656,4096,1,1,0
176,176_baseline_phase_change_run19,baseline,phase_change,1778426236.283269,/big.txt,3014656,131072,sequential,1.0000,0.0000,0,1,3145728,4096,1,1,0
176,176_baseline_phase_change_run19,baseline,phase_change,1778426236.2845302,/big.txt,3145728,131072,sequential,1.0000,0.0000,0,1,3276800,4096,1,1,0
176,176_baseline_phase_change_run19,baseline,phase_change,1778426236.2857804,/big.txt,3276800,131072,sequential,1.0000,0.0000,0,1,3407872,4096,1,1,0
176,176_baseline_phase_change_run19,baseline,phase_change,1778426236.2872663,/big.txt,3407872,131072,sequential,1.0000,0.0000,0,1,3538944,4096,1,1,0
176,176_baseline_phase_change_run19,baseline,phase_change,1778426236.2885542,/big.txt,3538944,131072,sequential,1.0000,0.0000,0,1,3670016,4096,1,1,0
176,176_baseline_phase_change_run19,baseline,phase_change,1778426236.2898211,/big.txt,3670016,131072,sequential,1.0000,0.0000,0,1,3801088,4096,1,1,0
176,176_baseline_phase_change_run19,baseline,phase_change,1778426236.291123,/big.txt,3801088,131072,sequential,1.0000,0.0000,0,1,3932160,4096,1,1,0
176,176_baseline_phase_change_run19,baseline,phase_change,1778426236.29238,/big.txt,3932160,131072,sequential,1.0000,0.0000,0,1,4063232,4096,1,1,0
176,176_baseline_phase_change_run19,baseline,phase_change,1778426236.293637,/big.txt,4063232,131072,sequential,1.0000,0.0000,0,1,4194304,4096,1,1,0
176,176_baseline_phase_change_run19,baseline,phase_change,1778426236.2949347,/big.txt,4194304,131072,sequential,1.0000,0.0000,0,1,4325376,4096,1,1,0
176,176_baseline_phase_change_run19,baseline,phase_change,1778426236.2962005,/big.txt,4325376,131072,sequential,1.0000,0.0000,0,1,4456448,4096,1,1,0
176,176_baseline_phase_change_run19,baseline,phase_change,1778426236.2974508,/big.txt,4456448,131072,sequential,1.0000,0.0000,0,1,4587520,4096,1,1,0
176,176_baseline_phase_change_run19,baseline,phase_change,1778426236.2987072,/big.txt,4587520,131072,sequential,1.0000,0.0000,0,1,4718592,4096,1,1,0
176,176_baseline_phase_change_run19,baseline,phase_change,1778426236.2999997,/big.txt,4718592,131072,sequential,1.0000,0.0000,0,1,4849664,4096,1,1,0
176,176_baseline_phase_change_run19,baseline,phase_change,1778426236.3012679,/big.txt,4849664,131072,sequential,1.0000,0.0000,0,1,4980736,4096,1,1,0
176,176_baseline_phase_change_run19,baseline,phase_change,1778426236.302521,/big.txt,4980736,131072,sequential,1.0000,0.0000,0,1,5111808,4096,1,1,0
176,176_baseline_phase_change_run19,baseline,phase_change,1778426236.3038185,/big.txt,5111808,131072,sequential,1.0000,0.0000,0,1,5242880,4096,1,1,0
176,176_baseline_phase_change_run19,baseline,phase_change,1778426236.3050752,/big.txt,5242880,131072,sequential,1.0000,0.0000,0,1,5373952,4096,1,1,0
176,176_baseline_phase_change_run19,baseline,phase_change,1778426236.3063252,/big.txt,5373952,131072,sequential,1.0000,0.0000,0,1,5505024,4096,1,1,0
176,176_baseline_phase_change_run19,baseline,phase_change,1778426236.307626,/big.txt,5505024,131072,sequential,1.0000,0.0000,0,1,5636096,4096,1,1,0
176,176_baseline_phase_change_run19,baseline,phase_change,1778426236.30894,/big.txt,5636096,131072,sequential,1.0000,0.0000,0,1,5767168,4096,1,1,0
176,176_baseline_phase_change_run19,baseline,phase_change,1778426236.3101978,/big.txt,5767168,131072,sequential,1.0000,0.0000,0,1,5898240,4096,1,1,0
176,176_baseline_phase_change_run19,baseline,phase_change,1778426236.3115172,/big.txt,5898240,131072,sequential,1.0000,0.0000,0,1,6029312,4096,1,1,0
176,176_baseline_phase_change_run19,baseline,phase_change,1778426236.3127797,/big.txt,6029312,131072,sequential,1.0000,0.0000,0,1,6160384,4096,1,1,0
176,176_baseline_phase_change_run19,baseline,phase_change,1778426236.3140464,/big.txt,6160384,131072,sequential,1.0000,0.0000,0,1,6291456,4096,1,1,0
176,176_baseline_phase_change_run19,baseline,phase_change,1778426236.3153415,/big.txt,6291456,131072,sequential,1.0000,0.0000,0,1,6422528,4096,1,1,0
176,176_baseline_phase_change_run19,baseline,phase_change,1778426236.3166003,/big.txt,6422528,131072,sequential,1.0000,0.0000,0,1,6553600,4096,1,1,0
176,176_baseline_phase_change_run19,baseline,phase_change,1778426236.317864,/big.txt,6553600,131072,sequential,1.0000,0.0000,0,1,6684672,4096,1,1,0
176,176_baseline_phase_change_run19,baseline,phase_change,1778426236.3193197,/big.txt,6684672,131072,sequential,1.0000,0.0000,0,1,6815744,4096,1,1,0
176,176_baseline_phase_change_run19,baseline,phase_change,1778426236.320578,/big.txt,6815744,131072,sequential,1.0000,0.0000,0,1,6946816,4096,1,1,0
176,176_baseline_phase_change_run19,baseline,phase_change,1778426236.321839,/big.txt,6946816,131072,sequential,1.0000,0.0000,0,1,7077888,4096,1,1,0
176,176_baseline_phase_change_run19,baseline,phase_change,1778426236.323149,/big.txt,7077888,131072,sequential,1.0000,0.0000,0,1,7208960,4096,1,1,0
176,176_baseline_phase_change_run19,baseline,phase_change,1778426236.3244073,/big.txt,7208960,131072,sequential,1.0000,0.0000,0,1,7340032,4096,1,1,0
176,176_baseline_phase_change_run19,baseline,phase_change,1778426236.325669,/big.txt,7340032,131072,sequential,1.0000,0.0000,0,1,7471104,4096,1,1,0
176,176_baseline_phase_change_run19,baseline,phase_change,1778426236.3269596,/big.txt,7471104,131072,sequential,1.0000,0.0000,0,1,7602176,4096,1,1,0
176,176_baseline_phase_change_run19,baseline,phase_change,1778426236.3282192,/big.txt,7602176,131072,sequential,1.0000,0.0000,0,1,7733248,4096,1,1,0
176,176_baseline_phase_change_run19,baseline,phase_change,1778426236.329482,/big.txt,7733248,131072,sequential,1.0000,0.0000,0,1,7864320,4096,1,1,0
176,176_baseline_phase_change_run19,baseline,phase_change,1778426236.33075,/big.txt,7864320,131072,sequential,1.0000,0.0000,0,1,7995392,4096,1,1,0
176,176_baseline_phase_change_run19,baseline,phase_change,1778426236.3320403,/big.txt,7995392,131072,sequential,1.0000,0.0000,0,1,8126464,4096,1,1,0
176,176_baseline_phase_change_run19,baseline,phase_change,1778426236.333302,/big.txt,8126464,131072,sequential,1.0000,0.0000,0,1,8257536,4096,1,1,0
176,176_baseline_phase_change_run19,baseline,phase_change,1778426236.334548,/big.txt,8257536,131072,sequential,1.0000,0.0000,0,1,8388608,4096,1,1,0
176,176_baseline_phase_change_run19,baseline,phase_change,1778426236.3358195,/big.txt,8388608,131072,sequential,1.0000,0.0000,0,1,8519680,4096,1,1,0
176,176_baseline_phase_change_run19,baseline,phase_change,1778426236.3370817,/big.txt,8519680,131072,sequential,1.0000,0.0000,0,1,8650752,4096,1,1,0
176,176_baseline_phase_change_run19,baseline,phase_change,1778426236.3383424,/big.txt,8650752,131072,sequential,1.0000,0.0000,0,1,8781824,4096,1,1,0
176,176_baseline_phase_change_run19,baseline,phase_change,1778426236.3396733,/big.txt,8781824,131072,sequential,1.0000,0.0000,0,1,8912896,4096,1,1,0
176,176_baseline_phase_change_run19,baseline,phase_change,1778426236.3409889,/big.txt,8912896,131072,sequential,1.0000,0.0000,0,1,9043968,4096,1,1,0
176,176_baseline_phase_change_run19,baseline,phase_change,1778426236.3422494,/big.txt,9043968,131072,sequential,1.0000,0.0000,0,1,9175040,4096,1,1,0
176,176_baseline_phase_change_run19,baseline,phase_change,1778426236.3435483,/big.txt,9175040,131072,sequential,1.0000,0.0000,0,1,9306112,4096,1,1,0
176,176_baseline_phase_change_run19,baseline,phase_change,1778426236.344812,/big.txt,9306112,131072,sequential,1.0000,0.0000,0,1,9437184,4096,1,1,0
176,176_baseline_phase_change_run19,baseline,phase_change,1778426236.3460755,/big.txt,9437184,131072,sequential,1.0000,0.0000,0,1,9568256,4096,1,1,0
176,176_baseline_phase_change_run19,baseline,phase_change,1778426236.347382,/big.txt,9568256,131072,sequential,1.0000,0.0000,0,1,9699328,4096,1,1,0
176,176_baseline_phase_change_run19,baseline,phase_change,1778426236.3486507,/big.txt,9699328,131072,sequential,1.0000,0.0000,0,1,9830400,4096,1,1,0
176,176_baseline_phase_change_run19,baseline,phase_change,1778426236.3499029,/big.txt,9830400,131072,sequential,1.0000,0.0000,0,1,9961472,4096,1,1,0
176,176_baseline_phase_change_run19,baseline,phase_change,1778426236.351256,/big.txt,9961472,131072,sequential,1.0000,0.0000,0,1,10092544,4096,1,1,0
176,176_baseline_phase_change_run19,baseline,phase_change,1778426236.3525174,/big.txt,10092544,131072,sequential,1.0000,0.0000,0,1,10223616,4096,1,1,0
176,176_baseline_phase_change_run19,baseline,phase_change,1778426236.3537724,/big.txt,10223616,131072,sequential,1.0000,0.0000,0,1,10354688,4096,1,1,0
176,176_baseline_phase_change_run19,baseline,phase_change,1778426236.3550782,/big.txt,10354688,131072,sequential,1.0000,0.0000,0,1,10485760,4096,1,1,0
176,176_baseline_phase_change_run19,baseline,phase_change,1778426236.3563375,/big.txt,10485760,131072,sequential,1.0000,0.0000,0,1,10616832,4096,1,1,0
176,176_baseline_phase_change_run19,baseline,phase_change,1778426236.3575964,/big.txt,10616832,131072,sequential,1.0000,0.0000,0,1,10747904,4096,1,1,0
176,176_baseline_phase_change_run19,baseline,phase_change,1778426236.3588943,/big.txt,10747904,131072,sequential,1.0000,0.0000,0,1,10878976,4096,1,1,0
176,176_baseline_phase_change_run19,baseline,phase_change,1778426236.3601387,/big.txt,10878976,131072,sequential,1.0000,0.0000,0,1,11010048,4096,1,1,0
176,176_baseline_phase_change_run19,baseline,phase_change,1778426236.3613906,/big.txt,11010048,131072,sequential,1.0000,0.0000,0,1,11141120,4096,1,1,0
176,176_baseline_phase_change_run19,baseline,phase_change,1778426236.3626468,/big.txt,11141120,131072,sequential,1.0000,0.0000,0,1,11272192,4096,1,1,0
176,176_baseline_phase_change_run19,baseline,phase_change,1778426236.3639467,/big.txt,11272192,131072,sequential,1.0000,0.0000,0,1,11403264,4096,1,1,0
176,176_baseline_phase_change_run19,baseline,phase_change,1778426236.365174,/big.txt,11403264,131072,sequential,1.0000,0.0000,0,1,11534336,4096,1,1,0
176,176_baseline_phase_change_run19,baseline,phase_change,1778426236.3664303,/big.txt,11534336,131072,sequential,1.0000,0.0000,0,1,11665408,4096,1,1,0
176,176_baseline_phase_change_run19,baseline,phase_change,1778426236.3677363,/big.txt,11665408,131072,sequential,1.0000,0.0000,0,1,11796480,4096,1,1,0
176,176_baseline_phase_change_run19,baseline,phase_change,1778426236.3690064,/big.txt,11796480,131072,sequential,1.0000,0.0000,0,1,11927552,4096,1,1,0
176,176_baseline_phase_change_run19,baseline,phase_change,1778426236.370215,/big.txt,11927552,131072,sequential,1.0000,0.0000,0,1,12058624,4096,1,1,0
176,176_baseline_phase_change_run19,baseline,phase_change,1778426236.3715205,/big.txt,12058624,131072,sequential,1.0000,0.0000,0,1,12189696,4096,1,1,0
176,176_baseline_phase_change_run19,baseline,phase_change,1778426236.3727908,/big.txt,12189696,131072,sequential,1.0000,0.0000,0,1,12320768,4096,1,1,0
176,176_baseline_phase_change_run19,baseline,phase_change,1778426236.3740435,/big.txt,12320768,131072,sequential,1.0000,0.0000,0,1,12451840,4096,1,1,0
176,176_baseline_phase_change_run19,baseline,phase_change,1778426236.375352,/big.txt,12451840,131072,sequential,1.0000,0.0000,0,1,12582912,4096,1,1,0
176,176_baseline_phase_change_run19,baseline,phase_change,1778426236.3766084,/big.txt,12582912,131072,sequential,1.0000,0.0000,0,1,12713984,4096,1,1,0
176,176_baseline_phase_change_run19,baseline,phase_change,1778426236.377871,/big.txt,12713984,131072,sequential,1.0000,0.0000,0,1,12845056,4096,1,1,0
176,176_baseline_phase_change_run19,baseline,phase_change,1778426236.3791661,/big.txt,12845056,131072,sequential,1.0000,0.0000,0,1,12976128,4096,1,1,0
176,176_baseline_phase_change_run19,baseline,phase_change,1778426236.3804202,/big.txt,12976128,131072,sequential,1.0000,0.0000,0,1,13107200,4096,1,1,0
176,176_baseline_phase_change_run19,baseline,phase_change,1778426236.381678,/big.txt,13107200,131072,sequential,1.0000,0.0000,0,1,13238272,4096,1,1,0
176,176_baseline_phase_change_run19,baseline,phase_change,1778426236.383091,/big.txt,13238272,131072,sequential,1.0000,0.0000,0,1,13369344,4096,1,1,0
176,176_baseline_phase_change_run19,baseline,phase_change,1778426236.3855877,/big.txt,13369344,131072,sequential,1.0000,0.0000,0,1,13500416,4096,1,1,0
176,176_baseline_phase_change_run19,baseline,phase_change,1778426236.3881419,/big.txt,13500416,131072,sequential,1.0000,0.0000,0,1,13631488,4096,1,1,0
176,176_baseline_phase_change_run19,baseline,phase_change,1778426236.3906345,/big.txt,13631488,131072,sequential,1.0000,0.0000,0,1,13762560,4096,1,1,0
176,176_baseline_phase_change_run19,baseline,phase_change,1778426236.3931823,/big.txt,13762560,131072,sequential,1.0000,0.0000,0,1,13893632,4096,1,1,0
176,176_baseline_phase_change_run19,baseline,phase_change,1778426236.3951113,/big.txt,13893632,131072,sequential,1.0000,0.0000,0,1,14024704,4096,1,1,0
176,176_baseline_phase_change_run19,baseline,phase_change,1778426236.396361,/big.txt,14024704,131072,sequential,1.0000,0.0000,0,1,14155776,4096,1,1,0
176,176_baseline_phase_change_run19,baseline,phase_change,1778426236.3976133,/big.txt,14155776,131072,sequential,1.0000,0.0000,0,1,14286848,4096,1,1,0
176,176_baseline_phase_change_run19,baseline,phase_change,1778426236.3989644,/big.txt,14286848,131072,sequential,1.0000,0.0000,0,1,14417920,4096,1,1,0
176,176_baseline_phase_change_run19,baseline,phase_change,1778426236.4002404,/big.txt,14417920,131072,sequential,1.0000,0.0000,0,1,14548992,4096,1,1,0
176,176_baseline_phase_change_run19,baseline,phase_change,1778426236.4014943,/big.txt,14548992,131072,sequential,1.0000,0.0000,0,1,14680064,4096,1,1,0
176,176_baseline_phase_change_run19,baseline,phase_change,1778426236.402744,/big.txt,14680064,131072,sequential,1.0000,0.0000,0,1,14811136,4096,1,1,0
176,176_baseline_phase_change_run19,baseline,phase_change,1778426236.4040248,/big.txt,14811136,131072,sequential,1.0000,0.0000,0,1,14942208,4096,1,1,0
176,176_baseline_phase_change_run19,baseline,phase_change,1778426236.40528,/big.txt,14942208,131072,sequential,1.0000,0.0000,0,1,15073280,4096,1,1,0
176,176_baseline_phase_change_run19,baseline,phase_change,1778426236.4065318,/big.txt,15073280,131072,sequential,1.0000,0.0000,0,1,15204352,4096,1,1,0
176,176_baseline_phase_change_run19,baseline,phase_change,1778426236.4077919,/big.txt,15204352,131072,sequential,1.0000,0.0000,0,1,15335424,4096,1,1,0
176,176_baseline_phase_change_run19,baseline,phase_change,1778426236.4090486,/big.txt,15335424,131072,sequential,1.0000,0.0000,0,1,15466496,4096,1,1,0
176,176_baseline_phase_change_run19,baseline,phase_change,1778426236.4103053,/big.txt,15466496,131072,sequential,1.0000,0.0000,0,1,15597568,4096,1,1,0
176,176_baseline_phase_change_run19,baseline,phase_change,1778426236.4116163,/big.txt,15597568,131072,sequential,1.0000,0.0000,0,1,15728640,4096,1,1,0
176,176_baseline_phase_change_run19,baseline,phase_change,1778426236.4129026,/big.txt,15728640,131072,sequential,1.0000,0.0000,0,1,15859712,4096,1,1,0
176,176_baseline_phase_change_run19,baseline,phase_change,1778426236.4141686,/big.txt,15859712,131072,sequential,1.0000,0.0000,0,1,15990784,4096,1,1,0
176,176_baseline_phase_change_run19,baseline,phase_change,1778426236.4154732,/big.txt,15990784,131072,sequential,1.0000,0.0000,0,1,16121856,4096,1,1,0
176,176_baseline_phase_change_run19,baseline,phase_change,1778426236.4167345,/big.txt,16121856,131072,sequential,1.0000,0.0000,0,1,16252928,4096,1,1,0
176,176_baseline_phase_change_run19,baseline,phase_change,1778426236.4179811,/big.txt,16252928,131072,sequential,1.0000,0.0000,0,1,16384000,4096,1,1,0
176,176_baseline_phase_change_run19,baseline,phase_change,1778426236.4193137,/big.txt,16384000,131072,sequential,1.0000,0.0000,0,1,16515072,4096,1,1,0
176,176_baseline_phase_change_run19,baseline,phase_change,1778426236.4205859,/big.txt,16515072,131072,sequential,1.0000,0.0000,0,1,16646144,4096,1,1,0
176,176_baseline_phase_change_run19,baseline,phase_change,1778426236.42183,/big.txt,16646144,131072,sequential,1.0000,0.0000,0,1,16777216,4096,1,1,0
176,176_baseline_phase_change_run19,baseline,phase_change,1778426236.423122,/big.txt,16777216,131072,sequential,1.0000,0.0000,0,1,16908288,4096,1,1,0
176,176_baseline_phase_change_run19,baseline,phase_change,1778426236.4243898,/big.txt,16908288,131072,sequential,1.0000,0.0000,0,1,17039360,4096,1,1,0
176,176_baseline_phase_change_run19,baseline,phase_change,1778426236.4256496,/big.txt,17039360,131072,sequential,1.0000,0.0000,0,1,17170432,4096,1,1,0
176,176_baseline_phase_change_run19,baseline,phase_change,1778426236.4269521,/big.txt,17170432,131072,sequential,1.0000,0.0000,0,1,17301504,4096,1,1,0
176,176_baseline_phase_change_run19,baseline,phase_change,1778426236.428215,/big.txt,17301504,131072,sequential,1.0000,0.0000,0,1,17432576,4096,1,1,0
176,176_baseline_phase_change_run19,baseline,phase_change,1778426236.4294696,/big.txt,17432576,131072,sequential,1.0000,0.0000,0,1,17563648,4096,1,1,0
176,176_baseline_phase_change_run19,baseline,phase_change,1778426236.4307222,/big.txt,17563648,131072,sequential,1.0000,0.0000,0,1,17694720,4096,1,1,0
176,176_baseline_phase_change_run19,baseline,phase_change,1778426236.4320369,/big.txt,17694720,131072,sequential,1.0000,0.0000,0,1,17825792,4096,1,1,0
176,176_baseline_phase_change_run19,baseline,phase_change,1778426236.4332862,/big.txt,17825792,131072,sequential,1.0000,0.0000,0,1,17956864,4096,1,1,0
176,176_baseline_phase_change_run19,baseline,phase_change,1778426236.434544,/big.txt,17956864,131072,sequential,1.0000,0.0000,0,1,18087936,4096,1,1,0
176,176_baseline_phase_change_run19,baseline,phase_change,1778426236.4358115,/big.txt,18087936,131072,sequential,1.0000,0.0000,0,1,18219008,4096,1,1,0
176,176_baseline_phase_change_run19,baseline,phase_change,1778426236.437084,/big.txt,18219008,131072,sequential,1.0000,0.0000,0,1,18350080,4096,1,1,0
176,176_baseline_phase_change_run19,baseline,phase_change,1778426236.4383256,/big.txt,18350080,131072,sequential,1.0000,0.0000,0,1,18481152,4096,1,1,0
176,176_baseline_phase_change_run19,baseline,phase_change,1778426236.4396222,/big.txt,18481152,131072,sequential,1.0000,0.0000,0,1,18612224,4096,1,1,0
176,176_baseline_phase_change_run19,baseline,phase_change,1778426236.440946,/big.txt,18612224,131072,sequential,1.0000,0.0000,0,1,18743296,4096,1,1,0
176,176_baseline_phase_change_run19,baseline,phase_change,1778426236.442203,/big.txt,18743296,131072,sequential,1.0000,0.0000,0,1,18874368,4096,1,1,0
176,176_baseline_phase_change_run19,baseline,phase_change,1778426236.4434938,/big.txt,18874368,131072,sequential,1.0000,0.0000,0,1,19005440,4096,1,1,0
176,176_baseline_phase_change_run19,baseline,phase_change,1778426236.4447582,/big.txt,19005440,131072,sequential,1.0000,0.0000,0,1,19136512,4096,1,1,0
176,176_baseline_phase_change_run19,baseline,phase_change,1778426236.446012,/big.txt,19136512,131072,sequential,1.0000,0.0000,0,1,19267584,4096,1,1,0
176,176_baseline_phase_change_run19,baseline,phase_change,1778426236.4473305,/big.txt,19267584,131072,sequential,1.0000,0.0000,0,1,19398656,4096,1,1,0
176,176_baseline_phase_change_run19,baseline,phase_change,1778426236.448588,/big.txt,19398656,131072,sequential,1.0000,0.0000,0,1,19529728,4096,1,1,0
176,176_baseline_phase_change_run19,baseline,phase_change,1778426236.4498448,/big.txt,19529728,131072,sequential,1.0000,0.0000,0,1,19660800,4096,1,1,0
176,176_baseline_phase_change_run19,baseline,phase_change,1778426236.4513369,/big.txt,19660800,131072,sequential,1.0000,0.0000,0,1,19791872,4096,1,1,0
176,176_baseline_phase_change_run19,baseline,phase_change,1778426236.452598,/big.txt,19791872,131072,sequential,1.0000,0.0000,0,1,19922944,4096,1,1,0
176,176_baseline_phase_change_run19,baseline,phase_change,1778426236.4538553,/big.txt,19922944,131072,sequential,1.0000,0.0000,0,1,20054016,4096,1,1,0
176,176_baseline_phase_change_run19,baseline,phase_change,1778426236.455148,/big.txt,20054016,131072,sequential,1.0000,0.0000,0,1,20185088,4096,1,1,0
176,176_baseline_phase_change_run19,baseline,phase_change,1778426236.4564095,/big.txt,20185088,131072,sequential,1.0000,0.0000,0,1,20316160,4096,1,1,0
176,176_baseline_phase_change_run19,baseline,phase_change,1778426236.457664,/big.txt,20316160,131072,sequential,1.0000,0.0000,0,1,20447232,4096,1,1,0
176,176_baseline_phase_change_run19,baseline,phase_change,1778426236.4589617,/big.txt,20447232,131072,sequential,1.0000,0.0000,0,1,20578304,4096,1,1,0
176,176_baseline_phase_change_run19,baseline,phase_change,1778426236.4602118,/big.txt,20578304,131072,sequential,1.0000,0.0000,0,1,20709376,4096,1,1,0
176,176_baseline_phase_change_run19,baseline,phase_change,1778426236.4614685,/big.txt,20709376,131072,sequential,1.0000,0.0000,0,1,20840448,4096,1,1,0
176,176_baseline_phase_change_run19,baseline,phase_change,1778426236.462713,/big.txt,20840448,131072,sequential,1.0000,0.0000,0,1,20971520,4096,1,1,0
176,176_baseline_phase_change_run19,baseline,phase_change,1778426236.4641058,/big.txt,20971520,131072,sequential,1.0000,0.0000,0,1,21102592,4096,1,1,0
176,176_baseline_phase_change_run19,baseline,phase_change,1778426236.465478,/big.txt,21102592,131072,sequential,1.0000,0.0000,0,1,21233664,4096,1,1,0
176,176_baseline_phase_change_run19,baseline,phase_change,1778426236.4667845,/big.txt,21233664,131072,sequential,1.0000,0.0000,0,1,21364736,4096,1,1,0
176,176_baseline_phase_change_run19,baseline,phase_change,1778426236.4681563,/big.txt,21364736,131072,sequential,1.0000,0.0000,0,1,21495808,4096,1,1,0
176,176_baseline_phase_change_run19,baseline,phase_change,1778426236.469424,/big.txt,21495808,131072,sequential,1.0000,0.0000,0,1,21626880,4096,1,1,0
176,176_baseline_phase_change_run19,baseline,phase_change,1778426236.470688,/big.txt,21626880,131072,sequential,1.0000,0.0000,0,1,21757952,4096,1,1,0
176,176_baseline_phase_change_run19,baseline,phase_change,1778426236.4719667,/big.txt,21757952,131072,sequential,1.0000,0.0000,0,1,21889024,4096,1,1,0
176,176_baseline_phase_change_run19,baseline,phase_change,1778426236.4732292,/big.txt,21889024,131072,sequential,1.0000,0.0000,0,1,22020096,4096,1,1,0
176,176_baseline_phase_change_run19,baseline,phase_change,1778426236.4744797,/big.txt,22020096,131072,sequential,1.0000,0.0000,0,1,22151168,4096,1,1,0
176,176_baseline_phase_change_run19,baseline,phase_change,1778426236.4757469,/big.txt,22151168,131072,sequential,1.0000,0.0000,0,1,22282240,4096,1,1,0
176,176_baseline_phase_change_run19,baseline,phase_change,1778426236.4770064,/big.txt,22282240,131072,sequential,1.0000,0.0000,0,1,22413312,4096,1,1,0
176,176_baseline_phase_change_run19,baseline,phase_change,1778426236.4782548,/big.txt,22413312,131072,sequential,1.0000,0.0000,0,1,22544384,4096,1,1,0
176,176_baseline_phase_change_run19,baseline,phase_change,1778426236.4795556,/big.txt,22544384,131072,sequential,1.0000,0.0000,0,1,22675456,4096,1,1,0
176,176_baseline_phase_change_run19,baseline,phase_change,1778426236.4808197,/big.txt,22675456,131072,sequential,1.0000,0.0000,0,1,22806528,4096,1,1,0
176,176_baseline_phase_change_run19,baseline,phase_change,1778426236.482087,/big.txt,22806528,131072,sequential,1.0000,0.0000,0,1,22937600,4096,1,1,0
176,176_baseline_phase_change_run19,baseline,phase_change,1778426236.483399,/big.txt,22937600,131072,sequential,1.0000,0.0000,0,1,23068672,4096,1,1,0
176,176_baseline_phase_change_run19,baseline,phase_change,1778426236.48465,/big.txt,23068672,131072,sequential,1.0000,0.0000,0,1,23199744,4096,1,1,0
176,176_baseline_phase_change_run19,baseline,phase_change,1778426236.485902,/big.txt,23199744,131072,sequential,1.0000,0.0000,0,1,23330816,4096,1,1,0
176,176_baseline_phase_change_run19,baseline,phase_change,1778426236.4871905,/big.txt,23330816,131072,sequential,1.0000,0.0000,0,1,23461888,4096,1,1,0
176,176_baseline_phase_change_run19,baseline,phase_change,1778426236.4884427,/big.txt,23461888,131072,sequential,1.0000,0.0000,0,1,23592960,4096,1,1,0
176,176_baseline_phase_change_run19,baseline,phase_change,1778426236.489698,/big.txt,23592960,131072,sequential,1.0000,0.0000,0,1,23724032,4096,1,1,0
176,176_baseline_phase_change_run19,baseline,phase_change,1778426236.490998,/big.txt,23724032,131072,sequential,1.0000,0.0000,0,1,23855104,4096,1,1,0
176,176_baseline_phase_change_run19,baseline,phase_change,1778426236.4922576,/big.txt,23855104,131072,sequential,1.0000,0.0000,0,1,23986176,4096,1,1,0
176,176_baseline_phase_change_run19,baseline,phase_change,1778426236.4935215,/big.txt,23986176,131072,sequential,1.0000,0.0000,0,1,24117248,4096,1,1,0
176,176_baseline_phase_change_run19,baseline,phase_change,1778426236.49482,/big.txt,24117248,131072,sequential,1.0000,0.0000,0,1,24248320,4096,1,1,0
176,176_baseline_phase_change_run19,baseline,phase_change,1778426236.496101,/big.txt,24248320,131072,sequential,1.0000,0.0000,0,1,24379392,4096,1,1,0
176,176_baseline_phase_change_run19,baseline,phase_change,1778426236.4973605,/big.txt,24379392,131072,sequential,1.0000,0.0000,0,1,24510464,4096,1,1,0
176,176_baseline_phase_change_run19,baseline,phase_change,1778426236.4986246,/big.txt,24510464,131072,sequential,1.0000,0.0000,0,1,24641536,4096,1,1,0
176,176_baseline_phase_change_run19,baseline,phase_change,1778426236.4998882,/big.txt,24641536,131072,sequential,1.0000,0.0000,0,1,24772608,4096,1,1,0
176,176_baseline_phase_change_run19,baseline,phase_change,1778426236.501151,/big.txt,24772608,131072,sequential,1.0000,0.0000,0,1,24903680,4096,1,1,0
176,176_baseline_phase_change_run19,baseline,phase_change,1778426236.5024002,/big.txt,24903680,131072,sequential,1.0000,0.0000,0,1,25034752,4096,1,1,0
176,176_baseline_phase_change_run19,baseline,phase_change,1778426236.5037189,/big.txt,25034752,131072,sequential,1.0000,0.0000,0,1,25165824,4096,1,1,0
176,176_baseline_phase_change_run19,baseline,phase_change,1778426236.5050414,/big.txt,25165824,131072,sequential,1.0000,0.0000,0,1,25296896,4096,1,1,0
176,176_baseline_phase_change_run19,baseline,phase_change,1778426236.5063064,/big.txt,25296896,131072,sequential,1.0000,0.0000,0,1,25427968,4096,1,1,0
176,176_baseline_phase_change_run19,baseline,phase_change,1778426236.5076456,/big.txt,25427968,131072,sequential,1.0000,0.0000,0,1,25559040,4096,1,1,0
176,176_baseline_phase_change_run19,baseline,phase_change,1778426236.5089061,/big.txt,25559040,131072,sequential,1.0000,0.0000,0,1,25690112,4096,1,1,0
176,176_baseline_phase_change_run19,baseline,phase_change,1778426236.5101624,/big.txt,25690112,131072,sequential,1.0000,0.0000,0,1,25821184,4096,1,1,0
176,176_baseline_phase_change_run19,baseline,phase_change,1778426236.511488,/big.txt,25821184,131072,sequential,1.0000,0.0000,0,1,25952256,4096,1,1,0
176,176_baseline_phase_change_run19,baseline,phase_change,1778426236.512754,/big.txt,25952256,131072,sequential,1.0000,0.0000,0,1,26083328,4096,1,1,0
176,176_baseline_phase_change_run19,baseline,phase_change,1778426236.5140028,/big.txt,26083328,131072,sequential,1.0000,0.0000,0,1,26214400,4096,1,1,0
176,176_baseline_phase_change_run19,baseline,phase_change,1778426236.5152984,/big.txt,26214400,131072,sequential,1.0000,0.0000,0,1,26345472,4096,1,1,0
176,176_baseline_phase_change_run19,baseline,phase_change,1778426236.5165448,/big.txt,26345472,131072,sequential,1.0000,0.0000,0,1,26476544,4096,1,1,0
176,176_baseline_phase_change_run19,baseline,phase_change,1778426236.517788,/big.txt,26476544,131072,sequential,1.0000,0.0000,0,1,26607616,4096,1,1,0
176,176_baseline_phase_change_run19,baseline,phase_change,1778426236.5190728,/big.txt,26607616,131072,sequential,1.0000,0.0000,0,1,26738688,4096,1,1,0
176,176_baseline_phase_change_run19,baseline,phase_change,1778426236.520323,/big.txt,26738688,131072,sequential,1.0000,0.0000,0,1,26869760,4096,1,1,0
176,176_baseline_phase_change_run19,baseline,phase_change,1778426236.5215814,/big.txt,26869760,131072,sequential,1.0000,0.0000,0,1,27000832,4096,1,1,0
176,176_baseline_phase_change_run19,baseline,phase_change,1778426236.5229616,/big.txt,27000832,131072,sequential,1.0000,0.0000,0,1,27131904,4096,1,1,0
176,176_baseline_phase_change_run19,baseline,phase_change,1778426236.5242114,/big.txt,27131904,131072,sequential,1.0000,0.0000,0,1,27262976,4096,1,1,0
176,176_baseline_phase_change_run19,baseline,phase_change,1778426236.525466,/big.txt,27262976,131072,sequential,1.0000,0.0000,0,1,27394048,4096,1,1,0
176,176_baseline_phase_change_run19,baseline,phase_change,1778426236.526718,/big.txt,27394048,131072,sequential,1.0000,0.0000,0,1,27525120,4096,1,1,0
176,176_baseline_phase_change_run19,baseline,phase_change,1778426236.5280144,/big.txt,27525120,131072,sequential,1.0000,0.0000,0,1,27656192,4096,1,1,0
176,176_baseline_phase_change_run19,baseline,phase_change,1778426236.5292616,/big.txt,27656192,131072,sequential,1.0000,0.0000,0,1,27787264,4096,1,1,0
176,176_baseline_phase_change_run19,baseline,phase_change,1778426236.530514,/big.txt,27787264,131072,sequential,1.0000,0.0000,0,1,27918336,4096,1,1,0
176,176_baseline_phase_change_run19,baseline,phase_change,1778426236.5317788,/big.txt,27918336,131072,sequential,1.0000,0.0000,0,1,28049408,4096,1,1,0
176,176_baseline_phase_change_run19,baseline,phase_change,1778426236.533029,/big.txt,28049408,131072,sequential,1.0000,0.0000,0,1,28180480,4096,1,1,0
176,176_baseline_phase_change_run19,baseline,phase_change,1778426236.534278,/big.txt,28180480,131072,sequential,1.0000,0.0000,0,1,28311552,4096,1,1,0
176,176_baseline_phase_change_run19,baseline,phase_change,1778426236.5355852,/big.txt,28311552,131072,sequential,1.0000,0.0000,0,1,28442624,4096,1,1,0
176,176_baseline_phase_change_run19,baseline,phase_change,1778426236.536843,/big.txt,28442624,131072,sequential,1.0000,0.0000,0,1,28573696,4096,1,1,0
176,176_baseline_phase_change_run19,baseline,phase_change,1778426236.538094,/big.txt,28573696,131072,sequential,1.0000,0.0000,0,1,28704768,4096,1,1,0
176,176_baseline_phase_change_run19,baseline,phase_change,1778426236.5393825,/big.txt,28704768,131072,sequential,1.0000,0.0000,0,1,28835840,4096,1,1,0
176,176_baseline_phase_change_run19,baseline,phase_change,1778426236.5406423,/big.txt,28835840,131072,sequential,1.0000,0.0000,0,1,28966912,4096,1,1,0
176,176_baseline_phase_change_run19,baseline,phase_change,1778426236.5418847,/big.txt,28966912,131072,sequential,1.0000,0.0000,0,1,29097984,4096,1,1,0
176,176_baseline_phase_change_run19,baseline,phase_change,1778426236.5431767,/big.txt,29097984,131072,sequential,1.0000,0.0000,0,1,29229056,4096,1,1,0
176,176_baseline_phase_change_run19,baseline,phase_change,1778426236.5444427,/big.txt,29229056,131072,sequential,1.0000,0.0000,0,1,29360128,4096,1,1,0
176,176_baseline_phase_change_run19,baseline,phase_change,1778426236.5456963,/big.txt,29360128,131072,sequential,1.0000,0.0000,0,1,29491200,4096,1,1,0
176,176_baseline_phase_change_run19,baseline,phase_change,1778426236.5469851,/big.txt,29491200,131072,sequential,1.0000,0.0000,0,1,29622272,4096,1,1,0
176,176_baseline_phase_change_run19,baseline,phase_change,1778426236.5482354,/big.txt,29622272,131072,sequential,1.0000,0.0000,0,1,29753344,4096,1,1,0
176,176_baseline_phase_change_run19,baseline,phase_change,1778426236.5495012,/big.txt,29753344,131072,sequential,1.0000,0.0000,0,1,29884416,4096,1,1,0
176,176_baseline_phase_change_run19,baseline,phase_change,1778426236.5508618,/big.txt,29884416,131072,sequential,1.0000,0.0000,0,1,30015488,4096,1,1,0
176,176_baseline_phase_change_run19,baseline,phase_change,1778426236.5533824,/big.txt,30015488,131072,sequential,1.0000,0.0000,0,1,30146560,4096,1,1,0
176,176_baseline_phase_change_run19,baseline,phase_change,1778426236.5559158,/big.txt,30146560,131072,sequential,1.0000,0.0000,0,1,30277632,4096,1,1,0
176,176_baseline_phase_change_run19,baseline,phase_change,1778426236.5584087,/big.txt,30277632,131072,sequential,1.0000,0.0000,0,1,30408704,4096,1,1,0
176,176_baseline_phase_change_run19,baseline,phase_change,1778426236.5609374,/big.txt,30408704,131072,sequential,1.0000,0.0000,0,1,30539776,4096,1,1,0
176,176_baseline_phase_change_run19,baseline,phase_change,1778426236.5631523,/big.txt,30539776,131072,sequential,1.0000,0.0000,0,1,30670848,4096,1,1,0
176,176_baseline_phase_change_run19,baseline,phase_change,1778426236.5644047,/big.txt,30670848,131072,sequential,1.0000,0.0000,0,1,30801920,4096,1,1,0
176,176_baseline_phase_change_run19,baseline,phase_change,1778426236.565654,/big.txt,30801920,131072,sequential,1.0000,0.0000,0,1,30932992,4096,1,1,0
176,176_baseline_phase_change_run19,baseline,phase_change,1778426236.5669644,/big.txt,30932992,131072,sequential,1.0000,0.0000,0,1,31064064,4096,1,1,0
176,176_baseline_phase_change_run19,baseline,phase_change,1778426236.5682197,/big.txt,31064064,131072,sequential,1.0000,0.0000,0,1,31195136,4096,1,1,0
176,176_baseline_phase_change_run19,baseline,phase_change,1778426236.5694625,/big.txt,31195136,131072,sequential,1.0000,0.0000,0,1,31326208,4096,1,1,0
176,176_baseline_phase_change_run19,baseline,phase_change,1778426236.5707161,/big.txt,31326208,131072,sequential,1.0000,0.0000,0,1,31457280,4096,1,1,0
176,176_baseline_phase_change_run19,baseline,phase_change,1778426236.5720015,/big.txt,31457280,131072,sequential,1.0000,0.0000,0,1,31588352,4096,1,1,0
176,176_baseline_phase_change_run19,baseline,phase_change,1778426236.5732524,/big.txt,31588352,131072,sequential,1.0000,0.0000,0,1,31719424,4096,1,1,0
176,176_baseline_phase_change_run19,baseline,phase_change,1778426236.5745022,/big.txt,31719424,131072,sequential,1.0000,0.0000,0,1,31850496,4096,1,1,0
176,176_baseline_phase_change_run19,baseline,phase_change,1778426236.5757859,/big.txt,31850496,131072,sequential,1.0000,0.0000,0,1,31981568,4096,1,1,0
176,176_baseline_phase_change_run19,baseline,phase_change,1778426236.5770345,/big.txt,31981568,131072,sequential,1.0000,0.0000,0,1,32112640,4096,1,1,0
176,176_baseline_phase_change_run19,baseline,phase_change,1778426236.5782795,/big.txt,32112640,131072,sequential,1.0000,0.0000,0,1,32243712,4096,1,1,0
176,176_baseline_phase_change_run19,baseline,phase_change,1778426236.5795786,/big.txt,32243712,131072,sequential,1.0000,0.0000,0,1,32374784,4096,1,1,0
176,176_baseline_phase_change_run19,baseline,phase_change,1778426236.580837,/big.txt,32374784,131072,sequential,1.0000,0.0000,0,1,32505856,4096,1,1,0
176,176_baseline_phase_change_run19,baseline,phase_change,1778426236.582093,/big.txt,32505856,131072,sequential,1.0000,0.0000,0,1,32636928,4096,1,1,0
176,176_baseline_phase_change_run19,baseline,phase_change,1778426236.5833838,/big.txt,32636928,131072,sequential,1.0000,0.0000,0,1,32768000,4096,1,1,0
176,176_baseline_phase_change_run19,baseline,phase_change,1778426236.58464,/big.txt,32768000,131072,sequential,1.0000,0.0000,0,1,32899072,4096,1,1,0
176,176_baseline_phase_change_run19,baseline,phase_change,1778426236.5858927,/big.txt,32899072,131072,sequential,1.0000,0.0000,0,1,33030144,4096,1,1,0
176,176_baseline_phase_change_run19,baseline,phase_change,1778426236.5872118,/big.txt,33030144,131072,sequential,1.0000,0.0000,0,1,33161216,4096,1,1,0
176,176_baseline_phase_change_run19,baseline,phase_change,1778426236.58846,/big.txt,33161216,131072,sequential,1.0000,0.0000,0,1,33292288,4096,1,1,0
176,176_baseline_phase_change_run19,baseline,phase_change,1778426236.5897064,/big.txt,33292288,131072,sequential,1.0000,0.0000,0,1,33423360,4096,1,1,0
176,176_baseline_phase_change_run19,baseline,phase_change,1778426236.5910013,/big.txt,33423360,131072,sequential,1.0000,0.0000,0,1,33554432,4096,1,1,0
176,176_baseline_phase_change_run19,baseline,phase_change,1778426236.5922697,/big.txt,33554432,131072,sequential,1.0000,0.0000,0,1,33685504,4096,1,1,0
176,176_baseline_phase_change_run19,baseline,phase_change,1778426236.5935192,/big.txt,33685504,131072,sequential,1.0000,0.0000,0,1,33816576,4096,1,1,0
176,176_baseline_phase_change_run19,baseline,phase_change,1778426236.5948732,/big.txt,33816576,131072,sequential,1.0000,0.0000,0,1,33947648,4096,1,1,0
176,176_baseline_phase_change_run19,baseline,phase_change,1778426236.596217,/big.txt,33947648,131072,sequential,1.0000,0.0000,0,1,34078720,4096,1,1,0
176,176_baseline_phase_change_run19,baseline,phase_change,1778426236.597508,/big.txt,34078720,131072,sequential,1.0000,0.0000,0,1,34209792,4096,1,1,0
176,176_baseline_phase_change_run19,baseline,phase_change,1778426236.5988138,/big.txt,34209792,131072,sequential,1.0000,0.0000,0,1,34340864,4096,1,1,0
176,176_baseline_phase_change_run19,baseline,phase_change,1778426236.6001003,/big.txt,34340864,131072,sequential,1.0000,0.0000,0,1,34471936,4096,1,1,0
176,176_baseline_phase_change_run19,baseline,phase_change,1778426236.6013145,/big.txt,34471936,131072,sequential,1.0000,0.0000,0,1,34603008,4096,1,1,0
176,176_baseline_phase_change_run19,baseline,phase_change,1778426236.6025858,/big.txt,34603008,131072,sequential,1.0000,0.0000,0,1,34734080,4096,1,1,0
176,176_baseline_phase_change_run19,baseline,phase_change,1778426236.6038508,/big.txt,34734080,131072,sequential,1.0000,0.0000,0,1,34865152,4096,1,1,0
176,176_baseline_phase_change_run19,baseline,phase_change,1778426236.6051161,/big.txt,34865152,131072,sequential,1.0000,0.0000,0,1,34996224,4096,1,1,0
176,176_baseline_phase_change_run19,baseline,phase_change,1778426236.606371,/big.txt,34996224,131072,sequential,1.0000,0.0000,0,1,35127296,4096,1,1,0
176,176_baseline_phase_change_run19,baseline,phase_change,1778426236.6077144,/big.txt,35127296,131072,sequential,1.0000,0.0000,0,1,35258368,4096,1,1,0
176,176_baseline_phase_change_run19,baseline,phase_change,1778426236.609005,/big.txt,35258368,131072,sequential,1.0000,0.0000,0,1,35389440,4096,1,1,0
176,176_baseline_phase_change_run19,baseline,phase_change,1778426236.6102674,/big.txt,35389440,131072,sequential,1.0000,0.0000,0,1,35520512,4096,1,1,0
176,176_baseline_phase_change_run19,baseline,phase_change,1778426236.6115675,/big.txt,35520512,131072,sequential,1.0000,0.0000,0,1,35651584,4096,1,1,0
176,176_baseline_phase_change_run19,baseline,phase_change,1778426236.6128168,/big.txt,35651584,131072,sequential,1.0000,0.0000,0,1,35782656,4096,1,1,0
176,176_baseline_phase_change_run19,baseline,phase_change,1778426236.6140618,/big.txt,35782656,131072,sequential,1.0000,0.0000,0,1,35913728,4096,1,1,0
176,176_baseline_phase_change_run19,baseline,phase_change,1778426236.615358,/big.txt,35913728,131072,sequential,1.0000,0.0000,0,1,36044800,4096,1,1,0
176,176_baseline_phase_change_run19,baseline,phase_change,1778426236.6166177,/big.txt,36044800,131072,sequential,1.0000,0.0000,0,1,36175872,4096,1,1,0
176,176_baseline_phase_change_run19,baseline,phase_change,1778426236.6178637,/big.txt,36175872,131072,sequential,1.0000,0.0000,0,1,36306944,4096,1,1,0
176,176_baseline_phase_change_run19,baseline,phase_change,1778426236.6191614,/big.txt,36306944,131072,sequential,1.0000,0.0000,0,1,36438016,4096,1,1,0
176,176_baseline_phase_change_run19,baseline,phase_change,1778426236.6204197,/big.txt,36438016,131072,sequential,1.0000,0.0000,0,1,36569088,4096,1,1,0
176,176_baseline_phase_change_run19,baseline,phase_change,1778426236.6216748,/big.txt,36569088,131072,sequential,1.0000,0.0000,0,1,36700160,4096,1,1,0
176,176_baseline_phase_change_run19,baseline,phase_change,1778426236.6230304,/big.txt,36700160,131072,sequential,1.0000,0.0000,0,1,36831232,4096,1,1,0
176,176_baseline_phase_change_run19,baseline,phase_change,1778426236.6242826,/big.txt,36831232,131072,sequential,1.0000,0.0000,0,1,36962304,4096,1,1,0
176,176_baseline_phase_change_run19,baseline,phase_change,1778426236.6255379,/big.txt,36962304,131072,sequential,1.0000,0.0000,0,1,37093376,4096,1,1,0
176,176_baseline_phase_change_run19,baseline,phase_change,1778426236.6268272,/big.txt,37093376,131072,sequential,1.0000,0.0000,0,1,37224448,4096,1,1,0
176,176_baseline_phase_change_run19,baseline,phase_change,1778426236.6280882,/big.txt,37224448,131072,sequential,1.0000,0.0000,0,1,37355520,4096,1,1,0
176,176_baseline_phase_change_run19,baseline,phase_change,1778426236.6293397,/big.txt,37355520,131072,sequential,1.0000,0.0000,0,1,37486592,4096,1,1,0
176,176_baseline_phase_change_run19,baseline,phase_change,1778426236.6305938,/big.txt,37486592,131072,sequential,1.0000,0.0000,0,1,37617664,4096,1,1,0
176,176_baseline_phase_change_run19,baseline,phase_change,1778426236.6318789,/big.txt,37617664,131072,sequential,1.0000,0.0000,0,1,37748736,4096,1,1,0
176,176_baseline_phase_change_run19,baseline,phase_change,1778426236.633141,/big.txt,37748736,131072,sequential,1.0000,0.0000,0,1,37879808,4096,1,1,0
176,176_baseline_phase_change_run19,baseline,phase_change,1778426236.6344018,/big.txt,37879808,131072,sequential,1.0000,0.0000,0,1,38010880,4096,1,1,0
176,176_baseline_phase_change_run19,baseline,phase_change,1778426236.6357102,/big.txt,38010880,131072,sequential,1.0000,0.0000,0,1,38141952,4096,1,1,0
176,176_baseline_phase_change_run19,baseline,phase_change,1778426236.6370254,/big.txt,38141952,131072,sequential,1.0000,0.0000,0,1,38273024,4096,1,1,0
176,176_baseline_phase_change_run19,baseline,phase_change,1778426236.6382926,/big.txt,38273024,131072,sequential,1.0000,0.0000,0,1,38404096,4096,1,1,0
176,176_baseline_phase_change_run19,baseline,phase_change,1778426236.6396363,/big.txt,38404096,131072,sequential,1.0000,0.0000,0,1,38535168,4096,1,1,0
176,176_baseline_phase_change_run19,baseline,phase_change,1778426236.640917,/big.txt,38535168,131072,sequential,1.0000,0.0000,0,1,38666240,4096,1,1,0
176,176_baseline_phase_change_run19,baseline,phase_change,1778426236.6421745,/big.txt,38666240,131072,sequential,1.0000,0.0000,0,1,38797312,4096,1,1,0
176,176_baseline_phase_change_run19,baseline,phase_change,1778426236.6434717,/big.txt,38797312,131072,sequential,1.0000,0.0000,0,1,38928384,4096,1,1,0
176,176_baseline_phase_change_run19,baseline,phase_change,1778426236.6447258,/big.txt,38928384,131072,sequential,1.0000,0.0000,0,1,39059456,4096,1,1,0
176,176_baseline_phase_change_run19,baseline,phase_change,1778426236.6459835,/big.txt,39059456,131072,sequential,1.0000,0.0000,0,1,39190528,4096,1,1,0
176,176_baseline_phase_change_run19,baseline,phase_change,1778426236.647278,/big.txt,39190528,131072,sequential,1.0000,0.0000,0,1,39321600,4096,1,1,0
176,176_baseline_phase_change_run19,baseline,phase_change,1778426236.6485415,/big.txt,39321600,131072,sequential,1.0000,0.0000,0,1,39452672,4096,1,1,0
176,176_baseline_phase_change_run19,baseline,phase_change,1778426236.649825,/big.txt,39452672,131072,sequential,1.0000,0.0000,0,1,39583744,4096,1,1,0
176,176_baseline_phase_change_run19,baseline,phase_change,1778426236.6512053,/big.txt,39583744,131072,sequential,1.0000,0.0000,0,1,39714816,4096,1,1,0
176,176_baseline_phase_change_run19,baseline,phase_change,1778426236.6524577,/big.txt,39714816,131072,sequential,1.0000,0.0000,0,1,39845888,4096,1,1,0
176,176_baseline_phase_change_run19,baseline,phase_change,1778426236.6537044,/big.txt,39845888,131072,sequential,1.0000,0.0000,0,1,39976960,4096,1,1,0
176,176_baseline_phase_change_run19,baseline,phase_change,1778426236.6549952,/big.txt,39976960,131072,sequential,1.0000,0.0000,0,1,40108032,4096,1,1,0
176,176_baseline_phase_change_run19,baseline,phase_change,1778426236.6562493,/big.txt,40108032,131072,sequential,1.0000,0.0000,0,1,40239104,4096,1,1,0
176,176_baseline_phase_change_run19,baseline,phase_change,1778426236.6574948,/big.txt,40239104,131072,sequential,1.0000,0.0000,0,1,40370176,4096,1,1,0
176,176_baseline_phase_change_run19,baseline,phase_change,1778426236.6587408,/big.txt,40370176,131072,sequential,1.0000,0.0000,0,1,40501248,4096,1,1,0
176,176_baseline_phase_change_run19,baseline,phase_change,1778426236.6600754,/big.txt,40501248,131072,sequential,1.0000,0.0000,0,1,40632320,4096,1,1,0
176,176_baseline_phase_change_run19,baseline,phase_change,1778426236.66134,/big.txt,40632320,131072,sequential,1.0000,0.0000,0,1,40763392,4096,1,1,0
176,176_baseline_phase_change_run19,baseline,phase_change,1778426236.6626058,/big.txt,40763392,131072,sequential,1.0000,0.0000,0,1,40894464,4096,1,1,0
176,176_baseline_phase_change_run19,baseline,phase_change,1778426236.663861,/big.txt,40894464,131072,sequential,1.0000,0.0000,0,1,41025536,4096,1,1,0
176,176_baseline_phase_change_run19,baseline,phase_change,1778426236.665114,/big.txt,41025536,131072,sequential,1.0000,0.0000,0,1,41156608,4096,1,1,0
176,176_baseline_phase_change_run19,baseline,phase_change,1778426236.6663675,/big.txt,41156608,131072,sequential,1.0000,0.0000,0,1,41287680,4096,1,1,0
176,176_baseline_phase_change_run19,baseline,phase_change,1778426236.6677022,/big.txt,41287680,131072,sequential,1.0000,0.0000,0,1,41418752,4096,1,1,0
176,176_baseline_phase_change_run19,baseline,phase_change,1778426236.6689813,/big.txt,41418752,131072,sequential,1.0000,0.0000,0,1,41549824,4096,1,1,0
176,176_baseline_phase_change_run19,baseline,phase_change,1778426236.6702256,/big.txt,41549824,131072,sequential,1.0000,0.0000,0,1,41680896,4096,1,1,0
176,176_baseline_phase_change_run19,baseline,phase_change,1778426236.6715362,/big.txt,41680896,131072,sequential,1.0000,0.0000,0,1,41811968,4096,1,1,0
176,176_baseline_phase_change_run19,baseline,phase_change,1778426236.6727877,/big.txt,41811968,131072,sequential,1.0000,0.0000,0,1,41943040,4096,1,1,0
176,176_baseline_phase_change_run19,baseline,phase_change,1778426236.6740396,/big.txt,41943040,131072,sequential,1.0000,0.0000,0,1,42074112,4096,1,1,0
176,176_baseline_phase_change_run19,baseline,phase_change,1778426236.6754327,/big.txt,42074112,131072,sequential,1.0000,0.0000,0,1,42205184,4096,1,1,0
176,176_baseline_phase_change_run19,baseline,phase_change,1778426236.6766891,/big.txt,42205184,131072,sequential,1.0000,0.0000,0,1,42336256,4096,1,1,0
176,176_baseline_phase_change_run19,baseline,phase_change,1778426236.677947,/big.txt,42336256,131072,sequential,1.0000,0.0000,0,1,42467328,4096,1,1,0
176,176_baseline_phase_change_run19,baseline,phase_change,1778426236.6792407,/big.txt,42467328,131072,sequential,1.0000,0.0000,0,1,42598400,4096,1,1,0
176,176_baseline_phase_change_run19,baseline,phase_change,1778426236.6804988,/big.txt,42598400,131072,sequential,1.0000,0.0000,0,1,42729472,4096,1,1,0
176,176_baseline_phase_change_run19,baseline,phase_change,1778426236.6817477,/big.txt,42729472,131072,sequential,1.0000,0.0000,0,1,42860544,4096,1,1,0
176,176_baseline_phase_change_run19,baseline,phase_change,1778426236.6831002,/big.txt,42860544,131072,sequential,1.0000,0.0000,0,1,42991616,4096,1,1,0
176,176_baseline_phase_change_run19,baseline,phase_change,1778426236.684362,/big.txt,42991616,131072,sequential,1.0000,0.0000,0,1,43122688,4096,1,1,0
176,176_baseline_phase_change_run19,baseline,phase_change,1778426236.6856139,/big.txt,43122688,131072,sequential,1.0000,0.0000,0,1,43253760,4096,1,1,0
176,176_baseline_phase_change_run19,baseline,phase_change,1778426236.6868913,/big.txt,43253760,131072,sequential,1.0000,0.0000,0,1,43384832,4096,1,1,0
176,176_baseline_phase_change_run19,baseline,phase_change,1778426236.6881528,/big.txt,43384832,131072,sequential,1.0000,0.0000,0,1,43515904,4096,1,1,0
176,176_baseline_phase_change_run19,baseline,phase_change,1778426236.6893964,/big.txt,43515904,131072,sequential,1.0000,0.0000,0,1,43646976,4096,1,1,0
176,176_baseline_phase_change_run19,baseline,phase_change,1778426236.6906457,/big.txt,43646976,131072,sequential,1.0000,0.0000,0,1,43778048,4096,1,1,0
176,176_baseline_phase_change_run19,baseline,phase_change,1778426236.6919162,/big.txt,43778048,131072,sequential,1.0000,0.0000,0,1,43909120,4096,1,1,0
176,176_baseline_phase_change_run19,baseline,phase_change,1778426236.693179,/big.txt,43909120,131072,sequential,1.0000,0.0000,0,1,44040192,4096,1,1,0
176,176_baseline_phase_change_run19,baseline,phase_change,1778426236.694443,/big.txt,44040192,131072,sequential,1.0000,0.0000,0,1,44171264,4096,1,1,0
176,176_baseline_phase_change_run19,baseline,phase_change,1778426236.6957269,/big.txt,44171264,131072,sequential,1.0000,0.0000,0,1,44302336,4096,1,1,0
176,176_baseline_phase_change_run19,baseline,phase_change,1778426236.6969652,/big.txt,44302336,131072,sequential,1.0000,0.0000,0,1,44433408,4096,1,1,0
176,176_baseline_phase_change_run19,baseline,phase_change,1778426236.6982205,/big.txt,44433408,131072,sequential,1.0000,0.0000,0,1,44564480,4096,1,1,0
176,176_baseline_phase_change_run19,baseline,phase_change,1778426236.699526,/big.txt,44564480,131072,sequential,1.0000,0.0000,0,1,44695552,4096,1,1,0
176,176_baseline_phase_change_run19,baseline,phase_change,1778426236.7007775,/big.txt,44695552,131072,sequential,1.0000,0.0000,0,1,44826624,4096,1,1,0
176,176_baseline_phase_change_run19,baseline,phase_change,1778426236.7020216,/big.txt,44826624,131072,sequential,1.0000,0.0000,0,1,44957696,4096,1,1,0
176,176_baseline_phase_change_run19,baseline,phase_change,1778426236.7033968,/big.txt,44957696,131072,sequential,1.0000,0.0000,0,1,45088768,4096,1,1,0
176,176_baseline_phase_change_run19,baseline,phase_change,1778426236.7046402,/big.txt,45088768,131072,sequential,1.0000,0.0000,0,1,45219840,4096,1,1,0
176,176_baseline_phase_change_run19,baseline,phase_change,1778426236.705905,/big.txt,45219840,131072,sequential,1.0000,0.0000,0,1,45350912,4096,1,1,0
176,176_baseline_phase_change_run19,baseline,phase_change,1778426236.707193,/big.txt,45350912,131072,sequential,1.0000,0.0000,0,1,45481984,4096,1,1,0
176,176_baseline_phase_change_run19,baseline,phase_change,1778426236.7084458,/big.txt,45481984,131072,sequential,1.0000,0.0000,0,1,45613056,4096,1,1,0
176,176_baseline_phase_change_run19,baseline,phase_change,1778426236.7097,/big.txt,45613056,131072,sequential,1.0000,0.0000,0,1,45744128,4096,1,1,0
176,176_baseline_phase_change_run19,baseline,phase_change,1778426236.7110207,/big.txt,45744128,131072,sequential,1.0000,0.0000,0,1,45875200,4096,1,1,0
176,176_baseline_phase_change_run19,baseline,phase_change,1778426236.7122712,/big.txt,45875200,131072,sequential,1.0000,0.0000,0,1,46006272,4096,1,1,0
176,176_baseline_phase_change_run19,baseline,phase_change,1778426236.7135184,/big.txt,46006272,131072,sequential,1.0000,0.0000,0,1,46137344,4096,1,1,0
176,176_baseline_phase_change_run19,baseline,phase_change,1778426236.714784,/big.txt,46137344,131072,sequential,1.0000,0.0000,0,1,46268416,4096,1,1,0
176,176_baseline_phase_change_run19,baseline,phase_change,1778426236.7160647,/big.txt,46268416,131072,sequential,1.0000,0.0000,0,1,46399488,4096,1,1,0
176,176_baseline_phase_change_run19,baseline,phase_change,1778426236.7173126,/big.txt,46399488,131072,sequential,1.0000,0.0000,0,1,46530560,4096,1,1,0
176,176_baseline_phase_change_run19,baseline,phase_change,1778426236.7185667,/big.txt,46530560,131072,sequential,1.0000,0.0000,0,1,46661632,4096,1,1,0
176,176_baseline_phase_change_run19,baseline,phase_change,1778426236.7198372,/big.txt,46661632,131072,sequential,1.0000,0.0000,0,1,46792704,4096,1,1,0
176,176_baseline_phase_change_run19,baseline,phase_change,1778426236.7210915,/big.txt,46792704,131072,sequential,1.0000,0.0000,0,1,46923776,4096,1,1,0
176,176_baseline_phase_change_run19,baseline,phase_change,1778426236.7223458,/big.txt,46923776,131072,sequential,1.0000,0.0000,0,1,47054848,4096,1,1,0
176,176_baseline_phase_change_run19,baseline,phase_change,1778426236.7236493,/big.txt,47054848,131072,sequential,1.0000,0.0000,0,1,47185920,4096,1,1,0
176,176_baseline_phase_change_run19,baseline,phase_change,1778426236.724966,/big.txt,47185920,131072,sequential,1.0000,0.0000,0,1,47316992,4096,1,1,0
176,176_baseline_phase_change_run19,baseline,phase_change,1778426236.7262306,/big.txt,47316992,131072,sequential,1.0000,0.0000,0,1,47448064,4096,1,1,0
176,176_baseline_phase_change_run19,baseline,phase_change,1778426236.727559,/big.txt,47448064,131072,sequential,1.0000,0.0000,0,1,47579136,4096,1,1,0
176,176_baseline_phase_change_run19,baseline,phase_change,1778426236.7288177,/big.txt,47579136,131072,sequential,1.0000,0.0000,0,1,47710208,4096,1,1,0
176,176_baseline_phase_change_run19,baseline,phase_change,1778426236.730072,/big.txt,47710208,131072,sequential,1.0000,0.0000,0,1,47841280,4096,1,1,0
176,176_baseline_phase_change_run19,baseline,phase_change,1778426236.7313945,/big.txt,47841280,131072,sequential,1.0000,0.0000,0,1,47972352,4096,1,1,0
176,176_baseline_phase_change_run19,baseline,phase_change,1778426236.7326517,/big.txt,47972352,131072,sequential,1.0000,0.0000,0,1,48103424,4096,1,1,0
176,176_baseline_phase_change_run19,baseline,phase_change,1778426236.733908,/big.txt,48103424,131072,sequential,1.0000,0.0000,0,1,48234496,4096,1,1,0
176,176_baseline_phase_change_run19,baseline,phase_change,1778426236.7351964,/big.txt,48234496,131072,sequential,1.0000,0.0000,0,1,48365568,4096,1,1,0
176,176_baseline_phase_change_run19,baseline,phase_change,1778426236.736439,/big.txt,48365568,131072,sequential,1.0000,0.0000,0,1,48496640,4096,1,1,0
176,176_baseline_phase_change_run19,baseline,phase_change,1778426236.7377079,/big.txt,48496640,131072,sequential,1.0000,0.0000,0,1,48627712,4096,1,1,0
176,176_baseline_phase_change_run19,baseline,phase_change,1778426236.7390604,/big.txt,48627712,131072,sequential,1.0000,0.0000,0,1,48758784,4096,1,1,0
176,176_baseline_phase_change_run19,baseline,phase_change,1778426236.7403169,/big.txt,48758784,131072,sequential,1.0000,0.0000,0,1,48889856,4096,1,1,0
176,176_baseline_phase_change_run19,baseline,phase_change,1778426236.741577,/big.txt,48889856,131072,sequential,1.0000,0.0000,0,1,49020928,4096,1,1,0
176,176_baseline_phase_change_run19,baseline,phase_change,1778426236.7428622,/big.txt,49020928,131072,sequential,1.0000,0.0000,0,1,49152000,4096,1,1,0
176,176_baseline_phase_change_run19,baseline,phase_change,1778426236.7441196,/big.txt,49152000,131072,sequential,1.0000,0.0000,0,1,49283072,4096,1,1,0
176,176_baseline_phase_change_run19,baseline,phase_change,1778426236.7453845,/big.txt,49283072,131072,sequential,1.0000,0.0000,0,1,49414144,4096,1,1,0
176,176_baseline_phase_change_run19,baseline,phase_change,1778426236.7466402,/big.txt,49414144,131072,sequential,1.0000,0.0000,0,1,49545216,4096,1,1,0
176,176_baseline_phase_change_run19,baseline,phase_change,1778426236.748014,/big.txt,49545216,131072,sequential,1.0000,0.0000,0,1,49676288,4096,1,1,0
176,176_baseline_phase_change_run19,baseline,phase_change,1778426236.7492642,/big.txt,49676288,131072,sequential,1.0000,0.0000,0,1,49807360,4096,1,1,0
176,176_baseline_phase_change_run19,baseline,phase_change,1778426236.750515,/big.txt,49807360,131072,sequential,1.0000,0.0000,0,1,49938432,4096,1,1,0
176,176_baseline_phase_change_run19,baseline,phase_change,1778426236.7517927,/big.txt,49938432,131072,sequential,1.0000,0.0000,0,1,50069504,4096,1,1,0
176,176_baseline_phase_change_run19,baseline,phase_change,1778426236.753038,/big.txt,50069504,131072,sequential,1.0000,0.0000,0,1,50200576,4096,1,1,0
176,176_baseline_phase_change_run19,baseline,phase_change,1778426236.7543044,/big.txt,50200576,131072,sequential,1.0000,0.0000,0,1,50331648,4096,1,1,0
176,176_baseline_phase_change_run19,baseline,phase_change,1778426236.7555988,/big.txt,50331648,131072,sequential,1.0000,0.0000,0,1,50462720,4096,1,1,0
176,176_baseline_phase_change_run19,baseline,phase_change,1778426236.756875,/big.txt,50462720,131072,sequential,1.0000,0.0000,0,1,50593792,4096,1,1,0
176,176_baseline_phase_change_run19,baseline,phase_change,1778426236.758144,/big.txt,50593792,131072,sequential,1.0000,0.0000,0,1,50724864,4096,1,1,0
176,176_baseline_phase_change_run19,baseline,phase_change,1778426236.7594543,/big.txt,50724864,131072,sequential,1.0000,0.0000,0,1,50855936,4096,1,1,0
176,176_baseline_phase_change_run19,baseline,phase_change,1778426236.760708,/big.txt,50855936,131072,sequential,1.0000,0.0000,0,1,50987008,4096,1,1,0
176,176_baseline_phase_change_run19,baseline,phase_change,1778426236.761951,/big.txt,50987008,131072,sequential,1.0000,0.0000,0,1,51118080,4096,1,1,0
176,176_baseline_phase_change_run19,baseline,phase_change,1778426236.7632494,/big.txt,51118080,131072,sequential,1.0000,0.0000,0,1,51249152,4096,1,1,0
176,176_baseline_phase_change_run19,baseline,phase_change,1778426236.7645,/big.txt,51249152,131072,sequential,1.0000,0.0000,0,1,51380224,4096,1,1,0
176,176_baseline_phase_change_run19,baseline,phase_change,1778426236.7657602,/big.txt,51380224,131072,sequential,1.0000,0.0000,0,1,51511296,4096,1,1,0
176,176_baseline_phase_change_run19,baseline,phase_change,1778426236.7671165,/big.txt,51511296,131072,sequential,1.0000,0.0000,0,1,51642368,4096,1,1,0
176,176_baseline_phase_change_run19,baseline,phase_change,1778426236.7683651,/big.txt,51642368,131072,sequential,1.0000,0.0000,0,1,51773440,4096,1,1,0
176,176_baseline_phase_change_run19,baseline,phase_change,1778426236.7696126,/big.txt,51773440,131072,sequential,1.0000,0.0000,0,1,51904512,4096,1,1,0
176,176_baseline_phase_change_run19,baseline,phase_change,1778426236.770898,/big.txt,51904512,131072,sequential,1.0000,0.0000,0,1,52035584,4096,1,1,0
176,176_baseline_phase_change_run19,baseline,phase_change,1778426236.772149,/big.txt,52035584,131072,sequential,1.0000,0.0000,0,1,52166656,4096,1,1,0
176,176_baseline_phase_change_run19,baseline,phase_change,1778426236.7733972,/big.txt,52166656,131072,sequential,1.0000,0.0000,0,1,52297728,4096,1,1,0
176,176_baseline_phase_change_run19,baseline,phase_change,1778426236.7746487,/big.txt,52297728,131072,sequential,1.0000,0.0000,0,1,52428800,4096,1,1,0
176,176_baseline_phase_change_run19,baseline,phase_change,1778426236.7760353,/big.txt,52428800,131072,sequential,1.0000,0.0000,0,1,52559872,4096,1,1,0
176,176_baseline_phase_change_run19,baseline,phase_change,1778426236.7772958,/big.txt,52559872,131072,sequential,1.0000,0.0000,0,1,52690944,4096,1,1,0
176,176_baseline_phase_change_run19,baseline,phase_change,1778426236.7785528,/big.txt,52690944,131072,sequential,1.0000,0.0000,0,1,52822016,4096,1,1,0
176,176_baseline_phase_change_run19,baseline,phase_change,1778426236.7798147,/big.txt,52822016,131072,sequential,1.0000,0.0000,0,1,52953088,4096,1,1,0
176,176_baseline_phase_change_run19,baseline,phase_change,1778426236.781072,/big.txt,52953088,131072,sequential,1.0000,0.0000,0,1,53084160,4096,1,1,0
176,176_baseline_phase_change_run19,baseline,phase_change,1778426236.782322,/big.txt,53084160,131072,sequential,1.0000,0.0000,0,1,53215232,4096,1,1,0
176,176_baseline_phase_change_run19,baseline,phase_change,1778426236.7836206,/big.txt,53215232,131072,sequential,1.0000,0.0000,0,1,53346304,4096,1,1,0
176,176_baseline_phase_change_run19,baseline,phase_change,1778426236.784911,/big.txt,53346304,131072,sequential,1.0000,0.0000,0,1,53477376,4096,1,1,0
176,176_baseline_phase_change_run19,baseline,phase_change,1778426236.7861676,/big.txt,53477376,131072,sequential,1.0000,0.0000,0,1,53608448,4096,1,1,0
176,176_baseline_phase_change_run19,baseline,phase_change,1778426236.7874744,/big.txt,53608448,131072,sequential,1.0000,0.0000,0,1,53739520,4096,1,1,0
176,176_baseline_phase_change_run19,baseline,phase_change,1778426236.7887154,/big.txt,53739520,131072,sequential,1.0000,0.0000,0,1,53870592,4096,1,1,0
176,176_baseline_phase_change_run19,baseline,phase_change,1778426236.7899635,/big.txt,53870592,131072,sequential,1.0000,0.0000,0,1,54001664,4096,1,1,0
176,176_baseline_phase_change_run19,baseline,phase_change,1778426236.7912438,/big.txt,54001664,131072,sequential,1.0000,0.0000,0,1,54132736,4096,1,1,0
176,176_baseline_phase_change_run19,baseline,phase_change,1778426236.7925029,/big.txt,54132736,131072,sequential,1.0000,0.0000,0,1,54263808,4096,1,1,0
176,176_baseline_phase_change_run19,baseline,phase_change,1778426236.7937572,/big.txt,54263808,131072,sequential,1.0000,0.0000,0,1,54394880,4096,1,1,0
176,176_baseline_phase_change_run19,baseline,phase_change,1778426236.7951198,/big.txt,54394880,131072,sequential,1.0000,0.0000,0,1,54525952,4096,1,1,0
176,176_baseline_phase_change_run19,baseline,phase_change,1778426236.796374,/big.txt,54525952,131072,sequential,1.0000,0.0000,0,1,54657024,4096,1,1,0
176,176_baseline_phase_change_run19,baseline,phase_change,1778426236.7976284,/big.txt,54657024,131072,sequential,1.0000,0.0000,0,1,54788096,4096,1,1,0
176,176_baseline_phase_change_run19,baseline,phase_change,1778426236.7989154,/big.txt,54788096,131072,sequential,1.0000,0.0000,0,1,54919168,4096,1,1,0
176,176_baseline_phase_change_run19,baseline,phase_change,1778426236.800164,/big.txt,54919168,131072,sequential,1.0000,0.0000,0,1,55050240,4096,1,1,0
176,176_baseline_phase_change_run19,baseline,phase_change,1778426236.801419,/big.txt,55050240,131072,sequential,1.0000,0.0000,0,1,55181312,4096,1,1,0
176,176_baseline_phase_change_run19,baseline,phase_change,1778426236.802667,/big.txt,55181312,131072,sequential,1.0000,0.0000,0,1,55312384,4096,1,1,0
176,176_baseline_phase_change_run19,baseline,phase_change,1778426236.8039672,/big.txt,55312384,131072,sequential,1.0000,0.0000,0,1,55443456,4096,1,1,0
176,176_baseline_phase_change_run19,baseline,phase_change,1778426236.8052247,/big.txt,55443456,131072,sequential,1.0000,0.0000,0,1,55574528,4096,1,1,0
176,176_baseline_phase_change_run19,baseline,phase_change,1778426236.8064806,/big.txt,55574528,131072,sequential,1.0000,0.0000,0,1,55705600,4096,1,1,0
176,176_baseline_phase_change_run19,baseline,phase_change,1778426236.8077872,/big.txt,55705600,131072,sequential,1.0000,0.0000,0,1,55836672,4096,1,1,0
176,176_baseline_phase_change_run19,baseline,phase_change,1778426236.8090477,/big.txt,55836672,131072,sequential,1.0000,0.0000,0,1,55967744,4096,1,1,0
176,176_baseline_phase_change_run19,baseline,phase_change,1778426236.8102999,/big.txt,55967744,131072,sequential,1.0000,0.0000,0,1,56098816,4096,1,1,0
176,176_baseline_phase_change_run19,baseline,phase_change,1778426236.811608,/big.txt,56098816,131072,sequential,1.0000,0.0000,0,1,56229888,4096,1,1,0
176,176_baseline_phase_change_run19,baseline,phase_change,1778426236.8128898,/big.txt,56229888,131072,sequential,1.0000,0.0000,0,1,56360960,4096,1,1,0
176,176_baseline_phase_change_run19,baseline,phase_change,1778426236.8141456,/big.txt,56360960,131072,sequential,1.0000,0.0000,0,1,56492032,4096,1,1,0
176,176_baseline_phase_change_run19,baseline,phase_change,1778426236.8154533,/big.txt,56492032,131072,sequential,1.0000,0.0000,0,1,56623104,4096,1,1,0
176,176_baseline_phase_change_run19,baseline,phase_change,1778426236.8167078,/big.txt,56623104,131072,sequential,1.0000,0.0000,0,1,56754176,4096,1,1,0
176,176_baseline_phase_change_run19,baseline,phase_change,1778426236.8179588,/big.txt,56754176,131072,sequential,1.0000,0.0000,0,1,56885248,4096,1,1,0
176,176_baseline_phase_change_run19,baseline,phase_change,1778426236.8192382,/big.txt,56885248,131072,sequential,1.0000,0.0000,0,1,57016320,4096,1,1,0
176,176_baseline_phase_change_run19,baseline,phase_change,1778426236.820495,/big.txt,57016320,131072,sequential,1.0000,0.0000,0,1,57147392,4096,1,1,0
176,176_baseline_phase_change_run19,baseline,phase_change,1778426236.8217478,/big.txt,57147392,131072,sequential,1.0000,0.0000,0,1,57278464,4096,1,1,0
176,176_baseline_phase_change_run19,baseline,phase_change,1778426236.8231416,/big.txt,57278464,131072,sequential,1.0000,0.0000,0,1,57409536,4096,1,1,0
176,176_baseline_phase_change_run19,baseline,phase_change,1778426236.8244078,/big.txt,57409536,131072,sequential,1.0000,0.0000,0,1,57540608,4096,1,1,0
176,176_baseline_phase_change_run19,baseline,phase_change,1778426236.825666,/big.txt,57540608,131072,sequential,1.0000,0.0000,0,1,57671680,4096,1,1,0
176,176_baseline_phase_change_run19,baseline,phase_change,1778426236.82696,/big.txt,57671680,131072,sequential,1.0000,0.0000,0,1,57802752,4096,1,1,0
176,176_baseline_phase_change_run19,baseline,phase_change,1778426236.8282206,/big.txt,57802752,131072,sequential,1.0000,0.0000,0,1,57933824,4096,1,1,0
176,176_baseline_phase_change_run19,baseline,phase_change,1778426236.829483,/big.txt,57933824,131072,sequential,1.0000,0.0000,0,1,58064896,4096,1,1,0
176,176_baseline_phase_change_run19,baseline,phase_change,1778426236.8307369,/big.txt,58064896,131072,sequential,1.0000,0.0000,0,1,58195968,4096,1,1,0
176,176_baseline_phase_change_run19,baseline,phase_change,1778426236.83202,/big.txt,58195968,131072,sequential,1.0000,0.0000,0,1,58327040,4096,1,1,0
176,176_baseline_phase_change_run19,baseline,phase_change,1778426236.833273,/big.txt,58327040,131072,sequential,1.0000,0.0000,0,1,58458112,4096,1,1,0
176,176_baseline_phase_change_run19,baseline,phase_change,1778426236.8345287,/big.txt,58458112,131072,sequential,1.0000,0.0000,0,1,58589184,4096,1,1,0
176,176_baseline_phase_change_run19,baseline,phase_change,1778426236.8357947,/big.txt,58589184,131072,sequential,1.0000,0.0000,0,1,58720256,4096,1,1,0
176,176_baseline_phase_change_run19,baseline,phase_change,1778426236.8370593,/big.txt,58720256,131072,sequential,1.0000,0.0000,0,1,58851328,4096,1,1,0
176,176_baseline_phase_change_run19,baseline,phase_change,1778426236.83832,/big.txt,58851328,131072,sequential,1.0000,0.0000,0,1,58982400,4096,1,1,0
176,176_baseline_phase_change_run19,baseline,phase_change,1778426236.8396313,/big.txt,58982400,131072,sequential,1.0000,0.0000,0,1,59113472,4096,1,1,0
176,176_baseline_phase_change_run19,baseline,phase_change,1778426236.8409173,/big.txt,59113472,131072,sequential,1.0000,0.0000,0,1,59244544,4096,1,1,0
176,176_baseline_phase_change_run19,baseline,phase_change,1778426236.8421755,/big.txt,59244544,131072,sequential,1.0000,0.0000,0,1,59375616,4096,1,1,0
176,176_baseline_phase_change_run19,baseline,phase_change,1778426236.8434837,/big.txt,59375616,131072,sequential,1.0000,0.0000,0,1,59506688,4096,1,1,0
176,176_baseline_phase_change_run19,baseline,phase_change,1778426236.8447418,/big.txt,59506688,131072,sequential,1.0000,0.0000,0,1,59637760,4096,1,1,0
176,176_baseline_phase_change_run19,baseline,phase_change,1778426236.8459928,/big.txt,59637760,131072,sequential,1.0000,0.0000,0,1,59768832,4096,1,1,0
176,176_baseline_phase_change_run19,baseline,phase_change,1778426236.847294,/big.txt,59768832,131072,sequential,1.0000,0.0000,0,1,59899904,4096,1,1,0
176,176_baseline_phase_change_run19,baseline,phase_change,1778426236.8485491,/big.txt,59899904,131072,sequential,1.0000,0.0000,0,1,60030976,4096,1,1,0
176,176_baseline_phase_change_run19,baseline,phase_change,1778426236.849797,/big.txt,60030976,131072,sequential,1.0000,0.0000,0,1,60162048,4096,1,1,0
176,176_baseline_phase_change_run19,baseline,phase_change,1778426236.8510973,/big.txt,60162048,131072,sequential,1.0000,0.0000,0,1,60293120,4096,1,1,0
176,176_baseline_phase_change_run19,baseline,phase_change,1778426236.8523505,/big.txt,60293120,131072,sequential,1.0000,0.0000,0,1,60424192,4096,1,1,0
176,176_baseline_phase_change_run19,baseline,phase_change,1778426236.8536234,/big.txt,60424192,131072,sequential,1.0000,0.0000,0,1,60555264,4096,1,1,0
176,176_baseline_phase_change_run19,baseline,phase_change,1778426236.8549228,/big.txt,60555264,131072,sequential,1.0000,0.0000,0,1,60686336,4096,1,1,0
176,176_baseline_phase_change_run19,baseline,phase_change,1778426236.8561716,/big.txt,60686336,131072,sequential,1.0000,0.0000,0,1,60817408,4096,1,1,0
176,176_baseline_phase_change_run19,baseline,phase_change,1778426236.857418,/big.txt,60817408,131072,sequential,1.0000,0.0000,0,1,60948480,4096,1,1,0
176,176_baseline_phase_change_run19,baseline,phase_change,1778426236.8586826,/big.txt,60948480,131072,sequential,1.0000,0.0000,0,1,61079552,4096,1,1,0
176,176_baseline_phase_change_run19,baseline,phase_change,1778426236.8600748,/big.txt,61079552,131072,sequential,1.0000,0.0000,0,1,61210624,4096,1,1,0
176,176_baseline_phase_change_run19,baseline,phase_change,1778426236.8613293,/big.txt,61210624,131072,sequential,1.0000,0.0000,0,1,61341696,4096,1,1,0
176,176_baseline_phase_change_run19,baseline,phase_change,1778426236.8625848,/big.txt,61341696,131072,sequential,1.0000,0.0000,0,1,61472768,4096,1,1,0
176,176_baseline_phase_change_run19,baseline,phase_change,1778426236.8638697,/big.txt,61472768,131072,sequential,1.0000,0.0000,0,1,61603840,4096,1,1,0
176,176_baseline_phase_change_run19,baseline,phase_change,1778426236.865124,/big.txt,61603840,131072,sequential,1.0000,0.0000,0,1,61734912,4096,1,1,0
176,176_baseline_phase_change_run19,baseline,phase_change,1778426236.8663838,/big.txt,61734912,131072,sequential,1.0000,0.0000,0,1,61865984,4096,1,1,0
176,176_baseline_phase_change_run19,baseline,phase_change,1778426236.867691,/big.txt,61865984,131072,sequential,1.0000,0.0000,0,1,61997056,4096,1,1,0
176,176_baseline_phase_change_run19,baseline,phase_change,1778426236.8690126,/big.txt,61997056,131072,sequential,1.0000,0.0000,0,1,62128128,4096,1,1,0
176,176_baseline_phase_change_run19,baseline,phase_change,1778426236.870274,/big.txt,62128128,131072,sequential,1.0000,0.0000,0,1,62259200,4096,1,1,0
176,176_baseline_phase_change_run19,baseline,phase_change,1778426236.8715858,/big.txt,62259200,131072,sequential,1.0000,0.0000,0,1,62390272,4096,1,1,0
176,176_baseline_phase_change_run19,baseline,phase_change,1778426236.8728316,/big.txt,62390272,131072,sequential,1.0000,0.0000,0,1,62521344,4096,1,1,0
176,176_baseline_phase_change_run19,baseline,phase_change,1778426236.8740883,/big.txt,62521344,131072,sequential,1.0000,0.0000,0,1,62652416,4096,1,1,0
176,176_baseline_phase_change_run19,baseline,phase_change,1778426236.8753881,/big.txt,62652416,131072,sequential,1.0000,0.0000,0,1,62783488,4096,1,1,0
176,176_baseline_phase_change_run19,baseline,phase_change,1778426236.876645,/big.txt,62783488,131072,sequential,1.0000,0.0000,0,1,62914560,4096,1,1,0
176,176_baseline_phase_change_run19,baseline,phase_change,1778426236.8778977,/big.txt,62914560,131072,sequential,1.0000,0.0000,0,1,63045632,4096,1,1,0
176,176_baseline_phase_change_run19,baseline,phase_change,1778426236.8793747,/big.txt,63045632,131072,sequential,1.0000,0.0000,0,1,63176704,4096,1,1,0
176,176_baseline_phase_change_run19,baseline,phase_change,1778426236.8806343,/big.txt,63176704,131072,sequential,1.0000,0.0000,0,1,63307776,4096,1,1,0
176,176_baseline_phase_change_run19,baseline,phase_change,1778426236.8818824,/big.txt,63307776,131072,sequential,1.0000,0.0000,0,1,63438848,4096,1,1,0
176,176_baseline_phase_change_run19,baseline,phase_change,1778426236.8831697,/big.txt,63438848,131072,sequential,1.0000,0.0000,0,1,63569920,4096,1,1,0
176,176_baseline_phase_change_run19,baseline,phase_change,1778426236.8844287,/big.txt,63569920,131072,sequential,1.0000,0.0000,0,1,63700992,4096,1,1,0
176,176_baseline_phase_change_run19,baseline,phase_change,1778426236.885687,/big.txt,63700992,131072,sequential,1.0000,0.0000,0,1,63832064,4096,1,1,0
176,176_baseline_phase_change_run19,baseline,phase_change,1778426236.88698,/big.txt,63832064,131072,sequential,1.0000,0.0000,0,1,63963136,4096,1,1,0
176,176_baseline_phase_change_run19,baseline,phase_change,1778426236.8882394,/big.txt,63963136,131072,sequential,1.0000,0.0000,0,1,64094208,4096,1,1,0
176,176_baseline_phase_change_run19,baseline,phase_change,1778426236.8894985,/big.txt,64094208,131072,sequential,1.0000,0.0000,0,1,64225280,4096,1,1,0
176,176_baseline_phase_change_run19,baseline,phase_change,1778426236.8907506,/big.txt,64225280,131072,sequential,1.0000,0.0000,0,1,64356352,4096,1,1,0
176,176_baseline_phase_change_run19,baseline,phase_change,1778426236.8920698,/big.txt,64356352,131072,sequential,1.0000,0.0000,0,1,64487424,4096,1,1,0
176,176_baseline_phase_change_run19,baseline,phase_change,1778426236.8933356,/big.txt,64487424,131072,sequential,1.0000,0.0000,0,1,64618496,4096,1,1,0
176,176_baseline_phase_change_run19,baseline,phase_change,1778426236.8945956,/big.txt,64618496,131072,sequential,1.0000,0.0000,0,1,64749568,4096,1,1,0
176,176_baseline_phase_change_run19,baseline,phase_change,1778426236.8958726,/big.txt,64749568,131072,sequential,1.0000,0.0000,0,1,64880640,4096,1,1,0
176,176_baseline_phase_change_run19,baseline,phase_change,1778426236.8971272,/big.txt,64880640,131072,sequential,1.0000,0.0000,0,1,65011712,4096,1,1,0
176,176_baseline_phase_change_run19,baseline,phase_change,1778426236.8983786,/big.txt,65011712,131072,sequential,1.0000,0.0000,0,1,65142784,4096,1,1,0
176,176_baseline_phase_change_run19,baseline,phase_change,1778426236.8997056,/big.txt,65142784,131072,sequential,1.0000,0.0000,0,1,65273856,4096,1,1,0
176,176_baseline_phase_change_run19,baseline,phase_change,1778426236.9010038,/big.txt,65273856,131072,sequential,1.0000,0.0000,0,1,65404928,4096,1,1,0
176,176_baseline_phase_change_run19,baseline,phase_change,1778426236.902255,/big.txt,65404928,131072,sequential,1.0000,0.0000,0,1,65536000,4096,1,1,0
176,176_baseline_phase_change_run19,baseline,phase_change,1778426236.9036148,/big.txt,65536000,131072,sequential,1.0000,0.0000,0,1,65667072,4096,1,1,0
176,176_baseline_phase_change_run19,baseline,phase_change,1778426236.9048696,/big.txt,65667072,131072,sequential,1.0000,0.0000,0,1,65798144,4096,1,1,0
176,176_baseline_phase_change_run19,baseline,phase_change,1778426236.9061291,/big.txt,65798144,131072,sequential,1.0000,0.0000,0,1,65929216,4096,1,1,0
176,176_baseline_phase_change_run19,baseline,phase_change,1778426236.9074337,/big.txt,65929216,131072,sequential,1.0000,0.0000,0,1,66060288,4096,1,1,0
176,176_baseline_phase_change_run19,baseline,phase_change,1778426236.9086983,/big.txt,66060288,131072,sequential,1.0000,0.0000,0,1,66191360,4096,1,1,0
176,176_baseline_phase_change_run19,baseline,phase_change,1778426236.909951,/big.txt,66191360,131072,sequential,1.0000,0.0000,0,1,66322432,4096,1,1,0
176,176_baseline_phase_change_run19,baseline,phase_change,1778426236.9113202,/big.txt,66322432,131072,sequential,1.0000,0.0000,0,1,66453504,4096,1,1,0
176,176_baseline_phase_change_run19,baseline,phase_change,1778426236.9125814,/big.txt,66453504,131072,sequential,1.0000,0.0000,0,1,66584576,4096,1,1,0
176,176_baseline_phase_change_run19,baseline,phase_change,1778426236.913818,/big.txt,66584576,131072,sequential,1.0000,0.0000,0,1,66715648,4096,1,1,0
176,176_baseline_phase_change_run19,baseline,phase_change,1778426236.915111,/big.txt,66715648,131072,sequential,1.0000,0.0000,0,1,66846720,4096,1,1,0
176,176_baseline_phase_change_run19,baseline,phase_change,1778426236.9163694,/big.txt,66846720,131072,sequential,1.0000,0.0000,0,1,66977792,4096,1,1,0
176,176_baseline_phase_change_run19,baseline,phase_change,1778426236.9176297,/big.txt,66977792,131072,sequential,1.0000,0.0000,0,1,67108864,4096,1,1,0
176,176_baseline_phase_change_run19,baseline,phase_change,1778426236.9190035,/big.txt,67108864,131072,sequential,1.0000,0.0000,0,1,67239936,4096,1,1,0
176,176_baseline_phase_change_run19,baseline,phase_change,1778426236.9215124,/big.txt,67239936,131072,sequential,1.0000,0.0000,0,1,67371008,4096,1,1,0
176,176_baseline_phase_change_run19,baseline,phase_change,1778426236.924048,/big.txt,67371008,131072,sequential,1.0000,0.0000,0,1,67502080,4096,1,1,0
176,176_baseline_phase_change_run19,baseline,phase_change,1778426236.9265354,/big.txt,67502080,131072,sequential,1.0000,0.0000,0,1,67633152,4096,1,1,0
176,176_baseline_phase_change_run19,baseline,phase_change,1778426236.9290571,/big.txt,67633152,131072,sequential,1.0000,0.0000,0,1,67764224,4096,1,1,0
176,176_baseline_phase_change_run19,baseline,phase_change,1778426236.9311106,/big.txt,67764224,131072,sequential,1.0000,0.0000,0,1,67895296,4096,1,1,0
176,176_baseline_phase_change_run19,baseline,phase_change,1778426236.9323704,/big.txt,67895296,131072,sequential,1.0000,0.0000,0,1,68026368,4096,1,1,0
176,176_baseline_phase_change_run19,baseline,phase_change,1778426236.9336236,/big.txt,68026368,131072,sequential,1.0000,0.0000,0,1,68157440,4096,1,1,0
176,176_baseline_phase_change_run19,baseline,phase_change,1778426236.9349184,/big.txt,68157440,131072,sequential,1.0000,0.0000,0,1,68288512,4096,1,1,0
176,176_baseline_phase_change_run19,baseline,phase_change,1778426236.9361691,/big.txt,68288512,131072,sequential,1.0000,0.0000,0,1,68419584,4096,1,1,0
176,176_baseline_phase_change_run19,baseline,phase_change,1778426236.9374287,/big.txt,68419584,131072,sequential,1.0000,0.0000,0,1,68550656,4096,1,1,0
176,176_baseline_phase_change_run19,baseline,phase_change,1778426236.9386864,/big.txt,68550656,131072,sequential,1.0000,0.0000,0,1,68681728,4096,1,1,0
176,176_baseline_phase_change_run19,baseline,phase_change,1778426236.9399812,/big.txt,68681728,131072,sequential,1.0000,0.0000,0,1,68812800,4096,1,1,0
176,176_baseline_phase_change_run19,baseline,phase_change,1778426236.9412415,/big.txt,68812800,131072,sequential,1.0000,0.0000,0,1,68943872,4096,1,1,0
176,176_baseline_phase_change_run19,baseline,phase_change,1778426236.942496,/big.txt,68943872,131072,sequential,1.0000,0.0000,0,1,69074944,4096,1,1,0
176,176_baseline_phase_change_run19,baseline,phase_change,1778426236.9437962,/big.txt,69074944,131072,sequential,1.0000,0.0000,0,1,69206016,4096,1,1,0
176,176_baseline_phase_change_run19,baseline,phase_change,1778426236.9450629,/big.txt,69206016,131072,sequential,1.0000,0.0000,0,1,69337088,4096,1,1,0
176,176_baseline_phase_change_run19,baseline,phase_change,1778426236.9463117,/big.txt,69337088,131072,sequential,1.0000,0.0000,0,1,69468160,4096,1,1,0
176,176_baseline_phase_change_run19,baseline,phase_change,1778426236.9476104,/big.txt,69468160,131072,sequential,1.0000,0.0000,0,1,69599232,4096,1,1,0
176,176_baseline_phase_change_run19,baseline,phase_change,1778426236.9488907,/big.txt,69599232,131072,sequential,1.0000,0.0000,0,1,69730304,4096,1,1,0
176,176_baseline_phase_change_run19,baseline,phase_change,1778426236.9501436,/big.txt,69730304,131072,sequential,1.0000,0.0000,0,1,69861376,4096,1,1,0
176,176_baseline_phase_change_run19,baseline,phase_change,1778426236.9514506,/big.txt,69861376,131072,sequential,1.0000,0.0000,0,1,69992448,4096,1,1,0
176,176_baseline_phase_change_run19,baseline,phase_change,1778426236.9527118,/big.txt,69992448,131072,sequential,1.0000,0.0000,0,1,70123520,4096,1,1,0
176,176_baseline_phase_change_run19,baseline,phase_change,1778426236.9539735,/big.txt,70123520,131072,sequential,1.0000,0.0000,0,1,70254592,4096,1,1,0
176,176_baseline_phase_change_run19,baseline,phase_change,1778426236.9553218,/big.txt,70254592,131072,sequential,1.0000,0.0000,0,1,70385664,4096,1,1,0
176,176_baseline_phase_change_run19,baseline,phase_change,1778426236.9565814,/big.txt,70385664,131072,sequential,1.0000,0.0000,0,1,70516736,4096,1,1,0
176,176_baseline_phase_change_run19,baseline,phase_change,1778426236.9578338,/big.txt,70516736,131072,sequential,1.0000,0.0000,0,1,70647808,4096,1,1,0
176,176_baseline_phase_change_run19,baseline,phase_change,1778426236.9591358,/big.txt,70647808,131072,sequential,1.0000,0.0000,0,1,70778880,4096,1,1,0
176,176_baseline_phase_change_run19,baseline,phase_change,1778426236.9603956,/big.txt,70778880,131072,sequential,1.0000,0.0000,0,1,70909952,4096,1,1,0
176,176_baseline_phase_change_run19,baseline,phase_change,1778426236.9616501,/big.txt,70909952,131072,sequential,1.0000,0.0000,0,1,71041024,4096,1,1,0
176,176_baseline_phase_change_run19,baseline,phase_change,1778426236.9629405,/big.txt,71041024,131072,sequential,1.0000,0.0000,0,1,71172096,4096,1,1,0
176,176_baseline_phase_change_run19,baseline,phase_change,1778426236.9641864,/big.txt,71172096,131072,sequential,1.0000,0.0000,0,1,71303168,4096,1,1,0
176,176_baseline_phase_change_run19,baseline,phase_change,1778426236.9654498,/big.txt,71303168,131072,sequential,1.0000,0.0000,0,1,71434240,4096,1,1,0
176,176_baseline_phase_change_run19,baseline,phase_change,1778426236.966697,/big.txt,71434240,131072,sequential,1.0000,0.0000,0,1,71565312,4096,1,1,0
176,176_baseline_phase_change_run19,baseline,phase_change,1778426236.9680374,/big.txt,71565312,131072,sequential,1.0000,0.0000,0,1,71696384,4096,1,1,0
176,176_baseline_phase_change_run19,baseline,phase_change,1778426236.9692965,/big.txt,71696384,131072,sequential,1.0000,0.0000,0,1,71827456,4096,1,1,0
176,176_baseline_phase_change_run19,baseline,phase_change,1778426236.9705498,/big.txt,71827456,131072,sequential,1.0000,0.0000,0,1,71958528,4096,1,1,0
176,176_baseline_phase_change_run19,baseline,phase_change,1778426236.9718072,/big.txt,71958528,131072,sequential,1.0000,0.0000,0,1,72089600,4096,1,1,0
176,176_baseline_phase_change_run19,baseline,phase_change,1778426236.9730635,/big.txt,72089600,131072,sequential,1.0000,0.0000,0,1,72220672,4096,1,1,0
176,176_baseline_phase_change_run19,baseline,phase_change,1778426236.974314,/big.txt,72220672,131072,sequential,1.0000,0.0000,0,1,72351744,4096,1,1,0
176,176_baseline_phase_change_run19,baseline,phase_change,1778426236.9756753,/big.txt,72351744,131072,sequential,1.0000,0.0000,0,1,72482816,4096,1,1,0
176,176_baseline_phase_change_run19,baseline,phase_change,1778426236.976955,/big.txt,72482816,131072,sequential,1.0000,0.0000,0,1,72613888,4096,1,1,0
176,176_baseline_phase_change_run19,baseline,phase_change,1778426236.978217,/big.txt,72613888,131072,sequential,1.0000,0.0000,0,1,72744960,4096,1,1,0
176,176_baseline_phase_change_run19,baseline,phase_change,1778426236.9795122,/big.txt,72744960,131072,sequential,1.0000,0.0000,0,1,72876032,4096,1,1,0
176,176_baseline_phase_change_run19,baseline,phase_change,1778426236.9807606,/big.txt,72876032,131072,sequential,1.0000,0.0000,0,1,73007104,4096,1,1,0
176,176_baseline_phase_change_run19,baseline,phase_change,1778426236.9820209,/big.txt,73007104,131072,sequential,1.0000,0.0000,0,1,73138176,4096,1,1,0
176,176_baseline_phase_change_run19,baseline,phase_change,1778426236.983348,/big.txt,73138176,131072,sequential,1.0000,0.0000,0,1,73269248,4096,1,1,0
176,176_baseline_phase_change_run19,baseline,phase_change,1778426236.9845972,/big.txt,73269248,131072,sequential,1.0000,0.0000,0,1,73400320,4096,1,1,0
176,176_baseline_phase_change_run19,baseline,phase_change,1778426236.9858532,/big.txt,73400320,131072,sequential,1.0000,0.0000,0,1,73531392,4096,1,1,0
176,176_baseline_phase_change_run19,baseline,phase_change,1778426236.9871507,/big.txt,73531392,131072,sequential,1.0000,0.0000,0,1,73662464,4096,1,1,0
176,176_baseline_phase_change_run19,baseline,phase_change,1778426236.9884098,/big.txt,73662464,131072,sequential,1.0000,0.0000,0,1,73793536,4096,1,1,0
176,176_baseline_phase_change_run19,baseline,phase_change,1778426236.9896617,/big.txt,73793536,131072,sequential,1.0000,0.0000,0,1,73924608,4096,1,1,0
176,176_baseline_phase_change_run19,baseline,phase_change,1778426236.990956,/big.txt,73924608,131072,sequential,1.0000,0.0000,0,1,74055680,4096,1,1,0
176,176_baseline_phase_change_run19,baseline,phase_change,1778426236.9922035,/big.txt,74055680,131072,sequential,1.0000,0.0000,0,1,74186752,4096,1,1,0
176,176_baseline_phase_change_run19,baseline,phase_change,1778426236.9934583,/big.txt,74186752,131072,sequential,1.0000,0.0000,0,1,74317824,4096,1,1,0
176,176_baseline_phase_change_run19,baseline,phase_change,1778426236.9947176,/big.txt,74317824,131072,sequential,1.0000,0.0000,0,1,74448896,4096,1,1,0
176,176_baseline_phase_change_run19,baseline,phase_change,1778426236.996076,/big.txt,74448896,131072,sequential,1.0000,0.0000,0,1,74579968,4096,1,1,0
176,176_baseline_phase_change_run19,baseline,phase_change,1778426236.9973354,/big.txt,74579968,131072,sequential,1.0000,0.0000,0,1,74711040,4096,1,1,0
176,176_baseline_phase_change_run19,baseline,phase_change,1778426236.9985876,/big.txt,74711040,131072,sequential,1.0000,0.0000,0,1,74842112,4096,1,1,0
176,176_baseline_phase_change_run19,baseline,phase_change,1778426236.9999015,/big.txt,74842112,131072,sequential,1.0000,0.0000,0,1,74973184,4096,1,1,0
176,176_baseline_phase_change_run19,baseline,phase_change,1778426237.001159,/big.txt,74973184,131072,sequential,1.0000,0.0000,0,1,75104256,4096,1,1,0
176,176_baseline_phase_change_run19,baseline,phase_change,1778426237.0024378,/big.txt,75104256,131072,sequential,1.0000,0.0000,0,1,75235328,4096,1,1,0
176,176_baseline_phase_change_run19,baseline,phase_change,1778426237.0037413,/big.txt,75235328,131072,sequential,1.0000,0.0000,0,1,75366400,4096,1,1,0
176,176_baseline_phase_change_run19,baseline,phase_change,1778426237.0050004,/big.txt,75366400,131072,sequential,1.0000,0.0000,0,1,75497472,4096,1,1,0
176,176_baseline_phase_change_run19,baseline,phase_change,1778426237.0062501,/big.txt,75497472,131072,sequential,1.0000,0.0000,0,1,75628544,4096,1,1,0
176,176_baseline_phase_change_run19,baseline,phase_change,1778426237.0076587,/big.txt,75628544,131072,sequential,1.0000,0.0000,0,1,75759616,4096,1,1,0
176,176_baseline_phase_change_run19,baseline,phase_change,1778426237.0090306,/big.txt,75759616,131072,sequential,1.0000,0.0000,0,1,75890688,4096,1,1,0
176,176_baseline_phase_change_run19,baseline,phase_change,1778426237.0103152,/big.txt,75890688,131072,sequential,1.0000,0.0000,0,1,76021760,4096,1,1,0
176,176_baseline_phase_change_run19,baseline,phase_change,1778426237.0116274,/big.txt,76021760,131072,sequential,1.0000,0.0000,0,1,76152832,4096,1,1,0
176,176_baseline_phase_change_run19,baseline,phase_change,1778426237.012915,/big.txt,76152832,131072,sequential,1.0000,0.0000,0,1,76283904,4096,1,1,0
176,176_baseline_phase_change_run19,baseline,phase_change,1778426237.0141823,/big.txt,76283904,131072,sequential,1.0000,0.0000,0,1,76414976,4096,1,1,0
176,176_baseline_phase_change_run19,baseline,phase_change,1778426237.015488,/big.txt,76414976,131072,sequential,1.0000,0.0000,0,1,76546048,4096,1,1,0
176,176_baseline_phase_change_run19,baseline,phase_change,1778426237.016749,/big.txt,76546048,131072,sequential,1.0000,0.0000,0,1,76677120,4096,1,1,0
176,176_baseline_phase_change_run19,baseline,phase_change,1778426237.0179973,/big.txt,76677120,131072,sequential,1.0000,0.0000,0,1,76808192,4096,1,1,0
176,176_baseline_phase_change_run19,baseline,phase_change,1778426237.019316,/big.txt,76808192,131072,sequential,1.0000,0.0000,0,1,76939264,4096,1,1,0
176,176_baseline_phase_change_run19,baseline,phase_change,1778426237.0205793,/big.txt,76939264,131072,sequential,1.0000,0.0000,0,1,77070336,4096,1,1,0
176,176_baseline_phase_change_run19,baseline,phase_change,1778426237.0218363,/big.txt,77070336,131072,sequential,1.0000,0.0000,0,1,77201408,4096,1,1,0
176,176_baseline_phase_change_run19,baseline,phase_change,1778426237.02314,/big.txt,77201408,131072,sequential,1.0000,0.0000,0,1,77332480,4096,1,1,0
176,176_baseline_phase_change_run19,baseline,phase_change,1778426237.0243995,/big.txt,77332480,131072,sequential,1.0000,0.0000,0,1,77463552,4096,1,1,0
176,176_baseline_phase_change_run19,baseline,phase_change,1778426237.0256424,/big.txt,77463552,131072,sequential,1.0000,0.0000,0,1,77594624,4096,1,1,0
176,176_baseline_phase_change_run19,baseline,phase_change,1778426237.0270748,/big.txt,77594624,131072,sequential,1.0000,0.0000,0,1,77725696,4096,1,1,0
176,176_baseline_phase_change_run19,baseline,phase_change,1778426237.0283275,/big.txt,77725696,131072,sequential,1.0000,0.0000,0,1,77856768,4096,1,1,0
176,176_baseline_phase_change_run19,baseline,phase_change,1778426237.0295715,/big.txt,77856768,131072,sequential,1.0000,0.0000,0,1,77987840,4096,1,1,0
176,176_baseline_phase_change_run19,baseline,phase_change,1778426237.0308561,/big.txt,77987840,131072,sequential,1.0000,0.0000,0,1,78118912,4096,1,1,0
176,176_baseline_phase_change_run19,baseline,phase_change,1778426237.0321112,/big.txt,78118912,131072,sequential,1.0000,0.0000,0,1,78249984,4096,1,1,0
176,176_baseline_phase_change_run19,baseline,phase_change,1778426237.0333707,/big.txt,78249984,131072,sequential,1.0000,0.0000,0,1,78381056,4096,1,1,0
176,176_baseline_phase_change_run19,baseline,phase_change,1778426237.0346224,/big.txt,78381056,131072,sequential,1.0000,0.0000,0,1,78512128,4096,1,1,0
176,176_baseline_phase_change_run19,baseline,phase_change,1778426237.03588,/big.txt,78512128,131072,sequential,1.0000,0.0000,0,1,78643200,4096,1,1,0
176,176_baseline_phase_change_run19,baseline,phase_change,1778426237.0371327,/big.txt,78643200,131072,sequential,1.0000,0.0000,0,1,78774272,4096,1,1,0
176,176_baseline_phase_change_run19,baseline,phase_change,1778426237.0383923,/big.txt,78774272,131072,sequential,1.0000,0.0000,0,1,78905344,4096,1,1,0
176,176_baseline_phase_change_run19,baseline,phase_change,1778426237.0396981,/big.txt,78905344,131072,sequential,1.0000,0.0000,0,1,79036416,4096,1,1,0
176,176_baseline_phase_change_run19,baseline,phase_change,1778426237.0409853,/big.txt,79036416,131072,sequential,1.0000,0.0000,0,1,79167488,4096,1,1,0
176,176_baseline_phase_change_run19,baseline,phase_change,1778426237.0422401,/big.txt,79167488,131072,sequential,1.0000,0.0000,0,1,79298560,4096,1,1,0
176,176_baseline_phase_change_run19,baseline,phase_change,1778426237.0435627,/big.txt,79298560,131072,sequential,1.0000,0.0000,0,1,79429632,4096,1,1,0
176,176_baseline_phase_change_run19,baseline,phase_change,1778426237.0448174,/big.txt,79429632,131072,sequential,1.0000,0.0000,0,1,79560704,4096,1,1,0
176,176_baseline_phase_change_run19,baseline,phase_change,1778426237.0460703,/big.txt,79560704,131072,sequential,1.0000,0.0000,0,1,79691776,4096,1,1,0
176,176_baseline_phase_change_run19,baseline,phase_change,1778426237.0473595,/big.txt,79691776,131072,sequential,1.0000,0.0000,0,1,79822848,4096,1,1,0
176,176_baseline_phase_change_run19,baseline,phase_change,1778426237.0486112,/big.txt,79822848,131072,sequential,1.0000,0.0000,0,1,79953920,4096,1,1,0
176,176_baseline_phase_change_run19,baseline,phase_change,1778426237.049876,/big.txt,79953920,131072,sequential,1.0000,0.0000,0,1,80084992,4096,1,1,0
176,176_baseline_phase_change_run19,baseline,phase_change,1778426237.0511873,/big.txt,80084992,131072,sequential,1.0000,0.0000,0,1,80216064,4096,1,1,0
176,176_baseline_phase_change_run19,baseline,phase_change,1778426237.0524375,/big.txt,80216064,131072,sequential,1.0000,0.0000,0,1,80347136,4096,1,1,0
176,176_baseline_phase_change_run19,baseline,phase_change,1778426237.053705,/big.txt,80347136,131072,sequential,1.0000,0.0000,0,1,80478208,4096,1,1,0
176,176_baseline_phase_change_run19,baseline,phase_change,1778426237.0552,/big.txt,80478208,131072,sequential,1.0000,0.0000,0,1,80609280,4096,1,1,0
176,176_baseline_phase_change_run19,baseline,phase_change,1778426237.0576897,/big.txt,80609280,131072,sequential,1.0000,0.0000,0,1,80740352,4096,1,1,0
176,176_baseline_phase_change_run19,baseline,phase_change,1778426237.0602212,/big.txt,80740352,131072,sequential,1.0000,0.0000,0,1,80871424,4096,1,1,0
176,176_baseline_phase_change_run19,baseline,phase_change,1778426237.0627255,/big.txt,80871424,131072,sequential,1.0000,0.0000,0,1,81002496,4096,1,1,0
176,176_baseline_phase_change_run19,baseline,phase_change,1778426237.065269,/big.txt,81002496,131072,sequential,1.0000,0.0000,0,1,81133568,4096,1,1,0
176,176_baseline_phase_change_run19,baseline,phase_change,1778426237.0671256,/big.txt,81133568,131072,sequential,1.0000,0.0000,0,1,81264640,4096,1,1,0
176,176_baseline_phase_change_run19,baseline,phase_change,1778426237.0683823,/big.txt,81264640,131072,sequential,1.0000,0.0000,0,1,81395712,4096,1,1,0
176,176_baseline_phase_change_run19,baseline,phase_change,1778426237.0696454,/big.txt,81395712,131072,sequential,1.0000,0.0000,0,1,81526784,4096,1,1,0
176,176_baseline_phase_change_run19,baseline,phase_change,1778426237.0709896,/big.txt,81526784,131072,sequential,1.0000,0.0000,0,1,81657856,4096,1,1,0
176,176_baseline_phase_change_run19,baseline,phase_change,1778426237.0722458,/big.txt,81657856,131072,sequential,1.0000,0.0000,0,1,81788928,4096,1,1,0
176,176_baseline_phase_change_run19,baseline,phase_change,1778426237.0734901,/big.txt,81788928,131072,sequential,1.0000,0.0000,0,1,81920000,4096,1,1,0
176,176_baseline_phase_change_run19,baseline,phase_change,1778426237.074745,/big.txt,81920000,131072,sequential,1.0000,0.0000,0,1,82051072,4096,1,1,0
176,176_baseline_phase_change_run19,baseline,phase_change,1778426237.0760624,/big.txt,82051072,131072,sequential,1.0000,0.0000,0,1,82182144,4096,1,1,0
176,176_baseline_phase_change_run19,baseline,phase_change,1778426237.0773156,/big.txt,82182144,131072,sequential,1.0000,0.0000,0,1,82313216,4096,1,1,0
176,176_baseline_phase_change_run19,baseline,phase_change,1778426237.0785663,/big.txt,82313216,131072,sequential,1.0000,0.0000,0,1,82444288,4096,1,1,0
176,176_baseline_phase_change_run19,baseline,phase_change,1778426237.0798385,/big.txt,82444288,131072,sequential,1.0000,0.0000,0,1,82575360,4096,1,1,0
176,176_baseline_phase_change_run19,baseline,phase_change,1778426237.081097,/big.txt,82575360,131072,sequential,1.0000,0.0000,0,1,82706432,4096,1,1,0
176,176_baseline_phase_change_run19,baseline,phase_change,1778426237.0823486,/big.txt,82706432,131072,sequential,1.0000,0.0000,0,1,82837504,4096,1,1,0
176,176_baseline_phase_change_run19,baseline,phase_change,1778426237.083653,/big.txt,82837504,131072,sequential,1.0000,0.0000,0,1,82968576,4096,1,1,0
176,176_baseline_phase_change_run19,baseline,phase_change,1778426237.0849617,/big.txt,82968576,131072,sequential,1.0000,0.0000,0,1,83099648,4096,1,1,0
176,176_baseline_phase_change_run19,baseline,phase_change,1778426237.0862155,/big.txt,83099648,131072,sequential,1.0000,0.0000,0,1,83230720,4096,1,1,0
176,176_baseline_phase_change_run19,baseline,phase_change,1778426237.087521,/big.txt,83230720,131072,sequential,1.0000,0.0000,0,1,83361792,4096,1,1,0
176,176_baseline_phase_change_run19,baseline,phase_change,1778426237.088774,/big.txt,83361792,131072,sequential,1.0000,0.0000,0,1,83492864,4096,1,1,0
176,176_baseline_phase_change_run19,baseline,phase_change,1778426237.0900207,/big.txt,83492864,131072,sequential,1.0000,0.0000,0,1,83623936,4096,1,1,0
176,176_baseline_phase_change_run19,baseline,phase_change,1778426237.0913424,/big.txt,83623936,131072,sequential,1.0000,0.0000,0,1,83755008,4096,1,1,0
176,176_baseline_phase_change_run19,baseline,phase_change,1778426237.0925915,/big.txt,83755008,131072,sequential,1.0000,0.0000,0,1,83886080,4096,1,1,0
176,176_baseline_phase_change_run19,baseline,phase_change,1778426237.093846,/big.txt,83886080,131072,sequential,1.0000,0.0000,0,1,84017152,4096,1,1,0
176,176_baseline_phase_change_run19,baseline,phase_change,1778426237.0951493,/big.txt,84017152,131072,sequential,1.0000,0.0000,0,1,84148224,4096,1,1,0
176,176_baseline_phase_change_run19,baseline,phase_change,1778426237.096406,/big.txt,84148224,131072,sequential,1.0000,0.0000,0,1,84279296,4096,1,1,0
176,176_baseline_phase_change_run19,baseline,phase_change,1778426237.0976548,/big.txt,84279296,131072,sequential,1.0000,0.0000,0,1,84410368,4096,1,1,0
176,176_baseline_phase_change_run19,baseline,phase_change,1778426237.098946,/big.txt,84410368,131072,sequential,1.0000,0.0000,0,1,84541440,4096,1,1,0
176,176_baseline_phase_change_run19,baseline,phase_change,1778426237.1001987,/big.txt,84541440,131072,sequential,1.0000,0.0000,0,1,84672512,4096,1,1,0
176,176_baseline_phase_change_run19,baseline,phase_change,1778426237.1014528,/big.txt,84672512,131072,sequential,1.0000,0.0000,0,1,84803584,4096,1,1,0
176,176_baseline_phase_change_run19,baseline,phase_change,1778426237.1027098,/big.txt,84803584,131072,sequential,1.0000,0.0000,0,1,84934656,4096,1,1,0
176,176_baseline_phase_change_run19,baseline,phase_change,1778426237.1040015,/big.txt,84934656,131072,sequential,1.0000,0.0000,0,1,85065728,4096,1,1,0
176,176_baseline_phase_change_run19,baseline,phase_change,1778426237.105256,/big.txt,85065728,131072,sequential,1.0000,0.0000,0,1,85196800,4096,1,1,0
176,176_baseline_phase_change_run19,baseline,phase_change,1778426237.1065047,/big.txt,85196800,131072,sequential,1.0000,0.0000,0,1,85327872,4096,1,1,0
176,176_baseline_phase_change_run19,baseline,phase_change,1778426237.1078107,/big.txt,85327872,131072,sequential,1.0000,0.0000,0,1,85458944,4096,1,1,0
176,176_baseline_phase_change_run19,baseline,phase_change,1778426237.1090782,/big.txt,85458944,131072,sequential,1.0000,0.0000,0,1,85590016,4096,1,1,0
176,176_baseline_phase_change_run19,baseline,phase_change,1778426237.1103294,/big.txt,85590016,131072,sequential,1.0000,0.0000,0,1,85721088,4096,1,1,0
176,176_baseline_phase_change_run19,baseline,phase_change,1778426237.1116357,/big.txt,85721088,131072,sequential,1.0000,0.0000,0,1,85852160,4096,1,1,0
176,176_baseline_phase_change_run19,baseline,phase_change,1778426237.1129498,/big.txt,85852160,131072,sequential,1.0000,0.0000,0,1,85983232,4096,1,1,0
176,176_baseline_phase_change_run19,baseline,phase_change,1778426237.114212,/big.txt,85983232,131072,sequential,1.0000,0.0000,0,1,86114304,4096,1,1,0
176,176_baseline_phase_change_run19,baseline,phase_change,1778426237.1155093,/big.txt,86114304,131072,sequential,1.0000,0.0000,0,1,86245376,4096,1,1,0
176,176_baseline_phase_change_run19,baseline,phase_change,1778426237.1167564,/big.txt,86245376,131072,sequential,1.0000,0.0000,0,1,86376448,4096,1,1,0
176,176_baseline_phase_change_run19,baseline,phase_change,1778426237.1180232,/big.txt,86376448,131072,sequential,1.0000,0.0000,0,1,86507520,4096,1,1,0
176,176_baseline_phase_change_run19,baseline,phase_change,1778426237.1193478,/big.txt,86507520,131072,sequential,1.0000,0.0000,0,1,86638592,4096,1,1,0
176,176_baseline_phase_change_run19,baseline,phase_change,1778426237.1205924,/big.txt,86638592,131072,sequential,1.0000,0.0000,0,1,86769664,4096,1,1,0
176,176_baseline_phase_change_run19,baseline,phase_change,1778426237.1218405,/big.txt,86769664,131072,sequential,1.0000,0.0000,0,1,86900736,4096,1,1,0
176,176_baseline_phase_change_run19,baseline,phase_change,1778426237.1231632,/big.txt,86900736,131072,sequential,1.0000,0.0000,0,1,87031808,4096,1,1,0
176,176_baseline_phase_change_run19,baseline,phase_change,1778426237.1244106,/big.txt,87031808,131072,sequential,1.0000,0.0000,0,1,87162880,4096,1,1,0
176,176_baseline_phase_change_run19,baseline,phase_change,1778426237.12565,/big.txt,87162880,131072,sequential,1.0000,0.0000,0,1,87293952,4096,1,1,0
176,176_baseline_phase_change_run19,baseline,phase_change,1778426237.1270897,/big.txt,87293952,131072,sequential,1.0000,0.0000,0,1,87425024,4096,1,1,0
176,176_baseline_phase_change_run19,baseline,phase_change,1778426237.1283453,/big.txt,87425024,131072,sequential,1.0000,0.0000,0,1,87556096,4096,1,1,0
176,176_baseline_phase_change_run19,baseline,phase_change,1778426237.1296053,/big.txt,87556096,131072,sequential,1.0000,0.0000,0,1,87687168,4096,1,1,0
176,176_baseline_phase_change_run19,baseline,phase_change,1778426237.1308854,/big.txt,87687168,131072,sequential,1.0000,0.0000,0,1,87818240,4096,1,1,0
176,176_baseline_phase_change_run19,baseline,phase_change,1778426237.1321454,/big.txt,87818240,131072,sequential,1.0000,0.0000,0,1,87949312,4096,1,1,0
176,176_baseline_phase_change_run19,baseline,phase_change,1778426237.133397,/big.txt,87949312,131072,sequential,1.0000,0.0000,0,1,88080384,4096,1,1,0
176,176_baseline_phase_change_run19,baseline,phase_change,1778426237.134658,/big.txt,88080384,131072,sequential,1.0000,0.0000,0,1,88211456,4096,1,1,0
176,176_baseline_phase_change_run19,baseline,phase_change,1778426237.1359863,/big.txt,88211456,131072,sequential,1.0000,0.0000,0,1,88342528,4096,1,1,0
176,176_baseline_phase_change_run19,baseline,phase_change,1778426237.137253,/big.txt,88342528,131072,sequential,1.0000,0.0000,0,1,88473600,4096,1,1,0
176,176_baseline_phase_change_run19,baseline,phase_change,1778426237.1385074,/big.txt,88473600,131072,sequential,1.0000,0.0000,0,1,88604672,4096,1,1,0
176,176_baseline_phase_change_run19,baseline,phase_change,1778426237.139798,/big.txt,88604672,131072,sequential,1.0000,0.0000,0,1,88735744,4096,1,1,0
176,176_baseline_phase_change_run19,baseline,phase_change,1778426237.141052,/big.txt,88735744,131072,sequential,1.0000,0.0000,0,1,88866816,4096,1,1,0
176,176_baseline_phase_change_run19,baseline,phase_change,1778426237.1423068,/big.txt,88866816,131072,sequential,1.0000,0.0000,0,1,88997888,4096,1,1,0
176,176_baseline_phase_change_run19,baseline,phase_change,1778426237.1436095,/big.txt,88997888,131072,sequential,1.0000,0.0000,0,1,89128960,4096,1,1,0
176,176_baseline_phase_change_run19,baseline,phase_change,1778426237.1449075,/big.txt,89128960,131072,sequential,1.0000,0.0000,0,1,89260032,4096,1,1,0
176,176_baseline_phase_change_run19,baseline,phase_change,1778426237.1461556,/big.txt,89260032,131072,sequential,1.0000,0.0000,0,1,89391104,4096,1,1,0
176,176_baseline_phase_change_run19,baseline,phase_change,1778426237.147458,/big.txt,89391104,131072,sequential,1.0000,0.0000,0,1,89522176,4096,1,1,0
176,176_baseline_phase_change_run19,baseline,phase_change,1778426237.1487215,/big.txt,89522176,131072,sequential,1.0000,0.0000,0,1,89653248,4096,1,1,0
176,176_baseline_phase_change_run19,baseline,phase_change,1778426237.149976,/big.txt,89653248,131072,sequential,1.0000,0.0000,0,1,89784320,4096,1,1,0
176,176_baseline_phase_change_run19,baseline,phase_change,1778426237.15132,/big.txt,89784320,131072,sequential,1.0000,0.0000,0,1,89915392,4096,1,1,0
176,176_baseline_phase_change_run19,baseline,phase_change,1778426237.1525993,/big.txt,89915392,131072,sequential,1.0000,0.0000,0,1,90046464,4096,1,1,0
176,176_baseline_phase_change_run19,baseline,phase_change,1778426237.1538625,/big.txt,90046464,131072,sequential,1.0000,0.0000,0,1,90177536,4096,1,1,0
176,176_baseline_phase_change_run19,baseline,phase_change,1778426237.1551578,/big.txt,90177536,131072,sequential,1.0000,0.0000,0,1,90308608,4096,1,1,0
176,176_baseline_phase_change_run19,baseline,phase_change,1778426237.1564157,/big.txt,90308608,131072,sequential,1.0000,0.0000,0,1,90439680,4096,1,1,0
176,176_baseline_phase_change_run19,baseline,phase_change,1778426237.1576703,/big.txt,90439680,131072,sequential,1.0000,0.0000,0,1,90570752,4096,1,1,0
176,176_baseline_phase_change_run19,baseline,phase_change,1778426237.1590369,/big.txt,90570752,131072,sequential,1.0000,0.0000,0,1,90701824,4096,1,1,0
176,176_baseline_phase_change_run19,baseline,phase_change,1778426237.160293,/big.txt,90701824,131072,sequential,1.0000,0.0000,0,1,90832896,4096,1,1,0
176,176_baseline_phase_change_run19,baseline,phase_change,1778426237.1615427,/big.txt,90832896,131072,sequential,1.0000,0.0000,0,1,90963968,4096,1,1,0
176,176_baseline_phase_change_run19,baseline,phase_change,1778426237.1628187,/big.txt,90963968,131072,sequential,1.0000,0.0000,0,1,91095040,4096,1,1,0
176,176_baseline_phase_change_run19,baseline,phase_change,1778426237.1640813,/big.txt,91095040,131072,sequential,1.0000,0.0000,0,1,91226112,4096,1,1,0
176,176_baseline_phase_change_run19,baseline,phase_change,1778426237.165337,/big.txt,91226112,131072,sequential,1.0000,0.0000,0,1,91357184,4096,1,1,0
176,176_baseline_phase_change_run19,baseline,phase_change,1778426237.1665962,/big.txt,91357184,131072,sequential,1.0000,0.0000,0,1,91488256,4096,1,1,0
176,176_baseline_phase_change_run19,baseline,phase_change,1778426237.1678553,/big.txt,91488256,131072,sequential,1.0000,0.0000,0,1,91619328,4096,1,1,0
176,176_baseline_phase_change_run19,baseline,phase_change,1778426237.1690955,/big.txt,91619328,131072,sequential,1.0000,0.0000,0,1,91750400,4096,1,1,0
176,176_baseline_phase_change_run19,baseline,phase_change,1778426237.1703563,/big.txt,91750400,131072,sequential,1.0000,0.0000,0,1,91881472,4096,1,1,0
176,176_baseline_phase_change_run19,baseline,phase_change,1778426237.1716735,/big.txt,91881472,131072,sequential,1.0000,0.0000,0,1,92012544,4096,1,1,0
176,176_baseline_phase_change_run19,baseline,phase_change,1778426237.1729808,/big.txt,92012544,131072,sequential,1.0000,0.0000,0,1,92143616,4096,1,1,0
176,176_baseline_phase_change_run19,baseline,phase_change,1778426237.1742282,/big.txt,92143616,131072,sequential,1.0000,0.0000,0,1,92274688,4096,1,1,0
176,176_baseline_phase_change_run19,baseline,phase_change,1778426237.175533,/big.txt,92274688,131072,sequential,1.0000,0.0000,0,1,92405760,4096,1,1,0
176,176_baseline_phase_change_run19,baseline,phase_change,1778426237.1767883,/big.txt,92405760,131072,sequential,1.0000,0.0000,0,1,92536832,4096,1,1,0
176,176_baseline_phase_change_run19,baseline,phase_change,1778426237.1780422,/big.txt,92536832,131072,sequential,1.0000,0.0000,0,1,92667904,4096,1,1,0
176,176_baseline_phase_change_run19,baseline,phase_change,1778426237.1793442,/big.txt,92667904,131072,sequential,1.0000,0.0000,0,1,92798976,4096,1,1,0
176,176_baseline_phase_change_run19,baseline,phase_change,1778426237.1805983,/big.txt,92798976,131072,sequential,1.0000,0.0000,0,1,92930048,4096,1,1,0
176,176_baseline_phase_change_run19,baseline,phase_change,1778426237.1818562,/big.txt,92930048,131072,sequential,1.0000,0.0000,0,1,93061120,4096,1,1,0
176,176_baseline_phase_change_run19,baseline,phase_change,1778426237.1832051,/big.txt,93061120,131072,sequential,1.0000,0.0000,0,1,93192192,4096,1,1,0
176,176_baseline_phase_change_run19,baseline,phase_change,1778426237.1844623,/big.txt,93192192,131072,sequential,1.0000,0.0000,0,1,93323264,4096,1,1,0
176,176_baseline_phase_change_run19,baseline,phase_change,1778426237.185729,/big.txt,93323264,131072,sequential,1.0000,0.0000,0,1,93454336,4096,1,1,0
176,176_baseline_phase_change_run19,baseline,phase_change,1778426237.1870368,/big.txt,93454336,131072,sequential,1.0000,0.0000,0,1,93585408,4096,1,1,0
176,176_baseline_phase_change_run19,baseline,phase_change,1778426237.1882937,/big.txt,93585408,131072,sequential,1.0000,0.0000,0,1,93716480,4096,1,1,0
176,176_baseline_phase_change_run19,baseline,phase_change,1778426237.1895394,/big.txt,93716480,131072,sequential,1.0000,0.0000,0,1,93847552,4096,1,1,0
176,176_baseline_phase_change_run19,baseline,phase_change,1778426237.1909473,/big.txt,93847552,131072,sequential,1.0000,0.0000,0,1,93978624,4096,1,1,0
176,176_baseline_phase_change_run19,baseline,phase_change,1778426237.1922197,/big.txt,93978624,131072,sequential,1.0000,0.0000,0,1,94109696,4096,1,1,0
176,176_baseline_phase_change_run19,baseline,phase_change,1778426237.1934767,/big.txt,94109696,131072,sequential,1.0000,0.0000,0,1,94240768,4096,1,1,0
176,176_baseline_phase_change_run19,baseline,phase_change,1778426237.1947265,/big.txt,94240768,131072,sequential,1.0000,0.0000,0,1,94371840,4096,1,1,0
176,176_baseline_phase_change_run19,baseline,phase_change,1778426237.1960168,/big.txt,94371840,131072,sequential,1.0000,0.0000,0,1,94502912,4096,1,1,0
176,176_baseline_phase_change_run19,baseline,phase_change,1778426237.1972637,/big.txt,94502912,131072,sequential,1.0000,0.0000,0,1,94633984,4096,1,1,0
176,176_baseline_phase_change_run19,baseline,phase_change,1778426237.1985192,/big.txt,94633984,131072,sequential,1.0000,0.0000,0,1,94765056,4096,1,1,0
176,176_baseline_phase_change_run19,baseline,phase_change,1778426237.199851,/big.txt,94765056,131072,sequential,1.0000,0.0000,0,1,94896128,4096,1,1,0
176,176_baseline_phase_change_run19,baseline,phase_change,1778426237.2011786,/big.txt,94896128,131072,sequential,1.0000,0.0000,0,1,95027200,4096,1,1,0
176,176_baseline_phase_change_run19,baseline,phase_change,1778426237.202461,/big.txt,95027200,131072,sequential,1.0000,0.0000,0,1,95158272,4096,1,1,0
176,176_baseline_phase_change_run19,baseline,phase_change,1778426237.2037745,/big.txt,95158272,131072,sequential,1.0000,0.0000,0,1,95289344,4096,1,1,0
176,176_baseline_phase_change_run19,baseline,phase_change,1778426237.2050443,/big.txt,95289344,131072,sequential,1.0000,0.0000,0,1,95420416,4096,1,1,0
176,176_baseline_phase_change_run19,baseline,phase_change,1778426237.206368,/big.txt,95420416,131072,sequential,1.0000,0.0000,0,1,95551488,4096,1,1,0
176,176_baseline_phase_change_run19,baseline,phase_change,1778426237.207703,/big.txt,95551488,131072,sequential,1.0000,0.0000,0,1,95682560,4096,1,1,0
176,176_baseline_phase_change_run19,baseline,phase_change,1778426237.209014,/big.txt,95682560,131072,sequential,1.0000,0.0000,0,1,95813632,4096,1,1,0
176,176_baseline_phase_change_run19,baseline,phase_change,1778426237.2102692,/big.txt,95813632,131072,sequential,1.0000,0.0000,0,1,95944704,4096,1,1,0
176,176_baseline_phase_change_run19,baseline,phase_change,1778426237.2115874,/big.txt,95944704,131072,sequential,1.0000,0.0000,0,1,96075776,4096,1,1,0
176,176_baseline_phase_change_run19,baseline,phase_change,1778426237.2128463,/big.txt,96075776,131072,sequential,1.0000,0.0000,0,1,96206848,4096,1,1,0
176,176_baseline_phase_change_run19,baseline,phase_change,1778426237.2140954,/big.txt,96206848,131072,sequential,1.0000,0.0000,0,1,96337920,4096,1,1,0
176,176_baseline_phase_change_run19,baseline,phase_change,1778426237.2153971,/big.txt,96337920,131072,sequential,1.0000,0.0000,0,1,96468992,4096,1,1,0
176,176_baseline_phase_change_run19,baseline,phase_change,1778426237.216639,/big.txt,96468992,131072,sequential,1.0000,0.0000,0,1,96600064,4096,1,1,0
176,176_baseline_phase_change_run19,baseline,phase_change,1778426237.2178802,/big.txt,96600064,131072,sequential,1.0000,0.0000,0,1,96731136,4096,1,1,0
176,176_baseline_phase_change_run19,baseline,phase_change,1778426237.2191668,/big.txt,96731136,131072,sequential,1.0000,0.0000,0,1,96862208,4096,1,1,0
176,176_baseline_phase_change_run19,baseline,phase_change,1778426237.2204182,/big.txt,96862208,131072,sequential,1.0000,0.0000,0,1,96993280,4096,1,1,0
176,176_baseline_phase_change_run19,baseline,phase_change,1778426237.2216663,/big.txt,96993280,131072,sequential,1.0000,0.0000,0,1,97124352,4096,1,1,0
176,176_baseline_phase_change_run19,baseline,phase_change,1778426237.223045,/big.txt,97124352,131072,sequential,1.0000,0.0000,0,1,97255424,4096,1,1,0
176,176_baseline_phase_change_run19,baseline,phase_change,1778426237.225526,/big.txt,97255424,131072,sequential,1.0000,0.0000,0,1,97386496,4096,1,1,0
176,176_baseline_phase_change_run19,baseline,phase_change,1778426237.228065,/big.txt,97386496,131072,sequential,1.0000,0.0000,0,1,97517568,4096,1,1,0
176,176_baseline_phase_change_run19,baseline,phase_change,1778426237.2305536,/big.txt,97517568,131072,sequential,1.0000,0.0000,0,1,97648640,4096,1,1,0
176,176_baseline_phase_change_run19,baseline,phase_change,1778426237.233033,/big.txt,97648640,131072,sequential,1.0000,0.0000,0,1,97779712,4096,1,1,0
176,176_baseline_phase_change_run19,baseline,phase_change,1778426237.2350988,/big.txt,97779712,131072,sequential,1.0000,0.0000,0,1,97910784,4096,1,1,0
176,176_baseline_phase_change_run19,baseline,phase_change,1778426237.2363458,/big.txt,97910784,131072,sequential,1.0000,0.0000,0,1,98041856,4096,1,1,0
176,176_baseline_phase_change_run19,baseline,phase_change,1778426237.2375972,/big.txt,98041856,131072,sequential,1.0000,0.0000,0,1,98172928,4096,1,1,0
176,176_baseline_phase_change_run19,baseline,phase_change,1778426237.2388802,/big.txt,98172928,131072,sequential,1.0000,0.0000,0,1,98304000,4096,1,1,0
176,176_baseline_phase_change_run19,baseline,phase_change,1778426237.2401369,/big.txt,98304000,131072,sequential,1.0000,0.0000,0,1,98435072,4096,1,1,0
176,176_baseline_phase_change_run19,baseline,phase_change,1778426237.241386,/big.txt,98435072,131072,sequential,1.0000,0.0000,0,1,98566144,4096,1,1,0
176,176_baseline_phase_change_run19,baseline,phase_change,1778426237.2432106,/big.txt,98566144,131072,sequential,1.0000,0.0000,0,1,98697216,4096,1,1,0
176,176_baseline_phase_change_run19,baseline,phase_change,1778426237.244468,/big.txt,98697216,131072,sequential,1.0000,0.0000,0,1,98828288,4096,1,1,0
176,176_baseline_phase_change_run19,baseline,phase_change,1778426237.2457232,/big.txt,98828288,131072,sequential,1.0000,0.0000,0,1,98959360,4096,1,1,0
176,176_baseline_phase_change_run19,baseline,phase_change,1778426237.2470152,/big.txt,98959360,131072,sequential,1.0000,0.0000,0,1,99090432,4096,1,1,0
176,176_baseline_phase_change_run19,baseline,phase_change,1778426237.248267,/big.txt,99090432,131072,sequential,1.0000,0.0000,0,1,99221504,4096,1,1,0
176,176_baseline_phase_change_run19,baseline,phase_change,1778426237.2495217,/big.txt,99221504,131072,sequential,1.0000,0.0000,0,1,99352576,4096,1,1,0
176,176_baseline_phase_change_run19,baseline,phase_change,1778426237.2508314,/big.txt,99352576,131072,sequential,1.0000,0.0000,0,1,99483648,4096,1,1,0
176,176_baseline_phase_change_run19,baseline,phase_change,1778426237.2521205,/big.txt,99483648,131072,sequential,1.0000,0.0000,0,1,99614720,4096,1,1,0
176,176_baseline_phase_change_run19,baseline,phase_change,1778426237.2533903,/big.txt,99614720,131072,sequential,1.0000,0.0000,0,1,99745792,4096,1,1,0
176,176_baseline_phase_change_run19,baseline,phase_change,1778426237.2546372,/big.txt,99745792,131072,sequential,1.0000,0.0000,0,1,99876864,4096,1,1,0
176,176_baseline_phase_change_run19,baseline,phase_change,1778426237.2558966,/big.txt,99876864,131072,sequential,1.0000,0.0000,0,1,100007936,4096,1,1,0
176,176_baseline_phase_change_run19,baseline,phase_change,1778426237.2571516,/big.txt,100007936,131072,sequential,1.0000,0.0000,0,1,100139008,4096,1,1,0
176,176_baseline_phase_change_run19,baseline,phase_change,1778426237.2584128,/big.txt,100139008,131072,sequential,1.0000,0.0000,0,1,100270080,4096,1,1,0
176,176_baseline_phase_change_run19,baseline,phase_change,1778426237.2597103,/big.txt,100270080,131072,sequential,1.0000,0.0000,0,1,100401152,4096,1,1,0
176,176_baseline_phase_change_run19,baseline,phase_change,1778426237.2609777,/big.txt,100401152,131072,sequential,1.0000,0.0000,0,1,100532224,4096,1,1,0
176,176_baseline_phase_change_run19,baseline,phase_change,1778426237.2622077,/big.txt,100532224,131072,sequential,1.0000,0.0000,0,1,100663296,4096,1,1,0
176,176_baseline_phase_change_run19,baseline,phase_change,1778426237.2634792,/big.txt,100663296,131072,sequential,1.0000,0.0000,0,1,100794368,4096,1,1,0
176,176_baseline_phase_change_run19,baseline,phase_change,1778426237.2647111,/big.txt,100794368,131072,sequential,1.0000,0.0000,0,1,100925440,4096,1,1,0
176,176_baseline_phase_change_run19,baseline,phase_change,1778426237.2659354,/big.txt,100925440,131072,sequential,1.0000,0.0000,0,1,101056512,4096,1,1,0
176,176_baseline_phase_change_run19,baseline,phase_change,1778426237.2672067,/big.txt,101056512,131072,sequential,1.0000,0.0000,0,1,101187584,4096,1,1,0
176,176_baseline_phase_change_run19,baseline,phase_change,1778426237.2684405,/big.txt,101187584,131072,sequential,1.0000,0.0000,0,1,101318656,4096,1,1,0
176,176_baseline_phase_change_run19,baseline,phase_change,1778426237.2696683,/big.txt,101318656,131072,sequential,1.0000,0.0000,0,1,101449728,4096,1,1,0
176,176_baseline_phase_change_run19,baseline,phase_change,1778426237.2709808,/big.txt,101449728,131072,sequential,1.0000,0.0000,0,1,101580800,4096,1,1,0
176,176_baseline_phase_change_run19,baseline,phase_change,1778426237.2722073,/big.txt,101580800,131072,sequential,1.0000,0.0000,0,1,101711872,4096,1,1,0
176,176_baseline_phase_change_run19,baseline,phase_change,1778426237.2734282,/big.txt,101711872,131072,sequential,1.0000,0.0000,0,1,101842944,4096,1,1,0
176,176_baseline_phase_change_run19,baseline,phase_change,1778426237.2746522,/big.txt,101842944,131072,sequential,1.0000,0.0000,0,1,101974016,4096,1,1,0
176,176_baseline_phase_change_run19,baseline,phase_change,1778426237.2759001,/big.txt,101974016,131072,sequential,1.0000,0.0000,0,1,102105088,4096,1,1,0
176,176_baseline_phase_change_run19,baseline,phase_change,1778426237.2771301,/big.txt,102105088,131072,sequential,1.0000,0.0000,0,1,102236160,4096,1,1,0
176,176_baseline_phase_change_run19,baseline,phase_change,1778426237.2783597,/big.txt,102236160,131072,sequential,1.0000,0.0000,0,1,102367232,4096,1,1,0
176,176_baseline_phase_change_run19,baseline,phase_change,1778426237.2796485,/big.txt,102367232,131072,sequential,1.0000,0.0000,0,1,102498304,4096,1,1,0
176,176_baseline_phase_change_run19,baseline,phase_change,1778426237.2809079,/big.txt,102498304,131072,sequential,1.0000,0.0000,0,1,102629376,4096,1,1,0
176,176_baseline_phase_change_run19,baseline,phase_change,1778426237.282151,/big.txt,102629376,131072,sequential,1.0000,0.0000,0,1,102760448,4096,1,1,0
176,176_baseline_phase_change_run19,baseline,phase_change,1778426237.2834258,/big.txt,102760448,131072,sequential,1.0000,0.0000,0,1,102891520,4096,1,1,0
176,176_baseline_phase_change_run19,baseline,phase_change,1778426237.2846577,/big.txt,102891520,131072,sequential,1.0000,0.0000,0,1,103022592,4096,1,1,0
176,176_baseline_phase_change_run19,baseline,phase_change,1778426237.2858875,/big.txt,103022592,131072,sequential,1.0000,0.0000,0,1,103153664,4096,1,1,0
176,176_baseline_phase_change_run19,baseline,phase_change,1778426237.2872057,/big.txt,103153664,131072,sequential,1.0000,0.0000,0,1,103284736,4096,1,1,0
176,176_baseline_phase_change_run19,baseline,phase_change,1778426237.2884254,/big.txt,103284736,131072,sequential,1.0000,0.0000,0,1,103415808,4096,1,1,0
176,176_baseline_phase_change_run19,baseline,phase_change,1778426237.2896636,/big.txt,103415808,131072,sequential,1.0000,0.0000,0,1,103546880,4096,1,1,0
176,176_baseline_phase_change_run19,baseline,phase_change,1778426237.290928,/big.txt,103546880,131072,sequential,1.0000,0.0000,0,1,103677952,4096,1,1,0
176,176_baseline_phase_change_run19,baseline,phase_change,1778426237.2921455,/big.txt,103677952,131072,sequential,1.0000,0.0000,0,1,103809024,4096,1,1,0
176,176_baseline_phase_change_run19,baseline,phase_change,1778426237.2933695,/big.txt,103809024,131072,sequential,1.0000,0.0000,0,1,103940096,4096,1,1,0
176,176_baseline_phase_change_run19,baseline,phase_change,1778426237.294605,/big.txt,103940096,131072,sequential,1.0000,0.0000,0,1,104071168,4096,1,1,0
176,176_baseline_phase_change_run19,baseline,phase_change,1778426237.2958806,/big.txt,104071168,131072,sequential,1.0000,0.0000,0,1,104202240,4096,1,1,0
176,176_baseline_phase_change_run19,baseline,phase_change,1778426237.2971113,/big.txt,104202240,131072,sequential,1.0000,0.0000,0,1,104333312,4096,1,1,0
176,176_baseline_phase_change_run19,baseline,phase_change,1778426237.298347,/big.txt,104333312,131072,sequential,1.0000,0.0000,0,1,104464384,4096,1,1,0
176,176_baseline_phase_change_run19,baseline,phase_change,1778426237.299618,/big.txt,104464384,131072,sequential,1.0000,0.0000,0,1,104595456,4096,1,1,0
176,176_baseline_phase_change_run19,baseline,phase_change,1778426237.3008888,/big.txt,104595456,131072,sequential,1.0000,0.0000,0,1,104726528,4096,1,1,0
176,176_baseline_phase_change_run19,baseline,phase_change,1778426237.3021138,/big.txt,104726528,131072,sequential,1.0000,0.0000,0,1,104857600,4096,1,1,0
176,176_baseline_phase_change_run19,baseline,phase_change,1778426237.3022063,/big.txt,104857600,0,sequential,1.0000,0.0000,0,0,,,1,0,0
