run_index,run_label,mode,workload,seq,timestamp,path,offset,size
178,178_none_phase_change_run20,none,phase_change,1,1778426245.6202857,/big.txt,0,131072
178,178_none_phase_change_run20,none,phase_change,2,1778426245.621863,/big.txt,131072,131072
178,178_none_phase_change_run20,none,phase_change,3,1778426245.623191,/big.txt,262144,131072
178,178_none_phase_change_run20,none,phase_change,4,1778426245.6244671,/big.txt,393216,131072
178,178_none_phase_change_run20,none,phase_change,5,1778426245.6257117,/big.txt,524288,131072
178,178_none_phase_change_run20,none,phase_change,6,1778426245.6270294,/big.txt,655360,131072
178,178_none_phase_change_run20,none,phase_change,7,1778426245.6282766,/big.txt,786432,131072
178,178_none_phase_change_run20,none,phase_change,8,1778426245.629537,/big.txt,917504,131072
178,178_none_phase_change_run20,none,phase_change,9,1778426245.6308162,/big.txt,1048576,131072
178,178_none_phase_change_run20,none,phase_change,10,1778426245.6321197,/big.txt,1179648,131072
178,178_none_phase_change_run20,none,phase_change,11,1778426245.633369,/big.txt,1310720,131072
178,178_none_phase_change_run20,none,phase_change,12,1778426245.634612,/big.txt,1441792,131072
178,178_none_phase_change_run20,none,phase_change,13,1778426245.6360009,/big.txt,1572864,131072
178,178_none_phase_change_run20,none,phase_change,14,1778426245.6372533,/big.txt,1703936,131072
178,178_none_phase_change_run20,none,phase_change,15,1778426245.6385055,/big.txt,1835008,131072
178,178_none_phase_change_run20,none,phase_change,16,1778426245.6397665,/big.txt,1966080,131072
178,178_none_phase_change_run20,none,phase_change,17,1778426245.641026,/big.txt,2097152,131072
178,178_none_phase_change_run20,none,phase_change,18,1778426245.6422784,/big.txt,2228224,131072
178,178_none_phase_change_run20,none,phase_change,19,1778426245.6436596,/big.txt,2359296,131072
178,178_none_phase_change_run20,none,phase_change,20,1778426245.644909,/big.txt,2490368,131072
178,178_none_phase_change_run20,none,phase_change,21,1778426245.6461608,/big.txt,2621440,131072
178,178_none_phase_change_run20,none,phase_change,22,1778426245.6474967,/big.txt,2752512,131072
178,178_none_phase_change_run20,none,phase_change,23,1778426245.6487591,/big.txt,2883584,131072
178,178_none_phase_change_run20,none,phase_change,24,1778426245.650011,/big.txt,3014656,131072
178,178_none_phase_change_run20,none,phase_change,25,1778426245.651311,/big.txt,3145728,131072
178,178_none_phase_change_run20,none,phase_change,26,1778426245.6525624,/big.txt,3276800,131072
178,178_none_phase_change_run20,none,phase_change,27,1778426245.6538205,/big.txt,3407872,131072
178,178_none_phase_change_run20,none,phase_change,28,1778426245.6551955,/big.txt,3538944,131072
178,178_none_phase_change_run20,none,phase_change,29,1778426245.656432,/big.txt,3670016,131072
178,178_none_phase_change_run20,none,phase_change,30,1778426245.6576746,/big.txt,3801088,131072
178,178_none_phase_change_run20,none,phase_change,31,1778426245.658992,/big.txt,3932160,131072
178,178_none_phase_change_run20,none,phase_change,32,1778426245.6602533,/big.txt,4063232,131072
178,178_none_phase_change_run20,none,phase_change,33,1778426245.6615028,/big.txt,4194304,131072
178,178_none_phase_change_run20,none,phase_change,34,1778426245.6627536,/big.txt,4325376,131072
178,178_none_phase_change_run20,none,phase_change,35,1778426245.6640835,/big.txt,4456448,131072
178,178_none_phase_change_run20,none,phase_change,36,1778426245.6653426,/big.txt,4587520,131072
178,178_none_phase_change_run20,none,phase_change,37,1778426245.6665857,/big.txt,4718592,131072
178,178_none_phase_change_run20,none,phase_change,38,1778426245.6678445,/big.txt,4849664,131072
178,178_none_phase_change_run20,none,phase_change,39,1778426245.6690934,/big.txt,4980736,131072
178,178_none_phase_change_run20,none,phase_change,40,1778426245.6703444,/big.txt,5111808,131072
178,178_none_phase_change_run20,none,phase_change,41,1778426245.671732,/big.txt,5242880,131072
178,178_none_phase_change_run20,none,phase_change,42,1778426245.672985,/big.txt,5373952,131072
178,178_none_phase_change_run20,none,phase_change,43,1778426245.6744153,/big.txt,5505024,131072
178,178_none_phase_change_run20,none,phase_change,44,1778426245.6757169,/big.txt,5636096,131072
178,178_none_phase_change_run20,none,phase_change,45,1778426245.6769702,/big.txt,5767168,131072
178,178_none_phase_change_run20,none,phase_change,46,1778426245.678229,/big.txt,5898240,131072
178,178_none_phase_change_run20,none,phase_change,47,1778426245.6795208,/big.txt,6029312,131072
178,178_none_phase_change_run20,none,phase_change,48,1778426245.680767,/big.txt,6160384,131072
178,178_none_phase_change_run20,none,phase_change,49,1778426245.6820168,/big.txt,6291456,131072
178,178_none_phase_change_run20,none,phase_change,50,1778426245.6833026,/big.txt,6422528,131072
178,178_none_phase_change_run20,none,phase_change,51,1778426245.6845465,/big.txt,6553600,131072
178,178_none_phase_change_run20,none,phase_change,52,1778426245.6857922,/big.txt,6684672,131072
178,178_none_phase_change_run20,none,phase_change,53,1778426245.6871612,/big.txt,6815744,131072
178,178_none_phase_change_run20,none,phase_change,54,1778426245.6884184,/big.txt,6946816,131072
178,178_none_phase_change_run20,none,phase_change,55,1778426245.689662,/big.txt,7077888,131072
178,178_none_phase_change_run20,none,phase_change,56,1778426245.6909568,/big.txt,7208960,131072
178,178_none_phase_change_run20,none,phase_change,57,1778426245.6922076,/big.txt,7340032,131072
178,178_none_phase_change_run20,none,phase_change,58,1778426245.6934493,/big.txt,7471104,131072
178,178_none_phase_change_run20,none,phase_change,59,1778426245.6947055,/big.txt,7602176,131072
178,178_none_phase_change_run20,none,phase_change,60,1778426245.6960204,/big.txt,7733248,131072
178,178_none_phase_change_run20,none,phase_change,61,1778426245.6972804,/big.txt,7864320,131072
178,178_none_phase_change_run20,none,phase_change,62,1778426245.698523,/big.txt,7995392,131072
178,178_none_phase_change_run20,none,phase_change,63,1778426245.6997964,/big.txt,8126464,131072
178,178_none_phase_change_run20,none,phase_change,64,1778426245.7010398,/big.txt,8257536,131072
178,178_none_phase_change_run20,none,phase_change,65,1778426245.7022893,/big.txt,8388608,131072
178,178_none_phase_change_run20,none,phase_change,66,1778426245.7036567,/big.txt,8519680,131072
178,178_none_phase_change_run20,none,phase_change,67,1778426245.7048995,/big.txt,8650752,131072
178,178_none_phase_change_run20,none,phase_change,68,1778426245.706152,/big.txt,8781824,131072
178,178_none_phase_change_run20,none,phase_change,69,1778426245.7074876,/big.txt,8912896,131072
178,178_none_phase_change_run20,none,phase_change,70,1778426245.7087295,/big.txt,9043968,131072
178,178_none_phase_change_run20,none,phase_change,71,1778426245.7099702,/big.txt,9175040,131072
178,178_none_phase_change_run20,none,phase_change,72,1778426245.711258,/big.txt,9306112,131072
178,178_none_phase_change_run20,none,phase_change,73,1778426245.7125082,/big.txt,9437184,131072
178,178_none_phase_change_run20,none,phase_change,74,1778426245.713758,/big.txt,9568256,131072
178,178_none_phase_change_run20,none,phase_change,75,1778426245.7150984,/big.txt,9699328,131072
178,178_none_phase_change_run20,none,phase_change,76,1778426245.7163577,/big.txt,9830400,131072
178,178_none_phase_change_run20,none,phase_change,77,1778426245.7175996,/big.txt,9961472,131072
178,178_none_phase_change_run20,none,phase_change,78,1778426245.7189028,/big.txt,10092544,131072
178,178_none_phase_change_run20,none,phase_change,79,1778426245.7201521,/big.txt,10223616,131072
178,178_none_phase_change_run20,none,phase_change,80,1778426245.721398,/big.txt,10354688,131072
178,178_none_phase_change_run20,none,phase_change,81,1778426245.7226446,/big.txt,10485760,131072
178,178_none_phase_change_run20,none,phase_change,82,1778426245.7240238,/big.txt,10616832,131072
178,178_none_phase_change_run20,none,phase_change,83,1778426245.725268,/big.txt,10747904,131072
178,178_none_phase_change_run20,none,phase_change,84,1778426245.7265124,/big.txt,10878976,131072
178,178_none_phase_change_run20,none,phase_change,85,1778426245.727769,/big.txt,11010048,131072
178,178_none_phase_change_run20,none,phase_change,86,1778426245.7290509,/big.txt,11141120,131072
178,178_none_phase_change_run20,none,phase_change,87,1778426245.7303095,/big.txt,11272192,131072
178,178_none_phase_change_run20,none,phase_change,88,1778426245.7316961,/big.txt,11403264,131072
178,178_none_phase_change_run20,none,phase_change,89,1778426245.733037,/big.txt,11534336,131072
178,178_none_phase_change_run20,none,phase_change,90,1778426245.734288,/big.txt,11665408,131072
178,178_none_phase_change_run20,none,phase_change,91,1778426245.7356744,/big.txt,11796480,131072
178,178_none_phase_change_run20,none,phase_change,92,1778426245.737017,/big.txt,11927552,131072
178,178_none_phase_change_run20,none,phase_change,93,1778426245.7382648,/big.txt,12058624,131072
178,178_none_phase_change_run20,none,phase_change,94,1778426245.7396362,/big.txt,12189696,131072
178,178_none_phase_change_run20,none,phase_change,95,1778426245.74089,/big.txt,12320768,131072
178,178_none_phase_change_run20,none,phase_change,96,1778426245.7421463,/big.txt,12451840,131072
178,178_none_phase_change_run20,none,phase_change,97,1778426245.743455,/big.txt,12582912,131072
178,178_none_phase_change_run20,none,phase_change,98,1778426245.7447045,/big.txt,12713984,131072
178,178_none_phase_change_run20,none,phase_change,99,1778426245.7459633,/big.txt,12845056,131072
178,178_none_phase_change_run20,none,phase_change,100,1778426245.7472627,/big.txt,12976128,131072
178,178_none_phase_change_run20,none,phase_change,101,1778426245.748517,/big.txt,13107200,131072
178,178_none_phase_change_run20,none,phase_change,102,1778426245.7497725,/big.txt,13238272,131072
178,178_none_phase_change_run20,none,phase_change,103,1778426245.751041,/big.txt,13369344,131072
178,178_none_phase_change_run20,none,phase_change,104,1778426245.7523048,/big.txt,13500416,131072
178,178_none_phase_change_run20,none,phase_change,105,1778426245.7535565,/big.txt,13631488,131072
178,178_none_phase_change_run20,none,phase_change,106,1778426245.7549062,/big.txt,13762560,131072
178,178_none_phase_change_run20,none,phase_change,107,1778426245.7574713,/big.txt,13893632,131072
178,178_none_phase_change_run20,none,phase_change,108,1778426245.7600033,/big.txt,14024704,131072
178,178_none_phase_change_run20,none,phase_change,109,1778426245.7624831,/big.txt,14155776,131072
178,178_none_phase_change_run20,none,phase_change,110,1778426245.7649589,/big.txt,14286848,131072
178,178_none_phase_change_run20,none,phase_change,111,1778426245.7670822,/big.txt,14417920,131072
178,178_none_phase_change_run20,none,phase_change,112,1778426245.7683337,/big.txt,14548992,131072
178,178_none_phase_change_run20,none,phase_change,113,1778426245.7695997,/big.txt,14680064,131072
178,178_none_phase_change_run20,none,phase_change,114,1778426245.7708967,/big.txt,14811136,131072
178,178_none_phase_change_run20,none,phase_change,115,1778426245.7721448,/big.txt,14942208,131072
178,178_none_phase_change_run20,none,phase_change,116,1778426245.773392,/big.txt,15073280,131072
178,178_none_phase_change_run20,none,phase_change,117,1778426245.7746484,/big.txt,15204352,131072
178,178_none_phase_change_run20,none,phase_change,118,1778426245.7759795,/big.txt,15335424,131072
178,178_none_phase_change_run20,none,phase_change,119,1778426245.777235,/big.txt,15466496,131072
178,178_none_phase_change_run20,none,phase_change,120,1778426245.7784936,/big.txt,15597568,131072
178,178_none_phase_change_run20,none,phase_change,121,1778426245.7797818,/big.txt,15728640,131072
178,178_none_phase_change_run20,none,phase_change,122,1778426245.7810328,/big.txt,15859712,131072
178,178_none_phase_change_run20,none,phase_change,123,1778426245.7822711,/big.txt,15990784,131072
178,178_none_phase_change_run20,none,phase_change,124,1778426245.783604,/big.txt,16121856,131072
178,178_none_phase_change_run20,none,phase_change,125,1778426245.7848938,/big.txt,16252928,131072
178,178_none_phase_change_run20,none,phase_change,126,1778426245.786145,/big.txt,16384000,131072
178,178_none_phase_change_run20,none,phase_change,127,1778426245.7874522,/big.txt,16515072,131072
178,178_none_phase_change_run20,none,phase_change,128,1778426245.7887168,/big.txt,16646144,131072
178,178_none_phase_change_run20,none,phase_change,129,1778426245.789968,/big.txt,16777216,131072
178,178_none_phase_change_run20,none,phase_change,130,1778426245.791262,/big.txt,16908288,131072
178,178_none_phase_change_run20,none,phase_change,131,1778426245.7925277,/big.txt,17039360,131072
178,178_none_phase_change_run20,none,phase_change,132,1778426245.7937844,/big.txt,17170432,131072
178,178_none_phase_change_run20,none,phase_change,133,1778426245.7950425,/big.txt,17301504,131072
178,178_none_phase_change_run20,none,phase_change,134,1778426245.7962925,/big.txt,17432576,131072
178,178_none_phase_change_run20,none,phase_change,135,1778426245.7975528,/big.txt,17563648,131072
178,178_none_phase_change_run20,none,phase_change,136,1778426245.7988567,/big.txt,17694720,131072
178,178_none_phase_change_run20,none,phase_change,137,1778426245.8001168,/big.txt,17825792,131072
178,178_none_phase_change_run20,none,phase_change,138,1778426245.8013642,/big.txt,17956864,131072
178,178_none_phase_change_run20,none,phase_change,139,1778426245.8026252,/big.txt,18087936,131072
178,178_none_phase_change_run20,none,phase_change,140,1778426245.8039236,/big.txt,18219008,131072
178,178_none_phase_change_run20,none,phase_change,141,1778426245.805181,/big.txt,18350080,131072
178,178_none_phase_change_run20,none,phase_change,142,1778426245.8064232,/big.txt,18481152,131072
178,178_none_phase_change_run20,none,phase_change,143,1778426245.8077319,/big.txt,18612224,131072
178,178_none_phase_change_run20,none,phase_change,144,1778426245.8089845,/big.txt,18743296,131072
178,178_none_phase_change_run20,none,phase_change,145,1778426245.8102393,/big.txt,18874368,131072
178,178_none_phase_change_run20,none,phase_change,146,1778426245.811547,/big.txt,19005440,131072
178,178_none_phase_change_run20,none,phase_change,147,1778426245.8128061,/big.txt,19136512,131072
178,178_none_phase_change_run20,none,phase_change,148,1778426245.8140578,/big.txt,19267584,131072
178,178_none_phase_change_run20,none,phase_change,149,1778426245.8153565,/big.txt,19398656,131072
178,178_none_phase_change_run20,none,phase_change,150,1778426245.8166313,/big.txt,19529728,131072
178,178_none_phase_change_run20,none,phase_change,151,1778426245.8178875,/big.txt,19660800,131072
178,178_none_phase_change_run20,none,phase_change,152,1778426245.8192408,/big.txt,19791872,131072
178,178_none_phase_change_run20,none,phase_change,153,1778426245.8204994,/big.txt,19922944,131072
178,178_none_phase_change_run20,none,phase_change,154,1778426245.8217492,/big.txt,20054016,131072
178,178_none_phase_change_run20,none,phase_change,155,1778426245.8231258,/big.txt,20185088,131072
178,178_none_phase_change_run20,none,phase_change,156,1778426245.8243806,/big.txt,20316160,131072
178,178_none_phase_change_run20,none,phase_change,157,1778426245.8256347,/big.txt,20447232,131072
178,178_none_phase_change_run20,none,phase_change,158,1778426245.8269374,/big.txt,20578304,131072
178,178_none_phase_change_run20,none,phase_change,159,1778426245.8281996,/big.txt,20709376,131072
178,178_none_phase_change_run20,none,phase_change,160,1778426245.8294563,/big.txt,20840448,131072
178,178_none_phase_change_run20,none,phase_change,161,1778426245.8307033,/big.txt,20971520,131072
178,178_none_phase_change_run20,none,phase_change,162,1778426245.8320146,/big.txt,21102592,131072
178,178_none_phase_change_run20,none,phase_change,163,1778426245.8332672,/big.txt,21233664,131072
178,178_none_phase_change_run20,none,phase_change,164,1778426245.8345268,/big.txt,21364736,131072
178,178_none_phase_change_run20,none,phase_change,165,1778426245.8357928,/big.txt,21495808,131072
178,178_none_phase_change_run20,none,phase_change,166,1778426245.837049,/big.txt,21626880,131072
178,178_none_phase_change_run20,none,phase_change,167,1778426245.8383076,/big.txt,21757952,131072
178,178_none_phase_change_run20,none,phase_change,168,1778426245.8396065,/big.txt,21889024,131072
178,178_none_phase_change_run20,none,phase_change,169,1778426245.8409348,/big.txt,22020096,131072
178,178_none_phase_change_run20,none,phase_change,170,1778426245.842183,/big.txt,22151168,131072
178,178_none_phase_change_run20,none,phase_change,171,1778426245.8434863,/big.txt,22282240,131072
178,178_none_phase_change_run20,none,phase_change,172,1778426245.8447418,/big.txt,22413312,131072
178,178_none_phase_change_run20,none,phase_change,173,1778426245.8460095,/big.txt,22544384,131072
178,178_none_phase_change_run20,none,phase_change,174,1778426245.8473098,/big.txt,22675456,131072
178,178_none_phase_change_run20,none,phase_change,175,1778426245.848595,/big.txt,22806528,131072
178,178_none_phase_change_run20,none,phase_change,176,1778426245.8498569,/big.txt,22937600,131072
178,178_none_phase_change_run20,none,phase_change,177,1778426245.8512766,/big.txt,23068672,131072
178,178_none_phase_change_run20,none,phase_change,178,1778426245.8525295,/big.txt,23199744,131072
178,178_none_phase_change_run20,none,phase_change,179,1778426245.8537831,/big.txt,23330816,131072
178,178_none_phase_change_run20,none,phase_change,180,1778426245.8550675,/big.txt,23461888,131072
178,178_none_phase_change_run20,none,phase_change,181,1778426245.8563287,/big.txt,23592960,131072
178,178_none_phase_change_run20,none,phase_change,182,1778426245.857586,/big.txt,23724032,131072
178,178_none_phase_change_run20,none,phase_change,183,1778426245.8588827,/big.txt,23855104,131072
178,178_none_phase_change_run20,none,phase_change,184,1778426245.860143,/big.txt,23986176,131072
178,178_none_phase_change_run20,none,phase_change,185,1778426245.8614047,/big.txt,24117248,131072
178,178_none_phase_change_run20,none,phase_change,186,1778426245.8626542,/big.txt,24248320,131072
178,178_none_phase_change_run20,none,phase_change,187,1778426245.8639953,/big.txt,24379392,131072
178,178_none_phase_change_run20,none,phase_change,188,1778426245.8652468,/big.txt,24510464,131072
178,178_none_phase_change_run20,none,phase_change,189,1778426245.8665087,/big.txt,24641536,131072
178,178_none_phase_change_run20,none,phase_change,190,1778426245.8677738,/big.txt,24772608,131072
178,178_none_phase_change_run20,none,phase_change,191,1778426245.8690302,/big.txt,24903680,131072
178,178_none_phase_change_run20,none,phase_change,192,1778426245.8702772,/big.txt,25034752,131072
178,178_none_phase_change_run20,none,phase_change,193,1778426245.8715816,/big.txt,25165824,131072
178,178_none_phase_change_run20,none,phase_change,194,1778426245.872873,/big.txt,25296896,131072
178,178_none_phase_change_run20,none,phase_change,195,1778426245.8741395,/big.txt,25427968,131072
178,178_none_phase_change_run20,none,phase_change,196,1778426245.8754401,/big.txt,25559040,131072
178,178_none_phase_change_run20,none,phase_change,197,1778426245.876702,/big.txt,25690112,131072
178,178_none_phase_change_run20,none,phase_change,198,1778426245.877961,/big.txt,25821184,131072
178,178_none_phase_change_run20,none,phase_change,199,1778426245.8793113,/big.txt,25952256,131072
178,178_none_phase_change_run20,none,phase_change,200,1778426245.8805676,/big.txt,26083328,131072
178,178_none_phase_change_run20,none,phase_change,201,1778426245.881814,/big.txt,26214400,131072
178,178_none_phase_change_run20,none,phase_change,202,1778426245.8830676,/big.txt,26345472,131072
178,178_none_phase_change_run20,none,phase_change,203,1778426245.8843148,/big.txt,26476544,131072
178,178_none_phase_change_run20,none,phase_change,204,1778426245.8855815,/big.txt,26607616,131072
178,178_none_phase_change_run20,none,phase_change,205,1778426245.8869495,/big.txt,26738688,131072
178,178_none_phase_change_run20,none,phase_change,206,1778426245.888208,/big.txt,26869760,131072
178,178_none_phase_change_run20,none,phase_change,207,1778426245.8894506,/big.txt,27000832,131072
178,178_none_phase_change_run20,none,phase_change,208,1778426245.8907068,/big.txt,27131904,131072
178,178_none_phase_change_run20,none,phase_change,209,1778426245.89199,/big.txt,27262976,131072
178,178_none_phase_change_run20,none,phase_change,210,1778426245.8932502,/big.txt,27394048,131072
178,178_none_phase_change_run20,none,phase_change,211,1778426245.8945048,/big.txt,27525120,131072
178,178_none_phase_change_run20,none,phase_change,212,1778426245.8969772,/big.txt,27656192,131072
178,178_none_phase_change_run20,none,phase_change,213,1778426245.8995163,/big.txt,27787264,131072
178,178_none_phase_change_run20,none,phase_change,214,1778426245.9019885,/big.txt,27918336,131072
178,178_none_phase_change_run20,none,phase_change,215,1778426245.9033103,/big.txt,28049408,131072
178,178_none_phase_change_run20,none,phase_change,216,1778426245.904579,/big.txt,28180480,131072
178,178_none_phase_change_run20,none,phase_change,217,1778426245.9058366,/big.txt,28311552,131072
178,178_none_phase_change_run20,none,phase_change,218,1778426245.9071887,/big.txt,28442624,131072
178,178_none_phase_change_run20,none,phase_change,219,1778426245.9084544,/big.txt,28573696,131072
178,178_none_phase_change_run20,none,phase_change,220,1778426245.9097219,/big.txt,28704768,131072
178,178_none_phase_change_run20,none,phase_change,221,1778426245.9110177,/big.txt,28835840,131072
178,178_none_phase_change_run20,none,phase_change,222,1778426245.9122858,/big.txt,28966912,131072
178,178_none_phase_change_run20,none,phase_change,223,1778426245.9135377,/big.txt,29097984,131072
178,178_none_phase_change_run20,none,phase_change,224,1778426245.9148777,/big.txt,29229056,131072
178,178_none_phase_change_run20,none,phase_change,225,1778426245.91617,/big.txt,29360128,131072
178,178_none_phase_change_run20,none,phase_change,226,1778426245.9174263,/big.txt,29491200,131072
178,178_none_phase_change_run20,none,phase_change,227,1778426245.9186873,/big.txt,29622272,131072
178,178_none_phase_change_run20,none,phase_change,228,1778426245.9199913,/big.txt,29753344,131072
178,178_none_phase_change_run20,none,phase_change,229,1778426245.9212499,/big.txt,29884416,131072
178,178_none_phase_change_run20,none,phase_change,230,1778426245.922509,/big.txt,30015488,131072
178,178_none_phase_change_run20,none,phase_change,231,1778426245.923792,/big.txt,30146560,131072
178,178_none_phase_change_run20,none,phase_change,232,1778426245.9250484,/big.txt,30277632,131072
178,178_none_phase_change_run20,none,phase_change,233,1778426245.926304,/big.txt,30408704,131072
178,178_none_phase_change_run20,none,phase_change,234,1778426245.9276142,/big.txt,30539776,131072
178,178_none_phase_change_run20,none,phase_change,235,1778426245.928929,/big.txt,30670848,131072
178,178_none_phase_change_run20,none,phase_change,236,1778426245.9301958,/big.txt,30801920,131072
178,178_none_phase_change_run20,none,phase_change,237,1778426245.9315054,/big.txt,30932992,131072
178,178_none_phase_change_run20,none,phase_change,238,1778426245.9327605,/big.txt,31064064,131072
178,178_none_phase_change_run20,none,phase_change,239,1778426245.9340153,/big.txt,31195136,131072
178,178_none_phase_change_run20,none,phase_change,240,1778426245.9353144,/big.txt,31326208,131072
178,178_none_phase_change_run20,none,phase_change,241,1778426245.9365804,/big.txt,31457280,131072
178,178_none_phase_change_run20,none,phase_change,242,1778426245.937822,/big.txt,31588352,131072
178,178_none_phase_change_run20,none,phase_change,243,1778426245.9391403,/big.txt,31719424,131072
178,178_none_phase_change_run20,none,phase_change,244,1778426245.9404006,/big.txt,31850496,131072
178,178_none_phase_change_run20,none,phase_change,245,1778426245.9416497,/big.txt,31981568,131072
178,178_none_phase_change_run20,none,phase_change,246,1778426245.94306,/big.txt,32112640,131072
178,178_none_phase_change_run20,none,phase_change,247,1778426245.9443214,/big.txt,32243712,131072
178,178_none_phase_change_run20,none,phase_change,248,1778426245.945588,/big.txt,32374784,131072
178,178_none_phase_change_run20,none,phase_change,249,1778426245.9468749,/big.txt,32505856,131072
178,178_none_phase_change_run20,none,phase_change,250,1778426245.9481528,/big.txt,32636928,131072
178,178_none_phase_change_run20,none,phase_change,251,1778426245.9494069,/big.txt,32768000,131072
178,178_none_phase_change_run20,none,phase_change,252,1778426245.9506645,/big.txt,32899072,131072
178,178_none_phase_change_run20,none,phase_change,253,1778426245.951964,/big.txt,33030144,131072
178,178_none_phase_change_run20,none,phase_change,254,1778426245.9532256,/big.txt,33161216,131072
178,178_none_phase_change_run20,none,phase_change,255,1778426245.95449,/big.txt,33292288,131072
178,178_none_phase_change_run20,none,phase_change,256,1778426245.95579,/big.txt,33423360,131072
178,178_none_phase_change_run20,none,phase_change,257,1778426245.9570518,/big.txt,33554432,131072
178,178_none_phase_change_run20,none,phase_change,258,1778426245.958307,/big.txt,33685504,131072
178,178_none_phase_change_run20,none,phase_change,259,1778426245.9596016,/big.txt,33816576,131072
178,178_none_phase_change_run20,none,phase_change,260,1778426245.9609218,/big.txt,33947648,131072
178,178_none_phase_change_run20,none,phase_change,261,1778426245.9621787,/big.txt,34078720,131072
178,178_none_phase_change_run20,none,phase_change,262,1778426245.963537,/big.txt,34209792,131072
178,178_none_phase_change_run20,none,phase_change,263,1778426245.9648066,/big.txt,34340864,131072
178,178_none_phase_change_run20,none,phase_change,264,1778426245.9660728,/big.txt,34471936,131072
178,178_none_phase_change_run20,none,phase_change,265,1778426245.9673746,/big.txt,34603008,131072
178,178_none_phase_change_run20,none,phase_change,266,1778426245.9686427,/big.txt,34734080,131072
178,178_none_phase_change_run20,none,phase_change,267,1778426245.9698846,/big.txt,34865152,131072
178,178_none_phase_change_run20,none,phase_change,268,1778426245.9712589,/big.txt,34996224,131072
178,178_none_phase_change_run20,none,phase_change,269,1778426245.9725215,/big.txt,35127296,131072
178,178_none_phase_change_run20,none,phase_change,270,1778426245.973786,/big.txt,35258368,131072
178,178_none_phase_change_run20,none,phase_change,271,1778426245.975081,/big.txt,35389440,131072
178,178_none_phase_change_run20,none,phase_change,272,1778426245.9763513,/big.txt,35520512,131072
178,178_none_phase_change_run20,none,phase_change,273,1778426245.977598,/big.txt,35651584,131072
178,178_none_phase_change_run20,none,phase_change,274,1778426245.9789615,/big.txt,35782656,131072
178,178_none_phase_change_run20,none,phase_change,275,1778426245.980233,/big.txt,35913728,131072
178,178_none_phase_change_run20,none,phase_change,276,1778426245.981502,/big.txt,36044800,131072
178,178_none_phase_change_run20,none,phase_change,277,1778426245.9827552,/big.txt,36175872,131072
178,178_none_phase_change_run20,none,phase_change,278,1778426245.9840555,/big.txt,36306944,131072
178,178_none_phase_change_run20,none,phase_change,279,1778426245.9853177,/big.txt,36438016,131072
178,178_none_phase_change_run20,none,phase_change,280,1778426245.9865763,/big.txt,36569088,131072
178,178_none_phase_change_run20,none,phase_change,281,1778426245.9878545,/big.txt,36700160,131072
178,178_none_phase_change_run20,none,phase_change,282,1778426245.9891162,/big.txt,36831232,131072
178,178_none_phase_change_run20,none,phase_change,283,1778426245.9903634,/big.txt,36962304,131072
178,178_none_phase_change_run20,none,phase_change,284,1778426245.9917042,/big.txt,37093376,131072
178,178_none_phase_change_run20,none,phase_change,285,1778426245.9929993,/big.txt,37224448,131072
178,178_none_phase_change_run20,none,phase_change,286,1778426245.9942727,/big.txt,37355520,131072
178,178_none_phase_change_run20,none,phase_change,287,1778426245.9956095,/big.txt,37486592,131072
178,178_none_phase_change_run20,none,phase_change,288,1778426245.996907,/big.txt,37617664,131072
178,178_none_phase_change_run20,none,phase_change,289,1778426245.998162,/big.txt,37748736,131072
178,178_none_phase_change_run20,none,phase_change,290,1778426245.9994628,/big.txt,37879808,131072
178,178_none_phase_change_run20,none,phase_change,291,1778426246.0007257,/big.txt,38010880,131072
178,178_none_phase_change_run20,none,phase_change,292,1778426246.001974,/big.txt,38141952,131072
178,178_none_phase_change_run20,none,phase_change,293,1778426246.0032864,/big.txt,38273024,131072
178,178_none_phase_change_run20,none,phase_change,294,1778426246.004551,/big.txt,38404096,131072
178,178_none_phase_change_run20,none,phase_change,295,1778426246.0058043,/big.txt,38535168,131072
178,178_none_phase_change_run20,none,phase_change,296,1778426246.0078518,/big.txt,38666240,131072
178,178_none_phase_change_run20,none,phase_change,297,1778426246.0103323,/big.txt,38797312,131072
178,178_none_phase_change_run20,none,phase_change,298,1778426246.0128546,/big.txt,38928384,131072
178,178_none_phase_change_run20,none,phase_change,299,1778426246.0153828,/big.txt,39059456,131072
178,178_none_phase_change_run20,none,phase_change,300,1778426246.0178554,/big.txt,39190528,131072
178,178_none_phase_change_run20,none,phase_change,301,1778426246.019219,/big.txt,39321600,131072
178,178_none_phase_change_run20,none,phase_change,302,1778426246.0204773,/big.txt,39452672,131072
178,178_none_phase_change_run20,none,phase_change,303,1778426246.0217297,/big.txt,39583744,131072
178,178_none_phase_change_run20,none,phase_change,304,1778426246.023067,/big.txt,39714816,131072
178,178_none_phase_change_run20,none,phase_change,305,1778426246.0243223,/big.txt,39845888,131072
178,178_none_phase_change_run20,none,phase_change,306,1778426246.025591,/big.txt,39976960,131072
178,178_none_phase_change_run20,none,phase_change,307,1778426246.026887,/big.txt,40108032,131072
178,178_none_phase_change_run20,none,phase_change,308,1778426246.0281446,/big.txt,40239104,131072
178,178_none_phase_change_run20,none,phase_change,309,1778426246.0293972,/big.txt,40370176,131072
178,178_none_phase_change_run20,none,phase_change,310,1778426246.0306628,/big.txt,40501248,131072
178,178_none_phase_change_run20,none,phase_change,311,1778426246.0320046,/big.txt,40632320,131072
178,178_none_phase_change_run20,none,phase_change,312,1778426246.0332773,/big.txt,40763392,131072
178,178_none_phase_change_run20,none,phase_change,313,1778426246.034533,/big.txt,40894464,131072
178,178_none_phase_change_run20,none,phase_change,314,1778426246.0358117,/big.txt,41025536,131072
178,178_none_phase_change_run20,none,phase_change,315,1778426246.037074,/big.txt,41156608,131072
178,178_none_phase_change_run20,none,phase_change,316,1778426246.038333,/big.txt,41287680,131072
178,178_none_phase_change_run20,none,phase_change,317,1778426246.03966,/big.txt,41418752,131072
178,178_none_phase_change_run20,none,phase_change,318,1778426246.0409672,/big.txt,41549824,131072
178,178_none_phase_change_run20,none,phase_change,319,1778426246.042234,/big.txt,41680896,131072
178,178_none_phase_change_run20,none,phase_change,320,1778426246.0435436,/big.txt,41811968,131072
178,178_none_phase_change_run20,none,phase_change,321,1778426246.0448086,/big.txt,41943040,131072
178,178_none_phase_change_run20,none,phase_change,322,1778426246.0460603,/big.txt,42074112,131072
178,178_none_phase_change_run20,none,phase_change,323,1778426246.047366,/big.txt,42205184,131072
178,178_none_phase_change_run20,none,phase_change,324,1778426246.0486207,/big.txt,42336256,131072
178,178_none_phase_change_run20,none,phase_change,325,1778426246.0498662,/big.txt,42467328,131072
178,178_none_phase_change_run20,none,phase_change,326,1778426246.051158,/big.txt,42598400,131072
178,178_none_phase_change_run20,none,phase_change,327,1778426246.05242,/big.txt,42729472,131072
178,178_none_phase_change_run20,none,phase_change,328,1778426246.0536728,/big.txt,42860544,131072
178,178_none_phase_change_run20,none,phase_change,329,1778426246.0549662,/big.txt,42991616,131072
178,178_none_phase_change_run20,none,phase_change,330,1778426246.0562296,/big.txt,43122688,131072
178,178_none_phase_change_run20,none,phase_change,331,1778426246.0574803,/big.txt,43253760,131072
178,178_none_phase_change_run20,none,phase_change,332,1778426246.0587387,/big.txt,43384832,131072
178,178_none_phase_change_run20,none,phase_change,333,1778426246.0601234,/big.txt,43515904,131072
178,178_none_phase_change_run20,none,phase_change,334,1778426246.061379,/big.txt,43646976,131072
178,178_none_phase_change_run20,none,phase_change,335,1778426246.062639,/big.txt,43778048,131072
178,178_none_phase_change_run20,none,phase_change,336,1778426246.0639443,/big.txt,43909120,131072
178,178_none_phase_change_run20,none,phase_change,337,1778426246.065216,/big.txt,44040192,131072
178,178_none_phase_change_run20,none,phase_change,338,1778426246.066473,/big.txt,44171264,131072
178,178_none_phase_change_run20,none,phase_change,339,1778426246.06778,/big.txt,44302336,131072
178,178_none_phase_change_run20,none,phase_change,340,1778426246.069029,/big.txt,44433408,131072
178,178_none_phase_change_run20,none,phase_change,341,1778426246.0702822,/big.txt,44564480,131072
178,178_none_phase_change_run20,none,phase_change,342,1778426246.0715804,/big.txt,44695552,131072
178,178_none_phase_change_run20,none,phase_change,343,1778426246.0728803,/big.txt,44826624,131072
178,178_none_phase_change_run20,none,phase_change,344,1778426246.074148,/big.txt,44957696,131072
178,178_none_phase_change_run20,none,phase_change,345,1778426246.0754507,/big.txt,45088768,131072
178,178_none_phase_change_run20,none,phase_change,346,1778426246.0767348,/big.txt,45219840,131072
178,178_none_phase_change_run20,none,phase_change,347,1778426246.077997,/big.txt,45350912,131072
178,178_none_phase_change_run20,none,phase_change,348,1778426246.0793009,/big.txt,45481984,131072
178,178_none_phase_change_run20,none,phase_change,349,1778426246.0805604,/big.txt,45613056,131072
178,178_none_phase_change_run20,none,phase_change,350,1778426246.081818,/big.txt,45744128,131072
178,178_none_phase_change_run20,none,phase_change,351,1778426246.0831773,/big.txt,45875200,131072
178,178_none_phase_change_run20,none,phase_change,352,1778426246.084438,/big.txt,46006272,131072
178,178_none_phase_change_run20,none,phase_change,353,1778426246.0856855,/big.txt,46137344,131072
178,178_none_phase_change_run20,none,phase_change,354,1778426246.0869756,/big.txt,46268416,131072
178,178_none_phase_change_run20,none,phase_change,355,1778426246.0882385,/big.txt,46399488,131072
178,178_none_phase_change_run20,none,phase_change,356,1778426246.0894961,/big.txt,46530560,131072
178,178_none_phase_change_run20,none,phase_change,357,1778426246.090751,/big.txt,46661632,131072
178,178_none_phase_change_run20,none,phase_change,358,1778426246.0921044,/big.txt,46792704,131072
178,178_none_phase_change_run20,none,phase_change,359,1778426246.093378,/big.txt,46923776,131072
178,178_none_phase_change_run20,none,phase_change,360,1778426246.0946383,/big.txt,47054848,131072
178,178_none_phase_change_run20,none,phase_change,361,1778426246.095939,/big.txt,47185920,131072
178,178_none_phase_change_run20,none,phase_change,362,1778426246.097194,/big.txt,47316992,131072
178,178_none_phase_change_run20,none,phase_change,363,1778426246.0984538,/big.txt,47448064,131072
178,178_none_phase_change_run20,none,phase_change,364,1778426246.0997405,/big.txt,47579136,131072
178,178_none_phase_change_run20,none,phase_change,365,1778426246.100997,/big.txt,47710208,131072
178,178_none_phase_change_run20,none,phase_change,366,1778426246.1022532,/big.txt,47841280,131072
178,178_none_phase_change_run20,none,phase_change,367,1778426246.1035926,/big.txt,47972352,131072
178,178_none_phase_change_run20,none,phase_change,368,1778426246.1048405,/big.txt,48103424,131072
178,178_none_phase_change_run20,none,phase_change,369,1778426246.1060994,/big.txt,48234496,131072
178,178_none_phase_change_run20,none,phase_change,370,1778426246.1074054,/big.txt,48365568,131072
178,178_none_phase_change_run20,none,phase_change,371,1778426246.108677,/big.txt,48496640,131072
178,178_none_phase_change_run20,none,phase_change,372,1778426246.109947,/big.txt,48627712,131072
178,178_none_phase_change_run20,none,phase_change,373,1778426246.1112347,/big.txt,48758784,131072
178,178_none_phase_change_run20,none,phase_change,374,1778426246.1125057,/big.txt,48889856,131072
178,178_none_phase_change_run20,none,phase_change,375,1778426246.1137598,/big.txt,49020928,131072
178,178_none_phase_change_run20,none,phase_change,376,1778426246.1151261,/big.txt,49152000,131072
178,178_none_phase_change_run20,none,phase_change,377,1778426246.11638,/big.txt,49283072,131072
178,178_none_phase_change_run20,none,phase_change,378,1778426246.1176355,/big.txt,49414144,131072
178,178_none_phase_change_run20,none,phase_change,379,1778426246.1189563,/big.txt,49545216,131072
178,178_none_phase_change_run20,none,phase_change,380,1778426246.1202264,/big.txt,49676288,131072
178,178_none_phase_change_run20,none,phase_change,381,1778426246.1214876,/big.txt,49807360,131072
178,178_none_phase_change_run20,none,phase_change,382,1778426246.1227467,/big.txt,49938432,131072
178,178_none_phase_change_run20,none,phase_change,383,1778426246.1253018,/big.txt,50069504,131072
178,178_none_phase_change_run20,none,phase_change,384,1778426246.1278298,/big.txt,50200576,131072
178,178_none_phase_change_run20,none,phase_change,385,1778426246.1303122,/big.txt,50331648,131072
178,178_none_phase_change_run20,none,phase_change,386,1778426246.132819,/big.txt,50462720,131072
178,178_none_phase_change_run20,none,phase_change,387,1778426246.135014,/big.txt,50593792,131072
178,178_none_phase_change_run20,none,phase_change,388,1778426246.1362786,/big.txt,50724864,131072
178,178_none_phase_change_run20,none,phase_change,389,1778426246.1375356,/big.txt,50855936,131072
178,178_none_phase_change_run20,none,phase_change,390,1778426246.1388407,/big.txt,50987008,131072
178,178_none_phase_change_run20,none,phase_change,391,1778426246.1401114,/big.txt,51118080,131072
178,178_none_phase_change_run20,none,phase_change,392,1778426246.1413758,/big.txt,51249152,131072
178,178_none_phase_change_run20,none,phase_change,393,1778426246.142629,/big.txt,51380224,131072
178,178_none_phase_change_run20,none,phase_change,394,1778426246.1439772,/big.txt,51511296,131072
178,178_none_phase_change_run20,none,phase_change,395,1778426246.1452467,/big.txt,51642368,131072
178,178_none_phase_change_run20,none,phase_change,396,1778426246.1465137,/big.txt,51773440,131072
178,178_none_phase_change_run20,none,phase_change,397,1778426246.147787,/big.txt,51904512,131072
178,178_none_phase_change_run20,none,phase_change,398,1778426246.1490479,/big.txt,52035584,131072
178,178_none_phase_change_run20,none,phase_change,399,1778426246.1502995,/big.txt,52166656,131072
178,178_none_phase_change_run20,none,phase_change,400,1778426246.151631,/big.txt,52297728,131072
178,178_none_phase_change_run20,none,phase_change,401,1778426246.1529465,/big.txt,52428800,131072
178,178_none_phase_change_run20,none,phase_change,402,1778426246.1542146,/big.txt,52559872,131072
178,178_none_phase_change_run20,none,phase_change,403,1778426246.1555223,/big.txt,52690944,131072
178,178_none_phase_change_run20,none,phase_change,404,1778426246.1567788,/big.txt,52822016,131072
178,178_none_phase_change_run20,none,phase_change,405,1778426246.1580367,/big.txt,52953088,131072
178,178_none_phase_change_run20,none,phase_change,406,1778426246.1593475,/big.txt,53084160,131072
178,178_none_phase_change_run20,none,phase_change,407,1778426246.1606128,/big.txt,53215232,131072
178,178_none_phase_change_run20,none,phase_change,408,1778426246.1618738,/big.txt,53346304,131072
178,178_none_phase_change_run20,none,phase_change,409,1778426246.1632242,/big.txt,53477376,131072
178,178_none_phase_change_run20,none,phase_change,410,1778426246.1644874,/big.txt,53608448,131072
178,178_none_phase_change_run20,none,phase_change,411,1778426246.1657465,/big.txt,53739520,131072
178,178_none_phase_change_run20,none,phase_change,412,1778426246.1671164,/big.txt,53870592,131072
178,178_none_phase_change_run20,none,phase_change,413,1778426246.1683779,/big.txt,54001664,131072
178,178_none_phase_change_run20,none,phase_change,414,1778426246.1696422,/big.txt,54132736,131072
178,178_none_phase_change_run20,none,phase_change,415,1778426246.1709294,/big.txt,54263808,131072
178,178_none_phase_change_run20,none,phase_change,416,1778426246.1721923,/big.txt,54394880,131072
178,178_none_phase_change_run20,none,phase_change,417,1778426246.1734512,/big.txt,54525952,131072
178,178_none_phase_change_run20,none,phase_change,418,1778426246.1747193,/big.txt,54657024,131072
178,178_none_phase_change_run20,none,phase_change,419,1778426246.1760187,/big.txt,54788096,131072
178,178_none_phase_change_run20,none,phase_change,420,1778426246.1772895,/big.txt,54919168,131072
178,178_none_phase_change_run20,none,phase_change,421,1778426246.1785464,/big.txt,55050240,131072
178,178_none_phase_change_run20,none,phase_change,422,1778426246.1798253,/big.txt,55181312,131072
178,178_none_phase_change_run20,none,phase_change,423,1778426246.1810827,/big.txt,55312384,131072
178,178_none_phase_change_run20,none,phase_change,424,1778426246.182342,/big.txt,55443456,131072
178,178_none_phase_change_run20,none,phase_change,425,1778426246.1836593,/big.txt,55574528,131072
178,178_none_phase_change_run20,none,phase_change,426,1778426246.184982,/big.txt,55705600,131072
178,178_none_phase_change_run20,none,phase_change,427,1778426246.1862345,/big.txt,55836672,131072
178,178_none_phase_change_run20,none,phase_change,428,1778426246.18758,/big.txt,55967744,131072
178,178_none_phase_change_run20,none,phase_change,429,1778426246.1888304,/big.txt,56098816,131072
178,178_none_phase_change_run20,none,phase_change,430,1778426246.190074,/big.txt,56229888,131072
178,178_none_phase_change_run20,none,phase_change,431,1778426246.1914282,/big.txt,56360960,131072
178,178_none_phase_change_run20,none,phase_change,432,1778426246.1927528,/big.txt,56492032,131072
178,178_none_phase_change_run20,none,phase_change,433,1778426246.1940186,/big.txt,56623104,131072
178,178_none_phase_change_run20,none,phase_change,434,1778426246.1954024,/big.txt,56754176,131072
178,178_none_phase_change_run20,none,phase_change,435,1778426246.1967158,/big.txt,56885248,131072
178,178_none_phase_change_run20,none,phase_change,436,1778426246.198015,/big.txt,57016320,131072
178,178_none_phase_change_run20,none,phase_change,437,1778426246.199319,/big.txt,57147392,131072
178,178_none_phase_change_run20,none,phase_change,438,1778426246.2006128,/big.txt,57278464,131072
178,178_none_phase_change_run20,none,phase_change,439,1778426246.2018657,/big.txt,57409536,131072
178,178_none_phase_change_run20,none,phase_change,440,1778426246.2031662,/big.txt,57540608,131072
178,178_none_phase_change_run20,none,phase_change,441,1778426246.2044353,/big.txt,57671680,131072
178,178_none_phase_change_run20,none,phase_change,442,1778426246.2056897,/big.txt,57802752,131072
178,178_none_phase_change_run20,none,phase_change,443,1778426246.2069778,/big.txt,57933824,131072
178,178_none_phase_change_run20,none,phase_change,444,1778426246.2082381,/big.txt,58064896,131072
178,178_none_phase_change_run20,none,phase_change,445,1778426246.2094967,/big.txt,58195968,131072
178,178_none_phase_change_run20,none,phase_change,446,1778426246.2107484,/big.txt,58327040,131072
178,178_none_phase_change_run20,none,phase_change,447,1778426246.2120538,/big.txt,58458112,131072
178,178_none_phase_change_run20,none,phase_change,448,1778426246.2133098,/big.txt,58589184,131072
178,178_none_phase_change_run20,none,phase_change,449,1778426246.2145617,/big.txt,58720256,131072
178,178_none_phase_change_run20,none,phase_change,450,1778426246.2158277,/big.txt,58851328,131072
178,178_none_phase_change_run20,none,phase_change,451,1778426246.2170777,/big.txt,58982400,131072
178,178_none_phase_change_run20,none,phase_change,452,1778426246.2183402,/big.txt,59113472,131072
178,178_none_phase_change_run20,none,phase_change,453,1778426246.2196686,/big.txt,59244544,131072
178,178_none_phase_change_run20,none,phase_change,454,1778426246.2209678,/big.txt,59375616,131072
178,178_none_phase_change_run20,none,phase_change,455,1778426246.2222276,/big.txt,59506688,131072
178,178_none_phase_change_run20,none,phase_change,456,1778426246.2235081,/big.txt,59637760,131072
178,178_none_phase_change_run20,none,phase_change,457,1778426246.2247665,/big.txt,59768832,131072
178,178_none_phase_change_run20,none,phase_change,458,1778426246.2260258,/big.txt,59899904,131072
178,178_none_phase_change_run20,none,phase_change,459,1778426246.227329,/big.txt,60030976,131072
178,178_none_phase_change_run20,none,phase_change,460,1778426246.2285814,/big.txt,60162048,131072
178,178_none_phase_change_run20,none,phase_change,461,1778426246.229834,/big.txt,60293120,131072
178,178_none_phase_change_run20,none,phase_change,462,1778426246.2311172,/big.txt,60424192,131072
178,178_none_phase_change_run20,none,phase_change,463,1778426246.2323768,/big.txt,60555264,131072
178,178_none_phase_change_run20,none,phase_change,464,1778426246.233626,/big.txt,60686336,131072
178,178_none_phase_change_run20,none,phase_change,465,1778426246.234917,/big.txt,60817408,131072
178,178_none_phase_change_run20,none,phase_change,466,1778426246.23617,/big.txt,60948480,131072
178,178_none_phase_change_run20,none,phase_change,467,1778426246.2374327,/big.txt,61079552,131072
178,178_none_phase_change_run20,none,phase_change,468,1778426246.2386842,/big.txt,61210624,131072
178,178_none_phase_change_run20,none,phase_change,469,1778426246.240013,/big.txt,61341696,131072
178,178_none_phase_change_run20,none,phase_change,470,1778426246.241281,/big.txt,61472768,131072
178,178_none_phase_change_run20,none,phase_change,471,1778426246.2425404,/big.txt,61603840,131072
178,178_none_phase_change_run20,none,phase_change,472,1778426246.243811,/big.txt,61734912,131072
178,178_none_phase_change_run20,none,phase_change,473,1778426246.2450657,/big.txt,61865984,131072
178,178_none_phase_change_run20,none,phase_change,474,1778426246.2463238,/big.txt,61997056,131072
178,178_none_phase_change_run20,none,phase_change,475,1778426246.2476609,/big.txt,62128128,131072
178,178_none_phase_change_run20,none,phase_change,476,1778426246.248944,/big.txt,62259200,131072
178,178_none_phase_change_run20,none,phase_change,477,1778426246.250216,/big.txt,62390272,131072
178,178_none_phase_change_run20,none,phase_change,478,1778426246.2515073,/big.txt,62521344,131072
178,178_none_phase_change_run20,none,phase_change,479,1778426246.2527785,/big.txt,62652416,131072
178,178_none_phase_change_run20,none,phase_change,480,1778426246.2540405,/big.txt,62783488,131072
178,178_none_phase_change_run20,none,phase_change,481,1778426246.2565563,/big.txt,62914560,131072
178,178_none_phase_change_run20,none,phase_change,482,1778426246.258962,/big.txt,63045632,131072
178,178_none_phase_change_run20,none,phase_change,483,1778426246.2602112,/big.txt,63176704,131072
178,178_none_phase_change_run20,none,phase_change,484,1778426246.2614634,/big.txt,63307776,131072
178,178_none_phase_change_run20,none,phase_change,485,1778426246.262712,/big.txt,63438848,131072
178,178_none_phase_change_run20,none,phase_change,486,1778426246.2640004,/big.txt,63569920,131072
178,178_none_phase_change_run20,none,phase_change,487,1778426246.2652586,/big.txt,63700992,131072
178,178_none_phase_change_run20,none,phase_change,488,1778426246.2665024,/big.txt,63832064,131072
178,178_none_phase_change_run20,none,phase_change,489,1778426246.267779,/big.txt,63963136,131072
178,178_none_phase_change_run20,none,phase_change,490,1778426246.2690437,/big.txt,64094208,131072
178,178_none_phase_change_run20,none,phase_change,491,1778426246.270298,/big.txt,64225280,131072
178,178_none_phase_change_run20,none,phase_change,492,1778426246.2716298,/big.txt,64356352,131072
178,178_none_phase_change_run20,none,phase_change,493,1778426246.2729256,/big.txt,64487424,131072
178,178_none_phase_change_run20,none,phase_change,494,1778426246.2741868,/big.txt,64618496,131072
178,178_none_phase_change_run20,none,phase_change,495,1778426246.2755046,/big.txt,64749568,131072
178,178_none_phase_change_run20,none,phase_change,496,1778426246.2768004,/big.txt,64880640,131072
178,178_none_phase_change_run20,none,phase_change,497,1778426246.278053,/big.txt,65011712,131072
178,178_none_phase_change_run20,none,phase_change,498,1778426246.2793734,/big.txt,65142784,131072
178,178_none_phase_change_run20,none,phase_change,499,1778426246.280625,/big.txt,65273856,131072
178,178_none_phase_change_run20,none,phase_change,500,1778426246.2818952,/big.txt,65404928,131072
178,178_none_phase_change_run20,none,phase_change,501,1778426246.2831912,/big.txt,65536000,131072
178,178_none_phase_change_run20,none,phase_change,502,1778426246.2844496,/big.txt,65667072,131072
178,178_none_phase_change_run20,none,phase_change,503,1778426246.2857044,/big.txt,65798144,131072
178,178_none_phase_change_run20,none,phase_change,504,1778426246.2870061,/big.txt,65929216,131072
178,178_none_phase_change_run20,none,phase_change,505,1778426246.2882717,/big.txt,66060288,131072
178,178_none_phase_change_run20,none,phase_change,506,1778426246.2895262,/big.txt,66191360,131072
178,178_none_phase_change_run20,none,phase_change,507,1778426246.2908697,/big.txt,66322432,131072
178,178_none_phase_change_run20,none,phase_change,508,1778426246.2921329,/big.txt,66453504,131072
178,178_none_phase_change_run20,none,phase_change,509,1778426246.2933931,/big.txt,66584576,131072
178,178_none_phase_change_run20,none,phase_change,510,1778426246.2946568,/big.txt,66715648,131072
178,178_none_phase_change_run20,none,phase_change,511,1778426246.295959,/big.txt,66846720,131072
178,178_none_phase_change_run20,none,phase_change,512,1778426246.2972155,/big.txt,66977792,131072
178,178_none_phase_change_run20,none,phase_change,513,1778426246.2984688,/big.txt,67108864,131072
178,178_none_phase_change_run20,none,phase_change,514,1778426246.2997627,/big.txt,67239936,131072
178,178_none_phase_change_run20,none,phase_change,515,1778426246.3010306,/big.txt,67371008,131072
178,178_none_phase_change_run20,none,phase_change,516,1778426246.3022919,/big.txt,67502080,131072
178,178_none_phase_change_run20,none,phase_change,517,1778426246.3036335,/big.txt,67633152,131072
178,178_none_phase_change_run20,none,phase_change,518,1778426246.3049273,/big.txt,67764224,131072
178,178_none_phase_change_run20,none,phase_change,519,1778426246.3061843,/big.txt,67895296,131072
178,178_none_phase_change_run20,none,phase_change,520,1778426246.3074825,/big.txt,68026368,131072
178,178_none_phase_change_run20,none,phase_change,521,1778426246.3087373,/big.txt,68157440,131072
178,178_none_phase_change_run20,none,phase_change,522,1778426246.309993,/big.txt,68288512,131072
178,178_none_phase_change_run20,none,phase_change,523,1778426246.3113134,/big.txt,68419584,131072
178,178_none_phase_change_run20,none,phase_change,524,1778426246.3125818,/big.txt,68550656,131072
178,178_none_phase_change_run20,none,phase_change,525,1778426246.3138347,/big.txt,68681728,131072
178,178_none_phase_change_run20,none,phase_change,526,1778426246.3151278,/big.txt,68812800,131072
178,178_none_phase_change_run20,none,phase_change,527,1778426246.3163886,/big.txt,68943872,131072
178,178_none_phase_change_run20,none,phase_change,528,1778426246.3176572,/big.txt,69074944,131072
178,178_none_phase_change_run20,none,phase_change,529,1778426246.3190205,/big.txt,69206016,131072
178,178_none_phase_change_run20,none,phase_change,530,1778426246.3202798,/big.txt,69337088,131072
178,178_none_phase_change_run20,none,phase_change,531,1778426246.321547,/big.txt,69468160,131072
178,178_none_phase_change_run20,none,phase_change,532,1778426246.322826,/big.txt,69599232,131072
178,178_none_phase_change_run20,none,phase_change,533,1778426246.3240948,/big.txt,69730304,131072
178,178_none_phase_change_run20,none,phase_change,534,1778426246.3253558,/big.txt,69861376,131072
178,178_none_phase_change_run20,none,phase_change,535,1778426246.3266225,/big.txt,69992448,131072
178,178_none_phase_change_run20,none,phase_change,536,1778426246.327969,/big.txt,70123520,131072
178,178_none_phase_change_run20,none,phase_change,537,1778426246.3292344,/big.txt,70254592,131072
178,178_none_phase_change_run20,none,phase_change,538,1778426246.3304925,/big.txt,70385664,131072
178,178_none_phase_change_run20,none,phase_change,539,1778426246.3317606,/big.txt,70516736,131072
178,178_none_phase_change_run20,none,phase_change,540,1778426246.3330176,/big.txt,70647808,131072
178,178_none_phase_change_run20,none,phase_change,541,1778426246.3342865,/big.txt,70778880,131072
178,178_none_phase_change_run20,none,phase_change,542,1778426246.3355875,/big.txt,70909952,131072
178,178_none_phase_change_run20,none,phase_change,543,1778426246.3368855,/big.txt,71041024,131072
178,178_none_phase_change_run20,none,phase_change,544,1778426246.3381348,/big.txt,71172096,131072
178,178_none_phase_change_run20,none,phase_change,545,1778426246.33944,/big.txt,71303168,131072
178,178_none_phase_change_run20,none,phase_change,546,1778426246.3407063,/big.txt,71434240,131072
178,178_none_phase_change_run20,none,phase_change,547,1778426246.341966,/big.txt,71565312,131072
178,178_none_phase_change_run20,none,phase_change,548,1778426246.34329,/big.txt,71696384,131072
178,178_none_phase_change_run20,none,phase_change,549,1778426246.3445547,/big.txt,71827456,131072
178,178_none_phase_change_run20,none,phase_change,550,1778426246.3458052,/big.txt,71958528,131072
178,178_none_phase_change_run20,none,phase_change,551,1778426246.3471007,/big.txt,72089600,131072
178,178_none_phase_change_run20,none,phase_change,552,1778426246.3483799,/big.txt,72220672,131072
178,178_none_phase_change_run20,none,phase_change,553,1778426246.349644,/big.txt,72351744,131072
178,178_none_phase_change_run20,none,phase_change,554,1778426246.3509388,/big.txt,72482816,131072
178,178_none_phase_change_run20,none,phase_change,555,1778426246.3522096,/big.txt,72613888,131072
178,178_none_phase_change_run20,none,phase_change,556,1778426246.3534634,/big.txt,72744960,131072
178,178_none_phase_change_run20,none,phase_change,557,1778426246.3547194,/big.txt,72876032,131072
178,178_none_phase_change_run20,none,phase_change,558,1778426246.3559935,/big.txt,73007104,131072
178,178_none_phase_change_run20,none,phase_change,559,1778426246.357252,/big.txt,73138176,131072
178,178_none_phase_change_run20,none,phase_change,560,1778426246.358501,/big.txt,73269248,131072
178,178_none_phase_change_run20,none,phase_change,561,1778426246.3597836,/big.txt,73400320,131072
178,178_none_phase_change_run20,none,phase_change,562,1778426246.3610358,/big.txt,73531392,131072
178,178_none_phase_change_run20,none,phase_change,563,1778426246.3622837,/big.txt,73662464,131072
178,178_none_phase_change_run20,none,phase_change,564,1778426246.363589,/big.txt,73793536,131072
178,178_none_phase_change_run20,none,phase_change,565,1778426246.3648548,/big.txt,73924608,131072
178,178_none_phase_change_run20,none,phase_change,566,1778426246.3661175,/big.txt,74055680,131072
178,178_none_phase_change_run20,none,phase_change,567,1778426246.3674095,/big.txt,74186752,131072
178,178_none_phase_change_run20,none,phase_change,568,1778426246.3686717,/big.txt,74317824,131072
178,178_none_phase_change_run20,none,phase_change,569,1778426246.3699245,/big.txt,74448896,131072
178,178_none_phase_change_run20,none,phase_change,570,1778426246.3712358,/big.txt,74579968,131072
178,178_none_phase_change_run20,none,phase_change,571,1778426246.3725038,/big.txt,74711040,131072
178,178_none_phase_change_run20,none,phase_change,572,1778426246.3737504,/big.txt,74842112,131072
178,178_none_phase_change_run20,none,phase_change,573,1778426246.375151,/big.txt,74973184,131072
178,178_none_phase_change_run20,none,phase_change,574,1778426246.3764162,/big.txt,75104256,131072
178,178_none_phase_change_run20,none,phase_change,575,1778426246.3776712,/big.txt,75235328,131072
178,178_none_phase_change_run20,none,phase_change,576,1778426246.3789315,/big.txt,75366400,131072
178,178_none_phase_change_run20,none,phase_change,577,1778426246.380188,/big.txt,75497472,131072
178,178_none_phase_change_run20,none,phase_change,578,1778426246.3814416,/big.txt,75628544,131072
178,178_none_phase_change_run20,none,phase_change,579,1778426246.3827386,/big.txt,75759616,131072
178,178_none_phase_change_run20,none,phase_change,580,1778426246.385267,/big.txt,75890688,131072
178,178_none_phase_change_run20,none,phase_change,581,1778426246.387785,/big.txt,76021760,131072
178,178_none_phase_change_run20,none,phase_change,582,1778426246.390223,/big.txt,76152832,131072
178,178_none_phase_change_run20,none,phase_change,583,1778426246.3927581,/big.txt,76283904,131072
178,178_none_phase_change_run20,none,phase_change,584,1778426246.3950052,/big.txt,76414976,131072
178,178_none_phase_change_run20,none,phase_change,585,1778426246.3962703,/big.txt,76546048,131072
178,178_none_phase_change_run20,none,phase_change,586,1778426246.3975306,/big.txt,76677120,131072
178,178_none_phase_change_run20,none,phase_change,587,1778426246.3988206,/big.txt,76808192,131072
178,178_none_phase_change_run20,none,phase_change,588,1778426246.4001112,/big.txt,76939264,131072
178,178_none_phase_change_run20,none,phase_change,589,1778426246.4013653,/big.txt,77070336,131072
178,178_none_phase_change_run20,none,phase_change,590,1778426246.4026263,/big.txt,77201408,131072
178,178_none_phase_change_run20,none,phase_change,591,1778426246.403865,/big.txt,77332480,131072
178,178_none_phase_change_run20,none,phase_change,592,1778426246.405123,/big.txt,77463552,131072
178,178_none_phase_change_run20,none,phase_change,593,1778426246.4063792,/big.txt,77594624,131072
178,178_none_phase_change_run20,none,phase_change,594,1778426246.4076896,/big.txt,77725696,131072
178,178_none_phase_change_run20,none,phase_change,595,1778426246.408992,/big.txt,77856768,131072
178,178_none_phase_change_run20,none,phase_change,596,1778426246.4102697,/big.txt,77987840,131072
178,178_none_phase_change_run20,none,phase_change,597,1778426246.411605,/big.txt,78118912,131072
178,178_none_phase_change_run20,none,phase_change,598,1778426246.4129004,/big.txt,78249984,131072
178,178_none_phase_change_run20,none,phase_change,599,1778426246.4141471,/big.txt,78381056,131072
178,178_none_phase_change_run20,none,phase_change,600,1778426246.4154546,/big.txt,78512128,131072
178,178_none_phase_change_run20,none,phase_change,601,1778426246.416715,/big.txt,78643200,131072
178,178_none_phase_change_run20,none,phase_change,602,1778426246.4179642,/big.txt,78774272,131072
178,178_none_phase_change_run20,none,phase_change,603,1778426246.419258,/big.txt,78905344,131072
178,178_none_phase_change_run20,none,phase_change,604,1778426246.4205267,/big.txt,79036416,131072
178,178_none_phase_change_run20,none,phase_change,605,1778426246.421778,/big.txt,79167488,131072
178,178_none_phase_change_run20,none,phase_change,606,1778426246.4230795,/big.txt,79298560,131072
178,178_none_phase_change_run20,none,phase_change,607,1778426246.4243364,/big.txt,79429632,131072
178,178_none_phase_change_run20,none,phase_change,608,1778426246.4255965,/big.txt,79560704,131072
178,178_none_phase_change_run20,none,phase_change,609,1778426246.4269302,/big.txt,79691776,131072
178,178_none_phase_change_run20,none,phase_change,610,1778426246.4281902,/big.txt,79822848,131072
178,178_none_phase_change_run20,none,phase_change,611,1778426246.4294572,/big.txt,79953920,131072
178,178_none_phase_change_run20,none,phase_change,612,1778426246.4307137,/big.txt,80084992,131072
178,178_none_phase_change_run20,none,phase_change,613,1778426246.4319913,/big.txt,80216064,131072
178,178_none_phase_change_run20,none,phase_change,614,1778426246.4332354,/big.txt,80347136,131072
178,178_none_phase_change_run20,none,phase_change,615,1778426246.4344852,/big.txt,80478208,131072
178,178_none_phase_change_run20,none,phase_change,616,1778426246.43577,/big.txt,80609280,131072
178,178_none_phase_change_run20,none,phase_change,617,1778426246.4370236,/big.txt,80740352,131072
178,178_none_phase_change_run20,none,phase_change,618,1778426246.4382825,/big.txt,80871424,131072
178,178_none_phase_change_run20,none,phase_change,619,1778426246.439605,/big.txt,81002496,131072
178,178_none_phase_change_run20,none,phase_change,620,1778426246.4408605,/big.txt,81133568,131072
178,178_none_phase_change_run20,none,phase_change,621,1778426246.4421232,/big.txt,81264640,131072
178,178_none_phase_change_run20,none,phase_change,622,1778426246.443434,/big.txt,81395712,131072
178,178_none_phase_change_run20,none,phase_change,623,1778426246.4446952,/big.txt,81526784,131072
178,178_none_phase_change_run20,none,phase_change,624,1778426246.445971,/big.txt,81657856,131072
178,178_none_phase_change_run20,none,phase_change,625,1778426246.4472864,/big.txt,81788928,131072
178,178_none_phase_change_run20,none,phase_change,626,1778426246.4485533,/big.txt,81920000,131072
178,178_none_phase_change_run20,none,phase_change,627,1778426246.4498076,/big.txt,82051072,131072
178,178_none_phase_change_run20,none,phase_change,628,1778426246.4511898,/big.txt,82182144,131072
178,178_none_phase_change_run20,none,phase_change,629,1778426246.4524653,/big.txt,82313216,131072
178,178_none_phase_change_run20,none,phase_change,630,1778426246.4537382,/big.txt,82444288,131072
178,178_none_phase_change_run20,none,phase_change,631,1778426246.4550326,/big.txt,82575360,131072
178,178_none_phase_change_run20,none,phase_change,632,1778426246.4562936,/big.txt,82706432,131072
178,178_none_phase_change_run20,none,phase_change,633,1778426246.4575527,/big.txt,82837504,131072
178,178_none_phase_change_run20,none,phase_change,634,1778426246.4588525,/big.txt,82968576,131072
178,178_none_phase_change_run20,none,phase_change,635,1778426246.4601192,/big.txt,83099648,131072
178,178_none_phase_change_run20,none,phase_change,636,1778426246.461376,/big.txt,83230720,131072
178,178_none_phase_change_run20,none,phase_change,637,1778426246.4626334,/big.txt,83361792,131072
178,178_none_phase_change_run20,none,phase_change,638,1778426246.463927,/big.txt,83492864,131072
178,178_none_phase_change_run20,none,phase_change,639,1778426246.4651883,/big.txt,83623936,131072
178,178_none_phase_change_run20,none,phase_change,640,1778426246.466451,/big.txt,83755008,131072
178,178_none_phase_change_run20,none,phase_change,641,1778426246.467752,/big.txt,83886080,131072
178,178_none_phase_change_run20,none,phase_change,642,1778426246.4690027,/big.txt,84017152,131072
178,178_none_phase_change_run20,none,phase_change,643,1778426246.4702654,/big.txt,84148224,131072
178,178_none_phase_change_run20,none,phase_change,644,1778426246.4715936,/big.txt,84279296,131072
178,178_none_phase_change_run20,none,phase_change,645,1778426246.472862,/big.txt,84410368,131072
178,178_none_phase_change_run20,none,phase_change,646,1778426246.4741273,/big.txt,84541440,131072
178,178_none_phase_change_run20,none,phase_change,647,1778426246.4754386,/big.txt,84672512,131072
178,178_none_phase_change_run20,none,phase_change,648,1778426246.4766934,/big.txt,84803584,131072
178,178_none_phase_change_run20,none,phase_change,649,1778426246.477965,/big.txt,84934656,131072
178,178_none_phase_change_run20,none,phase_change,650,1778426246.479408,/big.txt,85065728,131072
178,178_none_phase_change_run20,none,phase_change,651,1778426246.480689,/big.txt,85196800,131072
178,178_none_phase_change_run20,none,phase_change,652,1778426246.481947,/big.txt,85327872,131072
178,178_none_phase_change_run20,none,phase_change,653,1778426246.4832566,/big.txt,85458944,131072
178,178_none_phase_change_run20,none,phase_change,654,1778426246.484526,/big.txt,85590016,131072
178,178_none_phase_change_run20,none,phase_change,655,1778426246.4857688,/big.txt,85721088,131072
178,178_none_phase_change_run20,none,phase_change,656,1778426246.4870582,/big.txt,85852160,131072
178,178_none_phase_change_run20,none,phase_change,657,1778426246.488323,/big.txt,85983232,131072
178,178_none_phase_change_run20,none,phase_change,658,1778426246.4895897,/big.txt,86114304,131072
178,178_none_phase_change_run20,none,phase_change,659,1778426246.4909277,/big.txt,86245376,131072
178,178_none_phase_change_run20,none,phase_change,660,1778426246.4921925,/big.txt,86376448,131072
178,178_none_phase_change_run20,none,phase_change,661,1778426246.4934423,/big.txt,86507520,131072
178,178_none_phase_change_run20,none,phase_change,662,1778426246.4946904,/big.txt,86638592,131072
178,178_none_phase_change_run20,none,phase_change,663,1778426246.495972,/big.txt,86769664,131072
178,178_none_phase_change_run20,none,phase_change,664,1778426246.4972317,/big.txt,86900736,131072
178,178_none_phase_change_run20,none,phase_change,665,1778426246.4984903,/big.txt,87031808,131072
178,178_none_phase_change_run20,none,phase_change,666,1778426246.4997675,/big.txt,87162880,131072
178,178_none_phase_change_run20,none,phase_change,667,1778426246.501028,/big.txt,87293952,131072
178,178_none_phase_change_run20,none,phase_change,668,1778426246.5022907,/big.txt,87425024,131072
178,178_none_phase_change_run20,none,phase_change,669,1778426246.5036068,/big.txt,87556096,131072
178,178_none_phase_change_run20,none,phase_change,670,1778426246.504908,/big.txt,87687168,131072
178,178_none_phase_change_run20,none,phase_change,671,1778426246.50617,/big.txt,87818240,131072
178,178_none_phase_change_run20,none,phase_change,672,1778426246.507484,/big.txt,87949312,131072
178,178_none_phase_change_run20,none,phase_change,673,1778426246.5087433,/big.txt,88080384,131072
178,178_none_phase_change_run20,none,phase_change,674,1778426246.5099976,/big.txt,88211456,131072
178,178_none_phase_change_run20,none,phase_change,675,1778426246.5112832,/big.txt,88342528,131072
178,178_none_phase_change_run20,none,phase_change,676,1778426246.5125456,/big.txt,88473600,131072
178,178_none_phase_change_run20,none,phase_change,677,1778426246.5138037,/big.txt,88604672,131072
178,178_none_phase_change_run20,none,phase_change,678,1778426246.5158176,/big.txt,88735744,131072
178,178_none_phase_change_run20,none,phase_change,679,1778426246.5183017,/big.txt,88866816,131072
178,178_none_phase_change_run20,none,phase_change,680,1778426246.5208435,/big.txt,88997888,131072
178,178_none_phase_change_run20,none,phase_change,681,1778426246.5233498,/big.txt,89128960,131072
178,178_none_phase_change_run20,none,phase_change,682,1778426246.5258417,/big.txt,89260032,131072
178,178_none_phase_change_run20,none,phase_change,683,1778426246.5272238,/big.txt,89391104,131072
178,178_none_phase_change_run20,none,phase_change,684,1778426246.528492,/big.txt,89522176,131072
178,178_none_phase_change_run20,none,phase_change,685,1778426246.5297637,/big.txt,89653248,131072
178,178_none_phase_change_run20,none,phase_change,686,1778426246.5310981,/big.txt,89784320,131072
178,178_none_phase_change_run20,none,phase_change,687,1778426246.5323565,/big.txt,89915392,131072
178,178_none_phase_change_run20,none,phase_change,688,1778426246.533627,/big.txt,90046464,131072
178,178_none_phase_change_run20,none,phase_change,689,1778426246.534953,/big.txt,90177536,131072
178,178_none_phase_change_run20,none,phase_change,690,1778426246.5362236,/big.txt,90308608,131072
178,178_none_phase_change_run20,none,phase_change,691,1778426246.5374894,/big.txt,90439680,131072
178,178_none_phase_change_run20,none,phase_change,692,1778426246.5387425,/big.txt,90570752,131072
178,178_none_phase_change_run20,none,phase_change,693,1778426246.541283,/big.txt,90701824,131072
178,178_none_phase_change_run20,none,phase_change,694,1778426246.5438063,/big.txt,90832896,131072
178,178_none_phase_change_run20,none,phase_change,695,1778426246.5462983,/big.txt,90963968,131072
178,178_none_phase_change_run20,none,phase_change,696,1778426246.5488198,/big.txt,91095040,131072
178,178_none_phase_change_run20,none,phase_change,697,1778426246.5510192,/big.txt,91226112,131072
178,178_none_phase_change_run20,none,phase_change,698,1778426246.5522687,/big.txt,91357184,131072
178,178_none_phase_change_run20,none,phase_change,699,1778426246.5535338,/big.txt,91488256,131072
178,178_none_phase_change_run20,none,phase_change,700,1778426246.554833,/big.txt,91619328,131072
178,178_none_phase_change_run20,none,phase_change,701,1778426246.5561154,/big.txt,91750400,131072
178,178_none_phase_change_run20,none,phase_change,702,1778426246.5573964,/big.txt,91881472,131072
178,178_none_phase_change_run20,none,phase_change,703,1778426246.5586534,/big.txt,92012544,131072
178,178_none_phase_change_run20,none,phase_change,704,1778426246.5599513,/big.txt,92143616,131072
178,178_none_phase_change_run20,none,phase_change,705,1778426246.5612202,/big.txt,92274688,131072
178,178_none_phase_change_run20,none,phase_change,706,1778426246.5624838,/big.txt,92405760,131072
178,178_none_phase_change_run20,none,phase_change,707,1778426246.5637772,/big.txt,92536832,131072
178,178_none_phase_change_run20,none,phase_change,708,1778426246.5650384,/big.txt,92667904,131072
178,178_none_phase_change_run20,none,phase_change,709,1778426246.5662925,/big.txt,92798976,131072
178,178_none_phase_change_run20,none,phase_change,710,1778426246.5676062,/big.txt,92930048,131072
178,178_none_phase_change_run20,none,phase_change,711,1778426246.5689316,/big.txt,93061120,131072
178,178_none_phase_change_run20,none,phase_change,712,1778426246.5701876,/big.txt,93192192,131072
178,178_none_phase_change_run20,none,phase_change,713,1778426246.5714831,/big.txt,93323264,131072
178,178_none_phase_change_run20,none,phase_change,714,1778426246.5727503,/big.txt,93454336,131072
178,178_none_phase_change_run20,none,phase_change,715,1778426246.5740073,/big.txt,93585408,131072
178,178_none_phase_change_run20,none,phase_change,716,1778426246.575317,/big.txt,93716480,131072
178,178_none_phase_change_run20,none,phase_change,717,1778426246.576582,/big.txt,93847552,131072
178,178_none_phase_change_run20,none,phase_change,718,1778426246.5778608,/big.txt,93978624,131072
178,178_none_phase_change_run20,none,phase_change,719,1778426246.5791783,/big.txt,94109696,131072
178,178_none_phase_change_run20,none,phase_change,720,1778426246.5804574,/big.txt,94240768,131072
178,178_none_phase_change_run20,none,phase_change,721,1778426246.5817194,/big.txt,94371840,131072
178,178_none_phase_change_run20,none,phase_change,722,1778426246.583114,/big.txt,94502912,131072
178,178_none_phase_change_run20,none,phase_change,723,1778426246.5843742,/big.txt,94633984,131072
178,178_none_phase_change_run20,none,phase_change,724,1778426246.5856388,/big.txt,94765056,131072
178,178_none_phase_change_run20,none,phase_change,725,1778426246.586963,/big.txt,94896128,131072
178,178_none_phase_change_run20,none,phase_change,726,1778426246.5882297,/big.txt,95027200,131072
178,178_none_phase_change_run20,none,phase_change,727,1778426246.58948,/big.txt,95158272,131072
178,178_none_phase_change_run20,none,phase_change,728,1778426246.59074,/big.txt,95289344,131072
178,178_none_phase_change_run20,none,phase_change,729,1778426246.5920413,/big.txt,95420416,131072
178,178_none_phase_change_run20,none,phase_change,730,1778426246.5933108,/big.txt,95551488,131072
178,178_none_phase_change_run20,none,phase_change,731,1778426246.5945656,/big.txt,95682560,131072
178,178_none_phase_change_run20,none,phase_change,732,1778426246.5958283,/big.txt,95813632,131072
178,178_none_phase_change_run20,none,phase_change,733,1778426246.5970902,/big.txt,95944704,131072
178,178_none_phase_change_run20,none,phase_change,734,1778426246.5983562,/big.txt,96075776,131072
178,178_none_phase_change_run20,none,phase_change,735,1778426246.599692,/big.txt,96206848,131072
178,178_none_phase_change_run20,none,phase_change,736,1778426246.6009946,/big.txt,96337920,131072
178,178_none_phase_change_run20,none,phase_change,737,1778426246.6022544,/big.txt,96468992,131072
178,178_none_phase_change_run20,none,phase_change,738,1778426246.6035867,/big.txt,96600064,131072
178,178_none_phase_change_run20,none,phase_change,739,1778426246.6048496,/big.txt,96731136,131072
178,178_none_phase_change_run20,none,phase_change,740,1778426246.6061163,/big.txt,96862208,131072
178,178_none_phase_change_run20,none,phase_change,741,1778426246.6074212,/big.txt,96993280,131072
178,178_none_phase_change_run20,none,phase_change,742,1778426246.608697,/big.txt,97124352,131072
178,178_none_phase_change_run20,none,phase_change,743,1778426246.6099503,/big.txt,97255424,131072
178,178_none_phase_change_run20,none,phase_change,744,1778426246.6112618,/big.txt,97386496,131072
178,178_none_phase_change_run20,none,phase_change,745,1778426246.6125329,/big.txt,97517568,131072
178,178_none_phase_change_run20,none,phase_change,746,1778426246.6137903,/big.txt,97648640,131072
178,178_none_phase_change_run20,none,phase_change,747,1778426246.6150792,/big.txt,97779712,131072
178,178_none_phase_change_run20,none,phase_change,748,1778426246.6163497,/big.txt,97910784,131072
178,178_none_phase_change_run20,none,phase_change,749,1778426246.6175969,/big.txt,98041856,131072
178,178_none_phase_change_run20,none,phase_change,750,1778426246.6188893,/big.txt,98172928,131072
178,178_none_phase_change_run20,none,phase_change,751,1778426246.620148,/big.txt,98304000,131072
178,178_none_phase_change_run20,none,phase_change,752,1778426246.6214108,/big.txt,98435072,131072
178,178_none_phase_change_run20,none,phase_change,753,1778426246.622659,/big.txt,98566144,131072
178,178_none_phase_change_run20,none,phase_change,754,1778426246.6241076,/big.txt,98697216,131072
178,178_none_phase_change_run20,none,phase_change,755,1778426246.6253648,/big.txt,98828288,131072
178,178_none_phase_change_run20,none,phase_change,756,1778426246.6266136,/big.txt,98959360,131072
178,178_none_phase_change_run20,none,phase_change,757,1778426246.627869,/big.txt,99090432,131072
178,178_none_phase_change_run20,none,phase_change,758,1778426246.6291342,/big.txt,99221504,131072
178,178_none_phase_change_run20,none,phase_change,759,1778426246.6303837,/big.txt,99352576,131072
178,178_none_phase_change_run20,none,phase_change,760,1778426246.6317022,/big.txt,99483648,131072
178,178_none_phase_change_run20,none,phase_change,761,1778426246.6330037,/big.txt,99614720,131072
178,178_none_phase_change_run20,none,phase_change,762,1778426246.6342728,/big.txt,99745792,131072
178,178_none_phase_change_run20,none,phase_change,763,1778426246.6355655,/big.txt,99876864,131072
178,178_none_phase_change_run20,none,phase_change,764,1778426246.6368582,/big.txt,100007936,131072
178,178_none_phase_change_run20,none,phase_change,765,1778426246.6381292,/big.txt,100139008,131072
178,178_none_phase_change_run20,none,phase_change,766,1778426246.6394222,/big.txt,100270080,131072
178,178_none_phase_change_run20,none,phase_change,767,1778426246.6406903,/big.txt,100401152,131072
178,178_none_phase_change_run20,none,phase_change,768,1778426246.6419609,/big.txt,100532224,131072
178,178_none_phase_change_run20,none,phase_change,769,1778426246.6432703,/big.txt,100663296,131072
178,178_none_phase_change_run20,none,phase_change,770,1778426246.6445258,/big.txt,100794368,131072
178,178_none_phase_change_run20,none,phase_change,771,1778426246.6457822,/big.txt,100925440,131072
178,178_none_phase_change_run20,none,phase_change,772,1778426246.6470773,/big.txt,101056512,131072
178,178_none_phase_change_run20,none,phase_change,773,1778426246.648334,/big.txt,101187584,131072
178,178_none_phase_change_run20,none,phase_change,774,1778426246.6495996,/big.txt,101318656,131072
178,178_none_phase_change_run20,none,phase_change,775,1778426246.650892,/big.txt,101449728,131072
178,178_none_phase_change_run20,none,phase_change,776,1778426246.6521459,/big.txt,101580800,131072
178,178_none_phase_change_run20,none,phase_change,777,1778426246.6534023,/big.txt,101711872,131072
178,178_none_phase_change_run20,none,phase_change,778,1778426246.6546683,/big.txt,101842944,131072
178,178_none_phase_change_run20,none,phase_change,779,1778426246.6559613,/big.txt,101974016,131072
178,178_none_phase_change_run20,none,phase_change,780,1778426246.6572268,/big.txt,102105088,131072
178,178_none_phase_change_run20,none,phase_change,781,1778426246.6584811,/big.txt,102236160,131072
178,178_none_phase_change_run20,none,phase_change,782,1778426246.6597483,/big.txt,102367232,131072
178,178_none_phase_change_run20,none,phase_change,783,1778426246.6610136,/big.txt,102498304,131072
178,178_none_phase_change_run20,none,phase_change,784,1778426246.6622615,/big.txt,102629376,131072
178,178_none_phase_change_run20,none,phase_change,785,1778426246.663571,/big.txt,102760448,131072
178,178_none_phase_change_run20,none,phase_change,786,1778426246.6648276,/big.txt,102891520,131072
178,178_none_phase_change_run20,none,phase_change,787,1778426246.666109,/big.txt,103022592,131072
178,178_none_phase_change_run20,none,phase_change,788,1778426246.667408,/big.txt,103153664,131072
178,178_none_phase_change_run20,none,phase_change,789,1778426246.6686769,/big.txt,103284736,131072
178,178_none_phase_change_run20,none,phase_change,790,1778426246.669938,/big.txt,103415808,131072
178,178_none_phase_change_run20,none,phase_change,791,1778426246.6712625,/big.txt,103546880,131072
178,178_none_phase_change_run20,none,phase_change,792,1778426246.672524,/big.txt,103677952,131072
178,178_none_phase_change_run20,none,phase_change,793,1778426246.673777,/big.txt,103809024,131072
178,178_none_phase_change_run20,none,phase_change,794,1778426246.6750667,/big.txt,103940096,131072
178,178_none_phase_change_run20,none,phase_change,795,1778426246.676329,/big.txt,104071168,131072
178,178_none_phase_change_run20,none,phase_change,796,1778426246.677584,/big.txt,104202240,131072
178,178_none_phase_change_run20,none,phase_change,797,1778426246.6788669,/big.txt,104333312,131072
178,178_none_phase_change_run20,none,phase_change,798,1778426246.68013,/big.txt,104464384,131072
178,178_none_phase_change_run20,none,phase_change,799,1778426246.6813934,/big.txt,104595456,131072
178,178_none_phase_change_run20,none,phase_change,800,1778426246.6826196,/big.txt,104726528,131072
178,178_none_phase_change_run20,none,phase_change,801,1778426246.682742,/big.txt,104857600,0
178,178_none_phase_change_run20,none,phase_change,802,1778426246.686636,/big.txt,20480,4096
178,178_none_phase_change_run20,none,phase_change,803,1778426246.6887507,/big.txt,491520,4096
178,178_none_phase_change_run20,none,phase_change,804,1778426246.6908724,/big.txt,172032,4096
178,178_none_phase_change_run20,none,phase_change,805,1778426246.6929765,/big.txt,1228800,4096
178,178_none_phase_change_run20,none,phase_change,806,1778426246.6950455,/big.txt,69632,4096
178,178_none_phase_change_run20,none,phase_change,807,1778426246.6971226,/big.txt,1024000,4096
178,178_none_phase_change_run20,none,phase_change,808,1778426246.6992419,/big.txt,360448,4096
178,178_none_phase_change_run20,none,phase_change,809,1778426246.7013586,/big.txt,778240,4096
178,178_none_phase_change_run20,none,phase_change,810,1778426246.7034574,/big.txt,245760,4096
178,178_none_phase_change_run20,none,phase_change,811,1778426246.7055633,/big.txt,40960,4096
178,178_none_phase_change_run20,none,phase_change,812,1778426246.707785,/big.txt,1363968,4096
178,178_none_phase_change_run20,none,phase_change,813,1778426246.7099645,/big.txt,307200,4096
178,178_none_phase_change_run20,none,phase_change,814,1778426246.7120168,/big.txt,2097152,4096
178,178_none_phase_change_run20,none,phase_change,815,1778426246.71413,/big.txt,819200,4096
178,178_none_phase_change_run20,none,phase_change,816,1778426246.7161295,/big.txt,1843200,4096
178,178_none_phase_change_run20,none,phase_change,817,1778426246.71803,/big.txt,405504,4096
178,178_none_phase_change_run20,none,phase_change,818,1778426246.720015,/big.txt,2457600,4096
178,178_none_phase_change_run20,none,phase_change,819,1778426246.721909,/big.txt,614400,4096
178,178_none_phase_change_run20,none,phase_change,820,1778426246.7238967,/big.txt,2949120,4096
178,178_none_phase_change_run20,none,phase_change,821,1778426246.7257826,/big.txt,1556480,4096
178,178_none_phase_change_run20,none,phase_change,822,1778426246.7277877,/big.txt,102400,4096
178,178_none_phase_change_run20,none,phase_change,823,1778426246.7298973,/big.txt,1966080,4096
178,178_none_phase_change_run20,none,phase_change,824,1778426246.7319252,/big.txt,2621440,4096
178,178_none_phase_change_run20,none,phase_change,825,1778426246.734024,/big.txt,225280,4096
178,178_none_phase_change_run20,none,phase_change,826,1778426246.7361486,/big.txt,3317760,4096
178,178_none_phase_change_run20,none,phase_change,827,1778426246.738274,/big.txt,0,131072
178,178_none_phase_change_run20,none,phase_change,828,1778426246.7396793,/big.txt,131072,131072
178,178_none_phase_change_run20,none,phase_change,829,1778426246.7411258,/big.txt,262144,131072
178,178_none_phase_change_run20,none,phase_change,830,1778426246.7425756,/big.txt,393216,131072
178,178_none_phase_change_run20,none,phase_change,831,1778426246.744048,/big.txt,524288,131072
178,178_none_phase_change_run20,none,phase_change,832,1778426246.745529,/big.txt,655360,131072
178,178_none_phase_change_run20,none,phase_change,833,1778426246.7469985,/big.txt,786432,131072
178,178_none_phase_change_run20,none,phase_change,834,1778426246.7484539,/big.txt,917504,131072
178,178_none_phase_change_run20,none,phase_change,835,1778426246.7499037,/big.txt,1048576,131072
178,178_none_phase_change_run20,none,phase_change,836,1778426246.7514253,/big.txt,1179648,131072
178,178_none_phase_change_run20,none,phase_change,837,1778426246.7528722,/big.txt,1310720,131072
178,178_none_phase_change_run20,none,phase_change,838,1778426246.7543137,/big.txt,1441792,131072
178,178_none_phase_change_run20,none,phase_change,839,1778426246.7557616,/big.txt,1572864,131072
178,178_none_phase_change_run20,none,phase_change,840,1778426246.7572043,/big.txt,1703936,131072
178,178_none_phase_change_run20,none,phase_change,841,1778426246.7586722,/big.txt,1835008,131072
178,178_none_phase_change_run20,none,phase_change,842,1778426246.7601373,/big.txt,1966080,131072
178,178_none_phase_change_run20,none,phase_change,843,1778426246.7616177,/big.txt,2097152,131072
178,178_none_phase_change_run20,none,phase_change,844,1778426246.763075,/big.txt,2228224,131072
178,178_none_phase_change_run20,none,phase_change,845,1778426246.764526,/big.txt,2359296,131072
178,178_none_phase_change_run20,none,phase_change,846,1778426246.7659714,/big.txt,2490368,131072
178,178_none_phase_change_run20,none,phase_change,847,1778426246.7674372,/big.txt,2621440,131072
178,178_none_phase_change_run20,none,phase_change,848,1778426246.7688773,/big.txt,2752512,131072
178,178_none_phase_change_run20,none,phase_change,849,1778426246.7703145,/big.txt,2883584,131072
178,178_none_phase_change_run20,none,phase_change,850,1778426246.7717304,/big.txt,3014656,131072
178,178_none_phase_change_run20,none,phase_change,851,1778426246.7731774,/big.txt,3145728,131072
178,178_none_phase_change_run20,none,phase_change,852,1778426246.7746124,/big.txt,3276800,131072
178,178_none_phase_change_run20,none,phase_change,853,1778426246.7760599,/big.txt,3407872,131072
178,178_none_phase_change_run20,none,phase_change,854,1778426246.777521,/big.txt,3538944,131072
178,178_none_phase_change_run20,none,phase_change,855,1778426246.779098,/big.txt,3670016,131072
178,178_none_phase_change_run20,none,phase_change,856,1778426246.780546,/big.txt,3801088,131072
178,178_none_phase_change_run20,none,phase_change,857,1778426246.7819834,/big.txt,3932160,131072
178,178_none_phase_change_run20,none,phase_change,858,1778426246.7834344,/big.txt,4063232,131072
178,178_none_phase_change_run20,none,phase_change,859,1778426246.784862,/big.txt,4194304,131072
178,178_none_phase_change_run20,none,phase_change,860,1778426246.7862856,/big.txt,4325376,131072
178,178_none_phase_change_run20,none,phase_change,861,1778426246.787758,/big.txt,4456448,131072
178,178_none_phase_change_run20,none,phase_change,862,1778426246.7891917,/big.txt,4587520,131072
178,178_none_phase_change_run20,none,phase_change,863,1778426246.7906282,/big.txt,4718592,131072
178,178_none_phase_change_run20,none,phase_change,864,1778426246.792074,/big.txt,4849664,131072
178,178_none_phase_change_run20,none,phase_change,865,1778426246.7935216,/big.txt,4980736,131072
178,178_none_phase_change_run20,none,phase_change,866,1778426246.7950642,/big.txt,5111808,131072
178,178_none_phase_change_run20,none,phase_change,867,1778426246.7965066,/big.txt,5242880,131072
178,178_none_phase_change_run20,none,phase_change,868,1778426246.7979398,/big.txt,5373952,131072
178,178_none_phase_change_run20,none,phase_change,869,1778426246.7993906,/big.txt,5505024,131072
178,178_none_phase_change_run20,none,phase_change,870,1778426246.8008256,/big.txt,5636096,131072
178,178_none_phase_change_run20,none,phase_change,871,1778426246.8022516,/big.txt,5767168,131072
178,178_none_phase_change_run20,none,phase_change,872,1778426246.8037262,/big.txt,5898240,131072
178,178_none_phase_change_run20,none,phase_change,873,1778426246.8051765,/big.txt,6029312,131072
178,178_none_phase_change_run20,none,phase_change,874,1778426246.8066204,/big.txt,6160384,131072
178,178_none_phase_change_run20,none,phase_change,875,1778426246.8080823,/big.txt,6291456,131072
178,178_none_phase_change_run20,none,phase_change,876,1778426246.809508,/big.txt,6422528,131072
178,178_none_phase_change_run20,none,phase_change,877,1778426246.8109777,/big.txt,6553600,131072
178,178_none_phase_change_run20,none,phase_change,878,1778426246.8124192,/big.txt,6684672,131072
178,178_none_phase_change_run20,none,phase_change,879,1778426246.8138633,/big.txt,6815744,131072
178,178_none_phase_change_run20,none,phase_change,880,1778426246.8153114,/big.txt,6946816,131072
178,178_none_phase_change_run20,none,phase_change,881,1778426246.816751,/big.txt,7077888,131072
178,178_none_phase_change_run20,none,phase_change,882,1778426246.8181953,/big.txt,7208960,131072
178,178_none_phase_change_run20,none,phase_change,883,1778426246.8196483,/big.txt,7340032,131072
178,178_none_phase_change_run20,none,phase_change,884,1778426246.821093,/big.txt,7471104,131072
178,178_none_phase_change_run20,none,phase_change,885,1778426246.8225422,/big.txt,7602176,131072
178,178_none_phase_change_run20,none,phase_change,886,1778426246.8239675,/big.txt,7733248,131072
178,178_none_phase_change_run20,none,phase_change,887,1778426246.8254173,/big.txt,7864320,131072
178,178_none_phase_change_run20,none,phase_change,888,1778426246.8268757,/big.txt,7995392,131072
178,178_none_phase_change_run20,none,phase_change,889,1778426246.8283176,/big.txt,8126464,131072
178,178_none_phase_change_run20,none,phase_change,890,1778426246.8297498,/big.txt,8257536,131072
178,178_none_phase_change_run20,none,phase_change,891,1778426246.8312767,/big.txt,8388608,131072
178,178_none_phase_change_run20,none,phase_change,892,1778426246.832736,/big.txt,8519680,131072
178,178_none_phase_change_run20,none,phase_change,893,1778426246.8341756,/big.txt,8650752,131072
178,178_none_phase_change_run20,none,phase_change,894,1778426246.8356242,/big.txt,8781824,131072
178,178_none_phase_change_run20,none,phase_change,895,1778426246.83707,/big.txt,8912896,131072
178,178_none_phase_change_run20,none,phase_change,896,1778426246.838506,/big.txt,9043968,131072
178,178_none_phase_change_run20,none,phase_change,897,1778426246.8399167,/big.txt,9175040,131072
178,178_none_phase_change_run20,none,phase_change,898,1778426246.8413465,/big.txt,9306112,131072
178,178_none_phase_change_run20,none,phase_change,899,1778426246.842838,/big.txt,9437184,131072
178,178_none_phase_change_run20,none,phase_change,900,1778426246.8457403,/big.txt,9568256,131072
178,178_none_phase_change_run20,none,phase_change,901,1778426246.8486454,/big.txt,9699328,131072
178,178_none_phase_change_run20,none,phase_change,902,1778426246.8515327,/big.txt,9830400,131072
178,178_none_phase_change_run20,none,phase_change,903,1778426246.8544059,/big.txt,9961472,131072
178,178_none_phase_change_run20,none,phase_change,904,1778426246.8559034,/big.txt,10092544,131072
178,178_none_phase_change_run20,none,phase_change,905,1778426246.8573391,/big.txt,10223616,131072
178,178_none_phase_change_run20,none,phase_change,906,1778426246.8587844,/big.txt,10354688,131072
178,178_none_phase_change_run20,none,phase_change,907,1778426246.860232,/big.txt,10485760,131072
178,178_none_phase_change_run20,none,phase_change,908,1778426246.8616734,/big.txt,10616832,131072
178,178_none_phase_change_run20,none,phase_change,909,1778426246.8631313,/big.txt,10747904,131072
178,178_none_phase_change_run20,none,phase_change,910,1778426246.8645651,/big.txt,10878976,131072
178,178_none_phase_change_run20,none,phase_change,911,1778426246.8659873,/big.txt,11010048,131072
178,178_none_phase_change_run20,none,phase_change,912,1778426246.8674712,/big.txt,11141120,131072
178,178_none_phase_change_run20,none,phase_change,913,1778426246.8689137,/big.txt,11272192,131072
178,178_none_phase_change_run20,none,phase_change,914,1778426246.8703494,/big.txt,11403264,131072
178,178_none_phase_change_run20,none,phase_change,915,1778426246.8718019,/big.txt,11534336,131072
178,178_none_phase_change_run20,none,phase_change,916,1778426246.8732448,/big.txt,11665408,131072
178,178_none_phase_change_run20,none,phase_change,917,1778426246.8746965,/big.txt,11796480,131072
178,178_none_phase_change_run20,none,phase_change,918,1778426246.876153,/big.txt,11927552,131072
178,178_none_phase_change_run20,none,phase_change,919,1778426246.877591,/big.txt,12058624,131072
178,178_none_phase_change_run20,none,phase_change,920,1778426246.8790379,/big.txt,12189696,131072
178,178_none_phase_change_run20,none,phase_change,921,1778426246.8804915,/big.txt,12320768,131072
178,178_none_phase_change_run20,none,phase_change,922,1778426246.8819482,/big.txt,12451840,131072
178,178_none_phase_change_run20,none,phase_change,923,1778426246.8834035,/big.txt,12582912,131072
178,178_none_phase_change_run20,none,phase_change,924,1778426246.8848386,/big.txt,12713984,131072
178,178_none_phase_change_run20,none,phase_change,925,1778426246.8862832,/big.txt,12845056,131072
178,178_none_phase_change_run20,none,phase_change,926,1778426246.8877597,/big.txt,12976128,131072
178,178_none_phase_change_run20,none,phase_change,927,1778426246.8891988,/big.txt,13107200,131072
178,178_none_phase_change_run20,none,phase_change,928,1778426246.8906453,/big.txt,13238272,131072
178,178_none_phase_change_run20,none,phase_change,929,1778426246.8920927,/big.txt,13369344,131072
178,178_none_phase_change_run20,none,phase_change,930,1778426246.8935206,/big.txt,13500416,131072
178,178_none_phase_change_run20,none,phase_change,931,1778426246.8950472,/big.txt,13631488,131072
178,178_none_phase_change_run20,none,phase_change,932,1778426246.8964918,/big.txt,13762560,131072
178,178_none_phase_change_run20,none,phase_change,933,1778426246.8979356,/big.txt,13893632,131072
178,178_none_phase_change_run20,none,phase_change,934,1778426246.8993952,/big.txt,14024704,131072
178,178_none_phase_change_run20,none,phase_change,935,1778426246.9008381,/big.txt,14155776,131072
178,178_none_phase_change_run20,none,phase_change,936,1778426246.9022737,/big.txt,14286848,131072
178,178_none_phase_change_run20,none,phase_change,937,1778426246.9037411,/big.txt,14417920,131072
178,178_none_phase_change_run20,none,phase_change,938,1778426246.9051843,/big.txt,14548992,131072
178,178_none_phase_change_run20,none,phase_change,939,1778426246.906619,/big.txt,14680064,131072
178,178_none_phase_change_run20,none,phase_change,940,1778426246.9081435,/big.txt,14811136,131072
178,178_none_phase_change_run20,none,phase_change,941,1778426246.9095757,/big.txt,14942208,131072
178,178_none_phase_change_run20,none,phase_change,942,1778426246.9110217,/big.txt,15073280,131072
178,178_none_phase_change_run20,none,phase_change,943,1778426246.9124634,/big.txt,15204352,131072
178,178_none_phase_change_run20,none,phase_change,944,1778426246.9138823,/big.txt,15335424,131072
178,178_none_phase_change_run20,none,phase_change,945,1778426246.9153445,/big.txt,15466496,131072
178,178_none_phase_change_run20,none,phase_change,946,1778426246.9167933,/big.txt,15597568,131072
178,178_none_phase_change_run20,none,phase_change,947,1778426246.9182441,/big.txt,15728640,131072
178,178_none_phase_change_run20,none,phase_change,948,1778426246.9196978,/big.txt,15859712,131072
178,178_none_phase_change_run20,none,phase_change,949,1778426246.9211395,/big.txt,15990784,131072
178,178_none_phase_change_run20,none,phase_change,950,1778426246.9225783,/big.txt,16121856,131072
178,178_none_phase_change_run20,none,phase_change,951,1778426246.924099,/big.txt,16252928,131072
178,178_none_phase_change_run20,none,phase_change,952,1778426246.925581,/big.txt,16384000,131072
178,178_none_phase_change_run20,none,phase_change,953,1778426246.9270873,/big.txt,16515072,131072
178,178_none_phase_change_run20,none,phase_change,954,1778426246.9286315,/big.txt,16646144,131072
178,178_none_phase_change_run20,none,phase_change,955,1778426246.930068,/big.txt,16777216,131072
178,178_none_phase_change_run20,none,phase_change,956,1778426246.9315479,/big.txt,16908288,131072
178,178_none_phase_change_run20,none,phase_change,957,1778426246.933032,/big.txt,17039360,131072
178,178_none_phase_change_run20,none,phase_change,958,1778426246.934479,/big.txt,17170432,131072
178,178_none_phase_change_run20,none,phase_change,959,1778426246.9359133,/big.txt,17301504,131072
178,178_none_phase_change_run20,none,phase_change,960,1778426246.9373655,/big.txt,17432576,131072
178,178_none_phase_change_run20,none,phase_change,961,1778426246.938818,/big.txt,17563648,131072
178,178_none_phase_change_run20,none,phase_change,962,1778426246.9402542,/big.txt,17694720,131072
178,178_none_phase_change_run20,none,phase_change,963,1778426246.9416983,/big.txt,17825792,131072
178,178_none_phase_change_run20,none,phase_change,964,1778426246.9431355,/big.txt,17956864,131072
178,178_none_phase_change_run20,none,phase_change,965,1778426246.9445739,/big.txt,18087936,131072
178,178_none_phase_change_run20,none,phase_change,966,1778426246.946008,/big.txt,18219008,131072
178,178_none_phase_change_run20,none,phase_change,967,1778426246.9474533,/big.txt,18350080,131072
178,178_none_phase_change_run20,none,phase_change,968,1778426246.9488904,/big.txt,18481152,131072
178,178_none_phase_change_run20,none,phase_change,969,1778426246.950332,/big.txt,18612224,131072
178,178_none_phase_change_run20,none,phase_change,970,1778426246.9518237,/big.txt,18743296,131072
178,178_none_phase_change_run20,none,phase_change,971,1778426246.9532664,/big.txt,18874368,131072
178,178_none_phase_change_run20,none,phase_change,972,1778426246.9547021,/big.txt,19005440,131072
178,178_none_phase_change_run20,none,phase_change,973,1778426246.9575837,/big.txt,19136512,131072
178,178_none_phase_change_run20,none,phase_change,974,1778426246.9592147,/big.txt,19267584,131072
178,178_none_phase_change_run20,none,phase_change,975,1778426246.9606702,/big.txt,19398656,131072
178,178_none_phase_change_run20,none,phase_change,976,1778426246.9621048,/big.txt,19529728,131072
178,178_none_phase_change_run20,none,phase_change,977,1778426246.9635983,/big.txt,19660800,131072
178,178_none_phase_change_run20,none,phase_change,978,1778426246.9650373,/big.txt,19791872,131072
178,178_none_phase_change_run20,none,phase_change,979,1778426246.966486,/big.txt,19922944,131072
178,178_none_phase_change_run20,none,phase_change,980,1778426246.9679303,/big.txt,20054016,131072
178,178_none_phase_change_run20,none,phase_change,981,1778426246.9693646,/big.txt,20185088,131072
178,178_none_phase_change_run20,none,phase_change,982,1778426246.9708054,/big.txt,20316160,131072
178,178_none_phase_change_run20,none,phase_change,983,1778426246.9722712,/big.txt,20447232,131072
178,178_none_phase_change_run20,none,phase_change,984,1778426246.9737158,/big.txt,20578304,131072
178,178_none_phase_change_run20,none,phase_change,985,1778426246.9752295,/big.txt,20709376,131072
178,178_none_phase_change_run20,none,phase_change,986,1778426246.976677,/big.txt,20840448,131072
178,178_none_phase_change_run20,none,phase_change,987,1778426246.9781094,/big.txt,20971520,131072
178,178_none_phase_change_run20,none,phase_change,988,1778426246.9795475,/big.txt,21102592,131072
178,178_none_phase_change_run20,none,phase_change,989,1778426246.9809992,/big.txt,21233664,131072
178,178_none_phase_change_run20,none,phase_change,990,1778426246.982455,/big.txt,21364736,131072
178,178_none_phase_change_run20,none,phase_change,991,1778426246.983878,/big.txt,21495808,131072
178,178_none_phase_change_run20,none,phase_change,992,1778426246.9853122,/big.txt,21626880,131072
178,178_none_phase_change_run20,none,phase_change,993,1778426246.9867399,/big.txt,21757952,131072
178,178_none_phase_change_run20,none,phase_change,994,1778426246.988238,/big.txt,21889024,131072
178,178_none_phase_change_run20,none,phase_change,995,1778426246.9896848,/big.txt,22020096,131072
178,178_none_phase_change_run20,none,phase_change,996,1778426246.991134,/big.txt,22151168,131072
178,178_none_phase_change_run20,none,phase_change,997,1778426246.9925654,/big.txt,22282240,131072
178,178_none_phase_change_run20,none,phase_change,998,1778426246.9939876,/big.txt,22413312,131072
178,178_none_phase_change_run20,none,phase_change,999,1778426246.9954402,/big.txt,22544384,131072
178,178_none_phase_change_run20,none,phase_change,1000,1778426246.9968686,/big.txt,22675456,131072
178,178_none_phase_change_run20,none,phase_change,1001,1778426246.9982908,/big.txt,22806528,131072
178,178_none_phase_change_run20,none,phase_change,1002,1778426246.9997773,/big.txt,22937600,131072
178,178_none_phase_change_run20,none,phase_change,1003,1778426247.0012043,/big.txt,23068672,131072
178,178_none_phase_change_run20,none,phase_change,1004,1778426247.0026414,/big.txt,23199744,131072
178,178_none_phase_change_run20,none,phase_change,1005,1778426247.0040781,/big.txt,23330816,131072
178,178_none_phase_change_run20,none,phase_change,1006,1778426247.0055144,/big.txt,23461888,131072
178,178_none_phase_change_run20,none,phase_change,1007,1778426247.007024,/big.txt,23592960,131072
178,178_none_phase_change_run20,none,phase_change,1008,1778426247.0084577,/big.txt,23724032,131072
178,178_none_phase_change_run20,none,phase_change,1009,1778426247.0098984,/big.txt,23855104,131072
178,178_none_phase_change_run20,none,phase_change,1010,1778426247.0113332,/big.txt,23986176,131072
178,178_none_phase_change_run20,none,phase_change,1011,1778426247.0127695,/big.txt,24117248,131072
178,178_none_phase_change_run20,none,phase_change,1012,1778426247.0142026,/big.txt,24248320,131072
178,178_none_phase_change_run20,none,phase_change,1013,1778426247.0156527,/big.txt,24379392,131072
178,178_none_phase_change_run20,none,phase_change,1014,1778426247.017092,/big.txt,24510464,131072
178,178_none_phase_change_run20,none,phase_change,1015,1778426247.0185378,/big.txt,24641536,131072
178,178_none_phase_change_run20,none,phase_change,1016,1778426247.0199697,/big.txt,24772608,131072
178,178_none_phase_change_run20,none,phase_change,1017,1778426247.0214083,/big.txt,24903680,131072
178,178_none_phase_change_run20,none,phase_change,1018,1778426247.0228565,/big.txt,25034752,131072
178,178_none_phase_change_run20,none,phase_change,1019,1778426247.0243087,/big.txt,25165824,131072
178,178_none_phase_change_run20,none,phase_change,1020,1778426247.0257342,/big.txt,25296896,131072
178,178_none_phase_change_run20,none,phase_change,1021,1778426247.0272176,/big.txt,25427968,131072
178,178_none_phase_change_run20,none,phase_change,1022,1778426247.0286644,/big.txt,25559040,131072
178,178_none_phase_change_run20,none,phase_change,1023,1778426247.0301065,/big.txt,25690112,131072
178,178_none_phase_change_run20,none,phase_change,1024,1778426247.031564,/big.txt,25821184,131072
178,178_none_phase_change_run20,none,phase_change,1025,1778426247.033,/big.txt,25952256,131072
178,178_none_phase_change_run20,none,phase_change,1026,1778426247.0344496,/big.txt,26083328,131072
178,178_none_phase_change_run20,none,phase_change,1027,1778426247.0358732,/big.txt,26214400,131072
178,178_none_phase_change_run20,none,phase_change,1028,1778426247.0373092,/big.txt,26345472,131072
178,178_none_phase_change_run20,none,phase_change,1029,1778426247.038729,/big.txt,26476544,131072
178,178_none_phase_change_run20,none,phase_change,1030,1778426247.040144,/big.txt,26607616,131072
178,178_none_phase_change_run20,none,phase_change,1031,1778426247.0415838,/big.txt,26738688,131072
178,178_none_phase_change_run20,none,phase_change,1032,1778426247.043009,/big.txt,26869760,131072
178,178_none_phase_change_run20,none,phase_change,1033,1778426247.044448,/big.txt,27000832,131072
178,178_none_phase_change_run20,none,phase_change,1034,1778426247.0458825,/big.txt,27131904,131072
178,178_none_phase_change_run20,none,phase_change,1035,1778426247.0473135,/big.txt,27262976,131072
178,178_none_phase_change_run20,none,phase_change,1036,1778426247.0487404,/big.txt,27394048,131072
178,178_none_phase_change_run20,none,phase_change,1037,1778426247.0501647,/big.txt,27525120,131072
178,178_none_phase_change_run20,none,phase_change,1038,1778426247.0516133,/big.txt,27656192,131072
178,178_none_phase_change_run20,none,phase_change,1039,1778426247.053046,/big.txt,27787264,131072
178,178_none_phase_change_run20,none,phase_change,1040,1778426247.0544815,/big.txt,27918336,131072
178,178_none_phase_change_run20,none,phase_change,1041,1778426247.055894,/big.txt,28049408,131072
178,178_none_phase_change_run20,none,phase_change,1042,1778426247.0573318,/big.txt,28180480,131072
178,178_none_phase_change_run20,none,phase_change,1043,1778426247.058747,/big.txt,28311552,131072
178,178_none_phase_change_run20,none,phase_change,1044,1778426247.0602527,/big.txt,28442624,131072
178,178_none_phase_change_run20,none,phase_change,1045,1778426247.0616963,/big.txt,28573696,131072
178,178_none_phase_change_run20,none,phase_change,1046,1778426247.06313,/big.txt,28704768,131072
178,178_none_phase_change_run20,none,phase_change,1047,1778426247.0645552,/big.txt,28835840,131072
178,178_none_phase_change_run20,none,phase_change,1048,1778426247.0659957,/big.txt,28966912,131072
178,178_none_phase_change_run20,none,phase_change,1049,1778426247.0674384,/big.txt,29097984,131072
178,178_none_phase_change_run20,none,phase_change,1050,1778426247.068874,/big.txt,29229056,131072
178,178_none_phase_change_run20,none,phase_change,1051,1778426247.0702999,/big.txt,29360128,131072
178,178_none_phase_change_run20,none,phase_change,1052,1778426247.071762,/big.txt,29491200,131072
178,178_none_phase_change_run20,none,phase_change,1053,1778426247.0732107,/big.txt,29622272,131072
178,178_none_phase_change_run20,none,phase_change,1054,1778426247.0746799,/big.txt,29753344,131072
178,178_none_phase_change_run20,none,phase_change,1055,1778426247.0761502,/big.txt,29884416,131072
178,178_none_phase_change_run20,none,phase_change,1056,1778426247.0776074,/big.txt,30015488,131072
178,178_none_phase_change_run20,none,phase_change,1057,1778426247.0790596,/big.txt,30146560,131072
178,178_none_phase_change_run20,none,phase_change,1058,1778426247.0805082,/big.txt,30277632,131072
178,178_none_phase_change_run20,none,phase_change,1059,1778426247.0819428,/big.txt,30408704,131072
178,178_none_phase_change_run20,none,phase_change,1060,1778426247.0833828,/big.txt,30539776,131072
178,178_none_phase_change_run20,none,phase_change,1061,1778426247.084823,/big.txt,30670848,131072
178,178_none_phase_change_run20,none,phase_change,1062,1778426247.086255,/big.txt,30801920,131072
178,178_none_phase_change_run20,none,phase_change,1063,1778426247.0877233,/big.txt,30932992,131072
178,178_none_phase_change_run20,none,phase_change,1064,1778426247.0891669,/big.txt,31064064,131072
178,178_none_phase_change_run20,none,phase_change,1065,1778426247.0906022,/big.txt,31195136,131072
178,178_none_phase_change_run20,none,phase_change,1066,1778426247.0920591,/big.txt,31326208,131072
178,178_none_phase_change_run20,none,phase_change,1067,1778426247.0934901,/big.txt,31457280,131072
178,178_none_phase_change_run20,none,phase_change,1068,1778426247.0949965,/big.txt,31588352,131072
178,178_none_phase_change_run20,none,phase_change,1069,1778426247.0964422,/big.txt,31719424,131072
178,178_none_phase_change_run20,none,phase_change,1070,1778426247.097874,/big.txt,31850496,131072
178,178_none_phase_change_run20,none,phase_change,1071,1778426247.0993185,/big.txt,31981568,131072
178,178_none_phase_change_run20,none,phase_change,1072,1778426247.1007597,/big.txt,32112640,131072
178,178_none_phase_change_run20,none,phase_change,1073,1778426247.102186,/big.txt,32243712,131072
178,178_none_phase_change_run20,none,phase_change,1074,1778426247.1036398,/big.txt,32374784,131072
178,178_none_phase_change_run20,none,phase_change,1075,1778426247.1050668,/big.txt,32505856,131072
178,178_none_phase_change_run20,none,phase_change,1076,1778426247.106496,/big.txt,32636928,131072
178,178_none_phase_change_run20,none,phase_change,1077,1778426247.1079059,/big.txt,32768000,131072
178,178_none_phase_change_run20,none,phase_change,1078,1778426247.1093366,/big.txt,32899072,131072
178,178_none_phase_change_run20,none,phase_change,1079,1778426247.110765,/big.txt,33030144,131072
178,178_none_phase_change_run20,none,phase_change,1080,1778426247.1122844,/big.txt,33161216,131072
178,178_none_phase_change_run20,none,phase_change,1081,1778426247.1137223,/big.txt,33292288,131072
178,178_none_phase_change_run20,none,phase_change,1082,1778426247.115168,/big.txt,33423360,131072
178,178_none_phase_change_run20,none,phase_change,1083,1778426247.1166017,/big.txt,33554432,131072
178,178_none_phase_change_run20,none,phase_change,1084,1778426247.1180468,/big.txt,33685504,131072
178,178_none_phase_change_run20,none,phase_change,1085,1778426247.119496,/big.txt,33816576,131072
178,178_none_phase_change_run20,none,phase_change,1086,1778426247.1209366,/big.txt,33947648,131072
178,178_none_phase_change_run20,none,phase_change,1087,1778426247.1223798,/big.txt,34078720,131072
178,178_none_phase_change_run20,none,phase_change,1088,1778426247.1238256,/big.txt,34209792,131072
178,178_none_phase_change_run20,none,phase_change,1089,1778426247.1252694,/big.txt,34340864,131072
178,178_none_phase_change_run20,none,phase_change,1090,1778426247.1267004,/big.txt,34471936,131072
178,178_none_phase_change_run20,none,phase_change,1091,1778426247.1281343,/big.txt,34603008,131072
178,178_none_phase_change_run20,none,phase_change,1092,1778426247.1295805,/big.txt,34734080,131072
178,178_none_phase_change_run20,none,phase_change,1093,1778426247.131034,/big.txt,34865152,131072
178,178_none_phase_change_run20,none,phase_change,1094,1778426247.1324635,/big.txt,34996224,131072
178,178_none_phase_change_run20,none,phase_change,1095,1778426247.1338828,/big.txt,35127296,131072
178,178_none_phase_change_run20,none,phase_change,1096,1778426247.1353369,/big.txt,35258368,131072
178,178_none_phase_change_run20,none,phase_change,1097,1778426247.136768,/big.txt,35389440,131072
178,178_none_phase_change_run20,none,phase_change,1098,1778426247.1382022,/big.txt,35520512,131072
178,178_none_phase_change_run20,none,phase_change,1099,1778426247.1396606,/big.txt,35651584,131072
178,178_none_phase_change_run20,none,phase_change,1100,1778426247.1410923,/big.txt,35782656,131072
178,178_none_phase_change_run20,none,phase_change,1101,1778426247.1425285,/big.txt,35913728,131072
178,178_none_phase_change_run20,none,phase_change,1102,1778426247.1439478,/big.txt,36044800,131072
178,178_none_phase_change_run20,none,phase_change,1103,1778426247.1453812,/big.txt,36175872,131072
178,178_none_phase_change_run20,none,phase_change,1104,1778426247.146816,/big.txt,36306944,131072
178,178_none_phase_change_run20,none,phase_change,1105,1778426247.148264,/big.txt,36438016,131072
178,178_none_phase_change_run20,none,phase_change,1106,1778426247.1496975,/big.txt,36569088,131072
178,178_none_phase_change_run20,none,phase_change,1107,1778426247.1511474,/big.txt,36700160,131072
178,178_none_phase_change_run20,none,phase_change,1108,1778426247.1525822,/big.txt,36831232,131072
178,178_none_phase_change_run20,none,phase_change,1109,1778426247.1540186,/big.txt,36962304,131072
178,178_none_phase_change_run20,none,phase_change,1110,1778426247.1554818,/big.txt,37093376,131072
178,178_none_phase_change_run20,none,phase_change,1111,1778426247.1569176,/big.txt,37224448,131072
178,178_none_phase_change_run20,none,phase_change,1112,1778426247.1583593,/big.txt,37355520,131072
178,178_none_phase_change_run20,none,phase_change,1113,1778426247.1597917,/big.txt,37486592,131072
178,178_none_phase_change_run20,none,phase_change,1114,1778426247.1612394,/big.txt,37617664,131072
178,178_none_phase_change_run20,none,phase_change,1115,1778426247.1626813,/big.txt,37748736,131072
178,178_none_phase_change_run20,none,phase_change,1116,1778426247.1641746,/big.txt,37879808,131072
178,178_none_phase_change_run20,none,phase_change,1117,1778426247.1655939,/big.txt,38010880,131072
178,178_none_phase_change_run20,none,phase_change,1118,1778426247.1670396,/big.txt,38141952,131072
178,178_none_phase_change_run20,none,phase_change,1119,1778426247.1684778,/big.txt,38273024,131072
178,178_none_phase_change_run20,none,phase_change,1120,1778426247.169915,/big.txt,38404096,131072
178,178_none_phase_change_run20,none,phase_change,1121,1778426247.1713626,/big.txt,38535168,131072
178,178_none_phase_change_run20,none,phase_change,1122,1778426247.1728146,/big.txt,38666240,131072
178,178_none_phase_change_run20,none,phase_change,1123,1778426247.1742501,/big.txt,38797312,131072
178,178_none_phase_change_run20,none,phase_change,1124,1778426247.1757085,/big.txt,38928384,131072
178,178_none_phase_change_run20,none,phase_change,1125,1778426247.1771488,/big.txt,39059456,131072
178,178_none_phase_change_run20,none,phase_change,1126,1778426247.1785748,/big.txt,39190528,131072
178,178_none_phase_change_run20,none,phase_change,1127,1778426247.1800346,/big.txt,39321600,131072
178,178_none_phase_change_run20,none,phase_change,1128,1778426247.1815124,/big.txt,39452672,131072
178,178_none_phase_change_run20,none,phase_change,1129,1778426247.1829526,/big.txt,39583744,131072
178,178_none_phase_change_run20,none,phase_change,1130,1778426247.1843925,/big.txt,39714816,131072
178,178_none_phase_change_run20,none,phase_change,1131,1778426247.1858234,/big.txt,39845888,131072
178,178_none_phase_change_run20,none,phase_change,1132,1778426247.1872597,/big.txt,39976960,131072
178,178_none_phase_change_run20,none,phase_change,1133,1778426247.1887097,/big.txt,40108032,131072
178,178_none_phase_change_run20,none,phase_change,1134,1778426247.19013,/big.txt,40239104,131072
178,178_none_phase_change_run20,none,phase_change,1135,1778426247.1915917,/big.txt,40370176,131072
178,178_none_phase_change_run20,none,phase_change,1136,1778426247.193026,/big.txt,40501248,131072
178,178_none_phase_change_run20,none,phase_change,1137,1778426247.1944501,/big.txt,40632320,131072
178,178_none_phase_change_run20,none,phase_change,1138,1778426247.1958902,/big.txt,40763392,131072
178,178_none_phase_change_run20,none,phase_change,1139,1778426247.1973433,/big.txt,40894464,131072
178,178_none_phase_change_run20,none,phase_change,1140,1778426247.19884,/big.txt,41025536,131072
178,178_none_phase_change_run20,none,phase_change,1141,1778426247.2002692,/big.txt,41156608,131072
178,178_none_phase_change_run20,none,phase_change,1142,1778426247.2016907,/big.txt,41287680,131072
178,178_none_phase_change_run20,none,phase_change,1143,1778426247.2031322,/big.txt,41418752,131072
178,178_none_phase_change_run20,none,phase_change,1144,1778426247.2045703,/big.txt,41549824,131072
178,178_none_phase_change_run20,none,phase_change,1145,1778426247.2060113,/big.txt,41680896,131072
178,178_none_phase_change_run20,none,phase_change,1146,1778426247.2074714,/big.txt,41811968,131072
178,178_none_phase_change_run20,none,phase_change,1147,1778426247.2089145,/big.txt,41943040,131072
178,178_none_phase_change_run20,none,phase_change,1148,1778426247.2103472,/big.txt,42074112,131072
178,178_none_phase_change_run20,none,phase_change,1149,1778426247.2118096,/big.txt,42205184,131072
178,178_none_phase_change_run20,none,phase_change,1150,1778426247.2132463,/big.txt,42336256,131072
178,178_none_phase_change_run20,none,phase_change,1151,1778426247.2146893,/big.txt,42467328,131072
178,178_none_phase_change_run20,none,phase_change,1152,1778426247.216149,/big.txt,42598400,131072
178,178_none_phase_change_run20,none,phase_change,1153,1778426247.217587,/big.txt,42729472,131072
178,178_none_phase_change_run20,none,phase_change,1154,1778426247.2190387,/big.txt,42860544,131072
178,178_none_phase_change_run20,none,phase_change,1155,1778426247.2204862,/big.txt,42991616,131072
178,178_none_phase_change_run20,none,phase_change,1156,1778426247.2219145,/big.txt,43122688,131072
178,178_none_phase_change_run20,none,phase_change,1157,1778426247.223356,/big.txt,43253760,131072
178,178_none_phase_change_run20,none,phase_change,1158,1778426247.2247987,/big.txt,43384832,131072
178,178_none_phase_change_run20,none,phase_change,1159,1778426247.2262213,/big.txt,43515904,131072
178,178_none_phase_change_run20,none,phase_change,1160,1778426247.227659,/big.txt,43646976,131072
178,178_none_phase_change_run20,none,phase_change,1161,1778426247.2290921,/big.txt,43778048,131072
178,178_none_phase_change_run20,none,phase_change,1162,1778426247.2305331,/big.txt,43909120,131072
178,178_none_phase_change_run20,none,phase_change,1163,1778426247.231944,/big.txt,44040192,131072
178,178_none_phase_change_run20,none,phase_change,1164,1778426247.233389,/big.txt,44171264,131072
178,178_none_phase_change_run20,none,phase_change,1165,1778426247.23483,/big.txt,44302336,131072
178,178_none_phase_change_run20,none,phase_change,1166,1778426247.2362747,/big.txt,44433408,131072
178,178_none_phase_change_run20,none,phase_change,1167,1778426247.2377064,/big.txt,44564480,131072
178,178_none_phase_change_run20,none,phase_change,1168,1778426247.239164,/big.txt,44695552,131072
178,178_none_phase_change_run20,none,phase_change,1169,1778426247.2405972,/big.txt,44826624,131072
178,178_none_phase_change_run20,none,phase_change,1170,1778426247.2420325,/big.txt,44957696,131072
178,178_none_phase_change_run20,none,phase_change,1171,1778426247.243482,/big.txt,45088768,131072
178,178_none_phase_change_run20,none,phase_change,1172,1778426247.2449214,/big.txt,45219840,131072
178,178_none_phase_change_run20,none,phase_change,1173,1778426247.2463508,/big.txt,45350912,131072
178,178_none_phase_change_run20,none,phase_change,1174,1778426247.2477975,/big.txt,45481984,131072
178,178_none_phase_change_run20,none,phase_change,1175,1778426247.2492557,/big.txt,45613056,131072
178,178_none_phase_change_run20,none,phase_change,1176,1778426247.2506988,/big.txt,45744128,131072
178,178_none_phase_change_run20,none,phase_change,1177,1778426247.2521625,/big.txt,45875200,131072
178,178_none_phase_change_run20,none,phase_change,1178,1778426247.2536323,/big.txt,46006272,131072
178,178_none_phase_change_run20,none,phase_change,1179,1778426247.255101,/big.txt,46137344,131072
178,178_none_phase_change_run20,none,phase_change,1180,1778426247.2565393,/big.txt,46268416,131072
178,178_none_phase_change_run20,none,phase_change,1181,1778426247.2579772,/big.txt,46399488,131072
178,178_none_phase_change_run20,none,phase_change,1182,1778426247.2594168,/big.txt,46530560,131072
178,178_none_phase_change_run20,none,phase_change,1183,1778426247.2608638,/big.txt,46661632,131072
178,178_none_phase_change_run20,none,phase_change,1184,1778426247.2622972,/big.txt,46792704,131072
178,178_none_phase_change_run20,none,phase_change,1185,1778426247.2637725,/big.txt,46923776,131072
178,178_none_phase_change_run20,none,phase_change,1186,1778426247.2652154,/big.txt,47054848,131072
178,178_none_phase_change_run20,none,phase_change,1187,1778426247.2666523,/big.txt,47185920,131072
178,178_none_phase_change_run20,none,phase_change,1188,1778426247.2681055,/big.txt,47316992,131072
178,178_none_phase_change_run20,none,phase_change,1189,1778426247.2695434,/big.txt,47448064,131072
178,178_none_phase_change_run20,none,phase_change,1190,1778426247.27099,/big.txt,47579136,131072
178,178_none_phase_change_run20,none,phase_change,1191,1778426247.2724385,/big.txt,47710208,131072
178,178_none_phase_change_run20,none,phase_change,1192,1778426247.2738814,/big.txt,47841280,131072
178,178_none_phase_change_run20,none,phase_change,1193,1778426247.275324,/big.txt,47972352,131072
178,178_none_phase_change_run20,none,phase_change,1194,1778426247.2767751,/big.txt,48103424,131072
178,178_none_phase_change_run20,none,phase_change,1195,1778426247.2781937,/big.txt,48234496,131072
178,178_none_phase_change_run20,none,phase_change,1196,1778426247.2796187,/big.txt,48365568,131072
178,178_none_phase_change_run20,none,phase_change,1197,1778426247.2810552,/big.txt,48496640,131072
178,178_none_phase_change_run20,none,phase_change,1198,1778426247.2824876,/big.txt,48627712,131072
178,178_none_phase_change_run20,none,phase_change,1199,1778426247.2838802,/big.txt,48758784,131072
178,178_none_phase_change_run20,none,phase_change,1200,1778426247.2853107,/big.txt,48889856,131072
178,178_none_phase_change_run20,none,phase_change,1201,1778426247.2867398,/big.txt,49020928,131072
178,178_none_phase_change_run20,none,phase_change,1202,1778426247.2882657,/big.txt,49152000,131072
178,178_none_phase_change_run20,none,phase_change,1203,1778426247.289692,/big.txt,49283072,131072
178,178_none_phase_change_run20,none,phase_change,1204,1778426247.29113,/big.txt,49414144,131072
178,178_none_phase_change_run20,none,phase_change,1205,1778426247.2925863,/big.txt,49545216,131072
178,178_none_phase_change_run20,none,phase_change,1206,1778426247.2940228,/big.txt,49676288,131072
178,178_none_phase_change_run20,none,phase_change,1207,1778426247.2954793,/big.txt,49807360,131072
178,178_none_phase_change_run20,none,phase_change,1208,1778426247.2969193,/big.txt,49938432,131072
178,178_none_phase_change_run20,none,phase_change,1209,1778426247.2983463,/big.txt,50069504,131072
178,178_none_phase_change_run20,none,phase_change,1210,1778426247.2997897,/big.txt,50200576,131072
178,178_none_phase_change_run20,none,phase_change,1211,1778426247.3012447,/big.txt,50331648,131072
178,178_none_phase_change_run20,none,phase_change,1212,1778426247.3026822,/big.txt,50462720,131072
178,178_none_phase_change_run20,none,phase_change,1213,1778426247.304159,/big.txt,50593792,131072
178,178_none_phase_change_run20,none,phase_change,1214,1778426247.3056107,/big.txt,50724864,131072
178,178_none_phase_change_run20,none,phase_change,1215,1778426247.307044,/big.txt,50855936,131072
178,178_none_phase_change_run20,none,phase_change,1216,1778426247.3084807,/big.txt,50987008,131072
178,178_none_phase_change_run20,none,phase_change,1217,1778426247.3099153,/big.txt,51118080,131072
178,178_none_phase_change_run20,none,phase_change,1218,1778426247.311348,/big.txt,51249152,131072
178,178_none_phase_change_run20,none,phase_change,1219,1778426247.3127832,/big.txt,51380224,131072
178,178_none_phase_change_run20,none,phase_change,1220,1778426247.3142223,/big.txt,51511296,131072
178,178_none_phase_change_run20,none,phase_change,1221,1778426247.3156784,/big.txt,51642368,131072
178,178_none_phase_change_run20,none,phase_change,1222,1778426247.3171163,/big.txt,51773440,131072
178,178_none_phase_change_run20,none,phase_change,1223,1778426247.3185363,/big.txt,51904512,131072
178,178_none_phase_change_run20,none,phase_change,1224,1778426247.319963,/big.txt,52035584,131072
178,178_none_phase_change_run20,none,phase_change,1225,1778426247.3214076,/big.txt,52166656,131072
178,178_none_phase_change_run20,none,phase_change,1226,1778426247.3228428,/big.txt,52297728,131072
178,178_none_phase_change_run20,none,phase_change,1227,1778426247.3242798,/big.txt,52428800,131072
178,178_none_phase_change_run20,none,phase_change,1228,1778426247.3257189,/big.txt,52559872,131072
178,178_none_phase_change_run20,none,phase_change,1229,1778426247.3271656,/big.txt,52690944,131072
178,178_none_phase_change_run20,none,phase_change,1230,1778426247.3286042,/big.txt,52822016,131072
178,178_none_phase_change_run20,none,phase_change,1231,1778426247.330031,/big.txt,52953088,131072
178,178_none_phase_change_run20,none,phase_change,1232,1778426247.3314703,/big.txt,53084160,131072
178,178_none_phase_change_run20,none,phase_change,1233,1778426247.3329096,/big.txt,53215232,131072
178,178_none_phase_change_run20,none,phase_change,1234,1778426247.3343477,/big.txt,53346304,131072
178,178_none_phase_change_run20,none,phase_change,1235,1778426247.335826,/big.txt,53477376,131072
178,178_none_phase_change_run20,none,phase_change,1236,1778426247.337313,/big.txt,53608448,131072
178,178_none_phase_change_run20,none,phase_change,1237,1778426247.3387427,/big.txt,53739520,131072
178,178_none_phase_change_run20,none,phase_change,1238,1778426247.3401809,/big.txt,53870592,131072
178,178_none_phase_change_run20,none,phase_change,1239,1778426247.3416176,/big.txt,54001664,131072
178,178_none_phase_change_run20,none,phase_change,1240,1778426247.3430426,/big.txt,54132736,131072
178,178_none_phase_change_run20,none,phase_change,1241,1778426247.3444884,/big.txt,54263808,131072
178,178_none_phase_change_run20,none,phase_change,1242,1778426247.345919,/big.txt,54394880,131072
178,178_none_phase_change_run20,none,phase_change,1243,1778426247.3473456,/big.txt,54525952,131072
178,178_none_phase_change_run20,none,phase_change,1244,1778426247.348774,/big.txt,54657024,131072
178,178_none_phase_change_run20,none,phase_change,1245,1778426247.3502178,/big.txt,54788096,131072
178,178_none_phase_change_run20,none,phase_change,1246,1778426247.3516638,/big.txt,54919168,131072
178,178_none_phase_change_run20,none,phase_change,1247,1778426247.353117,/big.txt,55050240,131072
178,178_none_phase_change_run20,none,phase_change,1248,1778426247.354547,/big.txt,55181312,131072
178,178_none_phase_change_run20,none,phase_change,1249,1778426247.3559544,/big.txt,55312384,131072
178,178_none_phase_change_run20,none,phase_change,1250,1778426247.3573906,/big.txt,55443456,131072
178,178_none_phase_change_run20,none,phase_change,1251,1778426247.3589642,/big.txt,55574528,131072
178,178_none_phase_change_run20,none,phase_change,1252,1778426247.3603895,/big.txt,55705600,131072
178,178_none_phase_change_run20,none,phase_change,1253,1778426247.3618116,/big.txt,55836672,131072
178,178_none_phase_change_run20,none,phase_change,1254,1778426247.3632524,/big.txt,55967744,131072
178,178_none_phase_change_run20,none,phase_change,1255,1778426247.3646865,/big.txt,56098816,131072
178,178_none_phase_change_run20,none,phase_change,1256,1778426247.3661284,/big.txt,56229888,131072
178,178_none_phase_change_run20,none,phase_change,1257,1778426247.367555,/big.txt,56360960,131072
178,178_none_phase_change_run20,none,phase_change,1258,1778426247.3689976,/big.txt,56492032,131072
178,178_none_phase_change_run20,none,phase_change,1259,1778426247.3704255,/big.txt,56623104,131072
178,178_none_phase_change_run20,none,phase_change,1260,1778426247.3718288,/big.txt,56754176,131072
178,178_none_phase_change_run20,none,phase_change,1261,1778426247.3732677,/big.txt,56885248,131072
178,178_none_phase_change_run20,none,phase_change,1262,1778426247.374686,/big.txt,57016320,131072
178,178_none_phase_change_run20,none,phase_change,1263,1778426247.3761818,/big.txt,57147392,131072
178,178_none_phase_change_run20,none,phase_change,1264,1778426247.377618,/big.txt,57278464,131072
178,178_none_phase_change_run20,none,phase_change,1265,1778426247.3790596,/big.txt,57409536,131072
178,178_none_phase_change_run20,none,phase_change,1266,1778426247.3804986,/big.txt,57540608,131072
178,178_none_phase_change_run20,none,phase_change,1267,1778426247.3819413,/big.txt,57671680,131072
178,178_none_phase_change_run20,none,phase_change,1268,1778426247.3833795,/big.txt,57802752,131072
178,178_none_phase_change_run20,none,phase_change,1269,1778426247.3848143,/big.txt,57933824,131072
178,178_none_phase_change_run20,none,phase_change,1270,1778426247.386246,/big.txt,58064896,131072
178,178_none_phase_change_run20,none,phase_change,1271,1778426247.3876984,/big.txt,58195968,131072
178,178_none_phase_change_run20,none,phase_change,1272,1778426247.3891413,/big.txt,58327040,131072
178,178_none_phase_change_run20,none,phase_change,1273,1778426247.3905675,/big.txt,58458112,131072
178,178_none_phase_change_run20,none,phase_change,1274,1778426247.3919802,/big.txt,58589184,131072
178,178_none_phase_change_run20,none,phase_change,1275,1778426247.3934147,/big.txt,58720256,131072
178,178_none_phase_change_run20,none,phase_change,1276,1778426247.394859,/big.txt,58851328,131072
178,178_none_phase_change_run20,none,phase_change,1277,1778426247.3962893,/big.txt,58982400,131072
178,178_none_phase_change_run20,none,phase_change,1278,1778426247.3977172,/big.txt,59113472,131072
178,178_none_phase_change_run20,none,phase_change,1279,1778426247.3991868,/big.txt,59244544,131072
178,178_none_phase_change_run20,none,phase_change,1280,1778426247.4006197,/big.txt,59375616,131072
178,178_none_phase_change_run20,none,phase_change,1281,1778426247.4020402,/big.txt,59506688,131072
178,178_none_phase_change_run20,none,phase_change,1282,1778426247.4034576,/big.txt,59637760,131072
178,178_none_phase_change_run20,none,phase_change,1283,1778426247.404892,/big.txt,59768832,131072
178,178_none_phase_change_run20,none,phase_change,1284,1778426247.4063184,/big.txt,59899904,131072
178,178_none_phase_change_run20,none,phase_change,1285,1778426247.4077654,/big.txt,60030976,131072
178,178_none_phase_change_run20,none,phase_change,1286,1778426247.409225,/big.txt,60162048,131072
178,178_none_phase_change_run20,none,phase_change,1287,1778426247.4106588,/big.txt,60293120,131072
178,178_none_phase_change_run20,none,phase_change,1288,1778426247.412135,/big.txt,60424192,131072
178,178_none_phase_change_run20,none,phase_change,1289,1778426247.4135852,/big.txt,60555264,131072
178,178_none_phase_change_run20,none,phase_change,1290,1778426247.4150481,/big.txt,60686336,131072
178,178_none_phase_change_run20,none,phase_change,1291,1778426247.4164844,/big.txt,60817408,131072
178,178_none_phase_change_run20,none,phase_change,1292,1778426247.4179263,/big.txt,60948480,131072
178,178_none_phase_change_run20,none,phase_change,1293,1778426247.4193575,/big.txt,61079552,131072
178,178_none_phase_change_run20,none,phase_change,1294,1778426247.4207957,/big.txt,61210624,131072
178,178_none_phase_change_run20,none,phase_change,1295,1778426247.4222376,/big.txt,61341696,131072
178,178_none_phase_change_run20,none,phase_change,1296,1778426247.4236708,/big.txt,61472768,131072
178,178_none_phase_change_run20,none,phase_change,1297,1778426247.4250977,/big.txt,61603840,131072
178,178_none_phase_change_run20,none,phase_change,1298,1778426247.426531,/big.txt,61734912,131072
178,178_none_phase_change_run20,none,phase_change,1299,1778426247.4279265,/big.txt,61865984,131072
178,178_none_phase_change_run20,none,phase_change,1300,1778426247.4293742,/big.txt,61997056,131072
178,178_none_phase_change_run20,none,phase_change,1301,1778426247.430828,/big.txt,62128128,131072
178,178_none_phase_change_run20,none,phase_change,1302,1778426247.4322586,/big.txt,62259200,131072
178,178_none_phase_change_run20,none,phase_change,1303,1778426247.4336832,/big.txt,62390272,131072
178,178_none_phase_change_run20,none,phase_change,1304,1778426247.4351213,/big.txt,62521344,131072
178,178_none_phase_change_run20,none,phase_change,1305,1778426247.4365578,/big.txt,62652416,131072
178,178_none_phase_change_run20,none,phase_change,1306,1778426247.4379869,/big.txt,62783488,131072
178,178_none_phase_change_run20,none,phase_change,1307,1778426247.4394217,/big.txt,62914560,131072
178,178_none_phase_change_run20,none,phase_change,1308,1778426247.4408484,/big.txt,63045632,131072
178,178_none_phase_change_run20,none,phase_change,1309,1778426247.4422832,/big.txt,63176704,131072
178,178_none_phase_change_run20,none,phase_change,1310,1778426247.4437516,/big.txt,63307776,131072
178,178_none_phase_change_run20,none,phase_change,1311,1778426247.4451754,/big.txt,63438848,131072
178,178_none_phase_change_run20,none,phase_change,1312,1778426247.4466035,/big.txt,63569920,131072
178,178_none_phase_change_run20,none,phase_change,1313,1778426247.4480677,/big.txt,63700992,131072
178,178_none_phase_change_run20,none,phase_change,1314,1778426247.449507,/big.txt,63832064,131072
178,178_none_phase_change_run20,none,phase_change,1315,1778426247.4509542,/big.txt,63963136,131072
178,178_none_phase_change_run20,none,phase_change,1316,1778426247.4523818,/big.txt,64094208,131072
178,178_none_phase_change_run20,none,phase_change,1317,1778426247.4538112,/big.txt,64225280,131072
178,178_none_phase_change_run20,none,phase_change,1318,1778426247.4553025,/big.txt,64356352,131072
178,178_none_phase_change_run20,none,phase_change,1319,1778426247.4567378,/big.txt,64487424,131072
178,178_none_phase_change_run20,none,phase_change,1320,1778426247.458162,/big.txt,64618496,131072
178,178_none_phase_change_run20,none,phase_change,1321,1778426247.4596045,/big.txt,64749568,131072
178,178_none_phase_change_run20,none,phase_change,1322,1778426247.4610312,/big.txt,64880640,131072
178,178_none_phase_change_run20,none,phase_change,1323,1778426247.4624522,/big.txt,65011712,131072
178,178_none_phase_change_run20,none,phase_change,1324,1778426247.463925,/big.txt,65142784,131072
178,178_none_phase_change_run20,none,phase_change,1325,1778426247.4654188,/big.txt,65273856,131072
178,178_none_phase_change_run20,none,phase_change,1326,1778426247.4668915,/big.txt,65404928,131072
178,178_none_phase_change_run20,none,phase_change,1327,1778426247.4683592,/big.txt,65536000,131072
178,178_none_phase_change_run20,none,phase_change,1328,1778426247.4698386,/big.txt,65667072,131072
178,178_none_phase_change_run20,none,phase_change,1329,1778426247.471339,/big.txt,65798144,131072
178,178_none_phase_change_run20,none,phase_change,1330,1778426247.472824,/big.txt,65929216,131072
178,178_none_phase_change_run20,none,phase_change,1331,1778426247.4742725,/big.txt,66060288,131072
178,178_none_phase_change_run20,none,phase_change,1332,1778426247.4757323,/big.txt,66191360,131072
178,178_none_phase_change_run20,none,phase_change,1333,1778426247.477191,/big.txt,66322432,131072
178,178_none_phase_change_run20,none,phase_change,1334,1778426247.4786298,/big.txt,66453504,131072
178,178_none_phase_change_run20,none,phase_change,1335,1778426247.4800928,/big.txt,66584576,131072
178,178_none_phase_change_run20,none,phase_change,1336,1778426247.4815755,/big.txt,66715648,131072
178,178_none_phase_change_run20,none,phase_change,1337,1778426247.4830215,/big.txt,66846720,131072
178,178_none_phase_change_run20,none,phase_change,1338,1778426247.4844801,/big.txt,66977792,131072
178,178_none_phase_change_run20,none,phase_change,1339,1778426247.4859424,/big.txt,67108864,131072
178,178_none_phase_change_run20,none,phase_change,1340,1778426247.4874048,/big.txt,67239936,131072
178,178_none_phase_change_run20,none,phase_change,1341,1778426247.4888453,/big.txt,67371008,131072
178,178_none_phase_change_run20,none,phase_change,1342,1778426247.4902864,/big.txt,67502080,131072
178,178_none_phase_change_run20,none,phase_change,1343,1778426247.4917426,/big.txt,67633152,131072
178,178_none_phase_change_run20,none,phase_change,1344,1778426247.4931808,/big.txt,67764224,131072
178,178_none_phase_change_run20,none,phase_change,1345,1778426247.4946065,/big.txt,67895296,131072
178,178_none_phase_change_run20,none,phase_change,1346,1778426247.496048,/big.txt,68026368,131072
178,178_none_phase_change_run20,none,phase_change,1347,1778426247.4974864,/big.txt,68157440,131072
178,178_none_phase_change_run20,none,phase_change,1348,1778426247.4989529,/big.txt,68288512,131072
178,178_none_phase_change_run20,none,phase_change,1349,1778426247.500379,/big.txt,68419584,131072
178,178_none_phase_change_run20,none,phase_change,1350,1778426247.5018187,/big.txt,68550656,131072
178,178_none_phase_change_run20,none,phase_change,1351,1778426247.50331,/big.txt,68681728,131072
178,178_none_phase_change_run20,none,phase_change,1352,1778426247.5047514,/big.txt,68812800,131072
178,178_none_phase_change_run20,none,phase_change,1353,1778426247.5061986,/big.txt,68943872,131072
178,178_none_phase_change_run20,none,phase_change,1354,1778426247.507637,/big.txt,69074944,131072
178,178_none_phase_change_run20,none,phase_change,1355,1778426247.5090704,/big.txt,69206016,131072
178,178_none_phase_change_run20,none,phase_change,1356,1778426247.5105119,/big.txt,69337088,131072
178,178_none_phase_change_run20,none,phase_change,1357,1778426247.5119102,/big.txt,69468160,131072
178,178_none_phase_change_run20,none,phase_change,1358,1778426247.5133488,/big.txt,69599232,131072
178,178_none_phase_change_run20,none,phase_change,1359,1778426247.5147955,/big.txt,69730304,131072
178,178_none_phase_change_run20,none,phase_change,1360,1778426247.5162263,/big.txt,69861376,131072
178,178_none_phase_change_run20,none,phase_change,1361,1778426247.5176516,/big.txt,69992448,131072
178,178_none_phase_change_run20,none,phase_change,1362,1778426247.5199516,/big.txt,70123520,131072
178,178_none_phase_change_run20,none,phase_change,1363,1778426247.5228698,/big.txt,70254592,131072
178,178_none_phase_change_run20,none,phase_change,1364,1778426247.5257564,/big.txt,70385664,131072
178,178_none_phase_change_run20,none,phase_change,1365,1778426247.528619,/big.txt,70516736,131072
178,178_none_phase_change_run20,none,phase_change,1366,1778426247.5310848,/big.txt,70647808,131072
178,178_none_phase_change_run20,none,phase_change,1367,1778426247.5325139,/big.txt,70778880,131072
178,178_none_phase_change_run20,none,phase_change,1368,1778426247.5339513,/big.txt,70909952,131072
178,178_none_phase_change_run20,none,phase_change,1369,1778426247.5354125,/big.txt,71041024,131072
178,178_none_phase_change_run20,none,phase_change,1370,1778426247.5368474,/big.txt,71172096,131072
178,178_none_phase_change_run20,none,phase_change,1371,1778426247.5382822,/big.txt,71303168,131072
178,178_none_phase_change_run20,none,phase_change,1372,1778426247.5397563,/big.txt,71434240,131072
178,178_none_phase_change_run20,none,phase_change,1373,1778426247.541197,/big.txt,71565312,131072
178,178_none_phase_change_run20,none,phase_change,1374,1778426247.5426414,/big.txt,71696384,131072
178,178_none_phase_change_run20,none,phase_change,1375,1778426247.5441194,/big.txt,71827456,131072
178,178_none_phase_change_run20,none,phase_change,1376,1778426247.545554,/big.txt,71958528,131072
178,178_none_phase_change_run20,none,phase_change,1377,1778426247.5470939,/big.txt,72089600,131072
178,178_none_phase_change_run20,none,phase_change,1378,1778426247.548522,/big.txt,72220672,131072
178,178_none_phase_change_run20,none,phase_change,1379,1778426247.549951,/big.txt,72351744,131072
178,178_none_phase_change_run20,none,phase_change,1380,1778426247.5513918,/big.txt,72482816,131072
178,178_none_phase_change_run20,none,phase_change,1381,1778426247.5528412,/big.txt,72613888,131072
178,178_none_phase_change_run20,none,phase_change,1382,1778426247.5542698,/big.txt,72744960,131072
178,178_none_phase_change_run20,none,phase_change,1383,1778426247.5557451,/big.txt,72876032,131072
178,178_none_phase_change_run20,none,phase_change,1384,1778426247.5571814,/big.txt,73007104,131072
178,178_none_phase_change_run20,none,phase_change,1385,1778426247.5586135,/big.txt,73138176,131072
178,178_none_phase_change_run20,none,phase_change,1386,1778426247.5600932,/big.txt,73269248,131072
178,178_none_phase_change_run20,none,phase_change,1387,1778426247.561531,/big.txt,73400320,131072
178,178_none_phase_change_run20,none,phase_change,1388,1778426247.563001,/big.txt,73531392,131072
178,178_none_phase_change_run20,none,phase_change,1389,1778426247.5644429,/big.txt,73662464,131072
178,178_none_phase_change_run20,none,phase_change,1390,1778426247.5658824,/big.txt,73793536,131072
178,178_none_phase_change_run20,none,phase_change,1391,1778426247.5673237,/big.txt,73924608,131072
178,178_none_phase_change_run20,none,phase_change,1392,1778426247.5687788,/big.txt,74055680,131072
178,178_none_phase_change_run20,none,phase_change,1393,1778426247.5702312,/big.txt,74186752,131072
178,178_none_phase_change_run20,none,phase_change,1394,1778426247.5716949,/big.txt,74317824,131072
178,178_none_phase_change_run20,none,phase_change,1395,1778426247.5731294,/big.txt,74448896,131072
178,178_none_phase_change_run20,none,phase_change,1396,1778426247.5745623,/big.txt,74579968,131072
178,178_none_phase_change_run20,none,phase_change,1397,1778426247.5759857,/big.txt,74711040,131072
178,178_none_phase_change_run20,none,phase_change,1398,1778426247.5774243,/big.txt,74842112,131072
178,178_none_phase_change_run20,none,phase_change,1399,1778426247.5789325,/big.txt,74973184,131072
178,178_none_phase_change_run20,none,phase_change,1400,1778426247.5803754,/big.txt,75104256,131072
178,178_none_phase_change_run20,none,phase_change,1401,1778426247.581807,/big.txt,75235328,131072
178,178_none_phase_change_run20,none,phase_change,1402,1778426247.5832374,/big.txt,75366400,131072
178,178_none_phase_change_run20,none,phase_change,1403,1778426247.5846853,/big.txt,75497472,131072
178,178_none_phase_change_run20,none,phase_change,1404,1778426247.5861225,/big.txt,75628544,131072
178,178_none_phase_change_run20,none,phase_change,1405,1778426247.5875661,/big.txt,75759616,131072
178,178_none_phase_change_run20,none,phase_change,1406,1778426247.5890133,/big.txt,75890688,131072
178,178_none_phase_change_run20,none,phase_change,1407,1778426247.590465,/big.txt,76021760,131072
178,178_none_phase_change_run20,none,phase_change,1408,1778426247.59188,/big.txt,76152832,131072
178,178_none_phase_change_run20,none,phase_change,1409,1778426247.5933194,/big.txt,76283904,131072
178,178_none_phase_change_run20,none,phase_change,1410,1778426247.5947678,/big.txt,76414976,131072
178,178_none_phase_change_run20,none,phase_change,1411,1778426247.5962265,/big.txt,76546048,131072
178,178_none_phase_change_run20,none,phase_change,1412,1778426247.597669,/big.txt,76677120,131072
178,178_none_phase_change_run20,none,phase_change,1413,1778426247.5991187,/big.txt,76808192,131072
178,178_none_phase_change_run20,none,phase_change,1414,1778426247.6005495,/big.txt,76939264,131072
178,178_none_phase_change_run20,none,phase_change,1415,1778426247.6019924,/big.txt,77070336,131072
178,178_none_phase_change_run20,none,phase_change,1416,1778426247.6034336,/big.txt,77201408,131072
178,178_none_phase_change_run20,none,phase_change,1417,1778426247.604874,/big.txt,77332480,131072
178,178_none_phase_change_run20,none,phase_change,1418,1778426247.6063137,/big.txt,77463552,131072
178,178_none_phase_change_run20,none,phase_change,1419,1778426247.6077752,/big.txt,77594624,131072
178,178_none_phase_change_run20,none,phase_change,1420,1778426247.609222,/big.txt,77725696,131072
178,178_none_phase_change_run20,none,phase_change,1421,1778426247.6106637,/big.txt,77856768,131072
178,178_none_phase_change_run20,none,phase_change,1422,1778426247.6120937,/big.txt,77987840,131072
178,178_none_phase_change_run20,none,phase_change,1423,1778426247.6135302,/big.txt,78118912,131072
178,178_none_phase_change_run20,none,phase_change,1424,1778426247.615064,/big.txt,78249984,131072
178,178_none_phase_change_run20,none,phase_change,1425,1778426247.6165073,/big.txt,78381056,131072
178,178_none_phase_change_run20,none,phase_change,1426,1778426247.6179438,/big.txt,78512128,131072
178,178_none_phase_change_run20,none,phase_change,1427,1778426247.6193852,/big.txt,78643200,131072
178,178_none_phase_change_run20,none,phase_change,1428,1778426247.6208215,/big.txt,78774272,131072
178,178_none_phase_change_run20,none,phase_change,1429,1778426247.622259,/big.txt,78905344,131072
178,178_none_phase_change_run20,none,phase_change,1430,1778426247.6237118,/big.txt,79036416,131072
178,178_none_phase_change_run20,none,phase_change,1431,1778426247.6251504,/big.txt,79167488,131072
178,178_none_phase_change_run20,none,phase_change,1432,1778426247.6265829,/big.txt,79298560,131072
178,178_none_phase_change_run20,none,phase_change,1433,1778426247.6280346,/big.txt,79429632,131072
178,178_none_phase_change_run20,none,phase_change,1434,1778426247.6294813,/big.txt,79560704,131072
178,178_none_phase_change_run20,none,phase_change,1435,1778426247.6309996,/big.txt,79691776,131072
178,178_none_phase_change_run20,none,phase_change,1436,1778426247.6324365,/big.txt,79822848,131072
178,178_none_phase_change_run20,none,phase_change,1437,1778426247.6338716,/big.txt,79953920,131072
178,178_none_phase_change_run20,none,phase_change,1438,1778426247.6353257,/big.txt,80084992,131072
178,178_none_phase_change_run20,none,phase_change,1439,1778426247.6367729,/big.txt,80216064,131072
178,178_none_phase_change_run20,none,phase_change,1440,1778426247.63819,/big.txt,80347136,131072
178,178_none_phase_change_run20,none,phase_change,1441,1778426247.6396246,/big.txt,80478208,131072
178,178_none_phase_change_run20,none,phase_change,1442,1778426247.6410751,/big.txt,80609280,131072
178,178_none_phase_change_run20,none,phase_change,1443,1778426247.6424956,/big.txt,80740352,131072
178,178_none_phase_change_run20,none,phase_change,1444,1778426247.6439118,/big.txt,80871424,131072
178,178_none_phase_change_run20,none,phase_change,1445,1778426247.6453488,/big.txt,81002496,131072
178,178_none_phase_change_run20,none,phase_change,1446,1778426247.646872,/big.txt,81133568,131072
178,178_none_phase_change_run20,none,phase_change,1447,1778426247.6483161,/big.txt,81264640,131072
178,178_none_phase_change_run20,none,phase_change,1448,1778426247.6497467,/big.txt,81395712,131072
178,178_none_phase_change_run20,none,phase_change,1449,1778426247.6511898,/big.txt,81526784,131072
178,178_none_phase_change_run20,none,phase_change,1450,1778426247.6526108,/big.txt,81657856,131072
178,178_none_phase_change_run20,none,phase_change,1451,1778426247.6540408,/big.txt,81788928,131072
178,178_none_phase_change_run20,none,phase_change,1452,1778426247.6554985,/big.txt,81920000,131072
178,178_none_phase_change_run20,none,phase_change,1453,1778426247.6569538,/big.txt,82051072,131072
178,178_none_phase_change_run20,none,phase_change,1454,1778426247.6583722,/big.txt,82182144,131072
178,178_none_phase_change_run20,none,phase_change,1455,1778426247.6598082,/big.txt,82313216,131072
178,178_none_phase_change_run20,none,phase_change,1456,1778426247.6612449,/big.txt,82444288,131072
178,178_none_phase_change_run20,none,phase_change,1457,1778426247.66267,/big.txt,82575360,131072
178,178_none_phase_change_run20,none,phase_change,1458,1778426247.6641302,/big.txt,82706432,131072
178,178_none_phase_change_run20,none,phase_change,1459,1778426247.6655588,/big.txt,82837504,131072
178,178_none_phase_change_run20,none,phase_change,1460,1778426247.6669915,/big.txt,82968576,131072
178,178_none_phase_change_run20,none,phase_change,1461,1778426247.6684282,/big.txt,83099648,131072
178,178_none_phase_change_run20,none,phase_change,1462,1778426247.6698709,/big.txt,83230720,131072
178,178_none_phase_change_run20,none,phase_change,1463,1778426247.671367,/big.txt,83361792,131072
178,178_none_phase_change_run20,none,phase_change,1464,1778426247.6728265,/big.txt,83492864,131072
178,178_none_phase_change_run20,none,phase_change,1465,1778426247.6742706,/big.txt,83623936,131072
178,178_none_phase_change_run20,none,phase_change,1466,1778426247.675717,/big.txt,83755008,131072
178,178_none_phase_change_run20,none,phase_change,1467,1778426247.6771548,/big.txt,83886080,131072
178,178_none_phase_change_run20,none,phase_change,1468,1778426247.6785707,/big.txt,84017152,131072
178,178_none_phase_change_run20,none,phase_change,1469,1778426247.6799877,/big.txt,84148224,131072
178,178_none_phase_change_run20,none,phase_change,1470,1778426247.6814244,/big.txt,84279296,131072
178,178_none_phase_change_run20,none,phase_change,1471,1778426247.6829798,/big.txt,84410368,131072
178,178_none_phase_change_run20,none,phase_change,1472,1778426247.6844113,/big.txt,84541440,131072
178,178_none_phase_change_run20,none,phase_change,1473,1778426247.6858459,/big.txt,84672512,131072
178,178_none_phase_change_run20,none,phase_change,1474,1778426247.6872869,/big.txt,84803584,131072
178,178_none_phase_change_run20,none,phase_change,1475,1778426247.6887367,/big.txt,84934656,131072
178,178_none_phase_change_run20,none,phase_change,1476,1778426247.6901584,/big.txt,85065728,131072
178,178_none_phase_change_run20,none,phase_change,1477,1778426247.6915936,/big.txt,85196800,131072
178,178_none_phase_change_run20,none,phase_change,1478,1778426247.6930382,/big.txt,85327872,131072
178,178_none_phase_change_run20,none,phase_change,1479,1778426247.6944737,/big.txt,85458944,131072
178,178_none_phase_change_run20,none,phase_change,1480,1778426247.695896,/big.txt,85590016,131072
178,178_none_phase_change_run20,none,phase_change,1481,1778426247.6973326,/big.txt,85721088,131072
178,178_none_phase_change_run20,none,phase_change,1482,1778426247.6987672,/big.txt,85852160,131072
178,178_none_phase_change_run20,none,phase_change,1483,1778426247.7002053,/big.txt,85983232,131072
178,178_none_phase_change_run20,none,phase_change,1484,1778426247.7016351,/big.txt,86114304,131072
178,178_none_phase_change_run20,none,phase_change,1485,1778426247.7030776,/big.txt,86245376,131072
178,178_none_phase_change_run20,none,phase_change,1486,1778426247.704527,/big.txt,86376448,131072
178,178_none_phase_change_run20,none,phase_change,1487,1778426247.7059567,/big.txt,86507520,131072
178,178_none_phase_change_run20,none,phase_change,1488,1778426247.7073972,/big.txt,86638592,131072
178,178_none_phase_change_run20,none,phase_change,1489,1778426247.7088401,/big.txt,86769664,131072
178,178_none_phase_change_run20,none,phase_change,1490,1778426247.7102787,/big.txt,86900736,131072
178,178_none_phase_change_run20,none,phase_change,1491,1778426247.711739,/big.txt,87031808,131072
178,178_none_phase_change_run20,none,phase_change,1492,1778426247.713185,/big.txt,87162880,131072
178,178_none_phase_change_run20,none,phase_change,1493,1778426247.714626,/big.txt,87293952,131072
178,178_none_phase_change_run20,none,phase_change,1494,1778426247.716092,/big.txt,87425024,131072
178,178_none_phase_change_run20,none,phase_change,1495,1778426247.7175286,/big.txt,87556096,131072
178,178_none_phase_change_run20,none,phase_change,1496,1778426247.719033,/big.txt,87687168,131072
178,178_none_phase_change_run20,none,phase_change,1497,1778426247.7204626,/big.txt,87818240,131072
178,178_none_phase_change_run20,none,phase_change,1498,1778426247.7219088,/big.txt,87949312,131072
178,178_none_phase_change_run20,none,phase_change,1499,1778426247.7233663,/big.txt,88080384,131072
178,178_none_phase_change_run20,none,phase_change,1500,1778426247.7248032,/big.txt,88211456,131072
178,178_none_phase_change_run20,none,phase_change,1501,1778426247.726245,/big.txt,88342528,131072
178,178_none_phase_change_run20,none,phase_change,1502,1778426247.7277138,/big.txt,88473600,131072
178,178_none_phase_change_run20,none,phase_change,1503,1778426247.7291589,/big.txt,88604672,131072
178,178_none_phase_change_run20,none,phase_change,1504,1778426247.7305984,/big.txt,88735744,131072
178,178_none_phase_change_run20,none,phase_change,1505,1778426247.7321713,/big.txt,88866816,131072
178,178_none_phase_change_run20,none,phase_change,1506,1778426247.7335958,/big.txt,88997888,131072
178,178_none_phase_change_run20,none,phase_change,1507,1778426247.735036,/big.txt,89128960,131072
178,178_none_phase_change_run20,none,phase_change,1508,1778426247.7364845,/big.txt,89260032,131072
178,178_none_phase_change_run20,none,phase_change,1509,1778426247.7379131,/big.txt,89391104,131072
178,178_none_phase_change_run20,none,phase_change,1510,1778426247.7393608,/big.txt,89522176,131072
178,178_none_phase_change_run20,none,phase_change,1511,1778426247.740802,/big.txt,89653248,131072
178,178_none_phase_change_run20,none,phase_change,1512,1778426247.742229,/big.txt,89784320,131072
178,178_none_phase_change_run20,none,phase_change,1513,1778426247.7436993,/big.txt,89915392,131072
178,178_none_phase_change_run20,none,phase_change,1514,1778426247.7451522,/big.txt,90046464,131072
178,178_none_phase_change_run20,none,phase_change,1515,1778426247.7465835,/big.txt,90177536,131072
178,178_none_phase_change_run20,none,phase_change,1516,1778426247.7480342,/big.txt,90308608,131072
178,178_none_phase_change_run20,none,phase_change,1517,1778426247.749473,/big.txt,90439680,131072
178,178_none_phase_change_run20,none,phase_change,1518,1778426247.7509212,/big.txt,90570752,131072
178,178_none_phase_change_run20,none,phase_change,1519,1778426247.75237,/big.txt,90701824,131072
178,178_none_phase_change_run20,none,phase_change,1520,1778426247.7538104,/big.txt,90832896,131072
178,178_none_phase_change_run20,none,phase_change,1521,1778426247.7553341,/big.txt,90963968,131072
178,178_none_phase_change_run20,none,phase_change,1522,1778426247.756774,/big.txt,91095040,131072
178,178_none_phase_change_run20,none,phase_change,1523,1778426247.758208,/big.txt,91226112,131072
178,178_none_phase_change_run20,none,phase_change,1524,1778426247.759664,/big.txt,91357184,131072
178,178_none_phase_change_run20,none,phase_change,1525,1778426247.7611165,/big.txt,91488256,131072
178,178_none_phase_change_run20,none,phase_change,1526,1778426247.762544,/big.txt,91619328,131072
178,178_none_phase_change_run20,none,phase_change,1527,1778426247.7639587,/big.txt,91750400,131072
178,178_none_phase_change_run20,none,phase_change,1528,1778426247.7653904,/big.txt,91881472,131072
178,178_none_phase_change_run20,none,phase_change,1529,1778426247.766832,/big.txt,92012544,131072
178,178_none_phase_change_run20,none,phase_change,1530,1778426247.7682683,/big.txt,92143616,131072
178,178_none_phase_change_run20,none,phase_change,1531,1778426247.7696986,/big.txt,92274688,131072
178,178_none_phase_change_run20,none,phase_change,1532,1778426247.771237,/big.txt,92405760,131072
178,178_none_phase_change_run20,none,phase_change,1533,1778426247.772669,/big.txt,92536832,131072
178,178_none_phase_change_run20,none,phase_change,1534,1778426247.774102,/big.txt,92667904,131072
178,178_none_phase_change_run20,none,phase_change,1535,1778426247.7755425,/big.txt,92798976,131072
178,178_none_phase_change_run20,none,phase_change,1536,1778426247.7769806,/big.txt,92930048,131072
178,178_none_phase_change_run20,none,phase_change,1537,1778426247.7784088,/big.txt,93061120,131072
178,178_none_phase_change_run20,none,phase_change,1538,1778426247.77985,/big.txt,93192192,131072
178,178_none_phase_change_run20,none,phase_change,1539,1778426247.7812877,/big.txt,93323264,131072
178,178_none_phase_change_run20,none,phase_change,1540,1778426247.7827199,/big.txt,93454336,131072
178,178_none_phase_change_run20,none,phase_change,1541,1778426247.7841353,/big.txt,93585408,131072
178,178_none_phase_change_run20,none,phase_change,1542,1778426247.785589,/big.txt,93716480,131072
178,178_none_phase_change_run20,none,phase_change,1543,1778426247.787053,/big.txt,93847552,131072
178,178_none_phase_change_run20,none,phase_change,1544,1778426247.788488,/big.txt,93978624,131072
178,178_none_phase_change_run20,none,phase_change,1545,1778426247.789936,/big.txt,94109696,131072
178,178_none_phase_change_run20,none,phase_change,1546,1778426247.7913888,/big.txt,94240768,131072
178,178_none_phase_change_run20,none,phase_change,1547,1778426247.792831,/big.txt,94371840,131072
178,178_none_phase_change_run20,none,phase_change,1548,1778426247.7942805,/big.txt,94502912,131072
178,178_none_phase_change_run20,none,phase_change,1549,1778426247.7957182,/big.txt,94633984,131072
178,178_none_phase_change_run20,none,phase_change,1550,1778426247.7971668,/big.txt,94765056,131072
178,178_none_phase_change_run20,none,phase_change,1551,1778426247.7986002,/big.txt,94896128,131072
178,178_none_phase_change_run20,none,phase_change,1552,1778426247.8001266,/big.txt,95027200,131072
178,178_none_phase_change_run20,none,phase_change,1553,1778426247.8015614,/big.txt,95158272,131072
178,178_none_phase_change_run20,none,phase_change,1554,1778426247.803002,/big.txt,95289344,131072
178,178_none_phase_change_run20,none,phase_change,1555,1778426247.8044448,/big.txt,95420416,131072
178,178_none_phase_change_run20,none,phase_change,1556,1778426247.80589,/big.txt,95551488,131072
178,178_none_phase_change_run20,none,phase_change,1557,1778426247.8073375,/big.txt,95682560,131072
178,178_none_phase_change_run20,none,phase_change,1558,1778426247.8087804,/big.txt,95813632,131072
178,178_none_phase_change_run20,none,phase_change,1559,1778426247.8102078,/big.txt,95944704,131072
178,178_none_phase_change_run20,none,phase_change,1560,1778426247.8116467,/big.txt,96075776,131072
178,178_none_phase_change_run20,none,phase_change,1561,1778426247.8130941,/big.txt,96206848,131072
178,178_none_phase_change_run20,none,phase_change,1562,1778426247.8145244,/big.txt,96337920,131072
178,178_none_phase_change_run20,none,phase_change,1563,1778426247.8159304,/big.txt,96468992,131072
178,178_none_phase_change_run20,none,phase_change,1564,1778426247.8173745,/big.txt,96600064,131072
178,178_none_phase_change_run20,none,phase_change,1565,1778426247.8188689,/big.txt,96731136,131072
178,178_none_phase_change_run20,none,phase_change,1566,1778426247.8203156,/big.txt,96862208,131072
178,178_none_phase_change_run20,none,phase_change,1567,1778426247.8217566,/big.txt,96993280,131072
178,178_none_phase_change_run20,none,phase_change,1568,1778426247.8232005,/big.txt,97124352,131072
178,178_none_phase_change_run20,none,phase_change,1569,1778426247.8246346,/big.txt,97255424,131072
178,178_none_phase_change_run20,none,phase_change,1570,1778426247.8260636,/big.txt,97386496,131072
178,178_none_phase_change_run20,none,phase_change,1571,1778426247.8275142,/big.txt,97517568,131072
178,178_none_phase_change_run20,none,phase_change,1572,1778426247.828939,/big.txt,97648640,131072
178,178_none_phase_change_run20,none,phase_change,1573,1778426247.8303697,/big.txt,97779712,131072
178,178_none_phase_change_run20,none,phase_change,1574,1778426247.8317988,/big.txt,97910784,131072
178,178_none_phase_change_run20,none,phase_change,1575,1778426247.833247,/big.txt,98041856,131072
178,178_none_phase_change_run20,none,phase_change,1576,1778426247.8346832,/big.txt,98172928,131072
178,178_none_phase_change_run20,none,phase_change,1577,1778426247.836132,/big.txt,98304000,131072
178,178_none_phase_change_run20,none,phase_change,1578,1778426247.8375623,/big.txt,98435072,131072
178,178_none_phase_change_run20,none,phase_change,1579,1778426247.8390296,/big.txt,98566144,131072
178,178_none_phase_change_run20,none,phase_change,1580,1778426247.8404737,/big.txt,98697216,131072
178,178_none_phase_change_run20,none,phase_change,1581,1778426247.8419123,/big.txt,98828288,131072
178,178_none_phase_change_run20,none,phase_change,1582,1778426247.8433635,/big.txt,98959360,131072
178,178_none_phase_change_run20,none,phase_change,1583,1778426247.8448033,/big.txt,99090432,131072
178,178_none_phase_change_run20,none,phase_change,1584,1778426247.8462296,/big.txt,99221504,131072
178,178_none_phase_change_run20,none,phase_change,1585,1778426247.8477051,/big.txt,99352576,131072
178,178_none_phase_change_run20,none,phase_change,1586,1778426247.8491564,/big.txt,99483648,131072
178,178_none_phase_change_run20,none,phase_change,1587,1778426247.850609,/big.txt,99614720,131072
178,178_none_phase_change_run20,none,phase_change,1588,1778426247.8521209,/big.txt,99745792,131072
178,178_none_phase_change_run20,none,phase_change,1589,1778426247.8535638,/big.txt,99876864,131072
178,178_none_phase_change_run20,none,phase_change,1590,1778426247.8550024,/big.txt,100007936,131072
178,178_none_phase_change_run20,none,phase_change,1591,1778426247.856431,/big.txt,100139008,131072
178,178_none_phase_change_run20,none,phase_change,1592,1778426247.857864,/big.txt,100270080,131072
178,178_none_phase_change_run20,none,phase_change,1593,1778426247.859291,/big.txt,100401152,131072
178,178_none_phase_change_run20,none,phase_change,1594,1778426247.860724,/big.txt,100532224,131072
178,178_none_phase_change_run20,none,phase_change,1595,1778426247.86215,/big.txt,100663296,131072
178,178_none_phase_change_run20,none,phase_change,1596,1778426247.8635938,/big.txt,100794368,131072
178,178_none_phase_change_run20,none,phase_change,1597,1778426247.865026,/big.txt,100925440,131072
178,178_none_phase_change_run20,none,phase_change,1598,1778426247.8664646,/big.txt,101056512,131072
178,178_none_phase_change_run20,none,phase_change,1599,1778426247.8678644,/big.txt,101187584,131072
178,178_none_phase_change_run20,none,phase_change,1600,1778426247.8693113,/big.txt,101318656,131072
178,178_none_phase_change_run20,none,phase_change,1601,1778426247.870735,/big.txt,101449728,131072
178,178_none_phase_change_run20,none,phase_change,1602,1778426247.8722317,/big.txt,101580800,131072
178,178_none_phase_change_run20,none,phase_change,1603,1778426247.8736658,/big.txt,101711872,131072
178,178_none_phase_change_run20,none,phase_change,1604,1778426247.875116,/big.txt,101842944,131072
178,178_none_phase_change_run20,none,phase_change,1605,1778426247.8765516,/big.txt,101974016,131072
178,178_none_phase_change_run20,none,phase_change,1606,1778426247.877991,/big.txt,102105088,131072
178,178_none_phase_change_run20,none,phase_change,1607,1778426247.8794413,/big.txt,102236160,131072
178,178_none_phase_change_run20,none,phase_change,1608,1778426247.8808815,/big.txt,102367232,131072
178,178_none_phase_change_run20,none,phase_change,1609,1778426247.8823123,/big.txt,102498304,131072
178,178_none_phase_change_run20,none,phase_change,1610,1778426247.8838005,/big.txt,102629376,131072
178,178_none_phase_change_run20,none,phase_change,1611,1778426247.8852448,/big.txt,102760448,131072
178,178_none_phase_change_run20,none,phase_change,1612,1778426247.886682,/big.txt,102891520,131072
178,178_none_phase_change_run20,none,phase_change,1613,1778426247.8881247,/big.txt,103022592,131072
178,178_none_phase_change_run20,none,phase_change,1614,1778426247.8895514,/big.txt,103153664,131072
178,178_none_phase_change_run20,none,phase_change,1615,1778426247.8909912,/big.txt,103284736,131072
178,178_none_phase_change_run20,none,phase_change,1616,1778426247.892434,/big.txt,103415808,131072
178,178_none_phase_change_run20,none,phase_change,1617,1778426247.8938541,/big.txt,103546880,131072
178,178_none_phase_change_run20,none,phase_change,1618,1778426247.8953552,/big.txt,103677952,131072
178,178_none_phase_change_run20,none,phase_change,1619,1778426247.8968,/big.txt,103809024,131072
178,178_none_phase_change_run20,none,phase_change,1620,1778426247.898226,/big.txt,103940096,131072
178,178_none_phase_change_run20,none,phase_change,1621,1778426247.8997004,/big.txt,104071168,131072
178,178_none_phase_change_run20,none,phase_change,1622,1778426247.9011378,/big.txt,104202240,131072
178,178_none_phase_change_run20,none,phase_change,1623,1778426247.9025743,/big.txt,104333312,131072
178,178_none_phase_change_run20,none,phase_change,1624,1778426247.9040248,/big.txt,104464384,131072
178,178_none_phase_change_run20,none,phase_change,1625,1778426247.9054747,/big.txt,104595456,131072
178,178_none_phase_change_run20,none,phase_change,1626,1778426247.9069908,/big.txt,104726528,131072
178,178_none_phase_change_run20,none,phase_change,1627,1778426247.9071321,/big.txt,104857600,0
