run_index,run_label,mode,workload,timestamp,path,offset,size,phase,confidence,decay_rate,seek_delta,prefetch,prefetch_offset,prefetch_size,prefetch_depth
176,176_baseline_sequential_run16,baseline,sequential,1778258908.6910765,/big.txt,0,131072,unknown,0.0000,0.0000,0,1,131072,4096,1
176,176_baseline_sequential_run16,baseline,sequential,1778258908.6916962,/big.txt,131072,131072,sequential,1.0000,0.0000,0,1,262144,4096,1
176,176_baseline_sequential_run16,baseline,sequential,1778258908.6920981,/big.txt,262144,131072,sequential,1.0000,0.0000,0,1,393216,4096,1
176,176_baseline_sequential_run16,baseline,sequential,1778258908.6924925,/big.txt,393216,131072,sequential,1.0000,0.0000,0,1,524288,4096,1
176,176_baseline_sequential_run16,baseline,sequential,1778258908.6928887,/big.txt,524288,131072,sequential,1.0000,0.0000,0,1,655360,4096,1
176,176_baseline_sequential_run16,baseline,sequential,1778258908.6932092,/big.txt,655360,131072,sequential,1.0000,0.0000,0,1,786432,4096,1
176,176_baseline_sequential_run16,baseline,sequential,1778258908.6935158,/big.txt,786432,131072,sequential,1.0000,0.0000,0,1,917504,4096,1
176,176_baseline_sequential_run16,baseline,sequential,1778258908.6940336,/big.txt,917504,131072,sequential,1.0000,0.0000,0,1,1048576,4096,1
176,176_baseline_sequential_run16,baseline,sequential,1778258908.6943119,/big.txt,1048576,131072,sequential,1.0000,0.0000,0,1,1179648,4096,1
176,176_baseline_sequential_run16,baseline,sequential,1778258908.6945794,/big.txt,1179648,131072,sequential,1.0000,0.0000,0,1,1310720,4096,1
176,176_baseline_sequential_run16,baseline,sequential,1778258908.69483,/big.txt,1310720,131072,sequential,1.0000,0.0000,0,1,1441792,4096,1
176,176_baseline_sequential_run16,baseline,sequential,1778258908.6951168,/big.txt,1441792,131072,sequential,1.0000,0.0000,0,1,1572864,4096,1
176,176_baseline_sequential_run16,baseline,sequential,1778258908.6953938,/big.txt,1572864,131072,sequential,1.0000,0.0000,0,1,1703936,4096,1
176,176_baseline_sequential_run16,baseline,sequential,1778258908.6956701,/big.txt,1703936,131072,sequential,1.0000,0.0000,0,1,1835008,4096,1
176,176_baseline_sequential_run16,baseline,sequential,1778258908.6959448,/big.txt,1835008,131072,sequential,1.0000,0.0000,0,1,1966080,4096,1
176,176_baseline_sequential_run16,baseline,sequential,1778258908.6962283,/big.txt,1966080,131072,sequential,1.0000,0.0000,0,1,2097152,4096,1
176,176_baseline_sequential_run16,baseline,sequential,1778258908.6965067,/big.txt,2097152,131072,sequential,1.0000,0.0000,0,1,2228224,4096,1
176,176_baseline_sequential_run16,baseline,sequential,1778258908.696794,/big.txt,2228224,131072,sequential,1.0000,0.0000,0,1,2359296,4096,1
176,176_baseline_sequential_run16,baseline,sequential,1778258908.6970763,/big.txt,2359296,131072,sequential,1.0000,0.0000,0,1,2490368,4096,1
176,176_baseline_sequential_run16,baseline,sequential,1778258908.6973543,/big.txt,2490368,131072,sequential,1.0000,0.0000,0,1,2621440,4096,1
176,176_baseline_sequential_run16,baseline,sequential,1778258908.6976135,/big.txt,2621440,131072,sequential,1.0000,0.0000,0,1,2752512,4096,1
176,176_baseline_sequential_run16,baseline,sequential,1778258908.6978753,/big.txt,2752512,131072,sequential,1.0000,0.0000,0,1,2883584,4096,1
176,176_baseline_sequential_run16,baseline,sequential,1778258908.6981323,/big.txt,2883584,131072,sequential,1.0000,0.0000,0,1,3014656,4096,1
176,176_baseline_sequential_run16,baseline,sequential,1778258908.6983967,/big.txt,3014656,131072,sequential,1.0000,0.0000,0,1,3145728,4096,1
176,176_baseline_sequential_run16,baseline,sequential,1778258908.6986623,/big.txt,3145728,131072,sequential,1.0000,0.0000,0,1,3276800,4096,1
176,176_baseline_sequential_run16,baseline,sequential,1778258908.6989086,/big.txt,3276800,131072,sequential,1.0000,0.0000,0,1,3407872,4096,1
176,176_baseline_sequential_run16,baseline,sequential,1778258908.6991725,/big.txt,3407872,131072,sequential,1.0000,0.0000,0,1,3538944,4096,1
176,176_baseline_sequential_run16,baseline,sequential,1778258908.6994293,/big.txt,3538944,131072,sequential,1.0000,0.0000,0,1,3670016,4096,1
176,176_baseline_sequential_run16,baseline,sequential,1778258908.6997104,/big.txt,3670016,131072,sequential,1.0000,0.0000,0,1,3801088,4096,1
176,176_baseline_sequential_run16,baseline,sequential,1778258908.6999686,/big.txt,3801088,131072,sequential,1.0000,0.0000,0,1,3932160,4096,1
176,176_baseline_sequential_run16,baseline,sequential,1778258908.7002263,/big.txt,3932160,131072,sequential,1.0000,0.0000,0,1,4063232,4096,1
176,176_baseline_sequential_run16,baseline,sequential,1778258908.7004836,/big.txt,4063232,131072,sequential,1.0000,0.0000,0,1,4194304,4096,1
176,176_baseline_sequential_run16,baseline,sequential,1778258908.700754,/big.txt,4194304,131072,sequential,1.0000,0.0000,0,1,4325376,4096,1
176,176_baseline_sequential_run16,baseline,sequential,1778258908.700995,/big.txt,4325376,131072,sequential,1.0000,0.0000,0,1,4456448,4096,1
176,176_baseline_sequential_run16,baseline,sequential,1778258908.7012362,/big.txt,4456448,131072,sequential,1.0000,0.0000,0,1,4587520,4096,1
176,176_baseline_sequential_run16,baseline,sequential,1778258908.7014747,/big.txt,4587520,131072,sequential,1.0000,0.0000,0,1,4718592,4096,1
176,176_baseline_sequential_run16,baseline,sequential,1778258908.701715,/big.txt,4718592,131072,sequential,1.0000,0.0000,0,1,4849664,4096,1
176,176_baseline_sequential_run16,baseline,sequential,1778258908.7019606,/big.txt,4849664,131072,sequential,1.0000,0.0000,0,1,4980736,4096,1
176,176_baseline_sequential_run16,baseline,sequential,1778258908.7022076,/big.txt,4980736,131072,sequential,1.0000,0.0000,0,1,5111808,4096,1
176,176_baseline_sequential_run16,baseline,sequential,1778258908.7024505,/big.txt,5111808,131072,sequential,1.0000,0.0000,0,1,5242880,4096,1
176,176_baseline_sequential_run16,baseline,sequential,1778258908.7027097,/big.txt,5242880,131072,sequential,1.0000,0.0000,0,1,5373952,4096,1
176,176_baseline_sequential_run16,baseline,sequential,1778258908.7029774,/big.txt,5373952,131072,sequential,1.0000,0.0000,0,1,5505024,4096,1
176,176_baseline_sequential_run16,baseline,sequential,1778258908.703227,/big.txt,5505024,131072,sequential,1.0000,0.0000,0,1,5636096,4096,1
176,176_baseline_sequential_run16,baseline,sequential,1778258908.7034667,/big.txt,5636096,131072,sequential,1.0000,0.0000,0,1,5767168,4096,1
176,176_baseline_sequential_run16,baseline,sequential,1778258908.7037203,/big.txt,5767168,131072,sequential,1.0000,0.0000,0,1,5898240,4096,1
176,176_baseline_sequential_run16,baseline,sequential,1778258908.7039683,/big.txt,5898240,131072,sequential,1.0000,0.0000,0,1,6029312,4096,1
176,176_baseline_sequential_run16,baseline,sequential,1778258908.7042148,/big.txt,6029312,131072,sequential,1.0000,0.0000,0,1,6160384,4096,1
176,176_baseline_sequential_run16,baseline,sequential,1778258908.704455,/big.txt,6160384,131072,sequential,1.0000,0.0000,0,1,6291456,4096,1
176,176_baseline_sequential_run16,baseline,sequential,1778258908.7046993,/big.txt,6291456,131072,sequential,1.0000,0.0000,0,1,6422528,4096,1
176,176_baseline_sequential_run16,baseline,sequential,1778258908.7049522,/big.txt,6422528,131072,sequential,1.0000,0.0000,0,1,6553600,4096,1
176,176_baseline_sequential_run16,baseline,sequential,1778258908.7051928,/big.txt,6553600,131072,sequential,1.0000,0.0000,0,1,6684672,4096,1
176,176_baseline_sequential_run16,baseline,sequential,1778258908.705433,/big.txt,6684672,131072,sequential,1.0000,0.0000,0,1,6815744,4096,1
176,176_baseline_sequential_run16,baseline,sequential,1778258908.7056742,/big.txt,6815744,131072,sequential,1.0000,0.0000,0,1,6946816,4096,1
176,176_baseline_sequential_run16,baseline,sequential,1778258908.7058897,/big.txt,6946816,131072,sequential,1.0000,0.0000,0,1,7077888,4096,1
176,176_baseline_sequential_run16,baseline,sequential,1778258908.706104,/big.txt,7077888,131072,sequential,1.0000,0.0000,0,1,7208960,4096,1
176,176_baseline_sequential_run16,baseline,sequential,1778258908.7063456,/big.txt,7208960,131072,sequential,1.0000,0.0000,0,1,7340032,4096,1
176,176_baseline_sequential_run16,baseline,sequential,1778258908.7065847,/big.txt,7340032,131072,sequential,1.0000,0.0000,0,1,7471104,4096,1
176,176_baseline_sequential_run16,baseline,sequential,1778258908.7068508,/big.txt,7471104,131072,sequential,1.0000,0.0000,0,1,7602176,4096,1
176,176_baseline_sequential_run16,baseline,sequential,1778258908.707096,/big.txt,7602176,131072,sequential,1.0000,0.0000,0,1,7733248,4096,1
176,176_baseline_sequential_run16,baseline,sequential,1778258908.7073367,/big.txt,7733248,131072,sequential,1.0000,0.0000,0,1,7864320,4096,1
176,176_baseline_sequential_run16,baseline,sequential,1778258908.707578,/big.txt,7864320,131072,sequential,1.0000,0.0000,0,1,7995392,4096,1
176,176_baseline_sequential_run16,baseline,sequential,1778258908.7078245,/big.txt,7995392,131072,sequential,1.0000,0.0000,0,1,8126464,4096,1
176,176_baseline_sequential_run16,baseline,sequential,1778258908.708069,/big.txt,8126464,131072,sequential,1.0000,0.0000,0,1,8257536,4096,1
176,176_baseline_sequential_run16,baseline,sequential,1778258908.7083097,/big.txt,8257536,131072,sequential,1.0000,0.0000,0,1,8388608,4096,1
176,176_baseline_sequential_run16,baseline,sequential,1778258908.708557,/big.txt,8388608,131072,sequential,1.0000,0.0000,0,1,8519680,4096,1
176,176_baseline_sequential_run16,baseline,sequential,1778258908.708806,/big.txt,8519680,131072,sequential,1.0000,0.0000,0,1,8650752,4096,1
176,176_baseline_sequential_run16,baseline,sequential,1778258908.7090502,/big.txt,8650752,131072,sequential,1.0000,0.0000,0,1,8781824,4096,1
176,176_baseline_sequential_run16,baseline,sequential,1778258908.70929,/big.txt,8781824,131072,sequential,1.0000,0.0000,0,1,8912896,4096,1
176,176_baseline_sequential_run16,baseline,sequential,1778258908.709532,/big.txt,8912896,131072,sequential,1.0000,0.0000,0,1,9043968,4096,1
176,176_baseline_sequential_run16,baseline,sequential,1778258908.7097468,/big.txt,9043968,131072,sequential,1.0000,0.0000,0,1,9175040,4096,1
176,176_baseline_sequential_run16,baseline,sequential,1778258908.7099602,/big.txt,9175040,131072,sequential,1.0000,0.0000,0,1,9306112,4096,1
176,176_baseline_sequential_run16,baseline,sequential,1778258908.7102,/big.txt,9306112,131072,sequential,1.0000,0.0000,0,1,9437184,4096,1
176,176_baseline_sequential_run16,baseline,sequential,1778258908.7104392,/big.txt,9437184,131072,sequential,1.0000,0.0000,0,1,9568256,4096,1
176,176_baseline_sequential_run16,baseline,sequential,1778258908.7106774,/big.txt,9568256,131072,sequential,1.0000,0.0000,0,1,9699328,4096,1
176,176_baseline_sequential_run16,baseline,sequential,1778258908.7109098,/big.txt,9699328,131072,sequential,1.0000,0.0000,0,1,9830400,4096,1
176,176_baseline_sequential_run16,baseline,sequential,1778258908.7111535,/big.txt,9830400,131072,sequential,1.0000,0.0000,0,1,9961472,4096,1
176,176_baseline_sequential_run16,baseline,sequential,1778258908.7114012,/big.txt,9961472,131072,sequential,1.0000,0.0000,0,1,10092544,4096,1
176,176_baseline_sequential_run16,baseline,sequential,1778258908.711664,/big.txt,10092544,131072,sequential,1.0000,0.0000,0,1,10223616,4096,1
176,176_baseline_sequential_run16,baseline,sequential,1778258908.7119086,/big.txt,10223616,131072,sequential,1.0000,0.0000,0,1,10354688,4096,1
176,176_baseline_sequential_run16,baseline,sequential,1778258908.7121515,/big.txt,10354688,131072,sequential,1.0000,0.0000,0,1,10485760,4096,1
176,176_baseline_sequential_run16,baseline,sequential,1778258908.712408,/big.txt,10485760,131072,sequential,1.0000,0.0000,0,1,10616832,4096,1
176,176_baseline_sequential_run16,baseline,sequential,1778258908.7126577,/big.txt,10616832,131072,sequential,1.0000,0.0000,0,1,10747904,4096,1
176,176_baseline_sequential_run16,baseline,sequential,1778258908.712906,/big.txt,10747904,131072,sequential,1.0000,0.0000,0,1,10878976,4096,1
176,176_baseline_sequential_run16,baseline,sequential,1778258908.7131498,/big.txt,10878976,131072,sequential,1.0000,0.0000,0,1,11010048,4096,1
176,176_baseline_sequential_run16,baseline,sequential,1778258908.7133973,/big.txt,11010048,131072,sequential,1.0000,0.0000,0,1,11141120,4096,1
176,176_baseline_sequential_run16,baseline,sequential,1778258908.713638,/big.txt,11141120,131072,sequential,1.0000,0.0000,0,1,11272192,4096,1
176,176_baseline_sequential_run16,baseline,sequential,1778258908.7138646,/big.txt,11272192,131072,sequential,1.0000,0.0000,0,1,11403264,4096,1
176,176_baseline_sequential_run16,baseline,sequential,1778258908.71408,/big.txt,11403264,131072,sequential,1.0000,0.0000,0,1,11534336,4096,1
176,176_baseline_sequential_run16,baseline,sequential,1778258908.7143254,/big.txt,11534336,131072,sequential,1.0000,0.0000,0,1,11665408,4096,1
176,176_baseline_sequential_run16,baseline,sequential,1778258908.7145665,/big.txt,11665408,131072,sequential,1.0000,0.0000,0,1,11796480,4096,1
176,176_baseline_sequential_run16,baseline,sequential,1778258908.714824,/big.txt,11796480,131072,sequential,1.0000,0.0000,0,1,11927552,4096,1
176,176_baseline_sequential_run16,baseline,sequential,1778258908.71507,/big.txt,11927552,131072,sequential,1.0000,0.0000,0,1,12058624,4096,1
176,176_baseline_sequential_run16,baseline,sequential,1778258908.7153196,/big.txt,12058624,131072,sequential,1.0000,0.0000,0,1,12189696,4096,1
176,176_baseline_sequential_run16,baseline,sequential,1778258908.7155664,/big.txt,12189696,131072,sequential,1.0000,0.0000,0,1,12320768,4096,1
176,176_baseline_sequential_run16,baseline,sequential,1778258908.7158132,/big.txt,12320768,131072,sequential,1.0000,0.0000,0,1,12451840,4096,1
176,176_baseline_sequential_run16,baseline,sequential,1778258908.716054,/big.txt,12451840,131072,sequential,1.0000,0.0000,0,1,12582912,4096,1
176,176_baseline_sequential_run16,baseline,sequential,1778258908.7163026,/big.txt,12582912,131072,sequential,1.0000,0.0000,0,1,12713984,4096,1
176,176_baseline_sequential_run16,baseline,sequential,1778258908.7165434,/big.txt,12713984,131072,sequential,1.0000,0.0000,0,1,12845056,4096,1
176,176_baseline_sequential_run16,baseline,sequential,1778258908.7167907,/big.txt,12845056,131072,sequential,1.0000,0.0000,0,1,12976128,4096,1
176,176_baseline_sequential_run16,baseline,sequential,1778258908.717034,/big.txt,12976128,131072,sequential,1.0000,0.0000,0,1,13107200,4096,1
176,176_baseline_sequential_run16,baseline,sequential,1778258908.7172773,/big.txt,13107200,131072,sequential,1.0000,0.0000,0,1,13238272,4096,1
176,176_baseline_sequential_run16,baseline,sequential,1778258908.7175167,/big.txt,13238272,131072,sequential,1.0000,0.0000,0,1,13369344,4096,1
176,176_baseline_sequential_run16,baseline,sequential,1778258908.7177334,/big.txt,13369344,131072,sequential,1.0000,0.0000,0,1,13500416,4096,1
176,176_baseline_sequential_run16,baseline,sequential,1778258908.7179492,/big.txt,13500416,131072,sequential,1.0000,0.0000,0,1,13631488,4096,1
176,176_baseline_sequential_run16,baseline,sequential,1778258908.7181911,/big.txt,13631488,131072,sequential,1.0000,0.0000,0,1,13762560,4096,1
176,176_baseline_sequential_run16,baseline,sequential,1778258908.718434,/big.txt,13762560,131072,sequential,1.0000,0.0000,0,1,13893632,4096,1
176,176_baseline_sequential_run16,baseline,sequential,1778258908.7186809,/big.txt,13893632,131072,sequential,1.0000,0.0000,0,1,14024704,4096,1
176,176_baseline_sequential_run16,baseline,sequential,1778258908.718918,/big.txt,14024704,131072,sequential,1.0000,0.0000,0,1,14155776,4096,1
176,176_baseline_sequential_run16,baseline,sequential,1778258908.7191744,/big.txt,14155776,131072,sequential,1.0000,0.0000,0,1,14286848,4096,1
176,176_baseline_sequential_run16,baseline,sequential,1778258908.7194257,/big.txt,14286848,131072,sequential,1.0000,0.0000,0,1,14417920,4096,1
176,176_baseline_sequential_run16,baseline,sequential,1778258908.7196743,/big.txt,14417920,131072,sequential,1.0000,0.0000,0,1,14548992,4096,1
176,176_baseline_sequential_run16,baseline,sequential,1778258908.7199156,/big.txt,14548992,131072,sequential,1.0000,0.0000,0,1,14680064,4096,1
176,176_baseline_sequential_run16,baseline,sequential,1778258908.7201598,/big.txt,14680064,131072,sequential,1.0000,0.0000,0,1,14811136,4096,1
176,176_baseline_sequential_run16,baseline,sequential,1778258908.720409,/big.txt,14811136,131072,sequential,1.0000,0.0000,0,1,14942208,4096,1
176,176_baseline_sequential_run16,baseline,sequential,1778258908.7206562,/big.txt,14942208,131072,sequential,1.0000,0.0000,0,1,15073280,4096,1
176,176_baseline_sequential_run16,baseline,sequential,1778258908.720913,/big.txt,15073280,131072,sequential,1.0000,0.0000,0,1,15204352,4096,1
176,176_baseline_sequential_run16,baseline,sequential,1778258908.7211611,/big.txt,15204352,131072,sequential,1.0000,0.0000,0,1,15335424,4096,1
176,176_baseline_sequential_run16,baseline,sequential,1778258908.7214048,/big.txt,15335424,131072,sequential,1.0000,0.0000,0,1,15466496,4096,1
176,176_baseline_sequential_run16,baseline,sequential,1778258908.7216513,/big.txt,15466496,131072,sequential,1.0000,0.0000,0,1,15597568,4096,1
176,176_baseline_sequential_run16,baseline,sequential,1778258908.7218678,/big.txt,15597568,131072,sequential,1.0000,0.0000,0,1,15728640,4096,1
176,176_baseline_sequential_run16,baseline,sequential,1778258908.722101,/big.txt,15728640,131072,sequential,1.0000,0.0000,0,1,15859712,4096,1
176,176_baseline_sequential_run16,baseline,sequential,1778258908.7223446,/big.txt,15859712,131072,sequential,1.0000,0.0000,0,1,15990784,4096,1
176,176_baseline_sequential_run16,baseline,sequential,1778258908.7225928,/big.txt,15990784,131072,sequential,1.0000,0.0000,0,1,16121856,4096,1
176,176_baseline_sequential_run16,baseline,sequential,1778258908.7228596,/big.txt,16121856,131072,sequential,1.0000,0.0000,0,1,16252928,4096,1
176,176_baseline_sequential_run16,baseline,sequential,1778258908.7231123,/big.txt,16252928,131072,sequential,1.0000,0.0000,0,1,16384000,4096,1
176,176_baseline_sequential_run16,baseline,sequential,1778258908.7233577,/big.txt,16384000,131072,sequential,1.0000,0.0000,0,1,16515072,4096,1
176,176_baseline_sequential_run16,baseline,sequential,1778258908.7236028,/big.txt,16515072,131072,sequential,1.0000,0.0000,0,1,16646144,4096,1
176,176_baseline_sequential_run16,baseline,sequential,1778258908.7238467,/big.txt,16646144,131072,sequential,1.0000,0.0000,0,1,16777216,4096,1
176,176_baseline_sequential_run16,baseline,sequential,1778258908.724093,/big.txt,16777216,131072,sequential,1.0000,0.0000,0,1,16908288,4096,1
176,176_baseline_sequential_run16,baseline,sequential,1778258908.7243447,/big.txt,16908288,131072,sequential,1.0000,0.0000,0,1,17039360,4096,1
176,176_baseline_sequential_run16,baseline,sequential,1778258908.7245648,/big.txt,17039360,131072,sequential,1.0000,0.0000,0,1,17170432,4096,1
176,176_baseline_sequential_run16,baseline,sequential,1778258908.724782,/big.txt,17170432,131072,sequential,1.0000,0.0000,0,1,17301504,4096,1
176,176_baseline_sequential_run16,baseline,sequential,1778258908.7250266,/big.txt,17301504,131072,sequential,1.0000,0.0000,0,1,17432576,4096,1
176,176_baseline_sequential_run16,baseline,sequential,1778258908.7252703,/big.txt,17432576,131072,sequential,1.0000,0.0000,0,1,17563648,4096,1
176,176_baseline_sequential_run16,baseline,sequential,1778258908.7255132,/big.txt,17563648,131072,sequential,1.0000,0.0000,0,1,17694720,4096,1
176,176_baseline_sequential_run16,baseline,sequential,1778258908.7257586,/big.txt,17694720,131072,sequential,1.0000,0.0000,0,1,17825792,4096,1
176,176_baseline_sequential_run16,baseline,sequential,1778258908.7259572,/big.txt,17825792,131072,sequential,1.0000,0.0000,0,1,17956864,4096,1
176,176_baseline_sequential_run16,baseline,sequential,1778258908.7261586,/big.txt,17956864,131072,sequential,1.0000,0.0000,0,1,18087936,4096,1
176,176_baseline_sequential_run16,baseline,sequential,1778258908.7263544,/big.txt,18087936,131072,sequential,1.0000,0.0000,0,1,18219008,4096,1
176,176_baseline_sequential_run16,baseline,sequential,1778258908.7265513,/big.txt,18219008,131072,sequential,1.0000,0.0000,0,1,18350080,4096,1
176,176_baseline_sequential_run16,baseline,sequential,1778258908.726754,/big.txt,18350080,131072,sequential,1.0000,0.0000,0,1,18481152,4096,1
176,176_baseline_sequential_run16,baseline,sequential,1778258908.7269669,/big.txt,18481152,131072,sequential,1.0000,0.0000,0,1,18612224,4096,1
176,176_baseline_sequential_run16,baseline,sequential,1778258908.7271664,/big.txt,18612224,131072,sequential,1.0000,0.0000,0,1,18743296,4096,1
176,176_baseline_sequential_run16,baseline,sequential,1778258908.7273762,/big.txt,18743296,131072,sequential,1.0000,0.0000,0,1,18874368,4096,1
176,176_baseline_sequential_run16,baseline,sequential,1778258908.727573,/big.txt,18874368,131072,sequential,1.0000,0.0000,0,1,19005440,4096,1
176,176_baseline_sequential_run16,baseline,sequential,1778258908.7277763,/big.txt,19005440,131072,sequential,1.0000,0.0000,0,1,19136512,4096,1
176,176_baseline_sequential_run16,baseline,sequential,1778258908.7279766,/big.txt,19136512,131072,sequential,1.0000,0.0000,0,1,19267584,4096,1
176,176_baseline_sequential_run16,baseline,sequential,1778258908.7281759,/big.txt,19267584,131072,sequential,1.0000,0.0000,0,1,19398656,4096,1
176,176_baseline_sequential_run16,baseline,sequential,1778258908.7283752,/big.txt,19398656,131072,sequential,1.0000,0.0000,0,1,19529728,4096,1
176,176_baseline_sequential_run16,baseline,sequential,1778258908.7285771,/big.txt,19529728,131072,sequential,1.0000,0.0000,0,1,19660800,4096,1
176,176_baseline_sequential_run16,baseline,sequential,1778258908.7287502,/big.txt,19660800,131072,sequential,1.0000,0.0000,0,1,19791872,4096,1
176,176_baseline_sequential_run16,baseline,sequential,1778258908.7289228,/big.txt,19791872,131072,sequential,1.0000,0.0000,0,1,19922944,4096,1
176,176_baseline_sequential_run16,baseline,sequential,1778258908.7290938,/big.txt,19922944,131072,sequential,1.0000,0.0000,0,1,20054016,4096,1
176,176_baseline_sequential_run16,baseline,sequential,1778258908.7292945,/big.txt,20054016,131072,sequential,1.0000,0.0000,0,1,20185088,4096,1
176,176_baseline_sequential_run16,baseline,sequential,1778258908.7294948,/big.txt,20185088,131072,sequential,1.0000,0.0000,0,1,20316160,4096,1
176,176_baseline_sequential_run16,baseline,sequential,1778258908.7296903,/big.txt,20316160,131072,sequential,1.0000,0.0000,0,1,20447232,4096,1
176,176_baseline_sequential_run16,baseline,sequential,1778258908.729885,/big.txt,20447232,131072,sequential,1.0000,0.0000,0,1,20578304,4096,1
176,176_baseline_sequential_run16,baseline,sequential,1778258908.73008,/big.txt,20578304,131072,sequential,1.0000,0.0000,0,1,20709376,4096,1
176,176_baseline_sequential_run16,baseline,sequential,1778258908.7302759,/big.txt,20709376,131072,sequential,1.0000,0.0000,0,1,20840448,4096,1
176,176_baseline_sequential_run16,baseline,sequential,1778258908.7304494,/big.txt,20840448,131072,sequential,1.0000,0.0000,0,1,20971520,4096,1
176,176_baseline_sequential_run16,baseline,sequential,1778258908.730631,/big.txt,20971520,131072,sequential,1.0000,0.0000,0,1,21102592,4096,1
176,176_baseline_sequential_run16,baseline,sequential,1778258908.7308247,/big.txt,21102592,131072,sequential,1.0000,0.0000,0,1,21233664,4096,1
176,176_baseline_sequential_run16,baseline,sequential,1778258908.7309952,/big.txt,21233664,131072,sequential,1.0000,0.0000,0,1,21364736,4096,1
176,176_baseline_sequential_run16,baseline,sequential,1778258908.7311602,/big.txt,21364736,131072,sequential,1.0000,0.0000,0,1,21495808,4096,1
176,176_baseline_sequential_run16,baseline,sequential,1778258908.7313244,/big.txt,21495808,131072,sequential,1.0000,0.0000,0,1,21626880,4096,1
176,176_baseline_sequential_run16,baseline,sequential,1778258908.7314906,/big.txt,21626880,131072,sequential,1.0000,0.0000,0,1,21757952,4096,1
176,176_baseline_sequential_run16,baseline,sequential,1778258908.7316558,/big.txt,21757952,131072,sequential,1.0000,0.0000,0,1,21889024,4096,1
176,176_baseline_sequential_run16,baseline,sequential,1778258908.7318218,/big.txt,21889024,131072,sequential,1.0000,0.0000,0,1,22020096,4096,1
176,176_baseline_sequential_run16,baseline,sequential,1778258908.7319646,/big.txt,22020096,131072,sequential,1.0000,0.0000,0,1,22151168,4096,1
176,176_baseline_sequential_run16,baseline,sequential,1778258908.732107,/big.txt,22151168,131072,sequential,1.0000,0.0000,0,1,22282240,4096,1
176,176_baseline_sequential_run16,baseline,sequential,1778258908.7322493,/big.txt,22282240,131072,sequential,1.0000,0.0000,0,1,22413312,4096,1
176,176_baseline_sequential_run16,baseline,sequential,1778258908.732393,/big.txt,22413312,131072,sequential,1.0000,0.0000,0,1,22544384,4096,1
176,176_baseline_sequential_run16,baseline,sequential,1778258908.7325714,/big.txt,22544384,131072,sequential,1.0000,0.0000,0,1,22675456,4096,1
176,176_baseline_sequential_run16,baseline,sequential,1778258908.7327383,/big.txt,22675456,131072,sequential,1.0000,0.0000,0,1,22806528,4096,1
176,176_baseline_sequential_run16,baseline,sequential,1778258908.7329044,/big.txt,22806528,131072,sequential,1.0000,0.0000,0,1,22937600,4096,1
176,176_baseline_sequential_run16,baseline,sequential,1778258908.7330701,/big.txt,22937600,131072,sequential,1.0000,0.0000,0,1,23068672,4096,1
176,176_baseline_sequential_run16,baseline,sequential,1778258908.7332425,/big.txt,23068672,131072,sequential,1.0000,0.0000,0,1,23199744,4096,1
176,176_baseline_sequential_run16,baseline,sequential,1778258908.733387,/big.txt,23199744,131072,sequential,1.0000,0.0000,0,1,23330816,4096,1
176,176_baseline_sequential_run16,baseline,sequential,1778258908.73353,/big.txt,23330816,131072,sequential,1.0000,0.0000,0,1,23461888,4096,1
176,176_baseline_sequential_run16,baseline,sequential,1778258908.7336724,/big.txt,23461888,131072,sequential,1.0000,0.0000,0,1,23592960,4096,1
176,176_baseline_sequential_run16,baseline,sequential,1778258908.7338161,/big.txt,23592960,131072,sequential,1.0000,0.0000,0,1,23724032,4096,1
176,176_baseline_sequential_run16,baseline,sequential,1778258908.733987,/big.txt,23724032,131072,sequential,1.0000,0.0000,0,1,23855104,4096,1
176,176_baseline_sequential_run16,baseline,sequential,1778258908.7341533,/big.txt,23855104,131072,sequential,1.0000,0.0000,0,1,23986176,4096,1
176,176_baseline_sequential_run16,baseline,sequential,1778258908.73432,/big.txt,23986176,131072,sequential,1.0000,0.0000,0,1,24117248,4096,1
176,176_baseline_sequential_run16,baseline,sequential,1778258908.7344851,/big.txt,24117248,131072,sequential,1.0000,0.0000,0,1,24248320,4096,1
176,176_baseline_sequential_run16,baseline,sequential,1778258908.7346516,/big.txt,24248320,131072,sequential,1.0000,0.0000,0,1,24379392,4096,1
176,176_baseline_sequential_run16,baseline,sequential,1778258908.7348018,/big.txt,24379392,131072,sequential,1.0000,0.0000,0,1,24510464,4096,1
176,176_baseline_sequential_run16,baseline,sequential,1778258908.734948,/big.txt,24510464,131072,sequential,1.0000,0.0000,0,1,24641536,4096,1
176,176_baseline_sequential_run16,baseline,sequential,1778258908.7350912,/big.txt,24641536,131072,sequential,1.0000,0.0000,0,1,24772608,4096,1
176,176_baseline_sequential_run16,baseline,sequential,1778258908.735236,/big.txt,24772608,131072,sequential,1.0000,0.0000,0,1,24903680,4096,1
176,176_baseline_sequential_run16,baseline,sequential,1778258908.7354019,/big.txt,24903680,131072,sequential,1.0000,0.0000,0,1,25034752,4096,1
176,176_baseline_sequential_run16,baseline,sequential,1778258908.7355676,/big.txt,25034752,131072,sequential,1.0000,0.0000,0,1,25165824,4096,1
176,176_baseline_sequential_run16,baseline,sequential,1778258908.735741,/big.txt,25165824,131072,sequential,1.0000,0.0000,0,1,25296896,4096,1
176,176_baseline_sequential_run16,baseline,sequential,1778258908.7358856,/big.txt,25296896,131072,sequential,1.0000,0.0000,0,1,25427968,4096,1
176,176_baseline_sequential_run16,baseline,sequential,1778258908.736009,/big.txt,25427968,131072,sequential,1.0000,0.0000,0,1,25559040,4096,1
176,176_baseline_sequential_run16,baseline,sequential,1778258908.7361321,/big.txt,25559040,131072,sequential,1.0000,0.0000,0,1,25690112,4096,1
176,176_baseline_sequential_run16,baseline,sequential,1778258908.7362556,/big.txt,25690112,131072,sequential,1.0000,0.0000,0,1,25821184,4096,1
176,176_baseline_sequential_run16,baseline,sequential,1778258908.7363791,/big.txt,25821184,131072,sequential,1.0000,0.0000,0,1,25952256,4096,1
176,176_baseline_sequential_run16,baseline,sequential,1778258908.7365031,/big.txt,25952256,131072,sequential,1.0000,0.0000,0,1,26083328,4096,1
176,176_baseline_sequential_run16,baseline,sequential,1778258908.7366304,/big.txt,26083328,131072,sequential,1.0000,0.0000,0,1,26214400,4096,1
176,176_baseline_sequential_run16,baseline,sequential,1778258908.7367659,/big.txt,26214400,131072,sequential,1.0000,0.0000,0,1,26345472,4096,1
176,176_baseline_sequential_run16,baseline,sequential,1778258908.736919,/big.txt,26345472,131072,sequential,1.0000,0.0000,0,1,26476544,4096,1
176,176_baseline_sequential_run16,baseline,sequential,1778258908.7370656,/big.txt,26476544,131072,sequential,1.0000,0.0000,0,1,26607616,4096,1
176,176_baseline_sequential_run16,baseline,sequential,1778258908.7371893,/big.txt,26607616,131072,sequential,1.0000,0.0000,0,1,26738688,4096,1
176,176_baseline_sequential_run16,baseline,sequential,1778258908.737317,/big.txt,26738688,131072,sequential,1.0000,0.0000,0,1,26869760,4096,1
176,176_baseline_sequential_run16,baseline,sequential,1778258908.737443,/big.txt,26869760,131072,sequential,1.0000,0.0000,0,1,27000832,4096,1
176,176_baseline_sequential_run16,baseline,sequential,1778258908.7375674,/big.txt,27000832,131072,sequential,1.0000,0.0000,0,1,27131904,4096,1
176,176_baseline_sequential_run16,baseline,sequential,1778258908.7376907,/big.txt,27131904,131072,sequential,1.0000,0.0000,0,1,27262976,4096,1
176,176_baseline_sequential_run16,baseline,sequential,1778258908.7378173,/big.txt,27262976,131072,sequential,1.0000,0.0000,0,1,27394048,4096,1
176,176_baseline_sequential_run16,baseline,sequential,1778258908.737942,/big.txt,27394048,131072,sequential,1.0000,0.0000,0,1,27525120,4096,1
176,176_baseline_sequential_run16,baseline,sequential,1778258908.7380881,/big.txt,27525120,131072,sequential,1.0000,0.0000,0,1,27656192,4096,1
176,176_baseline_sequential_run16,baseline,sequential,1778258908.7382343,/big.txt,27656192,131072,sequential,1.0000,0.0000,0,1,27787264,4096,1
176,176_baseline_sequential_run16,baseline,sequential,1778258908.7383568,/big.txt,27787264,131072,sequential,1.0000,0.0000,0,1,27918336,4096,1
176,176_baseline_sequential_run16,baseline,sequential,1778258908.7384796,/big.txt,27918336,131072,sequential,1.0000,0.0000,0,1,28049408,4096,1
176,176_baseline_sequential_run16,baseline,sequential,1778258908.738602,/big.txt,28049408,131072,sequential,1.0000,0.0000,0,1,28180480,4096,1
176,176_baseline_sequential_run16,baseline,sequential,1778258908.7387254,/big.txt,28180480,131072,sequential,1.0000,0.0000,0,1,28311552,4096,1
176,176_baseline_sequential_run16,baseline,sequential,1778258908.7388537,/big.txt,28311552,131072,sequential,1.0000,0.0000,0,1,28442624,4096,1
176,176_baseline_sequential_run16,baseline,sequential,1778258908.738977,/big.txt,28442624,131072,sequential,1.0000,0.0000,0,1,28573696,4096,1
176,176_baseline_sequential_run16,baseline,sequential,1778258908.7391002,/big.txt,28573696,131072,sequential,1.0000,0.0000,0,1,28704768,4096,1
176,176_baseline_sequential_run16,baseline,sequential,1778258908.739246,/big.txt,28704768,131072,sequential,1.0000,0.0000,0,1,28835840,4096,1
176,176_baseline_sequential_run16,baseline,sequential,1778258908.7393682,/big.txt,28835840,131072,sequential,1.0000,0.0000,0,1,28966912,4096,1
176,176_baseline_sequential_run16,baseline,sequential,1778258908.7394958,/big.txt,28966912,131072,sequential,1.0000,0.0000,0,1,29097984,4096,1
176,176_baseline_sequential_run16,baseline,sequential,1778258908.7396188,/big.txt,29097984,131072,sequential,1.0000,0.0000,0,1,29229056,4096,1
176,176_baseline_sequential_run16,baseline,sequential,1778258908.7397423,/big.txt,29229056,131072,sequential,1.0000,0.0000,0,1,29360128,4096,1
176,176_baseline_sequential_run16,baseline,sequential,1778258908.7398658,/big.txt,29360128,131072,sequential,1.0000,0.0000,0,1,29491200,4096,1
176,176_baseline_sequential_run16,baseline,sequential,1778258908.7399893,/big.txt,29491200,131072,sequential,1.0000,0.0000,0,1,29622272,4096,1
176,176_baseline_sequential_run16,baseline,sequential,1778258908.7401352,/big.txt,29622272,131072,sequential,1.0000,0.0000,0,1,29753344,4096,1
176,176_baseline_sequential_run16,baseline,sequential,1778258908.7402585,/big.txt,29753344,131072,sequential,1.0000,0.0000,0,1,29884416,4096,1
176,176_baseline_sequential_run16,baseline,sequential,1778258908.7404037,/big.txt,29884416,131072,sequential,1.0000,0.0000,0,1,30015488,4096,1
176,176_baseline_sequential_run16,baseline,sequential,1778258908.7405343,/big.txt,30015488,131072,sequential,1.0000,0.0000,0,1,30146560,4096,1
176,176_baseline_sequential_run16,baseline,sequential,1778258908.7406573,/big.txt,30146560,131072,sequential,1.0000,0.0000,0,1,30277632,4096,1
176,176_baseline_sequential_run16,baseline,sequential,1778258908.7407832,/big.txt,30277632,131072,sequential,1.0000,0.0000,0,1,30408704,4096,1
176,176_baseline_sequential_run16,baseline,sequential,1778258908.740892,/big.txt,30408704,131072,sequential,1.0000,0.0000,0,1,30539776,4096,1
176,176_baseline_sequential_run16,baseline,sequential,1778258908.7410035,/big.txt,30539776,131072,sequential,1.0000,0.0000,0,1,30670848,4096,1
176,176_baseline_sequential_run16,baseline,sequential,1778258908.7411118,/big.txt,30670848,131072,sequential,1.0000,0.0000,0,1,30801920,4096,1
176,176_baseline_sequential_run16,baseline,sequential,1778258908.7412198,/big.txt,30801920,131072,sequential,1.0000,0.0000,0,1,30932992,4096,1
176,176_baseline_sequential_run16,baseline,sequential,1778258908.7413328,/big.txt,30932992,131072,sequential,1.0000,0.0000,0,1,31064064,4096,1
176,176_baseline_sequential_run16,baseline,sequential,1778258908.7414382,/big.txt,31064064,131072,sequential,1.0000,0.0000,0,1,31195136,4096,1
176,176_baseline_sequential_run16,baseline,sequential,1778258908.7415438,/big.txt,31195136,131072,sequential,1.0000,0.0000,0,1,31326208,4096,1
176,176_baseline_sequential_run16,baseline,sequential,1778258908.7416487,/big.txt,31326208,131072,sequential,1.0000,0.0000,0,1,31457280,4096,1
176,176_baseline_sequential_run16,baseline,sequential,1778258908.7417607,/big.txt,31457280,131072,sequential,1.0000,0.0000,0,1,31588352,4096,1
176,176_baseline_sequential_run16,baseline,sequential,1778258908.7418668,/big.txt,31588352,131072,sequential,1.0000,0.0000,0,1,31719424,4096,1
176,176_baseline_sequential_run16,baseline,sequential,1778258908.7419722,/big.txt,31719424,131072,sequential,1.0000,0.0000,0,1,31850496,4096,1
176,176_baseline_sequential_run16,baseline,sequential,1778258908.742078,/big.txt,31850496,131072,sequential,1.0000,0.0000,0,1,31981568,4096,1
176,176_baseline_sequential_run16,baseline,sequential,1778258908.7421842,/big.txt,31981568,131072,sequential,1.0000,0.0000,0,1,32112640,4096,1
176,176_baseline_sequential_run16,baseline,sequential,1778258908.7422926,/big.txt,32112640,131072,sequential,1.0000,0.0000,0,1,32243712,4096,1
176,176_baseline_sequential_run16,baseline,sequential,1778258908.7423987,/big.txt,32243712,131072,sequential,1.0000,0.0000,0,1,32374784,4096,1
176,176_baseline_sequential_run16,baseline,sequential,1778258908.742505,/big.txt,32374784,131072,sequential,1.0000,0.0000,0,1,32505856,4096,1
176,176_baseline_sequential_run16,baseline,sequential,1778258908.7426097,/big.txt,32505856,131072,sequential,1.0000,0.0000,0,1,32636928,4096,1
176,176_baseline_sequential_run16,baseline,sequential,1778258908.7427173,/big.txt,32636928,131072,sequential,1.0000,0.0000,0,1,32768000,4096,1
176,176_baseline_sequential_run16,baseline,sequential,1778258908.7428374,/big.txt,32768000,131072,sequential,1.0000,0.0000,0,1,32899072,4096,1
176,176_baseline_sequential_run16,baseline,sequential,1778258908.7429442,/big.txt,32899072,131072,sequential,1.0000,0.0000,0,1,33030144,4096,1
176,176_baseline_sequential_run16,baseline,sequential,1778258908.7430496,/big.txt,33030144,131072,sequential,1.0000,0.0000,0,1,33161216,4096,1
176,176_baseline_sequential_run16,baseline,sequential,1778258908.7431555,/big.txt,33161216,131072,sequential,1.0000,0.0000,0,1,33292288,4096,1
176,176_baseline_sequential_run16,baseline,sequential,1778258908.7432604,/big.txt,33292288,131072,sequential,1.0000,0.0000,0,1,33423360,4096,1
176,176_baseline_sequential_run16,baseline,sequential,1778258908.7433667,/big.txt,33423360,131072,sequential,1.0000,0.0000,0,1,33554432,4096,1
176,176_baseline_sequential_run16,baseline,sequential,1778258908.743473,/big.txt,33554432,131072,sequential,1.0000,0.0000,0,1,33685504,4096,1
176,176_baseline_sequential_run16,baseline,sequential,1778258908.7435853,/big.txt,33685504,131072,sequential,1.0000,0.0000,0,1,33816576,4096,1
176,176_baseline_sequential_run16,baseline,sequential,1778258908.743691,/big.txt,33816576,131072,sequential,1.0000,0.0000,0,1,33947648,4096,1
176,176_baseline_sequential_run16,baseline,sequential,1778258908.7437966,/big.txt,33947648,131072,sequential,1.0000,0.0000,0,1,34078720,4096,1
176,176_baseline_sequential_run16,baseline,sequential,1778258908.7439022,/big.txt,34078720,131072,sequential,1.0000,0.0000,0,1,34209792,4096,1
176,176_baseline_sequential_run16,baseline,sequential,1778258908.7440093,/big.txt,34209792,131072,sequential,1.0000,0.0000,0,1,34340864,4096,1
176,176_baseline_sequential_run16,baseline,sequential,1778258908.7441146,/big.txt,34340864,131072,sequential,1.0000,0.0000,0,1,34471936,4096,1
176,176_baseline_sequential_run16,baseline,sequential,1778258908.7442203,/big.txt,34471936,131072,sequential,1.0000,0.0000,0,1,34603008,4096,1
176,176_baseline_sequential_run16,baseline,sequential,1778258908.7443259,/big.txt,34603008,131072,sequential,1.0000,0.0000,0,1,34734080,4096,1
176,176_baseline_sequential_run16,baseline,sequential,1778258908.7444317,/big.txt,34734080,131072,sequential,1.0000,0.0000,0,1,34865152,4096,1
176,176_baseline_sequential_run16,baseline,sequential,1778258908.7445376,/big.txt,34865152,131072,sequential,1.0000,0.0000,0,1,34996224,4096,1
176,176_baseline_sequential_run16,baseline,sequential,1778258908.7446425,/big.txt,34996224,131072,sequential,1.0000,0.0000,0,1,35127296,4096,1
176,176_baseline_sequential_run16,baseline,sequential,1778258908.7447555,/big.txt,35127296,131072,sequential,1.0000,0.0000,0,1,35258368,4096,1
176,176_baseline_sequential_run16,baseline,sequential,1778258908.7448626,/big.txt,35258368,131072,sequential,1.0000,0.0000,0,1,35389440,4096,1
176,176_baseline_sequential_run16,baseline,sequential,1778258908.7449682,/big.txt,35389440,131072,sequential,1.0000,0.0000,0,1,35520512,4096,1
176,176_baseline_sequential_run16,baseline,sequential,1778258908.745073,/big.txt,35520512,131072,sequential,1.0000,0.0000,0,1,35651584,4096,1
176,176_baseline_sequential_run16,baseline,sequential,1778258908.745205,/big.txt,35651584,131072,sequential,1.0000,0.0000,0,1,35782656,4096,1
176,176_baseline_sequential_run16,baseline,sequential,1778258908.7453365,/big.txt,35782656,131072,sequential,1.0000,0.0000,0,1,35913728,4096,1
176,176_baseline_sequential_run16,baseline,sequential,1778258908.7454672,/big.txt,35913728,131072,sequential,1.0000,0.0000,0,1,36044800,4096,1
176,176_baseline_sequential_run16,baseline,sequential,1778258908.7455752,/big.txt,36044800,131072,sequential,1.0000,0.0000,0,1,36175872,4096,1
176,176_baseline_sequential_run16,baseline,sequential,1778258908.7456837,/big.txt,36175872,131072,sequential,1.0000,0.0000,0,1,36306944,4096,1
176,176_baseline_sequential_run16,baseline,sequential,1778258908.7457957,/big.txt,36306944,131072,sequential,1.0000,0.0000,0,1,36438016,4096,1
176,176_baseline_sequential_run16,baseline,sequential,1778258908.7458925,/big.txt,36438016,131072,sequential,1.0000,0.0000,0,1,36569088,4096,1
176,176_baseline_sequential_run16,baseline,sequential,1778258908.7459898,/big.txt,36569088,131072,sequential,1.0000,0.0000,0,1,36700160,4096,1
176,176_baseline_sequential_run16,baseline,sequential,1778258908.7460918,/big.txt,36700160,131072,sequential,1.0000,0.0000,0,1,36831232,4096,1
176,176_baseline_sequential_run16,baseline,sequential,1778258908.7461884,/big.txt,36831232,131072,sequential,1.0000,0.0000,0,1,36962304,4096,1
176,176_baseline_sequential_run16,baseline,sequential,1778258908.746285,/big.txt,36962304,131072,sequential,1.0000,0.0000,0,1,37093376,4096,1
176,176_baseline_sequential_run16,baseline,sequential,1778258908.7463796,/big.txt,37093376,131072,sequential,1.0000,0.0000,0,1,37224448,4096,1
176,176_baseline_sequential_run16,baseline,sequential,1778258908.746474,/big.txt,37224448,131072,sequential,1.0000,0.0000,0,1,37355520,4096,1
176,176_baseline_sequential_run16,baseline,sequential,1778258908.7465687,/big.txt,37355520,131072,sequential,1.0000,0.0000,0,1,37486592,4096,1
176,176_baseline_sequential_run16,baseline,sequential,1778258908.746668,/big.txt,37486592,131072,sequential,1.0000,0.0000,0,1,37617664,4096,1
176,176_baseline_sequential_run16,baseline,sequential,1778258908.7467623,/big.txt,37617664,131072,sequential,1.0000,0.0000,0,1,37748736,4096,1
176,176_baseline_sequential_run16,baseline,sequential,1778258908.7468648,/big.txt,37748736,131072,sequential,1.0000,0.0000,0,1,37879808,4096,1
176,176_baseline_sequential_run16,baseline,sequential,1778258908.7469945,/big.txt,37879808,131072,sequential,1.0000,0.0000,0,1,38010880,4096,1
176,176_baseline_sequential_run16,baseline,sequential,1778258908.747126,/big.txt,38010880,131072,sequential,1.0000,0.0000,0,1,38141952,4096,1
176,176_baseline_sequential_run16,baseline,sequential,1778258908.7472599,/big.txt,38141952,131072,sequential,1.0000,0.0000,0,1,38273024,4096,1
176,176_baseline_sequential_run16,baseline,sequential,1778258908.747392,/big.txt,38273024,131072,sequential,1.0000,0.0000,0,1,38404096,4096,1
176,176_baseline_sequential_run16,baseline,sequential,1778258908.7474887,/big.txt,38404096,131072,sequential,1.0000,0.0000,0,1,38535168,4096,1
176,176_baseline_sequential_run16,baseline,sequential,1778258908.747586,/big.txt,38535168,131072,sequential,1.0000,0.0000,0,1,38666240,4096,1
176,176_baseline_sequential_run16,baseline,sequential,1778258908.747682,/big.txt,38666240,131072,sequential,1.0000,0.0000,0,1,38797312,4096,1
176,176_baseline_sequential_run16,baseline,sequential,1778258908.7477787,/big.txt,38797312,131072,sequential,1.0000,0.0000,0,1,38928384,4096,1
176,176_baseline_sequential_run16,baseline,sequential,1778258908.7478745,/big.txt,38928384,131072,sequential,1.0000,0.0000,0,1,39059456,4096,1
176,176_baseline_sequential_run16,baseline,sequential,1778258908.7479706,/big.txt,39059456,131072,sequential,1.0000,0.0000,0,1,39190528,4096,1
176,176_baseline_sequential_run16,baseline,sequential,1778258908.7480671,/big.txt,39190528,131072,sequential,1.0000,0.0000,0,1,39321600,4096,1
176,176_baseline_sequential_run16,baseline,sequential,1778258908.7481675,/big.txt,39321600,131072,sequential,1.0000,0.0000,0,1,39452672,4096,1
176,176_baseline_sequential_run16,baseline,sequential,1778258908.7482617,/big.txt,39452672,131072,sequential,1.0000,0.0000,0,1,39583744,4096,1
176,176_baseline_sequential_run16,baseline,sequential,1778258908.7483566,/big.txt,39583744,131072,sequential,1.0000,0.0000,0,1,39714816,4096,1
176,176_baseline_sequential_run16,baseline,sequential,1778258908.7484546,/big.txt,39714816,131072,sequential,1.0000,0.0000,0,1,39845888,4096,1
176,176_baseline_sequential_run16,baseline,sequential,1778258908.7485502,/big.txt,39845888,131072,sequential,1.0000,0.0000,0,1,39976960,4096,1
176,176_baseline_sequential_run16,baseline,sequential,1778258908.748645,/big.txt,39976960,131072,sequential,1.0000,0.0000,0,1,40108032,4096,1
176,176_baseline_sequential_run16,baseline,sequential,1778258908.7487404,/big.txt,40108032,131072,sequential,1.0000,0.0000,0,1,40239104,4096,1
176,176_baseline_sequential_run16,baseline,sequential,1778258908.7488358,/big.txt,40239104,131072,sequential,1.0000,0.0000,0,1,40370176,4096,1
176,176_baseline_sequential_run16,baseline,sequential,1778258908.7489312,/big.txt,40370176,131072,sequential,1.0000,0.0000,0,1,40501248,4096,1
176,176_baseline_sequential_run16,baseline,sequential,1778258908.7490265,/big.txt,40501248,131072,sequential,1.0000,0.0000,0,1,40632320,4096,1
176,176_baseline_sequential_run16,baseline,sequential,1778258908.7491214,/big.txt,40632320,131072,sequential,1.0000,0.0000,0,1,40763392,4096,1
176,176_baseline_sequential_run16,baseline,sequential,1778258908.7492168,/big.txt,40763392,131072,sequential,1.0000,0.0000,0,1,40894464,4096,1
176,176_baseline_sequential_run16,baseline,sequential,1778258908.7493117,/big.txt,40894464,131072,sequential,1.0000,0.0000,0,1,41025536,4096,1
176,176_baseline_sequential_run16,baseline,sequential,1778258908.7494092,/big.txt,41025536,131072,sequential,1.0000,0.0000,0,1,41156608,4096,1
176,176_baseline_sequential_run16,baseline,sequential,1778258908.749509,/big.txt,41156608,131072,sequential,1.0000,0.0000,0,1,41287680,4096,1
176,176_baseline_sequential_run16,baseline,sequential,1778258908.749605,/big.txt,41287680,131072,sequential,1.0000,0.0000,0,1,41418752,4096,1
176,176_baseline_sequential_run16,baseline,sequential,1778258908.7497005,/big.txt,41418752,131072,sequential,1.0000,0.0000,0,1,41549824,4096,1
176,176_baseline_sequential_run16,baseline,sequential,1778258908.749796,/big.txt,41549824,131072,sequential,1.0000,0.0000,0,1,41680896,4096,1
176,176_baseline_sequential_run16,baseline,sequential,1778258908.749892,/big.txt,41680896,131072,sequential,1.0000,0.0000,0,1,41811968,4096,1
176,176_baseline_sequential_run16,baseline,sequential,1778258908.7499864,/big.txt,41811968,131072,sequential,1.0000,0.0000,0,1,41943040,4096,1
176,176_baseline_sequential_run16,baseline,sequential,1778258908.7500856,/big.txt,41943040,131072,sequential,1.0000,0.0000,0,1,42074112,4096,1
176,176_baseline_sequential_run16,baseline,sequential,1778258908.7501822,/big.txt,42074112,131072,sequential,1.0000,0.0000,0,1,42205184,4096,1
176,176_baseline_sequential_run16,baseline,sequential,1778258908.750277,/big.txt,42205184,131072,sequential,1.0000,0.0000,0,1,42336256,4096,1
176,176_baseline_sequential_run16,baseline,sequential,1778258908.7503724,/big.txt,42336256,131072,sequential,1.0000,0.0000,0,1,42467328,4096,1
176,176_baseline_sequential_run16,baseline,sequential,1778258908.7504685,/big.txt,42467328,131072,sequential,1.0000,0.0000,0,1,42598400,4096,1
176,176_baseline_sequential_run16,baseline,sequential,1778258908.7505646,/big.txt,42598400,131072,sequential,1.0000,0.0000,0,1,42729472,4096,1
176,176_baseline_sequential_run16,baseline,sequential,1778258908.7506602,/big.txt,42729472,131072,sequential,1.0000,0.0000,0,1,42860544,4096,1
176,176_baseline_sequential_run16,baseline,sequential,1778258908.750763,/big.txt,42860544,131072,sequential,1.0000,0.0000,0,1,42991616,4096,1
176,176_baseline_sequential_run16,baseline,sequential,1778258908.750856,/big.txt,42991616,131072,sequential,1.0000,0.0000,0,1,43122688,4096,1
176,176_baseline_sequential_run16,baseline,sequential,1778258908.7509851,/big.txt,43122688,131072,sequential,1.0000,0.0000,0,1,43253760,4096,1
176,176_baseline_sequential_run16,baseline,sequential,1778258908.751106,/big.txt,43253760,131072,sequential,1.0000,0.0000,0,1,43384832,4096,1
176,176_baseline_sequential_run16,baseline,sequential,1778258908.7512271,/big.txt,43384832,131072,sequential,1.0000,0.0000,0,1,43515904,4096,1
176,176_baseline_sequential_run16,baseline,sequential,1778258908.751353,/big.txt,43515904,131072,sequential,1.0000,0.0000,0,1,43646976,4096,1
176,176_baseline_sequential_run16,baseline,sequential,1778258908.7514746,/big.txt,43646976,131072,sequential,1.0000,0.0000,0,1,43778048,4096,1
176,176_baseline_sequential_run16,baseline,sequential,1778258908.7515638,/big.txt,43778048,131072,sequential,1.0000,0.0000,0,1,43909120,4096,1
176,176_baseline_sequential_run16,baseline,sequential,1778258908.7516549,/big.txt,43909120,131072,sequential,1.0000,0.0000,0,1,44040192,4096,1
176,176_baseline_sequential_run16,baseline,sequential,1778258908.7517433,/big.txt,44040192,131072,sequential,1.0000,0.0000,0,1,44171264,4096,1
176,176_baseline_sequential_run16,baseline,sequential,1778258908.7518337,/big.txt,44171264,131072,sequential,1.0000,0.0000,0,1,44302336,4096,1
176,176_baseline_sequential_run16,baseline,sequential,1778258908.7519221,/big.txt,44302336,131072,sequential,1.0000,0.0000,0,1,44433408,4096,1
176,176_baseline_sequential_run16,baseline,sequential,1778258908.7520092,/big.txt,44433408,131072,sequential,1.0000,0.0000,0,1,44564480,4096,1
176,176_baseline_sequential_run16,baseline,sequential,1778258908.7520974,/big.txt,44564480,131072,sequential,1.0000,0.0000,0,1,44695552,4096,1
176,176_baseline_sequential_run16,baseline,sequential,1778258908.7521853,/big.txt,44695552,131072,sequential,1.0000,0.0000,0,1,44826624,4096,1
176,176_baseline_sequential_run16,baseline,sequential,1778258908.7522712,/big.txt,44826624,131072,sequential,1.0000,0.0000,0,1,44957696,4096,1
176,176_baseline_sequential_run16,baseline,sequential,1778258908.7523608,/big.txt,44957696,131072,sequential,1.0000,0.0000,0,1,45088768,4096,1
176,176_baseline_sequential_run16,baseline,sequential,1778258908.7524464,/big.txt,45088768,131072,sequential,1.0000,0.0000,0,1,45219840,4096,1
176,176_baseline_sequential_run16,baseline,sequential,1778258908.7525322,/big.txt,45219840,131072,sequential,1.0000,0.0000,0,1,45350912,4096,1
176,176_baseline_sequential_run16,baseline,sequential,1778258908.7526186,/big.txt,45350912,131072,sequential,1.0000,0.0000,0,1,45481984,4096,1
176,176_baseline_sequential_run16,baseline,sequential,1778258908.752704,/big.txt,45481984,131072,sequential,1.0000,0.0000,0,1,45613056,4096,1
176,176_baseline_sequential_run16,baseline,sequential,1778258908.7527902,/big.txt,45613056,131072,sequential,1.0000,0.0000,0,1,45744128,4096,1
176,176_baseline_sequential_run16,baseline,sequential,1778258908.752876,/big.txt,45744128,131072,sequential,1.0000,0.0000,0,1,45875200,4096,1
176,176_baseline_sequential_run16,baseline,sequential,1778258908.752963,/big.txt,45875200,131072,sequential,1.0000,0.0000,0,1,46006272,4096,1
176,176_baseline_sequential_run16,baseline,sequential,1778258908.7530496,/big.txt,46006272,131072,sequential,1.0000,0.0000,0,1,46137344,4096,1
176,176_baseline_sequential_run16,baseline,sequential,1778258908.753136,/big.txt,46137344,131072,sequential,1.0000,0.0000,0,1,46268416,4096,1
176,176_baseline_sequential_run16,baseline,sequential,1778258908.7532256,/big.txt,46268416,131072,sequential,1.0000,0.0000,0,1,46399488,4096,1
176,176_baseline_sequential_run16,baseline,sequential,1778258908.753313,/big.txt,46399488,131072,sequential,1.0000,0.0000,0,1,46530560,4096,1
176,176_baseline_sequential_run16,baseline,sequential,1778258908.7533996,/big.txt,46530560,131072,sequential,1.0000,0.0000,0,1,46661632,4096,1
176,176_baseline_sequential_run16,baseline,sequential,1778258908.7534862,/big.txt,46661632,131072,sequential,1.0000,0.0000,0,1,46792704,4096,1
176,176_baseline_sequential_run16,baseline,sequential,1778258908.7535717,/big.txt,46792704,131072,sequential,1.0000,0.0000,0,1,46923776,4096,1
176,176_baseline_sequential_run16,baseline,sequential,1778258908.7536578,/big.txt,46923776,131072,sequential,1.0000,0.0000,0,1,47054848,4096,1
176,176_baseline_sequential_run16,baseline,sequential,1778258908.7537434,/big.txt,47054848,131072,sequential,1.0000,0.0000,0,1,47185920,4096,1
176,176_baseline_sequential_run16,baseline,sequential,1778258908.753838,/big.txt,47185920,131072,sequential,1.0000,0.0000,0,1,47316992,4096,1
176,176_baseline_sequential_run16,baseline,sequential,1778258908.753925,/big.txt,47316992,131072,sequential,1.0000,0.0000,0,1,47448064,4096,1
176,176_baseline_sequential_run16,baseline,sequential,1778258908.7540107,/big.txt,47448064,131072,sequential,1.0000,0.0000,0,1,47579136,4096,1
176,176_baseline_sequential_run16,baseline,sequential,1778258908.7540994,/big.txt,47579136,131072,sequential,1.0000,0.0000,0,1,47710208,4096,1
176,176_baseline_sequential_run16,baseline,sequential,1778258908.754186,/big.txt,47710208,131072,sequential,1.0000,0.0000,0,1,47841280,4096,1
176,176_baseline_sequential_run16,baseline,sequential,1778258908.7542717,/big.txt,47841280,131072,sequential,1.0000,0.0000,0,1,47972352,4096,1
176,176_baseline_sequential_run16,baseline,sequential,1778258908.7543578,/big.txt,47972352,131072,sequential,1.0000,0.0000,0,1,48103424,4096,1
176,176_baseline_sequential_run16,baseline,sequential,1778258908.7544456,/big.txt,48103424,131072,sequential,1.0000,0.0000,0,1,48234496,4096,1
176,176_baseline_sequential_run16,baseline,sequential,1778258908.7545328,/big.txt,48234496,131072,sequential,1.0000,0.0000,0,1,48365568,4096,1
176,176_baseline_sequential_run16,baseline,sequential,1778258908.754619,/big.txt,48365568,131072,sequential,1.0000,0.0000,0,1,48496640,4096,1
176,176_baseline_sequential_run16,baseline,sequential,1778258908.7547057,/big.txt,48496640,131072,sequential,1.0000,0.0000,0,1,48627712,4096,1
176,176_baseline_sequential_run16,baseline,sequential,1778258908.7548006,/big.txt,48627712,131072,sequential,1.0000,0.0000,0,1,48758784,4096,1
176,176_baseline_sequential_run16,baseline,sequential,1778258908.7548892,/big.txt,48758784,131072,sequential,1.0000,0.0000,0,1,48889856,4096,1
176,176_baseline_sequential_run16,baseline,sequential,1778258908.754976,/big.txt,48889856,131072,sequential,1.0000,0.0000,0,1,49020928,4096,1
176,176_baseline_sequential_run16,baseline,sequential,1778258908.7550623,/big.txt,49020928,131072,sequential,1.0000,0.0000,0,1,49152000,4096,1
176,176_baseline_sequential_run16,baseline,sequential,1778258908.7551477,/big.txt,49152000,131072,sequential,1.0000,0.0000,0,1,49283072,4096,1
176,176_baseline_sequential_run16,baseline,sequential,1778258908.7552345,/big.txt,49283072,131072,sequential,1.0000,0.0000,0,1,49414144,4096,1
176,176_baseline_sequential_run16,baseline,sequential,1778258908.7553208,/big.txt,49414144,131072,sequential,1.0000,0.0000,0,1,49545216,4096,1
176,176_baseline_sequential_run16,baseline,sequential,1778258908.7554069,/big.txt,49545216,131072,sequential,1.0000,0.0000,0,1,49676288,4096,1
176,176_baseline_sequential_run16,baseline,sequential,1778258908.7554932,/big.txt,49676288,131072,sequential,1.0000,0.0000,0,1,49807360,4096,1
176,176_baseline_sequential_run16,baseline,sequential,1778258908.7555802,/big.txt,49807360,131072,sequential,1.0000,0.0000,0,1,49938432,4096,1
176,176_baseline_sequential_run16,baseline,sequential,1778258908.755667,/big.txt,49938432,131072,sequential,1.0000,0.0000,0,1,50069504,4096,1
176,176_baseline_sequential_run16,baseline,sequential,1778258908.7557645,/big.txt,50069504,131072,sequential,1.0000,0.0000,0,1,50200576,4096,1
176,176_baseline_sequential_run16,baseline,sequential,1778258908.755853,/big.txt,50200576,131072,sequential,1.0000,0.0000,0,1,50331648,4096,1
176,176_baseline_sequential_run16,baseline,sequential,1778258908.755939,/big.txt,50331648,131072,sequential,1.0000,0.0000,0,1,50462720,4096,1
176,176_baseline_sequential_run16,baseline,sequential,1778258908.7560246,/big.txt,50462720,131072,sequential,1.0000,0.0000,0,1,50593792,4096,1
176,176_baseline_sequential_run16,baseline,sequential,1778258908.756111,/big.txt,50593792,131072,sequential,1.0000,0.0000,0,1,50724864,4096,1
176,176_baseline_sequential_run16,baseline,sequential,1778258908.7561955,/big.txt,50724864,131072,sequential,1.0000,0.0000,0,1,50855936,4096,1
176,176_baseline_sequential_run16,baseline,sequential,1778258908.7562797,/big.txt,50855936,131072,sequential,1.0000,0.0000,0,1,50987008,4096,1
176,176_baseline_sequential_run16,baseline,sequential,1778258908.7563646,/big.txt,50987008,131072,sequential,1.0000,0.0000,0,1,51118080,4096,1
176,176_baseline_sequential_run16,baseline,sequential,1778258908.756449,/big.txt,51118080,131072,sequential,1.0000,0.0000,0,1,51249152,4096,1
176,176_baseline_sequential_run16,baseline,sequential,1778258908.7565336,/big.txt,51249152,131072,sequential,1.0000,0.0000,0,1,51380224,4096,1
176,176_baseline_sequential_run16,baseline,sequential,1778258908.756618,/big.txt,51380224,131072,sequential,1.0000,0.0000,0,1,51511296,4096,1
176,176_baseline_sequential_run16,baseline,sequential,1778258908.7567024,/big.txt,51511296,131072,sequential,1.0000,0.0000,0,1,51642368,4096,1
176,176_baseline_sequential_run16,baseline,sequential,1778258908.7567875,/big.txt,51642368,131072,sequential,1.0000,0.0000,0,1,51773440,4096,1
176,176_baseline_sequential_run16,baseline,sequential,1778258908.7568755,/big.txt,51773440,131072,sequential,1.0000,0.0000,0,1,51904512,4096,1
176,176_baseline_sequential_run16,baseline,sequential,1778258908.7569616,/big.txt,51904512,131072,sequential,1.0000,0.0000,0,1,52035584,4096,1
176,176_baseline_sequential_run16,baseline,sequential,1778258908.7570467,/big.txt,52035584,131072,sequential,1.0000,0.0000,0,1,52166656,4096,1
176,176_baseline_sequential_run16,baseline,sequential,1778258908.7571309,/big.txt,52166656,131072,sequential,1.0000,0.0000,0,1,52297728,4096,1
176,176_baseline_sequential_run16,baseline,sequential,1778258908.7572222,/big.txt,52297728,131072,sequential,1.0000,0.0000,0,1,52428800,4096,1
176,176_baseline_sequential_run16,baseline,sequential,1778258908.7573135,/big.txt,52428800,131072,sequential,1.0000,0.0000,0,1,52559872,4096,1
176,176_baseline_sequential_run16,baseline,sequential,1778258908.7574017,/big.txt,52559872,131072,sequential,1.0000,0.0000,0,1,52690944,4096,1
176,176_baseline_sequential_run16,baseline,sequential,1778258908.7574868,/big.txt,52690944,131072,sequential,1.0000,0.0000,0,1,52822016,4096,1
176,176_baseline_sequential_run16,baseline,sequential,1778258908.7575724,/big.txt,52822016,131072,sequential,1.0000,0.0000,0,1,52953088,4096,1
176,176_baseline_sequential_run16,baseline,sequential,1778258908.7576575,/big.txt,52953088,131072,sequential,1.0000,0.0000,0,1,53084160,4096,1
176,176_baseline_sequential_run16,baseline,sequential,1778258908.7577448,/big.txt,53084160,131072,sequential,1.0000,0.0000,0,1,53215232,4096,1
176,176_baseline_sequential_run16,baseline,sequential,1778258908.7578306,/big.txt,53215232,131072,sequential,1.0000,0.0000,0,1,53346304,4096,1
176,176_baseline_sequential_run16,baseline,sequential,1778258908.7579162,/big.txt,53346304,131072,sequential,1.0000,0.0000,0,1,53477376,4096,1
176,176_baseline_sequential_run16,baseline,sequential,1778258908.7580006,/big.txt,53477376,131072,sequential,1.0000,0.0000,0,1,53608448,4096,1
176,176_baseline_sequential_run16,baseline,sequential,1778258908.758086,/big.txt,53608448,131072,sequential,1.0000,0.0000,0,1,53739520,4096,1
176,176_baseline_sequential_run16,baseline,sequential,1778258908.7581706,/big.txt,53739520,131072,sequential,1.0000,0.0000,0,1,53870592,4096,1
176,176_baseline_sequential_run16,baseline,sequential,1778258908.758257,/big.txt,53870592,131072,sequential,1.0000,0.0000,0,1,54001664,4096,1
176,176_baseline_sequential_run16,baseline,sequential,1778258908.7583416,/big.txt,54001664,131072,sequential,1.0000,0.0000,0,1,54132736,4096,1
176,176_baseline_sequential_run16,baseline,sequential,1778258908.7584276,/big.txt,54132736,131072,sequential,1.0000,0.0000,0,1,54263808,4096,1
176,176_baseline_sequential_run16,baseline,sequential,1778258908.758513,/big.txt,54263808,131072,sequential,1.0000,0.0000,0,1,54394880,4096,1
176,176_baseline_sequential_run16,baseline,sequential,1778258908.7585986,/big.txt,54394880,131072,sequential,1.0000,0.0000,0,1,54525952,4096,1
176,176_baseline_sequential_run16,baseline,sequential,1778258908.7586846,/big.txt,54525952,131072,sequential,1.0000,0.0000,0,1,54657024,4096,1
176,176_baseline_sequential_run16,baseline,sequential,1778258908.7587695,/big.txt,54657024,131072,sequential,1.0000,0.0000,0,1,54788096,4096,1
176,176_baseline_sequential_run16,baseline,sequential,1778258908.7588685,/big.txt,54788096,131072,sequential,1.0000,0.0000,0,1,54919168,4096,1
176,176_baseline_sequential_run16,baseline,sequential,1778258908.7589545,/big.txt,54919168,131072,sequential,1.0000,0.0000,0,1,55050240,4096,1
176,176_baseline_sequential_run16,baseline,sequential,1778258908.75904,/big.txt,55050240,131072,sequential,1.0000,0.0000,0,1,55181312,4096,1
176,176_baseline_sequential_run16,baseline,sequential,1778258908.759127,/big.txt,55181312,131072,sequential,1.0000,0.0000,0,1,55312384,4096,1
176,176_baseline_sequential_run16,baseline,sequential,1778258908.7592127,/big.txt,55312384,131072,sequential,1.0000,0.0000,0,1,55443456,4096,1
176,176_baseline_sequential_run16,baseline,sequential,1778258908.7592988,/big.txt,55443456,131072,sequential,1.0000,0.0000,0,1,55574528,4096,1
176,176_baseline_sequential_run16,baseline,sequential,1778258908.7593842,/big.txt,55574528,131072,sequential,1.0000,0.0000,0,1,55705600,4096,1
176,176_baseline_sequential_run16,baseline,sequential,1778258908.7594702,/big.txt,55705600,131072,sequential,1.0000,0.0000,0,1,55836672,4096,1
176,176_baseline_sequential_run16,baseline,sequential,1778258908.759556,/big.txt,55836672,131072,sequential,1.0000,0.0000,0,1,55967744,4096,1
176,176_baseline_sequential_run16,baseline,sequential,1778258908.7596443,/big.txt,55967744,131072,sequential,1.0000,0.0000,0,1,56098816,4096,1
176,176_baseline_sequential_run16,baseline,sequential,1778258908.7597353,/big.txt,56098816,131072,sequential,1.0000,0.0000,0,1,56229888,4096,1
176,176_baseline_sequential_run16,baseline,sequential,1778258908.759823,/big.txt,56229888,131072,sequential,1.0000,0.0000,0,1,56360960,4096,1
176,176_baseline_sequential_run16,baseline,sequential,1778258908.759909,/big.txt,56360960,131072,sequential,1.0000,0.0000,0,1,56492032,4096,1
176,176_baseline_sequential_run16,baseline,sequential,1778258908.7599971,/big.txt,56492032,131072,sequential,1.0000,0.0000,0,1,56623104,4096,1
176,176_baseline_sequential_run16,baseline,sequential,1778258908.7600832,/big.txt,56623104,131072,sequential,1.0000,0.0000,0,1,56754176,4096,1
176,176_baseline_sequential_run16,baseline,sequential,1778258908.760169,/big.txt,56754176,131072,sequential,1.0000,0.0000,0,1,56885248,4096,1
176,176_baseline_sequential_run16,baseline,sequential,1778258908.7602541,/big.txt,56885248,131072,sequential,1.0000,0.0000,0,1,57016320,4096,1
176,176_baseline_sequential_run16,baseline,sequential,1778258908.76034,/big.txt,57016320,131072,sequential,1.0000,0.0000,0,1,57147392,4096,1
176,176_baseline_sequential_run16,baseline,sequential,1778258908.7604258,/big.txt,57147392,131072,sequential,1.0000,0.0000,0,1,57278464,4096,1
176,176_baseline_sequential_run16,baseline,sequential,1778258908.7605114,/big.txt,57278464,131072,sequential,1.0000,0.0000,0,1,57409536,4096,1
176,176_baseline_sequential_run16,baseline,sequential,1778258908.7605965,/big.txt,57409536,131072,sequential,1.0000,0.0000,0,1,57540608,4096,1
176,176_baseline_sequential_run16,baseline,sequential,1778258908.7606866,/big.txt,57540608,131072,sequential,1.0000,0.0000,0,1,57671680,4096,1
176,176_baseline_sequential_run16,baseline,sequential,1778258908.7607725,/big.txt,57671680,131072,sequential,1.0000,0.0000,0,1,57802752,4096,1
176,176_baseline_sequential_run16,baseline,sequential,1778258908.7608583,/big.txt,57802752,131072,sequential,1.0000,0.0000,0,1,57933824,4096,1
176,176_baseline_sequential_run16,baseline,sequential,1778258908.7609437,/big.txt,57933824,131072,sequential,1.0000,0.0000,0,1,58064896,4096,1
176,176_baseline_sequential_run16,baseline,sequential,1778258908.7610288,/big.txt,58064896,131072,sequential,1.0000,0.0000,0,1,58195968,4096,1
176,176_baseline_sequential_run16,baseline,sequential,1778258908.7611146,/big.txt,58195968,131072,sequential,1.0000,0.0000,0,1,58327040,4096,1
176,176_baseline_sequential_run16,baseline,sequential,1778258908.7612011,/big.txt,58327040,131072,sequential,1.0000,0.0000,0,1,58458112,4096,1
176,176_baseline_sequential_run16,baseline,sequential,1778258908.761287,/big.txt,58458112,131072,sequential,1.0000,0.0000,0,1,58589184,4096,1
176,176_baseline_sequential_run16,baseline,sequential,1778258908.7613719,/big.txt,58589184,131072,sequential,1.0000,0.0000,0,1,58720256,4096,1
176,176_baseline_sequential_run16,baseline,sequential,1778258908.7614574,/big.txt,58720256,131072,sequential,1.0000,0.0000,0,1,58851328,4096,1
176,176_baseline_sequential_run16,baseline,sequential,1778258908.7615428,/big.txt,58851328,131072,sequential,1.0000,0.0000,0,1,58982400,4096,1
176,176_baseline_sequential_run16,baseline,sequential,1778258908.7616284,/big.txt,58982400,131072,sequential,1.0000,0.0000,0,1,59113472,4096,1
176,176_baseline_sequential_run16,baseline,sequential,1778258908.7617137,/big.txt,59113472,131072,sequential,1.0000,0.0000,0,1,59244544,4096,1
176,176_baseline_sequential_run16,baseline,sequential,1778258908.7618027,/big.txt,59244544,131072,sequential,1.0000,0.0000,0,1,59375616,4096,1
176,176_baseline_sequential_run16,baseline,sequential,1778258908.7618892,/big.txt,59375616,131072,sequential,1.0000,0.0000,0,1,59506688,4096,1
176,176_baseline_sequential_run16,baseline,sequential,1778258908.7619746,/big.txt,59506688,131072,sequential,1.0000,0.0000,0,1,59637760,4096,1
176,176_baseline_sequential_run16,baseline,sequential,1778258908.7620597,/big.txt,59637760,131072,sequential,1.0000,0.0000,0,1,59768832,4096,1
176,176_baseline_sequential_run16,baseline,sequential,1778258908.7621477,/big.txt,59768832,131072,sequential,1.0000,0.0000,0,1,59899904,4096,1
176,176_baseline_sequential_run16,baseline,sequential,1778258908.7622411,/big.txt,59899904,131072,sequential,1.0000,0.0000,0,1,60030976,4096,1
176,176_baseline_sequential_run16,baseline,sequential,1778258908.7623286,/big.txt,60030976,131072,sequential,1.0000,0.0000,0,1,60162048,4096,1
176,176_baseline_sequential_run16,baseline,sequential,1778258908.7624245,/big.txt,60162048,131072,sequential,1.0000,0.0000,0,1,60293120,4096,1
176,176_baseline_sequential_run16,baseline,sequential,1778258908.7625132,/big.txt,60293120,131072,sequential,1.0000,0.0000,0,1,60424192,4096,1
176,176_baseline_sequential_run16,baseline,sequential,1778258908.7625997,/big.txt,60424192,131072,sequential,1.0000,0.0000,0,1,60555264,4096,1
176,176_baseline_sequential_run16,baseline,sequential,1778258908.762686,/big.txt,60555264,131072,sequential,1.0000,0.0000,0,1,60686336,4096,1
176,176_baseline_sequential_run16,baseline,sequential,1778258908.7627797,/big.txt,60686336,131072,sequential,1.0000,0.0000,0,1,60817408,4096,1
176,176_baseline_sequential_run16,baseline,sequential,1778258908.7628686,/big.txt,60817408,131072,sequential,1.0000,0.0000,0,1,60948480,4096,1
176,176_baseline_sequential_run16,baseline,sequential,1778258908.7629547,/big.txt,60948480,131072,sequential,1.0000,0.0000,0,1,61079552,4096,1
176,176_baseline_sequential_run16,baseline,sequential,1778258908.7630405,/big.txt,61079552,131072,sequential,1.0000,0.0000,0,1,61210624,4096,1
176,176_baseline_sequential_run16,baseline,sequential,1778258908.7631269,/big.txt,61210624,131072,sequential,1.0000,0.0000,0,1,61341696,4096,1
176,176_baseline_sequential_run16,baseline,sequential,1778258908.7632124,/big.txt,61341696,131072,sequential,1.0000,0.0000,0,1,61472768,4096,1
176,176_baseline_sequential_run16,baseline,sequential,1778258908.7633002,/big.txt,61472768,131072,sequential,1.0000,0.0000,0,1,61603840,4096,1
176,176_baseline_sequential_run16,baseline,sequential,1778258908.7633867,/big.txt,61603840,131072,sequential,1.0000,0.0000,0,1,61734912,4096,1
176,176_baseline_sequential_run16,baseline,sequential,1778258908.763473,/big.txt,61734912,131072,sequential,1.0000,0.0000,0,1,61865984,4096,1
176,176_baseline_sequential_run16,baseline,sequential,1778258908.7635598,/big.txt,61865984,131072,sequential,1.0000,0.0000,0,1,61997056,4096,1
176,176_baseline_sequential_run16,baseline,sequential,1778258908.7636454,/big.txt,61997056,131072,sequential,1.0000,0.0000,0,1,62128128,4096,1
176,176_baseline_sequential_run16,baseline,sequential,1778258908.763732,/big.txt,62128128,131072,sequential,1.0000,0.0000,0,1,62259200,4096,1
176,176_baseline_sequential_run16,baseline,sequential,1778258908.7638216,/big.txt,62259200,131072,sequential,1.0000,0.0000,0,1,62390272,4096,1
176,176_baseline_sequential_run16,baseline,sequential,1778258908.7639089,/big.txt,62390272,131072,sequential,1.0000,0.0000,0,1,62521344,4096,1
176,176_baseline_sequential_run16,baseline,sequential,1778258908.7639945,/big.txt,62521344,131072,sequential,1.0000,0.0000,0,1,62652416,4096,1
176,176_baseline_sequential_run16,baseline,sequential,1778258908.7640796,/big.txt,62652416,131072,sequential,1.0000,0.0000,0,1,62783488,4096,1
176,176_baseline_sequential_run16,baseline,sequential,1778258908.7641687,/big.txt,62783488,131072,sequential,1.0000,0.0000,0,1,62914560,4096,1
176,176_baseline_sequential_run16,baseline,sequential,1778258908.7642555,/big.txt,62914560,131072,sequential,1.0000,0.0000,0,1,63045632,4096,1
176,176_baseline_sequential_run16,baseline,sequential,1778258908.7643414,/big.txt,63045632,131072,sequential,1.0000,0.0000,0,1,63176704,4096,1
176,176_baseline_sequential_run16,baseline,sequential,1778258908.7644274,/big.txt,63176704,131072,sequential,1.0000,0.0000,0,1,63307776,4096,1
176,176_baseline_sequential_run16,baseline,sequential,1778258908.7645135,/big.txt,63307776,131072,sequential,1.0000,0.0000,0,1,63438848,4096,1
176,176_baseline_sequential_run16,baseline,sequential,1778258908.764599,/big.txt,63438848,131072,sequential,1.0000,0.0000,0,1,63569920,4096,1
176,176_baseline_sequential_run16,baseline,sequential,1778258908.7646894,/big.txt,63569920,131072,sequential,1.0000,0.0000,0,1,63700992,4096,1
176,176_baseline_sequential_run16,baseline,sequential,1778258908.7647755,/big.txt,63700992,131072,sequential,1.0000,0.0000,0,1,63832064,4096,1
176,176_baseline_sequential_run16,baseline,sequential,1778258908.7648613,/big.txt,63832064,131072,sequential,1.0000,0.0000,0,1,63963136,4096,1
176,176_baseline_sequential_run16,baseline,sequential,1778258908.764948,/big.txt,63963136,131072,sequential,1.0000,0.0000,0,1,64094208,4096,1
176,176_baseline_sequential_run16,baseline,sequential,1778258908.7650337,/big.txt,64094208,131072,sequential,1.0000,0.0000,0,1,64225280,4096,1
176,176_baseline_sequential_run16,baseline,sequential,1778258908.7651193,/big.txt,64225280,131072,sequential,1.0000,0.0000,0,1,64356352,4096,1
176,176_baseline_sequential_run16,baseline,sequential,1778258908.7652082,/big.txt,64356352,131072,sequential,1.0000,0.0000,0,1,64487424,4096,1
176,176_baseline_sequential_run16,baseline,sequential,1778258908.7652943,/big.txt,64487424,131072,sequential,1.0000,0.0000,0,1,64618496,4096,1
176,176_baseline_sequential_run16,baseline,sequential,1778258908.7653806,/big.txt,64618496,131072,sequential,1.0000,0.0000,0,1,64749568,4096,1
176,176_baseline_sequential_run16,baseline,sequential,1778258908.7654674,/big.txt,64749568,131072,sequential,1.0000,0.0000,0,1,64880640,4096,1
176,176_baseline_sequential_run16,baseline,sequential,1778258908.7655566,/big.txt,64880640,131072,sequential,1.0000,0.0000,0,1,65011712,4096,1
176,176_baseline_sequential_run16,baseline,sequential,1778258908.7656431,/big.txt,65011712,131072,sequential,1.0000,0.0000,0,1,65142784,4096,1
176,176_baseline_sequential_run16,baseline,sequential,1778258908.7657318,/big.txt,65142784,131072,sequential,1.0000,0.0000,0,1,65273856,4096,1
176,176_baseline_sequential_run16,baseline,sequential,1778258908.765819,/big.txt,65273856,131072,sequential,1.0000,0.0000,0,1,65404928,4096,1
176,176_baseline_sequential_run16,baseline,sequential,1778258908.7659051,/big.txt,65404928,131072,sequential,1.0000,0.0000,0,1,65536000,4096,1
176,176_baseline_sequential_run16,baseline,sequential,1778258908.765992,/big.txt,65536000,131072,sequential,1.0000,0.0000,0,1,65667072,4096,1
176,176_baseline_sequential_run16,baseline,sequential,1778258908.7660785,/big.txt,65667072,131072,sequential,1.0000,0.0000,0,1,65798144,4096,1
176,176_baseline_sequential_run16,baseline,sequential,1778258908.7661645,/big.txt,65798144,131072,sequential,1.0000,0.0000,0,1,65929216,4096,1
176,176_baseline_sequential_run16,baseline,sequential,1778258908.7662506,/big.txt,65929216,131072,sequential,1.0000,0.0000,0,1,66060288,4096,1
176,176_baseline_sequential_run16,baseline,sequential,1778258908.7663376,/big.txt,66060288,131072,sequential,1.0000,0.0000,0,1,66191360,4096,1
176,176_baseline_sequential_run16,baseline,sequential,1778258908.7664247,/big.txt,66191360,131072,sequential,1.0000,0.0000,0,1,66322432,4096,1
176,176_baseline_sequential_run16,baseline,sequential,1778258908.7665112,/big.txt,66322432,131072,sequential,1.0000,0.0000,0,1,66453504,4096,1
176,176_baseline_sequential_run16,baseline,sequential,1778258908.766598,/big.txt,66453504,131072,sequential,1.0000,0.0000,0,1,66584576,4096,1
176,176_baseline_sequential_run16,baseline,sequential,1778258908.766684,/big.txt,66584576,131072,sequential,1.0000,0.0000,0,1,66715648,4096,1
176,176_baseline_sequential_run16,baseline,sequential,1778258908.7667706,/big.txt,66715648,131072,sequential,1.0000,0.0000,0,1,66846720,4096,1
176,176_baseline_sequential_run16,baseline,sequential,1778258908.7668831,/big.txt,66846720,131072,sequential,1.0000,0.0000,0,1,66977792,4096,1
176,176_baseline_sequential_run16,baseline,sequential,1778258908.7669709,/big.txt,66977792,131072,sequential,1.0000,0.0000,0,1,67108864,4096,1
176,176_baseline_sequential_run16,baseline,sequential,1778258908.7670572,/big.txt,67108864,131072,sequential,1.0000,0.0000,0,1,67239936,4096,1
176,176_baseline_sequential_run16,baseline,sequential,1778258908.7671432,/big.txt,67239936,131072,sequential,1.0000,0.0000,0,1,67371008,4096,1
176,176_baseline_sequential_run16,baseline,sequential,1778258908.7672853,/big.txt,67371008,131072,sequential,1.0000,0.0000,0,1,67502080,4096,1
176,176_baseline_sequential_run16,baseline,sequential,1778258908.7673736,/big.txt,67502080,131072,sequential,1.0000,0.0000,0,1,67633152,4096,1
176,176_baseline_sequential_run16,baseline,sequential,1778258908.7674606,/big.txt,67633152,131072,sequential,1.0000,0.0000,0,1,67764224,4096,1
176,176_baseline_sequential_run16,baseline,sequential,1778258908.7675474,/big.txt,67764224,131072,sequential,1.0000,0.0000,0,1,67895296,4096,1
176,176_baseline_sequential_run16,baseline,sequential,1778258908.7676342,/big.txt,67895296,131072,sequential,1.0000,0.0000,0,1,68026368,4096,1
176,176_baseline_sequential_run16,baseline,sequential,1778258908.7677245,/big.txt,68026368,131072,sequential,1.0000,0.0000,0,1,68157440,4096,1
176,176_baseline_sequential_run16,baseline,sequential,1778258908.767812,/big.txt,68157440,131072,sequential,1.0000,0.0000,0,1,68288512,4096,1
176,176_baseline_sequential_run16,baseline,sequential,1778258908.767904,/big.txt,68288512,131072,sequential,1.0000,0.0000,0,1,68419584,4096,1
176,176_baseline_sequential_run16,baseline,sequential,1778258908.7679923,/big.txt,68419584,131072,sequential,1.0000,0.0000,0,1,68550656,4096,1
176,176_baseline_sequential_run16,baseline,sequential,1778258908.768084,/big.txt,68550656,131072,sequential,1.0000,0.0000,0,1,68681728,4096,1
176,176_baseline_sequential_run16,baseline,sequential,1778258908.768171,/big.txt,68681728,131072,sequential,1.0000,0.0000,0,1,68812800,4096,1
176,176_baseline_sequential_run16,baseline,sequential,1778258908.768258,/big.txt,68812800,131072,sequential,1.0000,0.0000,0,1,68943872,4096,1
176,176_baseline_sequential_run16,baseline,sequential,1778258908.7683442,/big.txt,68943872,131072,sequential,1.0000,0.0000,0,1,69074944,4096,1
176,176_baseline_sequential_run16,baseline,sequential,1778258908.7684338,/big.txt,69074944,131072,sequential,1.0000,0.0000,0,1,69206016,4096,1
176,176_baseline_sequential_run16,baseline,sequential,1778258908.7685223,/big.txt,69206016,131072,sequential,1.0000,0.0000,0,1,69337088,4096,1
176,176_baseline_sequential_run16,baseline,sequential,1778258908.7686102,/big.txt,69337088,131072,sequential,1.0000,0.0000,0,1,69468160,4096,1
176,176_baseline_sequential_run16,baseline,sequential,1778258908.7686965,/big.txt,69468160,131072,sequential,1.0000,0.0000,0,1,69599232,4096,1
176,176_baseline_sequential_run16,baseline,sequential,1778258908.768783,/big.txt,69599232,131072,sequential,1.0000,0.0000,0,1,69730304,4096,1
176,176_baseline_sequential_run16,baseline,sequential,1778258908.7688699,/big.txt,69730304,131072,sequential,1.0000,0.0000,0,1,69861376,4096,1
176,176_baseline_sequential_run16,baseline,sequential,1778258908.768956,/big.txt,69861376,131072,sequential,1.0000,0.0000,0,1,69992448,4096,1
176,176_baseline_sequential_run16,baseline,sequential,1778258908.7690425,/big.txt,69992448,131072,sequential,1.0000,0.0000,0,1,70123520,4096,1
176,176_baseline_sequential_run16,baseline,sequential,1778258908.7691286,/big.txt,70123520,131072,sequential,1.0000,0.0000,0,1,70254592,4096,1
176,176_baseline_sequential_run16,baseline,sequential,1778258908.7692158,/big.txt,70254592,131072,sequential,1.0000,0.0000,0,1,70385664,4096,1
176,176_baseline_sequential_run16,baseline,sequential,1778258908.7693021,/big.txt,70385664,131072,sequential,1.0000,0.0000,0,1,70516736,4096,1
176,176_baseline_sequential_run16,baseline,sequential,1778258908.769388,/big.txt,70516736,131072,sequential,1.0000,0.0000,0,1,70647808,4096,1
176,176_baseline_sequential_run16,baseline,sequential,1778258908.769474,/big.txt,70647808,131072,sequential,1.0000,0.0000,0,1,70778880,4096,1
176,176_baseline_sequential_run16,baseline,sequential,1778258908.769561,/big.txt,70778880,131072,sequential,1.0000,0.0000,0,1,70909952,4096,1
176,176_baseline_sequential_run16,baseline,sequential,1778258908.7696471,/big.txt,70909952,131072,sequential,1.0000,0.0000,0,1,71041024,4096,1
176,176_baseline_sequential_run16,baseline,sequential,1778258908.7697377,/big.txt,71041024,131072,sequential,1.0000,0.0000,0,1,71172096,4096,1
176,176_baseline_sequential_run16,baseline,sequential,1778258908.7698238,/big.txt,71172096,131072,sequential,1.0000,0.0000,0,1,71303168,4096,1
176,176_baseline_sequential_run16,baseline,sequential,1778258908.7699132,/big.txt,71303168,131072,sequential,1.0000,0.0000,0,1,71434240,4096,1
176,176_baseline_sequential_run16,baseline,sequential,1778258908.769999,/big.txt,71434240,131072,sequential,1.0000,0.0000,0,1,71565312,4096,1
176,176_baseline_sequential_run16,baseline,sequential,1778258908.7700849,/big.txt,71565312,131072,sequential,1.0000,0.0000,0,1,71696384,4096,1
176,176_baseline_sequential_run16,baseline,sequential,1778258908.7701712,/big.txt,71696384,131072,sequential,1.0000,0.0000,0,1,71827456,4096,1
176,176_baseline_sequential_run16,baseline,sequential,1778258908.7702577,/big.txt,71827456,131072,sequential,1.0000,0.0000,0,1,71958528,4096,1
176,176_baseline_sequential_run16,baseline,sequential,1778258908.770343,/big.txt,71958528,131072,sequential,1.0000,0.0000,0,1,72089600,4096,1
176,176_baseline_sequential_run16,baseline,sequential,1778258908.7704291,/big.txt,72089600,131072,sequential,1.0000,0.0000,0,1,72220672,4096,1
176,176_baseline_sequential_run16,baseline,sequential,1778258908.7705162,/big.txt,72220672,131072,sequential,1.0000,0.0000,0,1,72351744,4096,1
176,176_baseline_sequential_run16,baseline,sequential,1778258908.7706025,/big.txt,72351744,131072,sequential,1.0000,0.0000,0,1,72482816,4096,1
176,176_baseline_sequential_run16,baseline,sequential,1778258908.7706883,/big.txt,72482816,131072,sequential,1.0000,0.0000,0,1,72613888,4096,1
176,176_baseline_sequential_run16,baseline,sequential,1778258908.7707794,/big.txt,72613888,131072,sequential,1.0000,0.0000,0,1,72744960,4096,1
176,176_baseline_sequential_run16,baseline,sequential,1778258908.7708702,/big.txt,72744960,131072,sequential,1.0000,0.0000,0,1,72876032,4096,1
176,176_baseline_sequential_run16,baseline,sequential,1778258908.7709572,/big.txt,72876032,131072,sequential,1.0000,0.0000,0,1,73007104,4096,1
176,176_baseline_sequential_run16,baseline,sequential,1778258908.7710438,/big.txt,73007104,131072,sequential,1.0000,0.0000,0,1,73138176,4096,1
176,176_baseline_sequential_run16,baseline,sequential,1778258908.7711337,/big.txt,73138176,131072,sequential,1.0000,0.0000,0,1,73269248,4096,1
176,176_baseline_sequential_run16,baseline,sequential,1778258908.7712245,/big.txt,73269248,131072,sequential,1.0000,0.0000,0,1,73400320,4096,1
176,176_baseline_sequential_run16,baseline,sequential,1778258908.771311,/big.txt,73400320,131072,sequential,1.0000,0.0000,0,1,73531392,4096,1
176,176_baseline_sequential_run16,baseline,sequential,1778258908.771398,/big.txt,73531392,131072,sequential,1.0000,0.0000,0,1,73662464,4096,1
176,176_baseline_sequential_run16,baseline,sequential,1778258908.771486,/big.txt,73662464,131072,sequential,1.0000,0.0000,0,1,73793536,4096,1
176,176_baseline_sequential_run16,baseline,sequential,1778258908.771573,/big.txt,73793536,131072,sequential,1.0000,0.0000,0,1,73924608,4096,1
176,176_baseline_sequential_run16,baseline,sequential,1778258908.7716606,/big.txt,73924608,131072,sequential,1.0000,0.0000,0,1,74055680,4096,1
176,176_baseline_sequential_run16,baseline,sequential,1778258908.771748,/big.txt,74055680,131072,sequential,1.0000,0.0000,0,1,74186752,4096,1
176,176_baseline_sequential_run16,baseline,sequential,1778258908.7718349,/big.txt,74186752,131072,sequential,1.0000,0.0000,0,1,74317824,4096,1
176,176_baseline_sequential_run16,baseline,sequential,1778258908.7719254,/big.txt,74317824,131072,sequential,1.0000,0.0000,0,1,74448896,4096,1
176,176_baseline_sequential_run16,baseline,sequential,1778258908.7720125,/big.txt,74448896,131072,sequential,1.0000,0.0000,0,1,74579968,4096,1
176,176_baseline_sequential_run16,baseline,sequential,1778258908.7720997,/big.txt,74579968,131072,sequential,1.0000,0.0000,0,1,74711040,4096,1
176,176_baseline_sequential_run16,baseline,sequential,1778258908.7721863,/big.txt,74711040,131072,sequential,1.0000,0.0000,0,1,74842112,4096,1
176,176_baseline_sequential_run16,baseline,sequential,1778258908.7722783,/big.txt,74842112,131072,sequential,1.0000,0.0000,0,1,74973184,4096,1
176,176_baseline_sequential_run16,baseline,sequential,1778258908.772365,/big.txt,74973184,131072,sequential,1.0000,0.0000,0,1,75104256,4096,1
176,176_baseline_sequential_run16,baseline,sequential,1778258908.772452,/big.txt,75104256,131072,sequential,1.0000,0.0000,0,1,75235328,4096,1
176,176_baseline_sequential_run16,baseline,sequential,1778258908.7725384,/big.txt,75235328,131072,sequential,1.0000,0.0000,0,1,75366400,4096,1
176,176_baseline_sequential_run16,baseline,sequential,1778258908.772625,/big.txt,75366400,131072,sequential,1.0000,0.0000,0,1,75497472,4096,1
176,176_baseline_sequential_run16,baseline,sequential,1778258908.7727125,/big.txt,75497472,131072,sequential,1.0000,0.0000,0,1,75628544,4096,1
176,176_baseline_sequential_run16,baseline,sequential,1778258908.7728,/big.txt,75628544,131072,sequential,1.0000,0.0000,0,1,75759616,4096,1
176,176_baseline_sequential_run16,baseline,sequential,1778258908.772887,/big.txt,75759616,131072,sequential,1.0000,0.0000,0,1,75890688,4096,1
176,176_baseline_sequential_run16,baseline,sequential,1778258908.7729735,/big.txt,75890688,131072,sequential,1.0000,0.0000,0,1,76021760,4096,1
176,176_baseline_sequential_run16,baseline,sequential,1778258908.7730606,/big.txt,76021760,131072,sequential,1.0000,0.0000,0,1,76152832,4096,1
176,176_baseline_sequential_run16,baseline,sequential,1778258908.7731473,/big.txt,76152832,131072,sequential,1.0000,0.0000,0,1,76283904,4096,1
176,176_baseline_sequential_run16,baseline,sequential,1778258908.773234,/big.txt,76283904,131072,sequential,1.0000,0.0000,0,1,76414976,4096,1
176,176_baseline_sequential_run16,baseline,sequential,1778258908.7733216,/big.txt,76414976,131072,sequential,1.0000,0.0000,0,1,76546048,4096,1
176,176_baseline_sequential_run16,baseline,sequential,1778258908.7734082,/big.txt,76546048,131072,sequential,1.0000,0.0000,0,1,76677120,4096,1
176,176_baseline_sequential_run16,baseline,sequential,1778258908.7734942,/big.txt,76677120,131072,sequential,1.0000,0.0000,0,1,76808192,4096,1
176,176_baseline_sequential_run16,baseline,sequential,1778258908.7735806,/big.txt,76808192,131072,sequential,1.0000,0.0000,0,1,76939264,4096,1
176,176_baseline_sequential_run16,baseline,sequential,1778258908.7736719,/big.txt,76939264,131072,sequential,1.0000,0.0000,0,1,77070336,4096,1
176,176_baseline_sequential_run16,baseline,sequential,1778258908.773759,/big.txt,77070336,131072,sequential,1.0000,0.0000,0,1,77201408,4096,1
176,176_baseline_sequential_run16,baseline,sequential,1778258908.7738485,/big.txt,77201408,131072,sequential,1.0000,0.0000,0,1,77332480,4096,1
176,176_baseline_sequential_run16,baseline,sequential,1778258908.7739382,/big.txt,77332480,131072,sequential,1.0000,0.0000,0,1,77463552,4096,1
176,176_baseline_sequential_run16,baseline,sequential,1778258908.774025,/big.txt,77463552,131072,sequential,1.0000,0.0000,0,1,77594624,4096,1
176,176_baseline_sequential_run16,baseline,sequential,1778258908.7741117,/big.txt,77594624,131072,sequential,1.0000,0.0000,0,1,77725696,4096,1
176,176_baseline_sequential_run16,baseline,sequential,1778258908.7742,/big.txt,77725696,131072,sequential,1.0000,0.0000,0,1,77856768,4096,1
176,176_baseline_sequential_run16,baseline,sequential,1778258908.7742867,/big.txt,77856768,131072,sequential,1.0000,0.0000,0,1,77987840,4096,1
176,176_baseline_sequential_run16,baseline,sequential,1778258908.7743745,/big.txt,77987840,131072,sequential,1.0000,0.0000,0,1,78118912,4096,1
176,176_baseline_sequential_run16,baseline,sequential,1778258908.774462,/big.txt,78118912,131072,sequential,1.0000,0.0000,0,1,78249984,4096,1
176,176_baseline_sequential_run16,baseline,sequential,1778258908.7745492,/big.txt,78249984,131072,sequential,1.0000,0.0000,0,1,78381056,4096,1
176,176_baseline_sequential_run16,baseline,sequential,1778258908.7746358,/big.txt,78381056,131072,sequential,1.0000,0.0000,0,1,78512128,4096,1
176,176_baseline_sequential_run16,baseline,sequential,1778258908.7747304,/big.txt,78512128,131072,sequential,1.0000,0.0000,0,1,78643200,4096,1
176,176_baseline_sequential_run16,baseline,sequential,1778258908.774871,/big.txt,78643200,131072,sequential,1.0000,0.0000,0,1,78774272,4096,1
176,176_baseline_sequential_run16,baseline,sequential,1778258908.7749999,/big.txt,78774272,131072,sequential,1.0000,0.0000,0,1,78905344,4096,1
176,176_baseline_sequential_run16,baseline,sequential,1778258908.7751231,/big.txt,78905344,131072,sequential,1.0000,0.0000,0,1,79036416,4096,1
176,176_baseline_sequential_run16,baseline,sequential,1778258908.7752533,/big.txt,79036416,131072,sequential,1.0000,0.0000,0,1,79167488,4096,1
176,176_baseline_sequential_run16,baseline,sequential,1778258908.7753851,/big.txt,79167488,131072,sequential,1.0000,0.0000,0,1,79298560,4096,1
176,176_baseline_sequential_run16,baseline,sequential,1778258908.7755148,/big.txt,79298560,131072,sequential,1.0000,0.0000,0,1,79429632,4096,1
176,176_baseline_sequential_run16,baseline,sequential,1778258908.7756343,/big.txt,79429632,131072,sequential,1.0000,0.0000,0,1,79560704,4096,1
176,176_baseline_sequential_run16,baseline,sequential,1778258908.7757232,/big.txt,79560704,131072,sequential,1.0000,0.0000,0,1,79691776,4096,1
176,176_baseline_sequential_run16,baseline,sequential,1778258908.7758124,/big.txt,79691776,131072,sequential,1.0000,0.0000,0,1,79822848,4096,1
176,176_baseline_sequential_run16,baseline,sequential,1778258908.775902,/big.txt,79822848,131072,sequential,1.0000,0.0000,0,1,79953920,4096,1
176,176_baseline_sequential_run16,baseline,sequential,1778258908.775991,/big.txt,79953920,131072,sequential,1.0000,0.0000,0,1,80084992,4096,1
176,176_baseline_sequential_run16,baseline,sequential,1778258908.7760801,/big.txt,80084992,131072,sequential,1.0000,0.0000,0,1,80216064,4096,1
176,176_baseline_sequential_run16,baseline,sequential,1778258908.776169,/big.txt,80216064,131072,sequential,1.0000,0.0000,0,1,80347136,4096,1
176,176_baseline_sequential_run16,baseline,sequential,1778258908.776261,/big.txt,80347136,131072,sequential,1.0000,0.0000,0,1,80478208,4096,1
176,176_baseline_sequential_run16,baseline,sequential,1778258908.7763515,/big.txt,80478208,131072,sequential,1.0000,0.0000,0,1,80609280,4096,1
176,176_baseline_sequential_run16,baseline,sequential,1778258908.7764373,/big.txt,80609280,131072,sequential,1.0000,0.0000,0,1,80740352,4096,1
176,176_baseline_sequential_run16,baseline,sequential,1778258908.7765236,/big.txt,80740352,131072,sequential,1.0000,0.0000,0,1,80871424,4096,1
176,176_baseline_sequential_run16,baseline,sequential,1778258908.7766094,/big.txt,80871424,131072,sequential,1.0000,0.0000,0,1,81002496,4096,1
176,176_baseline_sequential_run16,baseline,sequential,1778258908.776701,/big.txt,81002496,131072,sequential,1.0000,0.0000,0,1,81133568,4096,1
176,176_baseline_sequential_run16,baseline,sequential,1778258908.7767887,/big.txt,81133568,131072,sequential,1.0000,0.0000,0,1,81264640,4096,1
176,176_baseline_sequential_run16,baseline,sequential,1778258908.7768748,/big.txt,81264640,131072,sequential,1.0000,0.0000,0,1,81395712,4096,1
176,176_baseline_sequential_run16,baseline,sequential,1778258908.7769613,/big.txt,81395712,131072,sequential,1.0000,0.0000,0,1,81526784,4096,1
176,176_baseline_sequential_run16,baseline,sequential,1778258908.77705,/big.txt,81526784,131072,sequential,1.0000,0.0000,0,1,81657856,4096,1
176,176_baseline_sequential_run16,baseline,sequential,1778258908.7771368,/big.txt,81657856,131072,sequential,1.0000,0.0000,0,1,81788928,4096,1
176,176_baseline_sequential_run16,baseline,sequential,1778258908.7772248,/big.txt,81788928,131072,sequential,1.0000,0.0000,0,1,81920000,4096,1
176,176_baseline_sequential_run16,baseline,sequential,1778258908.7773113,/big.txt,81920000,131072,sequential,1.0000,0.0000,0,1,82051072,4096,1
176,176_baseline_sequential_run16,baseline,sequential,1778258908.7773972,/big.txt,82051072,131072,sequential,1.0000,0.0000,0,1,82182144,4096,1
176,176_baseline_sequential_run16,baseline,sequential,1778258908.7774847,/big.txt,82182144,131072,sequential,1.0000,0.0000,0,1,82313216,4096,1
176,176_baseline_sequential_run16,baseline,sequential,1778258908.777576,/big.txt,82313216,131072,sequential,1.0000,0.0000,0,1,82444288,4096,1
176,176_baseline_sequential_run16,baseline,sequential,1778258908.7776632,/big.txt,82444288,131072,sequential,1.0000,0.0000,0,1,82575360,4096,1
176,176_baseline_sequential_run16,baseline,sequential,1778258908.7777498,/big.txt,82575360,131072,sequential,1.0000,0.0000,0,1,82706432,4096,1
176,176_baseline_sequential_run16,baseline,sequential,1778258908.777836,/big.txt,82706432,131072,sequential,1.0000,0.0000,0,1,82837504,4096,1
176,176_baseline_sequential_run16,baseline,sequential,1778258908.7779226,/big.txt,82837504,131072,sequential,1.0000,0.0000,0,1,82968576,4096,1
176,176_baseline_sequential_run16,baseline,sequential,1778258908.7780085,/big.txt,82968576,131072,sequential,1.0000,0.0000,0,1,83099648,4096,1
176,176_baseline_sequential_run16,baseline,sequential,1778258908.7780945,/big.txt,83099648,131072,sequential,1.0000,0.0000,0,1,83230720,4096,1
176,176_baseline_sequential_run16,baseline,sequential,1778258908.7781813,/big.txt,83230720,131072,sequential,1.0000,0.0000,0,1,83361792,4096,1
176,176_baseline_sequential_run16,baseline,sequential,1778258908.7782707,/big.txt,83361792,131072,sequential,1.0000,0.0000,0,1,83492864,4096,1
176,176_baseline_sequential_run16,baseline,sequential,1778258908.7783585,/big.txt,83492864,131072,sequential,1.0000,0.0000,0,1,83623936,4096,1
176,176_baseline_sequential_run16,baseline,sequential,1778258908.7784443,/big.txt,83623936,131072,sequential,1.0000,0.0000,0,1,83755008,4096,1
176,176_baseline_sequential_run16,baseline,sequential,1778258908.7785337,/big.txt,83755008,131072,sequential,1.0000,0.0000,0,1,83886080,4096,1
176,176_baseline_sequential_run16,baseline,sequential,1778258908.77862,/big.txt,83886080,131072,sequential,1.0000,0.0000,0,1,84017152,4096,1
176,176_baseline_sequential_run16,baseline,sequential,1778258908.7787066,/big.txt,84017152,131072,sequential,1.0000,0.0000,0,1,84148224,4096,1
176,176_baseline_sequential_run16,baseline,sequential,1778258908.7787979,/big.txt,84148224,131072,sequential,1.0000,0.0000,0,1,84279296,4096,1
176,176_baseline_sequential_run16,baseline,sequential,1778258908.7788873,/big.txt,84279296,131072,sequential,1.0000,0.0000,0,1,84410368,4096,1
176,176_baseline_sequential_run16,baseline,sequential,1778258908.7789745,/big.txt,84410368,131072,sequential,1.0000,0.0000,0,1,84541440,4096,1
176,176_baseline_sequential_run16,baseline,sequential,1778258908.7790604,/big.txt,84541440,131072,sequential,1.0000,0.0000,0,1,84672512,4096,1
176,176_baseline_sequential_run16,baseline,sequential,1778258908.7791476,/big.txt,84672512,131072,sequential,1.0000,0.0000,0,1,84803584,4096,1
176,176_baseline_sequential_run16,baseline,sequential,1778258908.779235,/big.txt,84803584,131072,sequential,1.0000,0.0000,0,1,84934656,4096,1
176,176_baseline_sequential_run16,baseline,sequential,1778258908.7793212,/big.txt,84934656,131072,sequential,1.0000,0.0000,0,1,85065728,4096,1
176,176_baseline_sequential_run16,baseline,sequential,1778258908.7794082,/big.txt,85065728,131072,sequential,1.0000,0.0000,0,1,85196800,4096,1
176,176_baseline_sequential_run16,baseline,sequential,1778258908.7794998,/big.txt,85196800,131072,sequential,1.0000,0.0000,0,1,85327872,4096,1
176,176_baseline_sequential_run16,baseline,sequential,1778258908.7795877,/big.txt,85327872,131072,sequential,1.0000,0.0000,0,1,85458944,4096,1
176,176_baseline_sequential_run16,baseline,sequential,1778258908.7796748,/big.txt,85458944,131072,sequential,1.0000,0.0000,0,1,85590016,4096,1
176,176_baseline_sequential_run16,baseline,sequential,1778258908.7797613,/big.txt,85590016,131072,sequential,1.0000,0.0000,0,1,85721088,4096,1
176,176_baseline_sequential_run16,baseline,sequential,1778258908.7798507,/big.txt,85721088,131072,sequential,1.0000,0.0000,0,1,85852160,4096,1
176,176_baseline_sequential_run16,baseline,sequential,1778258908.7799392,/big.txt,85852160,131072,sequential,1.0000,0.0000,0,1,85983232,4096,1
176,176_baseline_sequential_run16,baseline,sequential,1778258908.780031,/big.txt,85983232,131072,sequential,1.0000,0.0000,0,1,86114304,4096,1
176,176_baseline_sequential_run16,baseline,sequential,1778258908.7801182,/big.txt,86114304,131072,sequential,1.0000,0.0000,0,1,86245376,4096,1
176,176_baseline_sequential_run16,baseline,sequential,1778258908.780205,/big.txt,86245376,131072,sequential,1.0000,0.0000,0,1,86376448,4096,1
176,176_baseline_sequential_run16,baseline,sequential,1778258908.7802947,/big.txt,86376448,131072,sequential,1.0000,0.0000,0,1,86507520,4096,1
176,176_baseline_sequential_run16,baseline,sequential,1778258908.7803826,/big.txt,86507520,131072,sequential,1.0000,0.0000,0,1,86638592,4096,1
176,176_baseline_sequential_run16,baseline,sequential,1778258908.7804704,/big.txt,86638592,131072,sequential,1.0000,0.0000,0,1,86769664,4096,1
176,176_baseline_sequential_run16,baseline,sequential,1778258908.7805572,/big.txt,86769664,131072,sequential,1.0000,0.0000,0,1,86900736,4096,1
176,176_baseline_sequential_run16,baseline,sequential,1778258908.7806437,/big.txt,86900736,131072,sequential,1.0000,0.0000,0,1,87031808,4096,1
176,176_baseline_sequential_run16,baseline,sequential,1778258908.7807307,/big.txt,87031808,131072,sequential,1.0000,0.0000,0,1,87162880,4096,1
176,176_baseline_sequential_run16,baseline,sequential,1778258908.7808168,/big.txt,87162880,131072,sequential,1.0000,0.0000,0,1,87293952,4096,1
176,176_baseline_sequential_run16,baseline,sequential,1778258908.7809036,/big.txt,87293952,131072,sequential,1.0000,0.0000,0,1,87425024,4096,1
176,176_baseline_sequential_run16,baseline,sequential,1778258908.780991,/big.txt,87425024,131072,sequential,1.0000,0.0000,0,1,87556096,4096,1
176,176_baseline_sequential_run16,baseline,sequential,1778258908.7810774,/big.txt,87556096,131072,sequential,1.0000,0.0000,0,1,87687168,4096,1
176,176_baseline_sequential_run16,baseline,sequential,1778258908.781165,/big.txt,87687168,131072,sequential,1.0000,0.0000,0,1,87818240,4096,1
176,176_baseline_sequential_run16,baseline,sequential,1778258908.7812514,/big.txt,87818240,131072,sequential,1.0000,0.0000,0,1,87949312,4096,1
176,176_baseline_sequential_run16,baseline,sequential,1778258908.7813382,/big.txt,87949312,131072,sequential,1.0000,0.0000,0,1,88080384,4096,1
176,176_baseline_sequential_run16,baseline,sequential,1778258908.781425,/big.txt,88080384,131072,sequential,1.0000,0.0000,0,1,88211456,4096,1
176,176_baseline_sequential_run16,baseline,sequential,1778258908.7815123,/big.txt,88211456,131072,sequential,1.0000,0.0000,0,1,88342528,4096,1
176,176_baseline_sequential_run16,baseline,sequential,1778258908.781598,/big.txt,88342528,131072,sequential,1.0000,0.0000,0,1,88473600,4096,1
176,176_baseline_sequential_run16,baseline,sequential,1778258908.7816844,/big.txt,88473600,131072,sequential,1.0000,0.0000,0,1,88604672,4096,1
176,176_baseline_sequential_run16,baseline,sequential,1778258908.7817712,/big.txt,88604672,131072,sequential,1.0000,0.0000,0,1,88735744,4096,1
176,176_baseline_sequential_run16,baseline,sequential,1778258908.7818577,/big.txt,88735744,131072,sequential,1.0000,0.0000,0,1,88866816,4096,1
176,176_baseline_sequential_run16,baseline,sequential,1778258908.781945,/big.txt,88866816,131072,sequential,1.0000,0.0000,0,1,88997888,4096,1
176,176_baseline_sequential_run16,baseline,sequential,1778258908.782036,/big.txt,88997888,131072,sequential,1.0000,0.0000,0,1,89128960,4096,1
176,176_baseline_sequential_run16,baseline,sequential,1778258908.782123,/big.txt,89128960,131072,sequential,1.0000,0.0000,0,1,89260032,4096,1
176,176_baseline_sequential_run16,baseline,sequential,1778258908.7822123,/big.txt,89260032,131072,sequential,1.0000,0.0000,0,1,89391104,4096,1
176,176_baseline_sequential_run16,baseline,sequential,1778258908.7823021,/big.txt,89391104,131072,sequential,1.0000,0.0000,0,1,89522176,4096,1
176,176_baseline_sequential_run16,baseline,sequential,1778258908.78239,/big.txt,89522176,131072,sequential,1.0000,0.0000,0,1,89653248,4096,1
176,176_baseline_sequential_run16,baseline,sequential,1778258908.7824764,/big.txt,89653248,131072,sequential,1.0000,0.0000,0,1,89784320,4096,1
176,176_baseline_sequential_run16,baseline,sequential,1778258908.782567,/big.txt,89784320,131072,sequential,1.0000,0.0000,0,1,89915392,4096,1
176,176_baseline_sequential_run16,baseline,sequential,1778258908.7826576,/big.txt,89915392,131072,sequential,1.0000,0.0000,0,1,90046464,4096,1
176,176_baseline_sequential_run16,baseline,sequential,1778258908.7827444,/big.txt,90046464,131072,sequential,1.0000,0.0000,0,1,90177536,4096,1
176,176_baseline_sequential_run16,baseline,sequential,1778258908.7828372,/big.txt,90177536,131072,sequential,1.0000,0.0000,0,1,90308608,4096,1
176,176_baseline_sequential_run16,baseline,sequential,1778258908.7829254,/big.txt,90308608,131072,sequential,1.0000,0.0000,0,1,90439680,4096,1
176,176_baseline_sequential_run16,baseline,sequential,1778258908.783013,/big.txt,90439680,131072,sequential,1.0000,0.0000,0,1,90570752,4096,1
176,176_baseline_sequential_run16,baseline,sequential,1778258908.7831008,/big.txt,90570752,131072,sequential,1.0000,0.0000,0,1,90701824,4096,1
176,176_baseline_sequential_run16,baseline,sequential,1778258908.7831879,/big.txt,90701824,131072,sequential,1.0000,0.0000,0,1,90832896,4096,1
176,176_baseline_sequential_run16,baseline,sequential,1778258908.7832756,/big.txt,90832896,131072,sequential,1.0000,0.0000,0,1,90963968,4096,1
176,176_baseline_sequential_run16,baseline,sequential,1778258908.7833617,/big.txt,90963968,131072,sequential,1.0000,0.0000,0,1,91095040,4096,1
176,176_baseline_sequential_run16,baseline,sequential,1778258908.7834492,/big.txt,91095040,131072,sequential,1.0000,0.0000,0,1,91226112,4096,1
176,176_baseline_sequential_run16,baseline,sequential,1778258908.7835362,/big.txt,91226112,131072,sequential,1.0000,0.0000,0,1,91357184,4096,1
176,176_baseline_sequential_run16,baseline,sequential,1778258908.783624,/big.txt,91357184,131072,sequential,1.0000,0.0000,0,1,91488256,4096,1
176,176_baseline_sequential_run16,baseline,sequential,1778258908.7837107,/big.txt,91488256,131072,sequential,1.0000,0.0000,0,1,91619328,4096,1
176,176_baseline_sequential_run16,baseline,sequential,1778258908.783798,/big.txt,91619328,131072,sequential,1.0000,0.0000,0,1,91750400,4096,1
176,176_baseline_sequential_run16,baseline,sequential,1778258908.7838855,/big.txt,91750400,131072,sequential,1.0000,0.0000,0,1,91881472,4096,1
176,176_baseline_sequential_run16,baseline,sequential,1778258908.7839723,/big.txt,91881472,131072,sequential,1.0000,0.0000,0,1,92012544,4096,1
176,176_baseline_sequential_run16,baseline,sequential,1778258908.7840605,/big.txt,92012544,131072,sequential,1.0000,0.0000,0,1,92143616,4096,1
176,176_baseline_sequential_run16,baseline,sequential,1778258908.784148,/big.txt,92143616,131072,sequential,1.0000,0.0000,0,1,92274688,4096,1
176,176_baseline_sequential_run16,baseline,sequential,1778258908.7842355,/big.txt,92274688,131072,sequential,1.0000,0.0000,0,1,92405760,4096,1
176,176_baseline_sequential_run16,baseline,sequential,1778258908.7843263,/big.txt,92405760,131072,sequential,1.0000,0.0000,0,1,92536832,4096,1
176,176_baseline_sequential_run16,baseline,sequential,1778258908.7844145,/big.txt,92536832,131072,sequential,1.0000,0.0000,0,1,92667904,4096,1
176,176_baseline_sequential_run16,baseline,sequential,1778258908.7845023,/big.txt,92667904,131072,sequential,1.0000,0.0000,0,1,92798976,4096,1
176,176_baseline_sequential_run16,baseline,sequential,1778258908.7845905,/big.txt,92798976,131072,sequential,1.0000,0.0000,0,1,92930048,4096,1
176,176_baseline_sequential_run16,baseline,sequential,1778258908.7846777,/big.txt,92930048,131072,sequential,1.0000,0.0000,0,1,93061120,4096,1
176,176_baseline_sequential_run16,baseline,sequential,1778258908.784764,/big.txt,93061120,131072,sequential,1.0000,0.0000,0,1,93192192,4096,1
176,176_baseline_sequential_run16,baseline,sequential,1778258908.7848504,/big.txt,93192192,131072,sequential,1.0000,0.0000,0,1,93323264,4096,1
176,176_baseline_sequential_run16,baseline,sequential,1778258908.7849376,/big.txt,93323264,131072,sequential,1.0000,0.0000,0,1,93454336,4096,1
176,176_baseline_sequential_run16,baseline,sequential,1778258908.7850287,/big.txt,93454336,131072,sequential,1.0000,0.0000,0,1,93585408,4096,1
176,176_baseline_sequential_run16,baseline,sequential,1778258908.7851193,/big.txt,93585408,131072,sequential,1.0000,0.0000,0,1,93716480,4096,1
176,176_baseline_sequential_run16,baseline,sequential,1778258908.7852082,/big.txt,93716480,131072,sequential,1.0000,0.0000,0,1,93847552,4096,1
176,176_baseline_sequential_run16,baseline,sequential,1778258908.7852962,/big.txt,93847552,131072,sequential,1.0000,0.0000,0,1,93978624,4096,1
176,176_baseline_sequential_run16,baseline,sequential,1778258908.7853837,/big.txt,93978624,131072,sequential,1.0000,0.0000,0,1,94109696,4096,1
176,176_baseline_sequential_run16,baseline,sequential,1778258908.785473,/big.txt,94109696,131072,sequential,1.0000,0.0000,0,1,94240768,4096,1
176,176_baseline_sequential_run16,baseline,sequential,1778258908.7855637,/big.txt,94240768,131072,sequential,1.0000,0.0000,0,1,94371840,4096,1
176,176_baseline_sequential_run16,baseline,sequential,1778258908.785651,/big.txt,94371840,131072,sequential,1.0000,0.0000,0,1,94502912,4096,1
176,176_baseline_sequential_run16,baseline,sequential,1778258908.785739,/big.txt,94502912,131072,sequential,1.0000,0.0000,0,1,94633984,4096,1
176,176_baseline_sequential_run16,baseline,sequential,1778258908.7858272,/big.txt,94633984,131072,sequential,1.0000,0.0000,0,1,94765056,4096,1
176,176_baseline_sequential_run16,baseline,sequential,1778258908.785916,/big.txt,94765056,131072,sequential,1.0000,0.0000,0,1,94896128,4096,1
176,176_baseline_sequential_run16,baseline,sequential,1778258908.7860045,/big.txt,94896128,131072,sequential,1.0000,0.0000,0,1,95027200,4096,1
176,176_baseline_sequential_run16,baseline,sequential,1778258908.7860925,/big.txt,95027200,131072,sequential,1.0000,0.0000,0,1,95158272,4096,1
176,176_baseline_sequential_run16,baseline,sequential,1778258908.7861798,/big.txt,95158272,131072,sequential,1.0000,0.0000,0,1,95289344,4096,1
176,176_baseline_sequential_run16,baseline,sequential,1778258908.786268,/big.txt,95289344,131072,sequential,1.0000,0.0000,0,1,95420416,4096,1
176,176_baseline_sequential_run16,baseline,sequential,1778258908.7863586,/big.txt,95420416,131072,sequential,1.0000,0.0000,0,1,95551488,4096,1
176,176_baseline_sequential_run16,baseline,sequential,1778258908.786447,/big.txt,95551488,131072,sequential,1.0000,0.0000,0,1,95682560,4096,1
176,176_baseline_sequential_run16,baseline,sequential,1778258908.7865343,/big.txt,95682560,131072,sequential,1.0000,0.0000,0,1,95813632,4096,1
176,176_baseline_sequential_run16,baseline,sequential,1778258908.7866223,/big.txt,95813632,131072,sequential,1.0000,0.0000,0,1,95944704,4096,1
176,176_baseline_sequential_run16,baseline,sequential,1778258908.7867095,/big.txt,95944704,131072,sequential,1.0000,0.0000,0,1,96075776,4096,1
176,176_baseline_sequential_run16,baseline,sequential,1778258908.7868025,/big.txt,96075776,131072,sequential,1.0000,0.0000,0,1,96206848,4096,1
176,176_baseline_sequential_run16,baseline,sequential,1778258908.7868927,/big.txt,96206848,131072,sequential,1.0000,0.0000,0,1,96337920,4096,1
176,176_baseline_sequential_run16,baseline,sequential,1778258908.7869806,/big.txt,96337920,131072,sequential,1.0000,0.0000,0,1,96468992,4096,1
176,176_baseline_sequential_run16,baseline,sequential,1778258908.7870684,/big.txt,96468992,131072,sequential,1.0000,0.0000,0,1,96600064,4096,1
176,176_baseline_sequential_run16,baseline,sequential,1778258908.7871566,/big.txt,96600064,131072,sequential,1.0000,0.0000,0,1,96731136,4096,1
176,176_baseline_sequential_run16,baseline,sequential,1778258908.7872443,/big.txt,96731136,131072,sequential,1.0000,0.0000,0,1,96862208,4096,1
176,176_baseline_sequential_run16,baseline,sequential,1778258908.7873318,/big.txt,96862208,131072,sequential,1.0000,0.0000,0,1,96993280,4096,1
176,176_baseline_sequential_run16,baseline,sequential,1778258908.7874188,/big.txt,96993280,131072,sequential,1.0000,0.0000,0,1,97124352,4096,1
176,176_baseline_sequential_run16,baseline,sequential,1778258908.787506,/big.txt,97124352,131072,sequential,1.0000,0.0000,0,1,97255424,4096,1
176,176_baseline_sequential_run16,baseline,sequential,1778258908.787598,/big.txt,97255424,131072,sequential,1.0000,0.0000,0,1,97386496,4096,1
176,176_baseline_sequential_run16,baseline,sequential,1778258908.7876856,/big.txt,97386496,131072,sequential,1.0000,0.0000,0,1,97517568,4096,1
176,176_baseline_sequential_run16,baseline,sequential,1778258908.7877722,/big.txt,97517568,131072,sequential,1.0000,0.0000,0,1,97648640,4096,1
176,176_baseline_sequential_run16,baseline,sequential,1778258908.7878594,/big.txt,97648640,131072,sequential,1.0000,0.0000,0,1,97779712,4096,1
176,176_baseline_sequential_run16,baseline,sequential,1778258908.7879498,/big.txt,97779712,131072,sequential,1.0000,0.0000,0,1,97910784,4096,1
176,176_baseline_sequential_run16,baseline,sequential,1778258908.7880383,/big.txt,97910784,131072,sequential,1.0000,0.0000,0,1,98041856,4096,1
176,176_baseline_sequential_run16,baseline,sequential,1778258908.7881267,/big.txt,98041856,131072,sequential,1.0000,0.0000,0,1,98172928,4096,1
176,176_baseline_sequential_run16,baseline,sequential,1778258908.7882154,/big.txt,98172928,131072,sequential,1.0000,0.0000,0,1,98304000,4096,1
176,176_baseline_sequential_run16,baseline,sequential,1778258908.7883062,/big.txt,98304000,131072,sequential,1.0000,0.0000,0,1,98435072,4096,1
176,176_baseline_sequential_run16,baseline,sequential,1778258908.788397,/big.txt,98435072,131072,sequential,1.0000,0.0000,0,1,98566144,4096,1
176,176_baseline_sequential_run16,baseline,sequential,1778258908.788485,/big.txt,98566144,131072,sequential,1.0000,0.0000,0,1,98697216,4096,1
176,176_baseline_sequential_run16,baseline,sequential,1778258908.788573,/big.txt,98697216,131072,sequential,1.0000,0.0000,0,1,98828288,4096,1
176,176_baseline_sequential_run16,baseline,sequential,1778258908.7886605,/big.txt,98828288,131072,sequential,1.0000,0.0000,0,1,98959360,4096,1
176,176_baseline_sequential_run16,baseline,sequential,1778258908.7887483,/big.txt,98959360,131072,sequential,1.0000,0.0000,0,1,99090432,4096,1
176,176_baseline_sequential_run16,baseline,sequential,1778258908.7888358,/big.txt,99090432,131072,sequential,1.0000,0.0000,0,1,99221504,4096,1
176,176_baseline_sequential_run16,baseline,sequential,1778258908.788924,/big.txt,99221504,131072,sequential,1.0000,0.0000,0,1,99352576,4096,1
176,176_baseline_sequential_run16,baseline,sequential,1778258908.7890122,/big.txt,99352576,131072,sequential,1.0000,0.0000,0,1,99483648,4096,1
176,176_baseline_sequential_run16,baseline,sequential,1778258908.7891035,/big.txt,99483648,131072,sequential,1.0000,0.0000,0,1,99614720,4096,1
176,176_baseline_sequential_run16,baseline,sequential,1778258908.7891972,/big.txt,99614720,131072,sequential,1.0000,0.0000,0,1,99745792,4096,1
176,176_baseline_sequential_run16,baseline,sequential,1778258908.7892866,/big.txt,99745792,131072,sequential,1.0000,0.0000,0,1,99876864,4096,1
176,176_baseline_sequential_run16,baseline,sequential,1778258908.789374,/big.txt,99876864,131072,sequential,1.0000,0.0000,0,1,100007936,4096,1
176,176_baseline_sequential_run16,baseline,sequential,1778258908.7894623,/big.txt,100007936,131072,sequential,1.0000,0.0000,0,1,100139008,4096,1
176,176_baseline_sequential_run16,baseline,sequential,1778258908.7895503,/big.txt,100139008,131072,sequential,1.0000,0.0000,0,1,100270080,4096,1
176,176_baseline_sequential_run16,baseline,sequential,1778258908.789639,/big.txt,100270080,131072,sequential,1.0000,0.0000,0,1,100401152,4096,1
176,176_baseline_sequential_run16,baseline,sequential,1778258908.7897267,/big.txt,100401152,131072,sequential,1.0000,0.0000,0,1,100532224,4096,1
176,176_baseline_sequential_run16,baseline,sequential,1778258908.7898145,/big.txt,100532224,131072,sequential,1.0000,0.0000,0,1,100663296,4096,1
176,176_baseline_sequential_run16,baseline,sequential,1778258908.7899017,/big.txt,100663296,131072,sequential,1.0000,0.0000,0,1,100794368,4096,1
176,176_baseline_sequential_run16,baseline,sequential,1778258908.7899897,/big.txt,100794368,131072,sequential,1.0000,0.0000,0,1,100925440,4096,1
176,176_baseline_sequential_run16,baseline,sequential,1778258908.7900813,/big.txt,100925440,131072,sequential,1.0000,0.0000,0,1,101056512,4096,1
176,176_baseline_sequential_run16,baseline,sequential,1778258908.7901697,/big.txt,101056512,131072,sequential,1.0000,0.0000,0,1,101187584,4096,1
176,176_baseline_sequential_run16,baseline,sequential,1778258908.7902565,/big.txt,101187584,131072,sequential,1.0000,0.0000,0,1,101318656,4096,1
176,176_baseline_sequential_run16,baseline,sequential,1778258908.790348,/big.txt,101318656,131072,sequential,1.0000,0.0000,0,1,101449728,4096,1
176,176_baseline_sequential_run16,baseline,sequential,1778258908.7904353,/big.txt,101449728,131072,sequential,1.0000,0.0000,0,1,101580800,4096,1
176,176_baseline_sequential_run16,baseline,sequential,1778258908.7905228,/big.txt,101580800,131072,sequential,1.0000,0.0000,0,1,101711872,4096,1
176,176_baseline_sequential_run16,baseline,sequential,1778258908.790611,/big.txt,101711872,131072,sequential,1.0000,0.0000,0,1,101842944,4096,1
176,176_baseline_sequential_run16,baseline,sequential,1778258908.7906992,/big.txt,101842944,131072,sequential,1.0000,0.0000,0,1,101974016,4096,1
176,176_baseline_sequential_run16,baseline,sequential,1778258908.7907948,/big.txt,101974016,131072,sequential,1.0000,0.0000,0,1,102105088,4096,1
176,176_baseline_sequential_run16,baseline,sequential,1778258908.790884,/big.txt,102105088,131072,sequential,1.0000,0.0000,0,1,102236160,4096,1
176,176_baseline_sequential_run16,baseline,sequential,1778258908.7909718,/big.txt,102236160,131072,sequential,1.0000,0.0000,0,1,102367232,4096,1
176,176_baseline_sequential_run16,baseline,sequential,1778258908.791059,/big.txt,102367232,131072,sequential,1.0000,0.0000,0,1,102498304,4096,1
176,176_baseline_sequential_run16,baseline,sequential,1778258908.7911496,/big.txt,102498304,131072,sequential,1.0000,0.0000,0,1,102629376,4096,1
176,176_baseline_sequential_run16,baseline,sequential,1778258908.7912383,/big.txt,102629376,131072,sequential,1.0000,0.0000,0,1,102760448,4096,1
176,176_baseline_sequential_run16,baseline,sequential,1778258908.7913265,/big.txt,102760448,131072,sequential,1.0000,0.0000,0,1,102891520,4096,1
176,176_baseline_sequential_run16,baseline,sequential,1778258908.7914147,/big.txt,102891520,131072,sequential,1.0000,0.0000,0,1,103022592,4096,1
176,176_baseline_sequential_run16,baseline,sequential,1778258908.791502,/big.txt,103022592,131072,sequential,1.0000,0.0000,0,1,103153664,4096,1
176,176_baseline_sequential_run16,baseline,sequential,1778258908.7915905,/big.txt,103153664,131072,sequential,1.0000,0.0000,0,1,103284736,4096,1
176,176_baseline_sequential_run16,baseline,sequential,1778258908.7916772,/big.txt,103284736,131072,sequential,1.0000,0.0000,0,1,103415808,4096,1
176,176_baseline_sequential_run16,baseline,sequential,1778258908.7917647,/big.txt,103415808,131072,sequential,1.0000,0.0000,0,1,103546880,4096,1
176,176_baseline_sequential_run16,baseline,sequential,1778258908.791853,/big.txt,103546880,131072,sequential,1.0000,0.0000,0,1,103677952,4096,1
176,176_baseline_sequential_run16,baseline,sequential,1778258908.791941,/big.txt,103677952,131072,sequential,1.0000,0.0000,0,1,103809024,4096,1
176,176_baseline_sequential_run16,baseline,sequential,1778258908.7920284,/big.txt,103809024,131072,sequential,1.0000,0.0000,0,1,103940096,4096,1
176,176_baseline_sequential_run16,baseline,sequential,1778258908.7921164,/big.txt,103940096,131072,sequential,1.0000,0.0000,0,1,104071168,4096,1
176,176_baseline_sequential_run16,baseline,sequential,1778258908.7922044,/big.txt,104071168,131072,sequential,1.0000,0.0000,0,1,104202240,4096,1
176,176_baseline_sequential_run16,baseline,sequential,1778258908.792292,/big.txt,104202240,131072,sequential,1.0000,0.0000,0,1,104333312,4096,1
176,176_baseline_sequential_run16,baseline,sequential,1778258908.7923799,/big.txt,104333312,131072,sequential,1.0000,0.0000,0,1,104464384,4096,1
176,176_baseline_sequential_run16,baseline,sequential,1778258908.7924702,/big.txt,104464384,131072,sequential,1.0000,0.0000,0,1,104595456,4096,1
176,176_baseline_sequential_run16,baseline,sequential,1778258908.792565,/big.txt,104595456,131072,sequential,1.0000,0.0000,0,1,104726528,4096,1
176,176_baseline_sequential_run16,baseline,sequential,1778258908.792653,/big.txt,104726528,131072,sequential,1.0000,0.0000,0,1,104857600,4096,1
176,176_baseline_sequential_run16,baseline,sequential,1778258908.7927158,/big.txt,104857600,0,sequential,1.0000,0.0000,0,0,,,1
