run_index,run_label,mode,workload,seq,timestamp,path,offset,size
55,055_none_phase_change_run15,none,phase_change,1,1778274873.7727118,/big.txt,0,131072
55,055_none_phase_change_run15,none,phase_change,2,1778274873.776166,/big.txt,131072,131072
55,055_none_phase_change_run15,none,phase_change,3,1778274873.7793932,/big.txt,262144,131072
55,055_none_phase_change_run15,none,phase_change,4,1778274873.7825627,/big.txt,393216,131072
55,055_none_phase_change_run15,none,phase_change,5,1778274873.7857485,/big.txt,524288,131072
55,055_none_phase_change_run15,none,phase_change,6,1778274873.789067,/big.txt,655360,131072
55,055_none_phase_change_run15,none,phase_change,7,1778274873.7922518,/big.txt,786432,131072
55,055_none_phase_change_run15,none,phase_change,8,1778274873.7953427,/big.txt,917504,131072
55,055_none_phase_change_run15,none,phase_change,9,1778274873.7983665,/big.txt,1048576,131072
55,055_none_phase_change_run15,none,phase_change,10,1778274873.801363,/big.txt,1179648,131072
55,055_none_phase_change_run15,none,phase_change,11,1778274873.8044567,/big.txt,1310720,131072
55,055_none_phase_change_run15,none,phase_change,12,1778274873.8074446,/big.txt,1441792,131072
55,055_none_phase_change_run15,none,phase_change,13,1778274873.8104355,/big.txt,1572864,131072
55,055_none_phase_change_run15,none,phase_change,14,1778274873.8134468,/big.txt,1703936,131072
55,055_none_phase_change_run15,none,phase_change,15,1778274873.8164604,/big.txt,1835008,131072
55,055_none_phase_change_run15,none,phase_change,16,1778274873.819415,/big.txt,1966080,131072
55,055_none_phase_change_run15,none,phase_change,17,1778274873.8223875,/big.txt,2097152,131072
55,055_none_phase_change_run15,none,phase_change,18,1778274873.8253849,/big.txt,2228224,131072
55,055_none_phase_change_run15,none,phase_change,19,1778274873.8283503,/big.txt,2359296,131072
55,055_none_phase_change_run15,none,phase_change,20,1778274873.8312962,/big.txt,2490368,131072
55,055_none_phase_change_run15,none,phase_change,21,1778274873.8342512,/big.txt,2621440,131072
55,055_none_phase_change_run15,none,phase_change,22,1778274873.8370786,/big.txt,2752512,131072
55,055_none_phase_change_run15,none,phase_change,23,1778274873.8398623,/big.txt,2883584,131072
55,055_none_phase_change_run15,none,phase_change,24,1778274873.8426154,/big.txt,3014656,131072
55,055_none_phase_change_run15,none,phase_change,25,1778274873.845447,/big.txt,3145728,131072
55,055_none_phase_change_run15,none,phase_change,26,1778274873.8482056,/big.txt,3276800,131072
55,055_none_phase_change_run15,none,phase_change,27,1778274873.8508878,/big.txt,3407872,131072
55,055_none_phase_change_run15,none,phase_change,28,1778274873.853472,/big.txt,3538944,131072
55,055_none_phase_change_run15,none,phase_change,29,1778274873.856101,/big.txt,3670016,131072
55,055_none_phase_change_run15,none,phase_change,30,1778274873.8587086,/big.txt,3801088,131072
55,055_none_phase_change_run15,none,phase_change,31,1778274873.8613136,/big.txt,3932160,131072
55,055_none_phase_change_run15,none,phase_change,32,1778274873.863943,/big.txt,4063232,131072
55,055_none_phase_change_run15,none,phase_change,33,1778274873.8665204,/big.txt,4194304,131072
55,055_none_phase_change_run15,none,phase_change,34,1778274873.8692026,/big.txt,4325376,131072
55,055_none_phase_change_run15,none,phase_change,35,1778274873.8718016,/big.txt,4456448,131072
55,055_none_phase_change_run15,none,phase_change,36,1778274873.8743927,/big.txt,4587520,131072
55,055_none_phase_change_run15,none,phase_change,37,1778274873.876999,/big.txt,4718592,131072
55,055_none_phase_change_run15,none,phase_change,38,1778274873.8796287,/big.txt,4849664,131072
55,055_none_phase_change_run15,none,phase_change,39,1778274873.8822846,/big.txt,4980736,131072
55,055_none_phase_change_run15,none,phase_change,40,1778274873.8849258,/big.txt,5111808,131072
55,055_none_phase_change_run15,none,phase_change,41,1778274873.8876815,/big.txt,5242880,131072
55,055_none_phase_change_run15,none,phase_change,42,1778274873.8903067,/big.txt,5373952,131072
55,055_none_phase_change_run15,none,phase_change,43,1778274873.892992,/big.txt,5505024,131072
55,055_none_phase_change_run15,none,phase_change,44,1778274873.8956344,/big.txt,5636096,131072
55,055_none_phase_change_run15,none,phase_change,45,1778274873.8982725,/big.txt,5767168,131072
55,055_none_phase_change_run15,none,phase_change,46,1778274873.9008887,/big.txt,5898240,131072
55,055_none_phase_change_run15,none,phase_change,47,1778274873.9034638,/big.txt,6029312,131072
55,055_none_phase_change_run15,none,phase_change,48,1778274873.9060638,/big.txt,6160384,131072
55,055_none_phase_change_run15,none,phase_change,49,1778274873.90872,/big.txt,6291456,131072
55,055_none_phase_change_run15,none,phase_change,50,1778274873.9113307,/big.txt,6422528,131072
55,055_none_phase_change_run15,none,phase_change,51,1778274873.9139366,/big.txt,6553600,131072
55,055_none_phase_change_run15,none,phase_change,52,1778274873.9166038,/big.txt,6684672,131072
55,055_none_phase_change_run15,none,phase_change,53,1778274873.9192476,/big.txt,6815744,131072
55,055_none_phase_change_run15,none,phase_change,54,1778274873.9218662,/big.txt,6946816,131072
55,055_none_phase_change_run15,none,phase_change,55,1778274873.9245524,/big.txt,7077888,131072
55,055_none_phase_change_run15,none,phase_change,56,1778274873.9280794,/big.txt,7208960,131072
55,055_none_phase_change_run15,none,phase_change,57,1778274873.9333415,/big.txt,7340032,131072
55,055_none_phase_change_run15,none,phase_change,58,1778274873.9385746,/big.txt,7471104,131072
55,055_none_phase_change_run15,none,phase_change,59,1778274873.9412417,/big.txt,7602176,131072
55,055_none_phase_change_run15,none,phase_change,60,1778274873.9438965,/big.txt,7733248,131072
55,055_none_phase_change_run15,none,phase_change,61,1778274873.946529,/big.txt,7864320,131072
55,055_none_phase_change_run15,none,phase_change,62,1778274873.9491618,/big.txt,7995392,131072
55,055_none_phase_change_run15,none,phase_change,63,1778274873.9517922,/big.txt,8126464,131072
55,055_none_phase_change_run15,none,phase_change,64,1778274873.9543803,/big.txt,8257536,131072
55,055_none_phase_change_run15,none,phase_change,65,1778274873.956978,/big.txt,8388608,131072
55,055_none_phase_change_run15,none,phase_change,66,1778274873.9596045,/big.txt,8519680,131072
55,055_none_phase_change_run15,none,phase_change,67,1778274873.9622455,/big.txt,8650752,131072
55,055_none_phase_change_run15,none,phase_change,68,1778274873.964889,/big.txt,8781824,131072
55,055_none_phase_change_run15,none,phase_change,69,1778274873.9675364,/big.txt,8912896,131072
55,055_none_phase_change_run15,none,phase_change,70,1778274873.9702098,/big.txt,9043968,131072
55,055_none_phase_change_run15,none,phase_change,71,1778274873.972819,/big.txt,9175040,131072
55,055_none_phase_change_run15,none,phase_change,72,1778274873.9755318,/big.txt,9306112,131072
55,055_none_phase_change_run15,none,phase_change,73,1778274873.978192,/big.txt,9437184,131072
55,055_none_phase_change_run15,none,phase_change,74,1778274873.9808335,/big.txt,9568256,131072
55,055_none_phase_change_run15,none,phase_change,75,1778274873.983438,/big.txt,9699328,131072
55,055_none_phase_change_run15,none,phase_change,76,1778274873.9860513,/big.txt,9830400,131072
55,055_none_phase_change_run15,none,phase_change,77,1778274873.9887202,/big.txt,9961472,131072
55,055_none_phase_change_run15,none,phase_change,78,1778274873.991403,/big.txt,10092544,131072
55,055_none_phase_change_run15,none,phase_change,79,1778274873.9940457,/big.txt,10223616,131072
55,055_none_phase_change_run15,none,phase_change,80,1778274873.9967299,/big.txt,10354688,131072
55,055_none_phase_change_run15,none,phase_change,81,1778274873.9993896,/big.txt,10485760,131072
55,055_none_phase_change_run15,none,phase_change,82,1778274874.0020516,/big.txt,10616832,131072
55,055_none_phase_change_run15,none,phase_change,83,1778274874.004721,/big.txt,10747904,131072
55,055_none_phase_change_run15,none,phase_change,84,1778274874.0074494,/big.txt,10878976,131072
55,055_none_phase_change_run15,none,phase_change,85,1778274874.0100932,/big.txt,11010048,131072
55,055_none_phase_change_run15,none,phase_change,86,1778274874.0127141,/big.txt,11141120,131072
55,055_none_phase_change_run15,none,phase_change,87,1778274874.0153317,/big.txt,11272192,131072
55,055_none_phase_change_run15,none,phase_change,88,1778274874.017918,/big.txt,11403264,131072
55,055_none_phase_change_run15,none,phase_change,89,1778274874.020564,/big.txt,11534336,131072
55,055_none_phase_change_run15,none,phase_change,90,1778274874.0231965,/big.txt,11665408,131072
55,055_none_phase_change_run15,none,phase_change,91,1778274874.0257964,/big.txt,11796480,131072
55,055_none_phase_change_run15,none,phase_change,92,1778274874.0284803,/big.txt,11927552,131072
55,055_none_phase_change_run15,none,phase_change,93,1778274874.0311437,/big.txt,12058624,131072
55,055_none_phase_change_run15,none,phase_change,94,1778274874.0337756,/big.txt,12189696,131072
55,055_none_phase_change_run15,none,phase_change,95,1778274874.036452,/big.txt,12320768,131072
55,055_none_phase_change_run15,none,phase_change,96,1778274874.0391307,/big.txt,12451840,131072
55,055_none_phase_change_run15,none,phase_change,97,1778274874.0417426,/big.txt,12582912,131072
55,055_none_phase_change_run15,none,phase_change,98,1778274874.0444465,/big.txt,12713984,131072
55,055_none_phase_change_run15,none,phase_change,99,1778274874.0471246,/big.txt,12845056,131072
55,055_none_phase_change_run15,none,phase_change,100,1778274874.0497653,/big.txt,12976128,131072
55,055_none_phase_change_run15,none,phase_change,101,1778274874.0524633,/big.txt,13107200,131072
55,055_none_phase_change_run15,none,phase_change,102,1778274874.0551412,/big.txt,13238272,131072
55,055_none_phase_change_run15,none,phase_change,103,1778274874.057754,/big.txt,13369344,131072
55,055_none_phase_change_run15,none,phase_change,104,1778274874.060455,/big.txt,13500416,131072
55,055_none_phase_change_run15,none,phase_change,105,1778274874.0631194,/big.txt,13631488,131072
55,055_none_phase_change_run15,none,phase_change,106,1778274874.0657692,/big.txt,13762560,131072
55,055_none_phase_change_run15,none,phase_change,107,1778274874.0684693,/big.txt,13893632,131072
55,055_none_phase_change_run15,none,phase_change,108,1778274874.0711687,/big.txt,14024704,131072
55,055_none_phase_change_run15,none,phase_change,109,1778274874.0738199,/big.txt,14155776,131072
55,055_none_phase_change_run15,none,phase_change,110,1778274874.07653,/big.txt,14286848,131072
55,055_none_phase_change_run15,none,phase_change,111,1778274874.0792031,/big.txt,14417920,131072
55,055_none_phase_change_run15,none,phase_change,112,1778274874.0818882,/big.txt,14548992,131072
55,055_none_phase_change_run15,none,phase_change,113,1778274874.0845876,/big.txt,14680064,131072
55,055_none_phase_change_run15,none,phase_change,114,1778274874.0872161,/big.txt,14811136,131072
55,055_none_phase_change_run15,none,phase_change,115,1778274874.0898046,/big.txt,14942208,131072
55,055_none_phase_change_run15,none,phase_change,116,1778274874.0924344,/big.txt,15073280,131072
55,055_none_phase_change_run15,none,phase_change,117,1778274874.0950825,/big.txt,15204352,131072
55,055_none_phase_change_run15,none,phase_change,118,1778274874.09771,/big.txt,15335424,131072
55,055_none_phase_change_run15,none,phase_change,119,1778274874.1004143,/big.txt,15466496,131072
55,055_none_phase_change_run15,none,phase_change,120,1778274874.1031055,/big.txt,15597568,131072
55,055_none_phase_change_run15,none,phase_change,121,1778274874.1057677,/big.txt,15728640,131072
55,055_none_phase_change_run15,none,phase_change,122,1778274874.1084194,/big.txt,15859712,131072
55,055_none_phase_change_run15,none,phase_change,123,1778274874.1110888,/big.txt,15990784,131072
55,055_none_phase_change_run15,none,phase_change,124,1778274874.113691,/big.txt,16121856,131072
55,055_none_phase_change_run15,none,phase_change,125,1778274874.1163418,/big.txt,16252928,131072
55,055_none_phase_change_run15,none,phase_change,126,1778274874.1189628,/big.txt,16384000,131072
55,055_none_phase_change_run15,none,phase_change,127,1778274874.121564,/big.txt,16515072,131072
55,055_none_phase_change_run15,none,phase_change,128,1778274874.1241841,/big.txt,16646144,131072
55,055_none_phase_change_run15,none,phase_change,129,1778274874.1268036,/big.txt,16777216,131072
55,055_none_phase_change_run15,none,phase_change,130,1778274874.1293988,/big.txt,16908288,131072
55,055_none_phase_change_run15,none,phase_change,131,1778274874.1320531,/big.txt,17039360,131072
55,055_none_phase_change_run15,none,phase_change,132,1778274874.1346507,/big.txt,17170432,131072
55,055_none_phase_change_run15,none,phase_change,133,1778274874.137301,/big.txt,17301504,131072
55,055_none_phase_change_run15,none,phase_change,134,1778274874.1399,/big.txt,17432576,131072
55,055_none_phase_change_run15,none,phase_change,135,1778274874.1424837,/big.txt,17563648,131072
55,055_none_phase_change_run15,none,phase_change,136,1778274874.145081,/big.txt,17694720,131072
55,055_none_phase_change_run15,none,phase_change,137,1778274874.1477108,/big.txt,17825792,131072
55,055_none_phase_change_run15,none,phase_change,138,1778274874.1502855,/big.txt,17956864,131072
55,055_none_phase_change_run15,none,phase_change,139,1778274874.1528814,/big.txt,18087936,131072
55,055_none_phase_change_run15,none,phase_change,140,1778274874.1554873,/big.txt,18219008,131072
55,055_none_phase_change_run15,none,phase_change,141,1778274874.1581802,/big.txt,18350080,131072
55,055_none_phase_change_run15,none,phase_change,142,1778274874.1608138,/big.txt,18481152,131072
55,055_none_phase_change_run15,none,phase_change,143,1778274874.163505,/big.txt,18612224,131072
55,055_none_phase_change_run15,none,phase_change,144,1778274874.166167,/big.txt,18743296,131072
55,055_none_phase_change_run15,none,phase_change,145,1778274874.1688251,/big.txt,18874368,131072
55,055_none_phase_change_run15,none,phase_change,146,1778274874.1714504,/big.txt,19005440,131072
55,055_none_phase_change_run15,none,phase_change,147,1778274874.1741412,/big.txt,19136512,131072
55,055_none_phase_change_run15,none,phase_change,148,1778274874.1767416,/big.txt,19267584,131072
55,055_none_phase_change_run15,none,phase_change,149,1778274874.1794212,/big.txt,19398656,131072
55,055_none_phase_change_run15,none,phase_change,150,1778274874.1820478,/big.txt,19529728,131072
55,055_none_phase_change_run15,none,phase_change,151,1778274874.1847336,/big.txt,19660800,131072
55,055_none_phase_change_run15,none,phase_change,152,1778274874.1873705,/big.txt,19791872,131072
55,055_none_phase_change_run15,none,phase_change,153,1778274874.1900237,/big.txt,19922944,131072
55,055_none_phase_change_run15,none,phase_change,154,1778274874.1926954,/big.txt,20054016,131072
55,055_none_phase_change_run15,none,phase_change,155,1778274874.1954188,/big.txt,20185088,131072
55,055_none_phase_change_run15,none,phase_change,156,1778274874.198084,/big.txt,20316160,131072
55,055_none_phase_change_run15,none,phase_change,157,1778274874.2007172,/big.txt,20447232,131072
55,055_none_phase_change_run15,none,phase_change,158,1778274874.203344,/big.txt,20578304,131072
55,055_none_phase_change_run15,none,phase_change,159,1778274874.2060437,/big.txt,20709376,131072
55,055_none_phase_change_run15,none,phase_change,160,1778274874.2087345,/big.txt,20840448,131072
55,055_none_phase_change_run15,none,phase_change,161,1778274874.2114372,/big.txt,20971520,131072
55,055_none_phase_change_run15,none,phase_change,162,1778274874.2140439,/big.txt,21102592,131072
55,055_none_phase_change_run15,none,phase_change,163,1778274874.2167108,/big.txt,21233664,131072
55,055_none_phase_change_run15,none,phase_change,164,1778274874.2193606,/big.txt,21364736,131072
55,055_none_phase_change_run15,none,phase_change,165,1778274874.2219765,/big.txt,21495808,131072
55,055_none_phase_change_run15,none,phase_change,166,1778274874.2246728,/big.txt,21626880,131072
55,055_none_phase_change_run15,none,phase_change,167,1778274874.2273195,/big.txt,21757952,131072
55,055_none_phase_change_run15,none,phase_change,168,1778274874.2299285,/big.txt,21889024,131072
55,055_none_phase_change_run15,none,phase_change,169,1778274874.232586,/big.txt,22020096,131072
55,055_none_phase_change_run15,none,phase_change,170,1778274874.2353492,/big.txt,22151168,131072
55,055_none_phase_change_run15,none,phase_change,171,1778274874.2379656,/big.txt,22282240,131072
55,055_none_phase_change_run15,none,phase_change,172,1778274874.2406702,/big.txt,22413312,131072
55,055_none_phase_change_run15,none,phase_change,173,1778274874.243329,/big.txt,22544384,131072
55,055_none_phase_change_run15,none,phase_change,174,1778274874.246002,/big.txt,22675456,131072
55,055_none_phase_change_run15,none,phase_change,175,1778274874.2487044,/big.txt,22806528,131072
55,055_none_phase_change_run15,none,phase_change,176,1778274874.251563,/big.txt,22937600,131072
55,055_none_phase_change_run15,none,phase_change,177,1778274874.254216,/big.txt,23068672,131072
55,055_none_phase_change_run15,none,phase_change,178,1778274874.25682,/big.txt,23199744,131072
55,055_none_phase_change_run15,none,phase_change,179,1778274874.2594237,/big.txt,23330816,131072
55,055_none_phase_change_run15,none,phase_change,180,1778274874.2620387,/big.txt,23461888,131072
55,055_none_phase_change_run15,none,phase_change,181,1778274874.2647164,/big.txt,23592960,131072
55,055_none_phase_change_run15,none,phase_change,182,1778274874.2674737,/big.txt,23724032,131072
55,055_none_phase_change_run15,none,phase_change,183,1778274874.2700891,/big.txt,23855104,131072
55,055_none_phase_change_run15,none,phase_change,184,1778274874.272705,/big.txt,23986176,131072
55,055_none_phase_change_run15,none,phase_change,185,1778274874.2752995,/big.txt,24117248,131072
55,055_none_phase_change_run15,none,phase_change,186,1778274874.2779198,/big.txt,24248320,131072
55,055_none_phase_change_run15,none,phase_change,187,1778274874.2806056,/big.txt,24379392,131072
55,055_none_phase_change_run15,none,phase_change,188,1778274874.2832143,/big.txt,24510464,131072
55,055_none_phase_change_run15,none,phase_change,189,1778274874.2858171,/big.txt,24641536,131072
55,055_none_phase_change_run15,none,phase_change,190,1778274874.2884622,/big.txt,24772608,131072
55,055_none_phase_change_run15,none,phase_change,191,1778274874.2910843,/big.txt,24903680,131072
55,055_none_phase_change_run15,none,phase_change,192,1778274874.2936819,/big.txt,25034752,131072
55,055_none_phase_change_run15,none,phase_change,193,1778274874.2963328,/big.txt,25165824,131072
55,055_none_phase_change_run15,none,phase_change,194,1778274874.2989671,/big.txt,25296896,131072
55,055_none_phase_change_run15,none,phase_change,195,1778274874.301569,/big.txt,25427968,131072
55,055_none_phase_change_run15,none,phase_change,196,1778274874.3042428,/big.txt,25559040,131072
55,055_none_phase_change_run15,none,phase_change,197,1778274874.3069117,/big.txt,25690112,131072
55,055_none_phase_change_run15,none,phase_change,198,1778274874.3095403,/big.txt,25821184,131072
55,055_none_phase_change_run15,none,phase_change,199,1778274874.3121843,/big.txt,25952256,131072
55,055_none_phase_change_run15,none,phase_change,200,1778274874.314895,/big.txt,26083328,131072
55,055_none_phase_change_run15,none,phase_change,201,1778274874.3176076,/big.txt,26214400,131072
55,055_none_phase_change_run15,none,phase_change,202,1778274874.320302,/big.txt,26345472,131072
55,055_none_phase_change_run15,none,phase_change,203,1778274874.322993,/big.txt,26476544,131072
55,055_none_phase_change_run15,none,phase_change,204,1778274874.3256087,/big.txt,26607616,131072
55,055_none_phase_change_run15,none,phase_change,205,1778274874.328273,/big.txt,26738688,131072
55,055_none_phase_change_run15,none,phase_change,206,1778274874.330938,/big.txt,26869760,131072
55,055_none_phase_change_run15,none,phase_change,207,1778274874.333597,/big.txt,27000832,131072
55,055_none_phase_change_run15,none,phase_change,208,1778274874.336282,/big.txt,27131904,131072
55,055_none_phase_change_run15,none,phase_change,209,1778274874.3389628,/big.txt,27262976,131072
55,055_none_phase_change_run15,none,phase_change,210,1778274874.3415952,/big.txt,27394048,131072
55,055_none_phase_change_run15,none,phase_change,211,1778274874.344263,/big.txt,27525120,131072
55,055_none_phase_change_run15,none,phase_change,212,1778274874.3469534,/big.txt,27656192,131072
55,055_none_phase_change_run15,none,phase_change,213,1778274874.3496087,/big.txt,27787264,131072
55,055_none_phase_change_run15,none,phase_change,214,1778274874.352284,/big.txt,27918336,131072
55,055_none_phase_change_run15,none,phase_change,215,1778274874.3549683,/big.txt,28049408,131072
55,055_none_phase_change_run15,none,phase_change,216,1778274874.357605,/big.txt,28180480,131072
55,055_none_phase_change_run15,none,phase_change,217,1778274874.3602576,/big.txt,28311552,131072
55,055_none_phase_change_run15,none,phase_change,218,1778274874.3629262,/big.txt,28442624,131072
55,055_none_phase_change_run15,none,phase_change,219,1778274874.3655484,/big.txt,28573696,131072
55,055_none_phase_change_run15,none,phase_change,220,1778274874.3682609,/big.txt,28704768,131072
55,055_none_phase_change_run15,none,phase_change,221,1778274874.370934,/big.txt,28835840,131072
55,055_none_phase_change_run15,none,phase_change,222,1778274874.3736026,/big.txt,28966912,131072
55,055_none_phase_change_run15,none,phase_change,223,1778274874.3762774,/big.txt,29097984,131072
55,055_none_phase_change_run15,none,phase_change,224,1778274874.37887,/big.txt,29229056,131072
55,055_none_phase_change_run15,none,phase_change,225,1778274874.3814726,/big.txt,29360128,131072
55,055_none_phase_change_run15,none,phase_change,226,1778274874.3841062,/big.txt,29491200,131072
55,055_none_phase_change_run15,none,phase_change,227,1778274874.3867066,/big.txt,29622272,131072
55,055_none_phase_change_run15,none,phase_change,228,1778274874.3893228,/big.txt,29753344,131072
55,055_none_phase_change_run15,none,phase_change,229,1778274874.391919,/big.txt,29884416,131072
55,055_none_phase_change_run15,none,phase_change,230,1778274874.3945022,/big.txt,30015488,131072
55,055_none_phase_change_run15,none,phase_change,231,1778274874.397131,/big.txt,30146560,131072
55,055_none_phase_change_run15,none,phase_change,232,1778274874.3996718,/big.txt,30277632,131072
55,055_none_phase_change_run15,none,phase_change,233,1778274874.402122,/big.txt,30408704,131072
55,055_none_phase_change_run15,none,phase_change,234,1778274874.4045882,/big.txt,30539776,131072
55,055_none_phase_change_run15,none,phase_change,235,1778274874.407131,/big.txt,30670848,131072
55,055_none_phase_change_run15,none,phase_change,236,1778274874.4095712,/big.txt,30801920,131072
55,055_none_phase_change_run15,none,phase_change,237,1778274874.4121122,/big.txt,30932992,131072
55,055_none_phase_change_run15,none,phase_change,238,1778274874.4145646,/big.txt,31064064,131072
55,055_none_phase_change_run15,none,phase_change,239,1778274874.4170594,/big.txt,31195136,131072
55,055_none_phase_change_run15,none,phase_change,240,1778274874.4195051,/big.txt,31326208,131072
55,055_none_phase_change_run15,none,phase_change,241,1778274874.4220138,/big.txt,31457280,131072
55,055_none_phase_change_run15,none,phase_change,242,1778274874.4245553,/big.txt,31588352,131072
55,055_none_phase_change_run15,none,phase_change,243,1778274874.427104,/big.txt,31719424,131072
55,055_none_phase_change_run15,none,phase_change,244,1778274874.4295805,/big.txt,31850496,131072
55,055_none_phase_change_run15,none,phase_change,245,1778274874.4321122,/big.txt,31981568,131072
55,055_none_phase_change_run15,none,phase_change,246,1778274874.4346004,/big.txt,32112640,131072
55,055_none_phase_change_run15,none,phase_change,247,1778274874.4370773,/big.txt,32243712,131072
55,055_none_phase_change_run15,none,phase_change,248,1778274874.4396577,/big.txt,32374784,131072
55,055_none_phase_change_run15,none,phase_change,249,1778274874.4421217,/big.txt,32505856,131072
55,055_none_phase_change_run15,none,phase_change,250,1778274874.444682,/big.txt,32636928,131072
55,055_none_phase_change_run15,none,phase_change,251,1778274874.4471543,/big.txt,32768000,131072
55,055_none_phase_change_run15,none,phase_change,252,1778274874.4496276,/big.txt,32899072,131072
55,055_none_phase_change_run15,none,phase_change,253,1778274874.452158,/big.txt,33030144,131072
55,055_none_phase_change_run15,none,phase_change,254,1778274874.45464,/big.txt,33161216,131072
55,055_none_phase_change_run15,none,phase_change,255,1778274874.4571075,/big.txt,33292288,131072
55,055_none_phase_change_run15,none,phase_change,256,1778274874.459594,/big.txt,33423360,131072
55,055_none_phase_change_run15,none,phase_change,257,1778274874.4620476,/big.txt,33554432,131072
55,055_none_phase_change_run15,none,phase_change,258,1778274874.4645832,/big.txt,33685504,131072
55,055_none_phase_change_run15,none,phase_change,259,1778274874.4671876,/big.txt,33816576,131072
55,055_none_phase_change_run15,none,phase_change,260,1778274874.4696374,/big.txt,33947648,131072
55,055_none_phase_change_run15,none,phase_change,261,1778274874.472165,/big.txt,34078720,131072
55,055_none_phase_change_run15,none,phase_change,262,1778274874.474642,/big.txt,34209792,131072
55,055_none_phase_change_run15,none,phase_change,263,1778274874.4771075,/big.txt,34340864,131072
55,055_none_phase_change_run15,none,phase_change,264,1778274874.479584,/big.txt,34471936,131072
55,055_none_phase_change_run15,none,phase_change,265,1778274874.48205,/big.txt,34603008,131072
55,055_none_phase_change_run15,none,phase_change,266,1778274874.484594,/big.txt,34734080,131072
55,055_none_phase_change_run15,none,phase_change,267,1778274874.4871504,/big.txt,34865152,131072
55,055_none_phase_change_run15,none,phase_change,268,1778274874.4896204,/big.txt,34996224,131072
55,055_none_phase_change_run15,none,phase_change,269,1778274874.4921188,/big.txt,35127296,131072
55,055_none_phase_change_run15,none,phase_change,270,1778274874.4945936,/big.txt,35258368,131072
55,055_none_phase_change_run15,none,phase_change,271,1778274874.4970396,/big.txt,35389440,131072
55,055_none_phase_change_run15,none,phase_change,272,1778274874.499532,/big.txt,35520512,131072
55,055_none_phase_change_run15,none,phase_change,273,1778274874.5019834,/big.txt,35651584,131072
55,055_none_phase_change_run15,none,phase_change,274,1778274874.5045054,/big.txt,35782656,131072
55,055_none_phase_change_run15,none,phase_change,275,1778274874.5071394,/big.txt,35913728,131072
55,055_none_phase_change_run15,none,phase_change,276,1778274874.5096524,/big.txt,36044800,131072
55,055_none_phase_change_run15,none,phase_change,277,1778274874.512172,/big.txt,36175872,131072
55,055_none_phase_change_run15,none,phase_change,278,1778274874.5146708,/big.txt,36306944,131072
55,055_none_phase_change_run15,none,phase_change,279,1778274874.5171373,/big.txt,36438016,131072
55,055_none_phase_change_run15,none,phase_change,280,1778274874.5196173,/big.txt,36569088,131072
55,055_none_phase_change_run15,none,phase_change,281,1778274874.5221114,/big.txt,36700160,131072
55,055_none_phase_change_run15,none,phase_change,282,1778274874.5246396,/big.txt,36831232,131072
55,055_none_phase_change_run15,none,phase_change,283,1778274874.5272343,/big.txt,36962304,131072
55,055_none_phase_change_run15,none,phase_change,284,1778274874.5296783,/big.txt,37093376,131072
55,055_none_phase_change_run15,none,phase_change,285,1778274874.532173,/big.txt,37224448,131072
55,055_none_phase_change_run15,none,phase_change,286,1778274874.5346482,/big.txt,37355520,131072
55,055_none_phase_change_run15,none,phase_change,287,1778274874.5371819,/big.txt,37486592,131072
55,055_none_phase_change_run15,none,phase_change,288,1778274874.5396876,/big.txt,37617664,131072
55,055_none_phase_change_run15,none,phase_change,289,1778274874.5421755,/big.txt,37748736,131072
55,055_none_phase_change_run15,none,phase_change,290,1778274874.5446765,/big.txt,37879808,131072
55,055_none_phase_change_run15,none,phase_change,291,1778274874.547173,/big.txt,38010880,131072
55,055_none_phase_change_run15,none,phase_change,292,1778274874.5496292,/big.txt,38141952,131072
55,055_none_phase_change_run15,none,phase_change,293,1778274874.552121,/big.txt,38273024,131072
55,055_none_phase_change_run15,none,phase_change,294,1778274874.5545826,/big.txt,38404096,131072
55,055_none_phase_change_run15,none,phase_change,295,1778274874.5570624,/big.txt,38535168,131072
55,055_none_phase_change_run15,none,phase_change,296,1778274874.5595899,/big.txt,38666240,131072
55,055_none_phase_change_run15,none,phase_change,297,1778274874.562101,/big.txt,38797312,131072
55,055_none_phase_change_run15,none,phase_change,298,1778274874.5646412,/big.txt,38928384,131072
55,055_none_phase_change_run15,none,phase_change,299,1778274874.5672235,/big.txt,39059456,131072
55,055_none_phase_change_run15,none,phase_change,300,1778274874.5696824,/big.txt,39190528,131072
55,055_none_phase_change_run15,none,phase_change,301,1778274874.5722237,/big.txt,39321600,131072
55,055_none_phase_change_run15,none,phase_change,302,1778274874.5746777,/big.txt,39452672,131072
55,055_none_phase_change_run15,none,phase_change,303,1778274874.5772076,/big.txt,39583744,131072
55,055_none_phase_change_run15,none,phase_change,304,1778274874.5796664,/big.txt,39714816,131072
55,055_none_phase_change_run15,none,phase_change,305,1778274874.5821707,/big.txt,39845888,131072
55,055_none_phase_change_run15,none,phase_change,306,1778274874.5846946,/big.txt,39976960,131072
55,055_none_phase_change_run15,none,phase_change,307,1778274874.5872514,/big.txt,40108032,131072
55,055_none_phase_change_run15,none,phase_change,308,1778274874.5896957,/big.txt,40239104,131072
55,055_none_phase_change_run15,none,phase_change,309,1778274874.5922174,/big.txt,40370176,131072
55,055_none_phase_change_run15,none,phase_change,310,1778274874.5946932,/big.txt,40501248,131072
55,055_none_phase_change_run15,none,phase_change,311,1778274874.597291,/big.txt,40632320,131072
55,055_none_phase_change_run15,none,phase_change,312,1778274874.5997498,/big.txt,40763392,131072
55,055_none_phase_change_run15,none,phase_change,313,1778274874.6022341,/big.txt,40894464,131072
55,055_none_phase_change_run15,none,phase_change,314,1778274874.60471,/big.txt,41025536,131072
55,055_none_phase_change_run15,none,phase_change,315,1778274874.6072826,/big.txt,41156608,131072
55,055_none_phase_change_run15,none,phase_change,316,1778274874.6097283,/big.txt,41287680,131072
55,055_none_phase_change_run15,none,phase_change,317,1778274874.6122632,/big.txt,41418752,131072
55,055_none_phase_change_run15,none,phase_change,318,1778274874.6147046,/big.txt,41549824,131072
55,055_none_phase_change_run15,none,phase_change,319,1778274874.6172025,/big.txt,41680896,131072
55,055_none_phase_change_run15,none,phase_change,320,1778274874.6196978,/big.txt,41811968,131072
55,055_none_phase_change_run15,none,phase_change,321,1778274874.6221237,/big.txt,41943040,131072
55,055_none_phase_change_run15,none,phase_change,322,1778274874.6245985,/big.txt,42074112,131072
55,055_none_phase_change_run15,none,phase_change,323,1778274874.6271503,/big.txt,42205184,131072
55,055_none_phase_change_run15,none,phase_change,324,1778274874.6296132,/big.txt,42336256,131072
55,055_none_phase_change_run15,none,phase_change,325,1778274874.6320953,/big.txt,42467328,131072
55,055_none_phase_change_run15,none,phase_change,326,1778274874.6345558,/big.txt,42598400,131072
55,055_none_phase_change_run15,none,phase_change,327,1778274874.6371012,/big.txt,42729472,131072
55,055_none_phase_change_run15,none,phase_change,328,1778274874.6396,/big.txt,42860544,131072
55,055_none_phase_change_run15,none,phase_change,329,1778274874.6421084,/big.txt,42991616,131072
55,055_none_phase_change_run15,none,phase_change,330,1778274874.6446059,/big.txt,43122688,131072
55,055_none_phase_change_run15,none,phase_change,331,1778274874.6470742,/big.txt,43253760,131072
55,055_none_phase_change_run15,none,phase_change,332,1778274874.6495283,/big.txt,43384832,131072
55,055_none_phase_change_run15,none,phase_change,333,1778274874.652021,/big.txt,43515904,131072
55,055_none_phase_change_run15,none,phase_change,334,1778274874.6544855,/big.txt,43646976,131072
55,055_none_phase_change_run15,none,phase_change,335,1778274874.6569347,/big.txt,43778048,131072
55,055_none_phase_change_run15,none,phase_change,336,1778274874.6595106,/big.txt,43909120,131072
55,055_none_phase_change_run15,none,phase_change,337,1778274874.6619353,/big.txt,44040192,131072
55,055_none_phase_change_run15,none,phase_change,338,1778274874.664338,/big.txt,44171264,131072
55,055_none_phase_change_run15,none,phase_change,339,1778274874.6666505,/big.txt,44302336,131072
55,055_none_phase_change_run15,none,phase_change,340,1778274874.668996,/big.txt,44433408,131072
55,055_none_phase_change_run15,none,phase_change,341,1778274874.6714144,/big.txt,44564480,131072
55,055_none_phase_change_run15,none,phase_change,342,1778274874.6737213,/big.txt,44695552,131072
55,055_none_phase_change_run15,none,phase_change,343,1778274874.6761212,/big.txt,44826624,131072
55,055_none_phase_change_run15,none,phase_change,344,1778274874.6784909,/big.txt,44957696,131072
55,055_none_phase_change_run15,none,phase_change,345,1778274874.6808226,/big.txt,45088768,131072
55,055_none_phase_change_run15,none,phase_change,346,1778274874.6831958,/big.txt,45219840,131072
55,055_none_phase_change_run15,none,phase_change,347,1778274874.6855283,/big.txt,45350912,131072
55,055_none_phase_change_run15,none,phase_change,348,1778274874.6878774,/big.txt,45481984,131072
55,055_none_phase_change_run15,none,phase_change,349,1778274874.6902308,/big.txt,45613056,131072
55,055_none_phase_change_run15,none,phase_change,350,1778274874.6925938,/big.txt,45744128,131072
55,055_none_phase_change_run15,none,phase_change,351,1778274874.6950178,/big.txt,45875200,131072
55,055_none_phase_change_run15,none,phase_change,352,1778274874.6973686,/big.txt,46006272,131072
55,055_none_phase_change_run15,none,phase_change,353,1778274874.6997023,/big.txt,46137344,131072
55,055_none_phase_change_run15,none,phase_change,354,1778274874.70211,/big.txt,46268416,131072
55,055_none_phase_change_run15,none,phase_change,355,1778274874.7044516,/big.txt,46399488,131072
55,055_none_phase_change_run15,none,phase_change,356,1778274874.7067943,/big.txt,46530560,131072
55,055_none_phase_change_run15,none,phase_change,357,1778274874.7091227,/big.txt,46661632,131072
55,055_none_phase_change_run15,none,phase_change,358,1778274874.7114677,/big.txt,46792704,131072
55,055_none_phase_change_run15,none,phase_change,359,1778274874.7137918,/big.txt,46923776,131072
55,055_none_phase_change_run15,none,phase_change,360,1778274874.71618,/big.txt,47054848,131072
55,055_none_phase_change_run15,none,phase_change,361,1778274874.7185452,/big.txt,47185920,131072
55,055_none_phase_change_run15,none,phase_change,362,1778274874.7208986,/big.txt,47316992,131072
55,055_none_phase_change_run15,none,phase_change,363,1778274874.7233472,/big.txt,47448064,131072
55,055_none_phase_change_run15,none,phase_change,364,1778274874.7256682,/big.txt,47579136,131072
55,055_none_phase_change_run15,none,phase_change,365,1778274874.728065,/big.txt,47710208,131072
55,055_none_phase_change_run15,none,phase_change,366,1778274874.7304916,/big.txt,47841280,131072
55,055_none_phase_change_run15,none,phase_change,367,1778274874.7328281,/big.txt,47972352,131072
55,055_none_phase_change_run15,none,phase_change,368,1778274874.7360487,/big.txt,48103424,131072
55,055_none_phase_change_run15,none,phase_change,369,1778274874.7407122,/big.txt,48234496,131072
55,055_none_phase_change_run15,none,phase_change,370,1778274874.745371,/big.txt,48365568,131072
55,055_none_phase_change_run15,none,phase_change,371,1778274874.7476592,/big.txt,48496640,131072
55,055_none_phase_change_run15,none,phase_change,372,1778274874.7498076,/big.txt,48627712,131072
55,055_none_phase_change_run15,none,phase_change,373,1778274874.752,/big.txt,48758784,131072
55,055_none_phase_change_run15,none,phase_change,374,1778274874.7541726,/big.txt,48889856,131072
55,055_none_phase_change_run15,none,phase_change,375,1778274874.75635,/big.txt,49020928,131072
55,055_none_phase_change_run15,none,phase_change,376,1778274874.758507,/big.txt,49152000,131072
55,055_none_phase_change_run15,none,phase_change,377,1778274874.7606487,/big.txt,49283072,131072
55,055_none_phase_change_run15,none,phase_change,378,1778274874.7628603,/big.txt,49414144,131072
55,055_none_phase_change_run15,none,phase_change,379,1778274874.7650466,/big.txt,49545216,131072
55,055_none_phase_change_run15,none,phase_change,380,1778274874.7672055,/big.txt,49676288,131072
55,055_none_phase_change_run15,none,phase_change,381,1778274874.7693489,/big.txt,49807360,131072
55,055_none_phase_change_run15,none,phase_change,382,1778274874.7714977,/big.txt,49938432,131072
55,055_none_phase_change_run15,none,phase_change,383,1778274874.773644,/big.txt,50069504,131072
55,055_none_phase_change_run15,none,phase_change,384,1778274874.7757907,/big.txt,50200576,131072
55,055_none_phase_change_run15,none,phase_change,385,1778274874.7779217,/big.txt,50331648,131072
55,055_none_phase_change_run15,none,phase_change,386,1778274874.7800536,/big.txt,50462720,131072
55,055_none_phase_change_run15,none,phase_change,387,1778274874.78219,/big.txt,50593792,131072
55,055_none_phase_change_run15,none,phase_change,388,1778274874.7843347,/big.txt,50724864,131072
55,055_none_phase_change_run15,none,phase_change,389,1778274874.7864823,/big.txt,50855936,131072
55,055_none_phase_change_run15,none,phase_change,390,1778274874.7885904,/big.txt,50987008,131072
55,055_none_phase_change_run15,none,phase_change,391,1778274874.7907307,/big.txt,51118080,131072
55,055_none_phase_change_run15,none,phase_change,392,1778274874.7928805,/big.txt,51249152,131072
55,055_none_phase_change_run15,none,phase_change,393,1778274874.7951362,/big.txt,51380224,131072
55,055_none_phase_change_run15,none,phase_change,394,1778274874.797277,/big.txt,51511296,131072
55,055_none_phase_change_run15,none,phase_change,395,1778274874.7994316,/big.txt,51642368,131072
55,055_none_phase_change_run15,none,phase_change,396,1778274874.8015687,/big.txt,51773440,131072
55,055_none_phase_change_run15,none,phase_change,397,1778274874.803727,/big.txt,51904512,131072
55,055_none_phase_change_run15,none,phase_change,398,1778274874.8058555,/big.txt,52035584,131072
55,055_none_phase_change_run15,none,phase_change,399,1778274874.808012,/big.txt,52166656,131072
55,055_none_phase_change_run15,none,phase_change,400,1778274874.810174,/big.txt,52297728,131072
55,055_none_phase_change_run15,none,phase_change,401,1778274874.812327,/big.txt,52428800,131072
55,055_none_phase_change_run15,none,phase_change,402,1778274874.8144748,/big.txt,52559872,131072
55,055_none_phase_change_run15,none,phase_change,403,1778274874.8166864,/big.txt,52690944,131072
55,055_none_phase_change_run15,none,phase_change,404,1778274874.8188891,/big.txt,52822016,131072
55,055_none_phase_change_run15,none,phase_change,405,1778274874.8210309,/big.txt,52953088,131072
55,055_none_phase_change_run15,none,phase_change,406,1778274874.82318,/big.txt,53084160,131072
55,055_none_phase_change_run15,none,phase_change,407,1778274874.82532,/big.txt,53215232,131072
55,055_none_phase_change_run15,none,phase_change,408,1778274874.8275743,/big.txt,53346304,131072
55,055_none_phase_change_run15,none,phase_change,409,1778274874.8297195,/big.txt,53477376,131072
55,055_none_phase_change_run15,none,phase_change,410,1778274874.8319058,/big.txt,53608448,131072
55,055_none_phase_change_run15,none,phase_change,411,1778274874.834047,/big.txt,53739520,131072
55,055_none_phase_change_run15,none,phase_change,412,1778274874.8362176,/big.txt,53870592,131072
55,055_none_phase_change_run15,none,phase_change,413,1778274874.838353,/big.txt,54001664,131072
55,055_none_phase_change_run15,none,phase_change,414,1778274874.8405032,/big.txt,54132736,131072
55,055_none_phase_change_run15,none,phase_change,415,1778274874.8426356,/big.txt,54263808,131072
55,055_none_phase_change_run15,none,phase_change,416,1778274874.844799,/big.txt,54394880,131072
55,055_none_phase_change_run15,none,phase_change,417,1778274874.8469398,/big.txt,54525952,131072
55,055_none_phase_change_run15,none,phase_change,418,1778274874.8490882,/big.txt,54657024,131072
55,055_none_phase_change_run15,none,phase_change,419,1778274874.8524158,/big.txt,54788096,131072
55,055_none_phase_change_run15,none,phase_change,420,1778274874.8567712,/big.txt,54919168,131072
55,055_none_phase_change_run15,none,phase_change,421,1778274874.8611367,/big.txt,55050240,131072
55,055_none_phase_change_run15,none,phase_change,422,1778274874.8634634,/big.txt,55181312,131072
55,055_none_phase_change_run15,none,phase_change,423,1778274874.8656056,/big.txt,55312384,131072
55,055_none_phase_change_run15,none,phase_change,424,1778274874.867749,/big.txt,55443456,131072
55,055_none_phase_change_run15,none,phase_change,425,1778274874.8699217,/big.txt,55574528,131072
55,055_none_phase_change_run15,none,phase_change,426,1778274874.8720734,/big.txt,55705600,131072
55,055_none_phase_change_run15,none,phase_change,427,1778274874.874209,/big.txt,55836672,131072
55,055_none_phase_change_run15,none,phase_change,428,1778274874.8763528,/big.txt,55967744,131072
55,055_none_phase_change_run15,none,phase_change,429,1778274874.8784912,/big.txt,56098816,131072
55,055_none_phase_change_run15,none,phase_change,430,1778274874.8806398,/big.txt,56229888,131072
55,055_none_phase_change_run15,none,phase_change,431,1778274874.8828664,/big.txt,56360960,131072
55,055_none_phase_change_run15,none,phase_change,432,1778274874.8850076,/big.txt,56492032,131072
55,055_none_phase_change_run15,none,phase_change,433,1778274874.8871753,/big.txt,56623104,131072
55,055_none_phase_change_run15,none,phase_change,434,1778274874.8893201,/big.txt,56754176,131072
55,055_none_phase_change_run15,none,phase_change,435,1778274874.891468,/big.txt,56885248,131072
55,055_none_phase_change_run15,none,phase_change,436,1778274874.8936133,/big.txt,57016320,131072
55,055_none_phase_change_run15,none,phase_change,437,1778274874.895783,/big.txt,57147392,131072
55,055_none_phase_change_run15,none,phase_change,438,1778274874.8979437,/big.txt,57278464,131072
55,055_none_phase_change_run15,none,phase_change,439,1778274874.9001155,/big.txt,57409536,131072
55,055_none_phase_change_run15,none,phase_change,440,1778274874.902254,/big.txt,57540608,131072
55,055_none_phase_change_run15,none,phase_change,441,1778274874.904406,/big.txt,57671680,131072
55,055_none_phase_change_run15,none,phase_change,442,1778274874.9065394,/big.txt,57802752,131072
55,055_none_phase_change_run15,none,phase_change,443,1778274874.9086719,/big.txt,57933824,131072
55,055_none_phase_change_run15,none,phase_change,444,1778274874.9107482,/big.txt,58064896,131072
55,055_none_phase_change_run15,none,phase_change,445,1778274874.9128876,/big.txt,58195968,131072
55,055_none_phase_change_run15,none,phase_change,446,1778274874.9150782,/big.txt,58327040,131072
55,055_none_phase_change_run15,none,phase_change,447,1778274874.9172351,/big.txt,58458112,131072
55,055_none_phase_change_run15,none,phase_change,448,1778274874.9193213,/big.txt,58589184,131072
55,055_none_phase_change_run15,none,phase_change,449,1778274874.9213805,/big.txt,58720256,131072
55,055_none_phase_change_run15,none,phase_change,450,1778274874.9234421,/big.txt,58851328,131072
55,055_none_phase_change_run15,none,phase_change,451,1778274874.9254925,/big.txt,58982400,131072
55,055_none_phase_change_run15,none,phase_change,452,1778274874.9275641,/big.txt,59113472,131072
55,055_none_phase_change_run15,none,phase_change,453,1778274874.9296167,/big.txt,59244544,131072
55,055_none_phase_change_run15,none,phase_change,454,1778274874.9316697,/big.txt,59375616,131072
55,055_none_phase_change_run15,none,phase_change,455,1778274874.9337318,/big.txt,59506688,131072
55,055_none_phase_change_run15,none,phase_change,456,1778274874.9358096,/big.txt,59637760,131072
55,055_none_phase_change_run15,none,phase_change,457,1778274874.9378664,/big.txt,59768832,131072
55,055_none_phase_change_run15,none,phase_change,458,1778274874.939949,/big.txt,59899904,131072
55,055_none_phase_change_run15,none,phase_change,459,1778274874.9419963,/big.txt,60030976,131072
55,055_none_phase_change_run15,none,phase_change,460,1778274874.9440799,/big.txt,60162048,131072
55,055_none_phase_change_run15,none,phase_change,461,1778274874.9461522,/big.txt,60293120,131072
55,055_none_phase_change_run15,none,phase_change,462,1778274874.9482226,/big.txt,60424192,131072
55,055_none_phase_change_run15,none,phase_change,463,1778274874.9502764,/big.txt,60555264,131072
55,055_none_phase_change_run15,none,phase_change,464,1778274874.9523747,/big.txt,60686336,131072
55,055_none_phase_change_run15,none,phase_change,465,1778274874.9544194,/big.txt,60817408,131072
55,055_none_phase_change_run15,none,phase_change,466,1778274874.956511,/big.txt,60948480,131072
55,055_none_phase_change_run15,none,phase_change,467,1778274874.9585671,/big.txt,61079552,131072
55,055_none_phase_change_run15,none,phase_change,468,1778274874.9607306,/big.txt,61210624,131072
55,055_none_phase_change_run15,none,phase_change,469,1778274874.962799,/big.txt,61341696,131072
55,055_none_phase_change_run15,none,phase_change,470,1778274874.9648457,/big.txt,61472768,131072
55,055_none_phase_change_run15,none,phase_change,471,1778274874.96695,/big.txt,61603840,131072
55,055_none_phase_change_run15,none,phase_change,472,1778274874.9690156,/big.txt,61734912,131072
55,055_none_phase_change_run15,none,phase_change,473,1778274874.9710767,/big.txt,61865984,131072
55,055_none_phase_change_run15,none,phase_change,474,1778274874.9731407,/big.txt,61997056,131072
55,055_none_phase_change_run15,none,phase_change,475,1778274874.975223,/big.txt,62128128,131072
55,055_none_phase_change_run15,none,phase_change,476,1778274874.977284,/big.txt,62259200,131072
55,055_none_phase_change_run15,none,phase_change,477,1778274874.9793618,/big.txt,62390272,131072
55,055_none_phase_change_run15,none,phase_change,478,1778274874.9814167,/big.txt,62521344,131072
55,055_none_phase_change_run15,none,phase_change,479,1778274874.9835348,/big.txt,62652416,131072
55,055_none_phase_change_run15,none,phase_change,480,1778274874.9855976,/big.txt,62783488,131072
55,055_none_phase_change_run15,none,phase_change,481,1778274874.987653,/big.txt,62914560,131072
55,055_none_phase_change_run15,none,phase_change,482,1778274874.9897087,/big.txt,63045632,131072
55,055_none_phase_change_run15,none,phase_change,483,1778274874.991778,/big.txt,63176704,131072
55,055_none_phase_change_run15,none,phase_change,484,1778274874.9938438,/big.txt,63307776,131072
55,055_none_phase_change_run15,none,phase_change,485,1778274874.9959114,/big.txt,63438848,131072
55,055_none_phase_change_run15,none,phase_change,486,1778274874.9979763,/big.txt,63569920,131072
55,055_none_phase_change_run15,none,phase_change,487,1778274875.0000536,/big.txt,63700992,131072
55,055_none_phase_change_run15,none,phase_change,488,1778274875.002113,/big.txt,63832064,131072
55,055_none_phase_change_run15,none,phase_change,489,1778274875.0042145,/big.txt,63963136,131072
55,055_none_phase_change_run15,none,phase_change,490,1778274875.0062697,/big.txt,64094208,131072
55,055_none_phase_change_run15,none,phase_change,491,1778274875.0083241,/big.txt,64225280,131072
55,055_none_phase_change_run15,none,phase_change,492,1778274875.0103736,/big.txt,64356352,131072
55,055_none_phase_change_run15,none,phase_change,493,1778274875.012426,/big.txt,64487424,131072
55,055_none_phase_change_run15,none,phase_change,494,1778274875.0145154,/big.txt,64618496,131072
55,055_none_phase_change_run15,none,phase_change,495,1778274875.0166812,/big.txt,64749568,131072
55,055_none_phase_change_run15,none,phase_change,496,1778274875.0187225,/big.txt,64880640,131072
55,055_none_phase_change_run15,none,phase_change,497,1778274875.020805,/big.txt,65011712,131072
55,055_none_phase_change_run15,none,phase_change,498,1778274875.0229583,/big.txt,65142784,131072
55,055_none_phase_change_run15,none,phase_change,499,1778274875.0250196,/big.txt,65273856,131072
55,055_none_phase_change_run15,none,phase_change,500,1778274875.0270963,/big.txt,65404928,131072
55,055_none_phase_change_run15,none,phase_change,501,1778274875.0291524,/big.txt,65536000,131072
55,055_none_phase_change_run15,none,phase_change,502,1778274875.031242,/big.txt,65667072,131072
55,055_none_phase_change_run15,none,phase_change,503,1778274875.0333,/big.txt,65798144,131072
55,055_none_phase_change_run15,none,phase_change,504,1778274875.0354009,/big.txt,65929216,131072
55,055_none_phase_change_run15,none,phase_change,505,1778274875.037471,/big.txt,66060288,131072
55,055_none_phase_change_run15,none,phase_change,506,1778274875.039546,/big.txt,66191360,131072
55,055_none_phase_change_run15,none,phase_change,507,1778274875.0416021,/big.txt,66322432,131072
55,055_none_phase_change_run15,none,phase_change,508,1778274875.0436466,/big.txt,66453504,131072
55,055_none_phase_change_run15,none,phase_change,509,1778274875.0457058,/big.txt,66584576,131072
55,055_none_phase_change_run15,none,phase_change,510,1778274875.04778,/big.txt,66715648,131072
55,055_none_phase_change_run15,none,phase_change,511,1778274875.0498416,/big.txt,66846720,131072
55,055_none_phase_change_run15,none,phase_change,512,1778274875.0519044,/big.txt,66977792,131072
55,055_none_phase_change_run15,none,phase_change,513,1778274875.053971,/big.txt,67108864,131072
55,055_none_phase_change_run15,none,phase_change,514,1778274875.0560431,/big.txt,67239936,131072
55,055_none_phase_change_run15,none,phase_change,515,1778274875.058134,/big.txt,67371008,131072
55,055_none_phase_change_run15,none,phase_change,516,1778274875.0602105,/big.txt,67502080,131072
55,055_none_phase_change_run15,none,phase_change,517,1778274875.0622923,/big.txt,67633152,131072
55,055_none_phase_change_run15,none,phase_change,518,1778274875.0643842,/big.txt,67764224,131072
55,055_none_phase_change_run15,none,phase_change,519,1778274875.0664465,/big.txt,67895296,131072
55,055_none_phase_change_run15,none,phase_change,520,1778274875.0684996,/big.txt,68026368,131072
55,055_none_phase_change_run15,none,phase_change,521,1778274875.0705426,/big.txt,68157440,131072
55,055_none_phase_change_run15,none,phase_change,522,1778274875.0726516,/big.txt,68288512,131072
55,055_none_phase_change_run15,none,phase_change,523,1778274875.0747035,/big.txt,68419584,131072
55,055_none_phase_change_run15,none,phase_change,524,1778274875.0767474,/big.txt,68550656,131072
55,055_none_phase_change_run15,none,phase_change,525,1778274875.0788162,/big.txt,68681728,131072
55,055_none_phase_change_run15,none,phase_change,526,1778274875.0808809,/big.txt,68812800,131072
55,055_none_phase_change_run15,none,phase_change,527,1778274875.0829935,/big.txt,68943872,131072
55,055_none_phase_change_run15,none,phase_change,528,1778274875.0850515,/big.txt,69074944,131072
55,055_none_phase_change_run15,none,phase_change,529,1778274875.087129,/big.txt,69206016,131072
55,055_none_phase_change_run15,none,phase_change,530,1778274875.089191,/big.txt,69337088,131072
55,055_none_phase_change_run15,none,phase_change,531,1778274875.0912614,/big.txt,69468160,131072
55,055_none_phase_change_run15,none,phase_change,532,1778274875.0933223,/big.txt,69599232,131072
55,055_none_phase_change_run15,none,phase_change,533,1778274875.0954497,/big.txt,69730304,131072
55,055_none_phase_change_run15,none,phase_change,534,1778274875.0975049,/big.txt,69861376,131072
55,055_none_phase_change_run15,none,phase_change,535,1778274875.0995831,/big.txt,69992448,131072
55,055_none_phase_change_run15,none,phase_change,536,1778274875.101638,/big.txt,70123520,131072
55,055_none_phase_change_run15,none,phase_change,537,1778274875.1036923,/big.txt,70254592,131072
55,055_none_phase_change_run15,none,phase_change,538,1778274875.105751,/big.txt,70385664,131072
55,055_none_phase_change_run15,none,phase_change,539,1778274875.1078255,/big.txt,70516736,131072
55,055_none_phase_change_run15,none,phase_change,540,1778274875.1098697,/big.txt,70647808,131072
55,055_none_phase_change_run15,none,phase_change,541,1778274875.1119363,/big.txt,70778880,131072
55,055_none_phase_change_run15,none,phase_change,542,1778274875.1139896,/big.txt,70909952,131072
55,055_none_phase_change_run15,none,phase_change,543,1778274875.116094,/big.txt,71041024,131072
55,055_none_phase_change_run15,none,phase_change,544,1778274875.1181536,/big.txt,71172096,131072
55,055_none_phase_change_run15,none,phase_change,545,1778274875.1202557,/big.txt,71303168,131072
55,055_none_phase_change_run15,none,phase_change,546,1778274875.1223404,/big.txt,71434240,131072
55,055_none_phase_change_run15,none,phase_change,547,1778274875.1244087,/big.txt,71565312,131072
55,055_none_phase_change_run15,none,phase_change,548,1778274875.1264846,/big.txt,71696384,131072
55,055_none_phase_change_run15,none,phase_change,549,1778274875.1285458,/big.txt,71827456,131072
55,055_none_phase_change_run15,none,phase_change,550,1778274875.1306083,/big.txt,71958528,131072
55,055_none_phase_change_run15,none,phase_change,551,1778274875.1328092,/big.txt,72089600,131072
55,055_none_phase_change_run15,none,phase_change,552,1778274875.1348913,/big.txt,72220672,131072
55,055_none_phase_change_run15,none,phase_change,553,1778274875.1369581,/big.txt,72351744,131072
55,055_none_phase_change_run15,none,phase_change,554,1778274875.139094,/big.txt,72482816,131072
55,055_none_phase_change_run15,none,phase_change,555,1778274875.1411614,/big.txt,72613888,131072
55,055_none_phase_change_run15,none,phase_change,556,1778274875.1432278,/big.txt,72744960,131072
55,055_none_phase_change_run15,none,phase_change,557,1778274875.145288,/big.txt,72876032,131072
55,055_none_phase_change_run15,none,phase_change,558,1778274875.1473696,/big.txt,73007104,131072
55,055_none_phase_change_run15,none,phase_change,559,1778274875.1494207,/big.txt,73138176,131072
55,055_none_phase_change_run15,none,phase_change,560,1778274875.1515365,/big.txt,73269248,131072
55,055_none_phase_change_run15,none,phase_change,561,1778274875.1536062,/big.txt,73400320,131072
55,055_none_phase_change_run15,none,phase_change,562,1778274875.1556754,/big.txt,73531392,131072
55,055_none_phase_change_run15,none,phase_change,563,1778274875.1577387,/big.txt,73662464,131072
55,055_none_phase_change_run15,none,phase_change,564,1778274875.1598113,/big.txt,73793536,131072
55,055_none_phase_change_run15,none,phase_change,565,1778274875.1618855,/big.txt,73924608,131072
55,055_none_phase_change_run15,none,phase_change,566,1778274875.1640136,/big.txt,74055680,131072
55,055_none_phase_change_run15,none,phase_change,567,1778274875.1660697,/big.txt,74186752,131072
55,055_none_phase_change_run15,none,phase_change,568,1778274875.1681547,/big.txt,74317824,131072
55,055_none_phase_change_run15,none,phase_change,569,1778274875.1702185,/big.txt,74448896,131072
55,055_none_phase_change_run15,none,phase_change,570,1778274875.1722782,/big.txt,74579968,131072
55,055_none_phase_change_run15,none,phase_change,571,1778274875.174346,/big.txt,74711040,131072
55,055_none_phase_change_run15,none,phase_change,572,1778274875.176396,/big.txt,74842112,131072
55,055_none_phase_change_run15,none,phase_change,573,1778274875.178455,/big.txt,74973184,131072
55,055_none_phase_change_run15,none,phase_change,574,1778274875.1804986,/big.txt,75104256,131072
55,055_none_phase_change_run15,none,phase_change,575,1778274875.1825614,/big.txt,75235328,131072
55,055_none_phase_change_run15,none,phase_change,576,1778274875.1846597,/big.txt,75366400,131072
55,055_none_phase_change_run15,none,phase_change,577,1778274875.1867146,/big.txt,75497472,131072
55,055_none_phase_change_run15,none,phase_change,578,1778274875.188811,/big.txt,75628544,131072
55,055_none_phase_change_run15,none,phase_change,579,1778274875.1908848,/big.txt,75759616,131072
55,055_none_phase_change_run15,none,phase_change,580,1778274875.1929626,/big.txt,75890688,131072
55,055_none_phase_change_run15,none,phase_change,581,1778274875.195179,/big.txt,76021760,131072
55,055_none_phase_change_run15,none,phase_change,582,1778274875.1972418,/big.txt,76152832,131072
55,055_none_phase_change_run15,none,phase_change,583,1778274875.1993484,/big.txt,76283904,131072
55,055_none_phase_change_run15,none,phase_change,584,1778274875.201422,/big.txt,76414976,131072
55,055_none_phase_change_run15,none,phase_change,585,1778274875.2035089,/big.txt,76546048,131072
55,055_none_phase_change_run15,none,phase_change,586,1778274875.2055717,/big.txt,76677120,131072
55,055_none_phase_change_run15,none,phase_change,587,1778274875.2077293,/big.txt,76808192,131072
55,055_none_phase_change_run15,none,phase_change,588,1778274875.2099001,/big.txt,76939264,131072
55,055_none_phase_change_run15,none,phase_change,589,1778274875.21202,/big.txt,77070336,131072
55,055_none_phase_change_run15,none,phase_change,590,1778274875.214165,/big.txt,77201408,131072
55,055_none_phase_change_run15,none,phase_change,591,1778274875.2162986,/big.txt,77332480,131072
55,055_none_phase_change_run15,none,phase_change,592,1778274875.2184124,/big.txt,77463552,131072
55,055_none_phase_change_run15,none,phase_change,593,1778274875.2205343,/big.txt,77594624,131072
55,055_none_phase_change_run15,none,phase_change,594,1778274875.2226365,/big.txt,77725696,131072
55,055_none_phase_change_run15,none,phase_change,595,1778274875.2247274,/big.txt,77856768,131072
55,055_none_phase_change_run15,none,phase_change,596,1778274875.226825,/big.txt,77987840,131072
55,055_none_phase_change_run15,none,phase_change,597,1778274875.2288854,/big.txt,78118912,131072
55,055_none_phase_change_run15,none,phase_change,598,1778274875.2309477,/big.txt,78249984,131072
55,055_none_phase_change_run15,none,phase_change,599,1778274875.232995,/big.txt,78381056,131072
55,055_none_phase_change_run15,none,phase_change,600,1778274875.2350538,/big.txt,78512128,131072
55,055_none_phase_change_run15,none,phase_change,601,1778274875.2370942,/big.txt,78643200,131072
55,055_none_phase_change_run15,none,phase_change,602,1778274875.2391658,/big.txt,78774272,131072
55,055_none_phase_change_run15,none,phase_change,603,1778274875.2412174,/big.txt,78905344,131072
55,055_none_phase_change_run15,none,phase_change,604,1778274875.2432768,/big.txt,79036416,131072
55,055_none_phase_change_run15,none,phase_change,605,1778274875.245336,/big.txt,79167488,131072
55,055_none_phase_change_run15,none,phase_change,606,1778274875.2475488,/big.txt,79298560,131072
55,055_none_phase_change_run15,none,phase_change,607,1778274875.2496011,/big.txt,79429632,131072
55,055_none_phase_change_run15,none,phase_change,608,1778274875.2516847,/big.txt,79560704,131072
55,055_none_phase_change_run15,none,phase_change,609,1778274875.25375,/big.txt,79691776,131072
55,055_none_phase_change_run15,none,phase_change,610,1778274875.2558541,/big.txt,79822848,131072
55,055_none_phase_change_run15,none,phase_change,611,1778274875.2579138,/big.txt,79953920,131072
55,055_none_phase_change_run15,none,phase_change,612,1778274875.2599964,/big.txt,80084992,131072
55,055_none_phase_change_run15,none,phase_change,613,1778274875.2620673,/big.txt,80216064,131072
55,055_none_phase_change_run15,none,phase_change,614,1778274875.2641456,/big.txt,80347136,131072
55,055_none_phase_change_run15,none,phase_change,615,1778274875.2662177,/big.txt,80478208,131072
55,055_none_phase_change_run15,none,phase_change,616,1778274875.268301,/big.txt,80609280,131072
55,055_none_phase_change_run15,none,phase_change,617,1778274875.2703648,/big.txt,80740352,131072
55,055_none_phase_change_run15,none,phase_change,618,1778274875.2724242,/big.txt,80871424,131072
55,055_none_phase_change_run15,none,phase_change,619,1778274875.2744915,/big.txt,81002496,131072
55,055_none_phase_change_run15,none,phase_change,620,1778274875.2765434,/big.txt,81133568,131072
55,055_none_phase_change_run15,none,phase_change,621,1778274875.278599,/big.txt,81264640,131072
55,055_none_phase_change_run15,none,phase_change,622,1778274875.2807984,/big.txt,81395712,131072
55,055_none_phase_change_run15,none,phase_change,623,1778274875.282864,/big.txt,81526784,131072
55,055_none_phase_change_run15,none,phase_change,624,1778274875.2849197,/big.txt,81657856,131072
55,055_none_phase_change_run15,none,phase_change,625,1778274875.2869866,/big.txt,81788928,131072
55,055_none_phase_change_run15,none,phase_change,626,1778274875.2890422,/big.txt,81920000,131072
55,055_none_phase_change_run15,none,phase_change,627,1778274875.2918723,/big.txt,82051072,131072
55,055_none_phase_change_run15,none,phase_change,628,1778274875.2960706,/big.txt,82182144,131072
55,055_none_phase_change_run15,none,phase_change,629,1778274875.3002586,/big.txt,82313216,131072
55,055_none_phase_change_run15,none,phase_change,630,1778274875.3032515,/big.txt,82444288,131072
55,055_none_phase_change_run15,none,phase_change,631,1778274875.3053114,/big.txt,82575360,131072
55,055_none_phase_change_run15,none,phase_change,632,1778274875.30739,/big.txt,82706432,131072
55,055_none_phase_change_run15,none,phase_change,633,1778274875.3094642,/big.txt,82837504,131072
55,055_none_phase_change_run15,none,phase_change,634,1778274875.3115473,/big.txt,82968576,131072
55,055_none_phase_change_run15,none,phase_change,635,1778274875.3136137,/big.txt,83099648,131072
55,055_none_phase_change_run15,none,phase_change,636,1778274875.315692,/big.txt,83230720,131072
55,055_none_phase_change_run15,none,phase_change,637,1778274875.3177683,/big.txt,83361792,131072
55,055_none_phase_change_run15,none,phase_change,638,1778274875.319869,/big.txt,83492864,131072
55,055_none_phase_change_run15,none,phase_change,639,1778274875.3219318,/big.txt,83623936,131072
55,055_none_phase_change_run15,none,phase_change,640,1778274875.324,/big.txt,83755008,131072
55,055_none_phase_change_run15,none,phase_change,641,1778274875.3260572,/big.txt,83886080,131072
55,055_none_phase_change_run15,none,phase_change,642,1778274875.328139,/big.txt,84017152,131072
55,055_none_phase_change_run15,none,phase_change,643,1778274875.330197,/big.txt,84148224,131072
55,055_none_phase_change_run15,none,phase_change,644,1778274875.3322566,/big.txt,84279296,131072
55,055_none_phase_change_run15,none,phase_change,645,1778274875.3343318,/big.txt,84410368,131072
55,055_none_phase_change_run15,none,phase_change,646,1778274875.3363848,/big.txt,84541440,131072
55,055_none_phase_change_run15,none,phase_change,647,1778274875.3384616,/big.txt,84672512,131072
55,055_none_phase_change_run15,none,phase_change,648,1778274875.3405297,/big.txt,84803584,131072
55,055_none_phase_change_run15,none,phase_change,649,1778274875.3426087,/big.txt,84934656,131072
55,055_none_phase_change_run15,none,phase_change,650,1778274875.3447511,/big.txt,85065728,131072
55,055_none_phase_change_run15,none,phase_change,651,1778274875.346868,/big.txt,85196800,131072
55,055_none_phase_change_run15,none,phase_change,652,1778274875.3489351,/big.txt,85327872,131072
55,055_none_phase_change_run15,none,phase_change,653,1778274875.3510916,/big.txt,85458944,131072
55,055_none_phase_change_run15,none,phase_change,654,1778274875.3531477,/big.txt,85590016,131072
55,055_none_phase_change_run15,none,phase_change,655,1778274875.3552182,/big.txt,85721088,131072
55,055_none_phase_change_run15,none,phase_change,656,1778274875.357254,/big.txt,85852160,131072
55,055_none_phase_change_run15,none,phase_change,657,1778274875.3593879,/big.txt,85983232,131072
55,055_none_phase_change_run15,none,phase_change,658,1778274875.361443,/big.txt,86114304,131072
55,055_none_phase_change_run15,none,phase_change,659,1778274875.363526,/big.txt,86245376,131072
55,055_none_phase_change_run15,none,phase_change,660,1778274875.3655949,/big.txt,86376448,131072
55,055_none_phase_change_run15,none,phase_change,661,1778274875.367682,/big.txt,86507520,131072
55,055_none_phase_change_run15,none,phase_change,662,1778274875.3697245,/big.txt,86638592,131072
55,055_none_phase_change_run15,none,phase_change,663,1778274875.3717937,/big.txt,86769664,131072
55,055_none_phase_change_run15,none,phase_change,664,1778274875.3738577,/big.txt,86900736,131072
55,055_none_phase_change_run15,none,phase_change,665,1778274875.375925,/big.txt,87031808,131072
55,055_none_phase_change_run15,none,phase_change,666,1778274875.3779929,/big.txt,87162880,131072
55,055_none_phase_change_run15,none,phase_change,667,1778274875.3800645,/big.txt,87293952,131072
55,055_none_phase_change_run15,none,phase_change,668,1778274875.3821113,/big.txt,87425024,131072
55,055_none_phase_change_run15,none,phase_change,669,1778274875.3842049,/big.txt,87556096,131072
55,055_none_phase_change_run15,none,phase_change,670,1778274875.386266,/big.txt,87687168,131072
55,055_none_phase_change_run15,none,phase_change,671,1778274875.3883305,/big.txt,87818240,131072
55,055_none_phase_change_run15,none,phase_change,672,1778274875.390374,/big.txt,87949312,131072
55,055_none_phase_change_run15,none,phase_change,673,1778274875.3924122,/big.txt,88080384,131072
55,055_none_phase_change_run15,none,phase_change,674,1778274875.394488,/big.txt,88211456,131072
55,055_none_phase_change_run15,none,phase_change,675,1778274875.3965633,/big.txt,88342528,131072
55,055_none_phase_change_run15,none,phase_change,676,1778274875.398626,/big.txt,88473600,131072
55,055_none_phase_change_run15,none,phase_change,677,1778274875.4006956,/big.txt,88604672,131072
55,055_none_phase_change_run15,none,phase_change,678,1778274875.4027648,/big.txt,88735744,131072
55,055_none_phase_change_run15,none,phase_change,679,1778274875.4048269,/big.txt,88866816,131072
55,055_none_phase_change_run15,none,phase_change,680,1778274875.4069064,/big.txt,88997888,131072
55,055_none_phase_change_run15,none,phase_change,681,1778274875.4089508,/big.txt,89128960,131072
55,055_none_phase_change_run15,none,phase_change,682,1778274875.4110937,/big.txt,89260032,131072
55,055_none_phase_change_run15,none,phase_change,683,1778274875.4131646,/big.txt,89391104,131072
55,055_none_phase_change_run15,none,phase_change,684,1778274875.4152505,/big.txt,89522176,131072
55,055_none_phase_change_run15,none,phase_change,685,1778274875.4172993,/big.txt,89653248,131072
55,055_none_phase_change_run15,none,phase_change,686,1778274875.4194221,/big.txt,89784320,131072
55,055_none_phase_change_run15,none,phase_change,687,1778274875.421485,/big.txt,89915392,131072
55,055_none_phase_change_run15,none,phase_change,688,1778274875.4235523,/big.txt,90046464,131072
55,055_none_phase_change_run15,none,phase_change,689,1778274875.4256005,/big.txt,90177536,131072
55,055_none_phase_change_run15,none,phase_change,690,1778274875.427664,/big.txt,90308608,131072
55,055_none_phase_change_run15,none,phase_change,691,1778274875.429721,/big.txt,90439680,131072
55,055_none_phase_change_run15,none,phase_change,692,1778274875.4318354,/big.txt,90570752,131072
55,055_none_phase_change_run15,none,phase_change,693,1778274875.433916,/big.txt,90701824,131072
55,055_none_phase_change_run15,none,phase_change,694,1778274875.4359956,/big.txt,90832896,131072
55,055_none_phase_change_run15,none,phase_change,695,1778274875.438045,/big.txt,90963968,131072
55,055_none_phase_change_run15,none,phase_change,696,1778274875.4401293,/big.txt,91095040,131072
55,055_none_phase_change_run15,none,phase_change,697,1778274875.4421813,/big.txt,91226112,131072
55,055_none_phase_change_run15,none,phase_change,698,1778274875.4442577,/big.txt,91357184,131072
55,055_none_phase_change_run15,none,phase_change,699,1778274875.4463146,/big.txt,91488256,131072
55,055_none_phase_change_run15,none,phase_change,700,1778274875.448378,/big.txt,91619328,131072
55,055_none_phase_change_run15,none,phase_change,701,1778274875.4504406,/big.txt,91750400,131072
55,055_none_phase_change_run15,none,phase_change,702,1778274875.4525151,/big.txt,91881472,131072
55,055_none_phase_change_run15,none,phase_change,703,1778274875.4545696,/big.txt,92012544,131072
55,055_none_phase_change_run15,none,phase_change,704,1778274875.4566333,/big.txt,92143616,131072
55,055_none_phase_change_run15,none,phase_change,705,1778274875.4587016,/big.txt,92274688,131072
55,055_none_phase_change_run15,none,phase_change,706,1778274875.460886,/big.txt,92405760,131072
55,055_none_phase_change_run15,none,phase_change,707,1778274875.462975,/big.txt,92536832,131072
55,055_none_phase_change_run15,none,phase_change,708,1778274875.4650393,/big.txt,92667904,131072
55,055_none_phase_change_run15,none,phase_change,709,1778274875.467153,/big.txt,92798976,131072
55,055_none_phase_change_run15,none,phase_change,710,1778274875.4692388,/big.txt,92930048,131072
55,055_none_phase_change_run15,none,phase_change,711,1778274875.4713361,/big.txt,93061120,131072
55,055_none_phase_change_run15,none,phase_change,712,1778274875.4733973,/big.txt,93192192,131072
55,055_none_phase_change_run15,none,phase_change,713,1778274875.4755406,/big.txt,93323264,131072
55,055_none_phase_change_run15,none,phase_change,714,1778274875.4776177,/big.txt,93454336,131072
55,055_none_phase_change_run15,none,phase_change,715,1778274875.4797158,/big.txt,93585408,131072
55,055_none_phase_change_run15,none,phase_change,716,1778274875.481781,/big.txt,93716480,131072
55,055_none_phase_change_run15,none,phase_change,717,1778274875.4838614,/big.txt,93847552,131072
55,055_none_phase_change_run15,none,phase_change,718,1778274875.4859283,/big.txt,93978624,131072
55,055_none_phase_change_run15,none,phase_change,719,1778274875.488051,/big.txt,94109696,131072
55,055_none_phase_change_run15,none,phase_change,720,1778274875.490124,/big.txt,94240768,131072
55,055_none_phase_change_run15,none,phase_change,721,1778274875.492246,/big.txt,94371840,131072
55,055_none_phase_change_run15,none,phase_change,722,1778274875.4943159,/big.txt,94502912,131072
55,055_none_phase_change_run15,none,phase_change,723,1778274875.4963796,/big.txt,94633984,131072
55,055_none_phase_change_run15,none,phase_change,724,1778274875.4984345,/big.txt,94765056,131072
55,055_none_phase_change_run15,none,phase_change,725,1778274875.500494,/big.txt,94896128,131072
55,055_none_phase_change_run15,none,phase_change,726,1778274875.5025504,/big.txt,95027200,131072
55,055_none_phase_change_run15,none,phase_change,727,1778274875.5046434,/big.txt,95158272,131072
55,055_none_phase_change_run15,none,phase_change,728,1778274875.5066903,/big.txt,95289344,131072
55,055_none_phase_change_run15,none,phase_change,729,1778274875.5087707,/big.txt,95420416,131072
55,055_none_phase_change_run15,none,phase_change,730,1778274875.5108297,/big.txt,95551488,131072
55,055_none_phase_change_run15,none,phase_change,731,1778274875.5128975,/big.txt,95682560,131072
55,055_none_phase_change_run15,none,phase_change,732,1778274875.5150168,/big.txt,95813632,131072
55,055_none_phase_change_run15,none,phase_change,733,1778274875.5170813,/big.txt,95944704,131072
55,055_none_phase_change_run15,none,phase_change,734,1778274875.5191445,/big.txt,96075776,131072
55,055_none_phase_change_run15,none,phase_change,735,1778274875.521201,/big.txt,96206848,131072
55,055_none_phase_change_run15,none,phase_change,736,1778274875.5232818,/big.txt,96337920,131072
55,055_none_phase_change_run15,none,phase_change,737,1778274875.5253322,/big.txt,96468992,131072
55,055_none_phase_change_run15,none,phase_change,738,1778274875.5274022,/big.txt,96600064,131072
55,055_none_phase_change_run15,none,phase_change,739,1778274875.5294518,/big.txt,96731136,131072
55,055_none_phase_change_run15,none,phase_change,740,1778274875.5315428,/big.txt,96862208,131072
55,055_none_phase_change_run15,none,phase_change,741,1778274875.533604,/big.txt,96993280,131072
55,055_none_phase_change_run15,none,phase_change,742,1778274875.5357013,/big.txt,97124352,131072
55,055_none_phase_change_run15,none,phase_change,743,1778274875.537771,/big.txt,97255424,131072
55,055_none_phase_change_run15,none,phase_change,744,1778274875.5398536,/big.txt,97386496,131072
55,055_none_phase_change_run15,none,phase_change,745,1778274875.541935,/big.txt,97517568,131072
55,055_none_phase_change_run15,none,phase_change,746,1778274875.5440273,/big.txt,97648640,131072
55,055_none_phase_change_run15,none,phase_change,747,1778274875.546102,/big.txt,97779712,131072
55,055_none_phase_change_run15,none,phase_change,748,1778274875.5481958,/big.txt,97910784,131072
55,055_none_phase_change_run15,none,phase_change,749,1778274875.5502667,/big.txt,98041856,131072
55,055_none_phase_change_run15,none,phase_change,750,1778274875.552345,/big.txt,98172928,131072
55,055_none_phase_change_run15,none,phase_change,751,1778274875.554396,/big.txt,98304000,131072
55,055_none_phase_change_run15,none,phase_change,752,1778274875.5564587,/big.txt,98435072,131072
55,055_none_phase_change_run15,none,phase_change,753,1778274875.558534,/big.txt,98566144,131072
55,055_none_phase_change_run15,none,phase_change,754,1778274875.5605893,/big.txt,98697216,131072
55,055_none_phase_change_run15,none,phase_change,755,1778274875.5626457,/big.txt,98828288,131072
55,055_none_phase_change_run15,none,phase_change,756,1778274875.5647664,/big.txt,98959360,131072
55,055_none_phase_change_run15,none,phase_change,757,1778274875.5670004,/big.txt,99090432,131072
55,055_none_phase_change_run15,none,phase_change,758,1778274875.5690758,/big.txt,99221504,131072
55,055_none_phase_change_run15,none,phase_change,759,1778274875.5711372,/big.txt,99352576,131072
55,055_none_phase_change_run15,none,phase_change,760,1778274875.5731926,/big.txt,99483648,131072
55,055_none_phase_change_run15,none,phase_change,761,1778274875.5752769,/big.txt,99614720,131072
55,055_none_phase_change_run15,none,phase_change,762,1778274875.5773463,/big.txt,99745792,131072
55,055_none_phase_change_run15,none,phase_change,763,1778274875.579443,/big.txt,99876864,131072
55,055_none_phase_change_run15,none,phase_change,764,1778274875.5814981,/big.txt,100007936,131072
55,055_none_phase_change_run15,none,phase_change,765,1778274875.5835836,/big.txt,100139008,131072
55,055_none_phase_change_run15,none,phase_change,766,1778274875.5856354,/big.txt,100270080,131072
55,055_none_phase_change_run15,none,phase_change,767,1778274875.5877106,/big.txt,100401152,131072
55,055_none_phase_change_run15,none,phase_change,768,1778274875.5897949,/big.txt,100532224,131072
55,055_none_phase_change_run15,none,phase_change,769,1778274875.5918846,/big.txt,100663296,131072
55,055_none_phase_change_run15,none,phase_change,770,1778274875.5939455,/big.txt,100794368,131072
55,055_none_phase_change_run15,none,phase_change,771,1778274875.5960076,/big.txt,100925440,131072
55,055_none_phase_change_run15,none,phase_change,772,1778274875.598065,/big.txt,101056512,131072
55,055_none_phase_change_run15,none,phase_change,773,1778274875.6001608,/big.txt,101187584,131072
55,055_none_phase_change_run15,none,phase_change,774,1778274875.6022336,/big.txt,101318656,131072
55,055_none_phase_change_run15,none,phase_change,775,1778274875.6043,/big.txt,101449728,131072
55,055_none_phase_change_run15,none,phase_change,776,1778274875.606371,/big.txt,101580800,131072
55,055_none_phase_change_run15,none,phase_change,777,1778274875.6084447,/big.txt,101711872,131072
55,055_none_phase_change_run15,none,phase_change,778,1778274875.61052,/big.txt,101842944,131072
55,055_none_phase_change_run15,none,phase_change,779,1778274875.6127045,/big.txt,101974016,131072
55,055_none_phase_change_run15,none,phase_change,780,1778274875.6147642,/big.txt,102105088,131072
55,055_none_phase_change_run15,none,phase_change,781,1778274875.616881,/big.txt,102236160,131072
55,055_none_phase_change_run15,none,phase_change,782,1778274875.6190941,/big.txt,102367232,131072
55,055_none_phase_change_run15,none,phase_change,783,1778274875.6211693,/big.txt,102498304,131072
55,055_none_phase_change_run15,none,phase_change,784,1778274875.6232755,/big.txt,102629376,131072
55,055_none_phase_change_run15,none,phase_change,785,1778274875.6253333,/big.txt,102760448,131072
55,055_none_phase_change_run15,none,phase_change,786,1778274875.6274366,/big.txt,102891520,131072
55,055_none_phase_change_run15,none,phase_change,787,1778274875.629517,/big.txt,103022592,131072
55,055_none_phase_change_run15,none,phase_change,788,1778274875.63158,/big.txt,103153664,131072
55,055_none_phase_change_run15,none,phase_change,789,1778274875.633651,/big.txt,103284736,131072
55,055_none_phase_change_run15,none,phase_change,790,1778274875.6357079,/big.txt,103415808,131072
55,055_none_phase_change_run15,none,phase_change,791,1778274875.6377819,/big.txt,103546880,131072
55,055_none_phase_change_run15,none,phase_change,792,1778274875.6398468,/big.txt,103677952,131072
55,055_none_phase_change_run15,none,phase_change,793,1778274875.6419268,/big.txt,103809024,131072
55,055_none_phase_change_run15,none,phase_change,794,1778274875.6439948,/big.txt,103940096,131072
55,055_none_phase_change_run15,none,phase_change,795,1778274875.646065,/big.txt,104071168,131072
55,055_none_phase_change_run15,none,phase_change,796,1778274875.6481698,/big.txt,104202240,131072
55,055_none_phase_change_run15,none,phase_change,797,1778274875.650216,/big.txt,104333312,131072
55,055_none_phase_change_run15,none,phase_change,798,1778274875.6522758,/big.txt,104464384,131072
55,055_none_phase_change_run15,none,phase_change,799,1778274875.6543489,/big.txt,104595456,131072
55,055_none_phase_change_run15,none,phase_change,800,1778274875.656411,/big.txt,104726528,131072
55,055_none_phase_change_run15,none,phase_change,801,1778274875.6565979,/big.txt,104857600,0
55,055_none_phase_change_run15,none,phase_change,802,1778274875.6604233,/big.txt,20480,4096
55,055_none_phase_change_run15,none,phase_change,803,1778274875.663893,/big.txt,491520,4096
55,055_none_phase_change_run15,none,phase_change,804,1778274875.6674418,/big.txt,172032,4096
55,055_none_phase_change_run15,none,phase_change,805,1778274875.6708539,/big.txt,1228800,4096
55,055_none_phase_change_run15,none,phase_change,806,1778274875.6742687,/big.txt,69632,4096
55,055_none_phase_change_run15,none,phase_change,807,1778274875.6778092,/big.txt,1024000,4096
55,055_none_phase_change_run15,none,phase_change,808,1778274875.6813633,/big.txt,360448,4096
55,055_none_phase_change_run15,none,phase_change,809,1778274875.6847162,/big.txt,778240,4096
55,055_none_phase_change_run15,none,phase_change,810,1778274875.6881328,/big.txt,245760,4096
55,055_none_phase_change_run15,none,phase_change,811,1778274875.6916034,/big.txt,40960,4096
55,055_none_phase_change_run15,none,phase_change,812,1778274875.6950343,/big.txt,1363968,4096
55,055_none_phase_change_run15,none,phase_change,813,1778274875.698503,/big.txt,307200,4096
55,055_none_phase_change_run15,none,phase_change,814,1778274875.701883,/big.txt,2097152,4096
55,055_none_phase_change_run15,none,phase_change,815,1778274875.7053356,/big.txt,819200,4096
55,055_none_phase_change_run15,none,phase_change,816,1778274875.708677,/big.txt,1843200,4096
55,055_none_phase_change_run15,none,phase_change,817,1778274875.712037,/big.txt,405504,4096
55,055_none_phase_change_run15,none,phase_change,818,1778274875.7154777,/big.txt,2457600,4096
55,055_none_phase_change_run15,none,phase_change,819,1778274875.7188938,/big.txt,614400,4096
55,055_none_phase_change_run15,none,phase_change,820,1778274875.7222915,/big.txt,2949120,4096
55,055_none_phase_change_run15,none,phase_change,821,1778274875.7256835,/big.txt,1556480,4096
55,055_none_phase_change_run15,none,phase_change,822,1778274875.729136,/big.txt,102400,4096
55,055_none_phase_change_run15,none,phase_change,823,1778274875.7324293,/big.txt,1966080,4096
55,055_none_phase_change_run15,none,phase_change,824,1778274875.7359083,/big.txt,2621440,4096
55,055_none_phase_change_run15,none,phase_change,825,1778274875.739383,/big.txt,225280,4096
55,055_none_phase_change_run15,none,phase_change,826,1778274875.7427616,/big.txt,3317760,4096
55,055_none_phase_change_run15,none,phase_change,827,1778274875.746226,/big.txt,0,131072
55,055_none_phase_change_run15,none,phase_change,828,1778274875.7483146,/big.txt,131072,131072
55,055_none_phase_change_run15,none,phase_change,829,1778274875.7503824,/big.txt,262144,131072
55,055_none_phase_change_run15,none,phase_change,830,1778274875.7524855,/big.txt,393216,131072
55,055_none_phase_change_run15,none,phase_change,831,1778274875.7545552,/big.txt,524288,131072
55,055_none_phase_change_run15,none,phase_change,832,1778274875.7566075,/big.txt,655360,131072
55,055_none_phase_change_run15,none,phase_change,833,1778274875.7586644,/big.txt,786432,131072
55,055_none_phase_change_run15,none,phase_change,834,1778274875.7607331,/big.txt,917504,131072
55,055_none_phase_change_run15,none,phase_change,835,1778274875.762886,/big.txt,1048576,131072
55,055_none_phase_change_run15,none,phase_change,836,1778274875.7649438,/big.txt,1179648,131072
55,055_none_phase_change_run15,none,phase_change,837,1778274875.76706,/big.txt,1310720,131072
55,055_none_phase_change_run15,none,phase_change,838,1778274875.7691252,/big.txt,1441792,131072
55,055_none_phase_change_run15,none,phase_change,839,1778274875.7711983,/big.txt,1572864,131072
55,055_none_phase_change_run15,none,phase_change,840,1778274875.7732453,/big.txt,1703936,131072
55,055_none_phase_change_run15,none,phase_change,841,1778274875.7753222,/big.txt,1835008,131072
55,055_none_phase_change_run15,none,phase_change,842,1778274875.7774062,/big.txt,1966080,131072
55,055_none_phase_change_run15,none,phase_change,843,1778274875.779517,/big.txt,2097152,131072
55,055_none_phase_change_run15,none,phase_change,844,1778274875.7815874,/big.txt,2228224,131072
55,055_none_phase_change_run15,none,phase_change,845,1778274875.7836711,/big.txt,2359296,131072
55,055_none_phase_change_run15,none,phase_change,846,1778274875.7857296,/big.txt,2490368,131072
55,055_none_phase_change_run15,none,phase_change,847,1778274875.7878106,/big.txt,2621440,131072
55,055_none_phase_change_run15,none,phase_change,848,1778274875.7898998,/big.txt,2752512,131072
55,055_none_phase_change_run15,none,phase_change,849,1778274875.7919967,/big.txt,2883584,131072
55,055_none_phase_change_run15,none,phase_change,850,1778274875.7940345,/big.txt,3014656,131072
55,055_none_phase_change_run15,none,phase_change,851,1778274875.7961257,/big.txt,3145728,131072
55,055_none_phase_change_run15,none,phase_change,852,1778274875.7981875,/big.txt,3276800,131072
55,055_none_phase_change_run15,none,phase_change,853,1778274875.800257,/big.txt,3407872,131072
55,055_none_phase_change_run15,none,phase_change,854,1778274875.8023448,/big.txt,3538944,131072
55,055_none_phase_change_run15,none,phase_change,855,1778274875.8044147,/big.txt,3670016,131072
55,055_none_phase_change_run15,none,phase_change,856,1778274875.806457,/big.txt,3801088,131072
55,055_none_phase_change_run15,none,phase_change,857,1778274875.8085132,/big.txt,3932160,131072
55,055_none_phase_change_run15,none,phase_change,858,1778274875.8105745,/big.txt,4063232,131072
55,055_none_phase_change_run15,none,phase_change,859,1778274875.8127456,/big.txt,4194304,131072
55,055_none_phase_change_run15,none,phase_change,860,1778274875.814823,/big.txt,4325376,131072
55,055_none_phase_change_run15,none,phase_change,861,1778274875.8168707,/big.txt,4456448,131072
55,055_none_phase_change_run15,none,phase_change,862,1778274875.8189461,/big.txt,4587520,131072
55,055_none_phase_change_run15,none,phase_change,863,1778274875.821009,/big.txt,4718592,131072
55,055_none_phase_change_run15,none,phase_change,864,1778274875.8230891,/big.txt,4849664,131072
55,055_none_phase_change_run15,none,phase_change,865,1778274875.825146,/big.txt,4980736,131072
55,055_none_phase_change_run15,none,phase_change,866,1778274875.8273563,/big.txt,5111808,131072
55,055_none_phase_change_run15,none,phase_change,867,1778274875.8294141,/big.txt,5242880,131072
55,055_none_phase_change_run15,none,phase_change,868,1778274875.831474,/big.txt,5373952,131072
55,055_none_phase_change_run15,none,phase_change,869,1778274875.833532,/big.txt,5505024,131072
55,055_none_phase_change_run15,none,phase_change,870,1778274875.8356035,/big.txt,5636096,131072
55,055_none_phase_change_run15,none,phase_change,871,1778274875.8376672,/big.txt,5767168,131072
55,055_none_phase_change_run15,none,phase_change,872,1778274875.839753,/big.txt,5898240,131072
55,055_none_phase_change_run15,none,phase_change,873,1778274875.8418198,/big.txt,6029312,131072
55,055_none_phase_change_run15,none,phase_change,874,1778274875.8439097,/big.txt,6160384,131072
55,055_none_phase_change_run15,none,phase_change,875,1778274875.8459783,/big.txt,6291456,131072
55,055_none_phase_change_run15,none,phase_change,876,1778274875.8480477,/big.txt,6422528,131072
55,055_none_phase_change_run15,none,phase_change,877,1778274875.8501093,/big.txt,6553600,131072
55,055_none_phase_change_run15,none,phase_change,878,1778274875.8522322,/big.txt,6684672,131072
55,055_none_phase_change_run15,none,phase_change,879,1778274875.8542988,/big.txt,6815744,131072
55,055_none_phase_change_run15,none,phase_change,880,1778274875.8563707,/big.txt,6946816,131072
55,055_none_phase_change_run15,none,phase_change,881,1778274875.8584356,/big.txt,7077888,131072
55,055_none_phase_change_run15,none,phase_change,882,1778274875.8605006,/big.txt,7208960,131072
55,055_none_phase_change_run15,none,phase_change,883,1778274875.8625758,/big.txt,7340032,131072
55,055_none_phase_change_run15,none,phase_change,884,1778274875.8646443,/big.txt,7471104,131072
55,055_none_phase_change_run15,none,phase_change,885,1778274875.8666937,/big.txt,7602176,131072
55,055_none_phase_change_run15,none,phase_change,886,1778274875.8687546,/big.txt,7733248,131072
55,055_none_phase_change_run15,none,phase_change,887,1778274875.870834,/big.txt,7864320,131072
55,055_none_phase_change_run15,none,phase_change,888,1778274875.8728988,/big.txt,7995392,131072
55,055_none_phase_change_run15,none,phase_change,889,1778274875.875113,/big.txt,8126464,131072
55,055_none_phase_change_run15,none,phase_change,890,1778274875.877186,/big.txt,8257536,131072
55,055_none_phase_change_run15,none,phase_change,891,1778274875.8792527,/big.txt,8388608,131072
55,055_none_phase_change_run15,none,phase_change,892,1778274875.881307,/big.txt,8519680,131072
55,055_none_phase_change_run15,none,phase_change,893,1778274875.883393,/big.txt,8650752,131072
55,055_none_phase_change_run15,none,phase_change,894,1778274875.8854356,/big.txt,8781824,131072
55,055_none_phase_change_run15,none,phase_change,895,1778274875.8874872,/big.txt,8912896,131072
55,055_none_phase_change_run15,none,phase_change,896,1778274875.8895795,/big.txt,9043968,131072
55,055_none_phase_change_run15,none,phase_change,897,1778274875.8916347,/big.txt,9175040,131072
55,055_none_phase_change_run15,none,phase_change,898,1778274875.8936853,/big.txt,9306112,131072
55,055_none_phase_change_run15,none,phase_change,899,1778274875.8957634,/big.txt,9437184,131072
55,055_none_phase_change_run15,none,phase_change,900,1778274875.8978229,/big.txt,9568256,131072
55,055_none_phase_change_run15,none,phase_change,901,1778274875.8999043,/big.txt,9699328,131072
55,055_none_phase_change_run15,none,phase_change,902,1778274875.901981,/big.txt,9830400,131072
55,055_none_phase_change_run15,none,phase_change,903,1778274875.904057,/big.txt,9961472,131072
55,055_none_phase_change_run15,none,phase_change,904,1778274875.9061232,/big.txt,10092544,131072
55,055_none_phase_change_run15,none,phase_change,905,1778274875.9082034,/big.txt,10223616,131072
55,055_none_phase_change_run15,none,phase_change,906,1778274875.9102523,/big.txt,10354688,131072
55,055_none_phase_change_run15,none,phase_change,907,1778274875.9123316,/big.txt,10485760,131072
55,055_none_phase_change_run15,none,phase_change,908,1778274875.9143884,/big.txt,10616832,131072
55,055_none_phase_change_run15,none,phase_change,909,1778274875.9164705,/big.txt,10747904,131072
55,055_none_phase_change_run15,none,phase_change,910,1778274875.9185524,/big.txt,10878976,131072
55,055_none_phase_change_run15,none,phase_change,911,1778274875.9206305,/big.txt,11010048,131072
55,055_none_phase_change_run15,none,phase_change,912,1778274875.9226985,/big.txt,11141120,131072
55,055_none_phase_change_run15,none,phase_change,913,1778274875.9247527,/big.txt,11272192,131072
55,055_none_phase_change_run15,none,phase_change,914,1778274875.927013,/big.txt,11403264,131072
55,055_none_phase_change_run15,none,phase_change,915,1778274875.929093,/big.txt,11534336,131072
55,055_none_phase_change_run15,none,phase_change,916,1778274875.9311562,/big.txt,11665408,131072
55,055_none_phase_change_run15,none,phase_change,917,1778274875.9332185,/big.txt,11796480,131072
55,055_none_phase_change_run15,none,phase_change,918,1778274875.9352765,/big.txt,11927552,131072
55,055_none_phase_change_run15,none,phase_change,919,1778274875.9373403,/big.txt,12058624,131072
55,055_none_phase_change_run15,none,phase_change,920,1778274875.939488,/big.txt,12189696,131072
55,055_none_phase_change_run15,none,phase_change,921,1778274875.9415615,/big.txt,12320768,131072
55,055_none_phase_change_run15,none,phase_change,922,1778274875.9436681,/big.txt,12451840,131072
55,055_none_phase_change_run15,none,phase_change,923,1778274875.9457242,/big.txt,12582912,131072
55,055_none_phase_change_run15,none,phase_change,924,1778274875.947803,/big.txt,12713984,131072
55,055_none_phase_change_run15,none,phase_change,925,1778274875.949868,/big.txt,12845056,131072
55,055_none_phase_change_run15,none,phase_change,926,1778274875.9519305,/big.txt,12976128,131072
55,055_none_phase_change_run15,none,phase_change,927,1778274875.9539952,/big.txt,13107200,131072
55,055_none_phase_change_run15,none,phase_change,928,1778274875.9560738,/big.txt,13238272,131072
55,055_none_phase_change_run15,none,phase_change,929,1778274875.9581182,/big.txt,13369344,131072
55,055_none_phase_change_run15,none,phase_change,930,1778274875.960196,/big.txt,13500416,131072
55,055_none_phase_change_run15,none,phase_change,931,1778274875.962243,/big.txt,13631488,131072
55,055_none_phase_change_run15,none,phase_change,932,1778274875.9643247,/big.txt,13762560,131072
55,055_none_phase_change_run15,none,phase_change,933,1778274875.966388,/big.txt,13893632,131072
55,055_none_phase_change_run15,none,phase_change,934,1778274875.968438,/big.txt,14024704,131072
55,055_none_phase_change_run15,none,phase_change,935,1778274875.970486,/big.txt,14155776,131072
55,055_none_phase_change_run15,none,phase_change,936,1778274875.9725323,/big.txt,14286848,131072
55,055_none_phase_change_run15,none,phase_change,937,1778274875.9746006,/big.txt,14417920,131072
55,055_none_phase_change_run15,none,phase_change,938,1778274875.9788191,/big.txt,14548992,131072
55,055_none_phase_change_run15,none,phase_change,939,1778274875.982964,/big.txt,14680064,131072
55,055_none_phase_change_run15,none,phase_change,940,1778274875.9869475,/big.txt,14811136,131072
55,055_none_phase_change_run15,none,phase_change,941,1778274875.988938,/big.txt,14942208,131072
55,055_none_phase_change_run15,none,phase_change,942,1778274875.9909372,/big.txt,15073280,131072
55,055_none_phase_change_run15,none,phase_change,943,1778274875.9929347,/big.txt,15204352,131072
55,055_none_phase_change_run15,none,phase_change,944,1778274875.994921,/big.txt,15335424,131072
55,055_none_phase_change_run15,none,phase_change,945,1778274875.99691,/big.txt,15466496,131072
55,055_none_phase_change_run15,none,phase_change,946,1778274875.998898,/big.txt,15597568,131072
55,055_none_phase_change_run15,none,phase_change,947,1778274876.000881,/big.txt,15728640,131072
55,055_none_phase_change_run15,none,phase_change,948,1778274876.002888,/big.txt,15859712,131072
55,055_none_phase_change_run15,none,phase_change,949,1778274876.0048704,/big.txt,15990784,131072
55,055_none_phase_change_run15,none,phase_change,950,1778274876.0068707,/big.txt,16121856,131072
55,055_none_phase_change_run15,none,phase_change,951,1778274876.008847,/big.txt,16252928,131072
55,055_none_phase_change_run15,none,phase_change,952,1778274876.0108373,/big.txt,16384000,131072
55,055_none_phase_change_run15,none,phase_change,953,1778274876.0128303,/big.txt,16515072,131072
55,055_none_phase_change_run15,none,phase_change,954,1778274876.0148206,/big.txt,16646144,131072
55,055_none_phase_change_run15,none,phase_change,955,1778274876.016806,/big.txt,16777216,131072
55,055_none_phase_change_run15,none,phase_change,956,1778274876.0188646,/big.txt,16908288,131072
55,055_none_phase_change_run15,none,phase_change,957,1778274876.0208535,/big.txt,17039360,131072
55,055_none_phase_change_run15,none,phase_change,958,1778274876.0228405,/big.txt,17170432,131072
55,055_none_phase_change_run15,none,phase_change,959,1778274876.024842,/big.txt,17301504,131072
55,055_none_phase_change_run15,none,phase_change,960,1778274876.0268247,/big.txt,17432576,131072
55,055_none_phase_change_run15,none,phase_change,961,1778274876.0287926,/big.txt,17563648,131072
55,055_none_phase_change_run15,none,phase_change,962,1778274876.0307674,/big.txt,17694720,131072
55,055_none_phase_change_run15,none,phase_change,963,1778274876.0327609,/big.txt,17825792,131072
55,055_none_phase_change_run15,none,phase_change,964,1778274876.034731,/big.txt,17956864,131072
55,055_none_phase_change_run15,none,phase_change,965,1778274876.0368295,/big.txt,18087936,131072
55,055_none_phase_change_run15,none,phase_change,966,1778274876.0388157,/big.txt,18219008,131072
55,055_none_phase_change_run15,none,phase_change,967,1778274876.0408187,/big.txt,18350080,131072
55,055_none_phase_change_run15,none,phase_change,968,1778274876.0428915,/big.txt,18481152,131072
55,055_none_phase_change_run15,none,phase_change,969,1778274876.0448828,/big.txt,18612224,131072
55,055_none_phase_change_run15,none,phase_change,970,1778274876.0468683,/big.txt,18743296,131072
55,055_none_phase_change_run15,none,phase_change,971,1778274876.0488372,/big.txt,18874368,131072
55,055_none_phase_change_run15,none,phase_change,972,1778274876.0508406,/big.txt,19005440,131072
55,055_none_phase_change_run15,none,phase_change,973,1778274876.0528278,/big.txt,19136512,131072
55,055_none_phase_change_run15,none,phase_change,974,1778274876.0548263,/big.txt,19267584,131072
55,055_none_phase_change_run15,none,phase_change,975,1778274876.0568182,/big.txt,19398656,131072
55,055_none_phase_change_run15,none,phase_change,976,1778274876.0589154,/big.txt,19529728,131072
55,055_none_phase_change_run15,none,phase_change,977,1778274876.060905,/big.txt,19660800,131072
55,055_none_phase_change_run15,none,phase_change,978,1778274876.0629022,/big.txt,19791872,131072
55,055_none_phase_change_run15,none,phase_change,979,1778274876.064884,/big.txt,19922944,131072
55,055_none_phase_change_run15,none,phase_change,980,1778274876.0668623,/big.txt,20054016,131072
55,055_none_phase_change_run15,none,phase_change,981,1778274876.0688462,/big.txt,20185088,131072
55,055_none_phase_change_run15,none,phase_change,982,1778274876.0708995,/big.txt,20316160,131072
55,055_none_phase_change_run15,none,phase_change,983,1778274876.0728772,/big.txt,20447232,131072
55,055_none_phase_change_run15,none,phase_change,984,1778274876.0748599,/big.txt,20578304,131072
55,055_none_phase_change_run15,none,phase_change,985,1778274876.0768423,/big.txt,20709376,131072
55,055_none_phase_change_run15,none,phase_change,986,1778274876.07884,/big.txt,20840448,131072
55,055_none_phase_change_run15,none,phase_change,987,1778274876.080819,/big.txt,20971520,131072
55,055_none_phase_change_run15,none,phase_change,988,1778274876.0827858,/big.txt,21102592,131072
55,055_none_phase_change_run15,none,phase_change,989,1778274876.0847661,/big.txt,21233664,131072
55,055_none_phase_change_run15,none,phase_change,990,1778274876.0868404,/big.txt,21364736,131072
55,055_none_phase_change_run15,none,phase_change,991,1778274876.090918,/big.txt,21495808,131072
55,055_none_phase_change_run15,none,phase_change,992,1778274876.0949178,/big.txt,21626880,131072
55,055_none_phase_change_run15,none,phase_change,993,1778274876.0989053,/big.txt,21757952,131072
55,055_none_phase_change_run15,none,phase_change,994,1778274876.100908,/big.txt,21889024,131072
55,055_none_phase_change_run15,none,phase_change,995,1778274876.1029243,/big.txt,22020096,131072
55,055_none_phase_change_run15,none,phase_change,996,1778274876.1049123,/big.txt,22151168,131072
55,055_none_phase_change_run15,none,phase_change,997,1778274876.1068954,/big.txt,22282240,131072
55,055_none_phase_change_run15,none,phase_change,998,1778274876.10887,/big.txt,22413312,131072
55,055_none_phase_change_run15,none,phase_change,999,1778274876.1108522,/big.txt,22544384,131072
55,055_none_phase_change_run15,none,phase_change,1000,1778274876.1128287,/big.txt,22675456,131072
55,055_none_phase_change_run15,none,phase_change,1001,1778274876.114802,/big.txt,22806528,131072
55,055_none_phase_change_run15,none,phase_change,1002,1778274876.1167908,/big.txt,22937600,131072
55,055_none_phase_change_run15,none,phase_change,1003,1778274876.1187603,/big.txt,23068672,131072
55,055_none_phase_change_run15,none,phase_change,1004,1778274876.1208487,/big.txt,23199744,131072
55,055_none_phase_change_run15,none,phase_change,1005,1778274876.1228275,/big.txt,23330816,131072
55,055_none_phase_change_run15,none,phase_change,1006,1778274876.1248076,/big.txt,23461888,131072
55,055_none_phase_change_run15,none,phase_change,1007,1778274876.1268752,/big.txt,23592960,131072
55,055_none_phase_change_run15,none,phase_change,1008,1778274876.128855,/big.txt,23724032,131072
55,055_none_phase_change_run15,none,phase_change,1009,1778274876.1308427,/big.txt,23855104,131072
55,055_none_phase_change_run15,none,phase_change,1010,1778274876.13283,/big.txt,23986176,131072
55,055_none_phase_change_run15,none,phase_change,1011,1778274876.1349182,/big.txt,24117248,131072
55,055_none_phase_change_run15,none,phase_change,1012,1778274876.1369026,/big.txt,24248320,131072
55,055_none_phase_change_run15,none,phase_change,1013,1778274876.1388907,/big.txt,24379392,131072
55,055_none_phase_change_run15,none,phase_change,1014,1778274876.1408796,/big.txt,24510464,131072
55,055_none_phase_change_run15,none,phase_change,1015,1778274876.1429303,/big.txt,24641536,131072
55,055_none_phase_change_run15,none,phase_change,1016,1778274876.1449194,/big.txt,24772608,131072
55,055_none_phase_change_run15,none,phase_change,1017,1778274876.1469042,/big.txt,24903680,131072
55,055_none_phase_change_run15,none,phase_change,1018,1778274876.148883,/big.txt,25034752,131072
55,055_none_phase_change_run15,none,phase_change,1019,1778274876.1509247,/big.txt,25165824,131072
55,055_none_phase_change_run15,none,phase_change,1020,1778274876.1529174,/big.txt,25296896,131072
55,055_none_phase_change_run15,none,phase_change,1021,1778274876.1548884,/big.txt,25427968,131072
55,055_none_phase_change_run15,none,phase_change,1022,1778274876.1568837,/big.txt,25559040,131072
55,055_none_phase_change_run15,none,phase_change,1023,1778274876.15892,/big.txt,25690112,131072
55,055_none_phase_change_run15,none,phase_change,1024,1778274876.1609097,/big.txt,25821184,131072
55,055_none_phase_change_run15,none,phase_change,1025,1778274876.1628819,/big.txt,25952256,131072
55,055_none_phase_change_run15,none,phase_change,1026,1778274876.164876,/big.txt,26083328,131072
55,055_none_phase_change_run15,none,phase_change,1027,1778274876.1669214,/big.txt,26214400,131072
55,055_none_phase_change_run15,none,phase_change,1028,1778274876.1688879,/big.txt,26345472,131072
55,055_none_phase_change_run15,none,phase_change,1029,1778274876.1708782,/big.txt,26476544,131072
55,055_none_phase_change_run15,none,phase_change,1030,1778274876.1728454,/big.txt,26607616,131072
55,055_none_phase_change_run15,none,phase_change,1031,1778274876.1748378,/big.txt,26738688,131072
55,055_none_phase_change_run15,none,phase_change,1032,1778274876.176826,/big.txt,26869760,131072
55,055_none_phase_change_run15,none,phase_change,1033,1778274876.1788592,/big.txt,27000832,131072
55,055_none_phase_change_run15,none,phase_change,1034,1778274876.1808388,/big.txt,27131904,131072
55,055_none_phase_change_run15,none,phase_change,1035,1778274876.1828256,/big.txt,27262976,131072
55,055_none_phase_change_run15,none,phase_change,1036,1778274876.1848023,/big.txt,27394048,131072
55,055_none_phase_change_run15,none,phase_change,1037,1778274876.1867824,/big.txt,27525120,131072
55,055_none_phase_change_run15,none,phase_change,1038,1778274876.1887693,/big.txt,27656192,131072
55,055_none_phase_change_run15,none,phase_change,1039,1778274876.190756,/big.txt,27787264,131072
55,055_none_phase_change_run15,none,phase_change,1040,1778274876.1948442,/big.txt,27918336,131072
55,055_none_phase_change_run15,none,phase_change,1041,1778274876.1988425,/big.txt,28049408,131072
55,055_none_phase_change_run15,none,phase_change,1042,1778274876.202831,/big.txt,28180480,131072
55,055_none_phase_change_run15,none,phase_change,1043,1778274876.2048075,/big.txt,28311552,131072
55,055_none_phase_change_run15,none,phase_change,1044,1778274876.20678,/big.txt,28442624,131072
55,055_none_phase_change_run15,none,phase_change,1045,1778274876.2088165,/big.txt,28573696,131072
55,055_none_phase_change_run15,none,phase_change,1046,1778274876.2107928,/big.txt,28704768,131072
55,055_none_phase_change_run15,none,phase_change,1047,1778274876.21278,/big.txt,28835840,131072
55,055_none_phase_change_run15,none,phase_change,1048,1778274876.2147386,/big.txt,28966912,131072
55,055_none_phase_change_run15,none,phase_change,1049,1778274876.2167258,/big.txt,29097984,131072
55,055_none_phase_change_run15,none,phase_change,1050,1778274876.2186975,/big.txt,29229056,131072
55,055_none_phase_change_run15,none,phase_change,1051,1778274876.2207184,/big.txt,29360128,131072
55,055_none_phase_change_run15,none,phase_change,1052,1778274876.222713,/big.txt,29491200,131072
55,055_none_phase_change_run15,none,phase_change,1053,1778274876.2246866,/big.txt,29622272,131072
55,055_none_phase_change_run15,none,phase_change,1054,1778274876.2266624,/big.txt,29753344,131072
55,055_none_phase_change_run15,none,phase_change,1055,1778274876.2286556,/big.txt,29884416,131072
55,055_none_phase_change_run15,none,phase_change,1056,1778274876.2306364,/big.txt,30015488,131072
55,055_none_phase_change_run15,none,phase_change,1057,1778274876.2326336,/big.txt,30146560,131072
55,055_none_phase_change_run15,none,phase_change,1058,1778274876.2346022,/big.txt,30277632,131072
55,055_none_phase_change_run15,none,phase_change,1059,1778274876.2367222,/big.txt,30408704,131072
55,055_none_phase_change_run15,none,phase_change,1060,1778274876.2387009,/big.txt,30539776,131072
55,055_none_phase_change_run15,none,phase_change,1061,1778274876.2406852,/big.txt,30670848,131072
55,055_none_phase_change_run15,none,phase_change,1062,1778274876.2426941,/big.txt,30801920,131072
55,055_none_phase_change_run15,none,phase_change,1063,1778274876.244709,/big.txt,30932992,131072
55,055_none_phase_change_run15,none,phase_change,1064,1778274876.2466977,/big.txt,31064064,131072
55,055_none_phase_change_run15,none,phase_change,1065,1778274876.2486687,/big.txt,31195136,131072
55,055_none_phase_change_run15,none,phase_change,1066,1778274876.2506313,/big.txt,31326208,131072
55,055_none_phase_change_run15,none,phase_change,1067,1778274876.2526243,/big.txt,31457280,131072
55,055_none_phase_change_run15,none,phase_change,1068,1778274876.2545924,/big.txt,31588352,131072
55,055_none_phase_change_run15,none,phase_change,1069,1778274876.2566872,/big.txt,31719424,131072
55,055_none_phase_change_run15,none,phase_change,1070,1778274876.2586591,/big.txt,31850496,131072
55,055_none_phase_change_run15,none,phase_change,1071,1778274876.260643,/big.txt,31981568,131072
55,055_none_phase_change_run15,none,phase_change,1072,1778274876.2626133,/big.txt,32112640,131072
55,055_none_phase_change_run15,none,phase_change,1073,1778274876.2646103,/big.txt,32243712,131072
55,055_none_phase_change_run15,none,phase_change,1074,1778274876.266584,/big.txt,32374784,131072
55,055_none_phase_change_run15,none,phase_change,1075,1778274876.268561,/big.txt,32505856,131072
55,055_none_phase_change_run15,none,phase_change,1076,1778274876.2705252,/big.txt,32636928,131072
55,055_none_phase_change_run15,none,phase_change,1077,1778274876.2724967,/big.txt,32768000,131072
55,055_none_phase_change_run15,none,phase_change,1078,1778274876.2744625,/big.txt,32899072,131072
55,055_none_phase_change_run15,none,phase_change,1079,1778274876.27646,/big.txt,33030144,131072
55,055_none_phase_change_run15,none,phase_change,1080,1778274876.2784545,/big.txt,33161216,131072
55,055_none_phase_change_run15,none,phase_change,1081,1778274876.2804117,/big.txt,33292288,131072
55,055_none_phase_change_run15,none,phase_change,1082,1778274876.2823808,/big.txt,33423360,131072
55,055_none_phase_change_run15,none,phase_change,1083,1778274876.284352,/big.txt,33554432,131072
55,055_none_phase_change_run15,none,phase_change,1084,1778274876.286336,/big.txt,33685504,131072
55,055_none_phase_change_run15,none,phase_change,1085,1778274876.2883232,/big.txt,33816576,131072
55,055_none_phase_change_run15,none,phase_change,1086,1778274876.2903018,/big.txt,33947648,131072
55,055_none_phase_change_run15,none,phase_change,1087,1778274876.2922719,/big.txt,34078720,131072
55,055_none_phase_change_run15,none,phase_change,1088,1778274876.2942533,/big.txt,34209792,131072
55,055_none_phase_change_run15,none,phase_change,1089,1778274876.2962272,/big.txt,34340864,131072
55,055_none_phase_change_run15,none,phase_change,1090,1778274876.2981951,/big.txt,34471936,131072
55,055_none_phase_change_run15,none,phase_change,1091,1778274876.300211,/big.txt,34603008,131072
55,055_none_phase_change_run15,none,phase_change,1092,1778274876.3021996,/big.txt,34734080,131072
55,055_none_phase_change_run15,none,phase_change,1093,1778274876.3042367,/big.txt,34865152,131072
55,055_none_phase_change_run15,none,phase_change,1094,1778274876.3062296,/big.txt,34996224,131072
55,055_none_phase_change_run15,none,phase_change,1095,1778274876.3082244,/big.txt,35127296,131072
55,055_none_phase_change_run15,none,phase_change,1096,1778274876.3102129,/big.txt,35258368,131072
55,055_none_phase_change_run15,none,phase_change,1097,1778274876.3122098,/big.txt,35389440,131072
55,055_none_phase_change_run15,none,phase_change,1098,1778274876.3141878,/big.txt,35520512,131072
55,055_none_phase_change_run15,none,phase_change,1099,1778274876.3161669,/big.txt,35651584,131072
55,055_none_phase_change_run15,none,phase_change,1100,1778274876.318154,/big.txt,35782656,131072
55,055_none_phase_change_run15,none,phase_change,1101,1778274876.3201756,/big.txt,35913728,131072
55,055_none_phase_change_run15,none,phase_change,1102,1778274876.3221645,/big.txt,36044800,131072
55,055_none_phase_change_run15,none,phase_change,1103,1778274876.324175,/big.txt,36175872,131072
55,055_none_phase_change_run15,none,phase_change,1104,1778274876.3261595,/big.txt,36306944,131072
55,055_none_phase_change_run15,none,phase_change,1105,1778274876.3281512,/big.txt,36438016,131072
55,055_none_phase_change_run15,none,phase_change,1106,1778274876.3301253,/big.txt,36569088,131072
55,055_none_phase_change_run15,none,phase_change,1107,1778274876.3321207,/big.txt,36700160,131072
55,055_none_phase_change_run15,none,phase_change,1108,1778274876.3341153,/big.txt,36831232,131072
55,055_none_phase_change_run15,none,phase_change,1109,1778274876.3361254,/big.txt,36962304,131072
55,055_none_phase_change_run15,none,phase_change,1110,1778274876.3381045,/big.txt,37093376,131072
55,055_none_phase_change_run15,none,phase_change,1111,1778274876.340105,/big.txt,37224448,131072
55,055_none_phase_change_run15,none,phase_change,1112,1778274876.3420932,/big.txt,37355520,131072
55,055_none_phase_change_run15,none,phase_change,1113,1778274876.3440976,/big.txt,37486592,131072
55,055_none_phase_change_run15,none,phase_change,1114,1778274876.3461065,/big.txt,37617664,131072
55,055_none_phase_change_run15,none,phase_change,1115,1778274876.3481266,/big.txt,37748736,131072
55,055_none_phase_change_run15,none,phase_change,1116,1778274876.3501174,/big.txt,37879808,131072
55,055_none_phase_change_run15,none,phase_change,1117,1778274876.3521097,/big.txt,38010880,131072
55,055_none_phase_change_run15,none,phase_change,1118,1778274876.3540988,/big.txt,38141952,131072
55,055_none_phase_change_run15,none,phase_change,1119,1778274876.3560944,/big.txt,38273024,131072
55,055_none_phase_change_run15,none,phase_change,1120,1778274876.3580642,/big.txt,38404096,131072
55,055_none_phase_change_run15,none,phase_change,1121,1778274876.3600585,/big.txt,38535168,131072
55,055_none_phase_change_run15,none,phase_change,1122,1778274876.3620477,/big.txt,38666240,131072
55,055_none_phase_change_run15,none,phase_change,1123,1778274876.3640475,/big.txt,38797312,131072
55,055_none_phase_change_run15,none,phase_change,1124,1778274876.3660278,/big.txt,38928384,131072
55,055_none_phase_change_run15,none,phase_change,1125,1778274876.3680394,/big.txt,39059456,131072
55,055_none_phase_change_run15,none,phase_change,1126,1778274876.37002,/big.txt,39190528,131072
55,055_none_phase_change_run15,none,phase_change,1127,1778274876.3720129,/big.txt,39321600,131072
55,055_none_phase_change_run15,none,phase_change,1128,1778274876.3739934,/big.txt,39452672,131072
55,055_none_phase_change_run15,none,phase_change,1129,1778274876.3759904,/big.txt,39583744,131072
55,055_none_phase_change_run15,none,phase_change,1130,1778274876.377963,/big.txt,39714816,131072
55,055_none_phase_change_run15,none,phase_change,1131,1778274876.3799577,/big.txt,39845888,131072
55,055_none_phase_change_run15,none,phase_change,1132,1778274876.3819318,/big.txt,39976960,131072
55,055_none_phase_change_run15,none,phase_change,1133,1778274876.3839345,/big.txt,40108032,131072
55,055_none_phase_change_run15,none,phase_change,1134,1778274876.3859146,/big.txt,40239104,131072
55,055_none_phase_change_run15,none,phase_change,1135,1778274876.3879282,/big.txt,40370176,131072
55,055_none_phase_change_run15,none,phase_change,1136,1778274876.3899083,/big.txt,40501248,131072
55,055_none_phase_change_run15,none,phase_change,1137,1778274876.3919046,/big.txt,40632320,131072
55,055_none_phase_change_run15,none,phase_change,1138,1778274876.3939102,/big.txt,40763392,131072
55,055_none_phase_change_run15,none,phase_change,1139,1778274876.3958912,/big.txt,40894464,131072
55,055_none_phase_change_run15,none,phase_change,1140,1778274876.3978732,/big.txt,41025536,131072
55,055_none_phase_change_run15,none,phase_change,1141,1778274876.39985,/big.txt,41156608,131072
55,055_none_phase_change_run15,none,phase_change,1142,1778274876.401829,/big.txt,41287680,131072
55,055_none_phase_change_run15,none,phase_change,1143,1778274876.4038477,/big.txt,41418752,131072
55,055_none_phase_change_run15,none,phase_change,1144,1778274876.4058182,/big.txt,41549824,131072
55,055_none_phase_change_run15,none,phase_change,1145,1778274876.407824,/big.txt,41680896,131072
55,055_none_phase_change_run15,none,phase_change,1146,1778274876.4097881,/big.txt,41811968,131072
55,055_none_phase_change_run15,none,phase_change,1147,1778274876.4117632,/big.txt,41943040,131072
55,055_none_phase_change_run15,none,phase_change,1148,1778274876.4137301,/big.txt,42074112,131072
55,055_none_phase_change_run15,none,phase_change,1149,1778274876.4157033,/big.txt,42205184,131072
55,055_none_phase_change_run15,none,phase_change,1150,1778274876.4176764,/big.txt,42336256,131072
55,055_none_phase_change_run15,none,phase_change,1151,1778274876.419664,/big.txt,42467328,131072
55,055_none_phase_change_run15,none,phase_change,1152,1778274876.4216192,/big.txt,42598400,131072
55,055_none_phase_change_run15,none,phase_change,1153,1778274876.4235997,/big.txt,42729472,131072
55,055_none_phase_change_run15,none,phase_change,1154,1778274876.425584,/big.txt,42860544,131072
55,055_none_phase_change_run15,none,phase_change,1155,1778274876.4275806,/big.txt,42991616,131072
55,055_none_phase_change_run15,none,phase_change,1156,1778274876.429558,/big.txt,43122688,131072
55,055_none_phase_change_run15,none,phase_change,1157,1778274876.431563,/big.txt,43253760,131072
55,055_none_phase_change_run15,none,phase_change,1158,1778274876.433534,/big.txt,43384832,131072
55,055_none_phase_change_run15,none,phase_change,1159,1778274876.4355361,/big.txt,43515904,131072
55,055_none_phase_change_run15,none,phase_change,1160,1778274876.4375207,/big.txt,43646976,131072
55,055_none_phase_change_run15,none,phase_change,1161,1778274876.439566,/big.txt,43778048,131072
55,055_none_phase_change_run15,none,phase_change,1162,1778274876.4415307,/big.txt,43909120,131072
55,055_none_phase_change_run15,none,phase_change,1163,1778274876.443507,/big.txt,44040192,131072
55,055_none_phase_change_run15,none,phase_change,1164,1778274876.4454677,/big.txt,44171264,131072
55,055_none_phase_change_run15,none,phase_change,1165,1778274876.4474547,/big.txt,44302336,131072
55,055_none_phase_change_run15,none,phase_change,1166,1778274876.449426,/big.txt,44433408,131072
55,055_none_phase_change_run15,none,phase_change,1167,1778274876.451497,/big.txt,44564480,131072
55,055_none_phase_change_run15,none,phase_change,1168,1778274876.45347,/big.txt,44695552,131072
55,055_none_phase_change_run15,none,phase_change,1169,1778274876.455437,/big.txt,44826624,131072
55,055_none_phase_change_run15,none,phase_change,1170,1778274876.4574113,/big.txt,44957696,131072
55,055_none_phase_change_run15,none,phase_change,1171,1778274876.459389,/big.txt,45088768,131072
55,055_none_phase_change_run15,none,phase_change,1172,1778274876.4613554,/big.txt,45219840,131072
55,055_none_phase_change_run15,none,phase_change,1173,1778274876.4633448,/big.txt,45350912,131072
55,055_none_phase_change_run15,none,phase_change,1174,1778274876.4653232,/big.txt,45481984,131072
55,055_none_phase_change_run15,none,phase_change,1175,1778274876.467375,/big.txt,45613056,131072
55,055_none_phase_change_run15,none,phase_change,1176,1778274876.4693828,/big.txt,45744128,131072
55,055_none_phase_change_run15,none,phase_change,1177,1778274876.4713662,/big.txt,45875200,131072
55,055_none_phase_change_run15,none,phase_change,1178,1778274876.4733264,/big.txt,46006272,131072
55,055_none_phase_change_run15,none,phase_change,1179,1778274876.4753637,/big.txt,46137344,131072
55,055_none_phase_change_run15,none,phase_change,1180,1778274876.477354,/big.txt,46268416,131072
55,055_none_phase_change_run15,none,phase_change,1181,1778274876.4793148,/big.txt,46399488,131072
55,055_none_phase_change_run15,none,phase_change,1182,1778274876.481291,/big.txt,46530560,131072
55,055_none_phase_change_run15,none,phase_change,1183,1778274876.4832783,/big.txt,46661632,131072
55,055_none_phase_change_run15,none,phase_change,1184,1778274876.485255,/big.txt,46792704,131072
55,055_none_phase_change_run15,none,phase_change,1185,1778274876.4872618,/big.txt,46923776,131072
55,055_none_phase_change_run15,none,phase_change,1186,1778274876.4892375,/big.txt,47054848,131072
55,055_none_phase_change_run15,none,phase_change,1187,1778274876.4912314,/big.txt,47185920,131072
55,055_none_phase_change_run15,none,phase_change,1188,1778274876.4932158,/big.txt,47316992,131072
55,055_none_phase_change_run15,none,phase_change,1189,1778274876.4952497,/big.txt,47448064,131072
55,055_none_phase_change_run15,none,phase_change,1190,1778274876.4972262,/big.txt,47579136,131072
55,055_none_phase_change_run15,none,phase_change,1191,1778274876.499208,/big.txt,47710208,131072
55,055_none_phase_change_run15,none,phase_change,1192,1778274876.5011864,/big.txt,47841280,131072
55,055_none_phase_change_run15,none,phase_change,1193,1778274876.5031536,/big.txt,47972352,131072
55,055_none_phase_change_run15,none,phase_change,1194,1778274876.5051236,/big.txt,48103424,131072
55,055_none_phase_change_run15,none,phase_change,1195,1778274876.5071464,/big.txt,48234496,131072
55,055_none_phase_change_run15,none,phase_change,1196,1778274876.509122,/big.txt,48365568,131072
55,055_none_phase_change_run15,none,phase_change,1197,1778274876.5111773,/big.txt,48496640,131072
55,055_none_phase_change_run15,none,phase_change,1198,1778274876.5131593,/big.txt,48627712,131072
55,055_none_phase_change_run15,none,phase_change,1199,1778274876.5151277,/big.txt,48758784,131072
55,055_none_phase_change_run15,none,phase_change,1200,1778274876.5171053,/big.txt,48889856,131072
55,055_none_phase_change_run15,none,phase_change,1201,1778274876.5190847,/big.txt,49020928,131072
55,055_none_phase_change_run15,none,phase_change,1202,1778274876.5210705,/big.txt,49152000,131072
55,055_none_phase_change_run15,none,phase_change,1203,1778274876.5230432,/big.txt,49283072,131072
55,055_none_phase_change_run15,none,phase_change,1204,1778274876.5250301,/big.txt,49414144,131072
55,055_none_phase_change_run15,none,phase_change,1205,1778274876.5270083,/big.txt,49545216,131072
55,055_none_phase_change_run15,none,phase_change,1206,1778274876.5289843,/big.txt,49676288,131072
55,055_none_phase_change_run15,none,phase_change,1207,1778274876.5310163,/big.txt,49807360,131072
55,055_none_phase_change_run15,none,phase_change,1208,1778274876.5330365,/big.txt,49938432,131072
55,055_none_phase_change_run15,none,phase_change,1209,1778274876.5350065,/big.txt,50069504,131072
55,055_none_phase_change_run15,none,phase_change,1210,1778274876.537,/big.txt,50200576,131072
55,055_none_phase_change_run15,none,phase_change,1211,1778274876.5389664,/big.txt,50331648,131072
55,055_none_phase_change_run15,none,phase_change,1212,1778274876.5409367,/big.txt,50462720,131072
55,055_none_phase_change_run15,none,phase_change,1213,1778274876.5429432,/big.txt,50593792,131072
55,055_none_phase_change_run15,none,phase_change,1214,1778274876.5449102,/big.txt,50724864,131072
55,055_none_phase_change_run15,none,phase_change,1215,1778274876.54701,/big.txt,50855936,131072
55,055_none_phase_change_run15,none,phase_change,1216,1778274876.5489955,/big.txt,50987008,131072
55,055_none_phase_change_run15,none,phase_change,1217,1778274876.5509732,/big.txt,51118080,131072
55,055_none_phase_change_run15,none,phase_change,1218,1778274876.5529604,/big.txt,51249152,131072
55,055_none_phase_change_run15,none,phase_change,1219,1778274876.5549388,/big.txt,51380224,131072
55,055_none_phase_change_run15,none,phase_change,1220,1778274876.5569365,/big.txt,51511296,131072
55,055_none_phase_change_run15,none,phase_change,1221,1778274876.5590158,/big.txt,51642368,131072
55,055_none_phase_change_run15,none,phase_change,1222,1778274876.5630286,/big.txt,51773440,131072
55,055_none_phase_change_run15,none,phase_change,1223,1778274876.5670376,/big.txt,51904512,131072
55,055_none_phase_change_run15,none,phase_change,1224,1778274876.570956,/big.txt,52035584,131072
55,055_none_phase_change_run15,none,phase_change,1225,1778274876.5729356,/big.txt,52166656,131072
55,055_none_phase_change_run15,none,phase_change,1226,1778274876.5749137,/big.txt,52297728,131072
55,055_none_phase_change_run15,none,phase_change,1227,1778274876.576879,/big.txt,52428800,131072
55,055_none_phase_change_run15,none,phase_change,1228,1778274876.5788977,/big.txt,52559872,131072
55,055_none_phase_change_run15,none,phase_change,1229,1778274876.580876,/big.txt,52690944,131072
55,055_none_phase_change_run15,none,phase_change,1230,1778274876.582854,/big.txt,52822016,131072
55,055_none_phase_change_run15,none,phase_change,1231,1778274876.5848246,/big.txt,52953088,131072
55,055_none_phase_change_run15,none,phase_change,1232,1778274876.586806,/big.txt,53084160,131072
55,055_none_phase_change_run15,none,phase_change,1233,1778274876.5887847,/big.txt,53215232,131072
55,055_none_phase_change_run15,none,phase_change,1234,1778274876.590765,/big.txt,53346304,131072
55,055_none_phase_change_run15,none,phase_change,1235,1778274876.5927606,/big.txt,53477376,131072
55,055_none_phase_change_run15,none,phase_change,1236,1778274876.5947263,/big.txt,53608448,131072
55,055_none_phase_change_run15,none,phase_change,1237,1778274876.5966952,/big.txt,53739520,131072
55,055_none_phase_change_run15,none,phase_change,1238,1778274876.5986624,/big.txt,53870592,131072
55,055_none_phase_change_run15,none,phase_change,1239,1778274876.6006756,/big.txt,54001664,131072
55,055_none_phase_change_run15,none,phase_change,1240,1778274876.60265,/big.txt,54132736,131072
55,055_none_phase_change_run15,none,phase_change,1241,1778274876.6046302,/big.txt,54263808,131072
55,055_none_phase_change_run15,none,phase_change,1242,1778274876.6066055,/big.txt,54394880,131072
55,055_none_phase_change_run15,none,phase_change,1243,1778274876.608678,/big.txt,54525952,131072
55,055_none_phase_change_run15,none,phase_change,1244,1778274876.6106427,/big.txt,54657024,131072
55,055_none_phase_change_run15,none,phase_change,1245,1778274876.6126163,/big.txt,54788096,131072
55,055_none_phase_change_run15,none,phase_change,1246,1778274876.6145978,/big.txt,54919168,131072
55,055_none_phase_change_run15,none,phase_change,1247,1778274876.6165857,/big.txt,55050240,131072
55,055_none_phase_change_run15,none,phase_change,1248,1778274876.6185522,/big.txt,55181312,131072
55,055_none_phase_change_run15,none,phase_change,1249,1778274876.6206691,/big.txt,55312384,131072
55,055_none_phase_change_run15,none,phase_change,1250,1778274876.6226437,/big.txt,55443456,131072
55,055_none_phase_change_run15,none,phase_change,1251,1778274876.624642,/big.txt,55574528,131072
55,055_none_phase_change_run15,none,phase_change,1252,1778274876.6265957,/big.txt,55705600,131072
55,055_none_phase_change_run15,none,phase_change,1253,1778274876.628614,/big.txt,55836672,131072
55,055_none_phase_change_run15,none,phase_change,1254,1778274876.630596,/big.txt,55967744,131072
55,055_none_phase_change_run15,none,phase_change,1255,1778274876.632583,/big.txt,56098816,131072
55,055_none_phase_change_run15,none,phase_change,1256,1778274876.6345491,/big.txt,56229888,131072
55,055_none_phase_change_run15,none,phase_change,1257,1778274876.6366131,/big.txt,56360960,131072
55,055_none_phase_change_run15,none,phase_change,1258,1778274876.6385822,/big.txt,56492032,131072
55,055_none_phase_change_run15,none,phase_change,1259,1778274876.6405575,/big.txt,56623104,131072
55,055_none_phase_change_run15,none,phase_change,1260,1778274876.6425169,/big.txt,56754176,131072
55,055_none_phase_change_run15,none,phase_change,1261,1778274876.6445029,/big.txt,56885248,131072
55,055_none_phase_change_run15,none,phase_change,1262,1778274876.6464658,/big.txt,57016320,131072
55,055_none_phase_change_run15,none,phase_change,1263,1778274876.648454,/big.txt,57147392,131072
55,055_none_phase_change_run15,none,phase_change,1264,1778274876.6504314,/big.txt,57278464,131072
55,055_none_phase_change_run15,none,phase_change,1265,1778274876.6524165,/big.txt,57409536,131072
55,055_none_phase_change_run15,none,phase_change,1266,1778274876.6543918,/big.txt,57540608,131072
55,055_none_phase_change_run15,none,phase_change,1267,1778274876.6563666,/big.txt,57671680,131072
55,055_none_phase_change_run15,none,phase_change,1268,1778274876.658347,/big.txt,57802752,131072
55,055_none_phase_change_run15,none,phase_change,1269,1778274876.6603308,/big.txt,57933824,131072
55,055_none_phase_change_run15,none,phase_change,1270,1778274876.6623018,/big.txt,58064896,131072
55,055_none_phase_change_run15,none,phase_change,1271,1778274876.6642606,/big.txt,58195968,131072
55,055_none_phase_change_run15,none,phase_change,1272,1778274876.6662257,/big.txt,58327040,131072
55,055_none_phase_change_run15,none,phase_change,1273,1778274876.6682303,/big.txt,58458112,131072
55,055_none_phase_change_run15,none,phase_change,1274,1778274876.6701937,/big.txt,58589184,131072
55,055_none_phase_change_run15,none,phase_change,1275,1778274876.6721542,/big.txt,58720256,131072
55,055_none_phase_change_run15,none,phase_change,1276,1778274876.6741269,/big.txt,58851328,131072
55,055_none_phase_change_run15,none,phase_change,1277,1778274876.6761124,/big.txt,58982400,131072
55,055_none_phase_change_run15,none,phase_change,1278,1778274876.678097,/big.txt,59113472,131072
55,055_none_phase_change_run15,none,phase_change,1279,1778274876.6801026,/big.txt,59244544,131072
55,055_none_phase_change_run15,none,phase_change,1280,1778274876.6820729,/big.txt,59375616,131072
55,055_none_phase_change_run15,none,phase_change,1281,1778274876.6840646,/big.txt,59506688,131072
55,055_none_phase_change_run15,none,phase_change,1282,1778274876.686046,/big.txt,59637760,131072
55,055_none_phase_change_run15,none,phase_change,1283,1778274876.6880279,/big.txt,59768832,131072
55,055_none_phase_change_run15,none,phase_change,1284,1778274876.6900127,/big.txt,59899904,131072
55,055_none_phase_change_run15,none,phase_change,1285,1778274876.6920128,/big.txt,60030976,131072
55,055_none_phase_change_run15,none,phase_change,1286,1778274876.6940157,/big.txt,60162048,131072
55,055_none_phase_change_run15,none,phase_change,1287,1778274876.6959882,/big.txt,60293120,131072
55,055_none_phase_change_run15,none,phase_change,1288,1778274876.6979806,/big.txt,60424192,131072
55,055_none_phase_change_run15,none,phase_change,1289,1778274876.699957,/big.txt,60555264,131072
55,055_none_phase_change_run15,none,phase_change,1290,1778274876.7019296,/big.txt,60686336,131072
55,055_none_phase_change_run15,none,phase_change,1291,1778274876.703906,/big.txt,60817408,131072
55,055_none_phase_change_run15,none,phase_change,1292,1778274876.7058897,/big.txt,60948480,131072
55,055_none_phase_change_run15,none,phase_change,1293,1778274876.7078831,/big.txt,61079552,131072
55,055_none_phase_change_run15,none,phase_change,1294,1778274876.7098536,/big.txt,61210624,131072
55,055_none_phase_change_run15,none,phase_change,1295,1778274876.7118323,/big.txt,61341696,131072
55,055_none_phase_change_run15,none,phase_change,1296,1778274876.7137973,/big.txt,61472768,131072
55,055_none_phase_change_run15,none,phase_change,1297,1778274876.715797,/big.txt,61603840,131072
55,055_none_phase_change_run15,none,phase_change,1298,1778274876.7177887,/big.txt,61734912,131072
55,055_none_phase_change_run15,none,phase_change,1299,1778274876.719771,/big.txt,61865984,131072
55,055_none_phase_change_run15,none,phase_change,1300,1778274876.7217438,/big.txt,61997056,131072
55,055_none_phase_change_run15,none,phase_change,1301,1778274876.723751,/big.txt,62128128,131072
55,055_none_phase_change_run15,none,phase_change,1302,1778274876.7257242,/big.txt,62259200,131072
55,055_none_phase_change_run15,none,phase_change,1303,1778274876.7277086,/big.txt,62390272,131072
55,055_none_phase_change_run15,none,phase_change,1304,1778274876.7296877,/big.txt,62521344,131072
55,055_none_phase_change_run15,none,phase_change,1305,1778274876.731681,/big.txt,62652416,131072
55,055_none_phase_change_run15,none,phase_change,1306,1778274876.733652,/big.txt,62783488,131072
55,055_none_phase_change_run15,none,phase_change,1307,1778274876.7356274,/big.txt,62914560,131072
55,055_none_phase_change_run15,none,phase_change,1308,1778274876.7376137,/big.txt,63045632,131072
55,055_none_phase_change_run15,none,phase_change,1309,1778274876.7396054,/big.txt,63176704,131072
55,055_none_phase_change_run15,none,phase_change,1310,1778274876.7415967,/big.txt,63307776,131072
55,055_none_phase_change_run15,none,phase_change,1311,1778274876.7435827,/big.txt,63438848,131072
55,055_none_phase_change_run15,none,phase_change,1312,1778274876.7455544,/big.txt,63569920,131072
55,055_none_phase_change_run15,none,phase_change,1313,1778274876.7475312,/big.txt,63700992,131072
55,055_none_phase_change_run15,none,phase_change,1314,1778274876.749498,/big.txt,63832064,131072
55,055_none_phase_change_run15,none,phase_change,1315,1778274876.7514875,/big.txt,63963136,131072
55,055_none_phase_change_run15,none,phase_change,1316,1778274876.7534645,/big.txt,64094208,131072
55,055_none_phase_change_run15,none,phase_change,1317,1778274876.7554553,/big.txt,64225280,131072
55,055_none_phase_change_run15,none,phase_change,1318,1778274876.7574313,/big.txt,64356352,131072
55,055_none_phase_change_run15,none,phase_change,1319,1778274876.7594674,/big.txt,64487424,131072
55,055_none_phase_change_run15,none,phase_change,1320,1778274876.761455,/big.txt,64618496,131072
55,055_none_phase_change_run15,none,phase_change,1321,1778274876.7634377,/big.txt,64749568,131072
55,055_none_phase_change_run15,none,phase_change,1322,1778274876.765408,/big.txt,64880640,131072
55,055_none_phase_change_run15,none,phase_change,1323,1778274876.767385,/big.txt,65011712,131072
55,055_none_phase_change_run15,none,phase_change,1324,1778274876.7693517,/big.txt,65142784,131072
55,055_none_phase_change_run15,none,phase_change,1325,1778274876.7713418,/big.txt,65273856,131072
55,055_none_phase_change_run15,none,phase_change,1326,1778274876.7733078,/big.txt,65404928,131072
55,055_none_phase_change_run15,none,phase_change,1327,1778274876.7753608,/big.txt,65536000,131072
55,055_none_phase_change_run15,none,phase_change,1328,1778274876.7773328,/big.txt,65667072,131072
55,055_none_phase_change_run15,none,phase_change,1329,1778274876.779319,/big.txt,65798144,131072
55,055_none_phase_change_run15,none,phase_change,1330,1778274876.7812767,/big.txt,65929216,131072
55,055_none_phase_change_run15,none,phase_change,1331,1778274876.7833192,/big.txt,66060288,131072
55,055_none_phase_change_run15,none,phase_change,1332,1778274876.785287,/big.txt,66191360,131072
55,055_none_phase_change_run15,none,phase_change,1333,1778274876.7872841,/big.txt,66322432,131072
55,055_none_phase_change_run15,none,phase_change,1334,1778274876.7892523,/big.txt,66453504,131072
55,055_none_phase_change_run15,none,phase_change,1335,1778274876.7912645,/big.txt,66584576,131072
55,055_none_phase_change_run15,none,phase_change,1336,1778274876.7932363,/big.txt,66715648,131072
55,055_none_phase_change_run15,none,phase_change,1337,1778274876.7952147,/big.txt,66846720,131072
55,055_none_phase_change_run15,none,phase_change,1338,1778274876.7971807,/big.txt,66977792,131072
55,055_none_phase_change_run15,none,phase_change,1339,1778274876.799217,/big.txt,67108864,131072
55,055_none_phase_change_run15,none,phase_change,1340,1778274876.8011904,/big.txt,67239936,131072
55,055_none_phase_change_run15,none,phase_change,1341,1778274876.8031847,/big.txt,67371008,131072
55,055_none_phase_change_run15,none,phase_change,1342,1778274876.8051538,/big.txt,67502080,131072
55,055_none_phase_change_run15,none,phase_change,1343,1778274876.8071864,/big.txt,67633152,131072
55,055_none_phase_change_run15,none,phase_change,1344,1778274876.8091507,/big.txt,67764224,131072
55,055_none_phase_change_run15,none,phase_change,1345,1778274876.8111463,/big.txt,67895296,131072
55,055_none_phase_change_run15,none,phase_change,1346,1778274876.813118,/big.txt,68026368,131072
55,055_none_phase_change_run15,none,phase_change,1347,1778274876.8151574,/big.txt,68157440,131072
55,055_none_phase_change_run15,none,phase_change,1348,1778274876.817132,/big.txt,68288512,131072
55,055_none_phase_change_run15,none,phase_change,1349,1778274876.8191237,/big.txt,68419584,131072
55,055_none_phase_change_run15,none,phase_change,1350,1778274876.8210936,/big.txt,68550656,131072
55,055_none_phase_change_run15,none,phase_change,1351,1778274876.8230677,/big.txt,68681728,131072
55,055_none_phase_change_run15,none,phase_change,1352,1778274876.8250487,/big.txt,68812800,131072
55,055_none_phase_change_run15,none,phase_change,1353,1778274876.82708,/big.txt,68943872,131072
55,055_none_phase_change_run15,none,phase_change,1354,1778274876.829062,/big.txt,69074944,131072
55,055_none_phase_change_run15,none,phase_change,1355,1778274876.8310406,/big.txt,69206016,131072
55,055_none_phase_change_run15,none,phase_change,1356,1778274876.8330166,/big.txt,69337088,131072
55,055_none_phase_change_run15,none,phase_change,1357,1778274876.834995,/big.txt,69468160,131072
55,055_none_phase_change_run15,none,phase_change,1358,1778274876.8369584,/big.txt,69599232,131072
55,055_none_phase_change_run15,none,phase_change,1359,1778274876.8389838,/big.txt,69730304,131072
55,055_none_phase_change_run15,none,phase_change,1360,1778274876.8409696,/big.txt,69861376,131072
55,055_none_phase_change_run15,none,phase_change,1361,1778274876.842939,/big.txt,69992448,131072
55,055_none_phase_change_run15,none,phase_change,1362,1778274876.8448977,/big.txt,70123520,131072
55,055_none_phase_change_run15,none,phase_change,1363,1778274876.8469837,/big.txt,70254592,131072
55,055_none_phase_change_run15,none,phase_change,1364,1778274876.848959,/big.txt,70385664,131072
55,055_none_phase_change_run15,none,phase_change,1365,1778274876.8509586,/big.txt,70516736,131072
55,055_none_phase_change_run15,none,phase_change,1366,1778274876.8529267,/big.txt,70647808,131072
55,055_none_phase_change_run15,none,phase_change,1367,1778274876.8549912,/big.txt,70778880,131072
55,055_none_phase_change_run15,none,phase_change,1368,1778274876.8569782,/big.txt,70909952,131072
55,055_none_phase_change_run15,none,phase_change,1369,1778274876.8589718,/big.txt,71041024,131072
55,055_none_phase_change_run15,none,phase_change,1370,1778274876.8609457,/big.txt,71172096,131072
55,055_none_phase_change_run15,none,phase_change,1371,1778274876.8629925,/big.txt,71303168,131072
55,055_none_phase_change_run15,none,phase_change,1372,1778274876.8649523,/big.txt,71434240,131072
55,055_none_phase_change_run15,none,phase_change,1373,1778274876.8669372,/big.txt,71565312,131072
55,055_none_phase_change_run15,none,phase_change,1374,1778274876.8689253,/big.txt,71696384,131072
55,055_none_phase_change_run15,none,phase_change,1375,1778274876.8709486,/big.txt,71827456,131072
55,055_none_phase_change_run15,none,phase_change,1376,1778274876.8729253,/big.txt,71958528,131072
55,055_none_phase_change_run15,none,phase_change,1377,1778274876.8749166,/big.txt,72089600,131072
55,055_none_phase_change_run15,none,phase_change,1378,1778274876.876874,/big.txt,72220672,131072
55,055_none_phase_change_run15,none,phase_change,1379,1778274876.8788362,/big.txt,72351744,131072
55,055_none_phase_change_run15,none,phase_change,1380,1778274876.8808253,/big.txt,72482816,131072
55,055_none_phase_change_run15,none,phase_change,1381,1778274876.8828564,/big.txt,72613888,131072
55,055_none_phase_change_run15,none,phase_change,1382,1778274876.884851,/big.txt,72744960,131072
55,055_none_phase_change_run15,none,phase_change,1383,1778274876.88683,/big.txt,72876032,131072
55,055_none_phase_change_run15,none,phase_change,1384,1778274876.8888218,/big.txt,73007104,131072
55,055_none_phase_change_run15,none,phase_change,1385,1778274876.8908453,/big.txt,73138176,131072
55,055_none_phase_change_run15,none,phase_change,1386,1778274876.8948865,/big.txt,73269248,131072
55,055_none_phase_change_run15,none,phase_change,1387,1778274876.8989227,/big.txt,73400320,131072
55,055_none_phase_change_run15,none,phase_change,1388,1778274876.9029002,/big.txt,73531392,131072
55,055_none_phase_change_run15,none,phase_change,1389,1778274876.904881,/big.txt,73662464,131072
55,055_none_phase_change_run15,none,phase_change,1390,1778274876.9068666,/big.txt,73793536,131072
55,055_none_phase_change_run15,none,phase_change,1391,1778274876.9088445,/big.txt,73924608,131072
55,055_none_phase_change_run15,none,phase_change,1392,1778274876.9108534,/big.txt,74055680,131072
55,055_none_phase_change_run15,none,phase_change,1393,1778274876.9128277,/big.txt,74186752,131072
55,055_none_phase_change_run15,none,phase_change,1394,1778274876.9148004,/big.txt,74317824,131072
55,055_none_phase_change_run15,none,phase_change,1395,1778274876.9167595,/big.txt,74448896,131072
55,055_none_phase_change_run15,none,phase_change,1396,1778274876.9187188,/big.txt,74579968,131072
55,055_none_phase_change_run15,none,phase_change,1397,1778274876.9207425,/big.txt,74711040,131072
55,055_none_phase_change_run15,none,phase_change,1398,1778274876.9227242,/big.txt,74842112,131072
55,055_none_phase_change_run15,none,phase_change,1399,1778274876.9247053,/big.txt,74973184,131072
55,055_none_phase_change_run15,none,phase_change,1400,1778274876.9266634,/big.txt,75104256,131072
55,055_none_phase_change_run15,none,phase_change,1401,1778274876.9286566,/big.txt,75235328,131072
55,055_none_phase_change_run15,none,phase_change,1402,1778274876.9306343,/big.txt,75366400,131072
55,055_none_phase_change_run15,none,phase_change,1403,1778274876.9325955,/big.txt,75497472,131072
55,055_none_phase_change_run15,none,phase_change,1404,1778274876.934564,/big.txt,75628544,131072
55,055_none_phase_change_run15,none,phase_change,1405,1778274876.9366271,/big.txt,75759616,131072
55,055_none_phase_change_run15,none,phase_change,1406,1778274876.93861,/big.txt,75890688,131072
55,055_none_phase_change_run15,none,phase_change,1407,1778274876.9406083,/big.txt,76021760,131072
55,055_none_phase_change_run15,none,phase_change,1408,1778274876.9425876,/big.txt,76152832,131072
55,055_none_phase_change_run15,none,phase_change,1409,1778274876.94458,/big.txt,76283904,131072
55,055_none_phase_change_run15,none,phase_change,1410,1778274876.9465425,/big.txt,76414976,131072
55,055_none_phase_change_run15,none,phase_change,1411,1778274876.948568,/big.txt,76546048,131072
55,055_none_phase_change_run15,none,phase_change,1412,1778274876.950539,/big.txt,76677120,131072
55,055_none_phase_change_run15,none,phase_change,1413,1778274876.9526129,/big.txt,76808192,131072
55,055_none_phase_change_run15,none,phase_change,1414,1778274876.9545927,/big.txt,76939264,131072
55,055_none_phase_change_run15,none,phase_change,1415,1778274876.9565847,/big.txt,77070336,131072
55,055_none_phase_change_run15,none,phase_change,1416,1778274876.958554,/big.txt,77201408,131072
55,055_none_phase_change_run15,none,phase_change,1417,1778274876.960609,/big.txt,77332480,131072
55,055_none_phase_change_run15,none,phase_change,1418,1778274876.9625838,/big.txt,77463552,131072
55,055_none_phase_change_run15,none,phase_change,1419,1778274876.9645534,/big.txt,77594624,131072
55,055_none_phase_change_run15,none,phase_change,1420,1778274876.966518,/big.txt,77725696,131072
55,055_none_phase_change_run15,none,phase_change,1421,1778274876.9685068,/big.txt,77856768,131072
55,055_none_phase_change_run15,none,phase_change,1422,1778274876.9704804,/big.txt,77987840,131072
55,055_none_phase_change_run15,none,phase_change,1423,1778274876.9724746,/big.txt,78118912,131072
55,055_none_phase_change_run15,none,phase_change,1424,1778274876.9744508,/big.txt,78249984,131072
55,055_none_phase_change_run15,none,phase_change,1425,1778274876.976422,/big.txt,78381056,131072
55,055_none_phase_change_run15,none,phase_change,1426,1778274876.9783926,/big.txt,78512128,131072
55,055_none_phase_change_run15,none,phase_change,1427,1778274876.9803731,/big.txt,78643200,131072
55,055_none_phase_change_run15,none,phase_change,1428,1778274876.9823565,/big.txt,78774272,131072
55,055_none_phase_change_run15,none,phase_change,1429,1778274876.9843295,/big.txt,78905344,131072
55,055_none_phase_change_run15,none,phase_change,1430,1778274876.9863145,/big.txt,79036416,131072
55,055_none_phase_change_run15,none,phase_change,1431,1778274876.9882824,/big.txt,79167488,131072
55,055_none_phase_change_run15,none,phase_change,1432,1778274876.9902616,/big.txt,79298560,131072
55,055_none_phase_change_run15,none,phase_change,1433,1778274876.9922404,/big.txt,79429632,131072
55,055_none_phase_change_run15,none,phase_change,1434,1778274876.9942179,/big.txt,79560704,131072
55,055_none_phase_change_run15,none,phase_change,1435,1778274876.996218,/big.txt,79691776,131072
55,055_none_phase_change_run15,none,phase_change,1436,1778274876.9982073,/big.txt,79822848,131072
55,055_none_phase_change_run15,none,phase_change,1437,1778274877.0002089,/big.txt,79953920,131072
55,055_none_phase_change_run15,none,phase_change,1438,1778274877.0022159,/big.txt,80084992,131072
55,055_none_phase_change_run15,none,phase_change,1439,1778274877.0042064,/big.txt,80216064,131072
55,055_none_phase_change_run15,none,phase_change,1440,1778274877.0061939,/big.txt,80347136,131072
55,055_none_phase_change_run15,none,phase_change,1441,1778274877.0082066,/big.txt,80478208,131072
55,055_none_phase_change_run15,none,phase_change,1442,1778274877.0101933,/big.txt,80609280,131072
55,055_none_phase_change_run15,none,phase_change,1443,1778274877.0122163,/big.txt,80740352,131072
55,055_none_phase_change_run15,none,phase_change,1444,1778274877.014191,/big.txt,80871424,131072
55,055_none_phase_change_run15,none,phase_change,1445,1778274877.0161843,/big.txt,81002496,131072
55,055_none_phase_change_run15,none,phase_change,1446,1778274877.0181737,/big.txt,81133568,131072
55,055_none_phase_change_run15,none,phase_change,1447,1778274877.0202017,/big.txt,81264640,131072
55,055_none_phase_change_run15,none,phase_change,1448,1778274877.022186,/big.txt,81395712,131072
55,055_none_phase_change_run15,none,phase_change,1449,1778274877.0241766,/big.txt,81526784,131072
55,055_none_phase_change_run15,none,phase_change,1450,1778274877.026165,/big.txt,81657856,131072
55,055_none_phase_change_run15,none,phase_change,1451,1778274877.0281694,/big.txt,81788928,131072
55,055_none_phase_change_run15,none,phase_change,1452,1778274877.0301573,/big.txt,81920000,131072
55,055_none_phase_change_run15,none,phase_change,1453,1778274877.0321643,/big.txt,82051072,131072
55,055_none_phase_change_run15,none,phase_change,1454,1778274877.0341394,/big.txt,82182144,131072
55,055_none_phase_change_run15,none,phase_change,1455,1778274877.036123,/big.txt,82313216,131072
55,055_none_phase_change_run15,none,phase_change,1456,1778274877.0381067,/big.txt,82444288,131072
55,055_none_phase_change_run15,none,phase_change,1457,1778274877.0401115,/big.txt,82575360,131072
55,055_none_phase_change_run15,none,phase_change,1458,1778274877.0420897,/big.txt,82706432,131072
55,055_none_phase_change_run15,none,phase_change,1459,1778274877.044087,/big.txt,82837504,131072
55,055_none_phase_change_run15,none,phase_change,1460,1778274877.0460677,/big.txt,82968576,131072
55,055_none_phase_change_run15,none,phase_change,1461,1778274877.0480835,/big.txt,83099648,131072
55,055_none_phase_change_run15,none,phase_change,1462,1778274877.0500677,/big.txt,83230720,131072
55,055_none_phase_change_run15,none,phase_change,1463,1778274877.0520673,/big.txt,83361792,131072
55,055_none_phase_change_run15,none,phase_change,1464,1778274877.054056,/big.txt,83492864,131072
55,055_none_phase_change_run15,none,phase_change,1465,1778274877.0560563,/big.txt,83623936,131072
55,055_none_phase_change_run15,none,phase_change,1466,1778274877.0580304,/big.txt,83755008,131072
55,055_none_phase_change_run15,none,phase_change,1467,1778274877.060035,/big.txt,83886080,131072
55,055_none_phase_change_run15,none,phase_change,1468,1778274877.0620003,/big.txt,84017152,131072
55,055_none_phase_change_run15,none,phase_change,1469,1778274877.063976,/big.txt,84148224,131072
55,055_none_phase_change_run15,none,phase_change,1470,1778274877.0659552,/big.txt,84279296,131072
55,055_none_phase_change_run15,none,phase_change,1471,1778274877.0679376,/big.txt,84410368,131072
55,055_none_phase_change_run15,none,phase_change,1472,1778274877.0699108,/big.txt,84541440,131072
55,055_none_phase_change_run15,none,phase_change,1473,1778274877.071885,/big.txt,84672512,131072
55,055_none_phase_change_run15,none,phase_change,1474,1778274877.0738494,/big.txt,84803584,131072
55,055_none_phase_change_run15,none,phase_change,1475,1778274877.075825,/big.txt,84934656,131072
55,055_none_phase_change_run15,none,phase_change,1476,1778274877.0778267,/big.txt,85065728,131072
55,055_none_phase_change_run15,none,phase_change,1477,1778274877.0798213,/big.txt,85196800,131072
55,055_none_phase_change_run15,none,phase_change,1478,1778274877.0817993,/big.txt,85327872,131072
55,055_none_phase_change_run15,none,phase_change,1479,1778274877.0837867,/big.txt,85458944,131072
55,055_none_phase_change_run15,none,phase_change,1480,1778274877.0857706,/big.txt,85590016,131072
55,055_none_phase_change_run15,none,phase_change,1481,1778274877.0877476,/big.txt,85721088,131072
55,055_none_phase_change_run15,none,phase_change,1482,1778274877.0897374,/big.txt,85852160,131072
55,055_none_phase_change_run15,none,phase_change,1483,1778274877.0917268,/big.txt,85983232,131072
55,055_none_phase_change_run15,none,phase_change,1484,1778274877.0937178,/big.txt,86114304,131072
55,055_none_phase_change_run15,none,phase_change,1485,1778274877.0957084,/big.txt,86245376,131072
55,055_none_phase_change_run15,none,phase_change,1486,1778274877.097682,/big.txt,86376448,131072
55,055_none_phase_change_run15,none,phase_change,1487,1778274877.0996559,/big.txt,86507520,131072
55,055_none_phase_change_run15,none,phase_change,1488,1778274877.10163,/big.txt,86638592,131072
55,055_none_phase_change_run15,none,phase_change,1489,1778274877.1036022,/big.txt,86769664,131072
55,055_none_phase_change_run15,none,phase_change,1490,1778274877.1055696,/big.txt,86900736,131072
55,055_none_phase_change_run15,none,phase_change,1491,1778274877.1075451,/big.txt,87031808,131072
55,055_none_phase_change_run15,none,phase_change,1492,1778274877.1095307,/big.txt,87162880,131072
55,055_none_phase_change_run15,none,phase_change,1493,1778274877.1115456,/big.txt,87293952,131072
55,055_none_phase_change_run15,none,phase_change,1494,1778274877.1135328,/big.txt,87425024,131072
55,055_none_phase_change_run15,none,phase_change,1495,1778274877.1155064,/big.txt,87556096,131072
55,055_none_phase_change_run15,none,phase_change,1496,1778274877.1174922,/big.txt,87687168,131072
55,055_none_phase_change_run15,none,phase_change,1497,1778274877.1195424,/big.txt,87818240,131072
55,055_none_phase_change_run15,none,phase_change,1498,1778274877.1215386,/big.txt,87949312,131072
55,055_none_phase_change_run15,none,phase_change,1499,1778274877.123507,/big.txt,88080384,131072
55,055_none_phase_change_run15,none,phase_change,1500,1778274877.1254663,/big.txt,88211456,131072
55,055_none_phase_change_run15,none,phase_change,1501,1778274877.1274378,/big.txt,88342528,131072
55,055_none_phase_change_run15,none,phase_change,1502,1778274877.1294136,/big.txt,88473600,131072
55,055_none_phase_change_run15,none,phase_change,1503,1778274877.1313848,/big.txt,88604672,131072
55,055_none_phase_change_run15,none,phase_change,1504,1778274877.1333513,/big.txt,88735744,131072
55,055_none_phase_change_run15,none,phase_change,1505,1778274877.1369705,/big.txt,88866816,131072
55,055_none_phase_change_run15,none,phase_change,1506,1778274877.1410084,/big.txt,88997888,131072
55,055_none_phase_change_run15,none,phase_change,1507,1778274877.145046,/big.txt,89128960,131072
55,055_none_phase_change_run15,none,phase_change,1508,1778274877.1474164,/big.txt,89260032,131072
55,055_none_phase_change_run15,none,phase_change,1509,1778274877.1493936,/big.txt,89391104,131072
55,055_none_phase_change_run15,none,phase_change,1510,1778274877.1513667,/big.txt,89522176,131072
55,055_none_phase_change_run15,none,phase_change,1511,1778274877.153342,/big.txt,89653248,131072
55,055_none_phase_change_run15,none,phase_change,1512,1778274877.1553526,/big.txt,89784320,131072
55,055_none_phase_change_run15,none,phase_change,1513,1778274877.157359,/big.txt,89915392,131072
55,055_none_phase_change_run15,none,phase_change,1514,1778274877.1594493,/big.txt,90046464,131072
55,055_none_phase_change_run15,none,phase_change,1515,1778274877.1614304,/big.txt,90177536,131072
55,055_none_phase_change_run15,none,phase_change,1516,1778274877.163395,/big.txt,90308608,131072
55,055_none_phase_change_run15,none,phase_change,1517,1778274877.165356,/big.txt,90439680,131072
55,055_none_phase_change_run15,none,phase_change,1518,1778274877.1673331,/big.txt,90570752,131072
55,055_none_phase_change_run15,none,phase_change,1519,1778274877.1693134,/big.txt,90701824,131072
55,055_none_phase_change_run15,none,phase_change,1520,1778274877.171342,/big.txt,90832896,131072
55,055_none_phase_change_run15,none,phase_change,1521,1778274877.173321,/big.txt,90963968,131072
55,055_none_phase_change_run15,none,phase_change,1522,1778274877.175302,/big.txt,91095040,131072
55,055_none_phase_change_run15,none,phase_change,1523,1778274877.1772804,/big.txt,91226112,131072
55,055_none_phase_change_run15,none,phase_change,1524,1778274877.1792583,/big.txt,91357184,131072
55,055_none_phase_change_run15,none,phase_change,1525,1778274877.1812446,/big.txt,91488256,131072
55,055_none_phase_change_run15,none,phase_change,1526,1778274877.1831799,/big.txt,91619328,131072
55,055_none_phase_change_run15,none,phase_change,1527,1778274877.185149,/big.txt,91750400,131072
55,055_none_phase_change_run15,none,phase_change,1528,1778274877.1871634,/big.txt,91881472,131072
55,055_none_phase_change_run15,none,phase_change,1529,1778274877.1891375,/big.txt,92012544,131072
55,055_none_phase_change_run15,none,phase_change,1530,1778274877.191117,/big.txt,92143616,131072
55,055_none_phase_change_run15,none,phase_change,1531,1778274877.1930947,/big.txt,92274688,131072
55,055_none_phase_change_run15,none,phase_change,1532,1778274877.195067,/big.txt,92405760,131072
55,055_none_phase_change_run15,none,phase_change,1533,1778274877.1970382,/big.txt,92536832,131072
55,055_none_phase_change_run15,none,phase_change,1534,1778274877.1990237,/big.txt,92667904,131072
55,055_none_phase_change_run15,none,phase_change,1535,1778274877.200996,/big.txt,92798976,131072
55,055_none_phase_change_run15,none,phase_change,1536,1778274877.203095,/big.txt,92930048,131072
55,055_none_phase_change_run15,none,phase_change,1537,1778274877.205074,/big.txt,93061120,131072
55,055_none_phase_change_run15,none,phase_change,1538,1778274877.2070537,/big.txt,93192192,131072
55,055_none_phase_change_run15,none,phase_change,1539,1778274877.2090352,/big.txt,93323264,131072
55,055_none_phase_change_run15,none,phase_change,1540,1778274877.2110035,/big.txt,93454336,131072
55,055_none_phase_change_run15,none,phase_change,1541,1778274877.2129822,/big.txt,93585408,131072
55,055_none_phase_change_run15,none,phase_change,1542,1778274877.2149668,/big.txt,93716480,131072
55,055_none_phase_change_run15,none,phase_change,1543,1778274877.216937,/big.txt,93847552,131072
55,055_none_phase_change_run15,none,phase_change,1544,1778274877.2190387,/big.txt,93978624,131072
55,055_none_phase_change_run15,none,phase_change,1545,1778274877.221012,/big.txt,94109696,131072
55,055_none_phase_change_run15,none,phase_change,1546,1778274877.2230053,/big.txt,94240768,131072
55,055_none_phase_change_run15,none,phase_change,1547,1778274877.2249982,/big.txt,94371840,131072
55,055_none_phase_change_run15,none,phase_change,1548,1778274877.2269738,/big.txt,94502912,131072
55,055_none_phase_change_run15,none,phase_change,1549,1778274877.228947,/big.txt,94633984,131072
55,055_none_phase_change_run15,none,phase_change,1550,1778274877.2309358,/big.txt,94765056,131072
55,055_none_phase_change_run15,none,phase_change,1551,1778274877.2329085,/big.txt,94896128,131072
55,055_none_phase_change_run15,none,phase_change,1552,1778274877.2350094,/big.txt,95027200,131072
55,055_none_phase_change_run15,none,phase_change,1553,1778274877.2369876,/big.txt,95158272,131072
55,055_none_phase_change_run15,none,phase_change,1554,1778274877.2389805,/big.txt,95289344,131072
55,055_none_phase_change_run15,none,phase_change,1555,1778274877.2409608,/big.txt,95420416,131072
55,055_none_phase_change_run15,none,phase_change,1556,1778274877.2429414,/big.txt,95551488,131072
55,055_none_phase_change_run15,none,phase_change,1557,1778274877.2449162,/big.txt,95682560,131072
55,055_none_phase_change_run15,none,phase_change,1558,1778274877.2468984,/big.txt,95813632,131072
55,055_none_phase_change_run15,none,phase_change,1559,1778274877.2488785,/big.txt,95944704,131072
55,055_none_phase_change_run15,none,phase_change,1560,1778274877.2509692,/big.txt,96075776,131072
55,055_none_phase_change_run15,none,phase_change,1561,1778274877.2529454,/big.txt,96206848,131072
55,055_none_phase_change_run15,none,phase_change,1562,1778274877.2549233,/big.txt,96337920,131072
55,055_none_phase_change_run15,none,phase_change,1563,1778274877.2568963,/big.txt,96468992,131072
55,055_none_phase_change_run15,none,phase_change,1564,1778274877.2588806,/big.txt,96600064,131072
55,055_none_phase_change_run15,none,phase_change,1565,1778274877.260861,/big.txt,96731136,131072
55,055_none_phase_change_run15,none,phase_change,1566,1778274877.2628496,/big.txt,96862208,131072
55,055_none_phase_change_run15,none,phase_change,1567,1778274877.264812,/big.txt,96993280,131072
55,055_none_phase_change_run15,none,phase_change,1568,1778274877.2669106,/big.txt,97124352,131072
55,055_none_phase_change_run15,none,phase_change,1569,1778274877.268896,/big.txt,97255424,131072
55,055_none_phase_change_run15,none,phase_change,1570,1778274877.2708764,/big.txt,97386496,131072
55,055_none_phase_change_run15,none,phase_change,1571,1778274877.2728608,/big.txt,97517568,131072
55,055_none_phase_change_run15,none,phase_change,1572,1778274877.274832,/big.txt,97648640,131072
55,055_none_phase_change_run15,none,phase_change,1573,1778274877.276799,/big.txt,97779712,131072
55,055_none_phase_change_run15,none,phase_change,1574,1778274877.2787783,/big.txt,97910784,131072
55,055_none_phase_change_run15,none,phase_change,1575,1778274877.2807586,/big.txt,98041856,131072
55,055_none_phase_change_run15,none,phase_change,1576,1778274877.2827158,/big.txt,98172928,131072
55,055_none_phase_change_run15,none,phase_change,1577,1778274877.2848225,/big.txt,98304000,131072
55,055_none_phase_change_run15,none,phase_change,1578,1778274877.2868085,/big.txt,98435072,131072
55,055_none_phase_change_run15,none,phase_change,1579,1778274877.2887905,/big.txt,98566144,131072
55,055_none_phase_change_run15,none,phase_change,1580,1778274877.2907603,/big.txt,98697216,131072
55,055_none_phase_change_run15,none,phase_change,1581,1778274877.2927704,/big.txt,98828288,131072
55,055_none_phase_change_run15,none,phase_change,1582,1778274877.2947433,/big.txt,98959360,131072
55,055_none_phase_change_run15,none,phase_change,1583,1778274877.2968495,/big.txt,99090432,131072
55,055_none_phase_change_run15,none,phase_change,1584,1778274877.2988322,/big.txt,99221504,131072
55,055_none_phase_change_run15,none,phase_change,1585,1778274877.3008327,/big.txt,99352576,131072
55,055_none_phase_change_run15,none,phase_change,1586,1778274877.3028264,/big.txt,99483648,131072
55,055_none_phase_change_run15,none,phase_change,1587,1778274877.3048072,/big.txt,99614720,131072
55,055_none_phase_change_run15,none,phase_change,1588,1778274877.30693,/big.txt,99745792,131072
55,055_none_phase_change_run15,none,phase_change,1589,1778274877.308922,/big.txt,99876864,131072
55,055_none_phase_change_run15,none,phase_change,1590,1778274877.3109026,/big.txt,100007936,131072
55,055_none_phase_change_run15,none,phase_change,1591,1778274877.3128934,/big.txt,100139008,131072
55,055_none_phase_change_run15,none,phase_change,1592,1778274877.3148937,/big.txt,100270080,131072
55,055_none_phase_change_run15,none,phase_change,1593,1778274877.3168838,/big.txt,100401152,131072
55,055_none_phase_change_run15,none,phase_change,1594,1778274877.318846,/big.txt,100532224,131072
55,055_none_phase_change_run15,none,phase_change,1595,1778274877.3208215,/big.txt,100663296,131072
55,055_none_phase_change_run15,none,phase_change,1596,1778274877.322887,/big.txt,100794368,131072
55,055_none_phase_change_run15,none,phase_change,1597,1778274877.3248665,/big.txt,100925440,131072
55,055_none_phase_change_run15,none,phase_change,1598,1778274877.326841,/big.txt,101056512,131072
55,055_none_phase_change_run15,none,phase_change,1599,1778274877.328812,/big.txt,101187584,131072
55,055_none_phase_change_run15,none,phase_change,1600,1778274877.3307836,/big.txt,101318656,131072
55,055_none_phase_change_run15,none,phase_change,1601,1778274877.3327575,/big.txt,101449728,131072
55,055_none_phase_change_run15,none,phase_change,1602,1778274877.33472,/big.txt,101580800,131072
55,055_none_phase_change_run15,none,phase_change,1603,1778274877.3366675,/big.txt,101711872,131072
55,055_none_phase_change_run15,none,phase_change,1604,1778274877.3386407,/big.txt,101842944,131072
55,055_none_phase_change_run15,none,phase_change,1605,1778274877.3407013,/big.txt,101974016,131072
55,055_none_phase_change_run15,none,phase_change,1606,1778274877.3426695,/big.txt,102105088,131072
55,055_none_phase_change_run15,none,phase_change,1607,1778274877.3446429,/big.txt,102236160,131072
55,055_none_phase_change_run15,none,phase_change,1608,1778274877.3466246,/big.txt,102367232,131072
55,055_none_phase_change_run15,none,phase_change,1609,1778274877.348605,/big.txt,102498304,131072
55,055_none_phase_change_run15,none,phase_change,1610,1778274877.3505812,/big.txt,102629376,131072
55,055_none_phase_change_run15,none,phase_change,1611,1778274877.352565,/big.txt,102760448,131072
55,055_none_phase_change_run15,none,phase_change,1612,1778274877.3545415,/big.txt,102891520,131072
55,055_none_phase_change_run15,none,phase_change,1613,1778274877.3585656,/big.txt,103022592,131072
55,055_none_phase_change_run15,none,phase_change,1614,1778274877.362562,/big.txt,103153664,131072
55,055_none_phase_change_run15,none,phase_change,1615,1778274877.3665519,/big.txt,103284736,131072
55,055_none_phase_change_run15,none,phase_change,1616,1778274877.368579,/big.txt,103415808,131072
55,055_none_phase_change_run15,none,phase_change,1617,1778274877.3705485,/big.txt,103546880,131072
55,055_none_phase_change_run15,none,phase_change,1618,1778274877.3725598,/big.txt,103677952,131072
55,055_none_phase_change_run15,none,phase_change,1619,1778274877.374535,/big.txt,103809024,131072
55,055_none_phase_change_run15,none,phase_change,1620,1778274877.3764915,/big.txt,103940096,131072
55,055_none_phase_change_run15,none,phase_change,1621,1778274877.3784707,/big.txt,104071168,131072
55,055_none_phase_change_run15,none,phase_change,1622,1778274877.3804286,/big.txt,104202240,131072
55,055_none_phase_change_run15,none,phase_change,1623,1778274877.3824131,/big.txt,104333312,131072
55,055_none_phase_change_run15,none,phase_change,1624,1778274877.3843951,/big.txt,104464384,131072
55,055_none_phase_change_run15,none,phase_change,1625,1778274877.386379,/big.txt,104595456,131072
55,055_none_phase_change_run15,none,phase_change,1626,1778274877.388342,/big.txt,104726528,131072
55,055_none_phase_change_run15,none,phase_change,1627,1778274877.3885224,/big.txt,104857600,0
