run_index,run_label,mode,workload,seq,timestamp,path,offset,size
201,201_baseline_phase_change_run01,baseline,phase_change,1,1778258985.7558959,/big.txt,0,131072
201,201_baseline_phase_change_run01,baseline,phase_change,2,1778258985.7563672,/big.txt,131072,131072
201,201_baseline_phase_change_run01,baseline,phase_change,3,1778258985.7566497,/big.txt,262144,131072
201,201_baseline_phase_change_run01,baseline,phase_change,4,1778258985.756916,/big.txt,393216,131072
201,201_baseline_phase_change_run01,baseline,phase_change,5,1778258985.7571836,/big.txt,524288,131072
201,201_baseline_phase_change_run01,baseline,phase_change,6,1778258985.7574139,/big.txt,655360,131072
201,201_baseline_phase_change_run01,baseline,phase_change,7,1778258985.757625,/big.txt,786432,131072
201,201_baseline_phase_change_run01,baseline,phase_change,8,1778258985.7578197,/big.txt,917504,131072
201,201_baseline_phase_change_run01,baseline,phase_change,9,1778258985.7581832,/big.txt,1048576,131072
201,201_baseline_phase_change_run01,baseline,phase_change,10,1778258985.7583761,/big.txt,1179648,131072
201,201_baseline_phase_change_run01,baseline,phase_change,11,1778258985.758552,/big.txt,1310720,131072
201,201_baseline_phase_change_run01,baseline,phase_change,12,1778258985.7587023,/big.txt,1441792,131072
201,201_baseline_phase_change_run01,baseline,phase_change,13,1778258985.758864,/big.txt,1572864,131072
201,201_baseline_phase_change_run01,baseline,phase_change,14,1778258985.7590528,/big.txt,1703936,131072
201,201_baseline_phase_change_run01,baseline,phase_change,15,1778258985.7592359,/big.txt,1835008,131072
201,201_baseline_phase_change_run01,baseline,phase_change,16,1778258985.7594187,/big.txt,1966080,131072
201,201_baseline_phase_change_run01,baseline,phase_change,17,1778258985.7596076,/big.txt,2097152,131072
201,201_baseline_phase_change_run01,baseline,phase_change,18,1778258985.7597916,/big.txt,2228224,131072
201,201_baseline_phase_change_run01,baseline,phase_change,19,1778258985.7599828,/big.txt,2359296,131072
201,201_baseline_phase_change_run01,baseline,phase_change,20,1778258985.760135,/big.txt,2490368,131072
201,201_baseline_phase_change_run01,baseline,phase_change,21,1778258985.760285,/big.txt,2621440,131072
201,201_baseline_phase_change_run01,baseline,phase_change,22,1778258985.760434,/big.txt,2752512,131072
201,201_baseline_phase_change_run01,baseline,phase_change,23,1778258985.760583,/big.txt,2883584,131072
201,201_baseline_phase_change_run01,baseline,phase_change,24,1778258985.7607708,/big.txt,3014656,131072
201,201_baseline_phase_change_run01,baseline,phase_change,25,1778258985.7609422,/big.txt,3145728,131072
201,201_baseline_phase_change_run01,baseline,phase_change,26,1778258985.7611217,/big.txt,3276800,131072
201,201_baseline_phase_change_run01,baseline,phase_change,27,1778258985.7612727,/big.txt,3407872,131072
201,201_baseline_phase_change_run01,baseline,phase_change,28,1778258985.7614455,/big.txt,3538944,131072
201,201_baseline_phase_change_run01,baseline,phase_change,29,1778258985.761604,/big.txt,3670016,131072
201,201_baseline_phase_change_run01,baseline,phase_change,30,1778258985.7617552,/big.txt,3801088,131072
201,201_baseline_phase_change_run01,baseline,phase_change,31,1778258985.7619026,/big.txt,3932160,131072
201,201_baseline_phase_change_run01,baseline,phase_change,32,1778258985.7620728,/big.txt,4063232,131072
201,201_baseline_phase_change_run01,baseline,phase_change,33,1778258985.762243,/big.txt,4194304,131072
201,201_baseline_phase_change_run01,baseline,phase_change,34,1778258985.7624211,/big.txt,4325376,131072
201,201_baseline_phase_change_run01,baseline,phase_change,35,1778258985.762592,/big.txt,4456448,131072
201,201_baseline_phase_change_run01,baseline,phase_change,36,1778258985.762739,/big.txt,4587520,131072
201,201_baseline_phase_change_run01,baseline,phase_change,37,1778258985.7629023,/big.txt,4718592,131072
201,201_baseline_phase_change_run01,baseline,phase_change,38,1778258985.7630517,/big.txt,4849664,131072
201,201_baseline_phase_change_run01,baseline,phase_change,39,1778258985.7632046,/big.txt,4980736,131072
201,201_baseline_phase_change_run01,baseline,phase_change,40,1778258985.7634034,/big.txt,5111808,131072
201,201_baseline_phase_change_run01,baseline,phase_change,41,1778258985.7635837,/big.txt,5242880,131072
201,201_baseline_phase_change_run01,baseline,phase_change,42,1778258985.7637615,/big.txt,5373952,131072
201,201_baseline_phase_change_run01,baseline,phase_change,43,1778258985.7639306,/big.txt,5505024,131072
201,201_baseline_phase_change_run01,baseline,phase_change,44,1778258985.7640839,/big.txt,5636096,131072
201,201_baseline_phase_change_run01,baseline,phase_change,45,1778258985.7642362,/big.txt,5767168,131072
201,201_baseline_phase_change_run01,baseline,phase_change,46,1778258985.7644117,/big.txt,5898240,131072
201,201_baseline_phase_change_run01,baseline,phase_change,47,1778258985.7645602,/big.txt,6029312,131072
201,201_baseline_phase_change_run01,baseline,phase_change,48,1778258985.764713,/big.txt,6160384,131072
201,201_baseline_phase_change_run01,baseline,phase_change,49,1778258985.7648823,/big.txt,6291456,131072
201,201_baseline_phase_change_run01,baseline,phase_change,50,1778258985.7650337,/big.txt,6422528,131072
201,201_baseline_phase_change_run01,baseline,phase_change,51,1778258985.7651868,/big.txt,6553600,131072
201,201_baseline_phase_change_run01,baseline,phase_change,52,1778258985.7653334,/big.txt,6684672,131072
201,201_baseline_phase_change_run01,baseline,phase_change,53,1778258985.7654808,/big.txt,6815744,131072
201,201_baseline_phase_change_run01,baseline,phase_change,54,1778258985.7656274,/big.txt,6946816,131072
201,201_baseline_phase_change_run01,baseline,phase_change,55,1778258985.7657738,/big.txt,7077888,131072
201,201_baseline_phase_change_run01,baseline,phase_change,56,1778258985.7659214,/big.txt,7208960,131072
201,201_baseline_phase_change_run01,baseline,phase_change,57,1778258985.7660973,/big.txt,7340032,131072
201,201_baseline_phase_change_run01,baseline,phase_change,58,1778258985.7662685,/big.txt,7471104,131072
201,201_baseline_phase_change_run01,baseline,phase_change,59,1778258985.7664375,/big.txt,7602176,131072
201,201_baseline_phase_change_run01,baseline,phase_change,60,1778258985.766606,/big.txt,7733248,131072
201,201_baseline_phase_change_run01,baseline,phase_change,61,1778258985.7667525,/big.txt,7864320,131072
201,201_baseline_phase_change_run01,baseline,phase_change,62,1778258985.7669144,/big.txt,7995392,131072
201,201_baseline_phase_change_run01,baseline,phase_change,63,1778258985.7670672,/big.txt,8126464,131072
201,201_baseline_phase_change_run01,baseline,phase_change,64,1778258985.767216,/big.txt,8257536,131072
201,201_baseline_phase_change_run01,baseline,phase_change,65,1778258985.7673979,/big.txt,8388608,131072
201,201_baseline_phase_change_run01,baseline,phase_change,66,1778258985.767572,/big.txt,8519680,131072
201,201_baseline_phase_change_run01,baseline,phase_change,67,1778258985.76775,/big.txt,8650752,131072
201,201_baseline_phase_change_run01,baseline,phase_change,68,1778258985.7679198,/big.txt,8781824,131072
201,201_baseline_phase_change_run01,baseline,phase_change,69,1778258985.7680678,/big.txt,8912896,131072
201,201_baseline_phase_change_run01,baseline,phase_change,70,1778258985.768216,/big.txt,9043968,131072
201,201_baseline_phase_change_run01,baseline,phase_change,71,1778258985.7683635,/big.txt,9175040,131072
201,201_baseline_phase_change_run01,baseline,phase_change,72,1778258985.7685106,/big.txt,9306112,131072
201,201_baseline_phase_change_run01,baseline,phase_change,73,1778258985.768658,/big.txt,9437184,131072
201,201_baseline_phase_change_run01,baseline,phase_change,74,1778258985.7688274,/big.txt,9568256,131072
201,201_baseline_phase_change_run01,baseline,phase_change,75,1778258985.768975,/big.txt,9699328,131072
201,201_baseline_phase_change_run01,baseline,phase_change,76,1778258985.7691216,/big.txt,9830400,131072
201,201_baseline_phase_change_run01,baseline,phase_change,77,1778258985.769275,/big.txt,9961472,131072
201,201_baseline_phase_change_run01,baseline,phase_change,78,1778258985.76943,/big.txt,10092544,131072
201,201_baseline_phase_change_run01,baseline,phase_change,79,1778258985.769574,/big.txt,10223616,131072
201,201_baseline_phase_change_run01,baseline,phase_change,80,1778258985.769658,/big.txt,10354688,131072
201,201_baseline_phase_change_run01,baseline,phase_change,81,1778258985.769743,/big.txt,10485760,131072
201,201_baseline_phase_change_run01,baseline,phase_change,82,1778258985.769842,/big.txt,10616832,131072
201,201_baseline_phase_change_run01,baseline,phase_change,83,1778258985.769963,/big.txt,10747904,131072
201,201_baseline_phase_change_run01,baseline,phase_change,84,1778258985.7700822,/big.txt,10878976,131072
201,201_baseline_phase_change_run01,baseline,phase_change,85,1778258985.770187,/big.txt,11010048,131072
201,201_baseline_phase_change_run01,baseline,phase_change,86,1778258985.7702742,/big.txt,11141120,131072
201,201_baseline_phase_change_run01,baseline,phase_change,87,1778258985.7703593,/big.txt,11272192,131072
201,201_baseline_phase_change_run01,baseline,phase_change,88,1778258985.770443,/big.txt,11403264,131072
201,201_baseline_phase_change_run01,baseline,phase_change,89,1778258985.7705264,/big.txt,11534336,131072
201,201_baseline_phase_change_run01,baseline,phase_change,90,1778258985.7706127,/big.txt,11665408,131072
201,201_baseline_phase_change_run01,baseline,phase_change,91,1778258985.7706969,/big.txt,11796480,131072
201,201_baseline_phase_change_run01,baseline,phase_change,92,1778258985.7708058,/big.txt,11927552,131072
201,201_baseline_phase_change_run01,baseline,phase_change,93,1778258985.7709568,/big.txt,12058624,131072
201,201_baseline_phase_change_run01,baseline,phase_change,94,1778258985.7710807,/big.txt,12189696,131072
201,201_baseline_phase_change_run01,baseline,phase_change,95,1778258985.7712002,/big.txt,12320768,131072
201,201_baseline_phase_change_run01,baseline,phase_change,96,1778258985.771304,/big.txt,12451840,131072
201,201_baseline_phase_change_run01,baseline,phase_change,97,1778258985.771389,/big.txt,12582912,131072
201,201_baseline_phase_change_run01,baseline,phase_change,98,1778258985.7714767,/big.txt,12713984,131072
201,201_baseline_phase_change_run01,baseline,phase_change,99,1778258985.7715611,/big.txt,12845056,131072
201,201_baseline_phase_change_run01,baseline,phase_change,100,1778258985.7716467,/big.txt,12976128,131072
201,201_baseline_phase_change_run01,baseline,phase_change,101,1778258985.771731,/big.txt,13107200,131072
201,201_baseline_phase_change_run01,baseline,phase_change,102,1778258985.771815,/big.txt,13238272,131072
201,201_baseline_phase_change_run01,baseline,phase_change,103,1778258985.7718992,/big.txt,13369344,131072
201,201_baseline_phase_change_run01,baseline,phase_change,104,1778258985.7719824,/big.txt,13500416,131072
201,201_baseline_phase_change_run01,baseline,phase_change,105,1778258985.7720647,/big.txt,13631488,131072
201,201_baseline_phase_change_run01,baseline,phase_change,106,1778258985.7721474,/big.txt,13762560,131072
201,201_baseline_phase_change_run01,baseline,phase_change,107,1778258985.7722297,/big.txt,13893632,131072
201,201_baseline_phase_change_run01,baseline,phase_change,108,1778258985.7723145,/big.txt,14024704,131072
201,201_baseline_phase_change_run01,baseline,phase_change,109,1778258985.7724023,/big.txt,14155776,131072
201,201_baseline_phase_change_run01,baseline,phase_change,110,1778258985.772486,/big.txt,14286848,131072
201,201_baseline_phase_change_run01,baseline,phase_change,111,1778258985.7725716,/big.txt,14417920,131072
201,201_baseline_phase_change_run01,baseline,phase_change,112,1778258985.7726557,/big.txt,14548992,131072
201,201_baseline_phase_change_run01,baseline,phase_change,113,1778258985.7727413,/big.txt,14680064,131072
201,201_baseline_phase_change_run01,baseline,phase_change,114,1778258985.7728243,/big.txt,14811136,131072
201,201_baseline_phase_change_run01,baseline,phase_change,115,1778258985.7729099,/big.txt,14942208,131072
201,201_baseline_phase_change_run01,baseline,phase_change,116,1778258985.772995,/big.txt,15073280,131072
201,201_baseline_phase_change_run01,baseline,phase_change,117,1778258985.7730777,/big.txt,15204352,131072
201,201_baseline_phase_change_run01,baseline,phase_change,118,1778258985.773165,/big.txt,15335424,131072
201,201_baseline_phase_change_run01,baseline,phase_change,119,1778258985.773247,/big.txt,15466496,131072
201,201_baseline_phase_change_run01,baseline,phase_change,120,1778258985.7733295,/big.txt,15597568,131072
201,201_baseline_phase_change_run01,baseline,phase_change,121,1778258985.7734118,/big.txt,15728640,131072
201,201_baseline_phase_change_run01,baseline,phase_change,122,1778258985.7734978,/big.txt,15859712,131072
201,201_baseline_phase_change_run01,baseline,phase_change,123,1778258985.7735808,/big.txt,15990784,131072
201,201_baseline_phase_change_run01,baseline,phase_change,124,1778258985.7736664,/big.txt,16121856,131072
201,201_baseline_phase_change_run01,baseline,phase_change,125,1778258985.7737489,/big.txt,16252928,131072
201,201_baseline_phase_change_run01,baseline,phase_change,126,1778258985.773832,/big.txt,16384000,131072
201,201_baseline_phase_change_run01,baseline,phase_change,127,1778258985.773915,/big.txt,16515072,131072
201,201_baseline_phase_change_run01,baseline,phase_change,128,1778258985.7739975,/big.txt,16646144,131072
201,201_baseline_phase_change_run01,baseline,phase_change,129,1778258985.7740793,/big.txt,16777216,131072
201,201_baseline_phase_change_run01,baseline,phase_change,130,1778258985.7741616,/big.txt,16908288,131072
201,201_baseline_phase_change_run01,baseline,phase_change,131,1778258985.7742484,/big.txt,17039360,131072
201,201_baseline_phase_change_run01,baseline,phase_change,132,1778258985.774331,/big.txt,17170432,131072
201,201_baseline_phase_change_run01,baseline,phase_change,133,1778258985.774414,/big.txt,17301504,131072
201,201_baseline_phase_change_run01,baseline,phase_change,134,1778258985.7744966,/big.txt,17432576,131072
201,201_baseline_phase_change_run01,baseline,phase_change,135,1778258985.774579,/big.txt,17563648,131072
201,201_baseline_phase_change_run01,baseline,phase_change,136,1778258985.7746618,/big.txt,17694720,131072
201,201_baseline_phase_change_run01,baseline,phase_change,137,1778258985.7747443,/big.txt,17825792,131072
201,201_baseline_phase_change_run01,baseline,phase_change,138,1778258985.7748654,/big.txt,17956864,131072
201,201_baseline_phase_change_run01,baseline,phase_change,139,1778258985.7749505,/big.txt,18087936,131072
201,201_baseline_phase_change_run01,baseline,phase_change,140,1778258985.7750387,/big.txt,18219008,131072
201,201_baseline_phase_change_run01,baseline,phase_change,141,1778258985.7751267,/big.txt,18350080,131072
201,201_baseline_phase_change_run01,baseline,phase_change,142,1778258985.775212,/big.txt,18481152,131072
201,201_baseline_phase_change_run01,baseline,phase_change,143,1778258985.7752967,/big.txt,18612224,131072
201,201_baseline_phase_change_run01,baseline,phase_change,144,1778258985.7753816,/big.txt,18743296,131072
201,201_baseline_phase_change_run01,baseline,phase_change,145,1778258985.7754636,/big.txt,18874368,131072
201,201_baseline_phase_change_run01,baseline,phase_change,146,1778258985.7755454,/big.txt,19005440,131072
201,201_baseline_phase_change_run01,baseline,phase_change,147,1778258985.7756329,/big.txt,19136512,131072
201,201_baseline_phase_change_run01,baseline,phase_change,148,1778258985.7757156,/big.txt,19267584,131072
201,201_baseline_phase_change_run01,baseline,phase_change,149,1778258985.775798,/big.txt,19398656,131072
201,201_baseline_phase_change_run01,baseline,phase_change,150,1778258985.7758818,/big.txt,19529728,131072
201,201_baseline_phase_change_run01,baseline,phase_change,151,1778258985.775968,/big.txt,19660800,131072
201,201_baseline_phase_change_run01,baseline,phase_change,152,1778258985.776051,/big.txt,19791872,131072
201,201_baseline_phase_change_run01,baseline,phase_change,153,1778258985.7761333,/big.txt,19922944,131072
201,201_baseline_phase_change_run01,baseline,phase_change,154,1778258985.7762158,/big.txt,20054016,131072
201,201_baseline_phase_change_run01,baseline,phase_change,155,1778258985.776301,/big.txt,20185088,131072
201,201_baseline_phase_change_run01,baseline,phase_change,156,1778258985.776387,/big.txt,20316160,131072
201,201_baseline_phase_change_run01,baseline,phase_change,157,1778258985.7764695,/big.txt,20447232,131072
201,201_baseline_phase_change_run01,baseline,phase_change,158,1778258985.7765517,/big.txt,20578304,131072
201,201_baseline_phase_change_run01,baseline,phase_change,159,1778258985.7766345,/big.txt,20709376,131072
201,201_baseline_phase_change_run01,baseline,phase_change,160,1778258985.7767174,/big.txt,20840448,131072
201,201_baseline_phase_change_run01,baseline,phase_change,161,1778258985.7767994,/big.txt,20971520,131072
201,201_baseline_phase_change_run01,baseline,phase_change,162,1778258985.7768826,/big.txt,21102592,131072
201,201_baseline_phase_change_run01,baseline,phase_change,163,1778258985.7769654,/big.txt,21233664,131072
201,201_baseline_phase_change_run01,baseline,phase_change,164,1778258985.7770483,/big.txt,21364736,131072
201,201_baseline_phase_change_run01,baseline,phase_change,165,1778258985.777131,/big.txt,21495808,131072
201,201_baseline_phase_change_run01,baseline,phase_change,166,1778258985.7772133,/big.txt,21626880,131072
201,201_baseline_phase_change_run01,baseline,phase_change,167,1778258985.7772963,/big.txt,21757952,131072
201,201_baseline_phase_change_run01,baseline,phase_change,168,1778258985.7773824,/big.txt,21889024,131072
201,201_baseline_phase_change_run01,baseline,phase_change,169,1778258985.777466,/big.txt,22020096,131072
201,201_baseline_phase_change_run01,baseline,phase_change,170,1778258985.7775495,/big.txt,22151168,131072
201,201_baseline_phase_change_run01,baseline,phase_change,171,1778258985.7776332,/big.txt,22282240,131072
201,201_baseline_phase_change_run01,baseline,phase_change,172,1778258985.7777166,/big.txt,22413312,131072
201,201_baseline_phase_change_run01,baseline,phase_change,173,1778258985.7778022,/big.txt,22544384,131072
201,201_baseline_phase_change_run01,baseline,phase_change,174,1778258985.7778852,/big.txt,22675456,131072
201,201_baseline_phase_change_run01,baseline,phase_change,175,1778258985.7779677,/big.txt,22806528,131072
201,201_baseline_phase_change_run01,baseline,phase_change,176,1778258985.7780504,/big.txt,22937600,131072
201,201_baseline_phase_change_run01,baseline,phase_change,177,1778258985.7781332,/big.txt,23068672,131072
201,201_baseline_phase_change_run01,baseline,phase_change,178,1778258985.778221,/big.txt,23199744,131072
201,201_baseline_phase_change_run01,baseline,phase_change,179,1778258985.7783031,/big.txt,23330816,131072
201,201_baseline_phase_change_run01,baseline,phase_change,180,1778258985.7783864,/big.txt,23461888,131072
201,201_baseline_phase_change_run01,baseline,phase_change,181,1778258985.778469,/big.txt,23592960,131072
201,201_baseline_phase_change_run01,baseline,phase_change,182,1778258985.7785518,/big.txt,23724032,131072
201,201_baseline_phase_change_run01,baseline,phase_change,183,1778258985.778635,/big.txt,23855104,131072
201,201_baseline_phase_change_run01,baseline,phase_change,184,1778258985.7787182,/big.txt,23986176,131072
201,201_baseline_phase_change_run01,baseline,phase_change,185,1778258985.7788458,/big.txt,24117248,131072
201,201_baseline_phase_change_run01,baseline,phase_change,186,1778258985.77896,/big.txt,24248320,131072
201,201_baseline_phase_change_run01,baseline,phase_change,187,1778258985.7790713,/big.txt,24379392,131072
201,201_baseline_phase_change_run01,baseline,phase_change,188,1778258985.7791564,/big.txt,24510464,131072
201,201_baseline_phase_change_run01,baseline,phase_change,189,1778258985.779267,/big.txt,24641536,131072
201,201_baseline_phase_change_run01,baseline,phase_change,190,1778258985.7793527,/big.txt,24772608,131072
201,201_baseline_phase_change_run01,baseline,phase_change,191,1778258985.779437,/big.txt,24903680,131072
201,201_baseline_phase_change_run01,baseline,phase_change,192,1778258985.779521,/big.txt,25034752,131072
201,201_baseline_phase_change_run01,baseline,phase_change,193,1778258985.7796052,/big.txt,25165824,131072
201,201_baseline_phase_change_run01,baseline,phase_change,194,1778258985.7796896,/big.txt,25296896,131072
201,201_baseline_phase_change_run01,baseline,phase_change,195,1778258985.7797775,/big.txt,25427968,131072
201,201_baseline_phase_change_run01,baseline,phase_change,196,1778258985.7798655,/big.txt,25559040,131072
201,201_baseline_phase_change_run01,baseline,phase_change,197,1778258985.7799506,/big.txt,25690112,131072
201,201_baseline_phase_change_run01,baseline,phase_change,198,1778258985.7800336,/big.txt,25821184,131072
201,201_baseline_phase_change_run01,baseline,phase_change,199,1778258985.780117,/big.txt,25952256,131072
201,201_baseline_phase_change_run01,baseline,phase_change,200,1778258985.7802002,/big.txt,26083328,131072
201,201_baseline_phase_change_run01,baseline,phase_change,201,1778258985.780287,/big.txt,26214400,131072
201,201_baseline_phase_change_run01,baseline,phase_change,202,1778258985.7803733,/big.txt,26345472,131072
201,201_baseline_phase_change_run01,baseline,phase_change,203,1778258985.7804608,/big.txt,26476544,131072
201,201_baseline_phase_change_run01,baseline,phase_change,204,1778258985.780545,/big.txt,26607616,131072
201,201_baseline_phase_change_run01,baseline,phase_change,205,1778258985.7806327,/big.txt,26738688,131072
201,201_baseline_phase_change_run01,baseline,phase_change,206,1778258985.7807171,/big.txt,26869760,131072
201,201_baseline_phase_change_run01,baseline,phase_change,207,1778258985.7808008,/big.txt,27000832,131072
201,201_baseline_phase_change_run01,baseline,phase_change,208,1778258985.7808845,/big.txt,27131904,131072
201,201_baseline_phase_change_run01,baseline,phase_change,209,1778258985.7809675,/big.txt,27262976,131072
201,201_baseline_phase_change_run01,baseline,phase_change,210,1778258985.7810535,/big.txt,27394048,131072
201,201_baseline_phase_change_run01,baseline,phase_change,211,1778258985.7811363,/big.txt,27525120,131072
201,201_baseline_phase_change_run01,baseline,phase_change,212,1778258985.781219,/big.txt,27656192,131072
201,201_baseline_phase_change_run01,baseline,phase_change,213,1778258985.781301,/big.txt,27787264,131072
201,201_baseline_phase_change_run01,baseline,phase_change,214,1778258985.7813833,/big.txt,27918336,131072
201,201_baseline_phase_change_run01,baseline,phase_change,215,1778258985.7814653,/big.txt,28049408,131072
201,201_baseline_phase_change_run01,baseline,phase_change,216,1778258985.7815487,/big.txt,28180480,131072
201,201_baseline_phase_change_run01,baseline,phase_change,217,1778258985.7816315,/big.txt,28311552,131072
201,201_baseline_phase_change_run01,baseline,phase_change,218,1778258985.781715,/big.txt,28442624,131072
201,201_baseline_phase_change_run01,baseline,phase_change,219,1778258985.7817974,/big.txt,28573696,131072
201,201_baseline_phase_change_run01,baseline,phase_change,220,1778258985.78188,/big.txt,28704768,131072
201,201_baseline_phase_change_run01,baseline,phase_change,221,1778258985.7819617,/big.txt,28835840,131072
201,201_baseline_phase_change_run01,baseline,phase_change,222,1778258985.782044,/big.txt,28966912,131072
201,201_baseline_phase_change_run01,baseline,phase_change,223,1778258985.782132,/big.txt,29097984,131072
201,201_baseline_phase_change_run01,baseline,phase_change,224,1778258985.7822154,/big.txt,29229056,131072
201,201_baseline_phase_change_run01,baseline,phase_change,225,1778258985.7822983,/big.txt,29360128,131072
201,201_baseline_phase_change_run01,baseline,phase_change,226,1778258985.782382,/big.txt,29491200,131072
201,201_baseline_phase_change_run01,baseline,phase_change,227,1778258985.7824647,/big.txt,29622272,131072
201,201_baseline_phase_change_run01,baseline,phase_change,228,1778258985.7825472,/big.txt,29753344,131072
201,201_baseline_phase_change_run01,baseline,phase_change,229,1778258985.7826295,/big.txt,29884416,131072
201,201_baseline_phase_change_run01,baseline,phase_change,230,1778258985.7827115,/big.txt,30015488,131072
201,201_baseline_phase_change_run01,baseline,phase_change,231,1778258985.7827973,/big.txt,30146560,131072
201,201_baseline_phase_change_run01,baseline,phase_change,232,1778258985.7829182,/big.txt,30277632,131072
201,201_baseline_phase_change_run01,baseline,phase_change,233,1778258985.7830048,/big.txt,30408704,131072
201,201_baseline_phase_change_run01,baseline,phase_change,234,1778258985.7830877,/big.txt,30539776,131072
201,201_baseline_phase_change_run01,baseline,phase_change,235,1778258985.7831733,/big.txt,30670848,131072
201,201_baseline_phase_change_run01,baseline,phase_change,236,1778258985.783259,/big.txt,30801920,131072
201,201_baseline_phase_change_run01,baseline,phase_change,237,1778258985.783342,/big.txt,30932992,131072
201,201_baseline_phase_change_run01,baseline,phase_change,238,1778258985.7834241,/big.txt,31064064,131072
201,201_baseline_phase_change_run01,baseline,phase_change,239,1778258985.7835064,/big.txt,31195136,131072
201,201_baseline_phase_change_run01,baseline,phase_change,240,1778258985.7835886,/big.txt,31326208,131072
201,201_baseline_phase_change_run01,baseline,phase_change,241,1778258985.7836716,/big.txt,31457280,131072
201,201_baseline_phase_change_run01,baseline,phase_change,242,1778258985.783757,/big.txt,31588352,131072
201,201_baseline_phase_change_run01,baseline,phase_change,243,1778258985.78384,/big.txt,31719424,131072
201,201_baseline_phase_change_run01,baseline,phase_change,244,1778258985.7839227,/big.txt,31850496,131072
201,201_baseline_phase_change_run01,baseline,phase_change,245,1778258985.7840056,/big.txt,31981568,131072
201,201_baseline_phase_change_run01,baseline,phase_change,246,1778258985.784088,/big.txt,32112640,131072
201,201_baseline_phase_change_run01,baseline,phase_change,247,1778258985.784174,/big.txt,32243712,131072
201,201_baseline_phase_change_run01,baseline,phase_change,248,1778258985.784258,/big.txt,32374784,131072
201,201_baseline_phase_change_run01,baseline,phase_change,249,1778258985.7843401,/big.txt,32505856,131072
201,201_baseline_phase_change_run01,baseline,phase_change,250,1778258985.7844253,/big.txt,32636928,131072
201,201_baseline_phase_change_run01,baseline,phase_change,251,1778258985.7845132,/big.txt,32768000,131072
201,201_baseline_phase_change_run01,baseline,phase_change,252,1778258985.7845979,/big.txt,32899072,131072
201,201_baseline_phase_change_run01,baseline,phase_change,253,1778258985.7846808,/big.txt,33030144,131072
201,201_baseline_phase_change_run01,baseline,phase_change,254,1778258985.7847638,/big.txt,33161216,131072
201,201_baseline_phase_change_run01,baseline,phase_change,255,1778258985.7848465,/big.txt,33292288,131072
201,201_baseline_phase_change_run01,baseline,phase_change,256,1778258985.7849293,/big.txt,33423360,131072
201,201_baseline_phase_change_run01,baseline,phase_change,257,1778258985.7850122,/big.txt,33554432,131072
201,201_baseline_phase_change_run01,baseline,phase_change,258,1778258985.785096,/big.txt,33685504,131072
201,201_baseline_phase_change_run01,baseline,phase_change,259,1778258985.7851796,/big.txt,33816576,131072
201,201_baseline_phase_change_run01,baseline,phase_change,260,1778258985.785262,/big.txt,33947648,131072
201,201_baseline_phase_change_run01,baseline,phase_change,261,1778258985.785345,/big.txt,34078720,131072
201,201_baseline_phase_change_run01,baseline,phase_change,262,1778258985.7854283,/big.txt,34209792,131072
201,201_baseline_phase_change_run01,baseline,phase_change,263,1778258985.785511,/big.txt,34340864,131072
201,201_baseline_phase_change_run01,baseline,phase_change,264,1778258985.7855935,/big.txt,34471936,131072
201,201_baseline_phase_change_run01,baseline,phase_change,265,1778258985.7856765,/big.txt,34603008,131072
201,201_baseline_phase_change_run01,baseline,phase_change,266,1778258985.7857594,/big.txt,34734080,131072
201,201_baseline_phase_change_run01,baseline,phase_change,267,1778258985.785842,/big.txt,34865152,131072
201,201_baseline_phase_change_run01,baseline,phase_change,268,1778258985.785927,/big.txt,34996224,131072
201,201_baseline_phase_change_run01,baseline,phase_change,269,1778258985.7860096,/big.txt,35127296,131072
201,201_baseline_phase_change_run01,baseline,phase_change,270,1778258985.7860959,/big.txt,35258368,131072
201,201_baseline_phase_change_run01,baseline,phase_change,271,1778258985.7861784,/big.txt,35389440,131072
201,201_baseline_phase_change_run01,baseline,phase_change,272,1778258985.7862637,/big.txt,35520512,131072
201,201_baseline_phase_change_run01,baseline,phase_change,273,1778258985.7863467,/big.txt,35651584,131072
201,201_baseline_phase_change_run01,baseline,phase_change,274,1778258985.7864335,/big.txt,35782656,131072
201,201_baseline_phase_change_run01,baseline,phase_change,275,1778258985.7865176,/big.txt,35913728,131072
201,201_baseline_phase_change_run01,baseline,phase_change,276,1778258985.7866006,/big.txt,36044800,131072
201,201_baseline_phase_change_run01,baseline,phase_change,277,1778258985.7866838,/big.txt,36175872,131072
201,201_baseline_phase_change_run01,baseline,phase_change,278,1778258985.786767,/big.txt,36306944,131072
201,201_baseline_phase_change_run01,baseline,phase_change,279,1778258985.7868774,/big.txt,36438016,131072
201,201_baseline_phase_change_run01,baseline,phase_change,280,1778258985.786961,/big.txt,36569088,131072
201,201_baseline_phase_change_run01,baseline,phase_change,281,1778258985.7870429,/big.txt,36700160,131072
201,201_baseline_phase_change_run01,baseline,phase_change,282,1778258985.7871246,/big.txt,36831232,131072
201,201_baseline_phase_change_run01,baseline,phase_change,283,1778258985.787207,/big.txt,36962304,131072
201,201_baseline_phase_change_run01,baseline,phase_change,284,1778258985.7872887,/big.txt,37093376,131072
201,201_baseline_phase_change_run01,baseline,phase_change,285,1778258985.7873712,/big.txt,37224448,131072
201,201_baseline_phase_change_run01,baseline,phase_change,286,1778258985.7874541,/big.txt,37355520,131072
201,201_baseline_phase_change_run01,baseline,phase_change,287,1778258985.7875373,/big.txt,37486592,131072
201,201_baseline_phase_change_run01,baseline,phase_change,288,1778258985.7876203,/big.txt,37617664,131072
201,201_baseline_phase_change_run01,baseline,phase_change,289,1778258985.7877038,/big.txt,37748736,131072
201,201_baseline_phase_change_run01,baseline,phase_change,290,1778258985.7877867,/big.txt,37879808,131072
201,201_baseline_phase_change_run01,baseline,phase_change,291,1778258985.7878704,/big.txt,38010880,131072
201,201_baseline_phase_change_run01,baseline,phase_change,292,1778258985.787953,/big.txt,38141952,131072
201,201_baseline_phase_change_run01,baseline,phase_change,293,1778258985.7880385,/big.txt,38273024,131072
201,201_baseline_phase_change_run01,baseline,phase_change,294,1778258985.7881215,/big.txt,38404096,131072
201,201_baseline_phase_change_run01,baseline,phase_change,295,1778258985.7882042,/big.txt,38535168,131072
201,201_baseline_phase_change_run01,baseline,phase_change,296,1778258985.788287,/big.txt,38666240,131072
201,201_baseline_phase_change_run01,baseline,phase_change,297,1778258985.78837,/big.txt,38797312,131072
201,201_baseline_phase_change_run01,baseline,phase_change,298,1778258985.788453,/big.txt,38928384,131072
201,201_baseline_phase_change_run01,baseline,phase_change,299,1778258985.7885368,/big.txt,39059456,131072
201,201_baseline_phase_change_run01,baseline,phase_change,300,1778258985.7886224,/big.txt,39190528,131072
201,201_baseline_phase_change_run01,baseline,phase_change,301,1778258985.7887056,/big.txt,39321600,131072
201,201_baseline_phase_change_run01,baseline,phase_change,302,1778258985.788789,/big.txt,39452672,131072
201,201_baseline_phase_change_run01,baseline,phase_change,303,1778258985.788872,/big.txt,39583744,131072
201,201_baseline_phase_change_run01,baseline,phase_change,304,1778258985.7889547,/big.txt,39714816,131072
201,201_baseline_phase_change_run01,baseline,phase_change,305,1778258985.7890403,/big.txt,39845888,131072
201,201_baseline_phase_change_run01,baseline,phase_change,306,1778258985.7891235,/big.txt,39976960,131072
201,201_baseline_phase_change_run01,baseline,phase_change,307,1778258985.7892096,/big.txt,40108032,131072
201,201_baseline_phase_change_run01,baseline,phase_change,308,1778258985.7892933,/big.txt,40239104,131072
201,201_baseline_phase_change_run01,baseline,phase_change,309,1778258985.7893763,/big.txt,40370176,131072
201,201_baseline_phase_change_run01,baseline,phase_change,310,1778258985.7894638,/big.txt,40501248,131072
201,201_baseline_phase_change_run01,baseline,phase_change,311,1778258985.7895463,/big.txt,40632320,131072
201,201_baseline_phase_change_run01,baseline,phase_change,312,1778258985.7896295,/big.txt,40763392,131072
201,201_baseline_phase_change_run01,baseline,phase_change,313,1778258985.7897127,/big.txt,40894464,131072
201,201_baseline_phase_change_run01,baseline,phase_change,314,1778258985.7897952,/big.txt,41025536,131072
201,201_baseline_phase_change_run01,baseline,phase_change,315,1778258985.789881,/big.txt,41156608,131072
201,201_baseline_phase_change_run01,baseline,phase_change,316,1778258985.7899642,/big.txt,41287680,131072
201,201_baseline_phase_change_run01,baseline,phase_change,317,1778258985.7900474,/big.txt,41418752,131072
201,201_baseline_phase_change_run01,baseline,phase_change,318,1778258985.7901306,/big.txt,41549824,131072
201,201_baseline_phase_change_run01,baseline,phase_change,319,1778258985.7902133,/big.txt,41680896,131072
201,201_baseline_phase_change_run01,baseline,phase_change,320,1778258985.7902966,/big.txt,41811968,131072
201,201_baseline_phase_change_run01,baseline,phase_change,321,1778258985.7903793,/big.txt,41943040,131072
201,201_baseline_phase_change_run01,baseline,phase_change,322,1778258985.790462,/big.txt,42074112,131072
201,201_baseline_phase_change_run01,baseline,phase_change,323,1778258985.7905452,/big.txt,42205184,131072
201,201_baseline_phase_change_run01,baseline,phase_change,324,1778258985.7906282,/big.txt,42336256,131072
201,201_baseline_phase_change_run01,baseline,phase_change,325,1778258985.7907116,/big.txt,42467328,131072
201,201_baseline_phase_change_run01,baseline,phase_change,326,1778258985.7907963,/big.txt,42598400,131072
201,201_baseline_phase_change_run01,baseline,phase_change,327,1778258985.7909188,/big.txt,42729472,131072
201,201_baseline_phase_change_run01,baseline,phase_change,328,1778258985.7910025,/big.txt,42860544,131072
201,201_baseline_phase_change_run01,baseline,phase_change,329,1778258985.7910864,/big.txt,42991616,131072
201,201_baseline_phase_change_run01,baseline,phase_change,330,1778258985.7911706,/big.txt,43122688,131072
201,201_baseline_phase_change_run01,baseline,phase_change,331,1778258985.7912545,/big.txt,43253760,131072
201,201_baseline_phase_change_run01,baseline,phase_change,332,1778258985.7913423,/big.txt,43384832,131072
201,201_baseline_phase_change_run01,baseline,phase_change,333,1778258985.7914279,/big.txt,43515904,131072
201,201_baseline_phase_change_run01,baseline,phase_change,334,1778258985.791516,/big.txt,43646976,131072
201,201_baseline_phase_change_run01,baseline,phase_change,335,1778258985.791602,/big.txt,43778048,131072
201,201_baseline_phase_change_run01,baseline,phase_change,336,1778258985.7916868,/big.txt,43909120,131072
201,201_baseline_phase_change_run01,baseline,phase_change,337,1778258985.7917738,/big.txt,44040192,131072
201,201_baseline_phase_change_run01,baseline,phase_change,338,1778258985.7918582,/big.txt,44171264,131072
201,201_baseline_phase_change_run01,baseline,phase_change,339,1778258985.7919455,/big.txt,44302336,131072
201,201_baseline_phase_change_run01,baseline,phase_change,340,1778258985.7920296,/big.txt,44433408,131072
201,201_baseline_phase_change_run01,baseline,phase_change,341,1778258985.7921133,/big.txt,44564480,131072
201,201_baseline_phase_change_run01,baseline,phase_change,342,1778258985.7921968,/big.txt,44695552,131072
201,201_baseline_phase_change_run01,baseline,phase_change,343,1778258985.7922795,/big.txt,44826624,131072
201,201_baseline_phase_change_run01,baseline,phase_change,344,1778258985.792364,/big.txt,44957696,131072
201,201_baseline_phase_change_run01,baseline,phase_change,345,1778258985.7924473,/big.txt,45088768,131072
201,201_baseline_phase_change_run01,baseline,phase_change,346,1778258985.7925308,/big.txt,45219840,131072
201,201_baseline_phase_change_run01,baseline,phase_change,347,1778258985.792615,/big.txt,45350912,131072
201,201_baseline_phase_change_run01,baseline,phase_change,348,1778258985.7927024,/big.txt,45481984,131072
201,201_baseline_phase_change_run01,baseline,phase_change,349,1778258985.7927861,/big.txt,45613056,131072
201,201_baseline_phase_change_run01,baseline,phase_change,350,1778258985.79287,/big.txt,45744128,131072
201,201_baseline_phase_change_run01,baseline,phase_change,351,1778258985.7929533,/big.txt,45875200,131072
201,201_baseline_phase_change_run01,baseline,phase_change,352,1778258985.793037,/big.txt,46006272,131072
201,201_baseline_phase_change_run01,baseline,phase_change,353,1778258985.7931216,/big.txt,46137344,131072
201,201_baseline_phase_change_run01,baseline,phase_change,354,1778258985.7932065,/big.txt,46268416,131072
201,201_baseline_phase_change_run01,baseline,phase_change,355,1778258985.793295,/big.txt,46399488,131072
201,201_baseline_phase_change_run01,baseline,phase_change,356,1778258985.7933803,/big.txt,46530560,131072
201,201_baseline_phase_change_run01,baseline,phase_change,357,1778258985.7934651,/big.txt,46661632,131072
201,201_baseline_phase_change_run01,baseline,phase_change,358,1778258985.7935498,/big.txt,46792704,131072
201,201_baseline_phase_change_run01,baseline,phase_change,359,1778258985.7936344,/big.txt,46923776,131072
201,201_baseline_phase_change_run01,baseline,phase_change,360,1778258985.793718,/big.txt,47054848,131072
201,201_baseline_phase_change_run01,baseline,phase_change,361,1778258985.7938023,/big.txt,47185920,131072
201,201_baseline_phase_change_run01,baseline,phase_change,362,1778258985.7938933,/big.txt,47316992,131072
201,201_baseline_phase_change_run01,baseline,phase_change,363,1778258985.7939792,/big.txt,47448064,131072
201,201_baseline_phase_change_run01,baseline,phase_change,364,1778258985.7940671,/big.txt,47579136,131072
201,201_baseline_phase_change_run01,baseline,phase_change,365,1778258985.7941527,/big.txt,47710208,131072
201,201_baseline_phase_change_run01,baseline,phase_change,366,1778258985.7942379,/big.txt,47841280,131072
201,201_baseline_phase_change_run01,baseline,phase_change,367,1778258985.7943232,/big.txt,47972352,131072
201,201_baseline_phase_change_run01,baseline,phase_change,368,1778258985.7944088,/big.txt,48103424,131072
201,201_baseline_phase_change_run01,baseline,phase_change,369,1778258985.794496,/big.txt,48234496,131072
201,201_baseline_phase_change_run01,baseline,phase_change,370,1778258985.7945807,/big.txt,48365568,131072
201,201_baseline_phase_change_run01,baseline,phase_change,371,1778258985.794666,/big.txt,48496640,131072
201,201_baseline_phase_change_run01,baseline,phase_change,372,1778258985.79475,/big.txt,48627712,131072
201,201_baseline_phase_change_run01,baseline,phase_change,373,1778258985.7948523,/big.txt,48758784,131072
201,201_baseline_phase_change_run01,baseline,phase_change,374,1778258985.7949378,/big.txt,48889856,131072
201,201_baseline_phase_change_run01,baseline,phase_change,375,1778258985.795023,/big.txt,49020928,131072
201,201_baseline_phase_change_run01,baseline,phase_change,376,1778258985.7951076,/big.txt,49152000,131072
201,201_baseline_phase_change_run01,baseline,phase_change,377,1778258985.7951925,/big.txt,49283072,131072
201,201_baseline_phase_change_run01,baseline,phase_change,378,1778258985.7952769,/big.txt,49414144,131072
201,201_baseline_phase_change_run01,baseline,phase_change,379,1778258985.7953618,/big.txt,49545216,131072
201,201_baseline_phase_change_run01,baseline,phase_change,380,1778258985.7954473,/big.txt,49676288,131072
201,201_baseline_phase_change_run01,baseline,phase_change,381,1778258985.7955327,/big.txt,49807360,131072
201,201_baseline_phase_change_run01,baseline,phase_change,382,1778258985.7956178,/big.txt,49938432,131072
201,201_baseline_phase_change_run01,baseline,phase_change,383,1778258985.795703,/big.txt,50069504,131072
201,201_baseline_phase_change_run01,baseline,phase_change,384,1778258985.7957883,/big.txt,50200576,131072
201,201_baseline_phase_change_run01,baseline,phase_change,385,1778258985.7958765,/big.txt,50331648,131072
201,201_baseline_phase_change_run01,baseline,phase_change,386,1778258985.7959611,/big.txt,50462720,131072
201,201_baseline_phase_change_run01,baseline,phase_change,387,1778258985.796114,/big.txt,50593792,131072
201,201_baseline_phase_change_run01,baseline,phase_change,388,1778258985.7962005,/big.txt,50724864,131072
201,201_baseline_phase_change_run01,baseline,phase_change,389,1778258985.7962859,/big.txt,50855936,131072
201,201_baseline_phase_change_run01,baseline,phase_change,390,1778258985.796375,/big.txt,50987008,131072
201,201_baseline_phase_change_run01,baseline,phase_change,391,1778258985.7964616,/big.txt,51118080,131072
201,201_baseline_phase_change_run01,baseline,phase_change,392,1778258985.7965462,/big.txt,51249152,131072
201,201_baseline_phase_change_run01,baseline,phase_change,393,1778258985.7966318,/big.txt,51380224,131072
201,201_baseline_phase_change_run01,baseline,phase_change,394,1778258985.7967172,/big.txt,51511296,131072
201,201_baseline_phase_change_run01,baseline,phase_change,395,1778258985.7968025,/big.txt,51642368,131072
201,201_baseline_phase_change_run01,baseline,phase_change,396,1778258985.79689,/big.txt,51773440,131072
201,201_baseline_phase_change_run01,baseline,phase_change,397,1778258985.7969756,/big.txt,51904512,131072
201,201_baseline_phase_change_run01,baseline,phase_change,398,1778258985.79706,/big.txt,52035584,131072
201,201_baseline_phase_change_run01,baseline,phase_change,399,1778258985.7971454,/big.txt,52166656,131072
201,201_baseline_phase_change_run01,baseline,phase_change,400,1778258985.7972298,/big.txt,52297728,131072
201,201_baseline_phase_change_run01,baseline,phase_change,401,1778258985.7973187,/big.txt,52428800,131072
201,201_baseline_phase_change_run01,baseline,phase_change,402,1778258985.7974064,/big.txt,52559872,131072
201,201_baseline_phase_change_run01,baseline,phase_change,403,1778258985.7974942,/big.txt,52690944,131072
201,201_baseline_phase_change_run01,baseline,phase_change,404,1778258985.7975805,/big.txt,52822016,131072
201,201_baseline_phase_change_run01,baseline,phase_change,405,1778258985.797666,/big.txt,52953088,131072
201,201_baseline_phase_change_run01,baseline,phase_change,406,1778258985.7977512,/big.txt,53084160,131072
201,201_baseline_phase_change_run01,baseline,phase_change,407,1778258985.7978399,/big.txt,53215232,131072
201,201_baseline_phase_change_run01,baseline,phase_change,408,1778258985.7979255,/big.txt,53346304,131072
201,201_baseline_phase_change_run01,baseline,phase_change,409,1778258985.7980115,/big.txt,53477376,131072
201,201_baseline_phase_change_run01,baseline,phase_change,410,1778258985.7980971,/big.txt,53608448,131072
201,201_baseline_phase_change_run01,baseline,phase_change,411,1778258985.7981822,/big.txt,53739520,131072
201,201_baseline_phase_change_run01,baseline,phase_change,412,1778258985.7982676,/big.txt,53870592,131072
201,201_baseline_phase_change_run01,baseline,phase_change,413,1778258985.7983532,/big.txt,54001664,131072
201,201_baseline_phase_change_run01,baseline,phase_change,414,1778258985.798438,/big.txt,54132736,131072
201,201_baseline_phase_change_run01,baseline,phase_change,415,1778258985.798523,/big.txt,54263808,131072
201,201_baseline_phase_change_run01,baseline,phase_change,416,1778258985.7986078,/big.txt,54394880,131072
201,201_baseline_phase_change_run01,baseline,phase_change,417,1778258985.7986977,/big.txt,54525952,131072
201,201_baseline_phase_change_run01,baseline,phase_change,418,1778258985.7987876,/big.txt,54657024,131072
201,201_baseline_phase_change_run01,baseline,phase_change,419,1778258985.7989116,/big.txt,54788096,131072
201,201_baseline_phase_change_run01,baseline,phase_change,420,1778258985.7989964,/big.txt,54919168,131072
201,201_baseline_phase_change_run01,baseline,phase_change,421,1778258985.7990816,/big.txt,55050240,131072
201,201_baseline_phase_change_run01,baseline,phase_change,422,1778258985.7991664,/big.txt,55181312,131072
201,201_baseline_phase_change_run01,baseline,phase_change,423,1778258985.799252,/big.txt,55312384,131072
201,201_baseline_phase_change_run01,baseline,phase_change,424,1778258985.7993367,/big.txt,55443456,131072
201,201_baseline_phase_change_run01,baseline,phase_change,425,1778258985.799426,/big.txt,55574528,131072
201,201_baseline_phase_change_run01,baseline,phase_change,426,1778258985.7995117,/big.txt,55705600,131072
201,201_baseline_phase_change_run01,baseline,phase_change,427,1778258985.7995963,/big.txt,55836672,131072
201,201_baseline_phase_change_run01,baseline,phase_change,428,1778258985.799685,/big.txt,55967744,131072
201,201_baseline_phase_change_run01,baseline,phase_change,429,1778258985.7997706,/big.txt,56098816,131072
201,201_baseline_phase_change_run01,baseline,phase_change,430,1778258985.799856,/big.txt,56229888,131072
201,201_baseline_phase_change_run01,baseline,phase_change,431,1778258985.7999432,/big.txt,56360960,131072
201,201_baseline_phase_change_run01,baseline,phase_change,432,1778258985.8000286,/big.txt,56492032,131072
201,201_baseline_phase_change_run01,baseline,phase_change,433,1778258985.800117,/big.txt,56623104,131072
201,201_baseline_phase_change_run01,baseline,phase_change,434,1778258985.800202,/big.txt,56754176,131072
201,201_baseline_phase_change_run01,baseline,phase_change,435,1778258985.8002872,/big.txt,56885248,131072
201,201_baseline_phase_change_run01,baseline,phase_change,436,1778258985.8003724,/big.txt,57016320,131072
201,201_baseline_phase_change_run01,baseline,phase_change,437,1778258985.8004577,/big.txt,57147392,131072
201,201_baseline_phase_change_run01,baseline,phase_change,438,1778258985.800543,/big.txt,57278464,131072
201,201_baseline_phase_change_run01,baseline,phase_change,439,1778258985.8006287,/big.txt,57409536,131072
201,201_baseline_phase_change_run01,baseline,phase_change,440,1778258985.8007138,/big.txt,57540608,131072
201,201_baseline_phase_change_run01,baseline,phase_change,441,1778258985.8007994,/big.txt,57671680,131072
201,201_baseline_phase_change_run01,baseline,phase_change,442,1778258985.8008857,/big.txt,57802752,131072
201,201_baseline_phase_change_run01,baseline,phase_change,443,1778258985.8009715,/big.txt,57933824,131072
201,201_baseline_phase_change_run01,baseline,phase_change,444,1778258985.8010573,/big.txt,58064896,131072
201,201_baseline_phase_change_run01,baseline,phase_change,445,1778258985.801146,/big.txt,58195968,131072
201,201_baseline_phase_change_run01,baseline,phase_change,446,1778258985.8012326,/big.txt,58327040,131072
201,201_baseline_phase_change_run01,baseline,phase_change,447,1778258985.8013177,/big.txt,58458112,131072
201,201_baseline_phase_change_run01,baseline,phase_change,448,1778258985.8014028,/big.txt,58589184,131072
201,201_baseline_phase_change_run01,baseline,phase_change,449,1778258985.8014874,/big.txt,58720256,131072
201,201_baseline_phase_change_run01,baseline,phase_change,450,1778258985.8015733,/big.txt,58851328,131072
201,201_baseline_phase_change_run01,baseline,phase_change,451,1778258985.80166,/big.txt,58982400,131072
201,201_baseline_phase_change_run01,baseline,phase_change,452,1778258985.8017468,/big.txt,59113472,131072
201,201_baseline_phase_change_run01,baseline,phase_change,453,1778258985.8018327,/big.txt,59244544,131072
201,201_baseline_phase_change_run01,baseline,phase_change,454,1778258985.8019214,/big.txt,59375616,131072
201,201_baseline_phase_change_run01,baseline,phase_change,455,1778258985.802007,/big.txt,59506688,131072
201,201_baseline_phase_change_run01,baseline,phase_change,456,1778258985.8020923,/big.txt,59637760,131072
201,201_baseline_phase_change_run01,baseline,phase_change,457,1778258985.802178,/big.txt,59768832,131072
201,201_baseline_phase_change_run01,baseline,phase_change,458,1778258985.8022654,/big.txt,59899904,131072
201,201_baseline_phase_change_run01,baseline,phase_change,459,1778258985.8023555,/big.txt,60030976,131072
201,201_baseline_phase_change_run01,baseline,phase_change,460,1778258985.8024526,/big.txt,60162048,131072
201,201_baseline_phase_change_run01,baseline,phase_change,461,1778258985.8025396,/big.txt,60293120,131072
201,201_baseline_phase_change_run01,baseline,phase_change,462,1778258985.8026252,/big.txt,60424192,131072
201,201_baseline_phase_change_run01,baseline,phase_change,463,1778258985.8027153,/big.txt,60555264,131072
201,201_baseline_phase_change_run01,baseline,phase_change,464,1778258985.802812,/big.txt,60686336,131072
201,201_baseline_phase_change_run01,baseline,phase_change,465,1778258985.8029423,/big.txt,60817408,131072
201,201_baseline_phase_change_run01,baseline,phase_change,466,1778258985.8030777,/big.txt,60948480,131072
201,201_baseline_phase_change_run01,baseline,phase_change,467,1778258985.8032024,/big.txt,61079552,131072
201,201_baseline_phase_change_run01,baseline,phase_change,468,1778258985.803326,/big.txt,61210624,131072
201,201_baseline_phase_change_run01,baseline,phase_change,469,1778258985.803437,/big.txt,61341696,131072
201,201_baseline_phase_change_run01,baseline,phase_change,470,1778258985.8035257,/big.txt,61472768,131072
201,201_baseline_phase_change_run01,baseline,phase_change,471,1778258985.803614,/big.txt,61603840,131072
201,201_baseline_phase_change_run01,baseline,phase_change,472,1778258985.8037014,/big.txt,61734912,131072
201,201_baseline_phase_change_run01,baseline,phase_change,473,1778258985.8037934,/big.txt,61865984,131072
201,201_baseline_phase_change_run01,baseline,phase_change,474,1778258985.8038826,/big.txt,61997056,131072
201,201_baseline_phase_change_run01,baseline,phase_change,475,1778258985.8039706,/big.txt,62128128,131072
201,201_baseline_phase_change_run01,baseline,phase_change,476,1778258985.8040583,/big.txt,62259200,131072
201,201_baseline_phase_change_run01,baseline,phase_change,477,1778258985.80415,/big.txt,62390272,131072
201,201_baseline_phase_change_run01,baseline,phase_change,478,1778258985.8042362,/big.txt,62521344,131072
201,201_baseline_phase_change_run01,baseline,phase_change,479,1778258985.804322,/big.txt,62652416,131072
201,201_baseline_phase_change_run01,baseline,phase_change,480,1778258985.804408,/big.txt,62783488,131072
201,201_baseline_phase_change_run01,baseline,phase_change,481,1778258985.8044944,/big.txt,62914560,131072
201,201_baseline_phase_change_run01,baseline,phase_change,482,1778258985.804581,/big.txt,63045632,131072
201,201_baseline_phase_change_run01,baseline,phase_change,483,1778258985.8046663,/big.txt,63176704,131072
201,201_baseline_phase_change_run01,baseline,phase_change,484,1778258985.8047519,/big.txt,63307776,131072
201,201_baseline_phase_change_run01,baseline,phase_change,485,1778258985.8048377,/big.txt,63438848,131072
201,201_baseline_phase_change_run01,baseline,phase_change,486,1778258985.804924,/big.txt,63569920,131072
201,201_baseline_phase_change_run01,baseline,phase_change,487,1778258985.8050096,/big.txt,63700992,131072
201,201_baseline_phase_change_run01,baseline,phase_change,488,1778258985.805096,/big.txt,63832064,131072
201,201_baseline_phase_change_run01,baseline,phase_change,489,1778258985.8051822,/big.txt,63963136,131072
201,201_baseline_phase_change_run01,baseline,phase_change,490,1778258985.8052676,/big.txt,64094208,131072
201,201_baseline_phase_change_run01,baseline,phase_change,491,1778258985.805356,/big.txt,64225280,131072
201,201_baseline_phase_change_run01,baseline,phase_change,492,1778258985.8054428,/big.txt,64356352,131072
201,201_baseline_phase_change_run01,baseline,phase_change,493,1778258985.8055286,/big.txt,64487424,131072
201,201_baseline_phase_change_run01,baseline,phase_change,494,1778258985.805614,/big.txt,64618496,131072
201,201_baseline_phase_change_run01,baseline,phase_change,495,1778258985.8057005,/big.txt,64749568,131072
201,201_baseline_phase_change_run01,baseline,phase_change,496,1778258985.805786,/big.txt,64880640,131072
201,201_baseline_phase_change_run01,baseline,phase_change,497,1778258985.8058739,/big.txt,65011712,131072
201,201_baseline_phase_change_run01,baseline,phase_change,498,1778258985.8059604,/big.txt,65142784,131072
201,201_baseline_phase_change_run01,baseline,phase_change,499,1778258985.8060493,/big.txt,65273856,131072
201,201_baseline_phase_change_run01,baseline,phase_change,500,1778258985.806136,/big.txt,65404928,131072
201,201_baseline_phase_change_run01,baseline,phase_change,501,1778258985.806225,/big.txt,65536000,131072
201,201_baseline_phase_change_run01,baseline,phase_change,502,1778258985.8063166,/big.txt,65667072,131072
201,201_baseline_phase_change_run01,baseline,phase_change,503,1778258985.8064036,/big.txt,65798144,131072
201,201_baseline_phase_change_run01,baseline,phase_change,504,1778258985.8064897,/big.txt,65929216,131072
201,201_baseline_phase_change_run01,baseline,phase_change,505,1778258985.8065753,/big.txt,66060288,131072
201,201_baseline_phase_change_run01,baseline,phase_change,506,1778258985.8066611,/big.txt,66191360,131072
201,201_baseline_phase_change_run01,baseline,phase_change,507,1778258985.8067477,/big.txt,66322432,131072
201,201_baseline_phase_change_run01,baseline,phase_change,508,1778258985.8068767,/big.txt,66453504,131072
201,201_baseline_phase_change_run01,baseline,phase_change,509,1778258985.8069663,/big.txt,66584576,131072
201,201_baseline_phase_change_run01,baseline,phase_change,510,1778258985.8070543,/big.txt,66715648,131072
201,201_baseline_phase_change_run01,baseline,phase_change,511,1778258985.8071427,/big.txt,66846720,131072
201,201_baseline_phase_change_run01,baseline,phase_change,512,1778258985.807231,/big.txt,66977792,131072
201,201_baseline_phase_change_run01,baseline,phase_change,513,1778258985.8073194,/big.txt,67108864,131072
201,201_baseline_phase_change_run01,baseline,phase_change,514,1778258985.8074074,/big.txt,67239936,131072
201,201_baseline_phase_change_run01,baseline,phase_change,515,1778258985.8074956,/big.txt,67371008,131072
201,201_baseline_phase_change_run01,baseline,phase_change,516,1778258985.8075836,/big.txt,67502080,131072
201,201_baseline_phase_change_run01,baseline,phase_change,517,1778258985.8076699,/big.txt,67633152,131072
201,201_baseline_phase_change_run01,baseline,phase_change,518,1778258985.807756,/big.txt,67764224,131072
201,201_baseline_phase_change_run01,baseline,phase_change,519,1778258985.8078418,/big.txt,67895296,131072
201,201_baseline_phase_change_run01,baseline,phase_change,520,1778258985.8079283,/big.txt,68026368,131072
201,201_baseline_phase_change_run01,baseline,phase_change,521,1778258985.808015,/big.txt,68157440,131072
201,201_baseline_phase_change_run01,baseline,phase_change,522,1778258985.808102,/big.txt,68288512,131072
201,201_baseline_phase_change_run01,baseline,phase_change,523,1778258985.808195,/big.txt,68419584,131072
201,201_baseline_phase_change_run01,baseline,phase_change,524,1778258985.8082826,/big.txt,68550656,131072
201,201_baseline_phase_change_run01,baseline,phase_change,525,1778258985.8083696,/big.txt,68681728,131072
201,201_baseline_phase_change_run01,baseline,phase_change,526,1778258985.808456,/big.txt,68812800,131072
201,201_baseline_phase_change_run01,baseline,phase_change,527,1778258985.8085425,/big.txt,68943872,131072
201,201_baseline_phase_change_run01,baseline,phase_change,528,1778258985.8086324,/big.txt,69074944,131072
201,201_baseline_phase_change_run01,baseline,phase_change,529,1778258985.8087234,/big.txt,69206016,131072
201,201_baseline_phase_change_run01,baseline,phase_change,530,1778258985.8088114,/big.txt,69337088,131072
201,201_baseline_phase_change_run01,baseline,phase_change,531,1778258985.8088992,/big.txt,69468160,131072
201,201_baseline_phase_change_run01,baseline,phase_change,532,1778258985.808985,/big.txt,69599232,131072
201,201_baseline_phase_change_run01,baseline,phase_change,533,1778258985.8090713,/big.txt,69730304,131072
201,201_baseline_phase_change_run01,baseline,phase_change,534,1778258985.809157,/big.txt,69861376,131072
201,201_baseline_phase_change_run01,baseline,phase_change,535,1778258985.8092427,/big.txt,69992448,131072
201,201_baseline_phase_change_run01,baseline,phase_change,536,1778258985.809328,/big.txt,70123520,131072
201,201_baseline_phase_change_run01,baseline,phase_change,537,1778258985.8094134,/big.txt,70254592,131072
201,201_baseline_phase_change_run01,baseline,phase_change,538,1778258985.8095,/big.txt,70385664,131072
201,201_baseline_phase_change_run01,baseline,phase_change,539,1778258985.8095858,/big.txt,70516736,131072
201,201_baseline_phase_change_run01,baseline,phase_change,540,1778258985.8096766,/big.txt,70647808,131072
201,201_baseline_phase_change_run01,baseline,phase_change,541,1778258985.8097625,/big.txt,70778880,131072
201,201_baseline_phase_change_run01,baseline,phase_change,542,1778258985.8098488,/big.txt,70909952,131072
201,201_baseline_phase_change_run01,baseline,phase_change,543,1778258985.809935,/big.txt,71041024,131072
201,201_baseline_phase_change_run01,baseline,phase_change,544,1778258985.8100212,/big.txt,71172096,131072
201,201_baseline_phase_change_run01,baseline,phase_change,545,1778258985.8101072,/big.txt,71303168,131072
201,201_baseline_phase_change_run01,baseline,phase_change,546,1778258985.8101969,/big.txt,71434240,131072
201,201_baseline_phase_change_run01,baseline,phase_change,547,1778258985.8102832,/big.txt,71565312,131072
201,201_baseline_phase_change_run01,baseline,phase_change,548,1778258985.8103693,/big.txt,71696384,131072
201,201_baseline_phase_change_run01,baseline,phase_change,549,1778258985.8104553,/big.txt,71827456,131072
201,201_baseline_phase_change_run01,baseline,phase_change,550,1778258985.8105414,/big.txt,71958528,131072
201,201_baseline_phase_change_run01,baseline,phase_change,551,1778258985.8106272,/big.txt,72089600,131072
201,201_baseline_phase_change_run01,baseline,phase_change,552,1778258985.8107135,/big.txt,72220672,131072
201,201_baseline_phase_change_run01,baseline,phase_change,553,1778258985.8108203,/big.txt,72351744,131072
201,201_baseline_phase_change_run01,baseline,phase_change,554,1778258985.810921,/big.txt,72482816,131072
201,201_baseline_phase_change_run01,baseline,phase_change,555,1778258985.811047,/big.txt,72613888,131072
201,201_baseline_phase_change_run01,baseline,phase_change,556,1778258985.8111737,/big.txt,72744960,131072
201,201_baseline_phase_change_run01,baseline,phase_change,557,1778258985.8112993,/big.txt,72876032,131072
201,201_baseline_phase_change_run01,baseline,phase_change,558,1778258985.8114126,/big.txt,73007104,131072
201,201_baseline_phase_change_run01,baseline,phase_change,559,1778258985.8115005,/big.txt,73138176,131072
201,201_baseline_phase_change_run01,baseline,phase_change,560,1778258985.8115911,/big.txt,73269248,131072
201,201_baseline_phase_change_run01,baseline,phase_change,561,1778258985.8116791,/big.txt,73400320,131072
201,201_baseline_phase_change_run01,baseline,phase_change,562,1778258985.8117678,/big.txt,73531392,131072
201,201_baseline_phase_change_run01,baseline,phase_change,563,1778258985.811855,/big.txt,73662464,131072
201,201_baseline_phase_change_run01,baseline,phase_change,564,1778258985.8119423,/big.txt,73793536,131072
201,201_baseline_phase_change_run01,baseline,phase_change,565,1778258985.8120308,/big.txt,73924608,131072
201,201_baseline_phase_change_run01,baseline,phase_change,566,1778258985.8121188,/big.txt,74055680,131072
201,201_baseline_phase_change_run01,baseline,phase_change,567,1778258985.8122048,/big.txt,74186752,131072
201,201_baseline_phase_change_run01,baseline,phase_change,568,1778258985.8122914,/big.txt,74317824,131072
201,201_baseline_phase_change_run01,baseline,phase_change,569,1778258985.81238,/big.txt,74448896,131072
201,201_baseline_phase_change_run01,baseline,phase_change,570,1778258985.8124657,/big.txt,74579968,131072
201,201_baseline_phase_change_run01,baseline,phase_change,571,1778258985.8125515,/big.txt,74711040,131072
201,201_baseline_phase_change_run01,baseline,phase_change,572,1778258985.8126373,/big.txt,74842112,131072
201,201_baseline_phase_change_run01,baseline,phase_change,573,1778258985.8127234,/big.txt,74973184,131072
201,201_baseline_phase_change_run01,baseline,phase_change,574,1778258985.8128092,/big.txt,75104256,131072
201,201_baseline_phase_change_run01,baseline,phase_change,575,1778258985.812895,/big.txt,75235328,131072
201,201_baseline_phase_change_run01,baseline,phase_change,576,1778258985.8129802,/big.txt,75366400,131072
201,201_baseline_phase_change_run01,baseline,phase_change,577,1778258985.813066,/big.txt,75497472,131072
201,201_baseline_phase_change_run01,baseline,phase_change,578,1778258985.8131518,/big.txt,75628544,131072
201,201_baseline_phase_change_run01,baseline,phase_change,579,1778258985.8132412,/big.txt,75759616,131072
201,201_baseline_phase_change_run01,baseline,phase_change,580,1778258985.813327,/big.txt,75890688,131072
201,201_baseline_phase_change_run01,baseline,phase_change,581,1778258985.8134127,/big.txt,76021760,131072
201,201_baseline_phase_change_run01,baseline,phase_change,582,1778258985.813498,/big.txt,76152832,131072
201,201_baseline_phase_change_run01,baseline,phase_change,583,1778258985.8135831,/big.txt,76283904,131072
201,201_baseline_phase_change_run01,baseline,phase_change,584,1778258985.8136718,/big.txt,76414976,131072
201,201_baseline_phase_change_run01,baseline,phase_change,585,1778258985.8137586,/big.txt,76546048,131072
201,201_baseline_phase_change_run01,baseline,phase_change,586,1778258985.8138444,/big.txt,76677120,131072
201,201_baseline_phase_change_run01,baseline,phase_change,587,1778258985.8139334,/big.txt,76808192,131072
201,201_baseline_phase_change_run01,baseline,phase_change,588,1778258985.8140202,/big.txt,76939264,131072
201,201_baseline_phase_change_run01,baseline,phase_change,589,1778258985.8141065,/big.txt,77070336,131072
201,201_baseline_phase_change_run01,baseline,phase_change,590,1778258985.814192,/big.txt,77201408,131072
201,201_baseline_phase_change_run01,baseline,phase_change,591,1778258985.8142836,/big.txt,77332480,131072
201,201_baseline_phase_change_run01,baseline,phase_change,592,1778258985.814372,/big.txt,77463552,131072
201,201_baseline_phase_change_run01,baseline,phase_change,593,1778258985.8144584,/big.txt,77594624,131072
201,201_baseline_phase_change_run01,baseline,phase_change,594,1778258985.8145447,/big.txt,77725696,131072
201,201_baseline_phase_change_run01,baseline,phase_change,595,1778258985.814632,/big.txt,77856768,131072
201,201_baseline_phase_change_run01,baseline,phase_change,596,1778258985.814718,/big.txt,77987840,131072
201,201_baseline_phase_change_run01,baseline,phase_change,597,1778258985.8148081,/big.txt,78118912,131072
201,201_baseline_phase_change_run01,baseline,phase_change,598,1778258985.8149369,/big.txt,78249984,131072
201,201_baseline_phase_change_run01,baseline,phase_change,599,1778258985.815073,/big.txt,78381056,131072
201,201_baseline_phase_change_run01,baseline,phase_change,600,1778258985.815197,/big.txt,78512128,131072
201,201_baseline_phase_change_run01,baseline,phase_change,601,1778258985.8153217,/big.txt,78643200,131072
201,201_baseline_phase_change_run01,baseline,phase_change,602,1778258985.8154361,/big.txt,78774272,131072
201,201_baseline_phase_change_run01,baseline,phase_change,603,1778258985.8155248,/big.txt,78905344,131072
201,201_baseline_phase_change_run01,baseline,phase_change,604,1778258985.815614,/big.txt,79036416,131072
201,201_baseline_phase_change_run01,baseline,phase_change,605,1778258985.8157032,/big.txt,79167488,131072
201,201_baseline_phase_change_run01,baseline,phase_change,606,1778258985.8157916,/big.txt,79298560,131072
201,201_baseline_phase_change_run01,baseline,phase_change,607,1778258985.8158815,/big.txt,79429632,131072
201,201_baseline_phase_change_run01,baseline,phase_change,608,1778258985.815971,/big.txt,79560704,131072
201,201_baseline_phase_change_run01,baseline,phase_change,609,1778258985.8160594,/big.txt,79691776,131072
201,201_baseline_phase_change_run01,baseline,phase_change,610,1778258985.8161492,/big.txt,79822848,131072
201,201_baseline_phase_change_run01,baseline,phase_change,611,1778258985.816236,/big.txt,79953920,131072
201,201_baseline_phase_change_run01,baseline,phase_change,612,1778258985.8163264,/big.txt,80084992,131072
201,201_baseline_phase_change_run01,baseline,phase_change,613,1778258985.8164132,/big.txt,80216064,131072
201,201_baseline_phase_change_run01,baseline,phase_change,614,1778258985.8164997,/big.txt,80347136,131072
201,201_baseline_phase_change_run01,baseline,phase_change,615,1778258985.816589,/big.txt,80478208,131072
201,201_baseline_phase_change_run01,baseline,phase_change,616,1778258985.8166757,/big.txt,80609280,131072
201,201_baseline_phase_change_run01,baseline,phase_change,617,1778258985.8167672,/big.txt,80740352,131072
201,201_baseline_phase_change_run01,baseline,phase_change,618,1778258985.816854,/big.txt,80871424,131072
201,201_baseline_phase_change_run01,baseline,phase_change,619,1778258985.8169444,/big.txt,81002496,131072
201,201_baseline_phase_change_run01,baseline,phase_change,620,1778258985.8170338,/big.txt,81133568,131072
201,201_baseline_phase_change_run01,baseline,phase_change,621,1778258985.8171196,/big.txt,81264640,131072
201,201_baseline_phase_change_run01,baseline,phase_change,622,1778258985.8172057,/big.txt,81395712,131072
201,201_baseline_phase_change_run01,baseline,phase_change,623,1778258985.817292,/big.txt,81526784,131072
201,201_baseline_phase_change_run01,baseline,phase_change,624,1778258985.8173807,/big.txt,81657856,131072
201,201_baseline_phase_change_run01,baseline,phase_change,625,1778258985.8174663,/big.txt,81788928,131072
201,201_baseline_phase_change_run01,baseline,phase_change,626,1778258985.8175535,/big.txt,81920000,131072
201,201_baseline_phase_change_run01,baseline,phase_change,627,1778258985.8176394,/big.txt,82051072,131072
201,201_baseline_phase_change_run01,baseline,phase_change,628,1778258985.8177264,/big.txt,82182144,131072
201,201_baseline_phase_change_run01,baseline,phase_change,629,1778258985.8178134,/big.txt,82313216,131072
201,201_baseline_phase_change_run01,baseline,phase_change,630,1778258985.8179,/big.txt,82444288,131072
201,201_baseline_phase_change_run01,baseline,phase_change,631,1778258985.817987,/big.txt,82575360,131072
201,201_baseline_phase_change_run01,baseline,phase_change,632,1778258985.8180742,/big.txt,82706432,131072
201,201_baseline_phase_change_run01,baseline,phase_change,633,1778258985.8181605,/big.txt,82837504,131072
201,201_baseline_phase_change_run01,baseline,phase_change,634,1778258985.8182468,/big.txt,82968576,131072
201,201_baseline_phase_change_run01,baseline,phase_change,635,1778258985.8183322,/big.txt,83099648,131072
201,201_baseline_phase_change_run01,baseline,phase_change,636,1778258985.818418,/big.txt,83230720,131072
201,201_baseline_phase_change_run01,baseline,phase_change,637,1778258985.8185039,/big.txt,83361792,131072
201,201_baseline_phase_change_run01,baseline,phase_change,638,1778258985.8185935,/big.txt,83492864,131072
201,201_baseline_phase_change_run01,baseline,phase_change,639,1778258985.8186831,/big.txt,83623936,131072
201,201_baseline_phase_change_run01,baseline,phase_change,640,1778258985.8187697,/big.txt,83755008,131072
201,201_baseline_phase_change_run01,baseline,phase_change,641,1778258985.8188744,/big.txt,83886080,131072
201,201_baseline_phase_change_run01,baseline,phase_change,642,1778258985.8189616,/big.txt,84017152,131072
201,201_baseline_phase_change_run01,baseline,phase_change,643,1778258985.8190484,/big.txt,84148224,131072
201,201_baseline_phase_change_run01,baseline,phase_change,644,1778258985.8191347,/big.txt,84279296,131072
201,201_baseline_phase_change_run01,baseline,phase_change,645,1778258985.8192215,/big.txt,84410368,131072
201,201_baseline_phase_change_run01,baseline,phase_change,646,1778258985.8193076,/big.txt,84541440,131072
201,201_baseline_phase_change_run01,baseline,phase_change,647,1778258985.8193939,/big.txt,84672512,131072
201,201_baseline_phase_change_run01,baseline,phase_change,648,1778258985.8194814,/big.txt,84803584,131072
201,201_baseline_phase_change_run01,baseline,phase_change,649,1778258985.8195689,/big.txt,84934656,131072
201,201_baseline_phase_change_run01,baseline,phase_change,650,1778258985.8196554,/big.txt,85065728,131072
201,201_baseline_phase_change_run01,baseline,phase_change,651,1778258985.8197455,/big.txt,85196800,131072
201,201_baseline_phase_change_run01,baseline,phase_change,652,1778258985.8198357,/big.txt,85327872,131072
201,201_baseline_phase_change_run01,baseline,phase_change,653,1778258985.819922,/big.txt,85458944,131072
201,201_baseline_phase_change_run01,baseline,phase_change,654,1778258985.820009,/big.txt,85590016,131072
201,201_baseline_phase_change_run01,baseline,phase_change,655,1778258985.8200996,/big.txt,85721088,131072
201,201_baseline_phase_change_run01,baseline,phase_change,656,1778258985.8201895,/big.txt,85852160,131072
201,201_baseline_phase_change_run01,baseline,phase_change,657,1778258985.8202777,/big.txt,85983232,131072
201,201_baseline_phase_change_run01,baseline,phase_change,658,1778258985.8203654,/big.txt,86114304,131072
201,201_baseline_phase_change_run01,baseline,phase_change,659,1778258985.8204527,/big.txt,86245376,131072
201,201_baseline_phase_change_run01,baseline,phase_change,660,1778258985.82054,/big.txt,86376448,131072
201,201_baseline_phase_change_run01,baseline,phase_change,661,1778258985.8206298,/big.txt,86507520,131072
201,201_baseline_phase_change_run01,baseline,phase_change,662,1778258985.8207166,/big.txt,86638592,131072
201,201_baseline_phase_change_run01,baseline,phase_change,663,1778258985.8208046,/big.txt,86769664,131072
201,201_baseline_phase_change_run01,baseline,phase_change,664,1778258985.820892,/big.txt,86900736,131072
201,201_baseline_phase_change_run01,baseline,phase_change,665,1778258985.8209789,/big.txt,87031808,131072
201,201_baseline_phase_change_run01,baseline,phase_change,666,1778258985.821066,/big.txt,87162880,131072
201,201_baseline_phase_change_run01,baseline,phase_change,667,1778258985.8211565,/big.txt,87293952,131072
201,201_baseline_phase_change_run01,baseline,phase_change,668,1778258985.8212445,/big.txt,87425024,131072
201,201_baseline_phase_change_run01,baseline,phase_change,669,1778258985.8213317,/big.txt,87556096,131072
201,201_baseline_phase_change_run01,baseline,phase_change,670,1778258985.8214188,/big.txt,87687168,131072
201,201_baseline_phase_change_run01,baseline,phase_change,671,1778258985.8215058,/big.txt,87818240,131072
201,201_baseline_phase_change_run01,baseline,phase_change,672,1778258985.8215926,/big.txt,87949312,131072
201,201_baseline_phase_change_run01,baseline,phase_change,673,1778258985.8216784,/big.txt,88080384,131072
201,201_baseline_phase_change_run01,baseline,phase_change,674,1778258985.8217666,/big.txt,88211456,131072
201,201_baseline_phase_change_run01,baseline,phase_change,675,1778258985.8218544,/big.txt,88342528,131072
201,201_baseline_phase_change_run01,baseline,phase_change,676,1778258985.8219411,/big.txt,88473600,131072
201,201_baseline_phase_change_run01,baseline,phase_change,677,1778258985.8220286,/big.txt,88604672,131072
201,201_baseline_phase_change_run01,baseline,phase_change,678,1778258985.8221157,/big.txt,88735744,131072
201,201_baseline_phase_change_run01,baseline,phase_change,679,1778258985.8222024,/big.txt,88866816,131072
201,201_baseline_phase_change_run01,baseline,phase_change,680,1778258985.8222892,/big.txt,88997888,131072
201,201_baseline_phase_change_run01,baseline,phase_change,681,1778258985.822376,/big.txt,89128960,131072
201,201_baseline_phase_change_run01,baseline,phase_change,682,1778258985.822463,/big.txt,89260032,131072
201,201_baseline_phase_change_run01,baseline,phase_change,683,1778258985.822555,/big.txt,89391104,131072
201,201_baseline_phase_change_run01,baseline,phase_change,684,1778258985.8226416,/big.txt,89522176,131072
201,201_baseline_phase_change_run01,baseline,phase_change,685,1778258985.8227274,/big.txt,89653248,131072
201,201_baseline_phase_change_run01,baseline,phase_change,686,1778258985.8228552,/big.txt,89784320,131072
201,201_baseline_phase_change_run01,baseline,phase_change,687,1778258985.8229942,/big.txt,89915392,131072
201,201_baseline_phase_change_run01,baseline,phase_change,688,1778258985.8231094,/big.txt,90046464,131072
201,201_baseline_phase_change_run01,baseline,phase_change,689,1778258985.8232489,/big.txt,90177536,131072
201,201_baseline_phase_change_run01,baseline,phase_change,690,1778258985.8233635,/big.txt,90308608,131072
201,201_baseline_phase_change_run01,baseline,phase_change,691,1778258985.8234534,/big.txt,90439680,131072
201,201_baseline_phase_change_run01,baseline,phase_change,692,1778258985.823543,/big.txt,90570752,131072
201,201_baseline_phase_change_run01,baseline,phase_change,693,1778258985.823633,/big.txt,90701824,131072
201,201_baseline_phase_change_run01,baseline,phase_change,694,1778258985.823727,/big.txt,90832896,131072
201,201_baseline_phase_change_run01,baseline,phase_change,695,1778258985.8238204,/big.txt,90963968,131072
201,201_baseline_phase_change_run01,baseline,phase_change,696,1778258985.8239112,/big.txt,91095040,131072
201,201_baseline_phase_change_run01,baseline,phase_change,697,1778258985.8240006,/big.txt,91226112,131072
201,201_baseline_phase_change_run01,baseline,phase_change,698,1778258985.8240893,/big.txt,91357184,131072
201,201_baseline_phase_change_run01,baseline,phase_change,699,1778258985.8241765,/big.txt,91488256,131072
201,201_baseline_phase_change_run01,baseline,phase_change,700,1778258985.824264,/big.txt,91619328,131072
201,201_baseline_phase_change_run01,baseline,phase_change,701,1778258985.8243518,/big.txt,91750400,131072
201,201_baseline_phase_change_run01,baseline,phase_change,702,1778258985.8244386,/big.txt,91881472,131072
201,201_baseline_phase_change_run01,baseline,phase_change,703,1778258985.8245258,/big.txt,92012544,131072
201,201_baseline_phase_change_run01,baseline,phase_change,704,1778258985.8246126,/big.txt,92143616,131072
201,201_baseline_phase_change_run01,baseline,phase_change,705,1778258985.8246999,/big.txt,92274688,131072
201,201_baseline_phase_change_run01,baseline,phase_change,706,1778258985.8247883,/big.txt,92405760,131072
201,201_baseline_phase_change_run01,baseline,phase_change,707,1778258985.8248796,/big.txt,92536832,131072
201,201_baseline_phase_change_run01,baseline,phase_change,708,1778258985.8249676,/big.txt,92667904,131072
201,201_baseline_phase_change_run01,baseline,phase_change,709,1778258985.8250551,/big.txt,92798976,131072
201,201_baseline_phase_change_run01,baseline,phase_change,710,1778258985.8251426,/big.txt,92930048,131072
201,201_baseline_phase_change_run01,baseline,phase_change,711,1778258985.8252296,/big.txt,93061120,131072
201,201_baseline_phase_change_run01,baseline,phase_change,712,1778258985.8253164,/big.txt,93192192,131072
201,201_baseline_phase_change_run01,baseline,phase_change,713,1778258985.8254035,/big.txt,93323264,131072
201,201_baseline_phase_change_run01,baseline,phase_change,714,1778258985.8254917,/big.txt,93454336,131072
201,201_baseline_phase_change_run01,baseline,phase_change,715,1778258985.8255832,/big.txt,93585408,131072
201,201_baseline_phase_change_run01,baseline,phase_change,716,1778258985.825672,/big.txt,93716480,131072
201,201_baseline_phase_change_run01,baseline,phase_change,717,1778258985.8257604,/big.txt,93847552,131072
201,201_baseline_phase_change_run01,baseline,phase_change,718,1778258985.825848,/big.txt,93978624,131072
201,201_baseline_phase_change_run01,baseline,phase_change,719,1778258985.8259354,/big.txt,94109696,131072
201,201_baseline_phase_change_run01,baseline,phase_change,720,1778258985.8260257,/big.txt,94240768,131072
201,201_baseline_phase_change_run01,baseline,phase_change,721,1778258985.8261127,/big.txt,94371840,131072
201,201_baseline_phase_change_run01,baseline,phase_change,722,1778258985.8262038,/big.txt,94502912,131072
201,201_baseline_phase_change_run01,baseline,phase_change,723,1778258985.8262928,/big.txt,94633984,131072
201,201_baseline_phase_change_run01,baseline,phase_change,724,1778258985.826381,/big.txt,94765056,131072
201,201_baseline_phase_change_run01,baseline,phase_change,725,1778258985.82647,/big.txt,94896128,131072
201,201_baseline_phase_change_run01,baseline,phase_change,726,1778258985.826558,/big.txt,95027200,131072
201,201_baseline_phase_change_run01,baseline,phase_change,727,1778258985.826646,/big.txt,95158272,131072
201,201_baseline_phase_change_run01,baseline,phase_change,728,1778258985.8267336,/big.txt,95289344,131072
201,201_baseline_phase_change_run01,baseline,phase_change,729,1778258985.8268342,/big.txt,95420416,131072
201,201_baseline_phase_change_run01,baseline,phase_change,730,1778258985.8269267,/big.txt,95551488,131072
201,201_baseline_phase_change_run01,baseline,phase_change,731,1778258985.8270152,/big.txt,95682560,131072
201,201_baseline_phase_change_run01,baseline,phase_change,732,1778258985.8271077,/big.txt,95813632,131072
201,201_baseline_phase_change_run01,baseline,phase_change,733,1778258985.8271956,/big.txt,95944704,131072
201,201_baseline_phase_change_run01,baseline,phase_change,734,1778258985.8272836,/big.txt,96075776,131072
201,201_baseline_phase_change_run01,baseline,phase_change,735,1778258985.827372,/big.txt,96206848,131072
201,201_baseline_phase_change_run01,baseline,phase_change,736,1778258985.82746,/big.txt,96337920,131072
201,201_baseline_phase_change_run01,baseline,phase_change,737,1778258985.8275483,/big.txt,96468992,131072
201,201_baseline_phase_change_run01,baseline,phase_change,738,1778258985.8276367,/big.txt,96600064,131072
201,201_baseline_phase_change_run01,baseline,phase_change,739,1778258985.8277254,/big.txt,96731136,131072
201,201_baseline_phase_change_run01,baseline,phase_change,740,1778258985.8278131,/big.txt,96862208,131072
201,201_baseline_phase_change_run01,baseline,phase_change,741,1778258985.8279016,/big.txt,96993280,131072
201,201_baseline_phase_change_run01,baseline,phase_change,742,1778258985.8279898,/big.txt,97124352,131072
201,201_baseline_phase_change_run01,baseline,phase_change,743,1778258985.8280773,/big.txt,97255424,131072
201,201_baseline_phase_change_run01,baseline,phase_change,744,1778258985.8281653,/big.txt,97386496,131072
201,201_baseline_phase_change_run01,baseline,phase_change,745,1778258985.8282537,/big.txt,97517568,131072
201,201_baseline_phase_change_run01,baseline,phase_change,746,1778258985.8283443,/big.txt,97648640,131072
201,201_baseline_phase_change_run01,baseline,phase_change,747,1778258985.8284326,/big.txt,97779712,131072
201,201_baseline_phase_change_run01,baseline,phase_change,748,1778258985.8285208,/big.txt,97910784,131072
201,201_baseline_phase_change_run01,baseline,phase_change,749,1778258985.8286085,/big.txt,98041856,131072
201,201_baseline_phase_change_run01,baseline,phase_change,750,1778258985.8287008,/big.txt,98172928,131072
201,201_baseline_phase_change_run01,baseline,phase_change,751,1778258985.8287892,/big.txt,98304000,131072
201,201_baseline_phase_change_run01,baseline,phase_change,752,1778258985.82888,/big.txt,98435072,131072
201,201_baseline_phase_change_run01,baseline,phase_change,753,1778258985.8289711,/big.txt,98566144,131072
201,201_baseline_phase_change_run01,baseline,phase_change,754,1778258985.8290608,/big.txt,98697216,131072
201,201_baseline_phase_change_run01,baseline,phase_change,755,1778258985.8291488,/big.txt,98828288,131072
201,201_baseline_phase_change_run01,baseline,phase_change,756,1778258985.8292367,/big.txt,98959360,131072
201,201_baseline_phase_change_run01,baseline,phase_change,757,1778258985.829325,/big.txt,99090432,131072
201,201_baseline_phase_change_run01,baseline,phase_change,758,1778258985.8294132,/big.txt,99221504,131072
201,201_baseline_phase_change_run01,baseline,phase_change,759,1778258985.8295014,/big.txt,99352576,131072
201,201_baseline_phase_change_run01,baseline,phase_change,760,1778258985.8295898,/big.txt,99483648,131072
201,201_baseline_phase_change_run01,baseline,phase_change,761,1778258985.8296778,/big.txt,99614720,131072
201,201_baseline_phase_change_run01,baseline,phase_change,762,1778258985.829774,/big.txt,99745792,131072
201,201_baseline_phase_change_run01,baseline,phase_change,763,1778258985.829862,/big.txt,99876864,131072
201,201_baseline_phase_change_run01,baseline,phase_change,764,1778258985.8299506,/big.txt,100007936,131072
201,201_baseline_phase_change_run01,baseline,phase_change,765,1778258985.8300385,/big.txt,100139008,131072
201,201_baseline_phase_change_run01,baseline,phase_change,766,1778258985.830126,/big.txt,100270080,131072
201,201_baseline_phase_change_run01,baseline,phase_change,767,1778258985.8302143,/big.txt,100401152,131072
201,201_baseline_phase_change_run01,baseline,phase_change,768,1778258985.8303022,/big.txt,100532224,131072
201,201_baseline_phase_change_run01,baseline,phase_change,769,1778258985.83039,/big.txt,100663296,131072
201,201_baseline_phase_change_run01,baseline,phase_change,770,1778258985.8304818,/big.txt,100794368,131072
201,201_baseline_phase_change_run01,baseline,phase_change,771,1778258985.8305693,/big.txt,100925440,131072
201,201_baseline_phase_change_run01,baseline,phase_change,772,1778258985.8306563,/big.txt,101056512,131072
201,201_baseline_phase_change_run01,baseline,phase_change,773,1778258985.8307433,/big.txt,101187584,131072
201,201_baseline_phase_change_run01,baseline,phase_change,774,1778258985.8308687,/big.txt,101318656,131072
201,201_baseline_phase_change_run01,baseline,phase_change,775,1778258985.830962,/big.txt,101449728,131072
201,201_baseline_phase_change_run01,baseline,phase_change,776,1778258985.8310502,/big.txt,101580800,131072
201,201_baseline_phase_change_run01,baseline,phase_change,777,1778258985.8311386,/big.txt,101711872,131072
201,201_baseline_phase_change_run01,baseline,phase_change,778,1778258985.8312328,/big.txt,101842944,131072
201,201_baseline_phase_change_run01,baseline,phase_change,779,1778258985.8313212,/big.txt,101974016,131072
201,201_baseline_phase_change_run01,baseline,phase_change,780,1778258985.83141,/big.txt,102105088,131072
201,201_baseline_phase_change_run01,baseline,phase_change,781,1778258985.8314984,/big.txt,102236160,131072
201,201_baseline_phase_change_run01,baseline,phase_change,782,1778258985.831587,/big.txt,102367232,131072
201,201_baseline_phase_change_run01,baseline,phase_change,783,1778258985.8316755,/big.txt,102498304,131072
201,201_baseline_phase_change_run01,baseline,phase_change,784,1778258985.8317685,/big.txt,102629376,131072
201,201_baseline_phase_change_run01,baseline,phase_change,785,1778258985.8318577,/big.txt,102760448,131072
201,201_baseline_phase_change_run01,baseline,phase_change,786,1778258985.8319468,/big.txt,102891520,131072
201,201_baseline_phase_change_run01,baseline,phase_change,787,1778258985.8320353,/big.txt,103022592,131072
201,201_baseline_phase_change_run01,baseline,phase_change,788,1778258985.832123,/big.txt,103153664,131072
201,201_baseline_phase_change_run01,baseline,phase_change,789,1778258985.832212,/big.txt,103284736,131072
201,201_baseline_phase_change_run01,baseline,phase_change,790,1778258985.8322997,/big.txt,103415808,131072
201,201_baseline_phase_change_run01,baseline,phase_change,791,1778258985.8323877,/big.txt,103546880,131072
201,201_baseline_phase_change_run01,baseline,phase_change,792,1778258985.832476,/big.txt,103677952,131072
201,201_baseline_phase_change_run01,baseline,phase_change,793,1778258985.8325639,/big.txt,103809024,131072
201,201_baseline_phase_change_run01,baseline,phase_change,794,1778258985.8326516,/big.txt,103940096,131072
201,201_baseline_phase_change_run01,baseline,phase_change,795,1778258985.832739,/big.txt,104071168,131072
201,201_baseline_phase_change_run01,baseline,phase_change,796,1778258985.8328278,/big.txt,104202240,131072
201,201_baseline_phase_change_run01,baseline,phase_change,797,1778258985.8329158,/big.txt,104333312,131072
201,201_baseline_phase_change_run01,baseline,phase_change,798,1778258985.833003,/big.txt,104464384,131072
201,201_baseline_phase_change_run01,baseline,phase_change,799,1778258985.8330944,/big.txt,104595456,131072
201,201_baseline_phase_change_run01,baseline,phase_change,800,1778258985.8331819,/big.txt,104726528,131072
201,201_baseline_phase_change_run01,baseline,phase_change,801,1778258985.8332615,/big.txt,104857600,0
201,201_baseline_phase_change_run01,baseline,phase_change,802,1778258985.8345032,/big.txt,20480,4096
201,201_baseline_phase_change_run01,baseline,phase_change,803,1778258985.8355513,/big.txt,491520,4096
201,201_baseline_phase_change_run01,baseline,phase_change,804,1778258985.8365278,/big.txt,172032,4096
201,201_baseline_phase_change_run01,baseline,phase_change,805,1778258985.837437,/big.txt,1228800,4096
201,201_baseline_phase_change_run01,baseline,phase_change,806,1778258985.8382847,/big.txt,69632,4096
201,201_baseline_phase_change_run01,baseline,phase_change,807,1778258985.8391051,/big.txt,1024000,4096
201,201_baseline_phase_change_run01,baseline,phase_change,808,1778258985.8399458,/big.txt,360448,4096
201,201_baseline_phase_change_run01,baseline,phase_change,809,1778258985.8407297,/big.txt,778240,4096
201,201_baseline_phase_change_run01,baseline,phase_change,810,1778258985.8415163,/big.txt,245760,4096
201,201_baseline_phase_change_run01,baseline,phase_change,811,1778258985.8423023,/big.txt,40960,4096
201,201_baseline_phase_change_run01,baseline,phase_change,812,1778258985.8432612,/big.txt,1363968,4096
201,201_baseline_phase_change_run01,baseline,phase_change,813,1778258985.8443756,/big.txt,307200,4096
201,201_baseline_phase_change_run01,baseline,phase_change,814,1778258985.8453634,/big.txt,2097152,4096
201,201_baseline_phase_change_run01,baseline,phase_change,815,1778258985.8461363,/big.txt,819200,4096
201,201_baseline_phase_change_run01,baseline,phase_change,816,1778258985.847091,/big.txt,1843200,4096
201,201_baseline_phase_change_run01,baseline,phase_change,817,1778258985.848015,/big.txt,405504,4096
201,201_baseline_phase_change_run01,baseline,phase_change,818,1778258985.8489382,/big.txt,2457600,4096
201,201_baseline_phase_change_run01,baseline,phase_change,819,1778258985.849718,/big.txt,614400,4096
201,201_baseline_phase_change_run01,baseline,phase_change,820,1778258985.8505104,/big.txt,2949120,4096
201,201_baseline_phase_change_run01,baseline,phase_change,821,1778258985.8514109,/big.txt,1556480,4096
201,201_baseline_phase_change_run01,baseline,phase_change,822,1778258985.852291,/big.txt,102400,4096
201,201_baseline_phase_change_run01,baseline,phase_change,823,1778258985.8531175,/big.txt,1966080,4096
201,201_baseline_phase_change_run01,baseline,phase_change,824,1778258985.8539245,/big.txt,2621440,4096
201,201_baseline_phase_change_run01,baseline,phase_change,825,1778258985.8547037,/big.txt,225280,4096
201,201_baseline_phase_change_run01,baseline,phase_change,826,1778258985.8555498,/big.txt,3317760,4096
201,201_baseline_phase_change_run01,baseline,phase_change,827,1778258985.8563726,/big.txt,0,131072
201,201_baseline_phase_change_run01,baseline,phase_change,828,1778258985.8564777,/big.txt,131072,131072
201,201_baseline_phase_change_run01,baseline,phase_change,829,1778258985.8565729,/big.txt,262144,131072
201,201_baseline_phase_change_run01,baseline,phase_change,830,1778258985.8566658,/big.txt,393216,131072
201,201_baseline_phase_change_run01,baseline,phase_change,831,1778258985.8567593,/big.txt,524288,131072
201,201_baseline_phase_change_run01,baseline,phase_change,832,1778258985.8568528,/big.txt,655360,131072
201,201_baseline_phase_change_run01,baseline,phase_change,833,1778258985.8569531,/big.txt,786432,131072
201,201_baseline_phase_change_run01,baseline,phase_change,834,1778258985.8570457,/big.txt,917504,131072
201,201_baseline_phase_change_run01,baseline,phase_change,835,1778258985.8571386,/big.txt,1048576,131072
201,201_baseline_phase_change_run01,baseline,phase_change,836,1778258985.8572295,/big.txt,1179648,131072
201,201_baseline_phase_change_run01,baseline,phase_change,837,1778258985.8573208,/big.txt,1310720,131072
201,201_baseline_phase_change_run01,baseline,phase_change,838,1778258985.8574119,/big.txt,1441792,131072
201,201_baseline_phase_change_run01,baseline,phase_change,839,1778258985.8575027,/big.txt,1572864,131072
201,201_baseline_phase_change_run01,baseline,phase_change,840,1778258985.8575938,/big.txt,1703936,131072
201,201_baseline_phase_change_run01,baseline,phase_change,841,1778258985.8576849,/big.txt,1835008,131072
201,201_baseline_phase_change_run01,baseline,phase_change,842,1778258985.85778,/big.txt,1966080,131072
201,201_baseline_phase_change_run01,baseline,phase_change,843,1778258985.8578727,/big.txt,2097152,131072
201,201_baseline_phase_change_run01,baseline,phase_change,844,1778258985.8579674,/big.txt,2228224,131072
201,201_baseline_phase_change_run01,baseline,phase_change,845,1778258985.858058,/big.txt,2359296,131072
201,201_baseline_phase_change_run01,baseline,phase_change,846,1778258985.8581493,/big.txt,2490368,131072
201,201_baseline_phase_change_run01,baseline,phase_change,847,1778258985.8582392,/big.txt,2621440,131072
201,201_baseline_phase_change_run01,baseline,phase_change,848,1778258985.8583372,/big.txt,2752512,131072
201,201_baseline_phase_change_run01,baseline,phase_change,849,1778258985.858428,/big.txt,2883584,131072
201,201_baseline_phase_change_run01,baseline,phase_change,850,1778258985.8585188,/big.txt,3014656,131072
201,201_baseline_phase_change_run01,baseline,phase_change,851,1778258985.8586094,/big.txt,3145728,131072
201,201_baseline_phase_change_run01,baseline,phase_change,852,1778258985.8586996,/big.txt,3276800,131072
201,201_baseline_phase_change_run01,baseline,phase_change,853,1778258985.8588145,/big.txt,3407872,131072
201,201_baseline_phase_change_run01,baseline,phase_change,854,1778258985.858952,/big.txt,3538944,131072
201,201_baseline_phase_change_run01,baseline,phase_change,855,1778258985.859068,/big.txt,3670016,131072
201,201_baseline_phase_change_run01,baseline,phase_change,856,1778258985.859187,/big.txt,3801088,131072
201,201_baseline_phase_change_run01,baseline,phase_change,857,1778258985.8593066,/big.txt,3932160,131072
201,201_baseline_phase_change_run01,baseline,phase_change,858,1778258985.859428,/big.txt,4063232,131072
201,201_baseline_phase_change_run01,baseline,phase_change,859,1778258985.8595448,/big.txt,4194304,131072
201,201_baseline_phase_change_run01,baseline,phase_change,860,1778258985.8596363,/big.txt,4325376,131072
201,201_baseline_phase_change_run01,baseline,phase_change,861,1778258985.8597314,/big.txt,4456448,131072
201,201_baseline_phase_change_run01,baseline,phase_change,862,1778258985.8598247,/big.txt,4587520,131072
201,201_baseline_phase_change_run01,baseline,phase_change,863,1778258985.8599167,/big.txt,4718592,131072
201,201_baseline_phase_change_run01,baseline,phase_change,864,1778258985.860008,/big.txt,4849664,131072
201,201_baseline_phase_change_run01,baseline,phase_change,865,1778258985.8600986,/big.txt,4980736,131072
201,201_baseline_phase_change_run01,baseline,phase_change,866,1778258985.8601928,/big.txt,5111808,131072
201,201_baseline_phase_change_run01,baseline,phase_change,867,1778258985.8602846,/big.txt,5242880,131072
201,201_baseline_phase_change_run01,baseline,phase_change,868,1778258985.8603737,/big.txt,5373952,131072
201,201_baseline_phase_change_run01,baseline,phase_change,869,1778258985.860464,/big.txt,5505024,131072
201,201_baseline_phase_change_run01,baseline,phase_change,870,1778258985.8605533,/big.txt,5636096,131072
201,201_baseline_phase_change_run01,baseline,phase_change,871,1778258985.860643,/big.txt,5767168,131072
201,201_baseline_phase_change_run01,baseline,phase_change,872,1778258985.8607323,/big.txt,5898240,131072
201,201_baseline_phase_change_run01,baseline,phase_change,873,1778258985.8608222,/big.txt,6029312,131072
201,201_baseline_phase_change_run01,baseline,phase_change,874,1778258985.8609152,/big.txt,6160384,131072
201,201_baseline_phase_change_run01,baseline,phase_change,875,1778258985.861005,/big.txt,6291456,131072
201,201_baseline_phase_change_run01,baseline,phase_change,876,1778258985.8610945,/big.txt,6422528,131072
201,201_baseline_phase_change_run01,baseline,phase_change,877,1778258985.8611853,/big.txt,6553600,131072
201,201_baseline_phase_change_run01,baseline,phase_change,878,1778258985.8612752,/big.txt,6684672,131072
201,201_baseline_phase_change_run01,baseline,phase_change,879,1778258985.8613653,/big.txt,6815744,131072
201,201_baseline_phase_change_run01,baseline,phase_change,880,1778258985.8614578,/big.txt,6946816,131072
201,201_baseline_phase_change_run01,baseline,phase_change,881,1778258985.8615477,/big.txt,7077888,131072
201,201_baseline_phase_change_run01,baseline,phase_change,882,1778258985.8616376,/big.txt,7208960,131072
201,201_baseline_phase_change_run01,baseline,phase_change,883,1778258985.8617275,/big.txt,7340032,131072
201,201_baseline_phase_change_run01,baseline,phase_change,884,1778258985.861818,/big.txt,7471104,131072
201,201_baseline_phase_change_run01,baseline,phase_change,885,1778258985.8619072,/big.txt,7602176,131072
201,201_baseline_phase_change_run01,baseline,phase_change,886,1778258985.8619978,/big.txt,7733248,131072
201,201_baseline_phase_change_run01,baseline,phase_change,887,1778258985.8620923,/big.txt,7864320,131072
201,201_baseline_phase_change_run01,baseline,phase_change,888,1778258985.8621821,/big.txt,7995392,131072
201,201_baseline_phase_change_run01,baseline,phase_change,889,1778258985.8622746,/big.txt,8126464,131072
201,201_baseline_phase_change_run01,baseline,phase_change,890,1778258985.8623676,/big.txt,8257536,131072
201,201_baseline_phase_change_run01,baseline,phase_change,891,1778258985.8624585,/big.txt,8388608,131072
201,201_baseline_phase_change_run01,baseline,phase_change,892,1778258985.8625479,/big.txt,8519680,131072
201,201_baseline_phase_change_run01,baseline,phase_change,893,1778258985.8626397,/big.txt,8650752,131072
201,201_baseline_phase_change_run01,baseline,phase_change,894,1778258985.8627331,/big.txt,8781824,131072
201,201_baseline_phase_change_run01,baseline,phase_change,895,1778258985.8628592,/big.txt,8912896,131072
201,201_baseline_phase_change_run01,baseline,phase_change,896,1778258985.862954,/big.txt,9043968,131072
201,201_baseline_phase_change_run01,baseline,phase_change,897,1778258985.863045,/big.txt,9175040,131072
201,201_baseline_phase_change_run01,baseline,phase_change,898,1778258985.8631365,/big.txt,9306112,131072
201,201_baseline_phase_change_run01,baseline,phase_change,899,1778258985.8632283,/big.txt,9437184,131072
201,201_baseline_phase_change_run01,baseline,phase_change,900,1778258985.86332,/big.txt,9568256,131072
201,201_baseline_phase_change_run01,baseline,phase_change,901,1778258985.8634114,/big.txt,9699328,131072
201,201_baseline_phase_change_run01,baseline,phase_change,902,1778258985.8635013,/big.txt,9830400,131072
201,201_baseline_phase_change_run01,baseline,phase_change,903,1778258985.8635921,/big.txt,9961472,131072
201,201_baseline_phase_change_run01,baseline,phase_change,904,1778258985.863683,/big.txt,10092544,131072
201,201_baseline_phase_change_run01,baseline,phase_change,905,1778258985.8637736,/big.txt,10223616,131072
201,201_baseline_phase_change_run01,baseline,phase_change,906,1778258985.8638668,/big.txt,10354688,131072
201,201_baseline_phase_change_run01,baseline,phase_change,907,1778258985.8639574,/big.txt,10485760,131072
201,201_baseline_phase_change_run01,baseline,phase_change,908,1778258985.8640482,/big.txt,10616832,131072
201,201_baseline_phase_change_run01,baseline,phase_change,909,1778258985.864139,/big.txt,10747904,131072
201,201_baseline_phase_change_run01,baseline,phase_change,910,1778258985.86423,/big.txt,10878976,131072
201,201_baseline_phase_change_run01,baseline,phase_change,911,1778258985.8643203,/big.txt,11010048,131072
201,201_baseline_phase_change_run01,baseline,phase_change,912,1778258985.8644152,/big.txt,11141120,131072
201,201_baseline_phase_change_run01,baseline,phase_change,913,1778258985.86451,/big.txt,11272192,131072
201,201_baseline_phase_change_run01,baseline,phase_change,914,1778258985.8646004,/big.txt,11403264,131072
201,201_baseline_phase_change_run01,baseline,phase_change,915,1778258985.8646908,/big.txt,11534336,131072
201,201_baseline_phase_change_run01,baseline,phase_change,916,1778258985.8647819,/big.txt,11665408,131072
201,201_baseline_phase_change_run01,baseline,phase_change,917,1778258985.8648782,/big.txt,11796480,131072
201,201_baseline_phase_change_run01,baseline,phase_change,918,1778258985.8649697,/big.txt,11927552,131072
201,201_baseline_phase_change_run01,baseline,phase_change,919,1778258985.8650608,/big.txt,12058624,131072
201,201_baseline_phase_change_run01,baseline,phase_change,920,1778258985.865152,/big.txt,12189696,131072
201,201_baseline_phase_change_run01,baseline,phase_change,921,1778258985.865242,/big.txt,12320768,131072
201,201_baseline_phase_change_run01,baseline,phase_change,922,1778258985.8653321,/big.txt,12451840,131072
201,201_baseline_phase_change_run01,baseline,phase_change,923,1778258985.8654225,/big.txt,12582912,131072
201,201_baseline_phase_change_run01,baseline,phase_change,924,1778258985.8655133,/big.txt,12713984,131072
201,201_baseline_phase_change_run01,baseline,phase_change,925,1778258985.8656096,/big.txt,12845056,131072
201,201_baseline_phase_change_run01,baseline,phase_change,926,1778258985.865701,/big.txt,12976128,131072
201,201_baseline_phase_change_run01,baseline,phase_change,927,1778258985.8657916,/big.txt,13107200,131072
201,201_baseline_phase_change_run01,baseline,phase_change,928,1778258985.8658812,/big.txt,13238272,131072
201,201_baseline_phase_change_run01,baseline,phase_change,929,1778258985.865971,/big.txt,13369344,131072
201,201_baseline_phase_change_run01,baseline,phase_change,930,1778258985.866062,/big.txt,13500416,131072
201,201_baseline_phase_change_run01,baseline,phase_change,931,1778258985.8661516,/big.txt,13631488,131072
201,201_baseline_phase_change_run01,baseline,phase_change,932,1778258985.866242,/big.txt,13762560,131072
201,201_baseline_phase_change_run01,baseline,phase_change,933,1778258985.8663318,/big.txt,13893632,131072
201,201_baseline_phase_change_run01,baseline,phase_change,934,1778258985.8664215,/big.txt,14024704,131072
201,201_baseline_phase_change_run01,baseline,phase_change,935,1778258985.866511,/big.txt,14155776,131072
201,201_baseline_phase_change_run01,baseline,phase_change,936,1778258985.8666043,/big.txt,14286848,131072
201,201_baseline_phase_change_run01,baseline,phase_change,937,1778258985.8666942,/big.txt,14417920,131072
201,201_baseline_phase_change_run01,baseline,phase_change,938,1778258985.8668146,/big.txt,14548992,131072
201,201_baseline_phase_change_run01,baseline,phase_change,939,1778258985.8669477,/big.txt,14680064,131072
201,201_baseline_phase_change_run01,baseline,phase_change,940,1778258985.8670628,/big.txt,14811136,131072
201,201_baseline_phase_change_run01,baseline,phase_change,941,1778258985.8671792,/big.txt,14942208,131072
201,201_baseline_phase_change_run01,baseline,phase_change,942,1778258985.8672976,/big.txt,15073280,131072
201,201_baseline_phase_change_run01,baseline,phase_change,943,1778258985.8674185,/big.txt,15204352,131072
201,201_baseline_phase_change_run01,baseline,phase_change,944,1778258985.8675385,/big.txt,15335424,131072
201,201_baseline_phase_change_run01,baseline,phase_change,945,1778258985.8676355,/big.txt,15466496,131072
201,201_baseline_phase_change_run01,baseline,phase_change,946,1778258985.867729,/big.txt,15597568,131072
201,201_baseline_phase_change_run01,baseline,phase_change,947,1778258985.8678212,/big.txt,15728640,131072
201,201_baseline_phase_change_run01,baseline,phase_change,948,1778258985.8679152,/big.txt,15859712,131072
201,201_baseline_phase_change_run01,baseline,phase_change,949,1778258985.8680086,/big.txt,15990784,131072
201,201_baseline_phase_change_run01,baseline,phase_change,950,1778258985.8681018,/big.txt,16121856,131072
201,201_baseline_phase_change_run01,baseline,phase_change,951,1778258985.8681946,/big.txt,16252928,131072
201,201_baseline_phase_change_run01,baseline,phase_change,952,1778258985.8682878,/big.txt,16384000,131072
201,201_baseline_phase_change_run01,baseline,phase_change,953,1778258985.8683794,/big.txt,16515072,131072
201,201_baseline_phase_change_run01,baseline,phase_change,954,1778258985.8684707,/big.txt,16646144,131072
201,201_baseline_phase_change_run01,baseline,phase_change,955,1778258985.8685617,/big.txt,16777216,131072
201,201_baseline_phase_change_run01,baseline,phase_change,956,1778258985.8686538,/big.txt,16908288,131072
201,201_baseline_phase_change_run01,baseline,phase_change,957,1778258985.8687444,/big.txt,17039360,131072
201,201_baseline_phase_change_run01,baseline,phase_change,958,1778258985.8688393,/big.txt,17170432,131072
201,201_baseline_phase_change_run01,baseline,phase_change,959,1778258985.8689306,/big.txt,17301504,131072
201,201_baseline_phase_change_run01,baseline,phase_change,960,1778258985.869022,/big.txt,17432576,131072
201,201_baseline_phase_change_run01,baseline,phase_change,961,1778258985.8691134,/big.txt,17563648,131072
201,201_baseline_phase_change_run01,baseline,phase_change,962,1778258985.8692052,/big.txt,17694720,131072
201,201_baseline_phase_change_run01,baseline,phase_change,963,1778258985.8692973,/big.txt,17825792,131072
201,201_baseline_phase_change_run01,baseline,phase_change,964,1778258985.8693929,/big.txt,17956864,131072
201,201_baseline_phase_change_run01,baseline,phase_change,965,1778258985.869484,/big.txt,18087936,131072
201,201_baseline_phase_change_run01,baseline,phase_change,966,1778258985.8695755,/big.txt,18219008,131072
201,201_baseline_phase_change_run01,baseline,phase_change,967,1778258985.8696663,/big.txt,18350080,131072
201,201_baseline_phase_change_run01,baseline,phase_change,968,1778258985.8697584,/big.txt,18481152,131072
201,201_baseline_phase_change_run01,baseline,phase_change,969,1778258985.869853,/big.txt,18612224,131072
201,201_baseline_phase_change_run01,baseline,phase_change,970,1778258985.8699448,/big.txt,18743296,131072
201,201_baseline_phase_change_run01,baseline,phase_change,971,1778258985.8700361,/big.txt,18874368,131072
201,201_baseline_phase_change_run01,baseline,phase_change,972,1778258985.8701274,/big.txt,19005440,131072
201,201_baseline_phase_change_run01,baseline,phase_change,973,1778258985.8702214,/big.txt,19136512,131072
201,201_baseline_phase_change_run01,baseline,phase_change,974,1778258985.870318,/big.txt,19267584,131072
201,201_baseline_phase_change_run01,baseline,phase_change,975,1778258985.8704128,/big.txt,19398656,131072
201,201_baseline_phase_change_run01,baseline,phase_change,976,1778258985.8705049,/big.txt,19529728,131072
201,201_baseline_phase_change_run01,baseline,phase_change,977,1778258985.870597,/big.txt,19660800,131072
201,201_baseline_phase_change_run01,baseline,phase_change,978,1778258985.8706882,/big.txt,19791872,131072
201,201_baseline_phase_change_run01,baseline,phase_change,979,1778258985.8707824,/big.txt,19922944,131072
201,201_baseline_phase_change_run01,baseline,phase_change,980,1778258985.870956,/big.txt,20054016,131072
201,201_baseline_phase_change_run01,baseline,phase_change,981,1778258985.871079,/big.txt,20185088,131072
201,201_baseline_phase_change_run01,baseline,phase_change,982,1778258985.8712034,/big.txt,20316160,131072
201,201_baseline_phase_change_run01,baseline,phase_change,983,1778258985.8713253,/big.txt,20447232,131072
201,201_baseline_phase_change_run01,baseline,phase_change,984,1778258985.8714347,/big.txt,20578304,131072
201,201_baseline_phase_change_run01,baseline,phase_change,985,1778258985.8715274,/big.txt,20709376,131072
201,201_baseline_phase_change_run01,baseline,phase_change,986,1778258985.87162,/big.txt,20840448,131072
201,201_baseline_phase_change_run01,baseline,phase_change,987,1778258985.8717124,/big.txt,20971520,131072
201,201_baseline_phase_change_run01,baseline,phase_change,988,1778258985.8718052,/big.txt,21102592,131072
201,201_baseline_phase_change_run01,baseline,phase_change,989,1778258985.8718975,/big.txt,21233664,131072
201,201_baseline_phase_change_run01,baseline,phase_change,990,1778258985.871989,/big.txt,21364736,131072
201,201_baseline_phase_change_run01,baseline,phase_change,991,1778258985.872082,/big.txt,21495808,131072
201,201_baseline_phase_change_run01,baseline,phase_change,992,1778258985.8721745,/big.txt,21626880,131072
201,201_baseline_phase_change_run01,baseline,phase_change,993,1778258985.872265,/big.txt,21757952,131072
201,201_baseline_phase_change_run01,baseline,phase_change,994,1778258985.872357,/big.txt,21889024,131072
201,201_baseline_phase_change_run01,baseline,phase_change,995,1778258985.8724473,/big.txt,22020096,131072
201,201_baseline_phase_change_run01,baseline,phase_change,996,1778258985.8725386,/big.txt,22151168,131072
201,201_baseline_phase_change_run01,baseline,phase_change,997,1778258985.8726296,/big.txt,22282240,131072
201,201_baseline_phase_change_run01,baseline,phase_change,998,1778258985.872722,/big.txt,22413312,131072
201,201_baseline_phase_change_run01,baseline,phase_change,999,1778258985.8728135,/big.txt,22544384,131072
201,201_baseline_phase_change_run01,baseline,phase_change,1000,1778258985.8729086,/big.txt,22675456,131072
201,201_baseline_phase_change_run01,baseline,phase_change,1001,1778258985.8730032,/big.txt,22806528,131072
201,201_baseline_phase_change_run01,baseline,phase_change,1002,1778258985.8731027,/big.txt,22937600,131072
201,201_baseline_phase_change_run01,baseline,phase_change,1003,1778258985.873196,/big.txt,23068672,131072
201,201_baseline_phase_change_run01,baseline,phase_change,1004,1778258985.873288,/big.txt,23199744,131072
201,201_baseline_phase_change_run01,baseline,phase_change,1005,1778258985.873381,/big.txt,23330816,131072
201,201_baseline_phase_change_run01,baseline,phase_change,1006,1778258985.8734722,/big.txt,23461888,131072
201,201_baseline_phase_change_run01,baseline,phase_change,1007,1778258985.8735623,/big.txt,23592960,131072
201,201_baseline_phase_change_run01,baseline,phase_change,1008,1778258985.8736544,/big.txt,23724032,131072
201,201_baseline_phase_change_run01,baseline,phase_change,1009,1778258985.8737457,/big.txt,23855104,131072
201,201_baseline_phase_change_run01,baseline,phase_change,1010,1778258985.8738365,/big.txt,23986176,131072
201,201_baseline_phase_change_run01,baseline,phase_change,1011,1778258985.8739276,/big.txt,24117248,131072
201,201_baseline_phase_change_run01,baseline,phase_change,1012,1778258985.8740191,/big.txt,24248320,131072
201,201_baseline_phase_change_run01,baseline,phase_change,1013,1778258985.87411,/big.txt,24379392,131072
201,201_baseline_phase_change_run01,baseline,phase_change,1014,1778258985.8742008,/big.txt,24510464,131072
201,201_baseline_phase_change_run01,baseline,phase_change,1015,1778258985.874292,/big.txt,24641536,131072
201,201_baseline_phase_change_run01,baseline,phase_change,1016,1778258985.874382,/big.txt,24772608,131072
201,201_baseline_phase_change_run01,baseline,phase_change,1017,1778258985.874472,/big.txt,24903680,131072
201,201_baseline_phase_change_run01,baseline,phase_change,1018,1778258985.8745623,/big.txt,25034752,131072
201,201_baseline_phase_change_run01,baseline,phase_change,1019,1778258985.8746526,/big.txt,25165824,131072
201,201_baseline_phase_change_run01,baseline,phase_change,1020,1778258985.8747447,/big.txt,25296896,131072
201,201_baseline_phase_change_run01,baseline,phase_change,1021,1778258985.8748748,/big.txt,25427968,131072
201,201_baseline_phase_change_run01,baseline,phase_change,1022,1778258985.87497,/big.txt,25559040,131072
201,201_baseline_phase_change_run01,baseline,phase_change,1023,1778258985.8750615,/big.txt,25690112,131072
201,201_baseline_phase_change_run01,baseline,phase_change,1024,1778258985.8751552,/big.txt,25821184,131072
201,201_baseline_phase_change_run01,baseline,phase_change,1025,1778258985.8752637,/big.txt,25952256,131072
201,201_baseline_phase_change_run01,baseline,phase_change,1026,1778258985.8753774,/big.txt,26083328,131072
201,201_baseline_phase_change_run01,baseline,phase_change,1027,1778258985.8754833,/big.txt,26214400,131072
201,201_baseline_phase_change_run01,baseline,phase_change,1028,1778258985.8755975,/big.txt,26345472,131072
201,201_baseline_phase_change_run01,baseline,phase_change,1029,1778258985.8756926,/big.txt,26476544,131072
201,201_baseline_phase_change_run01,baseline,phase_change,1030,1778258985.8757846,/big.txt,26607616,131072
201,201_baseline_phase_change_run01,baseline,phase_change,1031,1778258985.8758779,/big.txt,26738688,131072
201,201_baseline_phase_change_run01,baseline,phase_change,1032,1778258985.8759704,/big.txt,26869760,131072
201,201_baseline_phase_change_run01,baseline,phase_change,1033,1778258985.8760633,/big.txt,27000832,131072
201,201_baseline_phase_change_run01,baseline,phase_change,1034,1778258985.8761559,/big.txt,27131904,131072
201,201_baseline_phase_change_run01,baseline,phase_change,1035,1778258985.8762486,/big.txt,27262976,131072
201,201_baseline_phase_change_run01,baseline,phase_change,1036,1778258985.8763418,/big.txt,27394048,131072
201,201_baseline_phase_change_run01,baseline,phase_change,1037,1778258985.8764327,/big.txt,27525120,131072
201,201_baseline_phase_change_run01,baseline,phase_change,1038,1778258985.8765233,/big.txt,27656192,131072
201,201_baseline_phase_change_run01,baseline,phase_change,1039,1778258985.8766134,/big.txt,27787264,131072
201,201_baseline_phase_change_run01,baseline,phase_change,1040,1778258985.8767085,/big.txt,27918336,131072
201,201_baseline_phase_change_run01,baseline,phase_change,1041,1778258985.8767989,/big.txt,28049408,131072
201,201_baseline_phase_change_run01,baseline,phase_change,1042,1778258985.8768897,/big.txt,28180480,131072
201,201_baseline_phase_change_run01,baseline,phase_change,1043,1778258985.8769803,/big.txt,28311552,131072
201,201_baseline_phase_change_run01,baseline,phase_change,1044,1778258985.8770704,/big.txt,28442624,131072
201,201_baseline_phase_change_run01,baseline,phase_change,1045,1778258985.8771608,/big.txt,28573696,131072
201,201_baseline_phase_change_run01,baseline,phase_change,1046,1778258985.8772507,/big.txt,28704768,131072
201,201_baseline_phase_change_run01,baseline,phase_change,1047,1778258985.877341,/big.txt,28835840,131072
201,201_baseline_phase_change_run01,baseline,phase_change,1048,1778258985.8774316,/big.txt,28966912,131072
201,201_baseline_phase_change_run01,baseline,phase_change,1049,1778258985.877522,/big.txt,29097984,131072
201,201_baseline_phase_change_run01,baseline,phase_change,1050,1778258985.877612,/big.txt,29229056,131072
201,201_baseline_phase_change_run01,baseline,phase_change,1051,1778258985.877702,/big.txt,29360128,131072
201,201_baseline_phase_change_run01,baseline,phase_change,1052,1778258985.8777914,/big.txt,29491200,131072
201,201_baseline_phase_change_run01,baseline,phase_change,1053,1778258985.877881,/big.txt,29622272,131072
201,201_baseline_phase_change_run01,baseline,phase_change,1054,1778258985.8779714,/big.txt,29753344,131072
201,201_baseline_phase_change_run01,baseline,phase_change,1055,1778258985.878062,/big.txt,29884416,131072
201,201_baseline_phase_change_run01,baseline,phase_change,1056,1778258985.878156,/big.txt,30015488,131072
201,201_baseline_phase_change_run01,baseline,phase_change,1057,1778258985.8782475,/big.txt,30146560,131072
201,201_baseline_phase_change_run01,baseline,phase_change,1058,1778258985.8783376,/big.txt,30277632,131072
201,201_baseline_phase_change_run01,baseline,phase_change,1059,1778258985.878427,/big.txt,30408704,131072
201,201_baseline_phase_change_run01,baseline,phase_change,1060,1778258985.8785167,/big.txt,30539776,131072
201,201_baseline_phase_change_run01,baseline,phase_change,1061,1778258985.8786068,/big.txt,30670848,131072
201,201_baseline_phase_change_run01,baseline,phase_change,1062,1778258985.878697,/big.txt,30801920,131072
201,201_baseline_phase_change_run01,baseline,phase_change,1063,1778258985.878809,/big.txt,30932992,131072
201,201_baseline_phase_change_run01,baseline,phase_change,1064,1778258985.878916,/big.txt,31064064,131072
201,201_baseline_phase_change_run01,baseline,phase_change,1065,1778258985.8790195,/big.txt,31195136,131072
201,201_baseline_phase_change_run01,baseline,phase_change,1066,1778258985.8791401,/big.txt,31326208,131072
201,201_baseline_phase_change_run01,baseline,phase_change,1067,1778258985.8792617,/big.txt,31457280,131072
201,201_baseline_phase_change_run01,baseline,phase_change,1068,1778258985.8793828,/big.txt,31588352,131072
201,201_baseline_phase_change_run01,baseline,phase_change,1069,1778258985.879504,/big.txt,31719424,131072
201,201_baseline_phase_change_run01,baseline,phase_change,1070,1778258985.8796124,/big.txt,31850496,131072
201,201_baseline_phase_change_run01,baseline,phase_change,1071,1778258985.8797047,/big.txt,31981568,131072
201,201_baseline_phase_change_run01,baseline,phase_change,1072,1778258985.8797982,/big.txt,32112640,131072
201,201_baseline_phase_change_run01,baseline,phase_change,1073,1778258985.879892,/big.txt,32243712,131072
201,201_baseline_phase_change_run01,baseline,phase_change,1074,1778258985.879985,/big.txt,32374784,131072
201,201_baseline_phase_change_run01,baseline,phase_change,1075,1778258985.8800776,/big.txt,32505856,131072
201,201_baseline_phase_change_run01,baseline,phase_change,1076,1778258985.8801692,/big.txt,32636928,131072
201,201_baseline_phase_change_run01,baseline,phase_change,1077,1778258985.880262,/big.txt,32768000,131072
201,201_baseline_phase_change_run01,baseline,phase_change,1078,1778258985.8803582,/big.txt,32899072,131072
201,201_baseline_phase_change_run01,baseline,phase_change,1079,1778258985.8804488,/big.txt,33030144,131072
201,201_baseline_phase_change_run01,baseline,phase_change,1080,1778258985.8805394,/big.txt,33161216,131072
201,201_baseline_phase_change_run01,baseline,phase_change,1081,1778258985.880631,/big.txt,33292288,131072
201,201_baseline_phase_change_run01,baseline,phase_change,1082,1778258985.8807218,/big.txt,33423360,131072
201,201_baseline_phase_change_run01,baseline,phase_change,1083,1778258985.8808117,/big.txt,33554432,131072
201,201_baseline_phase_change_run01,baseline,phase_change,1084,1778258985.8809059,/big.txt,33685504,131072
201,201_baseline_phase_change_run01,baseline,phase_change,1085,1778258985.8809972,/big.txt,33816576,131072
201,201_baseline_phase_change_run01,baseline,phase_change,1086,1778258985.8810878,/big.txt,33947648,131072
201,201_baseline_phase_change_run01,baseline,phase_change,1087,1778258985.8811781,/big.txt,34078720,131072
201,201_baseline_phase_change_run01,baseline,phase_change,1088,1778258985.8812692,/big.txt,34209792,131072
201,201_baseline_phase_change_run01,baseline,phase_change,1089,1778258985.881359,/big.txt,34340864,131072
201,201_baseline_phase_change_run01,baseline,phase_change,1090,1778258985.881449,/big.txt,34471936,131072
201,201_baseline_phase_change_run01,baseline,phase_change,1091,1778258985.881539,/big.txt,34603008,131072
201,201_baseline_phase_change_run01,baseline,phase_change,1092,1778258985.8816288,/big.txt,34734080,131072
201,201_baseline_phase_change_run01,baseline,phase_change,1093,1778258985.8817182,/big.txt,34865152,131072
201,201_baseline_phase_change_run01,baseline,phase_change,1094,1778258985.8818078,/big.txt,34996224,131072
201,201_baseline_phase_change_run01,baseline,phase_change,1095,1778258985.8818967,/big.txt,35127296,131072
201,201_baseline_phase_change_run01,baseline,phase_change,1096,1778258985.881987,/big.txt,35258368,131072
201,201_baseline_phase_change_run01,baseline,phase_change,1097,1778258985.8820767,/big.txt,35389440,131072
201,201_baseline_phase_change_run01,baseline,phase_change,1098,1778258985.8821669,/big.txt,35520512,131072
201,201_baseline_phase_change_run01,baseline,phase_change,1099,1778258985.882256,/big.txt,35651584,131072
201,201_baseline_phase_change_run01,baseline,phase_change,1100,1778258985.882346,/big.txt,35782656,131072
201,201_baseline_phase_change_run01,baseline,phase_change,1101,1778258985.8824346,/big.txt,35913728,131072
201,201_baseline_phase_change_run01,baseline,phase_change,1102,1778258985.8825243,/big.txt,36044800,131072
201,201_baseline_phase_change_run01,baseline,phase_change,1103,1778258985.882615,/big.txt,36175872,131072
201,201_baseline_phase_change_run01,baseline,phase_change,1104,1778258985.8827047,/big.txt,36306944,131072
201,201_baseline_phase_change_run01,baseline,phase_change,1105,1778258985.882858,/big.txt,36438016,131072
201,201_baseline_phase_change_run01,baseline,phase_change,1106,1778258985.8829544,/big.txt,36569088,131072
201,201_baseline_phase_change_run01,baseline,phase_change,1107,1778258985.8830478,/big.txt,36700160,131072
201,201_baseline_phase_change_run01,baseline,phase_change,1108,1778258985.88314,/big.txt,36831232,131072
201,201_baseline_phase_change_run01,baseline,phase_change,1109,1778258985.8832328,/big.txt,36962304,131072
201,201_baseline_phase_change_run01,baseline,phase_change,1110,1778258985.8833253,/big.txt,37093376,131072
201,201_baseline_phase_change_run01,baseline,phase_change,1111,1778258985.8834212,/big.txt,37224448,131072
201,201_baseline_phase_change_run01,baseline,phase_change,1112,1778258985.8835137,/big.txt,37355520,131072
201,201_baseline_phase_change_run01,baseline,phase_change,1113,1778258985.883606,/big.txt,37486592,131072
201,201_baseline_phase_change_run01,baseline,phase_change,1114,1778258985.8836958,/big.txt,37617664,131072
201,201_baseline_phase_change_run01,baseline,phase_change,1115,1778258985.8837857,/big.txt,37748736,131072
201,201_baseline_phase_change_run01,baseline,phase_change,1116,1778258985.8838801,/big.txt,37879808,131072
201,201_baseline_phase_change_run01,baseline,phase_change,1117,1778258985.88397,/big.txt,38010880,131072
201,201_baseline_phase_change_run01,baseline,phase_change,1118,1778258985.8840609,/big.txt,38141952,131072
201,201_baseline_phase_change_run01,baseline,phase_change,1119,1778258985.8841515,/big.txt,38273024,131072
201,201_baseline_phase_change_run01,baseline,phase_change,1120,1778258985.8842413,/big.txt,38404096,131072
201,201_baseline_phase_change_run01,baseline,phase_change,1121,1778258985.884331,/big.txt,38535168,131072
201,201_baseline_phase_change_run01,baseline,phase_change,1122,1778258985.8844218,/big.txt,38666240,131072
201,201_baseline_phase_change_run01,baseline,phase_change,1123,1778258985.8845122,/big.txt,38797312,131072
201,201_baseline_phase_change_run01,baseline,phase_change,1124,1778258985.8846028,/big.txt,38928384,131072
201,201_baseline_phase_change_run01,baseline,phase_change,1125,1778258985.884693,/big.txt,39059456,131072
201,201_baseline_phase_change_run01,baseline,phase_change,1126,1778258985.884784,/big.txt,39190528,131072
201,201_baseline_phase_change_run01,baseline,phase_change,1127,1778258985.8848734,/big.txt,39321600,131072
201,201_baseline_phase_change_run01,baseline,phase_change,1128,1778258985.8849638,/big.txt,39452672,131072
201,201_baseline_phase_change_run01,baseline,phase_change,1129,1778258985.8850539,/big.txt,39583744,131072
201,201_baseline_phase_change_run01,baseline,phase_change,1130,1778258985.8851452,/big.txt,39714816,131072
201,201_baseline_phase_change_run01,baseline,phase_change,1131,1778258985.8852348,/big.txt,39845888,131072
201,201_baseline_phase_change_run01,baseline,phase_change,1132,1778258985.8853257,/big.txt,39976960,131072
201,201_baseline_phase_change_run01,baseline,phase_change,1133,1778258985.8854163,/big.txt,40108032,131072
201,201_baseline_phase_change_run01,baseline,phase_change,1134,1778258985.8855064,/big.txt,40239104,131072
201,201_baseline_phase_change_run01,baseline,phase_change,1135,1778258985.8855965,/big.txt,40370176,131072
201,201_baseline_phase_change_run01,baseline,phase_change,1136,1778258985.885687,/big.txt,40501248,131072
201,201_baseline_phase_change_run01,baseline,phase_change,1137,1778258985.885778,/big.txt,40632320,131072
201,201_baseline_phase_change_run01,baseline,phase_change,1138,1778258985.8858688,/big.txt,40763392,131072
201,201_baseline_phase_change_run01,baseline,phase_change,1139,1778258985.8859618,/big.txt,40894464,131072
201,201_baseline_phase_change_run01,baseline,phase_change,1140,1778258985.8860533,/big.txt,41025536,131072
201,201_baseline_phase_change_run01,baseline,phase_change,1141,1778258985.8861444,/big.txt,41156608,131072
201,201_baseline_phase_change_run01,baseline,phase_change,1142,1778258985.886234,/big.txt,41287680,131072
201,201_baseline_phase_change_run01,baseline,phase_change,1143,1778258985.886324,/big.txt,41418752,131072
201,201_baseline_phase_change_run01,baseline,phase_change,1144,1778258985.8864138,/big.txt,41549824,131072
201,201_baseline_phase_change_run01,baseline,phase_change,1145,1778258985.8865042,/big.txt,41680896,131072
201,201_baseline_phase_change_run01,baseline,phase_change,1146,1778258985.8865952,/big.txt,41811968,131072
201,201_baseline_phase_change_run01,baseline,phase_change,1147,1778258985.8866854,/big.txt,41943040,131072
201,201_baseline_phase_change_run01,baseline,phase_change,1148,1778258985.8867786,/big.txt,42074112,131072
201,201_baseline_phase_change_run01,baseline,phase_change,1149,1778258985.8869016,/big.txt,42205184,131072
201,201_baseline_phase_change_run01,baseline,phase_change,1150,1778258985.886996,/big.txt,42336256,131072
201,201_baseline_phase_change_run01,baseline,phase_change,1151,1778258985.887087,/big.txt,42467328,131072
201,201_baseline_phase_change_run01,baseline,phase_change,1152,1778258985.887178,/big.txt,42598400,131072
201,201_baseline_phase_change_run01,baseline,phase_change,1153,1778258985.8872685,/big.txt,42729472,131072
201,201_baseline_phase_change_run01,baseline,phase_change,1154,1778258985.8873627,/big.txt,42860544,131072
201,201_baseline_phase_change_run01,baseline,phase_change,1155,1778258985.8874543,/big.txt,42991616,131072
201,201_baseline_phase_change_run01,baseline,phase_change,1156,1778258985.8875453,/big.txt,43122688,131072
201,201_baseline_phase_change_run01,baseline,phase_change,1157,1778258985.8876367,/big.txt,43253760,131072
201,201_baseline_phase_change_run01,baseline,phase_change,1158,1778258985.8877282,/big.txt,43384832,131072
201,201_baseline_phase_change_run01,baseline,phase_change,1159,1778258985.8878188,/big.txt,43515904,131072
201,201_baseline_phase_change_run01,baseline,phase_change,1160,1778258985.8879104,/big.txt,43646976,131072
201,201_baseline_phase_change_run01,baseline,phase_change,1161,1778258985.8880017,/big.txt,43778048,131072
201,201_baseline_phase_change_run01,baseline,phase_change,1162,1778258985.888091,/big.txt,43909120,131072
201,201_baseline_phase_change_run01,baseline,phase_change,1163,1778258985.8881812,/big.txt,44040192,131072
201,201_baseline_phase_change_run01,baseline,phase_change,1164,1778258985.8882706,/big.txt,44171264,131072
201,201_baseline_phase_change_run01,baseline,phase_change,1165,1778258985.8883605,/big.txt,44302336,131072
201,201_baseline_phase_change_run01,baseline,phase_change,1166,1778258985.88845,/big.txt,44433408,131072
201,201_baseline_phase_change_run01,baseline,phase_change,1167,1778258985.8885431,/big.txt,44564480,131072
201,201_baseline_phase_change_run01,baseline,phase_change,1168,1778258985.8886344,/big.txt,44695552,131072
201,201_baseline_phase_change_run01,baseline,phase_change,1169,1778258985.8887248,/big.txt,44826624,131072
201,201_baseline_phase_change_run01,baseline,phase_change,1170,1778258985.8888156,/big.txt,44957696,131072
201,201_baseline_phase_change_run01,baseline,phase_change,1171,1778258985.8889058,/big.txt,45088768,131072
201,201_baseline_phase_change_run01,baseline,phase_change,1172,1778258985.8889968,/big.txt,45219840,131072
201,201_baseline_phase_change_run01,baseline,phase_change,1173,1778258985.8890874,/big.txt,45350912,131072
201,201_baseline_phase_change_run01,baseline,phase_change,1174,1778258985.8891778,/big.txt,45481984,131072
201,201_baseline_phase_change_run01,baseline,phase_change,1175,1778258985.8892682,/big.txt,45613056,131072
201,201_baseline_phase_change_run01,baseline,phase_change,1176,1778258985.889358,/big.txt,45744128,131072
201,201_baseline_phase_change_run01,baseline,phase_change,1177,1778258985.889448,/big.txt,45875200,131072
201,201_baseline_phase_change_run01,baseline,phase_change,1178,1778258985.8895385,/big.txt,46006272,131072
201,201_baseline_phase_change_run01,baseline,phase_change,1179,1778258985.8896294,/big.txt,46137344,131072
201,201_baseline_phase_change_run01,baseline,phase_change,1180,1778258985.88972,/big.txt,46268416,131072
201,201_baseline_phase_change_run01,baseline,phase_change,1181,1778258985.8898098,/big.txt,46399488,131072
201,201_baseline_phase_change_run01,baseline,phase_change,1182,1778258985.8898993,/big.txt,46530560,131072
201,201_baseline_phase_change_run01,baseline,phase_change,1183,1778258985.8899891,/big.txt,46661632,131072
201,201_baseline_phase_change_run01,baseline,phase_change,1184,1778258985.8900788,/big.txt,46792704,131072
201,201_baseline_phase_change_run01,baseline,phase_change,1185,1778258985.8901691,/big.txt,46923776,131072
201,201_baseline_phase_change_run01,baseline,phase_change,1186,1778258985.8902588,/big.txt,47054848,131072
201,201_baseline_phase_change_run01,baseline,phase_change,1187,1778258985.89035,/big.txt,47185920,131072
201,201_baseline_phase_change_run01,baseline,phase_change,1188,1778258985.89044,/big.txt,47316992,131072
201,201_baseline_phase_change_run01,baseline,phase_change,1189,1778258985.8905299,/big.txt,47448064,131072
201,201_baseline_phase_change_run01,baseline,phase_change,1190,1778258985.8906202,/big.txt,47579136,131072
201,201_baseline_phase_change_run01,baseline,phase_change,1191,1778258985.8907104,/big.txt,47710208,131072
201,201_baseline_phase_change_run01,baseline,phase_change,1192,1778258985.8908513,/big.txt,47841280,131072
201,201_baseline_phase_change_run01,baseline,phase_change,1193,1778258985.8909433,/big.txt,47972352,131072
201,201_baseline_phase_change_run01,baseline,phase_change,1194,1778258985.8910334,/big.txt,48103424,131072
201,201_baseline_phase_change_run01,baseline,phase_change,1195,1778258985.891126,/big.txt,48234496,131072
201,201_baseline_phase_change_run01,baseline,phase_change,1196,1778258985.8912175,/big.txt,48365568,131072
201,201_baseline_phase_change_run01,baseline,phase_change,1197,1778258985.8913078,/big.txt,48496640,131072
201,201_baseline_phase_change_run01,baseline,phase_change,1198,1778258985.8913987,/big.txt,48627712,131072
201,201_baseline_phase_change_run01,baseline,phase_change,1199,1778258985.8914893,/big.txt,48758784,131072
201,201_baseline_phase_change_run01,baseline,phase_change,1200,1778258985.8915792,/big.txt,48889856,131072
201,201_baseline_phase_change_run01,baseline,phase_change,1201,1778258985.8916693,/big.txt,49020928,131072
201,201_baseline_phase_change_run01,baseline,phase_change,1202,1778258985.8917594,/big.txt,49152000,131072
201,201_baseline_phase_change_run01,baseline,phase_change,1203,1778258985.8918505,/big.txt,49283072,131072
201,201_baseline_phase_change_run01,baseline,phase_change,1204,1778258985.8919413,/big.txt,49414144,131072
201,201_baseline_phase_change_run01,baseline,phase_change,1205,1778258985.892032,/big.txt,49545216,131072
201,201_baseline_phase_change_run01,baseline,phase_change,1206,1778258985.8921223,/big.txt,49676288,131072
201,201_baseline_phase_change_run01,baseline,phase_change,1207,1778258985.8922122,/big.txt,49807360,131072
201,201_baseline_phase_change_run01,baseline,phase_change,1208,1778258985.8923035,/big.txt,49938432,131072
201,201_baseline_phase_change_run01,baseline,phase_change,1209,1778258985.892393,/big.txt,50069504,131072
201,201_baseline_phase_change_run01,baseline,phase_change,1210,1778258985.892483,/big.txt,50200576,131072
201,201_baseline_phase_change_run01,baseline,phase_change,1211,1778258985.892573,/big.txt,50331648,131072
201,201_baseline_phase_change_run01,baseline,phase_change,1212,1778258985.892664,/big.txt,50462720,131072
201,201_baseline_phase_change_run01,baseline,phase_change,1213,1778258985.8927538,/big.txt,50593792,131072
201,201_baseline_phase_change_run01,baseline,phase_change,1214,1778258985.8928442,/big.txt,50724864,131072
201,201_baseline_phase_change_run01,baseline,phase_change,1215,1778258985.8929346,/big.txt,50855936,131072
201,201_baseline_phase_change_run01,baseline,phase_change,1216,1778258985.8930256,/big.txt,50987008,131072
201,201_baseline_phase_change_run01,baseline,phase_change,1217,1778258985.8931162,/big.txt,51118080,131072
201,201_baseline_phase_change_run01,baseline,phase_change,1218,1778258985.8932064,/big.txt,51249152,131072
201,201_baseline_phase_change_run01,baseline,phase_change,1219,1778258985.893297,/big.txt,51380224,131072
201,201_baseline_phase_change_run01,baseline,phase_change,1220,1778258985.893387,/big.txt,51511296,131072
201,201_baseline_phase_change_run01,baseline,phase_change,1221,1778258985.8934782,/big.txt,51642368,131072
201,201_baseline_phase_change_run01,baseline,phase_change,1222,1778258985.8935747,/big.txt,51773440,131072
201,201_baseline_phase_change_run01,baseline,phase_change,1223,1778258985.8936653,/big.txt,51904512,131072
201,201_baseline_phase_change_run01,baseline,phase_change,1224,1778258985.8937562,/big.txt,52035584,131072
201,201_baseline_phase_change_run01,baseline,phase_change,1225,1778258985.8938468,/big.txt,52166656,131072
201,201_baseline_phase_change_run01,baseline,phase_change,1226,1778258985.8939385,/big.txt,52297728,131072
201,201_baseline_phase_change_run01,baseline,phase_change,1227,1778258985.8940294,/big.txt,52428800,131072
201,201_baseline_phase_change_run01,baseline,phase_change,1228,1778258985.8941197,/big.txt,52559872,131072
201,201_baseline_phase_change_run01,baseline,phase_change,1229,1778258985.894211,/big.txt,52690944,131072
201,201_baseline_phase_change_run01,baseline,phase_change,1230,1778258985.8943067,/big.txt,52822016,131072
201,201_baseline_phase_change_run01,baseline,phase_change,1231,1778258985.894398,/big.txt,52953088,131072
201,201_baseline_phase_change_run01,baseline,phase_change,1232,1778258985.8944886,/big.txt,53084160,131072
201,201_baseline_phase_change_run01,baseline,phase_change,1233,1778258985.8945801,/big.txt,53215232,131072
201,201_baseline_phase_change_run01,baseline,phase_change,1234,1778258985.8946712,/big.txt,53346304,131072
201,201_baseline_phase_change_run01,baseline,phase_change,1235,1778258985.8947606,/big.txt,53477376,131072
201,201_baseline_phase_change_run01,baseline,phase_change,1236,1778258985.894888,/big.txt,53608448,131072
201,201_baseline_phase_change_run01,baseline,phase_change,1237,1778258985.8949795,/big.txt,53739520,131072
201,201_baseline_phase_change_run01,baseline,phase_change,1238,1778258985.8950706,/big.txt,53870592,131072
201,201_baseline_phase_change_run01,baseline,phase_change,1239,1778258985.8951607,/big.txt,54001664,131072
201,201_baseline_phase_change_run01,baseline,phase_change,1240,1778258985.8952515,/big.txt,54132736,131072
201,201_baseline_phase_change_run01,baseline,phase_change,1241,1778258985.8953416,/big.txt,54263808,131072
201,201_baseline_phase_change_run01,baseline,phase_change,1242,1778258985.895432,/big.txt,54394880,131072
201,201_baseline_phase_change_run01,baseline,phase_change,1243,1778258985.895522,/big.txt,54525952,131072
201,201_baseline_phase_change_run01,baseline,phase_change,1244,1778258985.895613,/big.txt,54657024,131072
201,201_baseline_phase_change_run01,baseline,phase_change,1245,1778258985.895703,/big.txt,54788096,131072
201,201_baseline_phase_change_run01,baseline,phase_change,1246,1778258985.8958044,/big.txt,54919168,131072
201,201_baseline_phase_change_run01,baseline,phase_change,1247,1778258985.8958957,/big.txt,55050240,131072
201,201_baseline_phase_change_run01,baseline,phase_change,1248,1778258985.8959858,/big.txt,55181312,131072
201,201_baseline_phase_change_run01,baseline,phase_change,1249,1778258985.8960772,/big.txt,55312384,131072
201,201_baseline_phase_change_run01,baseline,phase_change,1250,1778258985.896171,/big.txt,55443456,131072
201,201_baseline_phase_change_run01,baseline,phase_change,1251,1778258985.8962617,/big.txt,55574528,131072
201,201_baseline_phase_change_run01,baseline,phase_change,1252,1778258985.8963525,/big.txt,55705600,131072
201,201_baseline_phase_change_run01,baseline,phase_change,1253,1778258985.8964424,/big.txt,55836672,131072
201,201_baseline_phase_change_run01,baseline,phase_change,1254,1778258985.8965323,/big.txt,55967744,131072
201,201_baseline_phase_change_run01,baseline,phase_change,1255,1778258985.8966227,/big.txt,56098816,131072
201,201_baseline_phase_change_run01,baseline,phase_change,1256,1778258985.8967128,/big.txt,56229888,131072
201,201_baseline_phase_change_run01,baseline,phase_change,1257,1778258985.896803,/big.txt,56360960,131072
201,201_baseline_phase_change_run01,baseline,phase_change,1258,1778258985.896894,/big.txt,56492032,131072
201,201_baseline_phase_change_run01,baseline,phase_change,1259,1778258985.8969839,/big.txt,56623104,131072
201,201_baseline_phase_change_run01,baseline,phase_change,1260,1778258985.897074,/big.txt,56754176,131072
201,201_baseline_phase_change_run01,baseline,phase_change,1261,1778258985.8971639,/big.txt,56885248,131072
201,201_baseline_phase_change_run01,baseline,phase_change,1262,1778258985.8972535,/big.txt,57016320,131072
201,201_baseline_phase_change_run01,baseline,phase_change,1263,1778258985.8973434,/big.txt,57147392,131072
201,201_baseline_phase_change_run01,baseline,phase_change,1264,1778258985.897435,/big.txt,57278464,131072
201,201_baseline_phase_change_run01,baseline,phase_change,1265,1778258985.897525,/big.txt,57409536,131072
201,201_baseline_phase_change_run01,baseline,phase_change,1266,1778258985.8976161,/big.txt,57540608,131072
201,201_baseline_phase_change_run01,baseline,phase_change,1267,1778258985.897707,/big.txt,57671680,131072
201,201_baseline_phase_change_run01,baseline,phase_change,1268,1778258985.8978024,/big.txt,57802752,131072
201,201_baseline_phase_change_run01,baseline,phase_change,1269,1778258985.8978934,/big.txt,57933824,131072
201,201_baseline_phase_change_run01,baseline,phase_change,1270,1778258985.897985,/big.txt,58064896,131072
201,201_baseline_phase_change_run01,baseline,phase_change,1271,1778258985.898075,/big.txt,58195968,131072
201,201_baseline_phase_change_run01,baseline,phase_change,1272,1778258985.898166,/big.txt,58327040,131072
201,201_baseline_phase_change_run01,baseline,phase_change,1273,1778258985.8982568,/big.txt,58458112,131072
201,201_baseline_phase_change_run01,baseline,phase_change,1274,1778258985.8983479,/big.txt,58589184,131072
201,201_baseline_phase_change_run01,baseline,phase_change,1275,1778258985.8984396,/big.txt,58720256,131072
201,201_baseline_phase_change_run01,baseline,phase_change,1276,1778258985.898534,/big.txt,58851328,131072
201,201_baseline_phase_change_run01,baseline,phase_change,1277,1778258985.8986256,/big.txt,58982400,131072
201,201_baseline_phase_change_run01,baseline,phase_change,1278,1778258985.8987195,/big.txt,59113472,131072
201,201_baseline_phase_change_run01,baseline,phase_change,1279,1778258985.8988638,/big.txt,59244544,131072
201,201_baseline_phase_change_run01,baseline,phase_change,1280,1778258985.8989568,/big.txt,59375616,131072
201,201_baseline_phase_change_run01,baseline,phase_change,1281,1778258985.8990467,/big.txt,59506688,131072
201,201_baseline_phase_change_run01,baseline,phase_change,1282,1778258985.8991375,/big.txt,59637760,131072
201,201_baseline_phase_change_run01,baseline,phase_change,1283,1778258985.899228,/big.txt,59768832,131072
201,201_baseline_phase_change_run01,baseline,phase_change,1284,1778258985.8993182,/big.txt,59899904,131072
201,201_baseline_phase_change_run01,baseline,phase_change,1285,1778258985.899408,/big.txt,60030976,131072
201,201_baseline_phase_change_run01,baseline,phase_change,1286,1778258985.899498,/big.txt,60162048,131072
201,201_baseline_phase_change_run01,baseline,phase_change,1287,1778258985.8995879,/big.txt,60293120,131072
201,201_baseline_phase_change_run01,baseline,phase_change,1288,1778258985.8996792,/big.txt,60424192,131072
201,201_baseline_phase_change_run01,baseline,phase_change,1289,1778258985.8997707,/big.txt,60555264,131072
201,201_baseline_phase_change_run01,baseline,phase_change,1290,1778258985.8998613,/big.txt,60686336,131072
201,201_baseline_phase_change_run01,baseline,phase_change,1291,1778258985.8999517,/big.txt,60817408,131072
201,201_baseline_phase_change_run01,baseline,phase_change,1292,1778258985.9000418,/big.txt,60948480,131072
201,201_baseline_phase_change_run01,baseline,phase_change,1293,1778258985.9001322,/big.txt,61079552,131072
201,201_baseline_phase_change_run01,baseline,phase_change,1294,1778258985.9002223,/big.txt,61210624,131072
201,201_baseline_phase_change_run01,baseline,phase_change,1295,1778258985.9003124,/big.txt,61341696,131072
201,201_baseline_phase_change_run01,baseline,phase_change,1296,1778258985.9004025,/big.txt,61472768,131072
201,201_baseline_phase_change_run01,baseline,phase_change,1297,1778258985.9004924,/big.txt,61603840,131072
201,201_baseline_phase_change_run01,baseline,phase_change,1298,1778258985.9005826,/big.txt,61734912,131072
201,201_baseline_phase_change_run01,baseline,phase_change,1299,1778258985.9006736,/big.txt,61865984,131072
201,201_baseline_phase_change_run01,baseline,phase_change,1300,1778258985.9007638,/big.txt,61997056,131072
201,201_baseline_phase_change_run01,baseline,phase_change,1301,1778258985.9008546,/big.txt,62128128,131072
201,201_baseline_phase_change_run01,baseline,phase_change,1302,1778258985.9009447,/big.txt,62259200,131072
201,201_baseline_phase_change_run01,baseline,phase_change,1303,1778258985.9010353,/big.txt,62390272,131072
201,201_baseline_phase_change_run01,baseline,phase_change,1304,1778258985.9011264,/big.txt,62521344,131072
201,201_baseline_phase_change_run01,baseline,phase_change,1305,1778258985.9012208,/big.txt,62652416,131072
201,201_baseline_phase_change_run01,baseline,phase_change,1306,1778258985.9013152,/big.txt,62783488,131072
201,201_baseline_phase_change_run01,baseline,phase_change,1307,1778258985.901407,/big.txt,62914560,131072
201,201_baseline_phase_change_run01,baseline,phase_change,1308,1778258985.901497,/big.txt,63045632,131072
201,201_baseline_phase_change_run01,baseline,phase_change,1309,1778258985.901588,/big.txt,63176704,131072
201,201_baseline_phase_change_run01,baseline,phase_change,1310,1778258985.9016783,/big.txt,63307776,131072
201,201_baseline_phase_change_run01,baseline,phase_change,1311,1778258985.9017682,/big.txt,63438848,131072
201,201_baseline_phase_change_run01,baseline,phase_change,1312,1778258985.901859,/big.txt,63569920,131072
201,201_baseline_phase_change_run01,baseline,phase_change,1313,1778258985.9019487,/big.txt,63700992,131072
201,201_baseline_phase_change_run01,baseline,phase_change,1314,1778258985.9020395,/big.txt,63832064,131072
201,201_baseline_phase_change_run01,baseline,phase_change,1315,1778258985.9021304,/big.txt,63963136,131072
201,201_baseline_phase_change_run01,baseline,phase_change,1316,1778258985.9022205,/big.txt,64094208,131072
201,201_baseline_phase_change_run01,baseline,phase_change,1317,1778258985.9023113,/big.txt,64225280,131072
201,201_baseline_phase_change_run01,baseline,phase_change,1318,1778258985.9024024,/big.txt,64356352,131072
201,201_baseline_phase_change_run01,baseline,phase_change,1319,1778258985.9024925,/big.txt,64487424,131072
201,201_baseline_phase_change_run01,baseline,phase_change,1320,1778258985.902583,/big.txt,64618496,131072
201,201_baseline_phase_change_run01,baseline,phase_change,1321,1778258985.9026732,/big.txt,64749568,131072
201,201_baseline_phase_change_run01,baseline,phase_change,1322,1778258985.9027638,/big.txt,64880640,131072
201,201_baseline_phase_change_run01,baseline,phase_change,1323,1778258985.902891,/big.txt,65011712,131072
201,201_baseline_phase_change_run01,baseline,phase_change,1324,1778258985.9029822,/big.txt,65142784,131072
201,201_baseline_phase_change_run01,baseline,phase_change,1325,1778258985.903073,/big.txt,65273856,131072
201,201_baseline_phase_change_run01,baseline,phase_change,1326,1778258985.9031649,/big.txt,65404928,131072
201,201_baseline_phase_change_run01,baseline,phase_change,1327,1778258985.9032557,/big.txt,65536000,131072
201,201_baseline_phase_change_run01,baseline,phase_change,1328,1778258985.9033484,/big.txt,65667072,131072
201,201_baseline_phase_change_run01,baseline,phase_change,1329,1778258985.9034393,/big.txt,65798144,131072
201,201_baseline_phase_change_run01,baseline,phase_change,1330,1778258985.9035296,/big.txt,65929216,131072
201,201_baseline_phase_change_run01,baseline,phase_change,1331,1778258985.9036202,/big.txt,66060288,131072
201,201_baseline_phase_change_run01,baseline,phase_change,1332,1778258985.9037113,/big.txt,66191360,131072
201,201_baseline_phase_change_run01,baseline,phase_change,1333,1778258985.9038057,/big.txt,66322432,131072
201,201_baseline_phase_change_run01,baseline,phase_change,1334,1778258985.9038975,/big.txt,66453504,131072
201,201_baseline_phase_change_run01,baseline,phase_change,1335,1778258985.9039881,/big.txt,66584576,131072
201,201_baseline_phase_change_run01,baseline,phase_change,1336,1778258985.9040794,/big.txt,66715648,131072
201,201_baseline_phase_change_run01,baseline,phase_change,1337,1778258985.90417,/big.txt,66846720,131072
201,201_baseline_phase_change_run01,baseline,phase_change,1338,1778258985.9042616,/big.txt,66977792,131072
201,201_baseline_phase_change_run01,baseline,phase_change,1339,1778258985.9043527,/big.txt,67108864,131072
201,201_baseline_phase_change_run01,baseline,phase_change,1340,1778258985.9044428,/big.txt,67239936,131072
201,201_baseline_phase_change_run01,baseline,phase_change,1341,1778258985.904534,/big.txt,67371008,131072
201,201_baseline_phase_change_run01,baseline,phase_change,1342,1778258985.9046242,/big.txt,67502080,131072
201,201_baseline_phase_change_run01,baseline,phase_change,1343,1778258985.9047143,/big.txt,67633152,131072
201,201_baseline_phase_change_run01,baseline,phase_change,1344,1778258985.9048097,/big.txt,67764224,131072
201,201_baseline_phase_change_run01,baseline,phase_change,1345,1778258985.9049006,/big.txt,67895296,131072
201,201_baseline_phase_change_run01,baseline,phase_change,1346,1778258985.9049911,/big.txt,68026368,131072
201,201_baseline_phase_change_run01,baseline,phase_change,1347,1778258985.9050827,/big.txt,68157440,131072
201,201_baseline_phase_change_run01,baseline,phase_change,1348,1778258985.9051733,/big.txt,68288512,131072
201,201_baseline_phase_change_run01,baseline,phase_change,1349,1778258985.9052644,/big.txt,68419584,131072
201,201_baseline_phase_change_run01,baseline,phase_change,1350,1778258985.9053547,/big.txt,68550656,131072
201,201_baseline_phase_change_run01,baseline,phase_change,1351,1778258985.9054449,/big.txt,68681728,131072
201,201_baseline_phase_change_run01,baseline,phase_change,1352,1778258985.9055355,/big.txt,68812800,131072
201,201_baseline_phase_change_run01,baseline,phase_change,1353,1778258985.9056263,/big.txt,68943872,131072
201,201_baseline_phase_change_run01,baseline,phase_change,1354,1778258985.9057176,/big.txt,69074944,131072
201,201_baseline_phase_change_run01,baseline,phase_change,1355,1778258985.9058077,/big.txt,69206016,131072
201,201_baseline_phase_change_run01,baseline,phase_change,1356,1778258985.9058974,/big.txt,69337088,131072
201,201_baseline_phase_change_run01,baseline,phase_change,1357,1778258985.9059873,/big.txt,69468160,131072
201,201_baseline_phase_change_run01,baseline,phase_change,1358,1778258985.9060779,/big.txt,69599232,131072
201,201_baseline_phase_change_run01,baseline,phase_change,1359,1778258985.9061675,/big.txt,69730304,131072
201,201_baseline_phase_change_run01,baseline,phase_change,1360,1778258985.9062572,/big.txt,69861376,131072
201,201_baseline_phase_change_run01,baseline,phase_change,1361,1778258985.906352,/big.txt,69992448,131072
201,201_baseline_phase_change_run01,baseline,phase_change,1362,1778258985.9064424,/big.txt,70123520,131072
201,201_baseline_phase_change_run01,baseline,phase_change,1363,1778258985.906532,/big.txt,70254592,131072
201,201_baseline_phase_change_run01,baseline,phase_change,1364,1778258985.9066224,/big.txt,70385664,131072
201,201_baseline_phase_change_run01,baseline,phase_change,1365,1778258985.9067125,/big.txt,70516736,131072
201,201_baseline_phase_change_run01,baseline,phase_change,1366,1778258985.9068177,/big.txt,70647808,131072
201,201_baseline_phase_change_run01,baseline,phase_change,1367,1778258985.906963,/big.txt,70778880,131072
201,201_baseline_phase_change_run01,baseline,phase_change,1368,1778258985.9070947,/big.txt,70909952,131072
201,201_baseline_phase_change_run01,baseline,phase_change,1369,1778258985.9072232,/big.txt,71041024,131072
201,201_baseline_phase_change_run01,baseline,phase_change,1370,1778258985.9073532,/big.txt,71172096,131072
201,201_baseline_phase_change_run01,baseline,phase_change,1371,1778258985.907484,/big.txt,71303168,131072
201,201_baseline_phase_change_run01,baseline,phase_change,1372,1778258985.9076,/big.txt,71434240,131072
201,201_baseline_phase_change_run01,baseline,phase_change,1373,1778258985.907693,/big.txt,71565312,131072
201,201_baseline_phase_change_run01,baseline,phase_change,1374,1778258985.907785,/big.txt,71696384,131072
201,201_baseline_phase_change_run01,baseline,phase_change,1375,1778258985.907878,/big.txt,71827456,131072
201,201_baseline_phase_change_run01,baseline,phase_change,1376,1778258985.9079702,/big.txt,71958528,131072
201,201_baseline_phase_change_run01,baseline,phase_change,1377,1778258985.908063,/big.txt,72089600,131072
201,201_baseline_phase_change_run01,baseline,phase_change,1378,1778258985.9081547,/big.txt,72220672,131072
201,201_baseline_phase_change_run01,baseline,phase_change,1379,1778258985.9082465,/big.txt,72351744,131072
201,201_baseline_phase_change_run01,baseline,phase_change,1380,1778258985.9083378,/big.txt,72482816,131072
201,201_baseline_phase_change_run01,baseline,phase_change,1381,1778258985.908428,/big.txt,72613888,131072
201,201_baseline_phase_change_run01,baseline,phase_change,1382,1778258985.9085221,/big.txt,72744960,131072
201,201_baseline_phase_change_run01,baseline,phase_change,1383,1778258985.9086123,/big.txt,72876032,131072
201,201_baseline_phase_change_run01,baseline,phase_change,1384,1778258985.9087017,/big.txt,73007104,131072
201,201_baseline_phase_change_run01,baseline,phase_change,1385,1778258985.9087908,/big.txt,73138176,131072
201,201_baseline_phase_change_run01,baseline,phase_change,1386,1778258985.9088802,/big.txt,73269248,131072
201,201_baseline_phase_change_run01,baseline,phase_change,1387,1778258985.9089694,/big.txt,73400320,131072
201,201_baseline_phase_change_run01,baseline,phase_change,1388,1778258985.909059,/big.txt,73531392,131072
201,201_baseline_phase_change_run01,baseline,phase_change,1389,1778258985.9091532,/big.txt,73662464,131072
201,201_baseline_phase_change_run01,baseline,phase_change,1390,1778258985.9092433,/big.txt,73793536,131072
201,201_baseline_phase_change_run01,baseline,phase_change,1391,1778258985.909333,/big.txt,73924608,131072
201,201_baseline_phase_change_run01,baseline,phase_change,1392,1778258985.9094229,/big.txt,74055680,131072
201,201_baseline_phase_change_run01,baseline,phase_change,1393,1778258985.9095125,/big.txt,74186752,131072
201,201_baseline_phase_change_run01,baseline,phase_change,1394,1778258985.9096026,/big.txt,74317824,131072
201,201_baseline_phase_change_run01,baseline,phase_change,1395,1778258985.909693,/big.txt,74448896,131072
201,201_baseline_phase_change_run01,baseline,phase_change,1396,1778258985.9097838,/big.txt,74579968,131072
201,201_baseline_phase_change_run01,baseline,phase_change,1397,1778258985.9098732,/big.txt,74711040,131072
201,201_baseline_phase_change_run01,baseline,phase_change,1398,1778258985.9099638,/big.txt,74842112,131072
201,201_baseline_phase_change_run01,baseline,phase_change,1399,1778258985.9100544,/big.txt,74973184,131072
201,201_baseline_phase_change_run01,baseline,phase_change,1400,1778258985.9101448,/big.txt,75104256,131072
201,201_baseline_phase_change_run01,baseline,phase_change,1401,1778258985.910235,/big.txt,75235328,131072
201,201_baseline_phase_change_run01,baseline,phase_change,1402,1778258985.910325,/big.txt,75366400,131072
201,201_baseline_phase_change_run01,baseline,phase_change,1403,1778258985.9104161,/big.txt,75497472,131072
201,201_baseline_phase_change_run01,baseline,phase_change,1404,1778258985.9105103,/big.txt,75628544,131072
201,201_baseline_phase_change_run01,baseline,phase_change,1405,1778258985.9106011,/big.txt,75759616,131072
201,201_baseline_phase_change_run01,baseline,phase_change,1406,1778258985.9106996,/big.txt,75890688,131072
201,201_baseline_phase_change_run01,baseline,phase_change,1407,1778258985.9108107,/big.txt,76021760,131072
201,201_baseline_phase_change_run01,baseline,phase_change,1408,1778258985.910916,/big.txt,76152832,131072
201,201_baseline_phase_change_run01,baseline,phase_change,1409,1778258985.9110072,/big.txt,76283904,131072
201,201_baseline_phase_change_run01,baseline,phase_change,1410,1778258985.911099,/big.txt,76414976,131072
201,201_baseline_phase_change_run01,baseline,phase_change,1411,1778258985.9111893,/big.txt,76546048,131072
201,201_baseline_phase_change_run01,baseline,phase_change,1412,1778258985.9112797,/big.txt,76677120,131072
201,201_baseline_phase_change_run01,baseline,phase_change,1413,1778258985.9113688,/big.txt,76808192,131072
201,201_baseline_phase_change_run01,baseline,phase_change,1414,1778258985.91146,/big.txt,76939264,131072
201,201_baseline_phase_change_run01,baseline,phase_change,1415,1778258985.91155,/big.txt,77070336,131072
201,201_baseline_phase_change_run01,baseline,phase_change,1416,1778258985.911644,/big.txt,77201408,131072
201,201_baseline_phase_change_run01,baseline,phase_change,1417,1778258985.9117355,/big.txt,77332480,131072
201,201_baseline_phase_change_run01,baseline,phase_change,1418,1778258985.9118268,/big.txt,77463552,131072
201,201_baseline_phase_change_run01,baseline,phase_change,1419,1778258985.911917,/big.txt,77594624,131072
201,201_baseline_phase_change_run01,baseline,phase_change,1420,1778258985.9120111,/big.txt,77725696,131072
201,201_baseline_phase_change_run01,baseline,phase_change,1421,1778258985.912102,/big.txt,77856768,131072
201,201_baseline_phase_change_run01,baseline,phase_change,1422,1778258985.9121926,/big.txt,77987840,131072
201,201_baseline_phase_change_run01,baseline,phase_change,1423,1778258985.9122825,/big.txt,78118912,131072
201,201_baseline_phase_change_run01,baseline,phase_change,1424,1778258985.912373,/big.txt,78249984,131072
201,201_baseline_phase_change_run01,baseline,phase_change,1425,1778258985.9124622,/big.txt,78381056,131072
201,201_baseline_phase_change_run01,baseline,phase_change,1426,1778258985.912552,/big.txt,78512128,131072
201,201_baseline_phase_change_run01,baseline,phase_change,1427,1778258985.912641,/big.txt,78643200,131072
201,201_baseline_phase_change_run01,baseline,phase_change,1428,1778258985.912731,/big.txt,78774272,131072
201,201_baseline_phase_change_run01,baseline,phase_change,1429,1778258985.9128196,/big.txt,78905344,131072
201,201_baseline_phase_change_run01,baseline,phase_change,1430,1778258985.9129095,/big.txt,79036416,131072
201,201_baseline_phase_change_run01,baseline,phase_change,1431,1778258985.913,/big.txt,79167488,131072
201,201_baseline_phase_change_run01,baseline,phase_change,1432,1778258985.9130907,/big.txt,79298560,131072
201,201_baseline_phase_change_run01,baseline,phase_change,1433,1778258985.913181,/big.txt,79429632,131072
201,201_baseline_phase_change_run01,baseline,phase_change,1434,1778258985.913272,/big.txt,79560704,131072
201,201_baseline_phase_change_run01,baseline,phase_change,1435,1778258985.9133615,/big.txt,79691776,131072
201,201_baseline_phase_change_run01,baseline,phase_change,1436,1778258985.9134517,/big.txt,79822848,131072
201,201_baseline_phase_change_run01,baseline,phase_change,1437,1778258985.9135416,/big.txt,79953920,131072
201,201_baseline_phase_change_run01,baseline,phase_change,1438,1778258985.9136317,/big.txt,80084992,131072
201,201_baseline_phase_change_run01,baseline,phase_change,1439,1778258985.9137213,/big.txt,80216064,131072
201,201_baseline_phase_change_run01,baseline,phase_change,1440,1778258985.9138114,/big.txt,80347136,131072
201,201_baseline_phase_change_run01,baseline,phase_change,1441,1778258985.9139018,/big.txt,80478208,131072
201,201_baseline_phase_change_run01,baseline,phase_change,1442,1778258985.9139924,/big.txt,80609280,131072
201,201_baseline_phase_change_run01,baseline,phase_change,1443,1778258985.9140825,/big.txt,80740352,131072
201,201_baseline_phase_change_run01,baseline,phase_change,1444,1778258985.9141772,/big.txt,80871424,131072
201,201_baseline_phase_change_run01,baseline,phase_change,1445,1778258985.914268,/big.txt,81002496,131072
201,201_baseline_phase_change_run01,baseline,phase_change,1446,1778258985.9143572,/big.txt,81133568,131072
201,201_baseline_phase_change_run01,baseline,phase_change,1447,1778258985.9144478,/big.txt,81264640,131072
201,201_baseline_phase_change_run01,baseline,phase_change,1448,1778258985.9145377,/big.txt,81395712,131072
201,201_baseline_phase_change_run01,baseline,phase_change,1449,1778258985.914628,/big.txt,81526784,131072
201,201_baseline_phase_change_run01,baseline,phase_change,1450,1778258985.9147177,/big.txt,81657856,131072
201,201_baseline_phase_change_run01,baseline,phase_change,1451,1778258985.9148421,/big.txt,81788928,131072
201,201_baseline_phase_change_run01,baseline,phase_change,1452,1778258985.9149861,/big.txt,81920000,131072
201,201_baseline_phase_change_run01,baseline,phase_change,1453,1778258985.9151037,/big.txt,82051072,131072
201,201_baseline_phase_change_run01,baseline,phase_change,1454,1778258985.91527,/big.txt,82182144,131072
201,201_baseline_phase_change_run01,baseline,phase_change,1455,1778258985.9154694,/big.txt,82313216,131072
201,201_baseline_phase_change_run01,baseline,phase_change,1456,1778258985.9156466,/big.txt,82444288,131072
201,201_baseline_phase_change_run01,baseline,phase_change,1457,1778258985.9157999,/big.txt,82575360,131072
201,201_baseline_phase_change_run01,baseline,phase_change,1458,1778258985.9159424,/big.txt,82706432,131072
201,201_baseline_phase_change_run01,baseline,phase_change,1459,1778258985.916064,/big.txt,82837504,131072
201,201_baseline_phase_change_run01,baseline,phase_change,1460,1778258985.91616,/big.txt,82968576,131072
201,201_baseline_phase_change_run01,baseline,phase_change,1461,1778258985.916254,/big.txt,83099648,131072
201,201_baseline_phase_change_run01,baseline,phase_change,1462,1778258985.9163482,/big.txt,83230720,131072
201,201_baseline_phase_change_run01,baseline,phase_change,1463,1778258985.9164426,/big.txt,83361792,131072
201,201_baseline_phase_change_run01,baseline,phase_change,1464,1778258985.916536,/big.txt,83492864,131072
201,201_baseline_phase_change_run01,baseline,phase_change,1465,1778258985.9166286,/big.txt,83623936,131072
201,201_baseline_phase_change_run01,baseline,phase_change,1466,1778258985.9167218,/big.txt,83755008,131072
201,201_baseline_phase_change_run01,baseline,phase_change,1467,1778258985.916815,/big.txt,83886080,131072
201,201_baseline_phase_change_run01,baseline,phase_change,1468,1778258985.9169064,/big.txt,84017152,131072
201,201_baseline_phase_change_run01,baseline,phase_change,1469,1778258985.9169977,/big.txt,84148224,131072
201,201_baseline_phase_change_run01,baseline,phase_change,1470,1778258985.9170895,/big.txt,84279296,131072
201,201_baseline_phase_change_run01,baseline,phase_change,1471,1778258985.9171813,/big.txt,84410368,131072
201,201_baseline_phase_change_run01,baseline,phase_change,1472,1778258985.917276,/big.txt,84541440,131072
201,201_baseline_phase_change_run01,baseline,phase_change,1473,1778258985.9173675,/big.txt,84672512,131072
201,201_baseline_phase_change_run01,baseline,phase_change,1474,1778258985.9174588,/big.txt,84803584,131072
201,201_baseline_phase_change_run01,baseline,phase_change,1475,1778258985.9175496,/big.txt,84934656,131072
201,201_baseline_phase_change_run01,baseline,phase_change,1476,1778258985.9176407,/big.txt,85065728,131072
201,201_baseline_phase_change_run01,baseline,phase_change,1477,1778258985.917733,/big.txt,85196800,131072
201,201_baseline_phase_change_run01,baseline,phase_change,1478,1778258985.9178247,/big.txt,85327872,131072
201,201_baseline_phase_change_run01,baseline,phase_change,1479,1778258985.9179163,/big.txt,85458944,131072
201,201_baseline_phase_change_run01,baseline,phase_change,1480,1778258985.9180074,/big.txt,85590016,131072
201,201_baseline_phase_change_run01,baseline,phase_change,1481,1778258985.9180992,/big.txt,85721088,131072
201,201_baseline_phase_change_run01,baseline,phase_change,1482,1778258985.9181898,/big.txt,85852160,131072
201,201_baseline_phase_change_run01,baseline,phase_change,1483,1778258985.918282,/big.txt,85983232,131072
201,201_baseline_phase_change_run01,baseline,phase_change,1484,1778258985.9183724,/big.txt,86114304,131072
201,201_baseline_phase_change_run01,baseline,phase_change,1485,1778258985.9184637,/big.txt,86245376,131072
201,201_baseline_phase_change_run01,baseline,phase_change,1486,1778258985.9185543,/big.txt,86376448,131072
201,201_baseline_phase_change_run01,baseline,phase_change,1487,1778258985.918646,/big.txt,86507520,131072
201,201_baseline_phase_change_run01,baseline,phase_change,1488,1778258985.9187376,/big.txt,86638592,131072
201,201_baseline_phase_change_run01,baseline,phase_change,1489,1778258985.918868,/big.txt,86769664,131072
201,201_baseline_phase_change_run01,baseline,phase_change,1490,1778258985.9189596,/big.txt,86900736,131072
201,201_baseline_phase_change_run01,baseline,phase_change,1491,1778258985.919049,/big.txt,87031808,131072
201,201_baseline_phase_change_run01,baseline,phase_change,1492,1778258985.9191399,/big.txt,87162880,131072
201,201_baseline_phase_change_run01,baseline,phase_change,1493,1778258985.9192305,/big.txt,87293952,131072
201,201_baseline_phase_change_run01,baseline,phase_change,1494,1778258985.9193206,/big.txt,87425024,131072
201,201_baseline_phase_change_run01,baseline,phase_change,1495,1778258985.919411,/big.txt,87556096,131072
201,201_baseline_phase_change_run01,baseline,phase_change,1496,1778258985.9195058,/big.txt,87687168,131072
201,201_baseline_phase_change_run01,baseline,phase_change,1497,1778258985.9195962,/big.txt,87818240,131072
201,201_baseline_phase_change_run01,baseline,phase_change,1498,1778258985.9196863,/big.txt,87949312,131072
201,201_baseline_phase_change_run01,baseline,phase_change,1499,1778258985.919781,/big.txt,88080384,131072
201,201_baseline_phase_change_run01,baseline,phase_change,1500,1778258985.9198713,/big.txt,88211456,131072
201,201_baseline_phase_change_run01,baseline,phase_change,1501,1778258985.9199617,/big.txt,88342528,131072
201,201_baseline_phase_change_run01,baseline,phase_change,1502,1778258985.9200523,/big.txt,88473600,131072
201,201_baseline_phase_change_run01,baseline,phase_change,1503,1778258985.9201424,/big.txt,88604672,131072
201,201_baseline_phase_change_run01,baseline,phase_change,1504,1778258985.9202325,/big.txt,88735744,131072
201,201_baseline_phase_change_run01,baseline,phase_change,1505,1778258985.9203217,/big.txt,88866816,131072
201,201_baseline_phase_change_run01,baseline,phase_change,1506,1778258985.920412,/big.txt,88997888,131072
201,201_baseline_phase_change_run01,baseline,phase_change,1507,1778258985.9205024,/big.txt,89128960,131072
201,201_baseline_phase_change_run01,baseline,phase_change,1508,1778258985.9205925,/big.txt,89260032,131072
201,201_baseline_phase_change_run01,baseline,phase_change,1509,1778258985.9206822,/big.txt,89391104,131072
201,201_baseline_phase_change_run01,baseline,phase_change,1510,1778258985.9207723,/big.txt,89522176,131072
201,201_baseline_phase_change_run01,baseline,phase_change,1511,1778258985.920862,/big.txt,89653248,131072
201,201_baseline_phase_change_run01,baseline,phase_change,1512,1778258985.9209516,/big.txt,89784320,131072
201,201_baseline_phase_change_run01,baseline,phase_change,1513,1778258985.9210422,/big.txt,89915392,131072
201,201_baseline_phase_change_run01,baseline,phase_change,1514,1778258985.921132,/big.txt,90046464,131072
201,201_baseline_phase_change_run01,baseline,phase_change,1515,1778258985.9212227,/big.txt,90177536,131072
201,201_baseline_phase_change_run01,baseline,phase_change,1516,1778258985.9213138,/big.txt,90308608,131072
201,201_baseline_phase_change_run01,baseline,phase_change,1517,1778258985.9214046,/big.txt,90439680,131072
201,201_baseline_phase_change_run01,baseline,phase_change,1518,1778258985.9214954,/big.txt,90570752,131072
201,201_baseline_phase_change_run01,baseline,phase_change,1519,1778258985.9215853,/big.txt,90701824,131072
201,201_baseline_phase_change_run01,baseline,phase_change,1520,1778258985.9216754,/big.txt,90832896,131072
201,201_baseline_phase_change_run01,baseline,phase_change,1521,1778258985.921767,/big.txt,90963968,131072
201,201_baseline_phase_change_run01,baseline,phase_change,1522,1778258985.9218569,/big.txt,91095040,131072
201,201_baseline_phase_change_run01,baseline,phase_change,1523,1778258985.9219468,/big.txt,91226112,131072
201,201_baseline_phase_change_run01,baseline,phase_change,1524,1778258985.9220376,/big.txt,91357184,131072
201,201_baseline_phase_change_run01,baseline,phase_change,1525,1778258985.922128,/big.txt,91488256,131072
201,201_baseline_phase_change_run01,baseline,phase_change,1526,1778258985.922218,/big.txt,91619328,131072
201,201_baseline_phase_change_run01,baseline,phase_change,1527,1778258985.9223113,/big.txt,91750400,131072
201,201_baseline_phase_change_run01,baseline,phase_change,1528,1778258985.9224021,/big.txt,91881472,131072
201,201_baseline_phase_change_run01,baseline,phase_change,1529,1778258985.9224927,/big.txt,92012544,131072
201,201_baseline_phase_change_run01,baseline,phase_change,1530,1778258985.9225843,/big.txt,92143616,131072
201,201_baseline_phase_change_run01,baseline,phase_change,1531,1778258985.9226751,/big.txt,92274688,131072
201,201_baseline_phase_change_run01,baseline,phase_change,1532,1778258985.9227695,/big.txt,92405760,131072
201,201_baseline_phase_change_run01,baseline,phase_change,1533,1778258985.922907,/big.txt,92536832,131072
201,201_baseline_phase_change_run01,baseline,phase_change,1534,1778258985.9230034,/big.txt,92667904,131072
201,201_baseline_phase_change_run01,baseline,phase_change,1535,1778258985.9230945,/big.txt,92798976,131072
201,201_baseline_phase_change_run01,baseline,phase_change,1536,1778258985.9231853,/big.txt,92930048,131072
201,201_baseline_phase_change_run01,baseline,phase_change,1537,1778258985.9232762,/big.txt,93061120,131072
201,201_baseline_phase_change_run01,baseline,phase_change,1538,1778258985.9233658,/big.txt,93192192,131072
201,201_baseline_phase_change_run01,baseline,phase_change,1539,1778258985.9234557,/big.txt,93323264,131072
201,201_baseline_phase_change_run01,baseline,phase_change,1540,1778258985.9235463,/big.txt,93454336,131072
201,201_baseline_phase_change_run01,baseline,phase_change,1541,1778258985.9236364,/big.txt,93585408,131072
201,201_baseline_phase_change_run01,baseline,phase_change,1542,1778258985.923727,/big.txt,93716480,131072
201,201_baseline_phase_change_run01,baseline,phase_change,1543,1778258985.923817,/big.txt,93847552,131072
201,201_baseline_phase_change_run01,baseline,phase_change,1544,1778258985.923907,/big.txt,93978624,131072
201,201_baseline_phase_change_run01,baseline,phase_change,1545,1778258985.9239972,/big.txt,94109696,131072
201,201_baseline_phase_change_run01,baseline,phase_change,1546,1778258985.9240873,/big.txt,94240768,131072
201,201_baseline_phase_change_run01,baseline,phase_change,1547,1778258985.9241786,/big.txt,94371840,131072
201,201_baseline_phase_change_run01,baseline,phase_change,1548,1778258985.9242682,/big.txt,94502912,131072
201,201_baseline_phase_change_run01,baseline,phase_change,1549,1778258985.9243586,/big.txt,94633984,131072
201,201_baseline_phase_change_run01,baseline,phase_change,1550,1778258985.9244504,/big.txt,94765056,131072
201,201_baseline_phase_change_run01,baseline,phase_change,1551,1778258985.9245405,/big.txt,94896128,131072
201,201_baseline_phase_change_run01,baseline,phase_change,1552,1778258985.9246316,/big.txt,95027200,131072
201,201_baseline_phase_change_run01,baseline,phase_change,1553,1778258985.924723,/big.txt,95158272,131072
201,201_baseline_phase_change_run01,baseline,phase_change,1554,1778258985.9248137,/big.txt,95289344,131072
201,201_baseline_phase_change_run01,baseline,phase_change,1555,1778258985.924908,/big.txt,95420416,131072
201,201_baseline_phase_change_run01,baseline,phase_change,1556,1778258985.9249995,/big.txt,95551488,131072
201,201_baseline_phase_change_run01,baseline,phase_change,1557,1778258985.9250894,/big.txt,95682560,131072
201,201_baseline_phase_change_run01,baseline,phase_change,1558,1778258985.9251795,/big.txt,95813632,131072
201,201_baseline_phase_change_run01,baseline,phase_change,1559,1778258985.9252706,/big.txt,95944704,131072
201,201_baseline_phase_change_run01,baseline,phase_change,1560,1778258985.9253612,/big.txt,96075776,131072
201,201_baseline_phase_change_run01,baseline,phase_change,1561,1778258985.9254525,/big.txt,96206848,131072
201,201_baseline_phase_change_run01,baseline,phase_change,1562,1778258985.9255433,/big.txt,96337920,131072
201,201_baseline_phase_change_run01,baseline,phase_change,1563,1778258985.9256332,/big.txt,96468992,131072
201,201_baseline_phase_change_run01,baseline,phase_change,1564,1778258985.9257238,/big.txt,96600064,131072
201,201_baseline_phase_change_run01,baseline,phase_change,1565,1778258985.9258149,/big.txt,96731136,131072
201,201_baseline_phase_change_run01,baseline,phase_change,1566,1778258985.9259043,/big.txt,96862208,131072
201,201_baseline_phase_change_run01,baseline,phase_change,1567,1778258985.9259946,/big.txt,96993280,131072
201,201_baseline_phase_change_run01,baseline,phase_change,1568,1778258985.9260852,/big.txt,97124352,131072
201,201_baseline_phase_change_run01,baseline,phase_change,1569,1778258985.9261749,/big.txt,97255424,131072
201,201_baseline_phase_change_run01,baseline,phase_change,1570,1778258985.9262664,/big.txt,97386496,131072
201,201_baseline_phase_change_run01,baseline,phase_change,1571,1778258985.9263566,/big.txt,97517568,131072
201,201_baseline_phase_change_run01,baseline,phase_change,1572,1778258985.926452,/big.txt,97648640,131072
201,201_baseline_phase_change_run01,baseline,phase_change,1573,1778258985.9265425,/big.txt,97779712,131072
201,201_baseline_phase_change_run01,baseline,phase_change,1574,1778258985.9266334,/big.txt,97910784,131072
201,201_baseline_phase_change_run01,baseline,phase_change,1575,1778258985.926724,/big.txt,98041856,131072
201,201_baseline_phase_change_run01,baseline,phase_change,1576,1778258985.9268534,/big.txt,98172928,131072
201,201_baseline_phase_change_run01,baseline,phase_change,1577,1778258985.9269469,/big.txt,98304000,131072
201,201_baseline_phase_change_run01,baseline,phase_change,1578,1778258985.927037,/big.txt,98435072,131072
201,201_baseline_phase_change_run01,baseline,phase_change,1579,1778258985.9271271,/big.txt,98566144,131072
201,201_baseline_phase_change_run01,baseline,phase_change,1580,1778258985.927218,/big.txt,98697216,131072
201,201_baseline_phase_change_run01,baseline,phase_change,1581,1778258985.9273076,/big.txt,98828288,131072
201,201_baseline_phase_change_run01,baseline,phase_change,1582,1778258985.927398,/big.txt,98959360,131072
201,201_baseline_phase_change_run01,baseline,phase_change,1583,1778258985.9274924,/big.txt,99090432,131072
201,201_baseline_phase_change_run01,baseline,phase_change,1584,1778258985.927583,/big.txt,99221504,131072
201,201_baseline_phase_change_run01,baseline,phase_change,1585,1778258985.9276733,/big.txt,99352576,131072
201,201_baseline_phase_change_run01,baseline,phase_change,1586,1778258985.927768,/big.txt,99483648,131072
201,201_baseline_phase_change_run01,baseline,phase_change,1587,1778258985.927858,/big.txt,99614720,131072
201,201_baseline_phase_change_run01,baseline,phase_change,1588,1778258985.9279482,/big.txt,99745792,131072
201,201_baseline_phase_change_run01,baseline,phase_change,1589,1778258985.9280398,/big.txt,99876864,131072
201,201_baseline_phase_change_run01,baseline,phase_change,1590,1778258985.9281294,/big.txt,100007936,131072
201,201_baseline_phase_change_run01,baseline,phase_change,1591,1778258985.9282188,/big.txt,100139008,131072
201,201_baseline_phase_change_run01,baseline,phase_change,1592,1778258985.9283087,/big.txt,100270080,131072
201,201_baseline_phase_change_run01,baseline,phase_change,1593,1778258985.9283984,/big.txt,100401152,131072
201,201_baseline_phase_change_run01,baseline,phase_change,1594,1778258985.9284887,/big.txt,100532224,131072
201,201_baseline_phase_change_run01,baseline,phase_change,1595,1778258985.9285793,/big.txt,100663296,131072
201,201_baseline_phase_change_run01,baseline,phase_change,1596,1778258985.9286692,/big.txt,100794368,131072
201,201_baseline_phase_change_run01,baseline,phase_change,1597,1778258985.928759,/big.txt,100925440,131072
201,201_baseline_phase_change_run01,baseline,phase_change,1598,1778258985.9288487,/big.txt,101056512,131072
201,201_baseline_phase_change_run01,baseline,phase_change,1599,1778258985.928938,/big.txt,101187584,131072
201,201_baseline_phase_change_run01,baseline,phase_change,1600,1778258985.9290273,/big.txt,101318656,131072
201,201_baseline_phase_change_run01,baseline,phase_change,1601,1778258985.929118,/big.txt,101449728,131072
201,201_baseline_phase_change_run01,baseline,phase_change,1602,1778258985.9292073,/big.txt,101580800,131072
201,201_baseline_phase_change_run01,baseline,phase_change,1603,1778258985.9292967,/big.txt,101711872,131072
201,201_baseline_phase_change_run01,baseline,phase_change,1604,1778258985.929387,/big.txt,101842944,131072
201,201_baseline_phase_change_run01,baseline,phase_change,1605,1778258985.9294765,/big.txt,101974016,131072
201,201_baseline_phase_change_run01,baseline,phase_change,1606,1778258985.929566,/big.txt,102105088,131072
201,201_baseline_phase_change_run01,baseline,phase_change,1607,1778258985.929656,/big.txt,102236160,131072
201,201_baseline_phase_change_run01,baseline,phase_change,1608,1778258985.9297462,/big.txt,102367232,131072
201,201_baseline_phase_change_run01,baseline,phase_change,1609,1778258985.9298358,/big.txt,102498304,131072
201,201_baseline_phase_change_run01,baseline,phase_change,1610,1778258985.9299328,/big.txt,102629376,131072
201,201_baseline_phase_change_run01,baseline,phase_change,1611,1778258985.9300232,/big.txt,102760448,131072
201,201_baseline_phase_change_run01,baseline,phase_change,1612,1778258985.9301138,/big.txt,102891520,131072
201,201_baseline_phase_change_run01,baseline,phase_change,1613,1778258985.9302032,/big.txt,103022592,131072
201,201_baseline_phase_change_run01,baseline,phase_change,1614,1778258985.9302933,/big.txt,103153664,131072
201,201_baseline_phase_change_run01,baseline,phase_change,1615,1778258985.930383,/big.txt,103284736,131072
201,201_baseline_phase_change_run01,baseline,phase_change,1616,1778258985.9304738,/big.txt,103415808,131072
201,201_baseline_phase_change_run01,baseline,phase_change,1617,1778258985.930563,/big.txt,103546880,131072
201,201_baseline_phase_change_run01,baseline,phase_change,1618,1778258985.9306533,/big.txt,103677952,131072
201,201_baseline_phase_change_run01,baseline,phase_change,1619,1778258985.930743,/big.txt,103809024,131072
201,201_baseline_phase_change_run01,baseline,phase_change,1620,1778258985.930873,/big.txt,103940096,131072
201,201_baseline_phase_change_run01,baseline,phase_change,1621,1778258985.9309642,/big.txt,104071168,131072
201,201_baseline_phase_change_run01,baseline,phase_change,1622,1778258985.9310548,/big.txt,104202240,131072
201,201_baseline_phase_change_run01,baseline,phase_change,1623,1778258985.931145,/big.txt,104333312,131072
201,201_baseline_phase_change_run01,baseline,phase_change,1624,1778258985.9312353,/big.txt,104464384,131072
201,201_baseline_phase_change_run01,baseline,phase_change,1625,1778258985.9313257,/big.txt,104595456,131072
201,201_baseline_phase_change_run01,baseline,phase_change,1626,1778258985.9314153,/big.txt,104726528,131072
201,201_baseline_phase_change_run01,baseline,phase_change,1627,1778258985.9314964,/big.txt,104857600,0
