run_index,run_label,mode,workload,timestamp,path,offset,size,phase,confidence,decay_rate,seek_delta,prefetch,prefetch_offset,prefetch_size,prefetch_depth
201,201_baseline_phase_change_run01,baseline,phase_change,1778258985.7560866,/big.txt,0,131072,unknown,0.0000,0.0000,0,1,131072,4096,1
201,201_baseline_phase_change_run01,baseline,phase_change,1778258985.756467,/big.txt,131072,131072,sequential,1.0000,0.0000,0,1,262144,4096,1
201,201_baseline_phase_change_run01,baseline,phase_change,1778258985.7567334,/big.txt,262144,131072,sequential,1.0000,0.0000,0,1,393216,4096,1
201,201_baseline_phase_change_run01,baseline,phase_change,1778258985.7570007,/big.txt,393216,131072,sequential,1.0000,0.0000,0,1,524288,4096,1
201,201_baseline_phase_change_run01,baseline,phase_change,1778258985.7572687,/big.txt,524288,131072,sequential,1.0000,0.0000,0,1,655360,4096,1
201,201_baseline_phase_change_run01,baseline,phase_change,1778258985.757485,/big.txt,655360,131072,sequential,1.0000,0.0000,0,1,786432,4096,1
201,201_baseline_phase_change_run01,baseline,phase_change,1778258985.7576857,/big.txt,786432,131072,sequential,1.0000,0.0000,0,1,917504,4096,1
201,201_baseline_phase_change_run01,baseline,phase_change,1778258985.7580473,/big.txt,917504,131072,sequential,1.0000,0.0000,0,1,1048576,4096,1
201,201_baseline_phase_change_run01,baseline,phase_change,1778258985.7582457,/big.txt,1048576,131072,sequential,1.0000,0.0000,0,1,1179648,4096,1
201,201_baseline_phase_change_run01,baseline,phase_change,1778258985.7584345,/big.txt,1179648,131072,sequential,1.0000,0.0000,0,1,1310720,4096,1
201,201_baseline_phase_change_run01,baseline,phase_change,1778258985.7586083,/big.txt,1310720,131072,sequential,1.0000,0.0000,0,1,1441792,4096,1
201,201_baseline_phase_change_run01,baseline,phase_change,1778258985.758758,/big.txt,1441792,131072,sequential,1.0000,0.0000,0,1,1572864,4096,1
201,201_baseline_phase_change_run01,baseline,phase_change,1778258985.7589235,/big.txt,1572864,131072,sequential,1.0000,0.0000,0,1,1703936,4096,1
201,201_baseline_phase_change_run01,baseline,phase_change,1778258985.7591085,/big.txt,1703936,131072,sequential,1.0000,0.0000,0,1,1835008,4096,1
201,201_baseline_phase_change_run01,baseline,phase_change,1778258985.7592914,/big.txt,1835008,131072,sequential,1.0000,0.0000,0,1,1966080,4096,1
201,201_baseline_phase_change_run01,baseline,phase_change,1778258985.7594795,/big.txt,1966080,131072,sequential,1.0000,0.0000,0,1,2097152,4096,1
201,201_baseline_phase_change_run01,baseline,phase_change,1778258985.7596645,/big.txt,2097152,131072,sequential,1.0000,0.0000,0,1,2228224,4096,1
201,201_baseline_phase_change_run01,baseline,phase_change,1778258985.7598534,/big.txt,2228224,131072,sequential,1.0000,0.0000,0,1,2359296,4096,1
201,201_baseline_phase_change_run01,baseline,phase_change,1778258985.76004,/big.txt,2359296,131072,sequential,1.0000,0.0000,0,1,2490368,4096,1
201,201_baseline_phase_change_run01,baseline,phase_change,1778258985.760191,/big.txt,2490368,131072,sequential,1.0000,0.0000,0,1,2621440,4096,1
201,201_baseline_phase_change_run01,baseline,phase_change,1778258985.7603402,/big.txt,2621440,131072,sequential,1.0000,0.0000,0,1,2752512,4096,1
201,201_baseline_phase_change_run01,baseline,phase_change,1778258985.7604897,/big.txt,2752512,131072,sequential,1.0000,0.0000,0,1,2883584,4096,1
201,201_baseline_phase_change_run01,baseline,phase_change,1778258985.7606432,/big.txt,2883584,131072,sequential,1.0000,0.0000,0,1,3014656,4096,1
201,201_baseline_phase_change_run01,baseline,phase_change,1778258985.760826,/big.txt,3014656,131072,sequential,1.0000,0.0000,0,1,3145728,4096,1
201,201_baseline_phase_change_run01,baseline,phase_change,1778258985.761004,/big.txt,3145728,131072,sequential,1.0000,0.0000,0,1,3276800,4096,1
201,201_baseline_phase_change_run01,baseline,phase_change,1778258985.76118,/big.txt,3276800,131072,sequential,1.0000,0.0000,0,1,3407872,4096,1
201,201_baseline_phase_change_run01,baseline,phase_change,1778258985.7613308,/big.txt,3407872,131072,sequential,1.0000,0.0000,0,1,3538944,4096,1
201,201_baseline_phase_change_run01,baseline,phase_change,1778258985.761501,/big.txt,3538944,131072,sequential,1.0000,0.0000,0,1,3670016,4096,1
201,201_baseline_phase_change_run01,baseline,phase_change,1778258985.7616634,/big.txt,3670016,131072,sequential,1.0000,0.0000,0,1,3801088,4096,1
201,201_baseline_phase_change_run01,baseline,phase_change,1778258985.7618113,/big.txt,3801088,131072,sequential,1.0000,0.0000,0,1,3932160,4096,1
201,201_baseline_phase_change_run01,baseline,phase_change,1778258985.7619576,/big.txt,3932160,131072,sequential,1.0000,0.0000,0,1,4063232,4096,1
201,201_baseline_phase_change_run01,baseline,phase_change,1778258985.7621284,/big.txt,4063232,131072,sequential,1.0000,0.0000,0,1,4194304,4096,1
201,201_baseline_phase_change_run01,baseline,phase_change,1778258985.7623062,/big.txt,4194304,131072,sequential,1.0000,0.0000,0,1,4325376,4096,1
201,201_baseline_phase_change_run01,baseline,phase_change,1778258985.7624776,/big.txt,4325376,131072,sequential,1.0000,0.0000,0,1,4456448,4096,1
201,201_baseline_phase_change_run01,baseline,phase_change,1778258985.7626472,/big.txt,4456448,131072,sequential,1.0000,0.0000,0,1,4587520,4096,1
201,201_baseline_phase_change_run01,baseline,phase_change,1778258985.762806,/big.txt,4587520,131072,sequential,1.0000,0.0000,0,1,4718592,4096,1
201,201_baseline_phase_change_run01,baseline,phase_change,1778258985.7629592,/big.txt,4718592,131072,sequential,1.0000,0.0000,0,1,4849664,4096,1
201,201_baseline_phase_change_run01,baseline,phase_change,1778258985.7631123,/big.txt,4849664,131072,sequential,1.0000,0.0000,0,1,4980736,4096,1
201,201_baseline_phase_change_run01,baseline,phase_change,1778258985.7632751,/big.txt,4980736,131072,sequential,1.0000,0.0000,0,1,5111808,4096,1
201,201_baseline_phase_change_run01,baseline,phase_change,1778258985.763458,/big.txt,5111808,131072,sequential,1.0000,0.0000,0,1,5242880,4096,1
201,201_baseline_phase_change_run01,baseline,phase_change,1778258985.7636454,/big.txt,5242880,131072,sequential,1.0000,0.0000,0,1,5373952,4096,1
201,201_baseline_phase_change_run01,baseline,phase_change,1778258985.763817,/big.txt,5373952,131072,sequential,1.0000,0.0000,0,1,5505024,4096,1
201,201_baseline_phase_change_run01,baseline,phase_change,1778258985.7639916,/big.txt,5505024,131072,sequential,1.0000,0.0000,0,1,5636096,4096,1
201,201_baseline_phase_change_run01,baseline,phase_change,1778258985.7641404,/big.txt,5636096,131072,sequential,1.0000,0.0000,0,1,5767168,4096,1
201,201_baseline_phase_change_run01,baseline,phase_change,1778258985.7642975,/big.txt,5767168,131072,sequential,1.0000,0.0000,0,1,5898240,4096,1
201,201_baseline_phase_change_run01,baseline,phase_change,1778258985.7644675,/big.txt,5898240,131072,sequential,1.0000,0.0000,0,1,6029312,4096,1
201,201_baseline_phase_change_run01,baseline,phase_change,1778258985.764621,/big.txt,6029312,131072,sequential,1.0000,0.0000,0,1,6160384,4096,1
201,201_baseline_phase_change_run01,baseline,phase_change,1778258985.7647684,/big.txt,6160384,131072,sequential,1.0000,0.0000,0,1,6291456,4096,1
201,201_baseline_phase_change_run01,baseline,phase_change,1778258985.7649412,/big.txt,6291456,131072,sequential,1.0000,0.0000,0,1,6422528,4096,1
201,201_baseline_phase_change_run01,baseline,phase_change,1778258985.7650938,/big.txt,6422528,131072,sequential,1.0000,0.0000,0,1,6553600,4096,1
201,201_baseline_phase_change_run01,baseline,phase_change,1778258985.765242,/big.txt,6553600,131072,sequential,1.0000,0.0000,0,1,6684672,4096,1
201,201_baseline_phase_change_run01,baseline,phase_change,1778258985.7653883,/big.txt,6684672,131072,sequential,1.0000,0.0000,0,1,6815744,4096,1
201,201_baseline_phase_change_run01,baseline,phase_change,1778258985.765536,/big.txt,6815744,131072,sequential,1.0000,0.0000,0,1,6946816,4096,1
201,201_baseline_phase_change_run01,baseline,phase_change,1778258985.765683,/big.txt,6946816,131072,sequential,1.0000,0.0000,0,1,7077888,4096,1
201,201_baseline_phase_change_run01,baseline,phase_change,1778258985.765829,/big.txt,7077888,131072,sequential,1.0000,0.0000,0,1,7208960,4096,1
201,201_baseline_phase_change_run01,baseline,phase_change,1778258985.7659764,/big.txt,7208960,131072,sequential,1.0000,0.0000,0,1,7340032,4096,1
201,201_baseline_phase_change_run01,baseline,phase_change,1778258985.766153,/big.txt,7340032,131072,sequential,1.0000,0.0000,0,1,7471104,4096,1
201,201_baseline_phase_change_run01,baseline,phase_change,1778258985.766324,/big.txt,7471104,131072,sequential,1.0000,0.0000,0,1,7602176,4096,1
201,201_baseline_phase_change_run01,baseline,phase_change,1778258985.7664921,/big.txt,7602176,131072,sequential,1.0000,0.0000,0,1,7733248,4096,1
201,201_baseline_phase_change_run01,baseline,phase_change,1778258985.7666616,/big.txt,7733248,131072,sequential,1.0000,0.0000,0,1,7864320,4096,1
201,201_baseline_phase_change_run01,baseline,phase_change,1778258985.7668188,/big.txt,7864320,131072,sequential,1.0000,0.0000,0,1,7995392,4096,1
201,201_baseline_phase_change_run01,baseline,phase_change,1778258985.7669752,/big.txt,7995392,131072,sequential,1.0000,0.0000,0,1,8126464,4096,1
201,201_baseline_phase_change_run01,baseline,phase_change,1778258985.7671232,/big.txt,8126464,131072,sequential,1.0000,0.0000,0,1,8257536,4096,1
201,201_baseline_phase_change_run01,baseline,phase_change,1778258985.7672718,/big.txt,8257536,131072,sequential,1.0000,0.0000,0,1,8388608,4096,1
201,201_baseline_phase_change_run01,baseline,phase_change,1778258985.767457,/big.txt,8388608,131072,sequential,1.0000,0.0000,0,1,8519680,4096,1
201,201_baseline_phase_change_run01,baseline,phase_change,1778258985.767633,/big.txt,8519680,131072,sequential,1.0000,0.0000,0,1,8650752,4096,1
201,201_baseline_phase_change_run01,baseline,phase_change,1778258985.7678065,/big.txt,8650752,131072,sequential,1.0000,0.0000,0,1,8781824,4096,1
201,201_baseline_phase_change_run01,baseline,phase_change,1778258985.7679763,/big.txt,8781824,131072,sequential,1.0000,0.0000,0,1,8912896,4096,1
201,201_baseline_phase_change_run01,baseline,phase_change,1778258985.768124,/big.txt,8912896,131072,sequential,1.0000,0.0000,0,1,9043968,4096,1
201,201_baseline_phase_change_run01,baseline,phase_change,1778258985.7682717,/big.txt,9043968,131072,sequential,1.0000,0.0000,0,1,9175040,4096,1
201,201_baseline_phase_change_run01,baseline,phase_change,1778258985.7684195,/big.txt,9175040,131072,sequential,1.0000,0.0000,0,1,9306112,4096,1
201,201_baseline_phase_change_run01,baseline,phase_change,1778258985.7685668,/big.txt,9306112,131072,sequential,1.0000,0.0000,0,1,9437184,4096,1
201,201_baseline_phase_change_run01,baseline,phase_change,1778258985.7687135,/big.txt,9437184,131072,sequential,1.0000,0.0000,0,1,9568256,4096,1
201,201_baseline_phase_change_run01,baseline,phase_change,1778258985.7688835,/big.txt,9568256,131072,sequential,1.0000,0.0000,0,1,9699328,4096,1
201,201_baseline_phase_change_run01,baseline,phase_change,1778258985.7690299,/big.txt,9699328,131072,sequential,1.0000,0.0000,0,1,9830400,4096,1
201,201_baseline_phase_change_run01,baseline,phase_change,1778258985.7691777,/big.txt,9830400,131072,sequential,1.0000,0.0000,0,1,9961472,4096,1
201,201_baseline_phase_change_run01,baseline,phase_change,1778258985.7693365,/big.txt,9961472,131072,sequential,1.0000,0.0000,0,1,10092544,4096,1
201,201_baseline_phase_change_run01,baseline,phase_change,1778258985.7694976,/big.txt,10092544,131072,sequential,1.0000,0.0000,0,1,10223616,4096,1
201,201_baseline_phase_change_run01,baseline,phase_change,1778258985.7696054,/big.txt,10223616,131072,sequential,1.0000,0.0000,0,1,10354688,4096,1
201,201_baseline_phase_change_run01,baseline,phase_change,1778258985.7696898,/big.txt,10354688,131072,sequential,1.0000,0.0000,0,1,10485760,4096,1
201,201_baseline_phase_change_run01,baseline,phase_change,1778258985.7697763,/big.txt,10485760,131072,sequential,1.0000,0.0000,0,1,10616832,4096,1
201,201_baseline_phase_change_run01,baseline,phase_change,1778258985.7698746,/big.txt,10616832,131072,sequential,1.0000,0.0000,0,1,10747904,4096,1
201,201_baseline_phase_change_run01,baseline,phase_change,1778258985.7699933,/big.txt,10747904,131072,sequential,1.0000,0.0000,0,1,10878976,4096,1
201,201_baseline_phase_change_run01,baseline,phase_change,1778258985.7701123,/big.txt,10878976,131072,sequential,1.0000,0.0000,0,1,11010048,4096,1
201,201_baseline_phase_change_run01,baseline,phase_change,1778258985.770221,/big.txt,11010048,131072,sequential,1.0000,0.0000,0,1,11141120,4096,1
201,201_baseline_phase_change_run01,baseline,phase_change,1778258985.7703059,/big.txt,11141120,131072,sequential,1.0000,0.0000,0,1,11272192,4096,1
201,201_baseline_phase_change_run01,baseline,phase_change,1778258985.7703905,/big.txt,11272192,131072,sequential,1.0000,0.0000,0,1,11403264,4096,1
201,201_baseline_phase_change_run01,baseline,phase_change,1778258985.7704744,/big.txt,11403264,131072,sequential,1.0000,0.0000,0,1,11534336,4096,1
201,201_baseline_phase_change_run01,baseline,phase_change,1778258985.77056,/big.txt,11534336,131072,sequential,1.0000,0.0000,0,1,11665408,4096,1
201,201_baseline_phase_change_run01,baseline,phase_change,1778258985.770645,/big.txt,11665408,131072,sequential,1.0000,0.0000,0,1,11796480,4096,1
201,201_baseline_phase_change_run01,baseline,phase_change,1778258985.7707303,/big.txt,11796480,131072,sequential,1.0000,0.0000,0,1,11927552,4096,1
201,201_baseline_phase_change_run01,baseline,phase_change,1778258985.770865,/big.txt,11927552,131072,sequential,1.0000,0.0000,0,1,12058624,4096,1
201,201_baseline_phase_change_run01,baseline,phase_change,1778258985.7709901,/big.txt,12058624,131072,sequential,1.0000,0.0000,0,1,12189696,4096,1
201,201_baseline_phase_change_run01,baseline,phase_change,1778258985.771112,/big.txt,12189696,131072,sequential,1.0000,0.0000,0,1,12320768,4096,1
201,201_baseline_phase_change_run01,baseline,phase_change,1778258985.7712328,/big.txt,12320768,131072,sequential,1.0000,0.0000,0,1,12451840,4096,1
201,201_baseline_phase_change_run01,baseline,phase_change,1778258985.7713354,/big.txt,12451840,131072,sequential,1.0000,0.0000,0,1,12582912,4096,1
201,201_baseline_phase_change_run01,baseline,phase_change,1778258985.7714233,/big.txt,12582912,131072,sequential,1.0000,0.0000,0,1,12713984,4096,1
201,201_baseline_phase_change_run01,baseline,phase_change,1778258985.7715085,/big.txt,12713984,131072,sequential,1.0000,0.0000,0,1,12845056,4096,1
201,201_baseline_phase_change_run01,baseline,phase_change,1778258985.7715945,/big.txt,12845056,131072,sequential,1.0000,0.0000,0,1,12976128,4096,1
201,201_baseline_phase_change_run01,baseline,phase_change,1778258985.7716787,/big.txt,12976128,131072,sequential,1.0000,0.0000,0,1,13107200,4096,1
201,201_baseline_phase_change_run01,baseline,phase_change,1778258985.7717626,/big.txt,13107200,131072,sequential,1.0000,0.0000,0,1,13238272,4096,1
201,201_baseline_phase_change_run01,baseline,phase_change,1778258985.771847,/big.txt,13238272,131072,sequential,1.0000,0.0000,0,1,13369344,4096,1
201,201_baseline_phase_change_run01,baseline,phase_change,1778258985.7719307,/big.txt,13369344,131072,sequential,1.0000,0.0000,0,1,13500416,4096,1
201,201_baseline_phase_change_run01,baseline,phase_change,1778258985.7720141,/big.txt,13500416,131072,sequential,1.0000,0.0000,0,1,13631488,4096,1
201,201_baseline_phase_change_run01,baseline,phase_change,1778258985.7720964,/big.txt,13631488,131072,sequential,1.0000,0.0000,0,1,13762560,4096,1
201,201_baseline_phase_change_run01,baseline,phase_change,1778258985.7721786,/big.txt,13762560,131072,sequential,1.0000,0.0000,0,1,13893632,4096,1
201,201_baseline_phase_change_run01,baseline,phase_change,1778258985.7722635,/big.txt,13893632,131072,sequential,1.0000,0.0000,0,1,14024704,4096,1
201,201_baseline_phase_change_run01,baseline,phase_change,1778258985.7723517,/big.txt,14024704,131072,sequential,1.0000,0.0000,0,1,14155776,4096,1
201,201_baseline_phase_change_run01,baseline,phase_change,1778258985.7724352,/big.txt,14155776,131072,sequential,1.0000,0.0000,0,1,14286848,4096,1
201,201_baseline_phase_change_run01,baseline,phase_change,1778258985.7725205,/big.txt,14286848,131072,sequential,1.0000,0.0000,0,1,14417920,4096,1
201,201_baseline_phase_change_run01,baseline,phase_change,1778258985.7726052,/big.txt,14417920,131072,sequential,1.0000,0.0000,0,1,14548992,4096,1
201,201_baseline_phase_change_run01,baseline,phase_change,1778258985.7726872,/big.txt,14548992,131072,sequential,1.0000,0.0000,0,1,14680064,4096,1
201,201_baseline_phase_change_run01,baseline,phase_change,1778258985.7727737,/big.txt,14680064,131072,sequential,1.0000,0.0000,0,1,14811136,4096,1
201,201_baseline_phase_change_run01,baseline,phase_change,1778258985.7728586,/big.txt,14811136,131072,sequential,1.0000,0.0000,0,1,14942208,4096,1
201,201_baseline_phase_change_run01,baseline,phase_change,1778258985.7729437,/big.txt,14942208,131072,sequential,1.0000,0.0000,0,1,15073280,4096,1
201,201_baseline_phase_change_run01,baseline,phase_change,1778258985.7730267,/big.txt,15073280,131072,sequential,1.0000,0.0000,0,1,15204352,4096,1
201,201_baseline_phase_change_run01,baseline,phase_change,1778258985.7731135,/big.txt,15204352,131072,sequential,1.0000,0.0000,0,1,15335424,4096,1
201,201_baseline_phase_change_run01,baseline,phase_change,1778258985.7731967,/big.txt,15335424,131072,sequential,1.0000,0.0000,0,1,15466496,4096,1
201,201_baseline_phase_change_run01,baseline,phase_change,1778258985.7732787,/big.txt,15466496,131072,sequential,1.0000,0.0000,0,1,15597568,4096,1
201,201_baseline_phase_change_run01,baseline,phase_change,1778258985.773361,/big.txt,15597568,131072,sequential,1.0000,0.0000,0,1,15728640,4096,1
201,201_baseline_phase_change_run01,baseline,phase_change,1778258985.7734463,/big.txt,15728640,131072,sequential,1.0000,0.0000,0,1,15859712,4096,1
201,201_baseline_phase_change_run01,baseline,phase_change,1778258985.7735293,/big.txt,15859712,131072,sequential,1.0000,0.0000,0,1,15990784,4096,1
201,201_baseline_phase_change_run01,baseline,phase_change,1778258985.7736144,/big.txt,15990784,131072,sequential,1.0000,0.0000,0,1,16121856,4096,1
201,201_baseline_phase_change_run01,baseline,phase_change,1778258985.7736986,/big.txt,16121856,131072,sequential,1.0000,0.0000,0,1,16252928,4096,1
201,201_baseline_phase_change_run01,baseline,phase_change,1778258985.7737813,/big.txt,16252928,131072,sequential,1.0000,0.0000,0,1,16384000,4096,1
201,201_baseline_phase_change_run01,baseline,phase_change,1778258985.7738643,/big.txt,16384000,131072,sequential,1.0000,0.0000,0,1,16515072,4096,1
201,201_baseline_phase_change_run01,baseline,phase_change,1778258985.7739472,/big.txt,16515072,131072,sequential,1.0000,0.0000,0,1,16646144,4096,1
201,201_baseline_phase_change_run01,baseline,phase_change,1778258985.774029,/big.txt,16646144,131072,sequential,1.0000,0.0000,0,1,16777216,4096,1
201,201_baseline_phase_change_run01,baseline,phase_change,1778258985.7741115,/big.txt,16777216,131072,sequential,1.0000,0.0000,0,1,16908288,4096,1
201,201_baseline_phase_change_run01,baseline,phase_change,1778258985.7741966,/big.txt,16908288,131072,sequential,1.0000,0.0000,0,1,17039360,4096,1
201,201_baseline_phase_change_run01,baseline,phase_change,1778258985.7742808,/big.txt,17039360,131072,sequential,1.0000,0.0000,0,1,17170432,4096,1
201,201_baseline_phase_change_run01,baseline,phase_change,1778258985.774363,/big.txt,17170432,131072,sequential,1.0000,0.0000,0,1,17301504,4096,1
201,201_baseline_phase_change_run01,baseline,phase_change,1778258985.774446,/big.txt,17301504,131072,sequential,1.0000,0.0000,0,1,17432576,4096,1
201,201_baseline_phase_change_run01,baseline,phase_change,1778258985.7745285,/big.txt,17432576,131072,sequential,1.0000,0.0000,0,1,17563648,4096,1
201,201_baseline_phase_change_run01,baseline,phase_change,1778258985.7746108,/big.txt,17563648,131072,sequential,1.0000,0.0000,0,1,17694720,4096,1
201,201_baseline_phase_change_run01,baseline,phase_change,1778258985.7746937,/big.txt,17694720,131072,sequential,1.0000,0.0000,0,1,17825792,4096,1
201,201_baseline_phase_change_run01,baseline,phase_change,1778258985.7747812,/big.txt,17825792,131072,sequential,1.0000,0.0000,0,1,17956864,4096,1
201,201_baseline_phase_change_run01,baseline,phase_change,1778258985.7748978,/big.txt,17956864,131072,sequential,1.0000,0.0000,0,1,18087936,4096,1
201,201_baseline_phase_change_run01,baseline,phase_change,1778258985.7749827,/big.txt,18087936,131072,sequential,1.0000,0.0000,0,1,18219008,4096,1
201,201_baseline_phase_change_run01,baseline,phase_change,1778258985.7750735,/big.txt,18219008,131072,sequential,1.0000,0.0000,0,1,18350080,4096,1
201,201_baseline_phase_change_run01,baseline,phase_change,1778258985.7751594,/big.txt,18350080,131072,sequential,1.0000,0.0000,0,1,18481152,4096,1
201,201_baseline_phase_change_run01,baseline,phase_change,1778258985.7752442,/big.txt,18481152,131072,sequential,1.0000,0.0000,0,1,18612224,4096,1
201,201_baseline_phase_change_run01,baseline,phase_change,1778258985.7753289,/big.txt,18612224,131072,sequential,1.0000,0.0000,0,1,18743296,4096,1
201,201_baseline_phase_change_run01,baseline,phase_change,1778258985.775413,/big.txt,18743296,131072,sequential,1.0000,0.0000,0,1,18874368,4096,1
201,201_baseline_phase_change_run01,baseline,phase_change,1778258985.775495,/big.txt,18874368,131072,sequential,1.0000,0.0000,0,1,19005440,4096,1
201,201_baseline_phase_change_run01,baseline,phase_change,1778258985.7755806,/big.txt,19005440,131072,sequential,1.0000,0.0000,0,1,19136512,4096,1
201,201_baseline_phase_change_run01,baseline,phase_change,1778258985.7756655,/big.txt,19136512,131072,sequential,1.0000,0.0000,0,1,19267584,4096,1
201,201_baseline_phase_change_run01,baseline,phase_change,1778258985.7757473,/big.txt,19267584,131072,sequential,1.0000,0.0000,0,1,19398656,4096,1
201,201_baseline_phase_change_run01,baseline,phase_change,1778258985.7758307,/big.txt,19398656,131072,sequential,1.0000,0.0000,0,1,19529728,4096,1
201,201_baseline_phase_change_run01,baseline,phase_change,1778258985.775917,/big.txt,19529728,131072,sequential,1.0000,0.0000,0,1,19660800,4096,1
201,201_baseline_phase_change_run01,baseline,phase_change,1778258985.7760003,/big.txt,19660800,131072,sequential,1.0000,0.0000,0,1,19791872,4096,1
201,201_baseline_phase_change_run01,baseline,phase_change,1778258985.776083,/big.txt,19791872,131072,sequential,1.0000,0.0000,0,1,19922944,4096,1
201,201_baseline_phase_change_run01,baseline,phase_change,1778258985.7761655,/big.txt,19922944,131072,sequential,1.0000,0.0000,0,1,20054016,4096,1
201,201_baseline_phase_change_run01,baseline,phase_change,1778258985.7762504,/big.txt,20054016,131072,sequential,1.0000,0.0000,0,1,20185088,4096,1
201,201_baseline_phase_change_run01,baseline,phase_change,1778258985.7763367,/big.txt,20185088,131072,sequential,1.0000,0.0000,0,1,20316160,4096,1
201,201_baseline_phase_change_run01,baseline,phase_change,1778258985.7764192,/big.txt,20316160,131072,sequential,1.0000,0.0000,0,1,20447232,4096,1
201,201_baseline_phase_change_run01,baseline,phase_change,1778258985.7765014,/big.txt,20447232,131072,sequential,1.0000,0.0000,0,1,20578304,4096,1
201,201_baseline_phase_change_run01,baseline,phase_change,1778258985.7765837,/big.txt,20578304,131072,sequential,1.0000,0.0000,0,1,20709376,4096,1
201,201_baseline_phase_change_run01,baseline,phase_change,1778258985.7766666,/big.txt,20709376,131072,sequential,1.0000,0.0000,0,1,20840448,4096,1
201,201_baseline_phase_change_run01,baseline,phase_change,1778258985.7767494,/big.txt,20840448,131072,sequential,1.0000,0.0000,0,1,20971520,4096,1
201,201_baseline_phase_change_run01,baseline,phase_change,1778258985.7768316,/big.txt,20971520,131072,sequential,1.0000,0.0000,0,1,21102592,4096,1
201,201_baseline_phase_change_run01,baseline,phase_change,1778258985.7769153,/big.txt,21102592,131072,sequential,1.0000,0.0000,0,1,21233664,4096,1
201,201_baseline_phase_change_run01,baseline,phase_change,1778258985.7769978,/big.txt,21233664,131072,sequential,1.0000,0.0000,0,1,21364736,4096,1
201,201_baseline_phase_change_run01,baseline,phase_change,1778258985.7770805,/big.txt,21364736,131072,sequential,1.0000,0.0000,0,1,21495808,4096,1
201,201_baseline_phase_change_run01,baseline,phase_change,1778258985.7771628,/big.txt,21495808,131072,sequential,1.0000,0.0000,0,1,21626880,4096,1
201,201_baseline_phase_change_run01,baseline,phase_change,1778258985.7772455,/big.txt,21626880,131072,sequential,1.0000,0.0000,0,1,21757952,4096,1
201,201_baseline_phase_change_run01,baseline,phase_change,1778258985.777328,/big.txt,21757952,131072,sequential,1.0000,0.0000,0,1,21889024,4096,1
201,201_baseline_phase_change_run01,baseline,phase_change,1778258985.7774153,/big.txt,21889024,131072,sequential,1.0000,0.0000,0,1,22020096,4096,1
201,201_baseline_phase_change_run01,baseline,phase_change,1778258985.7774985,/big.txt,22020096,131072,sequential,1.0000,0.0000,0,1,22151168,4096,1
201,201_baseline_phase_change_run01,baseline,phase_change,1778258985.777582,/big.txt,22151168,131072,sequential,1.0000,0.0000,0,1,22282240,4096,1
201,201_baseline_phase_change_run01,baseline,phase_change,1778258985.7776656,/big.txt,22282240,131072,sequential,1.0000,0.0000,0,1,22413312,4096,1
201,201_baseline_phase_change_run01,baseline,phase_change,1778258985.777751,/big.txt,22413312,131072,sequential,1.0000,0.0000,0,1,22544384,4096,1
201,201_baseline_phase_change_run01,baseline,phase_change,1778258985.777835,/big.txt,22544384,131072,sequential,1.0000,0.0000,0,1,22675456,4096,1
201,201_baseline_phase_change_run01,baseline,phase_change,1778258985.777918,/big.txt,22675456,131072,sequential,1.0000,0.0000,0,1,22806528,4096,1
201,201_baseline_phase_change_run01,baseline,phase_change,1778258985.7779999,/big.txt,22806528,131072,sequential,1.0000,0.0000,0,1,22937600,4096,1
201,201_baseline_phase_change_run01,baseline,phase_change,1778258985.7780826,/big.txt,22937600,131072,sequential,1.0000,0.0000,0,1,23068672,4096,1
201,201_baseline_phase_change_run01,baseline,phase_change,1778258985.7781706,/big.txt,23068672,131072,sequential,1.0000,0.0000,0,1,23199744,4096,1
201,201_baseline_phase_change_run01,baseline,phase_change,1778258985.778253,/big.txt,23199744,131072,sequential,1.0000,0.0000,0,1,23330816,4096,1
201,201_baseline_phase_change_run01,baseline,phase_change,1778258985.7783356,/big.txt,23330816,131072,sequential,1.0000,0.0000,0,1,23461888,4096,1
201,201_baseline_phase_change_run01,baseline,phase_change,1778258985.7784185,/big.txt,23461888,131072,sequential,1.0000,0.0000,0,1,23592960,4096,1
201,201_baseline_phase_change_run01,baseline,phase_change,1778258985.778501,/big.txt,23592960,131072,sequential,1.0000,0.0000,0,1,23724032,4096,1
201,201_baseline_phase_change_run01,baseline,phase_change,1778258985.7785838,/big.txt,23724032,131072,sequential,1.0000,0.0000,0,1,23855104,4096,1
201,201_baseline_phase_change_run01,baseline,phase_change,1778258985.7786672,/big.txt,23855104,131072,sequential,1.0000,0.0000,0,1,23986176,4096,1
201,201_baseline_phase_change_run01,baseline,phase_change,1778258985.7787511,/big.txt,23986176,131072,sequential,1.0000,0.0000,0,1,24117248,4096,1
201,201_baseline_phase_change_run01,baseline,phase_change,1778258985.7788804,/big.txt,24117248,131072,sequential,1.0000,0.0000,0,1,24248320,4096,1
201,201_baseline_phase_change_run01,baseline,phase_change,1778258985.778993,/big.txt,24248320,131072,sequential,1.0000,0.0000,0,1,24379392,4096,1
201,201_baseline_phase_change_run01,baseline,phase_change,1778258985.7791035,/big.txt,24379392,131072,sequential,1.0000,0.0000,0,1,24510464,4096,1
201,201_baseline_phase_change_run01,baseline,phase_change,1778258985.779189,/big.txt,24510464,131072,sequential,1.0000,0.0000,0,1,24641536,4096,1
201,201_baseline_phase_change_run01,baseline,phase_change,1778258985.7792993,/big.txt,24641536,131072,sequential,1.0000,0.0000,0,1,24772608,4096,1
201,201_baseline_phase_change_run01,baseline,phase_change,1778258985.779385,/big.txt,24772608,131072,sequential,1.0000,0.0000,0,1,24903680,4096,1
201,201_baseline_phase_change_run01,baseline,phase_change,1778258985.7794693,/big.txt,24903680,131072,sequential,1.0000,0.0000,0,1,25034752,4096,1
201,201_baseline_phase_change_run01,baseline,phase_change,1778258985.779553,/big.txt,25034752,131072,sequential,1.0000,0.0000,0,1,25165824,4096,1
201,201_baseline_phase_change_run01,baseline,phase_change,1778258985.7796376,/big.txt,25165824,131072,sequential,1.0000,0.0000,0,1,25296896,4096,1
201,201_baseline_phase_change_run01,baseline,phase_change,1778258985.7797253,/big.txt,25296896,131072,sequential,1.0000,0.0000,0,1,25427968,4096,1
201,201_baseline_phase_change_run01,baseline,phase_change,1778258985.7798097,/big.txt,25427968,131072,sequential,1.0000,0.0000,0,1,25559040,4096,1
201,201_baseline_phase_change_run01,baseline,phase_change,1778258985.7798982,/big.txt,25559040,131072,sequential,1.0000,0.0000,0,1,25690112,4096,1
201,201_baseline_phase_change_run01,baseline,phase_change,1778258985.779983,/big.txt,25690112,131072,sequential,1.0000,0.0000,0,1,25821184,4096,1
201,201_baseline_phase_change_run01,baseline,phase_change,1778258985.7800658,/big.txt,25821184,131072,sequential,1.0000,0.0000,0,1,25952256,4096,1
201,201_baseline_phase_change_run01,baseline,phase_change,1778258985.780149,/big.txt,25952256,131072,sequential,1.0000,0.0000,0,1,26083328,4096,1
201,201_baseline_phase_change_run01,baseline,phase_change,1778258985.7802358,/big.txt,26083328,131072,sequential,1.0000,0.0000,0,1,26214400,4096,1
201,201_baseline_phase_change_run01,baseline,phase_change,1778258985.7803202,/big.txt,26214400,131072,sequential,1.0000,0.0000,0,1,26345472,4096,1
201,201_baseline_phase_change_run01,baseline,phase_change,1778258985.7804089,/big.txt,26345472,131072,sequential,1.0000,0.0000,0,1,26476544,4096,1
201,201_baseline_phase_change_run01,baseline,phase_change,1778258985.7804937,/big.txt,26476544,131072,sequential,1.0000,0.0000,0,1,26607616,4096,1
201,201_baseline_phase_change_run01,baseline,phase_change,1778258985.7805803,/big.txt,26607616,131072,sequential,1.0000,0.0000,0,1,26738688,4096,1
201,201_baseline_phase_change_run01,baseline,phase_change,1778258985.7806659,/big.txt,26738688,131072,sequential,1.0000,0.0000,0,1,26869760,4096,1
201,201_baseline_phase_change_run01,baseline,phase_change,1778258985.7807496,/big.txt,26869760,131072,sequential,1.0000,0.0000,0,1,27000832,4096,1
201,201_baseline_phase_change_run01,baseline,phase_change,1778258985.7808332,/big.txt,27000832,131072,sequential,1.0000,0.0000,0,1,27131904,4096,1
201,201_baseline_phase_change_run01,baseline,phase_change,1778258985.7809165,/big.txt,27131904,131072,sequential,1.0000,0.0000,0,1,27262976,4096,1
201,201_baseline_phase_change_run01,baseline,phase_change,1778258985.7810023,/big.txt,27262976,131072,sequential,1.0000,0.0000,0,1,27394048,4096,1
201,201_baseline_phase_change_run01,baseline,phase_change,1778258985.7810864,/big.txt,27394048,131072,sequential,1.0000,0.0000,0,1,27525120,4096,1
201,201_baseline_phase_change_run01,baseline,phase_change,1778258985.7811692,/big.txt,27525120,131072,sequential,1.0000,0.0000,0,1,27656192,4096,1
201,201_baseline_phase_change_run01,baseline,phase_change,1778258985.7812514,/big.txt,27656192,131072,sequential,1.0000,0.0000,0,1,27787264,4096,1
201,201_baseline_phase_change_run01,baseline,phase_change,1778258985.7813332,/big.txt,27787264,131072,sequential,1.0000,0.0000,0,1,27918336,4096,1
201,201_baseline_phase_change_run01,baseline,phase_change,1778258985.7814155,/big.txt,27918336,131072,sequential,1.0000,0.0000,0,1,28049408,4096,1
201,201_baseline_phase_change_run01,baseline,phase_change,1778258985.781498,/big.txt,28049408,131072,sequential,1.0000,0.0000,0,1,28180480,4096,1
201,201_baseline_phase_change_run01,baseline,phase_change,1778258985.7815804,/big.txt,28180480,131072,sequential,1.0000,0.0000,0,1,28311552,4096,1
201,201_baseline_phase_change_run01,baseline,phase_change,1778258985.781664,/big.txt,28311552,131072,sequential,1.0000,0.0000,0,1,28442624,4096,1
201,201_baseline_phase_change_run01,baseline,phase_change,1778258985.781747,/big.txt,28442624,131072,sequential,1.0000,0.0000,0,1,28573696,4096,1
201,201_baseline_phase_change_run01,baseline,phase_change,1778258985.7818294,/big.txt,28573696,131072,sequential,1.0000,0.0000,0,1,28704768,4096,1
201,201_baseline_phase_change_run01,baseline,phase_change,1778258985.781912,/big.txt,28704768,131072,sequential,1.0000,0.0000,0,1,28835840,4096,1
201,201_baseline_phase_change_run01,baseline,phase_change,1778258985.7819939,/big.txt,28835840,131072,sequential,1.0000,0.0000,0,1,28966912,4096,1
201,201_baseline_phase_change_run01,baseline,phase_change,1778258985.7820787,/big.txt,28966912,131072,sequential,1.0000,0.0000,0,1,29097984,4096,1
201,201_baseline_phase_change_run01,baseline,phase_change,1778258985.782165,/big.txt,29097984,131072,sequential,1.0000,0.0000,0,1,29229056,4096,1
201,201_baseline_phase_change_run01,baseline,phase_change,1778258985.7822478,/big.txt,29229056,131072,sequential,1.0000,0.0000,0,1,29360128,4096,1
201,201_baseline_phase_change_run01,baseline,phase_change,1778258985.7823315,/big.txt,29360128,131072,sequential,1.0000,0.0000,0,1,29491200,4096,1
201,201_baseline_phase_change_run01,baseline,phase_change,1778258985.7824144,/big.txt,29491200,131072,sequential,1.0000,0.0000,0,1,29622272,4096,1
201,201_baseline_phase_change_run01,baseline,phase_change,1778258985.782497,/big.txt,29622272,131072,sequential,1.0000,0.0000,0,1,29753344,4096,1
201,201_baseline_phase_change_run01,baseline,phase_change,1778258985.7825794,/big.txt,29753344,131072,sequential,1.0000,0.0000,0,1,29884416,4096,1
201,201_baseline_phase_change_run01,baseline,phase_change,1778258985.7826614,/big.txt,29884416,131072,sequential,1.0000,0.0000,0,1,30015488,4096,1
201,201_baseline_phase_change_run01,baseline,phase_change,1778258985.7827437,/big.txt,30015488,131072,sequential,1.0000,0.0000,0,1,30146560,4096,1
201,201_baseline_phase_change_run01,baseline,phase_change,1778258985.782867,/big.txt,30146560,131072,sequential,1.0000,0.0000,0,1,30277632,4096,1
201,201_baseline_phase_change_run01,baseline,phase_change,1778258985.7829537,/big.txt,30277632,131072,sequential,1.0000,0.0000,0,1,30408704,4096,1
201,201_baseline_phase_change_run01,baseline,phase_change,1778258985.7830372,/big.txt,30408704,131072,sequential,1.0000,0.0000,0,1,30539776,4096,1
201,201_baseline_phase_change_run01,baseline,phase_change,1778258985.783123,/big.txt,30539776,131072,sequential,1.0000,0.0000,0,1,30670848,4096,1
201,201_baseline_phase_change_run01,baseline,phase_change,1778258985.7832062,/big.txt,30670848,131072,sequential,1.0000,0.0000,0,1,30801920,4096,1
201,201_baseline_phase_change_run01,baseline,phase_change,1778258985.7832913,/big.txt,30801920,131072,sequential,1.0000,0.0000,0,1,30932992,4096,1
201,201_baseline_phase_change_run01,baseline,phase_change,1778258985.783374,/big.txt,30932992,131072,sequential,1.0000,0.0000,0,1,31064064,4096,1
201,201_baseline_phase_change_run01,baseline,phase_change,1778258985.7834566,/big.txt,31064064,131072,sequential,1.0000,0.0000,0,1,31195136,4096,1
201,201_baseline_phase_change_run01,baseline,phase_change,1778258985.7835386,/big.txt,31195136,131072,sequential,1.0000,0.0000,0,1,31326208,4096,1
201,201_baseline_phase_change_run01,baseline,phase_change,1778258985.783621,/big.txt,31326208,131072,sequential,1.0000,0.0000,0,1,31457280,4096,1
201,201_baseline_phase_change_run01,baseline,phase_change,1778258985.7837062,/big.txt,31457280,131072,sequential,1.0000,0.0000,0,1,31588352,4096,1
201,201_baseline_phase_change_run01,baseline,phase_change,1778258985.7837894,/big.txt,31588352,131072,sequential,1.0000,0.0000,0,1,31719424,4096,1
201,201_baseline_phase_change_run01,baseline,phase_change,1778258985.783872,/big.txt,31719424,131072,sequential,1.0000,0.0000,0,1,31850496,4096,1
201,201_baseline_phase_change_run01,baseline,phase_change,1778258985.783955,/big.txt,31850496,131072,sequential,1.0000,0.0000,0,1,31981568,4096,1
201,201_baseline_phase_change_run01,baseline,phase_change,1778258985.7840376,/big.txt,31981568,131072,sequential,1.0000,0.0000,0,1,32112640,4096,1
201,201_baseline_phase_change_run01,baseline,phase_change,1778258985.7841222,/big.txt,32112640,131072,sequential,1.0000,0.0000,0,1,32243712,4096,1
201,201_baseline_phase_change_run01,baseline,phase_change,1778258985.7842064,/big.txt,32243712,131072,sequential,1.0000,0.0000,0,1,32374784,4096,1
201,201_baseline_phase_change_run01,baseline,phase_change,1778258985.78429,/big.txt,32374784,131072,sequential,1.0000,0.0000,0,1,32505856,4096,1
201,201_baseline_phase_change_run01,baseline,phase_change,1778258985.7843728,/big.txt,32505856,131072,sequential,1.0000,0.0000,0,1,32636928,4096,1
201,201_baseline_phase_change_run01,baseline,phase_change,1778258985.7844577,/big.txt,32636928,131072,sequential,1.0000,0.0000,0,1,32768000,4096,1
201,201_baseline_phase_change_run01,baseline,phase_change,1778258985.7845466,/big.txt,32768000,131072,sequential,1.0000,0.0000,0,1,32899072,4096,1
201,201_baseline_phase_change_run01,baseline,phase_change,1778258985.78463,/big.txt,32899072,131072,sequential,1.0000,0.0000,0,1,33030144,4096,1
201,201_baseline_phase_change_run01,baseline,phase_change,1778258985.7847135,/big.txt,33030144,131072,sequential,1.0000,0.0000,0,1,33161216,4096,1
201,201_baseline_phase_change_run01,baseline,phase_change,1778258985.7847962,/big.txt,33161216,131072,sequential,1.0000,0.0000,0,1,33292288,4096,1
201,201_baseline_phase_change_run01,baseline,phase_change,1778258985.7848792,/big.txt,33292288,131072,sequential,1.0000,0.0000,0,1,33423360,4096,1
201,201_baseline_phase_change_run01,baseline,phase_change,1778258985.7849612,/big.txt,33423360,131072,sequential,1.0000,0.0000,0,1,33554432,4096,1
201,201_baseline_phase_change_run01,baseline,phase_change,1778258985.785045,/big.txt,33554432,131072,sequential,1.0000,0.0000,0,1,33685504,4096,1
201,201_baseline_phase_change_run01,baseline,phase_change,1778258985.7851284,/big.txt,33685504,131072,sequential,1.0000,0.0000,0,1,33816576,4096,1
201,201_baseline_phase_change_run01,baseline,phase_change,1778258985.7852118,/big.txt,33816576,131072,sequential,1.0000,0.0000,0,1,33947648,4096,1
201,201_baseline_phase_change_run01,baseline,phase_change,1778258985.785294,/big.txt,33947648,131072,sequential,1.0000,0.0000,0,1,34078720,4096,1
201,201_baseline_phase_change_run01,baseline,phase_change,1778258985.7853773,/big.txt,34078720,131072,sequential,1.0000,0.0000,0,1,34209792,4096,1
201,201_baseline_phase_change_run01,baseline,phase_change,1778258985.7854602,/big.txt,34209792,131072,sequential,1.0000,0.0000,0,1,34340864,4096,1
201,201_baseline_phase_change_run01,baseline,phase_change,1778258985.7855432,/big.txt,34340864,131072,sequential,1.0000,0.0000,0,1,34471936,4096,1
201,201_baseline_phase_change_run01,baseline,phase_change,1778258985.785626,/big.txt,34471936,131072,sequential,1.0000,0.0000,0,1,34603008,4096,1
201,201_baseline_phase_change_run01,baseline,phase_change,1778258985.7857091,/big.txt,34603008,131072,sequential,1.0000,0.0000,0,1,34734080,4096,1
201,201_baseline_phase_change_run01,baseline,phase_change,1778258985.7857916,/big.txt,34734080,131072,sequential,1.0000,0.0000,0,1,34865152,4096,1
201,201_baseline_phase_change_run01,baseline,phase_change,1778258985.7858744,/big.txt,34865152,131072,sequential,1.0000,0.0000,0,1,34996224,4096,1
201,201_baseline_phase_change_run01,baseline,phase_change,1778258985.7859597,/big.txt,34996224,131072,sequential,1.0000,0.0000,0,1,35127296,4096,1
201,201_baseline_phase_change_run01,baseline,phase_change,1778258985.786045,/big.txt,35127296,131072,sequential,1.0000,0.0000,0,1,35258368,4096,1
201,201_baseline_phase_change_run01,baseline,phase_change,1778258985.7861285,/big.txt,35258368,131072,sequential,1.0000,0.0000,0,1,35389440,4096,1
201,201_baseline_phase_change_run01,baseline,phase_change,1778258985.7862136,/big.txt,35389440,131072,sequential,1.0000,0.0000,0,1,35520512,4096,1
201,201_baseline_phase_change_run01,baseline,phase_change,1778258985.7862964,/big.txt,35520512,131072,sequential,1.0000,0.0000,0,1,35651584,4096,1
201,201_baseline_phase_change_run01,baseline,phase_change,1778258985.7863827,/big.txt,35651584,131072,sequential,1.0000,0.0000,0,1,35782656,4096,1
201,201_baseline_phase_change_run01,baseline,phase_change,1778258985.7864666,/big.txt,35782656,131072,sequential,1.0000,0.0000,0,1,35913728,4096,1
201,201_baseline_phase_change_run01,baseline,phase_change,1778258985.7865505,/big.txt,35913728,131072,sequential,1.0000,0.0000,0,1,36044800,4096,1
201,201_baseline_phase_change_run01,baseline,phase_change,1778258985.7866335,/big.txt,36044800,131072,sequential,1.0000,0.0000,0,1,36175872,4096,1
201,201_baseline_phase_change_run01,baseline,phase_change,1778258985.786717,/big.txt,36175872,131072,sequential,1.0000,0.0000,0,1,36306944,4096,1
201,201_baseline_phase_change_run01,baseline,phase_change,1778258985.7868218,/big.txt,36306944,131072,sequential,1.0000,0.0000,0,1,36438016,4096,1
201,201_baseline_phase_change_run01,baseline,phase_change,1778258985.786911,/big.txt,36438016,131072,sequential,1.0000,0.0000,0,1,36569088,4096,1
201,201_baseline_phase_change_run01,baseline,phase_change,1778258985.7869937,/big.txt,36569088,131072,sequential,1.0000,0.0000,0,1,36700160,4096,1
201,201_baseline_phase_change_run01,baseline,phase_change,1778258985.787075,/big.txt,36700160,131072,sequential,1.0000,0.0000,0,1,36831232,4096,1
201,201_baseline_phase_change_run01,baseline,phase_change,1778258985.7871573,/big.txt,36831232,131072,sequential,1.0000,0.0000,0,1,36962304,4096,1
201,201_baseline_phase_change_run01,baseline,phase_change,1778258985.7872393,/big.txt,36962304,131072,sequential,1.0000,0.0000,0,1,37093376,4096,1
201,201_baseline_phase_change_run01,baseline,phase_change,1778258985.7873213,/big.txt,37093376,131072,sequential,1.0000,0.0000,0,1,37224448,4096,1
201,201_baseline_phase_change_run01,baseline,phase_change,1778258985.7874045,/big.txt,37224448,131072,sequential,1.0000,0.0000,0,1,37355520,4096,1
201,201_baseline_phase_change_run01,baseline,phase_change,1778258985.7874873,/big.txt,37355520,131072,sequential,1.0000,0.0000,0,1,37486592,4096,1
201,201_baseline_phase_change_run01,baseline,phase_change,1778258985.78757,/big.txt,37486592,131072,sequential,1.0000,0.0000,0,1,37617664,4096,1
201,201_baseline_phase_change_run01,baseline,phase_change,1778258985.7876534,/big.txt,37617664,131072,sequential,1.0000,0.0000,0,1,37748736,4096,1
201,201_baseline_phase_change_run01,baseline,phase_change,1778258985.787737,/big.txt,37748736,131072,sequential,1.0000,0.0000,0,1,37879808,4096,1
201,201_baseline_phase_change_run01,baseline,phase_change,1778258985.7878199,/big.txt,37879808,131072,sequential,1.0000,0.0000,0,1,38010880,4096,1
201,201_baseline_phase_change_run01,baseline,phase_change,1778258985.7879033,/big.txt,38010880,131072,sequential,1.0000,0.0000,0,1,38141952,4096,1
201,201_baseline_phase_change_run01,baseline,phase_change,1778258985.787988,/big.txt,38141952,131072,sequential,1.0000,0.0000,0,1,38273024,4096,1
201,201_baseline_phase_change_run01,baseline,phase_change,1778258985.7880716,/big.txt,38273024,131072,sequential,1.0000,0.0000,0,1,38404096,4096,1
201,201_baseline_phase_change_run01,baseline,phase_change,1778258985.7881544,/big.txt,38404096,131072,sequential,1.0000,0.0000,0,1,38535168,4096,1
201,201_baseline_phase_change_run01,baseline,phase_change,1778258985.788237,/big.txt,38535168,131072,sequential,1.0000,0.0000,0,1,38666240,4096,1
201,201_baseline_phase_change_run01,baseline,phase_change,1778258985.7883198,/big.txt,38666240,131072,sequential,1.0000,0.0000,0,1,38797312,4096,1
201,201_baseline_phase_change_run01,baseline,phase_change,1778258985.7884028,/big.txt,38797312,131072,sequential,1.0000,0.0000,0,1,38928384,4096,1
201,201_baseline_phase_change_run01,baseline,phase_change,1778258985.7884862,/big.txt,38928384,131072,sequential,1.0000,0.0000,0,1,39059456,4096,1
201,201_baseline_phase_change_run01,baseline,phase_change,1778258985.7885697,/big.txt,39059456,131072,sequential,1.0000,0.0000,0,1,39190528,4096,1
201,201_baseline_phase_change_run01,baseline,phase_change,1778258985.7886553,/big.txt,39190528,131072,sequential,1.0000,0.0000,0,1,39321600,4096,1
201,201_baseline_phase_change_run01,baseline,phase_change,1778258985.788739,/big.txt,39321600,131072,sequential,1.0000,0.0000,0,1,39452672,4096,1
201,201_baseline_phase_change_run01,baseline,phase_change,1778258985.7888217,/big.txt,39452672,131072,sequential,1.0000,0.0000,0,1,39583744,4096,1
201,201_baseline_phase_change_run01,baseline,phase_change,1778258985.7889047,/big.txt,39583744,131072,sequential,1.0000,0.0000,0,1,39714816,4096,1
201,201_baseline_phase_change_run01,baseline,phase_change,1778258985.7889905,/big.txt,39714816,131072,sequential,1.0000,0.0000,0,1,39845888,4096,1
201,201_baseline_phase_change_run01,baseline,phase_change,1778258985.7890735,/big.txt,39845888,131072,sequential,1.0000,0.0000,0,1,39976960,4096,1
201,201_baseline_phase_change_run01,baseline,phase_change,1778258985.7891564,/big.txt,39976960,131072,sequential,1.0000,0.0000,0,1,40108032,4096,1
201,201_baseline_phase_change_run01,baseline,phase_change,1778258985.7892435,/big.txt,40108032,131072,sequential,1.0000,0.0000,0,1,40239104,4096,1
201,201_baseline_phase_change_run01,baseline,phase_change,1778258985.7893264,/big.txt,40239104,131072,sequential,1.0000,0.0000,0,1,40370176,4096,1
201,201_baseline_phase_change_run01,baseline,phase_change,1778258985.7894137,/big.txt,40370176,131072,sequential,1.0000,0.0000,0,1,40501248,4096,1
201,201_baseline_phase_change_run01,baseline,phase_change,1778258985.789497,/big.txt,40501248,131072,sequential,1.0000,0.0000,0,1,40632320,4096,1
201,201_baseline_phase_change_run01,baseline,phase_change,1778258985.789579,/big.txt,40632320,131072,sequential,1.0000,0.0000,0,1,40763392,4096,1
201,201_baseline_phase_change_run01,baseline,phase_change,1778258985.7896621,/big.txt,40763392,131072,sequential,1.0000,0.0000,0,1,40894464,4096,1
201,201_baseline_phase_change_run01,baseline,phase_change,1778258985.789745,/big.txt,40894464,131072,sequential,1.0000,0.0000,0,1,41025536,4096,1
201,201_baseline_phase_change_run01,baseline,phase_change,1778258985.7898302,/big.txt,41025536,131072,sequential,1.0000,0.0000,0,1,41156608,4096,1
201,201_baseline_phase_change_run01,baseline,phase_change,1778258985.7899144,/big.txt,41156608,131072,sequential,1.0000,0.0000,0,1,41287680,4096,1
201,201_baseline_phase_change_run01,baseline,phase_change,1778258985.7899969,/big.txt,41287680,131072,sequential,1.0000,0.0000,0,1,41418752,4096,1
201,201_baseline_phase_change_run01,baseline,phase_change,1778258985.7900803,/big.txt,41418752,131072,sequential,1.0000,0.0000,0,1,41549824,4096,1
201,201_baseline_phase_change_run01,baseline,phase_change,1778258985.7901635,/big.txt,41549824,131072,sequential,1.0000,0.0000,0,1,41680896,4096,1
201,201_baseline_phase_change_run01,baseline,phase_change,1778258985.7902462,/big.txt,41680896,131072,sequential,1.0000,0.0000,0,1,41811968,4096,1
201,201_baseline_phase_change_run01,baseline,phase_change,1778258985.7903295,/big.txt,41811968,131072,sequential,1.0000,0.0000,0,1,41943040,4096,1
201,201_baseline_phase_change_run01,baseline,phase_change,1778258985.790412,/big.txt,41943040,131072,sequential,1.0000,0.0000,0,1,42074112,4096,1
201,201_baseline_phase_change_run01,baseline,phase_change,1778258985.790495,/big.txt,42074112,131072,sequential,1.0000,0.0000,0,1,42205184,4096,1
201,201_baseline_phase_change_run01,baseline,phase_change,1778258985.7905786,/big.txt,42205184,131072,sequential,1.0000,0.0000,0,1,42336256,4096,1
201,201_baseline_phase_change_run01,baseline,phase_change,1778258985.7906613,/big.txt,42336256,131072,sequential,1.0000,0.0000,0,1,42467328,4096,1
201,201_baseline_phase_change_run01,baseline,phase_change,1778258985.7907443,/big.txt,42467328,131072,sequential,1.0000,0.0000,0,1,42598400,4096,1
201,201_baseline_phase_change_run01,baseline,phase_change,1778258985.7908676,/big.txt,42598400,131072,sequential,1.0000,0.0000,0,1,42729472,4096,1
201,201_baseline_phase_change_run01,baseline,phase_change,1778258985.7909522,/big.txt,42729472,131072,sequential,1.0000,0.0000,0,1,42860544,4096,1
201,201_baseline_phase_change_run01,baseline,phase_change,1778258985.7910357,/big.txt,42860544,131072,sequential,1.0000,0.0000,0,1,42991616,4096,1
201,201_baseline_phase_change_run01,baseline,phase_change,1778258985.791119,/big.txt,42991616,131072,sequential,1.0000,0.0000,0,1,43122688,4096,1
201,201_baseline_phase_change_run01,baseline,phase_change,1778258985.7912033,/big.txt,43122688,131072,sequential,1.0000,0.0000,0,1,43253760,4096,1
201,201_baseline_phase_change_run01,baseline,phase_change,1778258985.7912881,/big.txt,43253760,131072,sequential,1.0000,0.0000,0,1,43384832,4096,1
201,201_baseline_phase_change_run01,baseline,phase_change,1778258985.7913768,/big.txt,43384832,131072,sequential,1.0000,0.0000,0,1,43515904,4096,1
201,201_baseline_phase_change_run01,baseline,phase_change,1778258985.7914615,/big.txt,43515904,131072,sequential,1.0000,0.0000,0,1,43646976,4096,1
201,201_baseline_phase_change_run01,baseline,phase_change,1778258985.7915497,/big.txt,43646976,131072,sequential,1.0000,0.0000,0,1,43778048,4096,1
201,201_baseline_phase_change_run01,baseline,phase_change,1778258985.7916355,/big.txt,43778048,131072,sequential,1.0000,0.0000,0,1,43909120,4096,1
201,201_baseline_phase_change_run01,baseline,phase_change,1778258985.7917228,/big.txt,43909120,131072,sequential,1.0000,0.0000,0,1,44040192,4096,1
201,201_baseline_phase_change_run01,baseline,phase_change,1778258985.7918074,/big.txt,44040192,131072,sequential,1.0000,0.0000,0,1,44171264,4096,1
201,201_baseline_phase_change_run01,baseline,phase_change,1778258985.7918954,/big.txt,44171264,131072,sequential,1.0000,0.0000,0,1,44302336,4096,1
201,201_baseline_phase_change_run01,baseline,phase_change,1778258985.791979,/big.txt,44302336,131072,sequential,1.0000,0.0000,0,1,44433408,4096,1
201,201_baseline_phase_change_run01,baseline,phase_change,1778258985.792063,/big.txt,44433408,131072,sequential,1.0000,0.0000,0,1,44564480,4096,1
201,201_baseline_phase_change_run01,baseline,phase_change,1778258985.7921464,/big.txt,44564480,131072,sequential,1.0000,0.0000,0,1,44695552,4096,1
201,201_baseline_phase_change_run01,baseline,phase_change,1778258985.79223,/big.txt,44695552,131072,sequential,1.0000,0.0000,0,1,44826624,4096,1
201,201_baseline_phase_change_run01,baseline,phase_change,1778258985.792313,/big.txt,44826624,131072,sequential,1.0000,0.0000,0,1,44957696,4096,1
201,201_baseline_phase_change_run01,baseline,phase_change,1778258985.7923968,/big.txt,44957696,131072,sequential,1.0000,0.0000,0,1,45088768,4096,1
201,201_baseline_phase_change_run01,baseline,phase_change,1778258985.7924805,/big.txt,45088768,131072,sequential,1.0000,0.0000,0,1,45219840,4096,1
201,201_baseline_phase_change_run01,baseline,phase_change,1778258985.792564,/big.txt,45219840,131072,sequential,1.0000,0.0000,0,1,45350912,4096,1
201,201_baseline_phase_change_run01,baseline,phase_change,1778258985.792652,/big.txt,45350912,131072,sequential,1.0000,0.0000,0,1,45481984,4096,1
201,201_baseline_phase_change_run01,baseline,phase_change,1778258985.7927358,/big.txt,45481984,131072,sequential,1.0000,0.0000,0,1,45613056,4096,1
201,201_baseline_phase_change_run01,baseline,phase_change,1778258985.7928195,/big.txt,45613056,131072,sequential,1.0000,0.0000,0,1,45744128,4096,1
201,201_baseline_phase_change_run01,baseline,phase_change,1778258985.7929032,/big.txt,45744128,131072,sequential,1.0000,0.0000,0,1,45875200,4096,1
201,201_baseline_phase_change_run01,baseline,phase_change,1778258985.7929866,/big.txt,45875200,131072,sequential,1.0000,0.0000,0,1,46006272,4096,1
201,201_baseline_phase_change_run01,baseline,phase_change,1778258985.79307,/big.txt,46006272,131072,sequential,1.0000,0.0000,0,1,46137344,4096,1
201,201_baseline_phase_change_run01,baseline,phase_change,1778258985.7931557,/big.txt,46137344,131072,sequential,1.0000,0.0000,0,1,46268416,4096,1
201,201_baseline_phase_change_run01,baseline,phase_change,1778258985.7932434,/big.txt,46268416,131072,sequential,1.0000,0.0000,0,1,46399488,4096,1
201,201_baseline_phase_change_run01,baseline,phase_change,1778258985.7933283,/big.txt,46399488,131072,sequential,1.0000,0.0000,0,1,46530560,4096,1
201,201_baseline_phase_change_run01,baseline,phase_change,1778258985.793414,/big.txt,46530560,131072,sequential,1.0000,0.0000,0,1,46661632,4096,1
201,201_baseline_phase_change_run01,baseline,phase_change,1778258985.7934983,/big.txt,46661632,131072,sequential,1.0000,0.0000,0,1,46792704,4096,1
201,201_baseline_phase_change_run01,baseline,phase_change,1778258985.7935832,/big.txt,46792704,131072,sequential,1.0000,0.0000,0,1,46923776,4096,1
201,201_baseline_phase_change_run01,baseline,phase_change,1778258985.7936676,/big.txt,46923776,131072,sequential,1.0000,0.0000,0,1,47054848,4096,1
201,201_baseline_phase_change_run01,baseline,phase_change,1778258985.7937512,/big.txt,47054848,131072,sequential,1.0000,0.0000,0,1,47185920,4096,1
201,201_baseline_phase_change_run01,baseline,phase_change,1778258985.7938383,/big.txt,47185920,131072,sequential,1.0000,0.0000,0,1,47316992,4096,1
201,201_baseline_phase_change_run01,baseline,phase_change,1778258985.7939274,/big.txt,47316992,131072,sequential,1.0000,0.0000,0,1,47448064,4096,1
201,201_baseline_phase_change_run01,baseline,phase_change,1778258985.7940152,/big.txt,47448064,131072,sequential,1.0000,0.0000,0,1,47579136,4096,1
201,201_baseline_phase_change_run01,baseline,phase_change,1778258985.7941012,/big.txt,47579136,131072,sequential,1.0000,0.0000,0,1,47710208,4096,1
201,201_baseline_phase_change_run01,baseline,phase_change,1778258985.7941866,/big.txt,47710208,131072,sequential,1.0000,0.0000,0,1,47841280,4096,1
201,201_baseline_phase_change_run01,baseline,phase_change,1778258985.7942717,/big.txt,47841280,131072,sequential,1.0000,0.0000,0,1,47972352,4096,1
201,201_baseline_phase_change_run01,baseline,phase_change,1778258985.7943573,/big.txt,47972352,131072,sequential,1.0000,0.0000,0,1,48103424,4096,1
201,201_baseline_phase_change_run01,baseline,phase_change,1778258985.7944448,/big.txt,48103424,131072,sequential,1.0000,0.0000,0,1,48234496,4096,1
201,201_baseline_phase_change_run01,baseline,phase_change,1778258985.7945297,/big.txt,48234496,131072,sequential,1.0000,0.0000,0,1,48365568,4096,1
201,201_baseline_phase_change_run01,baseline,phase_change,1778258985.7946143,/big.txt,48365568,131072,sequential,1.0000,0.0000,0,1,48496640,4096,1
201,201_baseline_phase_change_run01,baseline,phase_change,1778258985.7947001,/big.txt,48496640,131072,sequential,1.0000,0.0000,0,1,48627712,4096,1
201,201_baseline_phase_change_run01,baseline,phase_change,1778258985.7947998,/big.txt,48627712,131072,sequential,1.0000,0.0000,0,1,48758784,4096,1
201,201_baseline_phase_change_run01,baseline,phase_change,1778258985.7948868,/big.txt,48758784,131072,sequential,1.0000,0.0000,0,1,48889856,4096,1
201,201_baseline_phase_change_run01,baseline,phase_change,1778258985.7949717,/big.txt,48889856,131072,sequential,1.0000,0.0000,0,1,49020928,4096,1
201,201_baseline_phase_change_run01,baseline,phase_change,1778258985.7950563,/big.txt,49020928,131072,sequential,1.0000,0.0000,0,1,49152000,4096,1
201,201_baseline_phase_change_run01,baseline,phase_change,1778258985.795142,/big.txt,49152000,131072,sequential,1.0000,0.0000,0,1,49283072,4096,1
201,201_baseline_phase_change_run01,baseline,phase_change,1778258985.7952266,/big.txt,49283072,131072,sequential,1.0000,0.0000,0,1,49414144,4096,1
201,201_baseline_phase_change_run01,baseline,phase_change,1778258985.7953105,/big.txt,49414144,131072,sequential,1.0000,0.0000,0,1,49545216,4096,1
201,201_baseline_phase_change_run01,baseline,phase_change,1778258985.7953956,/big.txt,49545216,131072,sequential,1.0000,0.0000,0,1,49676288,4096,1
201,201_baseline_phase_change_run01,baseline,phase_change,1778258985.7954817,/big.txt,49676288,131072,sequential,1.0000,0.0000,0,1,49807360,4096,1
201,201_baseline_phase_change_run01,baseline,phase_change,1778258985.7955668,/big.txt,49807360,131072,sequential,1.0000,0.0000,0,1,49938432,4096,1
201,201_baseline_phase_change_run01,baseline,phase_change,1778258985.7956522,/big.txt,49938432,131072,sequential,1.0000,0.0000,0,1,50069504,4096,1
201,201_baseline_phase_change_run01,baseline,phase_change,1778258985.795737,/big.txt,50069504,131072,sequential,1.0000,0.0000,0,1,50200576,4096,1
201,201_baseline_phase_change_run01,baseline,phase_change,1778258985.7958252,/big.txt,50200576,131072,sequential,1.0000,0.0000,0,1,50331648,4096,1
201,201_baseline_phase_change_run01,baseline,phase_change,1778258985.7959106,/big.txt,50331648,131072,sequential,1.0000,0.0000,0,1,50462720,4096,1
201,201_baseline_phase_change_run01,baseline,phase_change,1778258985.796061,/big.txt,50462720,131072,sequential,1.0000,0.0000,0,1,50593792,4096,1
201,201_baseline_phase_change_run01,baseline,phase_change,1778258985.7961485,/big.txt,50593792,131072,sequential,1.0000,0.0000,0,1,50724864,4096,1
201,201_baseline_phase_change_run01,baseline,phase_change,1778258985.7962346,/big.txt,50724864,131072,sequential,1.0000,0.0000,0,1,50855936,4096,1
201,201_baseline_phase_change_run01,baseline,phase_change,1778258985.7963197,/big.txt,50855936,131072,sequential,1.0000,0.0000,0,1,50987008,4096,1
201,201_baseline_phase_change_run01,baseline,phase_change,1778258985.7964094,/big.txt,50987008,131072,sequential,1.0000,0.0000,0,1,51118080,4096,1
201,201_baseline_phase_change_run01,baseline,phase_change,1778258985.7964954,/big.txt,51118080,131072,sequential,1.0000,0.0000,0,1,51249152,4096,1
201,201_baseline_phase_change_run01,baseline,phase_change,1778258985.79658,/big.txt,51249152,131072,sequential,1.0000,0.0000,0,1,51380224,4096,1
201,201_baseline_phase_change_run01,baseline,phase_change,1778258985.796666,/big.txt,51380224,131072,sequential,1.0000,0.0000,0,1,51511296,4096,1
201,201_baseline_phase_change_run01,baseline,phase_change,1778258985.7967508,/big.txt,51511296,131072,sequential,1.0000,0.0000,0,1,51642368,4096,1
201,201_baseline_phase_change_run01,baseline,phase_change,1778258985.7968388,/big.txt,51642368,131072,sequential,1.0000,0.0000,0,1,51773440,4096,1
201,201_baseline_phase_change_run01,baseline,phase_change,1778258985.796924,/big.txt,51773440,131072,sequential,1.0000,0.0000,0,1,51904512,4096,1
201,201_baseline_phase_change_run01,baseline,phase_change,1778258985.7970092,/big.txt,51904512,131072,sequential,1.0000,0.0000,0,1,52035584,4096,1
201,201_baseline_phase_change_run01,baseline,phase_change,1778258985.7970939,/big.txt,52035584,131072,sequential,1.0000,0.0000,0,1,52166656,4096,1
201,201_baseline_phase_change_run01,baseline,phase_change,1778258985.7971785,/big.txt,52166656,131072,sequential,1.0000,0.0000,0,1,52297728,4096,1
201,201_baseline_phase_change_run01,baseline,phase_change,1778258985.7972665,/big.txt,52297728,131072,sequential,1.0000,0.0000,0,1,52428800,4096,1
201,201_baseline_phase_change_run01,baseline,phase_change,1778258985.7973542,/big.txt,52428800,131072,sequential,1.0000,0.0000,0,1,52559872,4096,1
201,201_baseline_phase_change_run01,baseline,phase_change,1778258985.7974432,/big.txt,52559872,131072,sequential,1.0000,0.0000,0,1,52690944,4096,1
201,201_baseline_phase_change_run01,baseline,phase_change,1778258985.7975287,/big.txt,52690944,131072,sequential,1.0000,0.0000,0,1,52822016,4096,1
201,201_baseline_phase_change_run01,baseline,phase_change,1778258985.7976143,/big.txt,52822016,131072,sequential,1.0000,0.0000,0,1,52953088,4096,1
201,201_baseline_phase_change_run01,baseline,phase_change,1778258985.7976997,/big.txt,52953088,131072,sequential,1.0000,0.0000,0,1,53084160,4096,1
201,201_baseline_phase_change_run01,baseline,phase_change,1778258985.7977877,/big.txt,53084160,131072,sequential,1.0000,0.0000,0,1,53215232,4096,1
201,201_baseline_phase_change_run01,baseline,phase_change,1778258985.7978737,/big.txt,53215232,131072,sequential,1.0000,0.0000,0,1,53346304,4096,1
201,201_baseline_phase_change_run01,baseline,phase_change,1778258985.7979596,/big.txt,53346304,131072,sequential,1.0000,0.0000,0,1,53477376,4096,1
201,201_baseline_phase_change_run01,baseline,phase_change,1778258985.7980454,/big.txt,53477376,131072,sequential,1.0000,0.0000,0,1,53608448,4096,1
201,201_baseline_phase_change_run01,baseline,phase_change,1778258985.798131,/big.txt,53608448,131072,sequential,1.0000,0.0000,0,1,53739520,4096,1
201,201_baseline_phase_change_run01,baseline,phase_change,1778258985.7982163,/big.txt,53739520,131072,sequential,1.0000,0.0000,0,1,53870592,4096,1
201,201_baseline_phase_change_run01,baseline,phase_change,1778258985.7983015,/big.txt,53870592,131072,sequential,1.0000,0.0000,0,1,54001664,4096,1
201,201_baseline_phase_change_run01,baseline,phase_change,1778258985.7983866,/big.txt,54001664,131072,sequential,1.0000,0.0000,0,1,54132736,4096,1
201,201_baseline_phase_change_run01,baseline,phase_change,1778258985.7984715,/big.txt,54132736,131072,sequential,1.0000,0.0000,0,1,54263808,4096,1
201,201_baseline_phase_change_run01,baseline,phase_change,1778258985.7985566,/big.txt,54263808,131072,sequential,1.0000,0.0000,0,1,54394880,4096,1
201,201_baseline_phase_change_run01,baseline,phase_change,1778258985.7986417,/big.txt,54394880,131072,sequential,1.0000,0.0000,0,1,54525952,4096,1
201,201_baseline_phase_change_run01,baseline,phase_change,1778258985.7987323,/big.txt,54525952,131072,sequential,1.0000,0.0000,0,1,54657024,4096,1
201,201_baseline_phase_change_run01,baseline,phase_change,1778258985.7988594,/big.txt,54657024,131072,sequential,1.0000,0.0000,0,1,54788096,4096,1
201,201_baseline_phase_change_run01,baseline,phase_change,1778258985.7989454,/big.txt,54788096,131072,sequential,1.0000,0.0000,0,1,54919168,4096,1
201,201_baseline_phase_change_run01,baseline,phase_change,1778258985.79903,/big.txt,54919168,131072,sequential,1.0000,0.0000,0,1,55050240,4096,1
201,201_baseline_phase_change_run01,baseline,phase_change,1778258985.7991154,/big.txt,55050240,131072,sequential,1.0000,0.0000,0,1,55181312,4096,1
201,201_baseline_phase_change_run01,baseline,phase_change,1778258985.7992005,/big.txt,55181312,131072,sequential,1.0000,0.0000,0,1,55312384,4096,1
201,201_baseline_phase_change_run01,baseline,phase_change,1778258985.7992861,/big.txt,55312384,131072,sequential,1.0000,0.0000,0,1,55443456,4096,1
201,201_baseline_phase_change_run01,baseline,phase_change,1778258985.7993739,/big.txt,55443456,131072,sequential,1.0000,0.0000,0,1,55574528,4096,1
201,201_baseline_phase_change_run01,baseline,phase_change,1778258985.79946,/big.txt,55574528,131072,sequential,1.0000,0.0000,0,1,55705600,4096,1
201,201_baseline_phase_change_run01,baseline,phase_change,1778258985.799545,/big.txt,55705600,131072,sequential,1.0000,0.0000,0,1,55836672,4096,1
201,201_baseline_phase_change_run01,baseline,phase_change,1778258985.7996342,/big.txt,55836672,131072,sequential,1.0000,0.0000,0,1,55967744,4096,1
201,201_baseline_phase_change_run01,baseline,phase_change,1778258985.799719,/big.txt,55967744,131072,sequential,1.0000,0.0000,0,1,56098816,4096,1
201,201_baseline_phase_change_run01,baseline,phase_change,1778258985.7998042,/big.txt,56098816,131072,sequential,1.0000,0.0000,0,1,56229888,4096,1
201,201_baseline_phase_change_run01,baseline,phase_change,1778258985.7998917,/big.txt,56229888,131072,sequential,1.0000,0.0000,0,1,56360960,4096,1
201,201_baseline_phase_change_run01,baseline,phase_change,1778258985.7999773,/big.txt,56360960,131072,sequential,1.0000,0.0000,0,1,56492032,4096,1
201,201_baseline_phase_change_run01,baseline,phase_change,1778258985.8000653,/big.txt,56492032,131072,sequential,1.0000,0.0000,0,1,56623104,4096,1
201,201_baseline_phase_change_run01,baseline,phase_change,1778258985.800151,/big.txt,56623104,131072,sequential,1.0000,0.0000,0,1,56754176,4096,1
201,201_baseline_phase_change_run01,baseline,phase_change,1778258985.8002357,/big.txt,56754176,131072,sequential,1.0000,0.0000,0,1,56885248,4096,1
201,201_baseline_phase_change_run01,baseline,phase_change,1778258985.800321,/big.txt,56885248,131072,sequential,1.0000,0.0000,0,1,57016320,4096,1
201,201_baseline_phase_change_run01,baseline,phase_change,1778258985.8004067,/big.txt,57016320,131072,sequential,1.0000,0.0000,0,1,57147392,4096,1
201,201_baseline_phase_change_run01,baseline,phase_change,1778258985.8004918,/big.txt,57147392,131072,sequential,1.0000,0.0000,0,1,57278464,4096,1
201,201_baseline_phase_change_run01,baseline,phase_change,1778258985.800577,/big.txt,57278464,131072,sequential,1.0000,0.0000,0,1,57409536,4096,1
201,201_baseline_phase_change_run01,baseline,phase_change,1778258985.8006628,/big.txt,57409536,131072,sequential,1.0000,0.0000,0,1,57540608,4096,1
201,201_baseline_phase_change_run01,baseline,phase_change,1778258985.800748,/big.txt,57540608,131072,sequential,1.0000,0.0000,0,1,57671680,4096,1
201,201_baseline_phase_change_run01,baseline,phase_change,1778258985.8008337,/big.txt,57671680,131072,sequential,1.0000,0.0000,0,1,57802752,4096,1
201,201_baseline_phase_change_run01,baseline,phase_change,1778258985.80092,/big.txt,57802752,131072,sequential,1.0000,0.0000,0,1,57933824,4096,1
201,201_baseline_phase_change_run01,baseline,phase_change,1778258985.8010058,/big.txt,57933824,131072,sequential,1.0000,0.0000,0,1,58064896,4096,1
201,201_baseline_phase_change_run01,baseline,phase_change,1778258985.8010914,/big.txt,58064896,131072,sequential,1.0000,0.0000,0,1,58195968,4096,1
201,201_baseline_phase_change_run01,baseline,phase_change,1778258985.8011808,/big.txt,58195968,131072,sequential,1.0000,0.0000,0,1,58327040,4096,1
201,201_baseline_phase_change_run01,baseline,phase_change,1778258985.801267,/big.txt,58327040,131072,sequential,1.0000,0.0000,0,1,58458112,4096,1
201,201_baseline_phase_change_run01,baseline,phase_change,1778258985.8013518,/big.txt,58458112,131072,sequential,1.0000,0.0000,0,1,58589184,4096,1
201,201_baseline_phase_change_run01,baseline,phase_change,1778258985.801437,/big.txt,58589184,131072,sequential,1.0000,0.0000,0,1,58720256,4096,1
201,201_baseline_phase_change_run01,baseline,phase_change,1778258985.8015218,/big.txt,58720256,131072,sequential,1.0000,0.0000,0,1,58851328,4096,1
201,201_baseline_phase_change_run01,baseline,phase_change,1778258985.8016076,/big.txt,58851328,131072,sequential,1.0000,0.0000,0,1,58982400,4096,1
201,201_baseline_phase_change_run01,baseline,phase_change,1778258985.8016946,/big.txt,58982400,131072,sequential,1.0000,0.0000,0,1,59113472,4096,1
201,201_baseline_phase_change_run01,baseline,phase_change,1778258985.801781,/big.txt,59113472,131072,sequential,1.0000,0.0000,0,1,59244544,4096,1
201,201_baseline_phase_change_run01,baseline,phase_change,1778258985.8018696,/big.txt,59244544,131072,sequential,1.0000,0.0000,0,1,59375616,4096,1
201,201_baseline_phase_change_run01,baseline,phase_change,1778258985.801956,/big.txt,59375616,131072,sequential,1.0000,0.0000,0,1,59506688,4096,1
201,201_baseline_phase_change_run01,baseline,phase_change,1778258985.8020413,/big.txt,59506688,131072,sequential,1.0000,0.0000,0,1,59637760,4096,1
201,201_baseline_phase_change_run01,baseline,phase_change,1778258985.8021266,/big.txt,59637760,131072,sequential,1.0000,0.0000,0,1,59768832,4096,1
201,201_baseline_phase_change_run01,baseline,phase_change,1778258985.8022141,/big.txt,59768832,131072,sequential,1.0000,0.0000,0,1,59899904,4096,1
201,201_baseline_phase_change_run01,baseline,phase_change,1778258985.8023033,/big.txt,59899904,131072,sequential,1.0000,0.0000,0,1,60030976,4096,1
201,201_baseline_phase_change_run01,baseline,phase_change,1778258985.8024,/big.txt,60030976,131072,sequential,1.0000,0.0000,0,1,60162048,4096,1
201,201_baseline_phase_change_run01,baseline,phase_change,1778258985.802488,/big.txt,60162048,131072,sequential,1.0000,0.0000,0,1,60293120,4096,1
201,201_baseline_phase_change_run01,baseline,phase_change,1778258985.8025742,/big.txt,60293120,131072,sequential,1.0000,0.0000,0,1,60424192,4096,1
201,201_baseline_phase_change_run01,baseline,phase_change,1778258985.802663,/big.txt,60424192,131072,sequential,1.0000,0.0000,0,1,60555264,4096,1
201,201_baseline_phase_change_run01,baseline,phase_change,1778258985.8027496,/big.txt,60555264,131072,sequential,1.0000,0.0000,0,1,60686336,4096,1
201,201_baseline_phase_change_run01,baseline,phase_change,1778258985.8028626,/big.txt,60686336,131072,sequential,1.0000,0.0000,0,1,60817408,4096,1
201,201_baseline_phase_change_run01,baseline,phase_change,1778258985.8029888,/big.txt,60817408,131072,sequential,1.0000,0.0000,0,1,60948480,4096,1
201,201_baseline_phase_change_run01,baseline,phase_change,1778258985.803111,/big.txt,60948480,131072,sequential,1.0000,0.0000,0,1,61079552,4096,1
201,201_baseline_phase_change_run01,baseline,phase_change,1778258985.8032355,/big.txt,61079552,131072,sequential,1.0000,0.0000,0,1,61210624,4096,1
201,201_baseline_phase_change_run01,baseline,phase_change,1778258985.8033593,/big.txt,61210624,131072,sequential,1.0000,0.0000,0,1,61341696,4096,1
201,201_baseline_phase_change_run01,baseline,phase_change,1778258985.8034716,/big.txt,61341696,131072,sequential,1.0000,0.0000,0,1,61472768,4096,1
201,201_baseline_phase_change_run01,baseline,phase_change,1778258985.8035607,/big.txt,61472768,131072,sequential,1.0000,0.0000,0,1,61603840,4096,1
201,201_baseline_phase_change_run01,baseline,phase_change,1778258985.8036485,/big.txt,61603840,131072,sequential,1.0000,0.0000,0,1,61734912,4096,1
201,201_baseline_phase_change_run01,baseline,phase_change,1778258985.8037367,/big.txt,61734912,131072,sequential,1.0000,0.0000,0,1,61865984,4096,1
201,201_baseline_phase_change_run01,baseline,phase_change,1778258985.8038287,/big.txt,61865984,131072,sequential,1.0000,0.0000,0,1,61997056,4096,1
201,201_baseline_phase_change_run01,baseline,phase_change,1778258985.8039174,/big.txt,61997056,131072,sequential,1.0000,0.0000,0,1,62128128,4096,1
201,201_baseline_phase_change_run01,baseline,phase_change,1778258985.8040051,/big.txt,62128128,131072,sequential,1.0000,0.0000,0,1,62259200,4096,1
201,201_baseline_phase_change_run01,baseline,phase_change,1778258985.8040965,/big.txt,62259200,131072,sequential,1.0000,0.0000,0,1,62390272,4096,1
201,201_baseline_phase_change_run01,baseline,phase_change,1778258985.8041852,/big.txt,62390272,131072,sequential,1.0000,0.0000,0,1,62521344,4096,1
201,201_baseline_phase_change_run01,baseline,phase_change,1778258985.8042712,/big.txt,62521344,131072,sequential,1.0000,0.0000,0,1,62652416,4096,1
201,201_baseline_phase_change_run01,baseline,phase_change,1778258985.8043568,/big.txt,62652416,131072,sequential,1.0000,0.0000,0,1,62783488,4096,1
201,201_baseline_phase_change_run01,baseline,phase_change,1778258985.804443,/big.txt,62783488,131072,sequential,1.0000,0.0000,0,1,62914560,4096,1
201,201_baseline_phase_change_run01,baseline,phase_change,1778258985.8045292,/big.txt,62914560,131072,sequential,1.0000,0.0000,0,1,63045632,4096,1
201,201_baseline_phase_change_run01,baseline,phase_change,1778258985.8046153,/big.txt,63045632,131072,sequential,1.0000,0.0000,0,1,63176704,4096,1
201,201_baseline_phase_change_run01,baseline,phase_change,1778258985.8047009,/big.txt,63176704,131072,sequential,1.0000,0.0000,0,1,63307776,4096,1
201,201_baseline_phase_change_run01,baseline,phase_change,1778258985.8047862,/big.txt,63307776,131072,sequential,1.0000,0.0000,0,1,63438848,4096,1
201,201_baseline_phase_change_run01,baseline,phase_change,1778258985.804873,/big.txt,63438848,131072,sequential,1.0000,0.0000,0,1,63569920,4096,1
201,201_baseline_phase_change_run01,baseline,phase_change,1778258985.8049586,/big.txt,63569920,131072,sequential,1.0000,0.0000,0,1,63700992,4096,1
201,201_baseline_phase_change_run01,baseline,phase_change,1778258985.805044,/big.txt,63700992,131072,sequential,1.0000,0.0000,0,1,63832064,4096,1
201,201_baseline_phase_change_run01,baseline,phase_change,1778258985.8051305,/big.txt,63832064,131072,sequential,1.0000,0.0000,0,1,63963136,4096,1
201,201_baseline_phase_change_run01,baseline,phase_change,1778258985.8052166,/big.txt,63963136,131072,sequential,1.0000,0.0000,0,1,64094208,4096,1
201,201_baseline_phase_change_run01,baseline,phase_change,1778258985.8053026,/big.txt,64094208,131072,sequential,1.0000,0.0000,0,1,64225280,4096,1
201,201_baseline_phase_change_run01,baseline,phase_change,1778258985.8053916,/big.txt,64225280,131072,sequential,1.0000,0.0000,0,1,64356352,4096,1
201,201_baseline_phase_change_run01,baseline,phase_change,1778258985.8054779,/big.txt,64356352,131072,sequential,1.0000,0.0000,0,1,64487424,4096,1
201,201_baseline_phase_change_run01,baseline,phase_change,1778258985.805563,/big.txt,64487424,131072,sequential,1.0000,0.0000,0,1,64618496,4096,1
201,201_baseline_phase_change_run01,baseline,phase_change,1778258985.8056488,/big.txt,64618496,131072,sequential,1.0000,0.0000,0,1,64749568,4096,1
201,201_baseline_phase_change_run01,baseline,phase_change,1778258985.8057349,/big.txt,64749568,131072,sequential,1.0000,0.0000,0,1,64880640,4096,1
201,201_baseline_phase_change_run01,baseline,phase_change,1778258985.805823,/big.txt,64880640,131072,sequential,1.0000,0.0000,0,1,65011712,4096,1
201,201_baseline_phase_change_run01,baseline,phase_change,1778258985.805909,/big.txt,65011712,131072,sequential,1.0000,0.0000,0,1,65142784,4096,1
201,201_baseline_phase_change_run01,baseline,phase_change,1778258985.8059976,/big.txt,65142784,131072,sequential,1.0000,0.0000,0,1,65273856,4096,1
201,201_baseline_phase_change_run01,baseline,phase_change,1778258985.8060846,/big.txt,65273856,131072,sequential,1.0000,0.0000,0,1,65404928,4096,1
201,201_baseline_phase_change_run01,baseline,phase_change,1778258985.8061707,/big.txt,65404928,131072,sequential,1.0000,0.0000,0,1,65536000,4096,1
201,201_baseline_phase_change_run01,baseline,phase_change,1778258985.8062646,/big.txt,65536000,131072,sequential,1.0000,0.0000,0,1,65667072,4096,1
201,201_baseline_phase_change_run01,baseline,phase_change,1778258985.806352,/big.txt,65667072,131072,sequential,1.0000,0.0000,0,1,65798144,4096,1
201,201_baseline_phase_change_run01,baseline,phase_change,1778258985.8064384,/big.txt,65798144,131072,sequential,1.0000,0.0000,0,1,65929216,4096,1
201,201_baseline_phase_change_run01,baseline,phase_change,1778258985.8065245,/big.txt,65929216,131072,sequential,1.0000,0.0000,0,1,66060288,4096,1
201,201_baseline_phase_change_run01,baseline,phase_change,1778258985.8066103,/big.txt,66060288,131072,sequential,1.0000,0.0000,0,1,66191360,4096,1
201,201_baseline_phase_change_run01,baseline,phase_change,1778258985.806696,/big.txt,66191360,131072,sequential,1.0000,0.0000,0,1,66322432,4096,1
201,201_baseline_phase_change_run01,baseline,phase_change,1778258985.8067863,/big.txt,66322432,131072,sequential,1.0000,0.0000,0,1,66453504,4096,1
201,201_baseline_phase_change_run01,baseline,phase_change,1778258985.8069124,/big.txt,66453504,131072,sequential,1.0000,0.0000,0,1,66584576,4096,1
201,201_baseline_phase_change_run01,baseline,phase_change,1778258985.8070016,/big.txt,66584576,131072,sequential,1.0000,0.0000,0,1,66715648,4096,1
201,201_baseline_phase_change_run01,baseline,phase_change,1778258985.8070896,/big.txt,66715648,131072,sequential,1.0000,0.0000,0,1,66846720,4096,1
201,201_baseline_phase_change_run01,baseline,phase_change,1778258985.807178,/big.txt,66846720,131072,sequential,1.0000,0.0000,0,1,66977792,4096,1
201,201_baseline_phase_change_run01,baseline,phase_change,1778258985.807266,/big.txt,66977792,131072,sequential,1.0000,0.0000,0,1,67108864,4096,1
201,201_baseline_phase_change_run01,baseline,phase_change,1778258985.8073545,/big.txt,67108864,131072,sequential,1.0000,0.0000,0,1,67239936,4096,1
201,201_baseline_phase_change_run01,baseline,phase_change,1778258985.8074427,/big.txt,67239936,131072,sequential,1.0000,0.0000,0,1,67371008,4096,1
201,201_baseline_phase_change_run01,baseline,phase_change,1778258985.807531,/big.txt,67371008,131072,sequential,1.0000,0.0000,0,1,67502080,4096,1
201,201_baseline_phase_change_run01,baseline,phase_change,1778258985.8076189,/big.txt,67502080,131072,sequential,1.0000,0.0000,0,1,67633152,4096,1
201,201_baseline_phase_change_run01,baseline,phase_change,1778258985.807705,/big.txt,67633152,131072,sequential,1.0000,0.0000,0,1,67764224,4096,1
201,201_baseline_phase_change_run01,baseline,phase_change,1778258985.807791,/big.txt,67764224,131072,sequential,1.0000,0.0000,0,1,67895296,4096,1
201,201_baseline_phase_change_run01,baseline,phase_change,1778258985.807877,/big.txt,67895296,131072,sequential,1.0000,0.0000,0,1,68026368,4096,1
201,201_baseline_phase_change_run01,baseline,phase_change,1778258985.8079636,/big.txt,68026368,131072,sequential,1.0000,0.0000,0,1,68157440,4096,1
201,201_baseline_phase_change_run01,baseline,phase_change,1778258985.8080502,/big.txt,68157440,131072,sequential,1.0000,0.0000,0,1,68288512,4096,1
201,201_baseline_phase_change_run01,baseline,phase_change,1778258985.8081415,/big.txt,68288512,131072,sequential,1.0000,0.0000,0,1,68419584,4096,1
201,201_baseline_phase_change_run01,baseline,phase_change,1778258985.8082306,/big.txt,68419584,131072,sequential,1.0000,0.0000,0,1,68550656,4096,1
201,201_baseline_phase_change_run01,baseline,phase_change,1778258985.8083181,/big.txt,68550656,131072,sequential,1.0000,0.0000,0,1,68681728,4096,1
201,201_baseline_phase_change_run01,baseline,phase_change,1778258985.808405,/big.txt,68681728,131072,sequential,1.0000,0.0000,0,1,68812800,4096,1
201,201_baseline_phase_change_run01,baseline,phase_change,1778258985.808491,/big.txt,68812800,131072,sequential,1.0000,0.0000,0,1,68943872,4096,1
201,201_baseline_phase_change_run01,baseline,phase_change,1778258985.8085778,/big.txt,68943872,131072,sequential,1.0000,0.0000,0,1,69074944,4096,1
201,201_baseline_phase_change_run01,baseline,phase_change,1778258985.808671,/big.txt,69074944,131072,sequential,1.0000,0.0000,0,1,69206016,4096,1
201,201_baseline_phase_change_run01,baseline,phase_change,1778258985.8087595,/big.txt,69206016,131072,sequential,1.0000,0.0000,0,1,69337088,4096,1
201,201_baseline_phase_change_run01,baseline,phase_change,1778258985.8088474,/big.txt,69337088,131072,sequential,1.0000,0.0000,0,1,69468160,4096,1
201,201_baseline_phase_change_run01,baseline,phase_change,1778258985.8089337,/big.txt,69468160,131072,sequential,1.0000,0.0000,0,1,69599232,4096,1
201,201_baseline_phase_change_run01,baseline,phase_change,1778258985.8090205,/big.txt,69599232,131072,sequential,1.0000,0.0000,0,1,69730304,4096,1
201,201_baseline_phase_change_run01,baseline,phase_change,1778258985.8091059,/big.txt,69730304,131072,sequential,1.0000,0.0000,0,1,69861376,4096,1
201,201_baseline_phase_change_run01,baseline,phase_change,1778258985.8091912,/big.txt,69861376,131072,sequential,1.0000,0.0000,0,1,69992448,4096,1
201,201_baseline_phase_change_run01,baseline,phase_change,1778258985.8092775,/big.txt,69992448,131072,sequential,1.0000,0.0000,0,1,70123520,4096,1
201,201_baseline_phase_change_run01,baseline,phase_change,1778258985.8093626,/big.txt,70123520,131072,sequential,1.0000,0.0000,0,1,70254592,4096,1
201,201_baseline_phase_change_run01,baseline,phase_change,1778258985.8094482,/big.txt,70254592,131072,sequential,1.0000,0.0000,0,1,70385664,4096,1
201,201_baseline_phase_change_run01,baseline,phase_change,1778258985.8095353,/big.txt,70385664,131072,sequential,1.0000,0.0000,0,1,70516736,4096,1
201,201_baseline_phase_change_run01,baseline,phase_change,1778258985.8096247,/big.txt,70516736,131072,sequential,1.0000,0.0000,0,1,70647808,4096,1
201,201_baseline_phase_change_run01,baseline,phase_change,1778258985.809712,/big.txt,70647808,131072,sequential,1.0000,0.0000,0,1,70778880,4096,1
201,201_baseline_phase_change_run01,baseline,phase_change,1778258985.8097973,/big.txt,70778880,131072,sequential,1.0000,0.0000,0,1,70909952,4096,1
201,201_baseline_phase_change_run01,baseline,phase_change,1778258985.8098836,/big.txt,70909952,131072,sequential,1.0000,0.0000,0,1,71041024,4096,1
201,201_baseline_phase_change_run01,baseline,phase_change,1778258985.80997,/big.txt,71041024,131072,sequential,1.0000,0.0000,0,1,71172096,4096,1
201,201_baseline_phase_change_run01,baseline,phase_change,1778258985.810056,/big.txt,71172096,131072,sequential,1.0000,0.0000,0,1,71303168,4096,1
201,201_baseline_phase_change_run01,baseline,phase_change,1778258985.8101456,/big.txt,71303168,131072,sequential,1.0000,0.0000,0,1,71434240,4096,1
201,201_baseline_phase_change_run01,baseline,phase_change,1778258985.8102322,/big.txt,71434240,131072,sequential,1.0000,0.0000,0,1,71565312,4096,1
201,201_baseline_phase_change_run01,baseline,phase_change,1778258985.810318,/big.txt,71565312,131072,sequential,1.0000,0.0000,0,1,71696384,4096,1
201,201_baseline_phase_change_run01,baseline,phase_change,1778258985.8104043,/big.txt,71696384,131072,sequential,1.0000,0.0000,0,1,71827456,4096,1
201,201_baseline_phase_change_run01,baseline,phase_change,1778258985.8104908,/big.txt,71827456,131072,sequential,1.0000,0.0000,0,1,71958528,4096,1
201,201_baseline_phase_change_run01,baseline,phase_change,1778258985.8105764,/big.txt,71958528,131072,sequential,1.0000,0.0000,0,1,72089600,4096,1
201,201_baseline_phase_change_run01,baseline,phase_change,1778258985.8106627,/big.txt,72089600,131072,sequential,1.0000,0.0000,0,1,72220672,4096,1
201,201_baseline_phase_change_run01,baseline,phase_change,1778258985.8107488,/big.txt,72220672,131072,sequential,1.0000,0.0000,0,1,72351744,4096,1
201,201_baseline_phase_change_run01,baseline,phase_change,1778258985.8108563,/big.txt,72351744,131072,sequential,1.0000,0.0000,0,1,72482816,4096,1
201,201_baseline_phase_change_run01,baseline,phase_change,1778258985.8109555,/big.txt,72482816,131072,sequential,1.0000,0.0000,0,1,72613888,4096,1
201,201_baseline_phase_change_run01,baseline,phase_change,1778258985.8110814,/big.txt,72613888,131072,sequential,1.0000,0.0000,0,1,72744960,4096,1
201,201_baseline_phase_change_run01,baseline,phase_change,1778258985.8112085,/big.txt,72744960,131072,sequential,1.0000,0.0000,0,1,72876032,4096,1
201,201_baseline_phase_change_run01,baseline,phase_change,1778258985.8113341,/big.txt,72876032,131072,sequential,1.0000,0.0000,0,1,73007104,4096,1
201,201_baseline_phase_change_run01,baseline,phase_change,1778258985.8114474,/big.txt,73007104,131072,sequential,1.0000,0.0000,0,1,73138176,4096,1
201,201_baseline_phase_change_run01,baseline,phase_change,1778258985.8115385,/big.txt,73138176,131072,sequential,1.0000,0.0000,0,1,73269248,4096,1
201,201_baseline_phase_change_run01,baseline,phase_change,1778258985.8116267,/big.txt,73269248,131072,sequential,1.0000,0.0000,0,1,73400320,4096,1
201,201_baseline_phase_change_run01,baseline,phase_change,1778258985.811715,/big.txt,73400320,131072,sequential,1.0000,0.0000,0,1,73531392,4096,1
201,201_baseline_phase_change_run01,baseline,phase_change,1778258985.8118029,/big.txt,73531392,131072,sequential,1.0000,0.0000,0,1,73662464,4096,1
201,201_baseline_phase_change_run01,baseline,phase_change,1778258985.81189,/big.txt,73662464,131072,sequential,1.0000,0.0000,0,1,73793536,4096,1
201,201_baseline_phase_change_run01,baseline,phase_change,1778258985.8119774,/big.txt,73793536,131072,sequential,1.0000,0.0000,0,1,73924608,4096,1
201,201_baseline_phase_change_run01,baseline,phase_change,1778258985.8120663,/big.txt,73924608,131072,sequential,1.0000,0.0000,0,1,74055680,4096,1
201,201_baseline_phase_change_run01,baseline,phase_change,1778258985.8121543,/big.txt,74055680,131072,sequential,1.0000,0.0000,0,1,74186752,4096,1
201,201_baseline_phase_change_run01,baseline,phase_change,1778258985.81224,/big.txt,74186752,131072,sequential,1.0000,0.0000,0,1,74317824,4096,1
201,201_baseline_phase_change_run01,baseline,phase_change,1778258985.8123293,/big.txt,74317824,131072,sequential,1.0000,0.0000,0,1,74448896,4096,1
201,201_baseline_phase_change_run01,baseline,phase_change,1778258985.8124156,/big.txt,74448896,131072,sequential,1.0000,0.0000,0,1,74579968,4096,1
201,201_baseline_phase_change_run01,baseline,phase_change,1778258985.8125007,/big.txt,74579968,131072,sequential,1.0000,0.0000,0,1,74711040,4096,1
201,201_baseline_phase_change_run01,baseline,phase_change,1778258985.8125868,/big.txt,74711040,131072,sequential,1.0000,0.0000,0,1,74842112,4096,1
201,201_baseline_phase_change_run01,baseline,phase_change,1778258985.8126726,/big.txt,74842112,131072,sequential,1.0000,0.0000,0,1,74973184,4096,1
201,201_baseline_phase_change_run01,baseline,phase_change,1778258985.8127582,/big.txt,74973184,131072,sequential,1.0000,0.0000,0,1,75104256,4096,1
201,201_baseline_phase_change_run01,baseline,phase_change,1778258985.8128445,/big.txt,75104256,131072,sequential,1.0000,0.0000,0,1,75235328,4096,1
201,201_baseline_phase_change_run01,baseline,phase_change,1778258985.8129296,/big.txt,75235328,131072,sequential,1.0000,0.0000,0,1,75366400,4096,1
201,201_baseline_phase_change_run01,baseline,phase_change,1778258985.8130147,/big.txt,75366400,131072,sequential,1.0000,0.0000,0,1,75497472,4096,1
201,201_baseline_phase_change_run01,baseline,phase_change,1778258985.8131008,/big.txt,75497472,131072,sequential,1.0000,0.0000,0,1,75628544,4096,1
201,201_baseline_phase_change_run01,baseline,phase_change,1778258985.8131905,/big.txt,75628544,131072,sequential,1.0000,0.0000,0,1,75759616,4096,1
201,201_baseline_phase_change_run01,baseline,phase_change,1778258985.8132765,/big.txt,75759616,131072,sequential,1.0000,0.0000,0,1,75890688,4096,1
201,201_baseline_phase_change_run01,baseline,phase_change,1778258985.8133621,/big.txt,75890688,131072,sequential,1.0000,0.0000,0,1,76021760,4096,1
201,201_baseline_phase_change_run01,baseline,phase_change,1778258985.8134472,/big.txt,76021760,131072,sequential,1.0000,0.0000,0,1,76152832,4096,1
201,201_baseline_phase_change_run01,baseline,phase_change,1778258985.813533,/big.txt,76152832,131072,sequential,1.0000,0.0000,0,1,76283904,4096,1
201,201_baseline_phase_change_run01,baseline,phase_change,1778258985.8136182,/big.txt,76283904,131072,sequential,1.0000,0.0000,0,1,76414976,4096,1
201,201_baseline_phase_change_run01,baseline,phase_change,1778258985.8137076,/big.txt,76414976,131072,sequential,1.0000,0.0000,0,1,76546048,4096,1
201,201_baseline_phase_change_run01,baseline,phase_change,1778258985.813794,/big.txt,76546048,131072,sequential,1.0000,0.0000,0,1,76677120,4096,1
201,201_baseline_phase_change_run01,baseline,phase_change,1778258985.8138797,/big.txt,76677120,131072,sequential,1.0000,0.0000,0,1,76808192,4096,1
201,201_baseline_phase_change_run01,baseline,phase_change,1778258985.8139691,/big.txt,76808192,131072,sequential,1.0000,0.0000,0,1,76939264,4096,1
201,201_baseline_phase_change_run01,baseline,phase_change,1778258985.8140554,/big.txt,76939264,131072,sequential,1.0000,0.0000,0,1,77070336,4096,1
201,201_baseline_phase_change_run01,baseline,phase_change,1778258985.8141415,/big.txt,77070336,131072,sequential,1.0000,0.0000,0,1,77201408,4096,1
201,201_baseline_phase_change_run01,baseline,phase_change,1778258985.8142314,/big.txt,77201408,131072,sequential,1.0000,0.0000,0,1,77332480,4096,1
201,201_baseline_phase_change_run01,baseline,phase_change,1778258985.8143206,/big.txt,77332480,131072,sequential,1.0000,0.0000,0,1,77463552,4096,1
201,201_baseline_phase_change_run01,baseline,phase_change,1778258985.8144073,/big.txt,77463552,131072,sequential,1.0000,0.0000,0,1,77594624,4096,1
201,201_baseline_phase_change_run01,baseline,phase_change,1778258985.814494,/big.txt,77594624,131072,sequential,1.0000,0.0000,0,1,77725696,4096,1
201,201_baseline_phase_change_run01,baseline,phase_change,1778258985.8145812,/big.txt,77725696,131072,sequential,1.0000,0.0000,0,1,77856768,4096,1
201,201_baseline_phase_change_run01,baseline,phase_change,1778258985.8146672,/big.txt,77856768,131072,sequential,1.0000,0.0000,0,1,77987840,4096,1
201,201_baseline_phase_change_run01,baseline,phase_change,1778258985.814753,/big.txt,77987840,131072,sequential,1.0000,0.0000,0,1,78118912,4096,1
201,201_baseline_phase_change_run01,baseline,phase_change,1778258985.814857,/big.txt,78118912,131072,sequential,1.0000,0.0000,0,1,78249984,4096,1
201,201_baseline_phase_change_run01,baseline,phase_change,1778258985.8149836,/big.txt,78249984,131072,sequential,1.0000,0.0000,0,1,78381056,4096,1
201,201_baseline_phase_change_run01,baseline,phase_change,1778258985.8151073,/big.txt,78381056,131072,sequential,1.0000,0.0000,0,1,78512128,4096,1
201,201_baseline_phase_change_run01,baseline,phase_change,1778258985.8152306,/big.txt,78512128,131072,sequential,1.0000,0.0000,0,1,78643200,4096,1
201,201_baseline_phase_change_run01,baseline,phase_change,1778258985.8153574,/big.txt,78643200,131072,sequential,1.0000,0.0000,0,1,78774272,4096,1
201,201_baseline_phase_change_run01,baseline,phase_change,1778258985.8154714,/big.txt,78774272,131072,sequential,1.0000,0.0000,0,1,78905344,4096,1
201,201_baseline_phase_change_run01,baseline,phase_change,1778258985.8155608,/big.txt,78905344,131072,sequential,1.0000,0.0000,0,1,79036416,4096,1
201,201_baseline_phase_change_run01,baseline,phase_change,1778258985.81565,/big.txt,79036416,131072,sequential,1.0000,0.0000,0,1,79167488,4096,1
201,201_baseline_phase_change_run01,baseline,phase_change,1778258985.815739,/big.txt,79167488,131072,sequential,1.0000,0.0000,0,1,79298560,4096,1
201,201_baseline_phase_change_run01,baseline,phase_change,1778258985.8158276,/big.txt,79298560,131072,sequential,1.0000,0.0000,0,1,79429632,4096,1
201,201_baseline_phase_change_run01,baseline,phase_change,1778258985.8159175,/big.txt,79429632,131072,sequential,1.0000,0.0000,0,1,79560704,4096,1
201,201_baseline_phase_change_run01,baseline,phase_change,1778258985.8160067,/big.txt,79560704,131072,sequential,1.0000,0.0000,0,1,79691776,4096,1
201,201_baseline_phase_change_run01,baseline,phase_change,1778258985.816096,/big.txt,79691776,131072,sequential,1.0000,0.0000,0,1,79822848,4096,1
201,201_baseline_phase_change_run01,baseline,phase_change,1778258985.8161852,/big.txt,79822848,131072,sequential,1.0000,0.0000,0,1,79953920,4096,1
201,201_baseline_phase_change_run01,baseline,phase_change,1778258985.8162715,/big.txt,79953920,131072,sequential,1.0000,0.0000,0,1,80084992,4096,1
201,201_baseline_phase_change_run01,baseline,phase_change,1778258985.816362,/big.txt,80084992,131072,sequential,1.0000,0.0000,0,1,80216064,4096,1
201,201_baseline_phase_change_run01,baseline,phase_change,1778258985.8164482,/big.txt,80216064,131072,sequential,1.0000,0.0000,0,1,80347136,4096,1
201,201_baseline_phase_change_run01,baseline,phase_change,1778258985.8165379,/big.txt,80347136,131072,sequential,1.0000,0.0000,0,1,80478208,4096,1
201,201_baseline_phase_change_run01,baseline,phase_change,1778258985.8166246,/big.txt,80478208,131072,sequential,1.0000,0.0000,0,1,80609280,4096,1
201,201_baseline_phase_change_run01,baseline,phase_change,1778258985.8167152,/big.txt,80609280,131072,sequential,1.0000,0.0000,0,1,80740352,4096,1
201,201_baseline_phase_change_run01,baseline,phase_change,1778258985.8168023,/big.txt,80740352,131072,sequential,1.0000,0.0000,0,1,80871424,4096,1
201,201_baseline_phase_change_run01,baseline,phase_change,1778258985.8168921,/big.txt,80871424,131072,sequential,1.0000,0.0000,0,1,81002496,4096,1
201,201_baseline_phase_change_run01,baseline,phase_change,1778258985.8169823,/big.txt,81002496,131072,sequential,1.0000,0.0000,0,1,81133568,4096,1
201,201_baseline_phase_change_run01,baseline,phase_change,1778258985.817069,/big.txt,81133568,131072,sequential,1.0000,0.0000,0,1,81264640,4096,1
201,201_baseline_phase_change_run01,baseline,phase_change,1778258985.817155,/big.txt,81264640,131072,sequential,1.0000,0.0000,0,1,81395712,4096,1
201,201_baseline_phase_change_run01,baseline,phase_change,1778258985.8172412,/big.txt,81395712,131072,sequential,1.0000,0.0000,0,1,81526784,4096,1
201,201_baseline_phase_change_run01,baseline,phase_change,1778258985.8173294,/big.txt,81526784,131072,sequential,1.0000,0.0000,0,1,81657856,4096,1
201,201_baseline_phase_change_run01,baseline,phase_change,1778258985.8174162,/big.txt,81657856,131072,sequential,1.0000,0.0000,0,1,81788928,4096,1
201,201_baseline_phase_change_run01,baseline,phase_change,1778258985.8175023,/big.txt,81788928,131072,sequential,1.0000,0.0000,0,1,81920000,4096,1
201,201_baseline_phase_change_run01,baseline,phase_change,1778258985.817589,/big.txt,81920000,131072,sequential,1.0000,0.0000,0,1,82051072,4096,1
201,201_baseline_phase_change_run01,baseline,phase_change,1778258985.8176756,/big.txt,82051072,131072,sequential,1.0000,0.0000,0,1,82182144,4096,1
201,201_baseline_phase_change_run01,baseline,phase_change,1778258985.8177621,/big.txt,82182144,131072,sequential,1.0000,0.0000,0,1,82313216,4096,1
201,201_baseline_phase_change_run01,baseline,phase_change,1778258985.817849,/big.txt,82313216,131072,sequential,1.0000,0.0000,0,1,82444288,4096,1
201,201_baseline_phase_change_run01,baseline,phase_change,1778258985.817936,/big.txt,82444288,131072,sequential,1.0000,0.0000,0,1,82575360,4096,1
201,201_baseline_phase_change_run01,baseline,phase_change,1778258985.8180234,/big.txt,82575360,131072,sequential,1.0000,0.0000,0,1,82706432,4096,1
201,201_baseline_phase_change_run01,baseline,phase_change,1778258985.8181102,/big.txt,82706432,131072,sequential,1.0000,0.0000,0,1,82837504,4096,1
201,201_baseline_phase_change_run01,baseline,phase_change,1778258985.8181963,/big.txt,82837504,131072,sequential,1.0000,0.0000,0,1,82968576,4096,1
201,201_baseline_phase_change_run01,baseline,phase_change,1778258985.8182821,/big.txt,82968576,131072,sequential,1.0000,0.0000,0,1,83099648,4096,1
201,201_baseline_phase_change_run01,baseline,phase_change,1778258985.8183675,/big.txt,83099648,131072,sequential,1.0000,0.0000,0,1,83230720,4096,1
201,201_baseline_phase_change_run01,baseline,phase_change,1778258985.8184538,/big.txt,83230720,131072,sequential,1.0000,0.0000,0,1,83361792,4096,1
201,201_baseline_phase_change_run01,baseline,phase_change,1778258985.818542,/big.txt,83361792,131072,sequential,1.0000,0.0000,0,1,83492864,4096,1
201,201_baseline_phase_change_run01,baseline,phase_change,1778258985.8186288,/big.txt,83492864,131072,sequential,1.0000,0.0000,0,1,83623936,4096,1
201,201_baseline_phase_change_run01,baseline,phase_change,1778258985.8187191,/big.txt,83623936,131072,sequential,1.0000,0.0000,0,1,83755008,4096,1
201,201_baseline_phase_change_run01,baseline,phase_change,1778258985.8188217,/big.txt,83755008,131072,sequential,1.0000,0.0000,0,1,83886080,4096,1
201,201_baseline_phase_change_run01,baseline,phase_change,1778258985.8189104,/big.txt,83886080,131072,sequential,1.0000,0.0000,0,1,84017152,4096,1
201,201_baseline_phase_change_run01,baseline,phase_change,1778258985.8189971,/big.txt,84017152,131072,sequential,1.0000,0.0000,0,1,84148224,4096,1
201,201_baseline_phase_change_run01,baseline,phase_change,1778258985.8190837,/big.txt,84148224,131072,sequential,1.0000,0.0000,0,1,84279296,4096,1
201,201_baseline_phase_change_run01,baseline,phase_change,1778258985.8191702,/big.txt,84279296,131072,sequential,1.0000,0.0000,0,1,84410368,4096,1
201,201_baseline_phase_change_run01,baseline,phase_change,1778258985.8192568,/big.txt,84410368,131072,sequential,1.0000,0.0000,0,1,84541440,4096,1
201,201_baseline_phase_change_run01,baseline,phase_change,1778258985.819343,/big.txt,84541440,131072,sequential,1.0000,0.0000,0,1,84672512,4096,1
201,201_baseline_phase_change_run01,baseline,phase_change,1778258985.8194299,/big.txt,84672512,131072,sequential,1.0000,0.0000,0,1,84803584,4096,1
201,201_baseline_phase_change_run01,baseline,phase_change,1778258985.8195176,/big.txt,84803584,131072,sequential,1.0000,0.0000,0,1,84934656,4096,1
201,201_baseline_phase_change_run01,baseline,phase_change,1778258985.8196044,/big.txt,84934656,131072,sequential,1.0000,0.0000,0,1,85065728,4096,1
201,201_baseline_phase_change_run01,baseline,phase_change,1778258985.8196945,/big.txt,85065728,131072,sequential,1.0000,0.0000,0,1,85196800,4096,1
201,201_baseline_phase_change_run01,baseline,phase_change,1778258985.8197842,/big.txt,85196800,131072,sequential,1.0000,0.0000,0,1,85327872,4096,1
201,201_baseline_phase_change_run01,baseline,phase_change,1778258985.8198714,/big.txt,85327872,131072,sequential,1.0000,0.0000,0,1,85458944,4096,1
201,201_baseline_phase_change_run01,baseline,phase_change,1778258985.819958,/big.txt,85458944,131072,sequential,1.0000,0.0000,0,1,85590016,4096,1
201,201_baseline_phase_change_run01,baseline,phase_change,1778258985.8200486,/big.txt,85590016,131072,sequential,1.0000,0.0000,0,1,85721088,4096,1
201,201_baseline_phase_change_run01,baseline,phase_change,1778258985.8201377,/big.txt,85721088,131072,sequential,1.0000,0.0000,0,1,85852160,4096,1
201,201_baseline_phase_change_run01,baseline,phase_change,1778258985.8202262,/big.txt,85852160,131072,sequential,1.0000,0.0000,0,1,85983232,4096,1
201,201_baseline_phase_change_run01,baseline,phase_change,1778258985.8203146,/big.txt,85983232,131072,sequential,1.0000,0.0000,0,1,86114304,4096,1
201,201_baseline_phase_change_run01,baseline,phase_change,1778258985.8204014,/big.txt,86114304,131072,sequential,1.0000,0.0000,0,1,86245376,4096,1
201,201_baseline_phase_change_run01,baseline,phase_change,1778258985.8204892,/big.txt,86245376,131072,sequential,1.0000,0.0000,0,1,86376448,4096,1
201,201_baseline_phase_change_run01,baseline,phase_change,1778258985.8205788,/big.txt,86376448,131072,sequential,1.0000,0.0000,0,1,86507520,4096,1
201,201_baseline_phase_change_run01,baseline,phase_change,1778258985.8206663,/big.txt,86507520,131072,sequential,1.0000,0.0000,0,1,86638592,4096,1
201,201_baseline_phase_change_run01,baseline,phase_change,1778258985.8207533,/big.txt,86638592,131072,sequential,1.0000,0.0000,0,1,86769664,4096,1
201,201_baseline_phase_change_run01,baseline,phase_change,1778258985.820841,/big.txt,86769664,131072,sequential,1.0000,0.0000,0,1,86900736,4096,1
201,201_baseline_phase_change_run01,baseline,phase_change,1778258985.8209283,/big.txt,86900736,131072,sequential,1.0000,0.0000,0,1,87031808,4096,1
201,201_baseline_phase_change_run01,baseline,phase_change,1778258985.8210151,/big.txt,87031808,131072,sequential,1.0000,0.0000,0,1,87162880,4096,1
201,201_baseline_phase_change_run01,baseline,phase_change,1778258985.8211026,/big.txt,87162880,131072,sequential,1.0000,0.0000,0,1,87293952,4096,1
201,201_baseline_phase_change_run01,baseline,phase_change,1778258985.8211932,/big.txt,87293952,131072,sequential,1.0000,0.0000,0,1,87425024,4096,1
201,201_baseline_phase_change_run01,baseline,phase_change,1778258985.8212807,/big.txt,87425024,131072,sequential,1.0000,0.0000,0,1,87556096,4096,1
201,201_baseline_phase_change_run01,baseline,phase_change,1778258985.8213677,/big.txt,87556096,131072,sequential,1.0000,0.0000,0,1,87687168,4096,1
201,201_baseline_phase_change_run01,baseline,phase_change,1778258985.8214548,/big.txt,87687168,131072,sequential,1.0000,0.0000,0,1,87818240,4096,1
201,201_baseline_phase_change_run01,baseline,phase_change,1778258985.8215413,/big.txt,87818240,131072,sequential,1.0000,0.0000,0,1,87949312,4096,1
201,201_baseline_phase_change_run01,baseline,phase_change,1778258985.8216283,/big.txt,87949312,131072,sequential,1.0000,0.0000,0,1,88080384,4096,1
201,201_baseline_phase_change_run01,baseline,phase_change,1778258985.8217154,/big.txt,88080384,131072,sequential,1.0000,0.0000,0,1,88211456,4096,1
201,201_baseline_phase_change_run01,baseline,phase_change,1778258985.8218036,/big.txt,88211456,131072,sequential,1.0000,0.0000,0,1,88342528,4096,1
201,201_baseline_phase_change_run01,baseline,phase_change,1778258985.8218908,/big.txt,88342528,131072,sequential,1.0000,0.0000,0,1,88473600,4096,1
201,201_baseline_phase_change_run01,baseline,phase_change,1778258985.8219771,/big.txt,88473600,131072,sequential,1.0000,0.0000,0,1,88604672,4096,1
201,201_baseline_phase_change_run01,baseline,phase_change,1778258985.8220646,/big.txt,88604672,131072,sequential,1.0000,0.0000,0,1,88735744,4096,1
201,201_baseline_phase_change_run01,baseline,phase_change,1778258985.8221514,/big.txt,88735744,131072,sequential,1.0000,0.0000,0,1,88866816,4096,1
201,201_baseline_phase_change_run01,baseline,phase_change,1778258985.8222387,/big.txt,88866816,131072,sequential,1.0000,0.0000,0,1,88997888,4096,1
201,201_baseline_phase_change_run01,baseline,phase_change,1778258985.822325,/big.txt,88997888,131072,sequential,1.0000,0.0000,0,1,89128960,4096,1
201,201_baseline_phase_change_run01,baseline,phase_change,1778258985.8224118,/big.txt,89128960,131072,sequential,1.0000,0.0000,0,1,89260032,4096,1
201,201_baseline_phase_change_run01,baseline,phase_change,1778258985.822504,/big.txt,89260032,131072,sequential,1.0000,0.0000,0,1,89391104,4096,1
201,201_baseline_phase_change_run01,baseline,phase_change,1778258985.8225913,/big.txt,89391104,131072,sequential,1.0000,0.0000,0,1,89522176,4096,1
201,201_baseline_phase_change_run01,baseline,phase_change,1778258985.8226776,/big.txt,89522176,131072,sequential,1.0000,0.0000,0,1,89653248,4096,1
201,201_baseline_phase_change_run01,baseline,phase_change,1778258985.8227637,/big.txt,89653248,131072,sequential,1.0000,0.0000,0,1,89784320,4096,1
201,201_baseline_phase_change_run01,baseline,phase_change,1778258985.8229048,/big.txt,89784320,131072,sequential,1.0000,0.0000,0,1,89915392,4096,1
201,201_baseline_phase_change_run01,baseline,phase_change,1778258985.8230329,/big.txt,89915392,131072,sequential,1.0000,0.0000,0,1,90046464,4096,1
201,201_baseline_phase_change_run01,baseline,phase_change,1778258985.823158,/big.txt,90046464,131072,sequential,1.0000,0.0000,0,1,90177536,4096,1
201,201_baseline_phase_change_run01,baseline,phase_change,1778258985.8232858,/big.txt,90177536,131072,sequential,1.0000,0.0000,0,1,90308608,4096,1
201,201_baseline_phase_change_run01,baseline,phase_change,1778258985.8234003,/big.txt,90308608,131072,sequential,1.0000,0.0000,0,1,90439680,4096,1
201,201_baseline_phase_change_run01,baseline,phase_change,1778258985.8234904,/big.txt,90439680,131072,sequential,1.0000,0.0000,0,1,90570752,4096,1
201,201_baseline_phase_change_run01,baseline,phase_change,1778258985.8235798,/big.txt,90570752,131072,sequential,1.0000,0.0000,0,1,90701824,4096,1
201,201_baseline_phase_change_run01,baseline,phase_change,1778258985.8236735,/big.txt,90701824,131072,sequential,1.0000,0.0000,0,1,90832896,4096,1
201,201_baseline_phase_change_run01,baseline,phase_change,1778258985.8237634,/big.txt,90832896,131072,sequential,1.0000,0.0000,0,1,90963968,4096,1
201,201_baseline_phase_change_run01,baseline,phase_change,1778258985.823858,/big.txt,90963968,131072,sequential,1.0000,0.0000,0,1,91095040,4096,1
201,201_baseline_phase_change_run01,baseline,phase_change,1778258985.8239474,/big.txt,91095040,131072,sequential,1.0000,0.0000,0,1,91226112,4096,1
201,201_baseline_phase_change_run01,baseline,phase_change,1778258985.8240368,/big.txt,91226112,131072,sequential,1.0000,0.0000,0,1,91357184,4096,1
201,201_baseline_phase_change_run01,baseline,phase_change,1778258985.8241262,/big.txt,91357184,131072,sequential,1.0000,0.0000,0,1,91488256,4096,1
201,201_baseline_phase_change_run01,baseline,phase_change,1778258985.8242135,/big.txt,91488256,131072,sequential,1.0000,0.0000,0,1,91619328,4096,1
201,201_baseline_phase_change_run01,baseline,phase_change,1778258985.8243008,/big.txt,91619328,131072,sequential,1.0000,0.0000,0,1,91750400,4096,1
201,201_baseline_phase_change_run01,baseline,phase_change,1778258985.8243878,/big.txt,91750400,131072,sequential,1.0000,0.0000,0,1,91881472,4096,1
201,201_baseline_phase_change_run01,baseline,phase_change,1778258985.8244748,/big.txt,91881472,131072,sequential,1.0000,0.0000,0,1,92012544,4096,1
201,201_baseline_phase_change_run01,baseline,phase_change,1778258985.8245618,/big.txt,92012544,131072,sequential,1.0000,0.0000,0,1,92143616,4096,1
201,201_baseline_phase_change_run01,baseline,phase_change,1778258985.8246489,/big.txt,92143616,131072,sequential,1.0000,0.0000,0,1,92274688,4096,1
201,201_baseline_phase_change_run01,baseline,phase_change,1778258985.8247368,/big.txt,92274688,131072,sequential,1.0000,0.0000,0,1,92405760,4096,1
201,201_baseline_phase_change_run01,baseline,phase_change,1778258985.8248274,/big.txt,92405760,131072,sequential,1.0000,0.0000,0,1,92536832,4096,1
201,201_baseline_phase_change_run01,baseline,phase_change,1778258985.8249164,/big.txt,92536832,131072,sequential,1.0000,0.0000,0,1,92667904,4096,1
201,201_baseline_phase_change_run01,baseline,phase_change,1778258985.8250043,/big.txt,92667904,131072,sequential,1.0000,0.0000,0,1,92798976,4096,1
201,201_baseline_phase_change_run01,baseline,phase_change,1778258985.8250916,/big.txt,92798976,131072,sequential,1.0000,0.0000,0,1,92930048,4096,1
201,201_baseline_phase_change_run01,baseline,phase_change,1778258985.8251786,/big.txt,92930048,131072,sequential,1.0000,0.0000,0,1,93061120,4096,1
201,201_baseline_phase_change_run01,baseline,phase_change,1778258985.825266,/big.txt,93061120,131072,sequential,1.0000,0.0000,0,1,93192192,4096,1
201,201_baseline_phase_change_run01,baseline,phase_change,1778258985.825353,/big.txt,93192192,131072,sequential,1.0000,0.0000,0,1,93323264,4096,1
201,201_baseline_phase_change_run01,baseline,phase_change,1778258985.82544,/big.txt,93323264,131072,sequential,1.0000,0.0000,0,1,93454336,4096,1
201,201_baseline_phase_change_run01,baseline,phase_change,1778258985.8255312,/big.txt,93454336,131072,sequential,1.0000,0.0000,0,1,93585408,4096,1
201,201_baseline_phase_change_run01,baseline,phase_change,1778258985.8256204,/big.txt,93585408,131072,sequential,1.0000,0.0000,0,1,93716480,4096,1
201,201_baseline_phase_change_run01,baseline,phase_change,1778258985.825709,/big.txt,93716480,131072,sequential,1.0000,0.0000,0,1,93847552,4096,1
201,201_baseline_phase_change_run01,baseline,phase_change,1778258985.8257966,/big.txt,93847552,131072,sequential,1.0000,0.0000,0,1,93978624,4096,1
201,201_baseline_phase_change_run01,baseline,phase_change,1778258985.825884,/big.txt,93978624,131072,sequential,1.0000,0.0000,0,1,94109696,4096,1
201,201_baseline_phase_change_run01,baseline,phase_change,1778258985.8259742,/big.txt,94109696,131072,sequential,1.0000,0.0000,0,1,94240768,4096,1
201,201_baseline_phase_change_run01,baseline,phase_change,1778258985.8260624,/big.txt,94240768,131072,sequential,1.0000,0.0000,0,1,94371840,4096,1
201,201_baseline_phase_change_run01,baseline,phase_change,1778258985.8261497,/big.txt,94371840,131072,sequential,1.0000,0.0000,0,1,94502912,4096,1
201,201_baseline_phase_change_run01,baseline,phase_change,1778258985.826241,/big.txt,94502912,131072,sequential,1.0000,0.0000,0,1,94633984,4096,1
201,201_baseline_phase_change_run01,baseline,phase_change,1778258985.8263292,/big.txt,94633984,131072,sequential,1.0000,0.0000,0,1,94765056,4096,1
201,201_baseline_phase_change_run01,baseline,phase_change,1778258985.826418,/big.txt,94765056,131072,sequential,1.0000,0.0000,0,1,94896128,4096,1
201,201_baseline_phase_change_run01,baseline,phase_change,1778258985.8265066,/big.txt,94896128,131072,sequential,1.0000,0.0000,0,1,95027200,4096,1
201,201_baseline_phase_change_run01,baseline,phase_change,1778258985.8265948,/big.txt,95027200,131072,sequential,1.0000,0.0000,0,1,95158272,4096,1
201,201_baseline_phase_change_run01,baseline,phase_change,1778258985.8266828,/big.txt,95158272,131072,sequential,1.0000,0.0000,0,1,95289344,4096,1
201,201_baseline_phase_change_run01,baseline,phase_change,1778258985.8267708,/big.txt,95289344,131072,sequential,1.0000,0.0000,0,1,95420416,4096,1
201,201_baseline_phase_change_run01,baseline,phase_change,1778258985.826875,/big.txt,95420416,131072,sequential,1.0000,0.0000,0,1,95551488,4096,1
201,201_baseline_phase_change_run01,baseline,phase_change,1778258985.826964,/big.txt,95551488,131072,sequential,1.0000,0.0000,0,1,95682560,4096,1
201,201_baseline_phase_change_run01,baseline,phase_change,1778258985.827056,/big.txt,95682560,131072,sequential,1.0000,0.0000,0,1,95813632,4096,1
201,201_baseline_phase_change_run01,baseline,phase_change,1778258985.8271446,/big.txt,95813632,131072,sequential,1.0000,0.0000,0,1,95944704,4096,1
201,201_baseline_phase_change_run01,baseline,phase_change,1778258985.8272324,/big.txt,95944704,131072,sequential,1.0000,0.0000,0,1,96075776,4096,1
201,201_baseline_phase_change_run01,baseline,phase_change,1778258985.8273208,/big.txt,96075776,131072,sequential,1.0000,0.0000,0,1,96206848,4096,1
201,201_baseline_phase_change_run01,baseline,phase_change,1778258985.8274088,/big.txt,96206848,131072,sequential,1.0000,0.0000,0,1,96337920,4096,1
201,201_baseline_phase_change_run01,baseline,phase_change,1778258985.8274968,/big.txt,96337920,131072,sequential,1.0000,0.0000,0,1,96468992,4096,1
201,201_baseline_phase_change_run01,baseline,phase_change,1778258985.8275855,/big.txt,96468992,131072,sequential,1.0000,0.0000,0,1,96600064,4096,1
201,201_baseline_phase_change_run01,baseline,phase_change,1778258985.827674,/big.txt,96600064,131072,sequential,1.0000,0.0000,0,1,96731136,4096,1
201,201_baseline_phase_change_run01,baseline,phase_change,1778258985.827762,/big.txt,96731136,131072,sequential,1.0000,0.0000,0,1,96862208,4096,1
201,201_baseline_phase_change_run01,baseline,phase_change,1778258985.8278499,/big.txt,96862208,131072,sequential,1.0000,0.0000,0,1,96993280,4096,1
201,201_baseline_phase_change_run01,baseline,phase_change,1778258985.8279386,/big.txt,96993280,131072,sequential,1.0000,0.0000,0,1,97124352,4096,1
201,201_baseline_phase_change_run01,baseline,phase_change,1778258985.8280265,/big.txt,97124352,131072,sequential,1.0000,0.0000,0,1,97255424,4096,1
201,201_baseline_phase_change_run01,baseline,phase_change,1778258985.8281143,/big.txt,97255424,131072,sequential,1.0000,0.0000,0,1,97386496,4096,1
201,201_baseline_phase_change_run01,baseline,phase_change,1778258985.8282022,/big.txt,97386496,131072,sequential,1.0000,0.0000,0,1,97517568,4096,1
201,201_baseline_phase_change_run01,baseline,phase_change,1778258985.8282905,/big.txt,97517568,131072,sequential,1.0000,0.0000,0,1,97648640,4096,1
201,201_baseline_phase_change_run01,baseline,phase_change,1778258985.8283815,/big.txt,97648640,131072,sequential,1.0000,0.0000,0,1,97779712,4096,1
201,201_baseline_phase_change_run01,baseline,phase_change,1778258985.8284698,/big.txt,97779712,131072,sequential,1.0000,0.0000,0,1,97910784,4096,1
201,201_baseline_phase_change_run01,baseline,phase_change,1778258985.8285575,/big.txt,97910784,131072,sequential,1.0000,0.0000,0,1,98041856,4096,1
201,201_baseline_phase_change_run01,baseline,phase_change,1778258985.8286457,/big.txt,98041856,131072,sequential,1.0000,0.0000,0,1,98172928,4096,1
201,201_baseline_phase_change_run01,baseline,phase_change,1778258985.828738,/big.txt,98172928,131072,sequential,1.0000,0.0000,0,1,98304000,4096,1
201,201_baseline_phase_change_run01,baseline,phase_change,1778258985.8288286,/big.txt,98304000,131072,sequential,1.0000,0.0000,0,1,98435072,4096,1
201,201_baseline_phase_change_run01,baseline,phase_change,1778258985.82892,/big.txt,98435072,131072,sequential,1.0000,0.0000,0,1,98566144,4096,1
201,201_baseline_phase_change_run01,baseline,phase_change,1778258985.8290086,/big.txt,98566144,131072,sequential,1.0000,0.0000,0,1,98697216,4096,1
201,201_baseline_phase_change_run01,baseline,phase_change,1778258985.8290977,/big.txt,98697216,131072,sequential,1.0000,0.0000,0,1,98828288,4096,1
201,201_baseline_phase_change_run01,baseline,phase_change,1778258985.8291855,/big.txt,98828288,131072,sequential,1.0000,0.0000,0,1,98959360,4096,1
201,201_baseline_phase_change_run01,baseline,phase_change,1778258985.8292737,/big.txt,98959360,131072,sequential,1.0000,0.0000,0,1,99090432,4096,1
201,201_baseline_phase_change_run01,baseline,phase_change,1778258985.8293622,/big.txt,99090432,131072,sequential,1.0000,0.0000,0,1,99221504,4096,1
201,201_baseline_phase_change_run01,baseline,phase_change,1778258985.8294506,/big.txt,99221504,131072,sequential,1.0000,0.0000,0,1,99352576,4096,1
201,201_baseline_phase_change_run01,baseline,phase_change,1778258985.8295386,/big.txt,99352576,131072,sequential,1.0000,0.0000,0,1,99483648,4096,1
201,201_baseline_phase_change_run01,baseline,phase_change,1778258985.829627,/big.txt,99483648,131072,sequential,1.0000,0.0000,0,1,99614720,4096,1
201,201_baseline_phase_change_run01,baseline,phase_change,1778258985.8297224,/big.txt,99614720,131072,sequential,1.0000,0.0000,0,1,99745792,4096,1
201,201_baseline_phase_change_run01,baseline,phase_change,1778258985.8298118,/big.txt,99745792,131072,sequential,1.0000,0.0000,0,1,99876864,4096,1
201,201_baseline_phase_change_run01,baseline,phase_change,1778258985.8298993,/big.txt,99876864,131072,sequential,1.0000,0.0000,0,1,100007936,4096,1
201,201_baseline_phase_change_run01,baseline,phase_change,1778258985.8299873,/big.txt,100007936,131072,sequential,1.0000,0.0000,0,1,100139008,4096,1
201,201_baseline_phase_change_run01,baseline,phase_change,1778258985.830076,/big.txt,100139008,131072,sequential,1.0000,0.0000,0,1,100270080,4096,1
201,201_baseline_phase_change_run01,baseline,phase_change,1778258985.8301632,/big.txt,100270080,131072,sequential,1.0000,0.0000,0,1,100401152,4096,1
201,201_baseline_phase_change_run01,baseline,phase_change,1778258985.8302515,/big.txt,100401152,131072,sequential,1.0000,0.0000,0,1,100532224,4096,1
201,201_baseline_phase_change_run01,baseline,phase_change,1778258985.8303397,/big.txt,100532224,131072,sequential,1.0000,0.0000,0,1,100663296,4096,1
201,201_baseline_phase_change_run01,baseline,phase_change,1778258985.8304307,/big.txt,100663296,131072,sequential,1.0000,0.0000,0,1,100794368,4096,1
201,201_baseline_phase_change_run01,baseline,phase_change,1778258985.8305187,/big.txt,100794368,131072,sequential,1.0000,0.0000,0,1,100925440,4096,1
201,201_baseline_phase_change_run01,baseline,phase_change,1778258985.8306057,/big.txt,100925440,131072,sequential,1.0000,0.0000,0,1,101056512,4096,1
201,201_baseline_phase_change_run01,baseline,phase_change,1778258985.8306928,/big.txt,101056512,131072,sequential,1.0000,0.0000,0,1,101187584,4096,1
201,201_baseline_phase_change_run01,baseline,phase_change,1778258985.830785,/big.txt,101187584,131072,sequential,1.0000,0.0000,0,1,101318656,4096,1
201,201_baseline_phase_change_run01,baseline,phase_change,1778258985.83091,/big.txt,101318656,131072,sequential,1.0000,0.0000,0,1,101449728,4096,1
201,201_baseline_phase_change_run01,baseline,phase_change,1778258985.8309996,/big.txt,101449728,131072,sequential,1.0000,0.0000,0,1,101580800,4096,1
201,201_baseline_phase_change_run01,baseline,phase_change,1778258985.8310878,/big.txt,101580800,131072,sequential,1.0000,0.0000,0,1,101711872,4096,1
201,201_baseline_phase_change_run01,baseline,phase_change,1778258985.831176,/big.txt,101711872,131072,sequential,1.0000,0.0000,0,1,101842944,4096,1
201,201_baseline_phase_change_run01,baseline,phase_change,1778258985.8312702,/big.txt,101842944,131072,sequential,1.0000,0.0000,0,1,101974016,4096,1
201,201_baseline_phase_change_run01,baseline,phase_change,1778258985.8313587,/big.txt,101974016,131072,sequential,1.0000,0.0000,0,1,102105088,4096,1
201,201_baseline_phase_change_run01,baseline,phase_change,1778258985.8314476,/big.txt,102105088,131072,sequential,1.0000,0.0000,0,1,102236160,4096,1
201,201_baseline_phase_change_run01,baseline,phase_change,1778258985.8315358,/big.txt,102236160,131072,sequential,1.0000,0.0000,0,1,102367232,4096,1
201,201_baseline_phase_change_run01,baseline,phase_change,1778258985.831625,/big.txt,102367232,131072,sequential,1.0000,0.0000,0,1,102498304,4096,1
201,201_baseline_phase_change_run01,baseline,phase_change,1778258985.8317165,/big.txt,102498304,131072,sequential,1.0000,0.0000,0,1,102629376,4096,1
201,201_baseline_phase_change_run01,baseline,phase_change,1778258985.8318067,/big.txt,102629376,131072,sequential,1.0000,0.0000,0,1,102760448,4096,1
201,201_baseline_phase_change_run01,baseline,phase_change,1778258985.8318954,/big.txt,102760448,131072,sequential,1.0000,0.0000,0,1,102891520,4096,1
201,201_baseline_phase_change_run01,baseline,phase_change,1778258985.8319843,/big.txt,102891520,131072,sequential,1.0000,0.0000,0,1,103022592,4096,1
201,201_baseline_phase_change_run01,baseline,phase_change,1778258985.832073,/big.txt,103022592,131072,sequential,1.0000,0.0000,0,1,103153664,4096,1
201,201_baseline_phase_change_run01,baseline,phase_change,1778258985.8321602,/big.txt,103153664,131072,sequential,1.0000,0.0000,0,1,103284736,4096,1
201,201_baseline_phase_change_run01,baseline,phase_change,1778258985.8322492,/big.txt,103284736,131072,sequential,1.0000,0.0000,0,1,103415808,4096,1
201,201_baseline_phase_change_run01,baseline,phase_change,1778258985.8323371,/big.txt,103415808,131072,sequential,1.0000,0.0000,0,1,103546880,4096,1
201,201_baseline_phase_change_run01,baseline,phase_change,1778258985.832425,/big.txt,103546880,131072,sequential,1.0000,0.0000,0,1,103677952,4096,1
201,201_baseline_phase_change_run01,baseline,phase_change,1778258985.832513,/big.txt,103677952,131072,sequential,1.0000,0.0000,0,1,103809024,4096,1
201,201_baseline_phase_change_run01,baseline,phase_change,1778258985.8326013,/big.txt,103809024,131072,sequential,1.0000,0.0000,0,1,103940096,4096,1
201,201_baseline_phase_change_run01,baseline,phase_change,1778258985.832689,/big.txt,103940096,131072,sequential,1.0000,0.0000,0,1,104071168,4096,1
201,201_baseline_phase_change_run01,baseline,phase_change,1778258985.8327765,/big.txt,104071168,131072,sequential,1.0000,0.0000,0,1,104202240,4096,1
201,201_baseline_phase_change_run01,baseline,phase_change,1778258985.8328652,/big.txt,104202240,131072,sequential,1.0000,0.0000,0,1,104333312,4096,1
201,201_baseline_phase_change_run01,baseline,phase_change,1778258985.8329527,/big.txt,104333312,131072,sequential,1.0000,0.0000,0,1,104464384,4096,1
201,201_baseline_phase_change_run01,baseline,phase_change,1778258985.8330429,/big.txt,104464384,131072,sequential,1.0000,0.0000,0,1,104595456,4096,1
201,201_baseline_phase_change_run01,baseline,phase_change,1778258985.8331318,/big.txt,104595456,131072,sequential,1.0000,0.0000,0,1,104726528,4096,1
201,201_baseline_phase_change_run01,baseline,phase_change,1778258985.8332198,/big.txt,104726528,131072,sequential,1.0000,0.0000,0,1,104857600,4096,1
201,201_baseline_phase_change_run01,baseline,phase_change,1778258985.8332825,/big.txt,104857600,0,sequential,1.0000,0.0000,0,0,,,1
201,201_baseline_phase_change_run01,baseline,phase_change,1778258985.8345468,/big.txt,20480,4096,irregular,0.7500,0.2500,104837120,1,24576,4096,1
201,201_baseline_phase_change_run01,baseline,phase_change,1778258985.8356078,/big.txt,491520,4096,irregular,0.5000,0.2500,466944,1,495616,4096,1
201,201_baseline_phase_change_run01,baseline,phase_change,1778258985.8365753,/big.txt,172032,4096,irregular,0.2500,0.2500,323584,1,176128,4096,1
201,201_baseline_phase_change_run01,baseline,phase_change,1778258985.837481,/big.txt,1228800,4096,irregular,0.0000,0.2500,1052672,1,1232896,4096,1
201,201_baseline_phase_change_run01,baseline,phase_change,1778258985.8383276,/big.txt,69632,4096,irregular,0.0000,0.0000,1163264,1,73728,4096,1
201,201_baseline_phase_change_run01,baseline,phase_change,1778258985.8391483,/big.txt,1024000,4096,irregular,0.0000,0.0000,950272,1,1028096,4096,1
201,201_baseline_phase_change_run01,baseline,phase_change,1778258985.8399928,/big.txt,360448,4096,irregular,0.0000,0.0000,667648,1,364544,4096,1
201,201_baseline_phase_change_run01,baseline,phase_change,1778258985.840772,/big.txt,778240,4096,irregular,0.0000,0.0000,413696,1,782336,4096,1
201,201_baseline_phase_change_run01,baseline,phase_change,1778258985.8415585,/big.txt,245760,4096,irregular,0.0000,0.0000,536576,1,249856,4096,1
201,201_baseline_phase_change_run01,baseline,phase_change,1778258985.8423457,/big.txt,40960,4096,irregular,0.0000,0.0000,208896,1,45056,4096,1
201,201_baseline_phase_change_run01,baseline,phase_change,1778258985.843317,/big.txt,1363968,4096,irregular,0.0000,0.0000,1318912,1,1368064,4096,1
201,201_baseline_phase_change_run01,baseline,phase_change,1778258985.8444304,/big.txt,307200,4096,irregular,0.0000,0.0000,1060864,1,311296,4096,1
201,201_baseline_phase_change_run01,baseline,phase_change,1778258985.8454103,/big.txt,2097152,4096,irregular,0.0000,0.0000,1785856,1,2101248,4096,1
201,201_baseline_phase_change_run01,baseline,phase_change,1778258985.8461797,/big.txt,819200,4096,irregular,0.0000,0.0000,1282048,1,823296,4096,1
201,201_baseline_phase_change_run01,baseline,phase_change,1778258985.8471465,/big.txt,1843200,4096,irregular,0.0000,0.0000,1019904,1,1847296,4096,1
201,201_baseline_phase_change_run01,baseline,phase_change,1778258985.8480601,/big.txt,405504,4096,irregular,0.0000,0.0000,1441792,1,409600,4096,1
201,201_baseline_phase_change_run01,baseline,phase_change,1778258985.8489819,/big.txt,2457600,4096,irregular,0.0000,0.0000,2048000,1,2461696,4096,1
201,201_baseline_phase_change_run01,baseline,phase_change,1778258985.8497608,/big.txt,614400,4096,irregular,0.0000,0.0000,1847296,1,618496,4096,1
201,201_baseline_phase_change_run01,baseline,phase_change,1778258985.8505573,/big.txt,2949120,4096,irregular,0.0000,0.0000,2330624,1,2953216,4096,1
201,201_baseline_phase_change_run01,baseline,phase_change,1778258985.8514552,/big.txt,1556480,4096,irregular,0.0000,0.0000,1396736,1,1560576,4096,1
201,201_baseline_phase_change_run01,baseline,phase_change,1778258985.8523326,/big.txt,102400,4096,irregular,0.0000,0.0000,1458176,1,106496,4096,1
201,201_baseline_phase_change_run01,baseline,phase_change,1778258985.8531592,/big.txt,1966080,4096,irregular,0.0000,0.0000,1859584,1,1970176,4096,1
201,201_baseline_phase_change_run01,baseline,phase_change,1778258985.8539662,/big.txt,2621440,4096,irregular,0.0000,0.0000,651264,1,2625536,4096,1
201,201_baseline_phase_change_run01,baseline,phase_change,1778258985.8547454,/big.txt,225280,4096,irregular,0.0000,0.0000,2400256,1,229376,4096,1
201,201_baseline_phase_change_run01,baseline,phase_change,1778258985.8555927,/big.txt,3317760,4096,irregular,0.0000,0.0000,3088384,1,3321856,4096,1
201,201_baseline_phase_change_run01,baseline,phase_change,1778258985.8564148,/big.txt,0,131072,irregular,0.0000,0.0000,3321856,1,131072,4096,1
201,201_baseline_phase_change_run01,baseline,phase_change,1778258985.8565185,/big.txt,131072,131072,irregular,0.2500,0.0000,0,1,262144,4096,1
201,201_baseline_phase_change_run01,baseline,phase_change,1778258985.8566124,/big.txt,262144,131072,irregular,0.5000,0.0000,0,1,393216,4096,1
201,201_baseline_phase_change_run01,baseline,phase_change,1778258985.8567052,/big.txt,393216,131072,irregular,0.7500,0.0000,0,1,524288,4096,1
201,201_baseline_phase_change_run01,baseline,phase_change,1778258985.8567982,/big.txt,524288,131072,sequential,1.0000,0.0000,0,1,655360,4096,1
201,201_baseline_phase_change_run01,baseline,phase_change,1778258985.8568914,/big.txt,655360,131072,sequential,1.0000,0.0000,0,1,786432,4096,1
201,201_baseline_phase_change_run01,baseline,phase_change,1778258985.8569922,/big.txt,786432,131072,sequential,1.0000,0.0000,0,1,917504,4096,1
201,201_baseline_phase_change_run01,baseline,phase_change,1778258985.8570848,/big.txt,917504,131072,sequential,1.0000,0.0000,0,1,1048576,4096,1
201,201_baseline_phase_change_run01,baseline,phase_change,1778258985.8571775,/big.txt,1048576,131072,sequential,1.0000,0.0000,0,1,1179648,4096,1
201,201_baseline_phase_change_run01,baseline,phase_change,1778258985.8572683,/big.txt,1179648,131072,sequential,1.0000,0.0000,0,1,1310720,4096,1
201,201_baseline_phase_change_run01,baseline,phase_change,1778258985.857359,/big.txt,1310720,131072,sequential,1.0000,0.0000,0,1,1441792,4096,1
201,201_baseline_phase_change_run01,baseline,phase_change,1778258985.8574502,/big.txt,1441792,131072,sequential,1.0000,0.0000,0,1,1572864,4096,1
201,201_baseline_phase_change_run01,baseline,phase_change,1778258985.8575416,/big.txt,1572864,131072,sequential,1.0000,0.0000,0,1,1703936,4096,1
201,201_baseline_phase_change_run01,baseline,phase_change,1778258985.8576324,/big.txt,1703936,131072,sequential,1.0000,0.0000,0,1,1835008,4096,1
201,201_baseline_phase_change_run01,baseline,phase_change,1778258985.8577235,/big.txt,1835008,131072,sequential,1.0000,0.0000,0,1,1966080,4096,1
201,201_baseline_phase_change_run01,baseline,phase_change,1778258985.8578203,/big.txt,1966080,131072,sequential,1.0000,0.0000,0,1,2097152,4096,1
201,201_baseline_phase_change_run01,baseline,phase_change,1778258985.857915,/big.txt,2097152,131072,sequential,1.0000,0.0000,0,1,2228224,4096,1
201,201_baseline_phase_change_run01,baseline,phase_change,1778258985.8580065,/big.txt,2228224,131072,sequential,1.0000,0.0000,0,1,2359296,4096,1
201,201_baseline_phase_change_run01,baseline,phase_change,1778258985.8580968,/big.txt,2359296,131072,sequential,1.0000,0.0000,0,1,2490368,4096,1
201,201_baseline_phase_change_run01,baseline,phase_change,1778258985.8581872,/big.txt,2490368,131072,sequential,1.0000,0.0000,0,1,2621440,4096,1
201,201_baseline_phase_change_run01,baseline,phase_change,1778258985.8582845,/big.txt,2621440,131072,sequential,1.0000,0.0000,0,1,2752512,4096,1
201,201_baseline_phase_change_run01,baseline,phase_change,1778258985.858376,/big.txt,2752512,131072,sequential,1.0000,0.0000,0,1,2883584,4096,1
201,201_baseline_phase_change_run01,baseline,phase_change,1778258985.8584666,/big.txt,2883584,131072,sequential,1.0000,0.0000,0,1,3014656,4096,1
201,201_baseline_phase_change_run01,baseline,phase_change,1778258985.8585575,/big.txt,3014656,131072,sequential,1.0000,0.0000,0,1,3145728,4096,1
201,201_baseline_phase_change_run01,baseline,phase_change,1778258985.8586478,/big.txt,3145728,131072,sequential,1.0000,0.0000,0,1,3276800,4096,1
201,201_baseline_phase_change_run01,baseline,phase_change,1778258985.8587377,/big.txt,3276800,131072,sequential,1.0000,0.0000,0,1,3407872,4096,1
201,201_baseline_phase_change_run01,baseline,phase_change,1778258985.858867,/big.txt,3407872,131072,sequential,1.0000,0.0000,0,1,3538944,4096,1
201,201_baseline_phase_change_run01,baseline,phase_change,1778258985.8589897,/big.txt,3538944,131072,sequential,1.0000,0.0000,0,1,3670016,4096,1
201,201_baseline_phase_change_run01,baseline,phase_change,1778258985.8591063,/big.txt,3670016,131072,sequential,1.0000,0.0000,0,1,3801088,4096,1
201,201_baseline_phase_change_run01,baseline,phase_change,1778258985.8592255,/big.txt,3801088,131072,sequential,1.0000,0.0000,0,1,3932160,4096,1
201,201_baseline_phase_change_run01,baseline,phase_change,1778258985.8593454,/big.txt,3932160,131072,sequential,1.0000,0.0000,0,1,4063232,4096,1
201,201_baseline_phase_change_run01,baseline,phase_change,1778258985.8594658,/big.txt,4063232,131072,sequential,1.0000,0.0000,0,1,4194304,4096,1
201,201_baseline_phase_change_run01,baseline,phase_change,1778258985.859583,/big.txt,4194304,131072,sequential,1.0000,0.0000,0,1,4325376,4096,1
201,201_baseline_phase_change_run01,baseline,phase_change,1778258985.8596752,/big.txt,4325376,131072,sequential,1.0000,0.0000,0,1,4456448,4096,1
201,201_baseline_phase_change_run01,baseline,phase_change,1778258985.8597713,/big.txt,4456448,131072,sequential,1.0000,0.0000,0,1,4587520,4096,1
201,201_baseline_phase_change_run01,baseline,phase_change,1778258985.8598642,/big.txt,4587520,131072,sequential,1.0000,0.0000,0,1,4718592,4096,1
201,201_baseline_phase_change_run01,baseline,phase_change,1778258985.8599553,/big.txt,4718592,131072,sequential,1.0000,0.0000,0,1,4849664,4096,1
201,201_baseline_phase_change_run01,baseline,phase_change,1778258985.860046,/big.txt,4849664,131072,sequential,1.0000,0.0000,0,1,4980736,4096,1
201,201_baseline_phase_change_run01,baseline,phase_change,1778258985.8601398,/big.txt,4980736,131072,sequential,1.0000,0.0000,0,1,5111808,4096,1
201,201_baseline_phase_change_run01,baseline,phase_change,1778258985.8602312,/big.txt,5111808,131072,sequential,1.0000,0.0000,0,1,5242880,4096,1
201,201_baseline_phase_change_run01,baseline,phase_change,1778258985.8603227,/big.txt,5242880,131072,sequential,1.0000,0.0000,0,1,5373952,4096,1
201,201_baseline_phase_change_run01,baseline,phase_change,1778258985.8604126,/big.txt,5373952,131072,sequential,1.0000,0.0000,0,1,5505024,4096,1
201,201_baseline_phase_change_run01,baseline,phase_change,1778258985.8605022,/big.txt,5505024,131072,sequential,1.0000,0.0000,0,1,5636096,4096,1
201,201_baseline_phase_change_run01,baseline,phase_change,1778258985.8605917,/big.txt,5636096,131072,sequential,1.0000,0.0000,0,1,5767168,4096,1
201,201_baseline_phase_change_run01,baseline,phase_change,1778258985.8606818,/big.txt,5767168,131072,sequential,1.0000,0.0000,0,1,5898240,4096,1
201,201_baseline_phase_change_run01,baseline,phase_change,1778258985.8607707,/big.txt,5898240,131072,sequential,1.0000,0.0000,0,1,6029312,4096,1
201,201_baseline_phase_change_run01,baseline,phase_change,1778258985.8608632,/big.txt,6029312,131072,sequential,1.0000,0.0000,0,1,6160384,4096,1
201,201_baseline_phase_change_run01,baseline,phase_change,1778258985.8609538,/big.txt,6160384,131072,sequential,1.0000,0.0000,0,1,6291456,4096,1
201,201_baseline_phase_change_run01,baseline,phase_change,1778258985.8610437,/big.txt,6291456,131072,sequential,1.0000,0.0000,0,1,6422528,4096,1
201,201_baseline_phase_change_run01,baseline,phase_change,1778258985.8611333,/big.txt,6422528,131072,sequential,1.0000,0.0000,0,1,6553600,4096,1
201,201_baseline_phase_change_run01,baseline,phase_change,1778258985.8612237,/big.txt,6553600,131072,sequential,1.0000,0.0000,0,1,6684672,4096,1
201,201_baseline_phase_change_run01,baseline,phase_change,1778258985.8613138,/big.txt,6684672,131072,sequential,1.0000,0.0000,0,1,6815744,4096,1
201,201_baseline_phase_change_run01,baseline,phase_change,1778258985.8614058,/big.txt,6815744,131072,sequential,1.0000,0.0000,0,1,6946816,4096,1
201,201_baseline_phase_change_run01,baseline,phase_change,1778258985.8614962,/big.txt,6946816,131072,sequential,1.0000,0.0000,0,1,7077888,4096,1
201,201_baseline_phase_change_run01,baseline,phase_change,1778258985.8615859,/big.txt,7077888,131072,sequential,1.0000,0.0000,0,1,7208960,4096,1
201,201_baseline_phase_change_run01,baseline,phase_change,1778258985.8616762,/big.txt,7208960,131072,sequential,1.0000,0.0000,0,1,7340032,4096,1
201,201_baseline_phase_change_run01,baseline,phase_change,1778258985.8617659,/big.txt,7340032,131072,sequential,1.0000,0.0000,0,1,7471104,4096,1
201,201_baseline_phase_change_run01,baseline,phase_change,1778258985.861857,/big.txt,7471104,131072,sequential,1.0000,0.0000,0,1,7602176,4096,1
201,201_baseline_phase_change_run01,baseline,phase_change,1778258985.8619459,/big.txt,7602176,131072,sequential,1.0000,0.0000,0,1,7733248,4096,1
201,201_baseline_phase_change_run01,baseline,phase_change,1778258985.8620403,/big.txt,7733248,131072,sequential,1.0000,0.0000,0,1,7864320,4096,1
201,201_baseline_phase_change_run01,baseline,phase_change,1778258985.8621309,/big.txt,7864320,131072,sequential,1.0000,0.0000,0,1,7995392,4096,1
201,201_baseline_phase_change_run01,baseline,phase_change,1778258985.8622203,/big.txt,7995392,131072,sequential,1.0000,0.0000,0,1,8126464,4096,1
201,201_baseline_phase_change_run01,baseline,phase_change,1778258985.862316,/big.txt,8126464,131072,sequential,1.0000,0.0000,0,1,8257536,4096,1
201,201_baseline_phase_change_run01,baseline,phase_change,1778258985.8624065,/big.txt,8257536,131072,sequential,1.0000,0.0000,0,1,8388608,4096,1
201,201_baseline_phase_change_run01,baseline,phase_change,1778258985.8624969,/big.txt,8388608,131072,sequential,1.0000,0.0000,0,1,8519680,4096,1
201,201_baseline_phase_change_run01,baseline,phase_change,1778258985.8625867,/big.txt,8519680,131072,sequential,1.0000,0.0000,0,1,8650752,4096,1
201,201_baseline_phase_change_run01,baseline,phase_change,1778258985.8626812,/big.txt,8650752,131072,sequential,1.0000,0.0000,0,1,8781824,4096,1
201,201_baseline_phase_change_run01,baseline,phase_change,1778258985.862775,/big.txt,8781824,131072,sequential,1.0000,0.0000,0,1,8912896,4096,1
201,201_baseline_phase_change_run01,baseline,phase_change,1778258985.8628995,/big.txt,8912896,131072,sequential,1.0000,0.0000,0,1,9043968,4096,1
201,201_baseline_phase_change_run01,baseline,phase_change,1778258985.862992,/big.txt,9043968,131072,sequential,1.0000,0.0000,0,1,9175040,4096,1
201,201_baseline_phase_change_run01,baseline,phase_change,1778258985.863084,/big.txt,9175040,131072,sequential,1.0000,0.0000,0,1,9306112,4096,1
201,201_baseline_phase_change_run01,baseline,phase_change,1778258985.8631752,/big.txt,9306112,131072,sequential,1.0000,0.0000,0,1,9437184,4096,1
201,201_baseline_phase_change_run01,baseline,phase_change,1778258985.8632672,/big.txt,9437184,131072,sequential,1.0000,0.0000,0,1,9568256,4096,1
201,201_baseline_phase_change_run01,baseline,phase_change,1778258985.8633587,/big.txt,9568256,131072,sequential,1.0000,0.0000,0,1,9699328,4096,1
201,201_baseline_phase_change_run01,baseline,phase_change,1778258985.86345,/big.txt,9699328,131072,sequential,1.0000,0.0000,0,1,9830400,4096,1
201,201_baseline_phase_change_run01,baseline,phase_change,1778258985.8635404,/big.txt,9830400,131072,sequential,1.0000,0.0000,0,1,9961472,4096,1
201,201_baseline_phase_change_run01,baseline,phase_change,1778258985.8636317,/big.txt,9961472,131072,sequential,1.0000,0.0000,0,1,10092544,4096,1
201,201_baseline_phase_change_run01,baseline,phase_change,1778258985.8637214,/big.txt,10092544,131072,sequential,1.0000,0.0000,0,1,10223616,4096,1
201,201_baseline_phase_change_run01,baseline,phase_change,1778258985.8638146,/big.txt,10223616,131072,sequential,1.0000,0.0000,0,1,10354688,4096,1
201,201_baseline_phase_change_run01,baseline,phase_change,1778258985.8639052,/big.txt,10354688,131072,sequential,1.0000,0.0000,0,1,10485760,4096,1
201,201_baseline_phase_change_run01,baseline,phase_change,1778258985.8639965,/big.txt,10485760,131072,sequential,1.0000,0.0000,0,1,10616832,4096,1
201,201_baseline_phase_change_run01,baseline,phase_change,1778258985.8640873,/big.txt,10616832,131072,sequential,1.0000,0.0000,0,1,10747904,4096,1
201,201_baseline_phase_change_run01,baseline,phase_change,1778258985.8641777,/big.txt,10747904,131072,sequential,1.0000,0.0000,0,1,10878976,4096,1
201,201_baseline_phase_change_run01,baseline,phase_change,1778258985.8642688,/big.txt,10878976,131072,sequential,1.0000,0.0000,0,1,11010048,4096,1
201,201_baseline_phase_change_run01,baseline,phase_change,1778258985.8643627,/big.txt,11010048,131072,sequential,1.0000,0.0000,0,1,11141120,4096,1
201,201_baseline_phase_change_run01,baseline,phase_change,1778258985.8644571,/big.txt,11141120,131072,sequential,1.0000,0.0000,0,1,11272192,4096,1
201,201_baseline_phase_change_run01,baseline,phase_change,1778258985.864549,/big.txt,11272192,131072,sequential,1.0000,0.0000,0,1,11403264,4096,1
201,201_baseline_phase_change_run01,baseline,phase_change,1778258985.864639,/big.txt,11403264,131072,sequential,1.0000,0.0000,0,1,11534336,4096,1
201,201_baseline_phase_change_run01,baseline,phase_change,1778258985.8647296,/big.txt,11534336,131072,sequential,1.0000,0.0000,0,1,11665408,4096,1
201,201_baseline_phase_change_run01,baseline,phase_change,1778258985.8648212,/big.txt,11665408,131072,sequential,1.0000,0.0000,0,1,11796480,4096,1
201,201_baseline_phase_change_run01,baseline,phase_change,1778258985.8649175,/big.txt,11796480,131072,sequential,1.0000,0.0000,0,1,11927552,4096,1
201,201_baseline_phase_change_run01,baseline,phase_change,1778258985.8650086,/big.txt,11927552,131072,sequential,1.0000,0.0000,0,1,12058624,4096,1
201,201_baseline_phase_change_run01,baseline,phase_change,1778258985.8650997,/big.txt,12058624,131072,sequential,1.0000,0.0000,0,1,12189696,4096,1
201,201_baseline_phase_change_run01,baseline,phase_change,1778258985.8651905,/big.txt,12189696,131072,sequential,1.0000,0.0000,0,1,12320768,4096,1
201,201_baseline_phase_change_run01,baseline,phase_change,1778258985.865281,/big.txt,12320768,131072,sequential,1.0000,0.0000,0,1,12451840,4096,1
201,201_baseline_phase_change_run01,baseline,phase_change,1778258985.865371,/big.txt,12451840,131072,sequential,1.0000,0.0000,0,1,12582912,4096,1
201,201_baseline_phase_change_run01,baseline,phase_change,1778258985.8654618,/big.txt,12582912,131072,sequential,1.0000,0.0000,0,1,12713984,4096,1
201,201_baseline_phase_change_run01,baseline,phase_change,1778258985.8655572,/big.txt,12713984,131072,sequential,1.0000,0.0000,0,1,12845056,4096,1
201,201_baseline_phase_change_run01,baseline,phase_change,1778258985.8656497,/big.txt,12845056,131072,sequential,1.0000,0.0000,0,1,12976128,4096,1
201,201_baseline_phase_change_run01,baseline,phase_change,1778258985.86574,/big.txt,12976128,131072,sequential,1.0000,0.0000,0,1,13107200,4096,1
201,201_baseline_phase_change_run01,baseline,phase_change,1778258985.86583,/big.txt,13107200,131072,sequential,1.0000,0.0000,0,1,13238272,4096,1
201,201_baseline_phase_change_run01,baseline,phase_change,1778258985.8659196,/big.txt,13238272,131072,sequential,1.0000,0.0000,0,1,13369344,4096,1
201,201_baseline_phase_change_run01,baseline,phase_change,1778258985.8660102,/big.txt,13369344,131072,sequential,1.0000,0.0000,0,1,13500416,4096,1
201,201_baseline_phase_change_run01,baseline,phase_change,1778258985.8661003,/big.txt,13500416,131072,sequential,1.0000,0.0000,0,1,13631488,4096,1
201,201_baseline_phase_change_run01,baseline,phase_change,1778258985.8661904,/big.txt,13631488,131072,sequential,1.0000,0.0000,0,1,13762560,4096,1
201,201_baseline_phase_change_run01,baseline,phase_change,1778258985.8662808,/big.txt,13762560,131072,sequential,1.0000,0.0000,0,1,13893632,4096,1
201,201_baseline_phase_change_run01,baseline,phase_change,1778258985.8663702,/big.txt,13893632,131072,sequential,1.0000,0.0000,0,1,14024704,4096,1
201,201_baseline_phase_change_run01,baseline,phase_change,1778258985.8664598,/big.txt,14024704,131072,sequential,1.0000,0.0000,0,1,14155776,4096,1
201,201_baseline_phase_change_run01,baseline,phase_change,1778258985.8665524,/big.txt,14155776,131072,sequential,1.0000,0.0000,0,1,14286848,4096,1
201,201_baseline_phase_change_run01,baseline,phase_change,1778258985.866643,/big.txt,14286848,131072,sequential,1.0000,0.0000,0,1,14417920,4096,1
201,201_baseline_phase_change_run01,baseline,phase_change,1778258985.8667347,/big.txt,14417920,131072,sequential,1.0000,0.0000,0,1,14548992,4096,1
201,201_baseline_phase_change_run01,baseline,phase_change,1778258985.866869,/big.txt,14548992,131072,sequential,1.0000,0.0000,0,1,14680064,4096,1
201,201_baseline_phase_change_run01,baseline,phase_change,1778258985.8669863,/big.txt,14680064,131072,sequential,1.0000,0.0000,0,1,14811136,4096,1
201,201_baseline_phase_change_run01,baseline,phase_change,1778258985.867101,/big.txt,14811136,131072,sequential,1.0000,0.0000,0,1,14942208,4096,1
201,201_baseline_phase_change_run01,baseline,phase_change,1778258985.8672185,/big.txt,14942208,131072,sequential,1.0000,0.0000,0,1,15073280,4096,1
201,201_baseline_phase_change_run01,baseline,phase_change,1778258985.867339,/big.txt,15073280,131072,sequential,1.0000,0.0000,0,1,15204352,4096,1
201,201_baseline_phase_change_run01,baseline,phase_change,1778258985.8674574,/big.txt,15204352,131072,sequential,1.0000,0.0000,0,1,15335424,4096,1
201,201_baseline_phase_change_run01,baseline,phase_change,1778258985.8675778,/big.txt,15335424,131072,sequential,1.0000,0.0000,0,1,15466496,4096,1
201,201_baseline_phase_change_run01,baseline,phase_change,1778258985.8676753,/big.txt,15466496,131072,sequential,1.0000,0.0000,0,1,15597568,4096,1
201,201_baseline_phase_change_run01,baseline,phase_change,1778258985.8677683,/big.txt,15597568,131072,sequential,1.0000,0.0000,0,1,15728640,4096,1
201,201_baseline_phase_change_run01,baseline,phase_change,1778258985.8678613,/big.txt,15728640,131072,sequential,1.0000,0.0000,0,1,15859712,4096,1
201,201_baseline_phase_change_run01,baseline,phase_change,1778258985.867955,/big.txt,15859712,131072,sequential,1.0000,0.0000,0,1,15990784,4096,1
201,201_baseline_phase_change_run01,baseline,phase_change,1778258985.868049,/big.txt,15990784,131072,sequential,1.0000,0.0000,0,1,16121856,4096,1
201,201_baseline_phase_change_run01,baseline,phase_change,1778258985.8681417,/big.txt,16121856,131072,sequential,1.0000,0.0000,0,1,16252928,4096,1
201,201_baseline_phase_change_run01,baseline,phase_change,1778258985.8682344,/big.txt,16252928,131072,sequential,1.0000,0.0000,0,1,16384000,4096,1
201,201_baseline_phase_change_run01,baseline,phase_change,1778258985.8683274,/big.txt,16384000,131072,sequential,1.0000,0.0000,0,1,16515072,4096,1
201,201_baseline_phase_change_run01,baseline,phase_change,1778258985.8684185,/big.txt,16515072,131072,sequential,1.0000,0.0000,0,1,16646144,4096,1
201,201_baseline_phase_change_run01,baseline,phase_change,1778258985.8685105,/big.txt,16646144,131072,sequential,1.0000,0.0000,0,1,16777216,4096,1
201,201_baseline_phase_change_run01,baseline,phase_change,1778258985.868601,/big.txt,16777216,131072,sequential,1.0000,0.0000,0,1,16908288,4096,1
201,201_baseline_phase_change_run01,baseline,phase_change,1778258985.8686929,/big.txt,16908288,131072,sequential,1.0000,0.0000,0,1,17039360,4096,1
201,201_baseline_phase_change_run01,baseline,phase_change,1778258985.868786,/big.txt,17039360,131072,sequential,1.0000,0.0000,0,1,17170432,4096,1
201,201_baseline_phase_change_run01,baseline,phase_change,1778258985.8688784,/big.txt,17170432,131072,sequential,1.0000,0.0000,0,1,17301504,4096,1
201,201_baseline_phase_change_run01,baseline,phase_change,1778258985.8689697,/big.txt,17301504,131072,sequential,1.0000,0.0000,0,1,17432576,4096,1
201,201_baseline_phase_change_run01,baseline,phase_change,1778258985.8690617,/big.txt,17432576,131072,sequential,1.0000,0.0000,0,1,17563648,4096,1
201,201_baseline_phase_change_run01,baseline,phase_change,1778258985.869153,/big.txt,17563648,131072,sequential,1.0000,0.0000,0,1,17694720,4096,1
201,201_baseline_phase_change_run01,baseline,phase_change,1778258985.8692448,/big.txt,17694720,131072,sequential,1.0000,0.0000,0,1,17825792,4096,1
201,201_baseline_phase_change_run01,baseline,phase_change,1778258985.8693404,/big.txt,17825792,131072,sequential,1.0000,0.0000,0,1,17956864,4096,1
201,201_baseline_phase_change_run01,baseline,phase_change,1778258985.869432,/big.txt,17956864,131072,sequential,1.0000,0.0000,0,1,18087936,4096,1
201,201_baseline_phase_change_run01,baseline,phase_change,1778258985.8695233,/big.txt,18087936,131072,sequential,1.0000,0.0000,0,1,18219008,4096,1
201,201_baseline_phase_change_run01,baseline,phase_change,1778258985.869615,/big.txt,18219008,131072,sequential,1.0000,0.0000,0,1,18350080,4096,1
201,201_baseline_phase_change_run01,baseline,phase_change,1778258985.8697064,/big.txt,18350080,131072,sequential,1.0000,0.0000,0,1,18481152,4096,1
201,201_baseline_phase_change_run01,baseline,phase_change,1778258985.869798,/big.txt,18481152,131072,sequential,1.0000,0.0000,0,1,18612224,4096,1
201,201_baseline_phase_change_run01,baseline,phase_change,1778258985.8698926,/big.txt,18612224,131072,sequential,1.0000,0.0000,0,1,18743296,4096,1
201,201_baseline_phase_change_run01,baseline,phase_change,1778258985.869984,/big.txt,18743296,131072,sequential,1.0000,0.0000,0,1,18874368,4096,1
201,201_baseline_phase_change_run01,baseline,phase_change,1778258985.8700755,/big.txt,18874368,131072,sequential,1.0000,0.0000,0,1,19005440,4096,1
201,201_baseline_phase_change_run01,baseline,phase_change,1778258985.8701665,/big.txt,19005440,131072,sequential,1.0000,0.0000,0,1,19136512,4096,1
201,201_baseline_phase_change_run01,baseline,phase_change,1778258985.8702645,/big.txt,19136512,131072,sequential,1.0000,0.0000,0,1,19267584,4096,1
201,201_baseline_phase_change_run01,baseline,phase_change,1778258985.8703604,/big.txt,19267584,131072,sequential,1.0000,0.0000,0,1,19398656,4096,1
201,201_baseline_phase_change_run01,baseline,phase_change,1778258985.870453,/big.txt,19398656,131072,sequential,1.0000,0.0000,0,1,19529728,4096,1
201,201_baseline_phase_change_run01,baseline,phase_change,1778258985.8705447,/big.txt,19529728,131072,sequential,1.0000,0.0000,0,1,19660800,4096,1
201,201_baseline_phase_change_run01,baseline,phase_change,1778258985.8706362,/big.txt,19660800,131072,sequential,1.0000,0.0000,0,1,19791872,4096,1
201,201_baseline_phase_change_run01,baseline,phase_change,1778258985.8707266,/big.txt,19791872,131072,sequential,1.0000,0.0000,0,1,19922944,4096,1
201,201_baseline_phase_change_run01,baseline,phase_change,1778258985.8708656,/big.txt,19922944,131072,sequential,1.0000,0.0000,0,1,20054016,4096,1
201,201_baseline_phase_change_run01,baseline,phase_change,1778258985.8709936,/big.txt,20054016,131072,sequential,1.0000,0.0000,0,1,20185088,4096,1
201,201_baseline_phase_change_run01,baseline,phase_change,1778258985.871119,/big.txt,20185088,131072,sequential,1.0000,0.0000,0,1,20316160,4096,1
201,201_baseline_phase_change_run01,baseline,phase_change,1778258985.8712416,/big.txt,20316160,131072,sequential,1.0000,0.0000,0,1,20447232,4096,1
201,201_baseline_phase_change_run01,baseline,phase_change,1778258985.8713636,/big.txt,20447232,131072,sequential,1.0000,0.0000,0,1,20578304,4096,1
201,201_baseline_phase_change_run01,baseline,phase_change,1778258985.8714743,/big.txt,20578304,131072,sequential,1.0000,0.0000,0,1,20709376,4096,1
201,201_baseline_phase_change_run01,baseline,phase_change,1778258985.871567,/big.txt,20709376,131072,sequential,1.0000,0.0000,0,1,20840448,4096,1
201,201_baseline_phase_change_run01,baseline,phase_change,1778258985.8716595,/big.txt,20840448,131072,sequential,1.0000,0.0000,0,1,20971520,4096,1
201,201_baseline_phase_change_run01,baseline,phase_change,1778258985.8717523,/big.txt,20971520,131072,sequential,1.0000,0.0000,0,1,21102592,4096,1
201,201_baseline_phase_change_run01,baseline,phase_change,1778258985.8718443,/big.txt,21102592,131072,sequential,1.0000,0.0000,0,1,21233664,4096,1
201,201_baseline_phase_change_run01,baseline,phase_change,1778258985.8719366,/big.txt,21233664,131072,sequential,1.0000,0.0000,0,1,21364736,4096,1
201,201_baseline_phase_change_run01,baseline,phase_change,1778258985.8720288,/big.txt,21364736,131072,sequential,1.0000,0.0000,0,1,21495808,4096,1
201,201_baseline_phase_change_run01,baseline,phase_change,1778258985.8721218,/big.txt,21495808,131072,sequential,1.0000,0.0000,0,1,21626880,4096,1
201,201_baseline_phase_change_run01,baseline,phase_change,1778258985.8722146,/big.txt,21626880,131072,sequential,1.0000,0.0000,0,1,21757952,4096,1
201,201_baseline_phase_change_run01,baseline,phase_change,1778258985.8723054,/big.txt,21757952,131072,sequential,1.0000,0.0000,0,1,21889024,4096,1
201,201_baseline_phase_change_run01,baseline,phase_change,1778258985.8723962,/big.txt,21889024,131072,sequential,1.0000,0.0000,0,1,22020096,4096,1
201,201_baseline_phase_change_run01,baseline,phase_change,1778258985.8724868,/big.txt,22020096,131072,sequential,1.0000,0.0000,0,1,22151168,4096,1
201,201_baseline_phase_change_run01,baseline,phase_change,1778258985.8725786,/big.txt,22151168,131072,sequential,1.0000,0.0000,0,1,22282240,4096,1
201,201_baseline_phase_change_run01,baseline,phase_change,1778258985.8726704,/big.txt,22282240,131072,sequential,1.0000,0.0000,0,1,22413312,4096,1
201,201_baseline_phase_change_run01,baseline,phase_change,1778258985.8727624,/big.txt,22413312,131072,sequential,1.0000,0.0000,0,1,22544384,4096,1
201,201_baseline_phase_change_run01,baseline,phase_change,1778258985.8728533,/big.txt,22544384,131072,sequential,1.0000,0.0000,0,1,22675456,4096,1
201,201_baseline_phase_change_run01,baseline,phase_change,1778258985.8729513,/big.txt,22675456,131072,sequential,1.0000,0.0000,0,1,22806528,4096,1
201,201_baseline_phase_change_run01,baseline,phase_change,1778258985.87305,/big.txt,22806528,131072,sequential,1.0000,0.0000,0,1,22937600,4096,1
201,201_baseline_phase_change_run01,baseline,phase_change,1778258985.8731441,/big.txt,22937600,131072,sequential,1.0000,0.0000,0,1,23068672,4096,1
201,201_baseline_phase_change_run01,baseline,phase_change,1778258985.8732357,/big.txt,23068672,131072,sequential,1.0000,0.0000,0,1,23199744,4096,1
201,201_baseline_phase_change_run01,baseline,phase_change,1778258985.8733284,/big.txt,23199744,131072,sequential,1.0000,0.0000,0,1,23330816,4096,1
201,201_baseline_phase_change_run01,baseline,phase_change,1778258985.8734205,/big.txt,23330816,131072,sequential,1.0000,0.0000,0,1,23461888,4096,1
201,201_baseline_phase_change_run01,baseline,phase_change,1778258985.873511,/big.txt,23461888,131072,sequential,1.0000,0.0000,0,1,23592960,4096,1
201,201_baseline_phase_change_run01,baseline,phase_change,1778258985.8736024,/big.txt,23592960,131072,sequential,1.0000,0.0000,0,1,23724032,4096,1
201,201_baseline_phase_change_run01,baseline,phase_change,1778258985.8736935,/big.txt,23724032,131072,sequential,1.0000,0.0000,0,1,23855104,4096,1
201,201_baseline_phase_change_run01,baseline,phase_change,1778258985.873785,/big.txt,23855104,131072,sequential,1.0000,0.0000,0,1,23986176,4096,1
201,201_baseline_phase_change_run01,baseline,phase_change,1778258985.8738756,/big.txt,23986176,131072,sequential,1.0000,0.0000,0,1,24117248,4096,1
201,201_baseline_phase_change_run01,baseline,phase_change,1778258985.8739672,/big.txt,24117248,131072,sequential,1.0000,0.0000,0,1,24248320,4096,1
201,201_baseline_phase_change_run01,baseline,phase_change,1778258985.8740582,/big.txt,24248320,131072,sequential,1.0000,0.0000,0,1,24379392,4096,1
201,201_baseline_phase_change_run01,baseline,phase_change,1778258985.874149,/big.txt,24379392,131072,sequential,1.0000,0.0000,0,1,24510464,4096,1
201,201_baseline_phase_change_run01,baseline,phase_change,1778258985.87424,/big.txt,24510464,131072,sequential,1.0000,0.0000,0,1,24641536,4096,1
201,201_baseline_phase_change_run01,baseline,phase_change,1778258985.8743312,/big.txt,24641536,131072,sequential,1.0000,0.0000,0,1,24772608,4096,1
201,201_baseline_phase_change_run01,baseline,phase_change,1778258985.8744214,/big.txt,24772608,131072,sequential,1.0000,0.0000,0,1,24903680,4096,1
201,201_baseline_phase_change_run01,baseline,phase_change,1778258985.874511,/big.txt,24903680,131072,sequential,1.0000,0.0000,0,1,25034752,4096,1
201,201_baseline_phase_change_run01,baseline,phase_change,1778258985.8746023,/big.txt,25034752,131072,sequential,1.0000,0.0000,0,1,25165824,4096,1
201,201_baseline_phase_change_run01,baseline,phase_change,1778258985.8746927,/big.txt,25165824,131072,sequential,1.0000,0.0000,0,1,25296896,4096,1
201,201_baseline_phase_change_run01,baseline,phase_change,1778258985.8748076,/big.txt,25296896,131072,sequential,1.0000,0.0000,0,1,25427968,4096,1
201,201_baseline_phase_change_run01,baseline,phase_change,1778258985.8749173,/big.txt,25427968,131072,sequential,1.0000,0.0000,0,1,25559040,4096,1
201,201_baseline_phase_change_run01,baseline,phase_change,1778258985.8750098,/big.txt,25559040,131072,sequential,1.0000,0.0000,0,1,25690112,4096,1
201,201_baseline_phase_change_run01,baseline,phase_change,1778258985.8751006,/big.txt,25690112,131072,sequential,1.0000,0.0000,0,1,25821184,4096,1
201,201_baseline_phase_change_run01,baseline,phase_change,1778258985.8751981,/big.txt,25821184,131072,sequential,1.0000,0.0000,0,1,25952256,4096,1
201,201_baseline_phase_change_run01,baseline,phase_change,1778258985.8753035,/big.txt,25952256,131072,sequential,1.0000,0.0000,0,1,26083328,4096,1
201,201_baseline_phase_change_run01,baseline,phase_change,1778258985.8754172,/big.txt,26083328,131072,sequential,1.0000,0.0000,0,1,26214400,4096,1
201,201_baseline_phase_change_run01,baseline,phase_change,1778258985.8755212,/big.txt,26214400,131072,sequential,1.0000,0.0000,0,1,26345472,4096,1
201,201_baseline_phase_change_run01,baseline,phase_change,1778258985.8756378,/big.txt,26345472,131072,sequential,1.0000,0.0000,0,1,26476544,4096,1
201,201_baseline_phase_change_run01,baseline,phase_change,1778258985.8757315,/big.txt,26476544,131072,sequential,1.0000,0.0000,0,1,26607616,4096,1
201,201_baseline_phase_change_run01,baseline,phase_change,1778258985.8758242,/big.txt,26607616,131072,sequential,1.0000,0.0000,0,1,26738688,4096,1
201,201_baseline_phase_change_run01,baseline,phase_change,1778258985.8759177,/big.txt,26738688,131072,sequential,1.0000,0.0000,0,1,26869760,4096,1
201,201_baseline_phase_change_run01,baseline,phase_change,1778258985.87601,/big.txt,26869760,131072,sequential,1.0000,0.0000,0,1,27000832,4096,1
201,201_baseline_phase_change_run01,baseline,phase_change,1778258985.8761024,/big.txt,27000832,131072,sequential,1.0000,0.0000,0,1,27131904,4096,1
201,201_baseline_phase_change_run01,baseline,phase_change,1778258985.8761957,/big.txt,27131904,131072,sequential,1.0000,0.0000,0,1,27262976,4096,1
201,201_baseline_phase_change_run01,baseline,phase_change,1778258985.8762884,/big.txt,27262976,131072,sequential,1.0000,0.0000,0,1,27394048,4096,1
201,201_baseline_phase_change_run01,baseline,phase_change,1778258985.8763816,/big.txt,27394048,131072,sequential,1.0000,0.0000,0,1,27525120,4096,1
201,201_baseline_phase_change_run01,baseline,phase_change,1778258985.876472,/big.txt,27525120,131072,sequential,1.0000,0.0000,0,1,27656192,4096,1
201,201_baseline_phase_change_run01,baseline,phase_change,1778258985.8765626,/big.txt,27656192,131072,sequential,1.0000,0.0000,0,1,27787264,4096,1
201,201_baseline_phase_change_run01,baseline,phase_change,1778258985.8766572,/big.txt,27787264,131072,sequential,1.0000,0.0000,0,1,27918336,4096,1
201,201_baseline_phase_change_run01,baseline,phase_change,1778258985.8767483,/big.txt,27918336,131072,sequential,1.0000,0.0000,0,1,28049408,4096,1
201,201_baseline_phase_change_run01,baseline,phase_change,1778258985.8768384,/big.txt,28049408,131072,sequential,1.0000,0.0000,0,1,28180480,4096,1
201,201_baseline_phase_change_run01,baseline,phase_change,1778258985.876929,/big.txt,28180480,131072,sequential,1.0000,0.0000,0,1,28311552,4096,1
201,201_baseline_phase_change_run01,baseline,phase_change,1778258985.8770194,/big.txt,28311552,131072,sequential,1.0000,0.0000,0,1,28442624,4096,1
201,201_baseline_phase_change_run01,baseline,phase_change,1778258985.8771095,/big.txt,28442624,131072,sequential,1.0000,0.0000,0,1,28573696,4096,1
201,201_baseline_phase_change_run01,baseline,phase_change,1778258985.8772,/big.txt,28573696,131072,sequential,1.0000,0.0000,0,1,28704768,4096,1
201,201_baseline_phase_change_run01,baseline,phase_change,1778258985.8772898,/big.txt,28704768,131072,sequential,1.0000,0.0000,0,1,28835840,4096,1
201,201_baseline_phase_change_run01,baseline,phase_change,1778258985.8773801,/big.txt,28835840,131072,sequential,1.0000,0.0000,0,1,28966912,4096,1
201,201_baseline_phase_change_run01,baseline,phase_change,1778258985.8774707,/big.txt,28966912,131072,sequential,1.0000,0.0000,0,1,29097984,4096,1
201,201_baseline_phase_change_run01,baseline,phase_change,1778258985.8775609,/big.txt,29097984,131072,sequential,1.0000,0.0000,0,1,29229056,4096,1
201,201_baseline_phase_change_run01,baseline,phase_change,1778258985.8776505,/big.txt,29229056,131072,sequential,1.0000,0.0000,0,1,29360128,4096,1
201,201_baseline_phase_change_run01,baseline,phase_change,1778258985.8777406,/big.txt,29360128,131072,sequential,1.0000,0.0000,0,1,29491200,4096,1
201,201_baseline_phase_change_run01,baseline,phase_change,1778258985.87783,/big.txt,29491200,131072,sequential,1.0000,0.0000,0,1,29622272,4096,1
201,201_baseline_phase_change_run01,baseline,phase_change,1778258985.8779197,/big.txt,29622272,131072,sequential,1.0000,0.0000,0,1,29753344,4096,1
201,201_baseline_phase_change_run01,baseline,phase_change,1778258985.8780103,/big.txt,29753344,131072,sequential,1.0000,0.0000,0,1,29884416,4096,1
201,201_baseline_phase_change_run01,baseline,phase_change,1778258985.8781013,/big.txt,29884416,131072,sequential,1.0000,0.0000,0,1,30015488,4096,1
201,201_baseline_phase_change_run01,baseline,phase_change,1778258985.8781955,/big.txt,30015488,131072,sequential,1.0000,0.0000,0,1,30146560,4096,1
201,201_baseline_phase_change_run01,baseline,phase_change,1778258985.8782861,/big.txt,30146560,131072,sequential,1.0000,0.0000,0,1,30277632,4096,1
201,201_baseline_phase_change_run01,baseline,phase_change,1778258985.878376,/big.txt,30277632,131072,sequential,1.0000,0.0000,0,1,30408704,4096,1
201,201_baseline_phase_change_run01,baseline,phase_change,1778258985.8784661,/big.txt,30408704,131072,sequential,1.0000,0.0000,0,1,30539776,4096,1
201,201_baseline_phase_change_run01,baseline,phase_change,1778258985.878556,/big.txt,30539776,131072,sequential,1.0000,0.0000,0,1,30670848,4096,1
201,201_baseline_phase_change_run01,baseline,phase_change,1778258985.8786457,/big.txt,30670848,131072,sequential,1.0000,0.0000,0,1,30801920,4096,1
201,201_baseline_phase_change_run01,baseline,phase_change,1778258985.8787355,/big.txt,30801920,131072,sequential,1.0000,0.0000,0,1,30932992,4096,1
201,201_baseline_phase_change_run01,baseline,phase_change,1778258985.8788633,/big.txt,30932992,131072,sequential,1.0000,0.0000,0,1,31064064,4096,1
201,201_baseline_phase_change_run01,baseline,phase_change,1778258985.8789556,/big.txt,31064064,131072,sequential,1.0000,0.0000,0,1,31195136,4096,1
201,201_baseline_phase_change_run01,baseline,phase_change,1778258985.8790572,/big.txt,31195136,131072,sequential,1.0000,0.0000,0,1,31326208,4096,1
201,201_baseline_phase_change_run01,baseline,phase_change,1778258985.8791776,/big.txt,31326208,131072,sequential,1.0000,0.0000,0,1,31457280,4096,1
201,201_baseline_phase_change_run01,baseline,phase_change,1778258985.8792996,/big.txt,31457280,131072,sequential,1.0000,0.0000,0,1,31588352,4096,1
201,201_baseline_phase_change_run01,baseline,phase_change,1778258985.8794205,/big.txt,31588352,131072,sequential,1.0000,0.0000,0,1,31719424,4096,1
201,201_baseline_phase_change_run01,baseline,phase_change,1778258985.8795414,/big.txt,31719424,131072,sequential,1.0000,0.0000,0,1,31850496,4096,1
201,201_baseline_phase_change_run01,baseline,phase_change,1778258985.8796513,/big.txt,31850496,131072,sequential,1.0000,0.0000,0,1,31981568,4096,1
201,201_baseline_phase_change_run01,baseline,phase_change,1778258985.8797443,/big.txt,31981568,131072,sequential,1.0000,0.0000,0,1,32112640,4096,1
201,201_baseline_phase_change_run01,baseline,phase_change,1778258985.879838,/big.txt,32112640,131072,sequential,1.0000,0.0000,0,1,32243712,4096,1
201,201_baseline_phase_change_run01,baseline,phase_change,1778258985.8799312,/big.txt,32243712,131072,sequential,1.0000,0.0000,0,1,32374784,4096,1
201,201_baseline_phase_change_run01,baseline,phase_change,1778258985.8800237,/big.txt,32374784,131072,sequential,1.0000,0.0000,0,1,32505856,4096,1
201,201_baseline_phase_change_run01,baseline,phase_change,1778258985.8801167,/big.txt,32505856,131072,sequential,1.0000,0.0000,0,1,32636928,4096,1
201,201_baseline_phase_change_run01,baseline,phase_change,1778258985.8802085,/big.txt,32636928,131072,sequential,1.0000,0.0000,0,1,32768000,4096,1
201,201_baseline_phase_change_run01,baseline,phase_change,1778258985.8803046,/big.txt,32768000,131072,sequential,1.0000,0.0000,0,1,32899072,4096,1
201,201_baseline_phase_change_run01,baseline,phase_change,1778258985.8803976,/big.txt,32899072,131072,sequential,1.0000,0.0000,0,1,33030144,4096,1
201,201_baseline_phase_change_run01,baseline,phase_change,1778258985.8804882,/big.txt,33030144,131072,sequential,1.0000,0.0000,0,1,33161216,4096,1
201,201_baseline_phase_change_run01,baseline,phase_change,1778258985.8805788,/big.txt,33161216,131072,sequential,1.0000,0.0000,0,1,33292288,4096,1
201,201_baseline_phase_change_run01,baseline,phase_change,1778258985.8806703,/big.txt,33292288,131072,sequential,1.0000,0.0000,0,1,33423360,4096,1
201,201_baseline_phase_change_run01,baseline,phase_change,1778258985.8807614,/big.txt,33423360,131072,sequential,1.0000,0.0000,0,1,33554432,4096,1
201,201_baseline_phase_change_run01,baseline,phase_change,1778258985.8808515,/big.txt,33554432,131072,sequential,1.0000,0.0000,0,1,33685504,4096,1
201,201_baseline_phase_change_run01,baseline,phase_change,1778258985.8809462,/big.txt,33685504,131072,sequential,1.0000,0.0000,0,1,33816576,4096,1
201,201_baseline_phase_change_run01,baseline,phase_change,1778258985.881036,/big.txt,33816576,131072,sequential,1.0000,0.0000,0,1,33947648,4096,1
201,201_baseline_phase_change_run01,baseline,phase_change,1778258985.8811269,/big.txt,33947648,131072,sequential,1.0000,0.0000,0,1,34078720,4096,1
201,201_baseline_phase_change_run01,baseline,phase_change,1778258985.8812168,/big.txt,34078720,131072,sequential,1.0000,0.0000,0,1,34209792,4096,1
201,201_baseline_phase_change_run01,baseline,phase_change,1778258985.881308,/big.txt,34209792,131072,sequential,1.0000,0.0000,0,1,34340864,4096,1
201,201_baseline_phase_change_run01,baseline,phase_change,1778258985.8813977,/big.txt,34340864,131072,sequential,1.0000,0.0000,0,1,34471936,4096,1
201,201_baseline_phase_change_run01,baseline,phase_change,1778258985.8814876,/big.txt,34471936,131072,sequential,1.0000,0.0000,0,1,34603008,4096,1
201,201_baseline_phase_change_run01,baseline,phase_change,1778258985.8815775,/big.txt,34603008,131072,sequential,1.0000,0.0000,0,1,34734080,4096,1
201,201_baseline_phase_change_run01,baseline,phase_change,1778258985.8816671,/big.txt,34734080,131072,sequential,1.0000,0.0000,0,1,34865152,4096,1
201,201_baseline_phase_change_run01,baseline,phase_change,1778258985.881757,/big.txt,34865152,131072,sequential,1.0000,0.0000,0,1,34996224,4096,1
201,201_baseline_phase_change_run01,baseline,phase_change,1778258985.8818462,/big.txt,34996224,131072,sequential,1.0000,0.0000,0,1,35127296,4096,1
201,201_baseline_phase_change_run01,baseline,phase_change,1778258985.8819358,/big.txt,35127296,131072,sequential,1.0000,0.0000,0,1,35258368,4096,1
201,201_baseline_phase_change_run01,baseline,phase_change,1778258985.8820257,/big.txt,35258368,131072,sequential,1.0000,0.0000,0,1,35389440,4096,1
201,201_baseline_phase_change_run01,baseline,phase_change,1778258985.8821154,/big.txt,35389440,131072,sequential,1.0000,0.0000,0,1,35520512,4096,1
201,201_baseline_phase_change_run01,baseline,phase_change,1778258985.8822055,/big.txt,35520512,131072,sequential,1.0000,0.0000,0,1,35651584,4096,1
201,201_baseline_phase_change_run01,baseline,phase_change,1778258985.882295,/big.txt,35651584,131072,sequential,1.0000,0.0000,0,1,35782656,4096,1
201,201_baseline_phase_change_run01,baseline,phase_change,1778258985.8823838,/big.txt,35782656,131072,sequential,1.0000,0.0000,0,1,35913728,4096,1
201,201_baseline_phase_change_run01,baseline,phase_change,1778258985.8824737,/big.txt,35913728,131072,sequential,1.0000,0.0000,0,1,36044800,4096,1
201,201_baseline_phase_change_run01,baseline,phase_change,1778258985.8825636,/big.txt,36044800,131072,sequential,1.0000,0.0000,0,1,36175872,4096,1
201,201_baseline_phase_change_run01,baseline,phase_change,1778258985.8826532,/big.txt,36175872,131072,sequential,1.0000,0.0000,0,1,36306944,4096,1
201,201_baseline_phase_change_run01,baseline,phase_change,1778258985.882743,/big.txt,36306944,131072,sequential,1.0000,0.0000,0,1,36438016,4096,1
201,201_baseline_phase_change_run01,baseline,phase_change,1778258985.8828983,/big.txt,36438016,131072,sequential,1.0000,0.0000,0,1,36569088,4096,1
201,201_baseline_phase_change_run01,baseline,phase_change,1778258985.8829932,/big.txt,36569088,131072,sequential,1.0000,0.0000,0,1,36700160,4096,1
201,201_baseline_phase_change_run01,baseline,phase_change,1778258985.8830867,/big.txt,36700160,131072,sequential,1.0000,0.0000,0,1,36831232,4096,1
201,201_baseline_phase_change_run01,baseline,phase_change,1778258985.8831787,/big.txt,36831232,131072,sequential,1.0000,0.0000,0,1,36962304,4096,1
201,201_baseline_phase_change_run01,baseline,phase_change,1778258985.8832715,/big.txt,36962304,131072,sequential,1.0000,0.0000,0,1,37093376,4096,1
201,201_baseline_phase_change_run01,baseline,phase_change,1778258985.883365,/big.txt,37093376,131072,sequential,1.0000,0.0000,0,1,37224448,4096,1
201,201_baseline_phase_change_run01,baseline,phase_change,1778258985.8834612,/big.txt,37224448,131072,sequential,1.0000,0.0000,0,1,37355520,4096,1
201,201_baseline_phase_change_run01,baseline,phase_change,1778258985.8835533,/big.txt,37355520,131072,sequential,1.0000,0.0000,0,1,37486592,4096,1
201,201_baseline_phase_change_run01,baseline,phase_change,1778258985.8836458,/big.txt,37486592,131072,sequential,1.0000,0.0000,0,1,37617664,4096,1
201,201_baseline_phase_change_run01,baseline,phase_change,1778258985.8837352,/big.txt,37617664,131072,sequential,1.0000,0.0000,0,1,37748736,4096,1
201,201_baseline_phase_change_run01,baseline,phase_change,1778258985.8838289,/big.txt,37748736,131072,sequential,1.0000,0.0000,0,1,37879808,4096,1
201,201_baseline_phase_change_run01,baseline,phase_change,1778258985.8839195,/big.txt,37879808,131072,sequential,1.0000,0.0000,0,1,38010880,4096,1
201,201_baseline_phase_change_run01,baseline,phase_change,1778258985.8840094,/big.txt,38010880,131072,sequential,1.0000,0.0000,0,1,38141952,4096,1
201,201_baseline_phase_change_run01,baseline,phase_change,1778258985.8841012,/big.txt,38141952,131072,sequential,1.0000,0.0000,0,1,38273024,4096,1
201,201_baseline_phase_change_run01,baseline,phase_change,1778258985.884191,/big.txt,38273024,131072,sequential,1.0000,0.0000,0,1,38404096,4096,1
201,201_baseline_phase_change_run01,baseline,phase_change,1778258985.8842802,/big.txt,38404096,131072,sequential,1.0000,0.0000,0,1,38535168,4096,1
201,201_baseline_phase_change_run01,baseline,phase_change,1778258985.884371,/big.txt,38535168,131072,sequential,1.0000,0.0000,0,1,38666240,4096,1
201,201_baseline_phase_change_run01,baseline,phase_change,1778258985.8844612,/big.txt,38666240,131072,sequential,1.0000,0.0000,0,1,38797312,4096,1
201,201_baseline_phase_change_run01,baseline,phase_change,1778258985.884552,/big.txt,38797312,131072,sequential,1.0000,0.0000,0,1,38928384,4096,1
201,201_baseline_phase_change_run01,baseline,phase_change,1778258985.8846421,/big.txt,38928384,131072,sequential,1.0000,0.0000,0,1,39059456,4096,1
201,201_baseline_phase_change_run01,baseline,phase_change,1778258985.8847322,/big.txt,39059456,131072,sequential,1.0000,0.0000,0,1,39190528,4096,1
201,201_baseline_phase_change_run01,baseline,phase_change,1778258985.8848228,/big.txt,39190528,131072,sequential,1.0000,0.0000,0,1,39321600,4096,1
201,201_baseline_phase_change_run01,baseline,phase_change,1778258985.8849125,/big.txt,39321600,131072,sequential,1.0000,0.0000,0,1,39452672,4096,1
201,201_baseline_phase_change_run01,baseline,phase_change,1778258985.885003,/big.txt,39452672,131072,sequential,1.0000,0.0000,0,1,39583744,4096,1
201,201_baseline_phase_change_run01,baseline,phase_change,1778258985.8850937,/big.txt,39583744,131072,sequential,1.0000,0.0000,0,1,39714816,4096,1
201,201_baseline_phase_change_run01,baseline,phase_change,1778258985.8851845,/big.txt,39714816,131072,sequential,1.0000,0.0000,0,1,39845888,4096,1
201,201_baseline_phase_change_run01,baseline,phase_change,1778258985.885274,/big.txt,39845888,131072,sequential,1.0000,0.0000,0,1,39976960,4096,1
201,201_baseline_phase_change_run01,baseline,phase_change,1778258985.8853648,/big.txt,39976960,131072,sequential,1.0000,0.0000,0,1,40108032,4096,1
201,201_baseline_phase_change_run01,baseline,phase_change,1778258985.8854554,/big.txt,40108032,131072,sequential,1.0000,0.0000,0,1,40239104,4096,1
201,201_baseline_phase_change_run01,baseline,phase_change,1778258985.885545,/big.txt,40239104,131072,sequential,1.0000,0.0000,0,1,40370176,4096,1
201,201_baseline_phase_change_run01,baseline,phase_change,1778258985.8856354,/big.txt,40370176,131072,sequential,1.0000,0.0000,0,1,40501248,4096,1
201,201_baseline_phase_change_run01,baseline,phase_change,1778258985.8857262,/big.txt,40501248,131072,sequential,1.0000,0.0000,0,1,40632320,4096,1
201,201_baseline_phase_change_run01,baseline,phase_change,1778258985.8858173,/big.txt,40632320,131072,sequential,1.0000,0.0000,0,1,40763392,4096,1
201,201_baseline_phase_change_run01,baseline,phase_change,1778258985.8859076,/big.txt,40763392,131072,sequential,1.0000,0.0000,0,1,40894464,4096,1
201,201_baseline_phase_change_run01,baseline,phase_change,1778258985.8860013,/big.txt,40894464,131072,sequential,1.0000,0.0000,0,1,41025536,4096,1
201,201_baseline_phase_change_run01,baseline,phase_change,1778258985.8860931,/big.txt,41025536,131072,sequential,1.0000,0.0000,0,1,41156608,4096,1
201,201_baseline_phase_change_run01,baseline,phase_change,1778258985.8861835,/big.txt,41156608,131072,sequential,1.0000,0.0000,0,1,41287680,4096,1
201,201_baseline_phase_change_run01,baseline,phase_change,1778258985.886273,/big.txt,41287680,131072,sequential,1.0000,0.0000,0,1,41418752,4096,1
201,201_baseline_phase_change_run01,baseline,phase_change,1778258985.8863628,/big.txt,41418752,131072,sequential,1.0000,0.0000,0,1,41549824,4096,1
201,201_baseline_phase_change_run01,baseline,phase_change,1778258985.886453,/big.txt,41549824,131072,sequential,1.0000,0.0000,0,1,41680896,4096,1
201,201_baseline_phase_change_run01,baseline,phase_change,1778258985.8865433,/big.txt,41680896,131072,sequential,1.0000,0.0000,0,1,41811968,4096,1
201,201_baseline_phase_change_run01,baseline,phase_change,1778258985.8866336,/big.txt,41811968,131072,sequential,1.0000,0.0000,0,1,41943040,4096,1
201,201_baseline_phase_change_run01,baseline,phase_change,1778258985.8867247,/big.txt,41943040,131072,sequential,1.0000,0.0000,0,1,42074112,4096,1
201,201_baseline_phase_change_run01,baseline,phase_change,1778258985.8868487,/big.txt,42074112,131072,sequential,1.0000,0.0000,0,1,42205184,4096,1
201,201_baseline_phase_change_run01,baseline,phase_change,1778258985.8869438,/big.txt,42205184,131072,sequential,1.0000,0.0000,0,1,42336256,4096,1
201,201_baseline_phase_change_run01,baseline,phase_change,1778258985.8870354,/big.txt,42336256,131072,sequential,1.0000,0.0000,0,1,42467328,4096,1
201,201_baseline_phase_change_run01,baseline,phase_change,1778258985.8871264,/big.txt,42467328,131072,sequential,1.0000,0.0000,0,1,42598400,4096,1
201,201_baseline_phase_change_run01,baseline,phase_change,1778258985.887217,/big.txt,42598400,131072,sequential,1.0000,0.0000,0,1,42729472,4096,1
201,201_baseline_phase_change_run01,baseline,phase_change,1778258985.887312,/big.txt,42729472,131072,sequential,1.0000,0.0000,0,1,42860544,4096,1
201,201_baseline_phase_change_run01,baseline,phase_change,1778258985.8874025,/big.txt,42860544,131072,sequential,1.0000,0.0000,0,1,42991616,4096,1
201,201_baseline_phase_change_run01,baseline,phase_change,1778258985.8874938,/big.txt,42991616,131072,sequential,1.0000,0.0000,0,1,43122688,4096,1
201,201_baseline_phase_change_run01,baseline,phase_change,1778258985.8875847,/big.txt,43122688,131072,sequential,1.0000,0.0000,0,1,43253760,4096,1
201,201_baseline_phase_change_run01,baseline,phase_change,1778258985.8876762,/big.txt,43253760,131072,sequential,1.0000,0.0000,0,1,43384832,4096,1
201,201_baseline_phase_change_run01,baseline,phase_change,1778258985.8877673,/big.txt,43384832,131072,sequential,1.0000,0.0000,0,1,43515904,4096,1
201,201_baseline_phase_change_run01,baseline,phase_change,1778258985.8878584,/big.txt,43515904,131072,sequential,1.0000,0.0000,0,1,43646976,4096,1
201,201_baseline_phase_change_run01,baseline,phase_change,1778258985.8879495,/big.txt,43646976,131072,sequential,1.0000,0.0000,0,1,43778048,4096,1
201,201_baseline_phase_change_run01,baseline,phase_change,1778258985.8880408,/big.txt,43778048,131072,sequential,1.0000,0.0000,0,1,43909120,4096,1
201,201_baseline_phase_change_run01,baseline,phase_change,1778258985.8881302,/big.txt,43909120,131072,sequential,1.0000,0.0000,0,1,44040192,4096,1
201,201_baseline_phase_change_run01,baseline,phase_change,1778258985.88822,/big.txt,44040192,131072,sequential,1.0000,0.0000,0,1,44171264,4096,1
201,201_baseline_phase_change_run01,baseline,phase_change,1778258985.8883095,/big.txt,44171264,131072,sequential,1.0000,0.0000,0,1,44302336,4096,1
201,201_baseline_phase_change_run01,baseline,phase_change,1778258985.888399,/big.txt,44302336,131072,sequential,1.0000,0.0000,0,1,44433408,4096,1
201,201_baseline_phase_change_run01,baseline,phase_change,1778258985.8884883,/big.txt,44433408,131072,sequential,1.0000,0.0000,0,1,44564480,4096,1
201,201_baseline_phase_change_run01,baseline,phase_change,1778258985.8885827,/big.txt,44564480,131072,sequential,1.0000,0.0000,0,1,44695552,4096,1
201,201_baseline_phase_change_run01,baseline,phase_change,1778258985.8886733,/big.txt,44695552,131072,sequential,1.0000,0.0000,0,1,44826624,4096,1
201,201_baseline_phase_change_run01,baseline,phase_change,1778258985.8887634,/big.txt,44826624,131072,sequential,1.0000,0.0000,0,1,44957696,4096,1
201,201_baseline_phase_change_run01,baseline,phase_change,1778258985.8888543,/big.txt,44957696,131072,sequential,1.0000,0.0000,0,1,45088768,4096,1
201,201_baseline_phase_change_run01,baseline,phase_change,1778258985.8889449,/big.txt,45088768,131072,sequential,1.0000,0.0000,0,1,45219840,4096,1
201,201_baseline_phase_change_run01,baseline,phase_change,1778258985.8890357,/big.txt,45219840,131072,sequential,1.0000,0.0000,0,1,45350912,4096,1
201,201_baseline_phase_change_run01,baseline,phase_change,1778258985.8891263,/big.txt,45350912,131072,sequential,1.0000,0.0000,0,1,45481984,4096,1
201,201_baseline_phase_change_run01,baseline,phase_change,1778258985.8892167,/big.txt,45481984,131072,sequential,1.0000,0.0000,0,1,45613056,4096,1
201,201_baseline_phase_change_run01,baseline,phase_change,1778258985.8893068,/big.txt,45613056,131072,sequential,1.0000,0.0000,0,1,45744128,4096,1
201,201_baseline_phase_change_run01,baseline,phase_change,1778258985.8893964,/big.txt,45744128,131072,sequential,1.0000,0.0000,0,1,45875200,4096,1
201,201_baseline_phase_change_run01,baseline,phase_change,1778258985.889487,/big.txt,45875200,131072,sequential,1.0000,0.0000,0,1,46006272,4096,1
201,201_baseline_phase_change_run01,baseline,phase_change,1778258985.8895772,/big.txt,46006272,131072,sequential,1.0000,0.0000,0,1,46137344,4096,1
201,201_baseline_phase_change_run01,baseline,phase_change,1778258985.889668,/big.txt,46137344,131072,sequential,1.0000,0.0000,0,1,46268416,4096,1
201,201_baseline_phase_change_run01,baseline,phase_change,1778258985.8897588,/big.txt,46268416,131072,sequential,1.0000,0.0000,0,1,46399488,4096,1
201,201_baseline_phase_change_run01,baseline,phase_change,1778258985.8898478,/big.txt,46399488,131072,sequential,1.0000,0.0000,0,1,46530560,4096,1
201,201_baseline_phase_change_run01,baseline,phase_change,1778258985.8899376,/big.txt,46530560,131072,sequential,1.0000,0.0000,0,1,46661632,4096,1
201,201_baseline_phase_change_run01,baseline,phase_change,1778258985.890027,/big.txt,46661632,131072,sequential,1.0000,0.0000,0,1,46792704,4096,1
201,201_baseline_phase_change_run01,baseline,phase_change,1778258985.8901172,/big.txt,46792704,131072,sequential,1.0000,0.0000,0,1,46923776,4096,1
201,201_baseline_phase_change_run01,baseline,phase_change,1778258985.8902078,/big.txt,46923776,131072,sequential,1.0000,0.0000,0,1,47054848,4096,1
201,201_baseline_phase_change_run01,baseline,phase_change,1778258985.8902981,/big.txt,47054848,131072,sequential,1.0000,0.0000,0,1,47185920,4096,1
201,201_baseline_phase_change_run01,baseline,phase_change,1778258985.890389,/big.txt,47185920,131072,sequential,1.0000,0.0000,0,1,47316992,4096,1
201,201_baseline_phase_change_run01,baseline,phase_change,1778258985.8904781,/big.txt,47316992,131072,sequential,1.0000,0.0000,0,1,47448064,4096,1
201,201_baseline_phase_change_run01,baseline,phase_change,1778258985.8905687,/big.txt,47448064,131072,sequential,1.0000,0.0000,0,1,47579136,4096,1
201,201_baseline_phase_change_run01,baseline,phase_change,1778258985.890659,/big.txt,47579136,131072,sequential,1.0000,0.0000,0,1,47710208,4096,1
201,201_baseline_phase_change_run01,baseline,phase_change,1778258985.8907535,/big.txt,47710208,131072,sequential,1.0000,0.0000,0,1,47841280,4096,1
201,201_baseline_phase_change_run01,baseline,phase_change,1778258985.8908916,/big.txt,47841280,131072,sequential,1.0000,0.0000,0,1,47972352,4096,1
201,201_baseline_phase_change_run01,baseline,phase_change,1778258985.8909822,/big.txt,47972352,131072,sequential,1.0000,0.0000,0,1,48103424,4096,1
201,201_baseline_phase_change_run01,baseline,phase_change,1778258985.891072,/big.txt,48103424,131072,sequential,1.0000,0.0000,0,1,48234496,4096,1
201,201_baseline_phase_change_run01,baseline,phase_change,1778258985.8911662,/big.txt,48234496,131072,sequential,1.0000,0.0000,0,1,48365568,4096,1
201,201_baseline_phase_change_run01,baseline,phase_change,1778258985.8912568,/big.txt,48365568,131072,sequential,1.0000,0.0000,0,1,48496640,4096,1
201,201_baseline_phase_change_run01,baseline,phase_change,1778258985.8913472,/big.txt,48496640,131072,sequential,1.0000,0.0000,0,1,48627712,4096,1
201,201_baseline_phase_change_run01,baseline,phase_change,1778258985.891438,/big.txt,48627712,131072,sequential,1.0000,0.0000,0,1,48758784,4096,1
201,201_baseline_phase_change_run01,baseline,phase_change,1778258985.8915281,/big.txt,48758784,131072,sequential,1.0000,0.0000,0,1,48889856,4096,1
201,201_baseline_phase_change_run01,baseline,phase_change,1778258985.8916187,/big.txt,48889856,131072,sequential,1.0000,0.0000,0,1,49020928,4096,1
201,201_baseline_phase_change_run01,baseline,phase_change,1778258985.8917084,/big.txt,49020928,131072,sequential,1.0000,0.0000,0,1,49152000,4096,1
201,201_baseline_phase_change_run01,baseline,phase_change,1778258985.8917987,/big.txt,49152000,131072,sequential,1.0000,0.0000,0,1,49283072,4096,1
201,201_baseline_phase_change_run01,baseline,phase_change,1778258985.8918898,/big.txt,49283072,131072,sequential,1.0000,0.0000,0,1,49414144,4096,1
201,201_baseline_phase_change_run01,baseline,phase_change,1778258985.8919802,/big.txt,49414144,131072,sequential,1.0000,0.0000,0,1,49545216,4096,1
201,201_baseline_phase_change_run01,baseline,phase_change,1778258985.8920708,/big.txt,49545216,131072,sequential,1.0000,0.0000,0,1,49676288,4096,1
201,201_baseline_phase_change_run01,baseline,phase_change,1778258985.8921611,/big.txt,49676288,131072,sequential,1.0000,0.0000,0,1,49807360,4096,1
201,201_baseline_phase_change_run01,baseline,phase_change,1778258985.8922515,/big.txt,49807360,131072,sequential,1.0000,0.0000,0,1,49938432,4096,1
201,201_baseline_phase_change_run01,baseline,phase_change,1778258985.892342,/big.txt,49938432,131072,sequential,1.0000,0.0000,0,1,50069504,4096,1
201,201_baseline_phase_change_run01,baseline,phase_change,1778258985.8924315,/big.txt,50069504,131072,sequential,1.0000,0.0000,0,1,50200576,4096,1
201,201_baseline_phase_change_run01,baseline,phase_change,1778258985.8925214,/big.txt,50200576,131072,sequential,1.0000,0.0000,0,1,50331648,4096,1
201,201_baseline_phase_change_run01,baseline,phase_change,1778258985.8926117,/big.txt,50331648,131072,sequential,1.0000,0.0000,0,1,50462720,4096,1
201,201_baseline_phase_change_run01,baseline,phase_change,1778258985.8927026,/big.txt,50462720,131072,sequential,1.0000,0.0000,0,1,50593792,4096,1
201,201_baseline_phase_change_run01,baseline,phase_change,1778258985.892793,/big.txt,50593792,131072,sequential,1.0000,0.0000,0,1,50724864,4096,1
201,201_baseline_phase_change_run01,baseline,phase_change,1778258985.892883,/big.txt,50724864,131072,sequential,1.0000,0.0000,0,1,50855936,4096,1
201,201_baseline_phase_change_run01,baseline,phase_change,1778258985.892973,/big.txt,50855936,131072,sequential,1.0000,0.0000,0,1,50987008,4096,1
201,201_baseline_phase_change_run01,baseline,phase_change,1778258985.8930645,/big.txt,50987008,131072,sequential,1.0000,0.0000,0,1,51118080,4096,1
201,201_baseline_phase_change_run01,baseline,phase_change,1778258985.8931546,/big.txt,51118080,131072,sequential,1.0000,0.0000,0,1,51249152,4096,1
201,201_baseline_phase_change_run01,baseline,phase_change,1778258985.893245,/big.txt,51249152,131072,sequential,1.0000,0.0000,0,1,51380224,4096,1
201,201_baseline_phase_change_run01,baseline,phase_change,1778258985.8933356,/big.txt,51380224,131072,sequential,1.0000,0.0000,0,1,51511296,4096,1
201,201_baseline_phase_change_run01,baseline,phase_change,1778258985.8934255,/big.txt,51511296,131072,sequential,1.0000,0.0000,0,1,51642368,4096,1
201,201_baseline_phase_change_run01,baseline,phase_change,1778258985.8935168,/big.txt,51642368,131072,sequential,1.0000,0.0000,0,1,51773440,4096,1
201,201_baseline_phase_change_run01,baseline,phase_change,1778258985.8936138,/big.txt,51773440,131072,sequential,1.0000,0.0000,0,1,51904512,4096,1
201,201_baseline_phase_change_run01,baseline,phase_change,1778258985.893704,/big.txt,51904512,131072,sequential,1.0000,0.0000,0,1,52035584,4096,1
201,201_baseline_phase_change_run01,baseline,phase_change,1778258985.8937948,/big.txt,52035584,131072,sequential,1.0000,0.0000,0,1,52166656,4096,1
201,201_baseline_phase_change_run01,baseline,phase_change,1778258985.8938856,/big.txt,52166656,131072,sequential,1.0000,0.0000,0,1,52297728,4096,1
201,201_baseline_phase_change_run01,baseline,phase_change,1778258985.8939774,/big.txt,52297728,131072,sequential,1.0000,0.0000,0,1,52428800,4096,1
201,201_baseline_phase_change_run01,baseline,phase_change,1778258985.894068,/big.txt,52428800,131072,sequential,1.0000,0.0000,0,1,52559872,4096,1
201,201_baseline_phase_change_run01,baseline,phase_change,1778258985.8941593,/big.txt,52559872,131072,sequential,1.0000,0.0000,0,1,52690944,4096,1
201,201_baseline_phase_change_run01,baseline,phase_change,1778258985.8942547,/big.txt,52690944,131072,sequential,1.0000,0.0000,0,1,52822016,4096,1
201,201_baseline_phase_change_run01,baseline,phase_change,1778258985.8943465,/big.txt,52822016,131072,sequential,1.0000,0.0000,0,1,52953088,4096,1
201,201_baseline_phase_change_run01,baseline,phase_change,1778258985.8944373,/big.txt,52953088,131072,sequential,1.0000,0.0000,0,1,53084160,4096,1
201,201_baseline_phase_change_run01,baseline,phase_change,1778258985.8945282,/big.txt,53084160,131072,sequential,1.0000,0.0000,0,1,53215232,4096,1
201,201_baseline_phase_change_run01,baseline,phase_change,1778258985.89462,/big.txt,53215232,131072,sequential,1.0000,0.0000,0,1,53346304,4096,1
201,201_baseline_phase_change_run01,baseline,phase_change,1778258985.89471,/big.txt,53346304,131072,sequential,1.0000,0.0000,0,1,53477376,4096,1
201,201_baseline_phase_change_run01,baseline,phase_change,1778258985.8948221,/big.txt,53477376,131072,sequential,1.0000,0.0000,0,1,53608448,4096,1
201,201_baseline_phase_change_run01,baseline,phase_change,1778258985.894928,/big.txt,53608448,131072,sequential,1.0000,0.0000,0,1,53739520,4096,1
201,201_baseline_phase_change_run01,baseline,phase_change,1778258985.8950193,/big.txt,53739520,131072,sequential,1.0000,0.0000,0,1,53870592,4096,1
201,201_baseline_phase_change_run01,baseline,phase_change,1778258985.8951094,/big.txt,53870592,131072,sequential,1.0000,0.0000,0,1,54001664,4096,1
201,201_baseline_phase_change_run01,baseline,phase_change,1778258985.8952,/big.txt,54001664,131072,sequential,1.0000,0.0000,0,1,54132736,4096,1
201,201_baseline_phase_change_run01,baseline,phase_change,1778258985.8952901,/big.txt,54132736,131072,sequential,1.0000,0.0000,0,1,54263808,4096,1
201,201_baseline_phase_change_run01,baseline,phase_change,1778258985.89538,/big.txt,54263808,131072,sequential,1.0000,0.0000,0,1,54394880,4096,1
201,201_baseline_phase_change_run01,baseline,phase_change,1778258985.8954706,/big.txt,54394880,131072,sequential,1.0000,0.0000,0,1,54525952,4096,1
201,201_baseline_phase_change_run01,baseline,phase_change,1778258985.895561,/big.txt,54525952,131072,sequential,1.0000,0.0000,0,1,54657024,4096,1
201,201_baseline_phase_change_run01,baseline,phase_change,1778258985.8956516,/big.txt,54657024,131072,sequential,1.0000,0.0000,0,1,54788096,4096,1
201,201_baseline_phase_change_run01,baseline,phase_change,1778258985.8957522,/big.txt,54788096,131072,sequential,1.0000,0.0000,0,1,54919168,4096,1
201,201_baseline_phase_change_run01,baseline,phase_change,1778258985.8958445,/big.txt,54919168,131072,sequential,1.0000,0.0000,0,1,55050240,4096,1
201,201_baseline_phase_change_run01,baseline,phase_change,1778258985.8959348,/big.txt,55050240,131072,sequential,1.0000,0.0000,0,1,55181312,4096,1
201,201_baseline_phase_change_run01,baseline,phase_change,1778258985.896025,/big.txt,55181312,131072,sequential,1.0000,0.0000,0,1,55312384,4096,1
201,201_baseline_phase_change_run01,baseline,phase_change,1778258985.8961155,/big.txt,55312384,131072,sequential,1.0000,0.0000,0,1,55443456,4096,1
201,201_baseline_phase_change_run01,baseline,phase_change,1778258985.8962104,/big.txt,55443456,131072,sequential,1.0000,0.0000,0,1,55574528,4096,1
201,201_baseline_phase_change_run01,baseline,phase_change,1778258985.8963006,/big.txt,55574528,131072,sequential,1.0000,0.0000,0,1,55705600,4096,1
201,201_baseline_phase_change_run01,baseline,phase_change,1778258985.8963914,/big.txt,55705600,131072,sequential,1.0000,0.0000,0,1,55836672,4096,1
201,201_baseline_phase_change_run01,baseline,phase_change,1778258985.8964808,/big.txt,55836672,131072,sequential,1.0000,0.0000,0,1,55967744,4096,1
201,201_baseline_phase_change_run01,baseline,phase_change,1778258985.896571,/big.txt,55967744,131072,sequential,1.0000,0.0000,0,1,56098816,4096,1
201,201_baseline_phase_change_run01,baseline,phase_change,1778258985.8966613,/big.txt,56098816,131072,sequential,1.0000,0.0000,0,1,56229888,4096,1
201,201_baseline_phase_change_run01,baseline,phase_change,1778258985.8967512,/big.txt,56229888,131072,sequential,1.0000,0.0000,0,1,56360960,4096,1
201,201_baseline_phase_change_run01,baseline,phase_change,1778258985.8968415,/big.txt,56360960,131072,sequential,1.0000,0.0000,0,1,56492032,4096,1
201,201_baseline_phase_change_run01,baseline,phase_change,1778258985.8969324,/big.txt,56492032,131072,sequential,1.0000,0.0000,0,1,56623104,4096,1
201,201_baseline_phase_change_run01,baseline,phase_change,1778258985.8970225,/big.txt,56623104,131072,sequential,1.0000,0.0000,0,1,56754176,4096,1
201,201_baseline_phase_change_run01,baseline,phase_change,1778258985.8971124,/big.txt,56754176,131072,sequential,1.0000,0.0000,0,1,56885248,4096,1
201,201_baseline_phase_change_run01,baseline,phase_change,1778258985.8972025,/big.txt,56885248,131072,sequential,1.0000,0.0000,0,1,57016320,4096,1
201,201_baseline_phase_change_run01,baseline,phase_change,1778258985.8972926,/big.txt,57016320,131072,sequential,1.0000,0.0000,0,1,57147392,4096,1
201,201_baseline_phase_change_run01,baseline,phase_change,1778258985.8973832,/big.txt,57147392,131072,sequential,1.0000,0.0000,0,1,57278464,4096,1
201,201_baseline_phase_change_run01,baseline,phase_change,1778258985.8974743,/big.txt,57278464,131072,sequential,1.0000,0.0000,0,1,57409536,4096,1
201,201_baseline_phase_change_run01,baseline,phase_change,1778258985.8975642,/big.txt,57409536,131072,sequential,1.0000,0.0000,0,1,57540608,4096,1
201,201_baseline_phase_change_run01,baseline,phase_change,1778258985.8976552,/big.txt,57540608,131072,sequential,1.0000,0.0000,0,1,57671680,4096,1
201,201_baseline_phase_change_run01,baseline,phase_change,1778258985.89775,/big.txt,57671680,131072,sequential,1.0000,0.0000,0,1,57802752,4096,1
201,201_baseline_phase_change_run01,baseline,phase_change,1778258985.8978422,/big.txt,57802752,131072,sequential,1.0000,0.0000,0,1,57933824,4096,1
201,201_baseline_phase_change_run01,baseline,phase_change,1778258985.8979328,/big.txt,57933824,131072,sequential,1.0000,0.0000,0,1,58064896,4096,1
201,201_baseline_phase_change_run01,baseline,phase_change,1778258985.8980234,/big.txt,58064896,131072,sequential,1.0000,0.0000,0,1,58195968,4096,1
201,201_baseline_phase_change_run01,baseline,phase_change,1778258985.8981137,/big.txt,58195968,131072,sequential,1.0000,0.0000,0,1,58327040,4096,1
201,201_baseline_phase_change_run01,baseline,phase_change,1778258985.8982046,/big.txt,58327040,131072,sequential,1.0000,0.0000,0,1,58458112,4096,1
201,201_baseline_phase_change_run01,baseline,phase_change,1778258985.8982956,/big.txt,58458112,131072,sequential,1.0000,0.0000,0,1,58589184,4096,1
201,201_baseline_phase_change_run01,baseline,phase_change,1778258985.8983877,/big.txt,58589184,131072,sequential,1.0000,0.0000,0,1,58720256,4096,1
201,201_baseline_phase_change_run01,baseline,phase_change,1778258985.898482,/big.txt,58720256,131072,sequential,1.0000,0.0000,0,1,58851328,4096,1
201,201_baseline_phase_change_run01,baseline,phase_change,1778258985.8985736,/big.txt,58851328,131072,sequential,1.0000,0.0000,0,1,58982400,4096,1
201,201_baseline_phase_change_run01,baseline,phase_change,1778258985.8986645,/big.txt,58982400,131072,sequential,1.0000,0.0000,0,1,59113472,4096,1
201,201_baseline_phase_change_run01,baseline,phase_change,1778258985.898759,/big.txt,59113472,131072,sequential,1.0000,0.0000,0,1,59244544,4096,1
201,201_baseline_phase_change_run01,baseline,phase_change,1778258985.898904,/big.txt,59244544,131072,sequential,1.0000,0.0000,0,1,59375616,4096,1
201,201_baseline_phase_change_run01,baseline,phase_change,1778258985.8989959,/big.txt,59375616,131072,sequential,1.0000,0.0000,0,1,59506688,4096,1
201,201_baseline_phase_change_run01,baseline,phase_change,1778258985.8990855,/big.txt,59506688,131072,sequential,1.0000,0.0000,0,1,59637760,4096,1
201,201_baseline_phase_change_run01,baseline,phase_change,1778258985.8991761,/big.txt,59637760,131072,sequential,1.0000,0.0000,0,1,59768832,4096,1
201,201_baseline_phase_change_run01,baseline,phase_change,1778258985.8992665,/big.txt,59768832,131072,sequential,1.0000,0.0000,0,1,59899904,4096,1
201,201_baseline_phase_change_run01,baseline,phase_change,1778258985.8993568,/big.txt,59899904,131072,sequential,1.0000,0.0000,0,1,60030976,4096,1
201,201_baseline_phase_change_run01,baseline,phase_change,1778258985.8994465,/big.txt,60030976,131072,sequential,1.0000,0.0000,0,1,60162048,4096,1
201,201_baseline_phase_change_run01,baseline,phase_change,1778258985.8995366,/big.txt,60162048,131072,sequential,1.0000,0.0000,0,1,60293120,4096,1
201,201_baseline_phase_change_run01,baseline,phase_change,1778258985.8996267,/big.txt,60293120,131072,sequential,1.0000,0.0000,0,1,60424192,4096,1
201,201_baseline_phase_change_run01,baseline,phase_change,1778258985.899718,/big.txt,60424192,131072,sequential,1.0000,0.0000,0,1,60555264,4096,1
201,201_baseline_phase_change_run01,baseline,phase_change,1778258985.8998094,/big.txt,60555264,131072,sequential,1.0000,0.0000,0,1,60686336,4096,1
201,201_baseline_phase_change_run01,baseline,phase_change,1778258985.8998997,/big.txt,60686336,131072,sequential,1.0000,0.0000,0,1,60817408,4096,1
201,201_baseline_phase_change_run01,baseline,phase_change,1778258985.8999903,/big.txt,60817408,131072,sequential,1.0000,0.0000,0,1,60948480,4096,1
201,201_baseline_phase_change_run01,baseline,phase_change,1778258985.9000807,/big.txt,60948480,131072,sequential,1.0000,0.0000,0,1,61079552,4096,1
201,201_baseline_phase_change_run01,baseline,phase_change,1778258985.900171,/big.txt,61079552,131072,sequential,1.0000,0.0000,0,1,61210624,4096,1
201,201_baseline_phase_change_run01,baseline,phase_change,1778258985.9002612,/big.txt,61210624,131072,sequential,1.0000,0.0000,0,1,61341696,4096,1
201,201_baseline_phase_change_run01,baseline,phase_change,1778258985.9003513,/big.txt,61341696,131072,sequential,1.0000,0.0000,0,1,61472768,4096,1
201,201_baseline_phase_change_run01,baseline,phase_change,1778258985.9004416,/big.txt,61472768,131072,sequential,1.0000,0.0000,0,1,61603840,4096,1
201,201_baseline_phase_change_run01,baseline,phase_change,1778258985.9005315,/big.txt,61603840,131072,sequential,1.0000,0.0000,0,1,61734912,4096,1
201,201_baseline_phase_change_run01,baseline,phase_change,1778258985.9006224,/big.txt,61734912,131072,sequential,1.0000,0.0000,0,1,61865984,4096,1
201,201_baseline_phase_change_run01,baseline,phase_change,1778258985.9007127,/big.txt,61865984,131072,sequential,1.0000,0.0000,0,1,61997056,4096,1
201,201_baseline_phase_change_run01,baseline,phase_change,1778258985.900803,/big.txt,61997056,131072,sequential,1.0000,0.0000,0,1,62128128,4096,1
201,201_baseline_phase_change_run01,baseline,phase_change,1778258985.9008937,/big.txt,62128128,131072,sequential,1.0000,0.0000,0,1,62259200,4096,1
201,201_baseline_phase_change_run01,baseline,phase_change,1778258985.9009836,/big.txt,62259200,131072,sequential,1.0000,0.0000,0,1,62390272,4096,1
201,201_baseline_phase_change_run01,baseline,phase_change,1778258985.901074,/big.txt,62390272,131072,sequential,1.0000,0.0000,0,1,62521344,4096,1
201,201_baseline_phase_change_run01,baseline,phase_change,1778258985.9011655,/big.txt,62521344,131072,sequential,1.0000,0.0000,0,1,62652416,4096,1
201,201_baseline_phase_change_run01,baseline,phase_change,1778258985.901263,/big.txt,62652416,131072,sequential,1.0000,0.0000,0,1,62783488,4096,1
201,201_baseline_phase_change_run01,baseline,phase_change,1778258985.9013546,/big.txt,62783488,131072,sequential,1.0000,0.0000,0,1,62914560,4096,1
201,201_baseline_phase_change_run01,baseline,phase_change,1778258985.9014452,/big.txt,62914560,131072,sequential,1.0000,0.0000,0,1,63045632,4096,1
201,201_baseline_phase_change_run01,baseline,phase_change,1778258985.9015355,/big.txt,63045632,131072,sequential,1.0000,0.0000,0,1,63176704,4096,1
201,201_baseline_phase_change_run01,baseline,phase_change,1778258985.9016266,/big.txt,63176704,131072,sequential,1.0000,0.0000,0,1,63307776,4096,1
201,201_baseline_phase_change_run01,baseline,phase_change,1778258985.9017167,/big.txt,63307776,131072,sequential,1.0000,0.0000,0,1,63438848,4096,1
201,201_baseline_phase_change_run01,baseline,phase_change,1778258985.9018073,/big.txt,63438848,131072,sequential,1.0000,0.0000,0,1,63569920,4096,1
201,201_baseline_phase_change_run01,baseline,phase_change,1778258985.9018977,/big.txt,63569920,131072,sequential,1.0000,0.0000,0,1,63700992,4096,1
201,201_baseline_phase_change_run01,baseline,phase_change,1778258985.901988,/big.txt,63700992,131072,sequential,1.0000,0.0000,0,1,63832064,4096,1
201,201_baseline_phase_change_run01,baseline,phase_change,1778258985.9020786,/big.txt,63832064,131072,sequential,1.0000,0.0000,0,1,63963136,4096,1
201,201_baseline_phase_change_run01,baseline,phase_change,1778258985.9021692,/big.txt,63963136,131072,sequential,1.0000,0.0000,0,1,64094208,4096,1
201,201_baseline_phase_change_run01,baseline,phase_change,1778258985.9022598,/big.txt,64094208,131072,sequential,1.0000,0.0000,0,1,64225280,4096,1
201,201_baseline_phase_change_run01,baseline,phase_change,1778258985.9023502,/big.txt,64225280,131072,sequential,1.0000,0.0000,0,1,64356352,4096,1
201,201_baseline_phase_change_run01,baseline,phase_change,1778258985.902441,/big.txt,64356352,131072,sequential,1.0000,0.0000,0,1,64487424,4096,1
201,201_baseline_phase_change_run01,baseline,phase_change,1778258985.9025314,/big.txt,64487424,131072,sequential,1.0000,0.0000,0,1,64618496,4096,1
201,201_baseline_phase_change_run01,baseline,phase_change,1778258985.9026217,/big.txt,64618496,131072,sequential,1.0000,0.0000,0,1,64749568,4096,1
201,201_baseline_phase_change_run01,baseline,phase_change,1778258985.9027123,/big.txt,64749568,131072,sequential,1.0000,0.0000,0,1,64880640,4096,1
201,201_baseline_phase_change_run01,baseline,phase_change,1778258985.9028246,/big.txt,64880640,131072,sequential,1.0000,0.0000,0,1,65011712,4096,1
201,201_baseline_phase_change_run01,baseline,phase_change,1778258985.9029305,/big.txt,65011712,131072,sequential,1.0000,0.0000,0,1,65142784,4096,1
201,201_baseline_phase_change_run01,baseline,phase_change,1778258985.9030213,/big.txt,65142784,131072,sequential,1.0000,0.0000,0,1,65273856,4096,1
201,201_baseline_phase_change_run01,baseline,phase_change,1778258985.9031124,/big.txt,65273856,131072,sequential,1.0000,0.0000,0,1,65404928,4096,1
201,201_baseline_phase_change_run01,baseline,phase_change,1778258985.9032042,/big.txt,65404928,131072,sequential,1.0000,0.0000,0,1,65536000,4096,1
201,201_baseline_phase_change_run01,baseline,phase_change,1778258985.9032958,/big.txt,65536000,131072,sequential,1.0000,0.0000,0,1,65667072,4096,1
201,201_baseline_phase_change_run01,baseline,phase_change,1778258985.9033875,/big.txt,65667072,131072,sequential,1.0000,0.0000,0,1,65798144,4096,1
201,201_baseline_phase_change_run01,baseline,phase_change,1778258985.9034786,/big.txt,65798144,131072,sequential,1.0000,0.0000,0,1,65929216,4096,1
201,201_baseline_phase_change_run01,baseline,phase_change,1778258985.903569,/big.txt,65929216,131072,sequential,1.0000,0.0000,0,1,66060288,4096,1
201,201_baseline_phase_change_run01,baseline,phase_change,1778258985.90366,/big.txt,66060288,131072,sequential,1.0000,0.0000,0,1,66191360,4096,1
201,201_baseline_phase_change_run01,baseline,phase_change,1778258985.9037511,/big.txt,66191360,131072,sequential,1.0000,0.0000,0,1,66322432,4096,1
201,201_baseline_phase_change_run01,baseline,phase_change,1778258985.9038458,/big.txt,66322432,131072,sequential,1.0000,0.0000,0,1,66453504,4096,1
201,201_baseline_phase_change_run01,baseline,phase_change,1778258985.9039373,/big.txt,66453504,131072,sequential,1.0000,0.0000,0,1,66584576,4096,1
201,201_baseline_phase_change_run01,baseline,phase_change,1778258985.9040282,/big.txt,66584576,131072,sequential,1.0000,0.0000,0,1,66715648,4096,1
201,201_baseline_phase_change_run01,baseline,phase_change,1778258985.904119,/big.txt,66715648,131072,sequential,1.0000,0.0000,0,1,66846720,4096,1
201,201_baseline_phase_change_run01,baseline,phase_change,1778258985.9042094,/big.txt,66846720,131072,sequential,1.0000,0.0000,0,1,66977792,4096,1
201,201_baseline_phase_change_run01,baseline,phase_change,1778258985.9043012,/big.txt,66977792,131072,sequential,1.0000,0.0000,0,1,67108864,4096,1
201,201_baseline_phase_change_run01,baseline,phase_change,1778258985.904392,/big.txt,67108864,131072,sequential,1.0000,0.0000,0,1,67239936,4096,1
201,201_baseline_phase_change_run01,baseline,phase_change,1778258985.9044826,/big.txt,67239936,131072,sequential,1.0000,0.0000,0,1,67371008,4096,1
201,201_baseline_phase_change_run01,baseline,phase_change,1778258985.9045727,/big.txt,67371008,131072,sequential,1.0000,0.0000,0,1,67502080,4096,1
201,201_baseline_phase_change_run01,baseline,phase_change,1778258985.9046633,/big.txt,67502080,131072,sequential,1.0000,0.0000,0,1,67633152,4096,1
201,201_baseline_phase_change_run01,baseline,phase_change,1778258985.9047575,/big.txt,67633152,131072,sequential,1.0000,0.0000,0,1,67764224,4096,1
201,201_baseline_phase_change_run01,baseline,phase_change,1778258985.9048486,/big.txt,67764224,131072,sequential,1.0000,0.0000,0,1,67895296,4096,1
201,201_baseline_phase_change_run01,baseline,phase_change,1778258985.90494,/big.txt,67895296,131072,sequential,1.0000,0.0000,0,1,68026368,4096,1
201,201_baseline_phase_change_run01,baseline,phase_change,1778258985.9050307,/big.txt,68026368,131072,sequential,1.0000,0.0000,0,1,68157440,4096,1
201,201_baseline_phase_change_run01,baseline,phase_change,1778258985.9051216,/big.txt,68157440,131072,sequential,1.0000,0.0000,0,1,68288512,4096,1
201,201_baseline_phase_change_run01,baseline,phase_change,1778258985.9052124,/big.txt,68288512,131072,sequential,1.0000,0.0000,0,1,68419584,4096,1
201,201_baseline_phase_change_run01,baseline,phase_change,1778258985.9053032,/big.txt,68419584,131072,sequential,1.0000,0.0000,0,1,68550656,4096,1
201,201_baseline_phase_change_run01,baseline,phase_change,1778258985.9053934,/big.txt,68550656,131072,sequential,1.0000,0.0000,0,1,68681728,4096,1
201,201_baseline_phase_change_run01,baseline,phase_change,1778258985.9054835,/big.txt,68681728,131072,sequential,1.0000,0.0000,0,1,68812800,4096,1
201,201_baseline_phase_change_run01,baseline,phase_change,1778258985.9055743,/big.txt,68812800,131072,sequential,1.0000,0.0000,0,1,68943872,4096,1
201,201_baseline_phase_change_run01,baseline,phase_change,1778258985.9056654,/big.txt,68943872,131072,sequential,1.0000,0.0000,0,1,69074944,4096,1
201,201_baseline_phase_change_run01,baseline,phase_change,1778258985.9057562,/big.txt,69074944,131072,sequential,1.0000,0.0000,0,1,69206016,4096,1
201,201_baseline_phase_change_run01,baseline,phase_change,1778258985.905846,/big.txt,69206016,131072,sequential,1.0000,0.0000,0,1,69337088,4096,1
201,201_baseline_phase_change_run01,baseline,phase_change,1778258985.9059362,/big.txt,69337088,131072,sequential,1.0000,0.0000,0,1,69468160,4096,1
201,201_baseline_phase_change_run01,baseline,phase_change,1778258985.9060261,/big.txt,69468160,131072,sequential,1.0000,0.0000,0,1,69599232,4096,1
201,201_baseline_phase_change_run01,baseline,phase_change,1778258985.9061162,/big.txt,69599232,131072,sequential,1.0000,0.0000,0,1,69730304,4096,1
201,201_baseline_phase_change_run01,baseline,phase_change,1778258985.906206,/big.txt,69730304,131072,sequential,1.0000,0.0000,0,1,69861376,4096,1
201,201_baseline_phase_change_run01,baseline,phase_change,1778258985.9062955,/big.txt,69861376,131072,sequential,1.0000,0.0000,0,1,69992448,4096,1
201,201_baseline_phase_change_run01,baseline,phase_change,1778258985.9063907,/big.txt,69992448,131072,sequential,1.0000,0.0000,0,1,70123520,4096,1
201,201_baseline_phase_change_run01,baseline,phase_change,1778258985.9064808,/big.txt,70123520,131072,sequential,1.0000,0.0000,0,1,70254592,4096,1
201,201_baseline_phase_change_run01,baseline,phase_change,1778258985.906571,/big.txt,70254592,131072,sequential,1.0000,0.0000,0,1,70385664,4096,1
201,201_baseline_phase_change_run01,baseline,phase_change,1778258985.9066617,/big.txt,70385664,131072,sequential,1.0000,0.0000,0,1,70516736,4096,1
201,201_baseline_phase_change_run01,baseline,phase_change,1778258985.9067514,/big.txt,70516736,131072,sequential,1.0000,0.0000,0,1,70647808,4096,1
201,201_baseline_phase_change_run01,baseline,phase_change,1778258985.9068708,/big.txt,70647808,131072,sequential,1.0000,0.0000,0,1,70778880,4096,1
201,201_baseline_phase_change_run01,baseline,phase_change,1778258985.9070024,/big.txt,70778880,131072,sequential,1.0000,0.0000,0,1,70909952,4096,1
201,201_baseline_phase_change_run01,baseline,phase_change,1778258985.907133,/big.txt,70909952,131072,sequential,1.0000,0.0000,0,1,71041024,4096,1
201,201_baseline_phase_change_run01,baseline,phase_change,1778258985.9072616,/big.txt,71041024,131072,sequential,1.0000,0.0000,0,1,71172096,4096,1
201,201_baseline_phase_change_run01,baseline,phase_change,1778258985.9073927,/big.txt,71172096,131072,sequential,1.0000,0.0000,0,1,71303168,4096,1
201,201_baseline_phase_change_run01,baseline,phase_change,1778258985.907522,/big.txt,71303168,131072,sequential,1.0000,0.0000,0,1,71434240,4096,1
201,201_baseline_phase_change_run01,baseline,phase_change,1778258985.9076388,/big.txt,71434240,131072,sequential,1.0000,0.0000,0,1,71565312,4096,1
201,201_baseline_phase_change_run01,baseline,phase_change,1778258985.907732,/big.txt,71565312,131072,sequential,1.0000,0.0000,0,1,71696384,4096,1
201,201_baseline_phase_change_run01,baseline,phase_change,1778258985.907824,/big.txt,71696384,131072,sequential,1.0000,0.0000,0,1,71827456,4096,1
201,201_baseline_phase_change_run01,baseline,phase_change,1778258985.9079168,/big.txt,71827456,131072,sequential,1.0000,0.0000,0,1,71958528,4096,1
201,201_baseline_phase_change_run01,baseline,phase_change,1778258985.9080093,/big.txt,71958528,131072,sequential,1.0000,0.0000,0,1,72089600,4096,1
201,201_baseline_phase_change_run01,baseline,phase_change,1778258985.9081018,/big.txt,72089600,131072,sequential,1.0000,0.0000,0,1,72220672,4096,1
201,201_baseline_phase_change_run01,baseline,phase_change,1778258985.9081938,/big.txt,72220672,131072,sequential,1.0000,0.0000,0,1,72351744,4096,1
201,201_baseline_phase_change_run01,baseline,phase_change,1778258985.9082854,/big.txt,72351744,131072,sequential,1.0000,0.0000,0,1,72482816,4096,1
201,201_baseline_phase_change_run01,baseline,phase_change,1778258985.9083772,/big.txt,72482816,131072,sequential,1.0000,0.0000,0,1,72613888,4096,1
201,201_baseline_phase_change_run01,baseline,phase_change,1778258985.9084706,/big.txt,72613888,131072,sequential,1.0000,0.0000,0,1,72744960,4096,1
201,201_baseline_phase_change_run01,baseline,phase_change,1778258985.9085608,/big.txt,72744960,131072,sequential,1.0000,0.0000,0,1,72876032,4096,1
201,201_baseline_phase_change_run01,baseline,phase_change,1778258985.9086506,/big.txt,72876032,131072,sequential,1.0000,0.0000,0,1,73007104,4096,1
201,201_baseline_phase_change_run01,baseline,phase_change,1778258985.9087398,/big.txt,73007104,131072,sequential,1.0000,0.0000,0,1,73138176,4096,1
201,201_baseline_phase_change_run01,baseline,phase_change,1778258985.9088292,/big.txt,73138176,131072,sequential,1.0000,0.0000,0,1,73269248,4096,1
201,201_baseline_phase_change_run01,baseline,phase_change,1778258985.9089184,/big.txt,73269248,131072,sequential,1.0000,0.0000,0,1,73400320,4096,1
201,201_baseline_phase_change_run01,baseline,phase_change,1778258985.9090078,/big.txt,73400320,131072,sequential,1.0000,0.0000,0,1,73531392,4096,1
201,201_baseline_phase_change_run01,baseline,phase_change,1778258985.9090977,/big.txt,73531392,131072,sequential,1.0000,0.0000,0,1,73662464,4096,1
201,201_baseline_phase_change_run01,baseline,phase_change,1778258985.9091926,/big.txt,73662464,131072,sequential,1.0000,0.0000,0,1,73793536,4096,1
201,201_baseline_phase_change_run01,baseline,phase_change,1778258985.909282,/big.txt,73793536,131072,sequential,1.0000,0.0000,0,1,73924608,4096,1
201,201_baseline_phase_change_run01,baseline,phase_change,1778258985.9093714,/big.txt,73924608,131072,sequential,1.0000,0.0000,0,1,74055680,4096,1
201,201_baseline_phase_change_run01,baseline,phase_change,1778258985.9094615,/big.txt,74055680,131072,sequential,1.0000,0.0000,0,1,74186752,4096,1
201,201_baseline_phase_change_run01,baseline,phase_change,1778258985.9095511,/big.txt,74186752,131072,sequential,1.0000,0.0000,0,1,74317824,4096,1
201,201_baseline_phase_change_run01,baseline,phase_change,1778258985.9096415,/big.txt,74317824,131072,sequential,1.0000,0.0000,0,1,74448896,4096,1
201,201_baseline_phase_change_run01,baseline,phase_change,1778258985.9097319,/big.txt,74448896,131072,sequential,1.0000,0.0000,0,1,74579968,4096,1
201,201_baseline_phase_change_run01,baseline,phase_change,1778258985.9098227,/big.txt,74579968,131072,sequential,1.0000,0.0000,0,1,74711040,4096,1
201,201_baseline_phase_change_run01,baseline,phase_change,1778258985.9099128,/big.txt,74711040,131072,sequential,1.0000,0.0000,0,1,74842112,4096,1
201,201_baseline_phase_change_run01,baseline,phase_change,1778258985.9100032,/big.txt,74842112,131072,sequential,1.0000,0.0000,0,1,74973184,4096,1
201,201_baseline_phase_change_run01,baseline,phase_change,1778258985.9100938,/big.txt,74973184,131072,sequential,1.0000,0.0000,0,1,75104256,4096,1
201,201_baseline_phase_change_run01,baseline,phase_change,1778258985.9101841,/big.txt,75104256,131072,sequential,1.0000,0.0000,0,1,75235328,4096,1
201,201_baseline_phase_change_run01,baseline,phase_change,1778258985.910274,/big.txt,75235328,131072,sequential,1.0000,0.0000,0,1,75366400,4096,1
201,201_baseline_phase_change_run01,baseline,phase_change,1778258985.9103649,/big.txt,75366400,131072,sequential,1.0000,0.0000,0,1,75497472,4096,1
201,201_baseline_phase_change_run01,baseline,phase_change,1778258985.9104586,/big.txt,75497472,131072,sequential,1.0000,0.0000,0,1,75628544,4096,1
201,201_baseline_phase_change_run01,baseline,phase_change,1778258985.9105499,/big.txt,75628544,131072,sequential,1.0000,0.0000,0,1,75759616,4096,1
201,201_baseline_phase_change_run01,baseline,phase_change,1778258985.9106472,/big.txt,75759616,131072,sequential,1.0000,0.0000,0,1,75890688,4096,1
201,201_baseline_phase_change_run01,baseline,phase_change,1778258985.910739,/big.txt,75890688,131072,sequential,1.0000,0.0000,0,1,76021760,4096,1
201,201_baseline_phase_change_run01,baseline,phase_change,1778258985.9108639,/big.txt,76021760,131072,sequential,1.0000,0.0000,0,1,76152832,4096,1
201,201_baseline_phase_change_run01,baseline,phase_change,1778258985.9109554,/big.txt,76152832,131072,sequential,1.0000,0.0000,0,1,76283904,4096,1
201,201_baseline_phase_change_run01,baseline,phase_change,1778258985.911046,/big.txt,76283904,131072,sequential,1.0000,0.0000,0,1,76414976,4096,1
201,201_baseline_phase_change_run01,baseline,phase_change,1778258985.9111378,/big.txt,76414976,131072,sequential,1.0000,0.0000,0,1,76546048,4096,1
201,201_baseline_phase_change_run01,baseline,phase_change,1778258985.9112284,/big.txt,76546048,131072,sequential,1.0000,0.0000,0,1,76677120,4096,1
201,201_baseline_phase_change_run01,baseline,phase_change,1778258985.9113185,/big.txt,76677120,131072,sequential,1.0000,0.0000,0,1,76808192,4096,1
201,201_baseline_phase_change_run01,baseline,phase_change,1778258985.9114084,/big.txt,76808192,131072,sequential,1.0000,0.0000,0,1,76939264,4096,1
201,201_baseline_phase_change_run01,baseline,phase_change,1778258985.9114988,/big.txt,76939264,131072,sequential,1.0000,0.0000,0,1,77070336,4096,1
201,201_baseline_phase_change_run01,baseline,phase_change,1778258985.9115894,/big.txt,77070336,131072,sequential,1.0000,0.0000,0,1,77201408,4096,1
201,201_baseline_phase_change_run01,baseline,phase_change,1778258985.911684,/big.txt,77201408,131072,sequential,1.0000,0.0000,0,1,77332480,4096,1
201,201_baseline_phase_change_run01,baseline,phase_change,1778258985.9117744,/big.txt,77332480,131072,sequential,1.0000,0.0000,0,1,77463552,4096,1
201,201_baseline_phase_change_run01,baseline,phase_change,1778258985.9118657,/big.txt,77463552,131072,sequential,1.0000,0.0000,0,1,77594624,4096,1
201,201_baseline_phase_change_run01,baseline,phase_change,1778258985.9119594,/big.txt,77594624,131072,sequential,1.0000,0.0000,0,1,77725696,4096,1
201,201_baseline_phase_change_run01,baseline,phase_change,1778258985.9120502,/big.txt,77725696,131072,sequential,1.0000,0.0000,0,1,77856768,4096,1
201,201_baseline_phase_change_run01,baseline,phase_change,1778258985.9121406,/big.txt,77856768,131072,sequential,1.0000,0.0000,0,1,77987840,4096,1
201,201_baseline_phase_change_run01,baseline,phase_change,1778258985.912231,/big.txt,77987840,131072,sequential,1.0000,0.0000,0,1,78118912,4096,1
201,201_baseline_phase_change_run01,baseline,phase_change,1778258985.912321,/big.txt,78118912,131072,sequential,1.0000,0.0000,0,1,78249984,4096,1
201,201_baseline_phase_change_run01,baseline,phase_change,1778258985.9124115,/big.txt,78249984,131072,sequential,1.0000,0.0000,0,1,78381056,4096,1
201,201_baseline_phase_change_run01,baseline,phase_change,1778258985.9125006,/big.txt,78381056,131072,sequential,1.0000,0.0000,0,1,78512128,4096,1
201,201_baseline_phase_change_run01,baseline,phase_change,1778258985.9125903,/big.txt,78512128,131072,sequential,1.0000,0.0000,0,1,78643200,4096,1
201,201_baseline_phase_change_run01,baseline,phase_change,1778258985.9126792,/big.txt,78643200,131072,sequential,1.0000,0.0000,0,1,78774272,4096,1
201,201_baseline_phase_change_run01,baseline,phase_change,1778258985.9127688,/big.txt,78774272,131072,sequential,1.0000,0.0000,0,1,78905344,4096,1
201,201_baseline_phase_change_run01,baseline,phase_change,1778258985.912858,/big.txt,78905344,131072,sequential,1.0000,0.0000,0,1,79036416,4096,1
201,201_baseline_phase_change_run01,baseline,phase_change,1778258985.9129481,/big.txt,79036416,131072,sequential,1.0000,0.0000,0,1,79167488,4096,1
201,201_baseline_phase_change_run01,baseline,phase_change,1778258985.91304,/big.txt,79167488,131072,sequential,1.0000,0.0000,0,1,79298560,4096,1
201,201_baseline_phase_change_run01,baseline,phase_change,1778258985.9131303,/big.txt,79298560,131072,sequential,1.0000,0.0000,0,1,79429632,4096,1
201,201_baseline_phase_change_run01,baseline,phase_change,1778258985.9132206,/big.txt,79429632,131072,sequential,1.0000,0.0000,0,1,79560704,4096,1
201,201_baseline_phase_change_run01,baseline,phase_change,1778258985.9133108,/big.txt,79560704,131072,sequential,1.0000,0.0000,0,1,79691776,4096,1
201,201_baseline_phase_change_run01,baseline,phase_change,1778258985.913401,/big.txt,79691776,131072,sequential,1.0000,0.0000,0,1,79822848,4096,1
201,201_baseline_phase_change_run01,baseline,phase_change,1778258985.9134908,/big.txt,79822848,131072,sequential,1.0000,0.0000,0,1,79953920,4096,1
201,201_baseline_phase_change_run01,baseline,phase_change,1778258985.9135807,/big.txt,79953920,131072,sequential,1.0000,0.0000,0,1,80084992,4096,1
201,201_baseline_phase_change_run01,baseline,phase_change,1778258985.9136705,/big.txt,80084992,131072,sequential,1.0000,0.0000,0,1,80216064,4096,1
201,201_baseline_phase_change_run01,baseline,phase_change,1778258985.9137602,/big.txt,80216064,131072,sequential,1.0000,0.0000,0,1,80347136,4096,1
201,201_baseline_phase_change_run01,baseline,phase_change,1778258985.9138505,/big.txt,80347136,131072,sequential,1.0000,0.0000,0,1,80478208,4096,1
201,201_baseline_phase_change_run01,baseline,phase_change,1778258985.9139407,/big.txt,80478208,131072,sequential,1.0000,0.0000,0,1,80609280,4096,1
201,201_baseline_phase_change_run01,baseline,phase_change,1778258985.9140315,/big.txt,80609280,131072,sequential,1.0000,0.0000,0,1,80740352,4096,1
201,201_baseline_phase_change_run01,baseline,phase_change,1778258985.9141219,/big.txt,80740352,131072,sequential,1.0000,0.0000,0,1,80871424,4096,1
201,201_baseline_phase_change_run01,baseline,phase_change,1778258985.9142163,/big.txt,80871424,131072,sequential,1.0000,0.0000,0,1,81002496,4096,1
201,201_baseline_phase_change_run01,baseline,phase_change,1778258985.9143064,/big.txt,81002496,131072,sequential,1.0000,0.0000,0,1,81133568,4096,1
201,201_baseline_phase_change_run01,baseline,phase_change,1778258985.914396,/big.txt,81133568,131072,sequential,1.0000,0.0000,0,1,81264640,4096,1
201,201_baseline_phase_change_run01,baseline,phase_change,1778258985.914487,/big.txt,81264640,131072,sequential,1.0000,0.0000,0,1,81395712,4096,1
201,201_baseline_phase_change_run01,baseline,phase_change,1778258985.9145763,/big.txt,81395712,131072,sequential,1.0000,0.0000,0,1,81526784,4096,1
201,201_baseline_phase_change_run01,baseline,phase_change,1778258985.9146662,/big.txt,81526784,131072,sequential,1.0000,0.0000,0,1,81657856,4096,1
201,201_baseline_phase_change_run01,baseline,phase_change,1778258985.9147565,/big.txt,81657856,131072,sequential,1.0000,0.0000,0,1,81788928,4096,1
201,201_baseline_phase_change_run01,baseline,phase_change,1778258985.914919,/big.txt,81788928,131072,sequential,1.0000,0.0000,0,1,81920000,4096,1
201,201_baseline_phase_change_run01,baseline,phase_change,1778258985.9150305,/big.txt,81920000,131072,sequential,1.0000,0.0000,0,1,82051072,4096,1
201,201_baseline_phase_change_run01,baseline,phase_change,1778258985.9151447,/big.txt,82051072,131072,sequential,1.0000,0.0000,0,1,82182144,4096,1
201,201_baseline_phase_change_run01,baseline,phase_change,1778258985.9153247,/big.txt,82182144,131072,sequential,1.0000,0.0000,0,1,82313216,4096,1
201,201_baseline_phase_change_run01,baseline,phase_change,1778258985.9155242,/big.txt,82313216,131072,sequential,1.0000,0.0000,0,1,82444288,4096,1
201,201_baseline_phase_change_run01,baseline,phase_change,1778258985.915701,/big.txt,82444288,131072,sequential,1.0000,0.0000,0,1,82575360,4096,1
201,201_baseline_phase_change_run01,baseline,phase_change,1778258985.915848,/big.txt,82575360,131072,sequential,1.0000,0.0000,0,1,82706432,4096,1
201,201_baseline_phase_change_run01,baseline,phase_change,1778258985.9159844,/big.txt,82706432,131072,sequential,1.0000,0.0000,0,1,82837504,4096,1
201,201_baseline_phase_change_run01,baseline,phase_change,1778258985.9161053,/big.txt,82837504,131072,sequential,1.0000,0.0000,0,1,82968576,4096,1
201,201_baseline_phase_change_run01,baseline,phase_change,1778258985.9162,/big.txt,82968576,131072,sequential,1.0000,0.0000,0,1,83099648,4096,1
201,201_baseline_phase_change_run01,baseline,phase_change,1778258985.9162939,/big.txt,83099648,131072,sequential,1.0000,0.0000,0,1,83230720,4096,1
201,201_baseline_phase_change_run01,baseline,phase_change,1778258985.9163888,/big.txt,83230720,131072,sequential,1.0000,0.0000,0,1,83361792,4096,1
201,201_baseline_phase_change_run01,baseline,phase_change,1778258985.9164824,/big.txt,83361792,131072,sequential,1.0000,0.0000,0,1,83492864,4096,1
201,201_baseline_phase_change_run01,baseline,phase_change,1778258985.9165754,/big.txt,83492864,131072,sequential,1.0000,0.0000,0,1,83623936,4096,1
201,201_baseline_phase_change_run01,baseline,phase_change,1778258985.9166682,/big.txt,83623936,131072,sequential,1.0000,0.0000,0,1,83755008,4096,1
201,201_baseline_phase_change_run01,baseline,phase_change,1778258985.9167619,/big.txt,83755008,131072,sequential,1.0000,0.0000,0,1,83886080,4096,1
201,201_baseline_phase_change_run01,baseline,phase_change,1778258985.9168546,/big.txt,83886080,131072,sequential,1.0000,0.0000,0,1,84017152,4096,1
201,201_baseline_phase_change_run01,baseline,phase_change,1778258985.9169457,/big.txt,84017152,131072,sequential,1.0000,0.0000,0,1,84148224,4096,1
201,201_baseline_phase_change_run01,baseline,phase_change,1778258985.9170372,/big.txt,84148224,131072,sequential,1.0000,0.0000,0,1,84279296,4096,1
201,201_baseline_phase_change_run01,baseline,phase_change,1778258985.9171298,/big.txt,84279296,131072,sequential,1.0000,0.0000,0,1,84410368,4096,1
201,201_baseline_phase_change_run01,baseline,phase_change,1778258985.9172208,/big.txt,84410368,131072,sequential,1.0000,0.0000,0,1,84541440,4096,1
201,201_baseline_phase_change_run01,baseline,phase_change,1778258985.9173167,/big.txt,84541440,131072,sequential,1.0000,0.0000,0,1,84672512,4096,1
201,201_baseline_phase_change_run01,baseline,phase_change,1778258985.9174078,/big.txt,84672512,131072,sequential,1.0000,0.0000,0,1,84803584,4096,1
201,201_baseline_phase_change_run01,baseline,phase_change,1778258985.9174984,/big.txt,84803584,131072,sequential,1.0000,0.0000,0,1,84934656,4096,1
201,201_baseline_phase_change_run01,baseline,phase_change,1778258985.9175894,/big.txt,84934656,131072,sequential,1.0000,0.0000,0,1,85065728,4096,1
201,201_baseline_phase_change_run01,baseline,phase_change,1778258985.9176807,/big.txt,85065728,131072,sequential,1.0000,0.0000,0,1,85196800,4096,1
201,201_baseline_phase_change_run01,baseline,phase_change,1778258985.9177725,/big.txt,85196800,131072,sequential,1.0000,0.0000,0,1,85327872,4096,1
201,201_baseline_phase_change_run01,baseline,phase_change,1778258985.9178646,/big.txt,85327872,131072,sequential,1.0000,0.0000,0,1,85458944,4096,1
201,201_baseline_phase_change_run01,baseline,phase_change,1778258985.9179559,/big.txt,85458944,131072,sequential,1.0000,0.0000,0,1,85590016,4096,1
201,201_baseline_phase_change_run01,baseline,phase_change,1778258985.918047,/big.txt,85590016,131072,sequential,1.0000,0.0000,0,1,85721088,4096,1
201,201_baseline_phase_change_run01,baseline,phase_change,1778258985.918138,/big.txt,85721088,131072,sequential,1.0000,0.0000,0,1,85852160,4096,1
201,201_baseline_phase_change_run01,baseline,phase_change,1778258985.9182298,/big.txt,85852160,131072,sequential,1.0000,0.0000,0,1,85983232,4096,1
201,201_baseline_phase_change_run01,baseline,phase_change,1778258985.918321,/big.txt,85983232,131072,sequential,1.0000,0.0000,0,1,86114304,4096,1
201,201_baseline_phase_change_run01,baseline,phase_change,1778258985.9184115,/big.txt,86114304,131072,sequential,1.0000,0.0000,0,1,86245376,4096,1
201,201_baseline_phase_change_run01,baseline,phase_change,1778258985.9185028,/big.txt,86245376,131072,sequential,1.0000,0.0000,0,1,86376448,4096,1
201,201_baseline_phase_change_run01,baseline,phase_change,1778258985.918594,/big.txt,86376448,131072,sequential,1.0000,0.0000,0,1,86507520,4096,1
201,201_baseline_phase_change_run01,baseline,phase_change,1778258985.9186854,/big.txt,86507520,131072,sequential,1.0000,0.0000,0,1,86638592,4096,1
201,201_baseline_phase_change_run01,baseline,phase_change,1778258985.9188008,/big.txt,86638592,131072,sequential,1.0000,0.0000,0,1,86769664,4096,1
201,201_baseline_phase_change_run01,baseline,phase_change,1778258985.918908,/big.txt,86769664,131072,sequential,1.0000,0.0000,0,1,86900736,4096,1
201,201_baseline_phase_change_run01,baseline,phase_change,1778258985.9189982,/big.txt,86900736,131072,sequential,1.0000,0.0000,0,1,87031808,4096,1
201,201_baseline_phase_change_run01,baseline,phase_change,1778258985.919088,/big.txt,87031808,131072,sequential,1.0000,0.0000,0,1,87162880,4096,1
201,201_baseline_phase_change_run01,baseline,phase_change,1778258985.9191792,/big.txt,87162880,131072,sequential,1.0000,0.0000,0,1,87293952,4096,1
201,201_baseline_phase_change_run01,baseline,phase_change,1778258985.9192693,/big.txt,87293952,131072,sequential,1.0000,0.0000,0,1,87425024,4096,1
201,201_baseline_phase_change_run01,baseline,phase_change,1778258985.9193597,/big.txt,87425024,131072,sequential,1.0000,0.0000,0,1,87556096,4096,1
201,201_baseline_phase_change_run01,baseline,phase_change,1778258985.919454,/big.txt,87556096,131072,sequential,1.0000,0.0000,0,1,87687168,4096,1
201,201_baseline_phase_change_run01,baseline,phase_change,1778258985.919545,/big.txt,87687168,131072,sequential,1.0000,0.0000,0,1,87818240,4096,1
201,201_baseline_phase_change_run01,baseline,phase_change,1778258985.9196353,/big.txt,87818240,131072,sequential,1.0000,0.0000,0,1,87949312,4096,1
201,201_baseline_phase_change_run01,baseline,phase_change,1778258985.9197257,/big.txt,87949312,131072,sequential,1.0000,0.0000,0,1,88080384,4096,1
201,201_baseline_phase_change_run01,baseline,phase_change,1778258985.9198198,/big.txt,88080384,131072,sequential,1.0000,0.0000,0,1,88211456,4096,1
201,201_baseline_phase_change_run01,baseline,phase_change,1778258985.9199102,/big.txt,88211456,131072,sequential,1.0000,0.0000,0,1,88342528,4096,1
201,201_baseline_phase_change_run01,baseline,phase_change,1778258985.9200006,/big.txt,88342528,131072,sequential,1.0000,0.0000,0,1,88473600,4096,1
201,201_baseline_phase_change_run01,baseline,phase_change,1778258985.9200912,/big.txt,88473600,131072,sequential,1.0000,0.0000,0,1,88604672,4096,1
201,201_baseline_phase_change_run01,baseline,phase_change,1778258985.9201813,/big.txt,88604672,131072,sequential,1.0000,0.0000,0,1,88735744,4096,1
201,201_baseline_phase_change_run01,baseline,phase_change,1778258985.9202712,/big.txt,88735744,131072,sequential,1.0000,0.0000,0,1,88866816,4096,1
201,201_baseline_phase_change_run01,baseline,phase_change,1778258985.9203613,/big.txt,88866816,131072,sequential,1.0000,0.0000,0,1,88997888,4096,1
201,201_baseline_phase_change_run01,baseline,phase_change,1778258985.9204514,/big.txt,88997888,131072,sequential,1.0000,0.0000,0,1,89128960,4096,1
201,201_baseline_phase_change_run01,baseline,phase_change,1778258985.9205418,/big.txt,89128960,131072,sequential,1.0000,0.0000,0,1,89260032,4096,1
201,201_baseline_phase_change_run01,baseline,phase_change,1778258985.9206316,/big.txt,89260032,131072,sequential,1.0000,0.0000,0,1,89391104,4096,1
201,201_baseline_phase_change_run01,baseline,phase_change,1778258985.920721,/big.txt,89391104,131072,sequential,1.0000,0.0000,0,1,89522176,4096,1
201,201_baseline_phase_change_run01,baseline,phase_change,1778258985.920811,/big.txt,89522176,131072,sequential,1.0000,0.0000,0,1,89653248,4096,1
201,201_baseline_phase_change_run01,baseline,phase_change,1778258985.9209006,/big.txt,89653248,131072,sequential,1.0000,0.0000,0,1,89784320,4096,1
201,201_baseline_phase_change_run01,baseline,phase_change,1778258985.9209905,/big.txt,89784320,131072,sequential,1.0000,0.0000,0,1,89915392,4096,1
201,201_baseline_phase_change_run01,baseline,phase_change,1778258985.9210813,/big.txt,89915392,131072,sequential,1.0000,0.0000,0,1,90046464,4096,1
201,201_baseline_phase_change_run01,baseline,phase_change,1778258985.921171,/big.txt,90046464,131072,sequential,1.0000,0.0000,0,1,90177536,4096,1
201,201_baseline_phase_change_run01,baseline,phase_change,1778258985.9212623,/big.txt,90177536,131072,sequential,1.0000,0.0000,0,1,90308608,4096,1
201,201_baseline_phase_change_run01,baseline,phase_change,1778258985.9213524,/big.txt,90308608,131072,sequential,1.0000,0.0000,0,1,90439680,4096,1
201,201_baseline_phase_change_run01,baseline,phase_change,1778258985.9214437,/big.txt,90439680,131072,sequential,1.0000,0.0000,0,1,90570752,4096,1
201,201_baseline_phase_change_run01,baseline,phase_change,1778258985.9215343,/big.txt,90570752,131072,sequential,1.0000,0.0000,0,1,90701824,4096,1
201,201_baseline_phase_change_run01,baseline,phase_change,1778258985.9216244,/big.txt,90701824,131072,sequential,1.0000,0.0000,0,1,90832896,4096,1
201,201_baseline_phase_change_run01,baseline,phase_change,1778258985.9217155,/big.txt,90832896,131072,sequential,1.0000,0.0000,0,1,90963968,4096,1
201,201_baseline_phase_change_run01,baseline,phase_change,1778258985.9218059,/big.txt,90963968,131072,sequential,1.0000,0.0000,0,1,91095040,4096,1
201,201_baseline_phase_change_run01,baseline,phase_change,1778258985.9218957,/big.txt,91095040,131072,sequential,1.0000,0.0000,0,1,91226112,4096,1
201,201_baseline_phase_change_run01,baseline,phase_change,1778258985.9219859,/big.txt,91226112,131072,sequential,1.0000,0.0000,0,1,91357184,4096,1
201,201_baseline_phase_change_run01,baseline,phase_change,1778258985.9220765,/big.txt,91357184,131072,sequential,1.0000,0.0000,0,1,91488256,4096,1
201,201_baseline_phase_change_run01,baseline,phase_change,1778258985.922167,/big.txt,91488256,131072,sequential,1.0000,0.0000,0,1,91619328,4096,1
201,201_baseline_phase_change_run01,baseline,phase_change,1778258985.9222567,/big.txt,91619328,131072,sequential,1.0000,0.0000,0,1,91750400,4096,1
201,201_baseline_phase_change_run01,baseline,phase_change,1778258985.9223502,/big.txt,91750400,131072,sequential,1.0000,0.0000,0,1,91881472,4096,1
201,201_baseline_phase_change_run01,baseline,phase_change,1778258985.9224412,/big.txt,91881472,131072,sequential,1.0000,0.0000,0,1,92012544,4096,1
201,201_baseline_phase_change_run01,baseline,phase_change,1778258985.9225326,/big.txt,92012544,131072,sequential,1.0000,0.0000,0,1,92143616,4096,1
201,201_baseline_phase_change_run01,baseline,phase_change,1778258985.9226236,/big.txt,92143616,131072,sequential,1.0000,0.0000,0,1,92274688,4096,1
201,201_baseline_phase_change_run01,baseline,phase_change,1778258985.9227183,/big.txt,92274688,131072,sequential,1.0000,0.0000,0,1,92405760,4096,1
201,201_baseline_phase_change_run01,baseline,phase_change,1778258985.9228537,/big.txt,92405760,131072,sequential,1.0000,0.0000,0,1,92536832,4096,1
201,201_baseline_phase_change_run01,baseline,phase_change,1778258985.9229507,/big.txt,92536832,131072,sequential,1.0000,0.0000,0,1,92667904,4096,1
201,201_baseline_phase_change_run01,baseline,phase_change,1778258985.9230428,/big.txt,92667904,131072,sequential,1.0000,0.0000,0,1,92798976,4096,1
201,201_baseline_phase_change_run01,baseline,phase_change,1778258985.9231336,/big.txt,92798976,131072,sequential,1.0000,0.0000,0,1,92930048,4096,1
201,201_baseline_phase_change_run01,baseline,phase_change,1778258985.9232247,/big.txt,92930048,131072,sequential,1.0000,0.0000,0,1,93061120,4096,1
201,201_baseline_phase_change_run01,baseline,phase_change,1778258985.9233155,/big.txt,93061120,131072,sequential,1.0000,0.0000,0,1,93192192,4096,1
201,201_baseline_phase_change_run01,baseline,phase_change,1778258985.9234047,/big.txt,93192192,131072,sequential,1.0000,0.0000,0,1,93323264,4096,1
201,201_baseline_phase_change_run01,baseline,phase_change,1778258985.9234946,/big.txt,93323264,131072,sequential,1.0000,0.0000,0,1,93454336,4096,1
201,201_baseline_phase_change_run01,baseline,phase_change,1778258985.9235852,/big.txt,93454336,131072,sequential,1.0000,0.0000,0,1,93585408,4096,1
201,201_baseline_phase_change_run01,baseline,phase_change,1778258985.9236763,/big.txt,93585408,131072,sequential,1.0000,0.0000,0,1,93716480,4096,1
201,201_baseline_phase_change_run01,baseline,phase_change,1778258985.9237669,/big.txt,93716480,131072,sequential,1.0000,0.0000,0,1,93847552,4096,1
201,201_baseline_phase_change_run01,baseline,phase_change,1778258985.9238565,/big.txt,93847552,131072,sequential,1.0000,0.0000,0,1,93978624,4096,1
201,201_baseline_phase_change_run01,baseline,phase_change,1778258985.9239464,/big.txt,93978624,131072,sequential,1.0000,0.0000,0,1,94109696,4096,1
201,201_baseline_phase_change_run01,baseline,phase_change,1778258985.924037,/big.txt,94109696,131072,sequential,1.0000,0.0000,0,1,94240768,4096,1
201,201_baseline_phase_change_run01,baseline,phase_change,1778258985.9241269,/big.txt,94240768,131072,sequential,1.0000,0.0000,0,1,94371840,4096,1
201,201_baseline_phase_change_run01,baseline,phase_change,1778258985.9242175,/big.txt,94371840,131072,sequential,1.0000,0.0000,0,1,94502912,4096,1
201,201_baseline_phase_change_run01,baseline,phase_change,1778258985.9243073,/big.txt,94502912,131072,sequential,1.0000,0.0000,0,1,94633984,4096,1
201,201_baseline_phase_change_run01,baseline,phase_change,1778258985.9243975,/big.txt,94633984,131072,sequential,1.0000,0.0000,0,1,94765056,4096,1
201,201_baseline_phase_change_run01,baseline,phase_change,1778258985.924489,/big.txt,94765056,131072,sequential,1.0000,0.0000,0,1,94896128,4096,1
201,201_baseline_phase_change_run01,baseline,phase_change,1778258985.9245794,/big.txt,94896128,131072,sequential,1.0000,0.0000,0,1,95027200,4096,1
201,201_baseline_phase_change_run01,baseline,phase_change,1778258985.9246707,/big.txt,95027200,131072,sequential,1.0000,0.0000,0,1,95158272,4096,1
201,201_baseline_phase_change_run01,baseline,phase_change,1778258985.9247622,/big.txt,95158272,131072,sequential,1.0000,0.0000,0,1,95289344,4096,1
201,201_baseline_phase_change_run01,baseline,phase_change,1778258985.924853,/big.txt,95289344,131072,sequential,1.0000,0.0000,0,1,95420416,4096,1
201,201_baseline_phase_change_run01,baseline,phase_change,1778258985.9249475,/big.txt,95420416,131072,sequential,1.0000,0.0000,0,1,95551488,4096,1
201,201_baseline_phase_change_run01,baseline,phase_change,1778258985.9250383,/big.txt,95551488,131072,sequential,1.0000,0.0000,0,1,95682560,4096,1
201,201_baseline_phase_change_run01,baseline,phase_change,1778258985.9251282,/big.txt,95682560,131072,sequential,1.0000,0.0000,0,1,95813632,4096,1
201,201_baseline_phase_change_run01,baseline,phase_change,1778258985.9252188,/big.txt,95813632,131072,sequential,1.0000,0.0000,0,1,95944704,4096,1
201,201_baseline_phase_change_run01,baseline,phase_change,1778258985.9253097,/big.txt,95944704,131072,sequential,1.0000,0.0000,0,1,96075776,4096,1
201,201_baseline_phase_change_run01,baseline,phase_change,1778258985.9254007,/big.txt,96075776,131072,sequential,1.0000,0.0000,0,1,96206848,4096,1
201,201_baseline_phase_change_run01,baseline,phase_change,1778258985.9254918,/big.txt,96206848,131072,sequential,1.0000,0.0000,0,1,96337920,4096,1
201,201_baseline_phase_change_run01,baseline,phase_change,1778258985.9255824,/big.txt,96337920,131072,sequential,1.0000,0.0000,0,1,96468992,4096,1
201,201_baseline_phase_change_run01,baseline,phase_change,1778258985.9256725,/big.txt,96468992,131072,sequential,1.0000,0.0000,0,1,96600064,4096,1
201,201_baseline_phase_change_run01,baseline,phase_change,1778258985.9257631,/big.txt,96600064,131072,sequential,1.0000,0.0000,0,1,96731136,4096,1
201,201_baseline_phase_change_run01,baseline,phase_change,1778258985.9258535,/big.txt,96731136,131072,sequential,1.0000,0.0000,0,1,96862208,4096,1
201,201_baseline_phase_change_run01,baseline,phase_change,1778258985.9259439,/big.txt,96862208,131072,sequential,1.0000,0.0000,0,1,96993280,4096,1
201,201_baseline_phase_change_run01,baseline,phase_change,1778258985.926034,/big.txt,96993280,131072,sequential,1.0000,0.0000,0,1,97124352,4096,1
201,201_baseline_phase_change_run01,baseline,phase_change,1778258985.926124,/big.txt,97124352,131072,sequential,1.0000,0.0000,0,1,97255424,4096,1
201,201_baseline_phase_change_run01,baseline,phase_change,1778258985.9262142,/big.txt,97255424,131072,sequential,1.0000,0.0000,0,1,97386496,4096,1
201,201_baseline_phase_change_run01,baseline,phase_change,1778258985.9263055,/big.txt,97386496,131072,sequential,1.0000,0.0000,0,1,97517568,4096,1
201,201_baseline_phase_change_run01,baseline,phase_change,1778258985.9263995,/big.txt,97517568,131072,sequential,1.0000,0.0000,0,1,97648640,4096,1
201,201_baseline_phase_change_run01,baseline,phase_change,1778258985.9264915,/big.txt,97648640,131072,sequential,1.0000,0.0000,0,1,97779712,4096,1
201,201_baseline_phase_change_run01,baseline,phase_change,1778258985.926582,/big.txt,97779712,131072,sequential,1.0000,0.0000,0,1,97910784,4096,1
201,201_baseline_phase_change_run01,baseline,phase_change,1778258985.9266727,/big.txt,97910784,131072,sequential,1.0000,0.0000,0,1,98041856,4096,1
201,201_baseline_phase_change_run01,baseline,phase_change,1778258985.9267626,/big.txt,98041856,131072,sequential,1.0000,0.0000,0,1,98172928,4096,1
201,201_baseline_phase_change_run01,baseline,phase_change,1778258985.9268944,/big.txt,98172928,131072,sequential,1.0000,0.0000,0,1,98304000,4096,1
201,201_baseline_phase_change_run01,baseline,phase_change,1778258985.9269857,/big.txt,98304000,131072,sequential,1.0000,0.0000,0,1,98435072,4096,1
201,201_baseline_phase_change_run01,baseline,phase_change,1778258985.9270759,/big.txt,98435072,131072,sequential,1.0000,0.0000,0,1,98566144,4096,1
201,201_baseline_phase_change_run01,baseline,phase_change,1778258985.9271665,/big.txt,98566144,131072,sequential,1.0000,0.0000,0,1,98697216,4096,1
201,201_baseline_phase_change_run01,baseline,phase_change,1778258985.9272568,/big.txt,98697216,131072,sequential,1.0000,0.0000,0,1,98828288,4096,1
201,201_baseline_phase_change_run01,baseline,phase_change,1778258985.9273467,/big.txt,98828288,131072,sequential,1.0000,0.0000,0,1,98959360,4096,1
201,201_baseline_phase_change_run01,baseline,phase_change,1778258985.927437,/big.txt,98959360,131072,sequential,1.0000,0.0000,0,1,99090432,4096,1
201,201_baseline_phase_change_run01,baseline,phase_change,1778258985.9275322,/big.txt,99090432,131072,sequential,1.0000,0.0000,0,1,99221504,4096,1
201,201_baseline_phase_change_run01,baseline,phase_change,1778258985.9276223,/big.txt,99221504,131072,sequential,1.0000,0.0000,0,1,99352576,4096,1
201,201_baseline_phase_change_run01,baseline,phase_change,1778258985.927716,/big.txt,99352576,131072,sequential,1.0000,0.0000,0,1,99483648,4096,1
201,201_baseline_phase_change_run01,baseline,phase_change,1778258985.9278073,/big.txt,99483648,131072,sequential,1.0000,0.0000,0,1,99614720,4096,1
201,201_baseline_phase_change_run01,baseline,phase_change,1778258985.9278977,/big.txt,99614720,131072,sequential,1.0000,0.0000,0,1,99745792,4096,1
201,201_baseline_phase_change_run01,baseline,phase_change,1778258985.9279878,/big.txt,99745792,131072,sequential,1.0000,0.0000,0,1,99876864,4096,1
201,201_baseline_phase_change_run01,baseline,phase_change,1778258985.9280784,/big.txt,99876864,131072,sequential,1.0000,0.0000,0,1,100007936,4096,1
201,201_baseline_phase_change_run01,baseline,phase_change,1778258985.9281678,/big.txt,100007936,131072,sequential,1.0000,0.0000,0,1,100139008,4096,1
201,201_baseline_phase_change_run01,baseline,phase_change,1778258985.9282575,/big.txt,100139008,131072,sequential,1.0000,0.0000,0,1,100270080,4096,1
201,201_baseline_phase_change_run01,baseline,phase_change,1778258985.9283473,/big.txt,100270080,131072,sequential,1.0000,0.0000,0,1,100401152,4096,1
201,201_baseline_phase_change_run01,baseline,phase_change,1778258985.9284375,/big.txt,100401152,131072,sequential,1.0000,0.0000,0,1,100532224,4096,1
201,201_baseline_phase_change_run01,baseline,phase_change,1778258985.9285278,/big.txt,100532224,131072,sequential,1.0000,0.0000,0,1,100663296,4096,1
201,201_baseline_phase_change_run01,baseline,phase_change,1778258985.9286184,/big.txt,100663296,131072,sequential,1.0000,0.0000,0,1,100794368,4096,1
201,201_baseline_phase_change_run01,baseline,phase_change,1778258985.928708,/big.txt,100794368,131072,sequential,1.0000,0.0000,0,1,100925440,4096,1
201,201_baseline_phase_change_run01,baseline,phase_change,1778258985.9287977,/big.txt,100925440,131072,sequential,1.0000,0.0000,0,1,101056512,4096,1
201,201_baseline_phase_change_run01,baseline,phase_change,1778258985.9288871,/big.txt,101056512,131072,sequential,1.0000,0.0000,0,1,101187584,4096,1
201,201_baseline_phase_change_run01,baseline,phase_change,1778258985.9289765,/big.txt,101187584,131072,sequential,1.0000,0.0000,0,1,101318656,4096,1
201,201_baseline_phase_change_run01,baseline,phase_change,1778258985.929067,/big.txt,101318656,131072,sequential,1.0000,0.0000,0,1,101449728,4096,1
201,201_baseline_phase_change_run01,baseline,phase_change,1778258985.9291565,/big.txt,101449728,131072,sequential,1.0000,0.0000,0,1,101580800,4096,1
201,201_baseline_phase_change_run01,baseline,phase_change,1778258985.929246,/big.txt,101580800,131072,sequential,1.0000,0.0000,0,1,101711872,4096,1
201,201_baseline_phase_change_run01,baseline,phase_change,1778258985.9293354,/big.txt,101711872,131072,sequential,1.0000,0.0000,0,1,101842944,4096,1
201,201_baseline_phase_change_run01,baseline,phase_change,1778258985.9294262,/big.txt,101842944,131072,sequential,1.0000,0.0000,0,1,101974016,4096,1
201,201_baseline_phase_change_run01,baseline,phase_change,1778258985.9295156,/big.txt,101974016,131072,sequential,1.0000,0.0000,0,1,102105088,4096,1
201,201_baseline_phase_change_run01,baseline,phase_change,1778258985.9296048,/big.txt,102105088,131072,sequential,1.0000,0.0000,0,1,102236160,4096,1
201,201_baseline_phase_change_run01,baseline,phase_change,1778258985.9296947,/big.txt,102236160,131072,sequential,1.0000,0.0000,0,1,102367232,4096,1
201,201_baseline_phase_change_run01,baseline,phase_change,1778258985.9297853,/big.txt,102367232,131072,sequential,1.0000,0.0000,0,1,102498304,4096,1
201,201_baseline_phase_change_run01,baseline,phase_change,1778258985.9298787,/big.txt,102498304,131072,sequential,1.0000,0.0000,0,1,102629376,4096,1
201,201_baseline_phase_change_run01,baseline,phase_change,1778258985.929972,/big.txt,102629376,131072,sequential,1.0000,0.0000,0,1,102760448,4096,1
201,201_baseline_phase_change_run01,baseline,phase_change,1778258985.9300623,/big.txt,102760448,131072,sequential,1.0000,0.0000,0,1,102891520,4096,1
201,201_baseline_phase_change_run01,baseline,phase_change,1778258985.9301527,/big.txt,102891520,131072,sequential,1.0000,0.0000,0,1,103022592,4096,1
201,201_baseline_phase_change_run01,baseline,phase_change,1778258985.9302418,/big.txt,103022592,131072,sequential,1.0000,0.0000,0,1,103153664,4096,1
201,201_baseline_phase_change_run01,baseline,phase_change,1778258985.9303324,/big.txt,103153664,131072,sequential,1.0000,0.0000,0,1,103284736,4096,1
201,201_baseline_phase_change_run01,baseline,phase_change,1778258985.9304223,/big.txt,103284736,131072,sequential,1.0000,0.0000,0,1,103415808,4096,1
201,201_baseline_phase_change_run01,baseline,phase_change,1778258985.930513,/big.txt,103415808,131072,sequential,1.0000,0.0000,0,1,103546880,4096,1
201,201_baseline_phase_change_run01,baseline,phase_change,1778258985.9306028,/big.txt,103546880,131072,sequential,1.0000,0.0000,0,1,103677952,4096,1
201,201_baseline_phase_change_run01,baseline,phase_change,1778258985.9306927,/big.txt,103677952,131072,sequential,1.0000,0.0000,0,1,103809024,4096,1
201,201_baseline_phase_change_run01,baseline,phase_change,1778258985.9308062,/big.txt,103809024,131072,sequential,1.0000,0.0000,0,1,103940096,4096,1
201,201_baseline_phase_change_run01,baseline,phase_change,1778258985.930913,/big.txt,103940096,131072,sequential,1.0000,0.0000,0,1,104071168,4096,1
201,201_baseline_phase_change_run01,baseline,phase_change,1778258985.9310038,/big.txt,104071168,131072,sequential,1.0000,0.0000,0,1,104202240,4096,1
201,201_baseline_phase_change_run01,baseline,phase_change,1778258985.9310942,/big.txt,104202240,131072,sequential,1.0000,0.0000,0,1,104333312,4096,1
201,201_baseline_phase_change_run01,baseline,phase_change,1778258985.9311843,/big.txt,104333312,131072,sequential,1.0000,0.0000,0,1,104464384,4096,1
201,201_baseline_phase_change_run01,baseline,phase_change,1778258985.9312744,/big.txt,104464384,131072,sequential,1.0000,0.0000,0,1,104595456,4096,1
201,201_baseline_phase_change_run01,baseline,phase_change,1778258985.9313645,/big.txt,104595456,131072,sequential,1.0000,0.0000,0,1,104726528,4096,1
201,201_baseline_phase_change_run01,baseline,phase_change,1778258985.9314544,/big.txt,104726528,131072,sequential,1.0000,0.0000,0,1,104857600,4096,1
201,201_baseline_phase_change_run01,baseline,phase_change,1778258985.9315186,/big.txt,104857600,0,sequential,1.0000,0.0000,0,0,,,1
