run_index,run_label,mode,workload,timestamp,path,offset,size,phase,confidence,decay_rate,seek_delta,prefetch,prefetch_offset,prefetch_size,prefetch_depth,cache_hit,false_negative
138,138_adaptive_phase_change_run06,adaptive,phase_change,1778426023.5770638,/big.txt,0,131072,unknown,0.0000,0.0000,0,0,,,1,0,0
138,138_adaptive_phase_change_run06,adaptive,phase_change,1778426023.5794606,/big.txt,131072,131072,sequential,1.0000,0.0000,0,1,262144,4096,1,1,1
138,138_adaptive_phase_change_run06,adaptive,phase_change,1778426023.580939,/big.txt,262144,131072,sequential,1.0000,0.0000,0,1,393216,4096,1,1,0
138,138_adaptive_phase_change_run06,adaptive,phase_change,1778426023.582266,/big.txt,393216,131072,sequential,1.0000,0.0000,0,1,524288,4096,1,1,0
138,138_adaptive_phase_change_run06,adaptive,phase_change,1778426023.5836103,/big.txt,524288,131072,sequential,1.0000,0.0000,0,1,655360,4096,1,1,0
138,138_adaptive_phase_change_run06,adaptive,phase_change,1778426023.5849288,/big.txt,655360,131072,sequential,1.0000,0.0000,0,1,786432,4096,1,1,0
138,138_adaptive_phase_change_run06,adaptive,phase_change,1778426023.5862072,/big.txt,786432,131072,sequential,1.0000,0.0000,0,1,917504,4096,1,1,0
138,138_adaptive_phase_change_run06,adaptive,phase_change,1778426023.587537,/big.txt,917504,131072,sequential,1.0000,0.0000,0,1,1048576,4096,1,1,0
138,138_adaptive_phase_change_run06,adaptive,phase_change,1778426023.5888145,/big.txt,1048576,131072,sequential,1.0000,0.0000,0,1,1179648,4096,1,1,0
138,138_adaptive_phase_change_run06,adaptive,phase_change,1778426023.59008,/big.txt,1179648,131072,sequential,1.0000,0.0000,0,1,1310720,4096,1,1,0
138,138_adaptive_phase_change_run06,adaptive,phase_change,1778426023.5913928,/big.txt,1310720,131072,sequential,1.0000,0.0000,0,1,1441792,4096,1,1,0
138,138_adaptive_phase_change_run06,adaptive,phase_change,1778426023.592654,/big.txt,1441792,131072,sequential,1.0000,0.0000,0,1,1572864,4096,1,1,0
138,138_adaptive_phase_change_run06,adaptive,phase_change,1778426023.5939388,/big.txt,1572864,131072,sequential,1.0000,0.0000,0,1,1703936,4096,1,1,0
138,138_adaptive_phase_change_run06,adaptive,phase_change,1778426023.5952396,/big.txt,1703936,131072,sequential,1.0000,0.0000,0,1,1835008,4096,1,1,0
138,138_adaptive_phase_change_run06,adaptive,phase_change,1778426023.5965092,/big.txt,1835008,131072,sequential,1.0000,0.0000,0,1,1966080,4096,1,1,0
138,138_adaptive_phase_change_run06,adaptive,phase_change,1778426023.5977778,/big.txt,1966080,131072,sequential,1.0000,0.0000,0,1,2097152,4096,1,1,0
138,138_adaptive_phase_change_run06,adaptive,phase_change,1778426023.5990524,/big.txt,2097152,131072,sequential,1.0000,0.0000,0,1,2228224,4096,1,1,0
138,138_adaptive_phase_change_run06,adaptive,phase_change,1778426023.600318,/big.txt,2228224,131072,sequential,1.0000,0.0000,0,1,2359296,4096,1,1,0
138,138_adaptive_phase_change_run06,adaptive,phase_change,1778426023.6015875,/big.txt,2359296,131072,sequential,1.0000,0.0000,0,1,2490368,4096,1,1,0
138,138_adaptive_phase_change_run06,adaptive,phase_change,1778426023.60289,/big.txt,2490368,131072,sequential,1.0000,0.0000,0,1,2621440,4096,1,1,0
138,138_adaptive_phase_change_run06,adaptive,phase_change,1778426023.6041605,/big.txt,2621440,131072,sequential,1.0000,0.0000,0,1,2752512,4096,1,1,0
138,138_adaptive_phase_change_run06,adaptive,phase_change,1778426023.6054235,/big.txt,2752512,131072,sequential,1.0000,0.0000,0,1,2883584,4096,1,1,0
138,138_adaptive_phase_change_run06,adaptive,phase_change,1778426023.60669,/big.txt,2883584,131072,sequential,1.0000,0.0000,0,1,3014656,4096,1,1,0
138,138_adaptive_phase_change_run06,adaptive,phase_change,1778426023.6080084,/big.txt,3014656,131072,sequential,1.0000,0.0000,0,1,3145728,4096,1,1,0
138,138_adaptive_phase_change_run06,adaptive,phase_change,1778426023.6092882,/big.txt,3145728,131072,sequential,1.0000,0.0000,0,1,3276800,4096,1,1,0
138,138_adaptive_phase_change_run06,adaptive,phase_change,1778426023.6105576,/big.txt,3276800,131072,sequential,1.0000,0.0000,0,1,3407872,4096,1,1,0
138,138_adaptive_phase_change_run06,adaptive,phase_change,1778426023.6118283,/big.txt,3407872,131072,sequential,1.0000,0.0000,0,1,3538944,4096,1,1,0
138,138_adaptive_phase_change_run06,adaptive,phase_change,1778426023.6130927,/big.txt,3538944,131072,sequential,1.0000,0.0000,0,1,3670016,4096,1,1,0
138,138_adaptive_phase_change_run06,adaptive,phase_change,1778426023.61437,/big.txt,3670016,131072,sequential,1.0000,0.0000,0,1,3801088,4096,1,1,0
138,138_adaptive_phase_change_run06,adaptive,phase_change,1778426023.6157875,/big.txt,3801088,131072,sequential,1.0000,0.0000,0,1,3932160,4096,1,1,0
138,138_adaptive_phase_change_run06,adaptive,phase_change,1778426023.6170752,/big.txt,3932160,131072,sequential,1.0000,0.0000,0,1,4063232,4096,1,1,0
138,138_adaptive_phase_change_run06,adaptive,phase_change,1778426023.6183493,/big.txt,4063232,131072,sequential,1.0000,0.0000,0,1,4194304,4096,1,1,0
138,138_adaptive_phase_change_run06,adaptive,phase_change,1778426023.6197853,/big.txt,4194304,131072,sequential,1.0000,0.0000,0,1,4325376,4096,1,1,0
138,138_adaptive_phase_change_run06,adaptive,phase_change,1778426023.6210701,/big.txt,4325376,131072,sequential,1.0000,0.0000,0,1,4456448,4096,1,1,0
138,138_adaptive_phase_change_run06,adaptive,phase_change,1778426023.622338,/big.txt,4456448,131072,sequential,1.0000,0.0000,0,1,4587520,4096,1,1,0
138,138_adaptive_phase_change_run06,adaptive,phase_change,1778426023.6237402,/big.txt,4587520,131072,sequential,1.0000,0.0000,0,1,4718592,4096,1,1,0
138,138_adaptive_phase_change_run06,adaptive,phase_change,1778426023.6250188,/big.txt,4718592,131072,sequential,1.0000,0.0000,0,1,4849664,4096,1,1,0
138,138_adaptive_phase_change_run06,adaptive,phase_change,1778426023.6262958,/big.txt,4849664,131072,sequential,1.0000,0.0000,0,1,4980736,4096,1,1,0
138,138_adaptive_phase_change_run06,adaptive,phase_change,1778426023.627656,/big.txt,4980736,131072,sequential,1.0000,0.0000,0,1,5111808,4096,1,1,0
138,138_adaptive_phase_change_run06,adaptive,phase_change,1778426023.6289222,/big.txt,5111808,131072,sequential,1.0000,0.0000,0,1,5242880,4096,1,1,0
138,138_adaptive_phase_change_run06,adaptive,phase_change,1778426023.6302009,/big.txt,5242880,131072,sequential,1.0000,0.0000,0,1,5373952,4096,1,1,0
138,138_adaptive_phase_change_run06,adaptive,phase_change,1778426023.6315274,/big.txt,5373952,131072,sequential,1.0000,0.0000,0,1,5505024,4096,1,1,0
138,138_adaptive_phase_change_run06,adaptive,phase_change,1778426023.6335166,/big.txt,5505024,131072,sequential,1.0000,0.0000,0,1,5636096,4096,1,1,0
138,138_adaptive_phase_change_run06,adaptive,phase_change,1778426023.6349173,/big.txt,5636096,131072,sequential,1.0000,0.0000,0,1,5767168,4096,1,1,0
138,138_adaptive_phase_change_run06,adaptive,phase_change,1778426023.6362293,/big.txt,5767168,131072,sequential,1.0000,0.0000,0,1,5898240,4096,1,1,0
138,138_adaptive_phase_change_run06,adaptive,phase_change,1778426023.6382346,/big.txt,5898240,131072,sequential,1.0000,0.0000,0,1,6029312,4096,1,1,0
138,138_adaptive_phase_change_run06,adaptive,phase_change,1778426023.6395423,/big.txt,6029312,131072,sequential,1.0000,0.0000,0,1,6160384,4096,1,1,0
138,138_adaptive_phase_change_run06,adaptive,phase_change,1778426023.6408105,/big.txt,6160384,131072,sequential,1.0000,0.0000,0,1,6291456,4096,1,1,0
138,138_adaptive_phase_change_run06,adaptive,phase_change,1778426023.6420696,/big.txt,6291456,131072,sequential,1.0000,0.0000,0,1,6422528,4096,1,1,0
138,138_adaptive_phase_change_run06,adaptive,phase_change,1778426023.6433754,/big.txt,6422528,131072,sequential,1.0000,0.0000,0,1,6553600,4096,1,1,0
138,138_adaptive_phase_change_run06,adaptive,phase_change,1778426023.644643,/big.txt,6553600,131072,sequential,1.0000,0.0000,0,1,6684672,4096,1,1,0
138,138_adaptive_phase_change_run06,adaptive,phase_change,1778426023.6459022,/big.txt,6684672,131072,sequential,1.0000,0.0000,0,1,6815744,4096,1,1,0
138,138_adaptive_phase_change_run06,adaptive,phase_change,1778426023.6472006,/big.txt,6815744,131072,sequential,1.0000,0.0000,0,1,6946816,4096,1,1,0
138,138_adaptive_phase_change_run06,adaptive,phase_change,1778426023.6484604,/big.txt,6946816,131072,sequential,1.0000,0.0000,0,1,7077888,4096,1,1,0
138,138_adaptive_phase_change_run06,adaptive,phase_change,1778426023.6497333,/big.txt,7077888,131072,sequential,1.0000,0.0000,0,1,7208960,4096,1,1,0
138,138_adaptive_phase_change_run06,adaptive,phase_change,1778426023.6510124,/big.txt,7208960,131072,sequential,1.0000,0.0000,0,1,7340032,4096,1,1,0
138,138_adaptive_phase_change_run06,adaptive,phase_change,1778426023.6522906,/big.txt,7340032,131072,sequential,1.0000,0.0000,0,1,7471104,4096,1,1,0
138,138_adaptive_phase_change_run06,adaptive,phase_change,1778426023.6535516,/big.txt,7471104,131072,sequential,1.0000,0.0000,0,1,7602176,4096,1,1,0
138,138_adaptive_phase_change_run06,adaptive,phase_change,1778426023.6549854,/big.txt,7602176,131072,sequential,1.0000,0.0000,0,1,7733248,4096,1,1,0
138,138_adaptive_phase_change_run06,adaptive,phase_change,1778426023.6562564,/big.txt,7733248,131072,sequential,1.0000,0.0000,0,1,7864320,4096,1,1,0
138,138_adaptive_phase_change_run06,adaptive,phase_change,1778426023.6575344,/big.txt,7864320,131072,sequential,1.0000,0.0000,0,1,7995392,4096,1,1,0
138,138_adaptive_phase_change_run06,adaptive,phase_change,1778426023.6588206,/big.txt,7995392,131072,sequential,1.0000,0.0000,0,1,8126464,4096,1,1,0
138,138_adaptive_phase_change_run06,adaptive,phase_change,1778426023.6601462,/big.txt,8126464,131072,sequential,1.0000,0.0000,0,1,8257536,4096,1,1,0
138,138_adaptive_phase_change_run06,adaptive,phase_change,1778426023.6614203,/big.txt,8257536,131072,sequential,1.0000,0.0000,0,1,8388608,4096,1,1,0
138,138_adaptive_phase_change_run06,adaptive,phase_change,1778426023.6626856,/big.txt,8388608,131072,sequential,1.0000,0.0000,0,1,8519680,4096,1,1,0
138,138_adaptive_phase_change_run06,adaptive,phase_change,1778426023.664091,/big.txt,8519680,131072,sequential,1.0000,0.0000,0,1,8650752,4096,1,1,0
138,138_adaptive_phase_change_run06,adaptive,phase_change,1778426023.6653612,/big.txt,8650752,131072,sequential,1.0000,0.0000,0,1,8781824,4096,1,1,0
138,138_adaptive_phase_change_run06,adaptive,phase_change,1778426023.6666224,/big.txt,8781824,131072,sequential,1.0000,0.0000,0,1,8912896,4096,1,1,0
138,138_adaptive_phase_change_run06,adaptive,phase_change,1778426023.6678886,/big.txt,8912896,131072,sequential,1.0000,0.0000,0,1,9043968,4096,1,1,0
138,138_adaptive_phase_change_run06,adaptive,phase_change,1778426023.6691446,/big.txt,9043968,131072,sequential,1.0000,0.0000,0,1,9175040,4096,1,1,0
138,138_adaptive_phase_change_run06,adaptive,phase_change,1778426023.6704144,/big.txt,9175040,131072,sequential,1.0000,0.0000,0,1,9306112,4096,1,1,0
138,138_adaptive_phase_change_run06,adaptive,phase_change,1778426023.6718147,/big.txt,9306112,131072,sequential,1.0000,0.0000,0,1,9437184,4096,1,1,0
138,138_adaptive_phase_change_run06,adaptive,phase_change,1778426023.6731665,/big.txt,9437184,131072,sequential,1.0000,0.0000,0,1,9568256,4096,1,1,0
138,138_adaptive_phase_change_run06,adaptive,phase_change,1778426023.6744366,/big.txt,9568256,131072,sequential,1.0000,0.0000,0,1,9699328,4096,1,1,0
138,138_adaptive_phase_change_run06,adaptive,phase_change,1778426023.675737,/big.txt,9699328,131072,sequential,1.0000,0.0000,0,1,9830400,4096,1,1,0
138,138_adaptive_phase_change_run06,adaptive,phase_change,1778426023.6770127,/big.txt,9830400,131072,sequential,1.0000,0.0000,0,1,9961472,4096,1,1,0
138,138_adaptive_phase_change_run06,adaptive,phase_change,1778426023.678279,/big.txt,9961472,131072,sequential,1.0000,0.0000,0,1,10092544,4096,1,1,0
138,138_adaptive_phase_change_run06,adaptive,phase_change,1778426023.6796262,/big.txt,10092544,131072,sequential,1.0000,0.0000,0,1,10223616,4096,1,1,0
138,138_adaptive_phase_change_run06,adaptive,phase_change,1778426023.6809006,/big.txt,10223616,131072,sequential,1.0000,0.0000,0,1,10354688,4096,1,1,0
138,138_adaptive_phase_change_run06,adaptive,phase_change,1778426023.6821668,/big.txt,10354688,131072,sequential,1.0000,0.0000,0,1,10485760,4096,1,1,0
138,138_adaptive_phase_change_run06,adaptive,phase_change,1778426023.6834793,/big.txt,10485760,131072,sequential,1.0000,0.0000,0,1,10616832,4096,1,1,0
138,138_adaptive_phase_change_run06,adaptive,phase_change,1778426023.6847444,/big.txt,10616832,131072,sequential,1.0000,0.0000,0,1,10747904,4096,1,1,0
138,138_adaptive_phase_change_run06,adaptive,phase_change,1778426023.686023,/big.txt,10747904,131072,sequential,1.0000,0.0000,0,1,10878976,4096,1,1,0
138,138_adaptive_phase_change_run06,adaptive,phase_change,1778426023.6873322,/big.txt,10878976,131072,sequential,1.0000,0.0000,0,1,11010048,4096,1,1,0
138,138_adaptive_phase_change_run06,adaptive,phase_change,1778426023.6886067,/big.txt,11010048,131072,sequential,1.0000,0.0000,0,1,11141120,4096,1,1,0
138,138_adaptive_phase_change_run06,adaptive,phase_change,1778426023.689878,/big.txt,11141120,131072,sequential,1.0000,0.0000,0,1,11272192,4096,1,1,0
138,138_adaptive_phase_change_run06,adaptive,phase_change,1778426023.6912405,/big.txt,11272192,131072,sequential,1.0000,0.0000,0,1,11403264,4096,1,1,0
138,138_adaptive_phase_change_run06,adaptive,phase_change,1778426023.692509,/big.txt,11403264,131072,sequential,1.0000,0.0000,0,1,11534336,4096,1,1,0
138,138_adaptive_phase_change_run06,adaptive,phase_change,1778426023.6937702,/big.txt,11534336,131072,sequential,1.0000,0.0000,0,1,11665408,4096,1,1,0
138,138_adaptive_phase_change_run06,adaptive,phase_change,1778426023.6950805,/big.txt,11665408,131072,sequential,1.0000,0.0000,0,1,11796480,4096,1,1,0
138,138_adaptive_phase_change_run06,adaptive,phase_change,1778426023.6963465,/big.txt,11796480,131072,sequential,1.0000,0.0000,0,1,11927552,4096,1,1,0
138,138_adaptive_phase_change_run06,adaptive,phase_change,1778426023.6976159,/big.txt,11927552,131072,sequential,1.0000,0.0000,0,1,12058624,4096,1,1,0
138,138_adaptive_phase_change_run06,adaptive,phase_change,1778426023.699047,/big.txt,12058624,131072,sequential,1.0000,0.0000,0,1,12189696,4096,1,1,0
138,138_adaptive_phase_change_run06,adaptive,phase_change,1778426023.7003202,/big.txt,12189696,131072,sequential,1.0000,0.0000,0,1,12320768,4096,1,1,0
138,138_adaptive_phase_change_run06,adaptive,phase_change,1778426023.7015872,/big.txt,12320768,131072,sequential,1.0000,0.0000,0,1,12451840,4096,1,1,0
138,138_adaptive_phase_change_run06,adaptive,phase_change,1778426023.7028966,/big.txt,12451840,131072,sequential,1.0000,0.0000,0,1,12582912,4096,1,1,0
138,138_adaptive_phase_change_run06,adaptive,phase_change,1778426023.704166,/big.txt,12582912,131072,sequential,1.0000,0.0000,0,1,12713984,4096,1,1,0
138,138_adaptive_phase_change_run06,adaptive,phase_change,1778426023.70543,/big.txt,12713984,131072,sequential,1.0000,0.0000,0,1,12845056,4096,1,1,0
138,138_adaptive_phase_change_run06,adaptive,phase_change,1778426023.7066936,/big.txt,12845056,131072,sequential,1.0000,0.0000,0,1,12976128,4096,1,1,0
138,138_adaptive_phase_change_run06,adaptive,phase_change,1778426023.7079978,/big.txt,12976128,131072,sequential,1.0000,0.0000,0,1,13107200,4096,1,1,0
138,138_adaptive_phase_change_run06,adaptive,phase_change,1778426023.7092547,/big.txt,13107200,131072,sequential,1.0000,0.0000,0,1,13238272,4096,1,1,0
138,138_adaptive_phase_change_run06,adaptive,phase_change,1778426023.7105136,/big.txt,13238272,131072,sequential,1.0000,0.0000,0,1,13369344,4096,1,1,0
138,138_adaptive_phase_change_run06,adaptive,phase_change,1778426023.7117987,/big.txt,13369344,131072,sequential,1.0000,0.0000,0,1,13500416,4096,1,1,0
138,138_adaptive_phase_change_run06,adaptive,phase_change,1778426023.7130811,/big.txt,13500416,131072,sequential,1.0000,0.0000,0,1,13631488,4096,1,1,0
138,138_adaptive_phase_change_run06,adaptive,phase_change,1778426023.7143626,/big.txt,13631488,131072,sequential,1.0000,0.0000,0,1,13762560,4096,1,1,0
138,138_adaptive_phase_change_run06,adaptive,phase_change,1778426023.7157686,/big.txt,13762560,131072,sequential,1.0000,0.0000,0,1,13893632,4096,1,1,0
138,138_adaptive_phase_change_run06,adaptive,phase_change,1778426023.7170675,/big.txt,13893632,131072,sequential,1.0000,0.0000,0,1,14024704,4096,1,1,0
138,138_adaptive_phase_change_run06,adaptive,phase_change,1778426023.718337,/big.txt,14024704,131072,sequential,1.0000,0.0000,0,1,14155776,4096,1,1,0
138,138_adaptive_phase_change_run06,adaptive,phase_change,1778426023.7197127,/big.txt,14155776,131072,sequential,1.0000,0.0000,0,1,14286848,4096,1,1,0
138,138_adaptive_phase_change_run06,adaptive,phase_change,1778426023.7210422,/big.txt,14286848,131072,sequential,1.0000,0.0000,0,1,14417920,4096,1,1,0
138,138_adaptive_phase_change_run06,adaptive,phase_change,1778426023.7223163,/big.txt,14417920,131072,sequential,1.0000,0.0000,0,1,14548992,4096,1,1,0
138,138_adaptive_phase_change_run06,adaptive,phase_change,1778426023.7236624,/big.txt,14548992,131072,sequential,1.0000,0.0000,0,1,14680064,4096,1,1,0
138,138_adaptive_phase_change_run06,adaptive,phase_change,1778426023.7249322,/big.txt,14680064,131072,sequential,1.0000,0.0000,0,1,14811136,4096,1,1,0
138,138_adaptive_phase_change_run06,adaptive,phase_change,1778426023.7261999,/big.txt,14811136,131072,sequential,1.0000,0.0000,0,1,14942208,4096,1,1,0
138,138_adaptive_phase_change_run06,adaptive,phase_change,1778426023.7275245,/big.txt,14942208,131072,sequential,1.0000,0.0000,0,1,15073280,4096,1,1,0
138,138_adaptive_phase_change_run06,adaptive,phase_change,1778426023.7287974,/big.txt,15073280,131072,sequential,1.0000,0.0000,0,1,15204352,4096,1,1,0
138,138_adaptive_phase_change_run06,adaptive,phase_change,1778426023.7300737,/big.txt,15204352,131072,sequential,1.0000,0.0000,0,1,15335424,4096,1,1,0
138,138_adaptive_phase_change_run06,adaptive,phase_change,1778426023.7326427,/big.txt,15335424,131072,sequential,1.0000,0.0000,0,1,15466496,4096,1,1,0
138,138_adaptive_phase_change_run06,adaptive,phase_change,1778426023.7350342,/big.txt,15466496,131072,sequential,1.0000,0.0000,0,1,15597568,4096,1,1,0
138,138_adaptive_phase_change_run06,adaptive,phase_change,1778426023.736295,/big.txt,15597568,131072,sequential,1.0000,0.0000,0,1,15728640,4096,1,1,0
138,138_adaptive_phase_change_run06,adaptive,phase_change,1778426023.7375662,/big.txt,15728640,131072,sequential,1.0000,0.0000,0,1,15859712,4096,1,1,0
138,138_adaptive_phase_change_run06,adaptive,phase_change,1778426023.7388813,/big.txt,15859712,131072,sequential,1.0000,0.0000,0,1,15990784,4096,1,1,0
138,138_adaptive_phase_change_run06,adaptive,phase_change,1778426023.7401772,/big.txt,15990784,131072,sequential,1.0000,0.0000,0,1,16121856,4096,1,1,0
138,138_adaptive_phase_change_run06,adaptive,phase_change,1778426023.7414389,/big.txt,16121856,131072,sequential,1.0000,0.0000,0,1,16252928,4096,1,1,0
138,138_adaptive_phase_change_run06,adaptive,phase_change,1778426023.7426984,/big.txt,16252928,131072,sequential,1.0000,0.0000,0,1,16384000,4096,1,1,0
138,138_adaptive_phase_change_run06,adaptive,phase_change,1778426023.744029,/big.txt,16384000,131072,sequential,1.0000,0.0000,0,1,16515072,4096,1,1,0
138,138_adaptive_phase_change_run06,adaptive,phase_change,1778426023.7452962,/big.txt,16515072,131072,sequential,1.0000,0.0000,0,1,16646144,4096,1,1,0
138,138_adaptive_phase_change_run06,adaptive,phase_change,1778426023.7465653,/big.txt,16646144,131072,sequential,1.0000,0.0000,0,1,16777216,4096,1,1,0
138,138_adaptive_phase_change_run06,adaptive,phase_change,1778426023.747855,/big.txt,16777216,131072,sequential,1.0000,0.0000,0,1,16908288,4096,1,1,0
138,138_adaptive_phase_change_run06,adaptive,phase_change,1778426023.7491343,/big.txt,16908288,131072,sequential,1.0000,0.0000,0,1,17039360,4096,1,1,0
138,138_adaptive_phase_change_run06,adaptive,phase_change,1778426023.7504113,/big.txt,17039360,131072,sequential,1.0000,0.0000,0,1,17170432,4096,1,1,0
138,138_adaptive_phase_change_run06,adaptive,phase_change,1778426023.7517276,/big.txt,17170432,131072,sequential,1.0000,0.0000,0,1,17301504,4096,1,1,0
138,138_adaptive_phase_change_run06,adaptive,phase_change,1778426023.753071,/big.txt,17301504,131072,sequential,1.0000,0.0000,0,1,17432576,4096,1,1,0
138,138_adaptive_phase_change_run06,adaptive,phase_change,1778426023.7543433,/big.txt,17432576,131072,sequential,1.0000,0.0000,0,1,17563648,4096,1,1,0
138,138_adaptive_phase_change_run06,adaptive,phase_change,1778426023.7557013,/big.txt,17563648,131072,sequential,1.0000,0.0000,0,1,17694720,4096,1,1,0
138,138_adaptive_phase_change_run06,adaptive,phase_change,1778426023.7570436,/big.txt,17694720,131072,sequential,1.0000,0.0000,0,1,17825792,4096,1,1,0
138,138_adaptive_phase_change_run06,adaptive,phase_change,1778426023.7583225,/big.txt,17825792,131072,sequential,1.0000,0.0000,0,1,17956864,4096,1,1,0
138,138_adaptive_phase_change_run06,adaptive,phase_change,1778426023.7596517,/big.txt,17956864,131072,sequential,1.0000,0.0000,0,1,18087936,4096,1,1,0
138,138_adaptive_phase_change_run06,adaptive,phase_change,1778426023.7609804,/big.txt,18087936,131072,sequential,1.0000,0.0000,0,1,18219008,4096,1,1,0
138,138_adaptive_phase_change_run06,adaptive,phase_change,1778426023.7622578,/big.txt,18219008,131072,sequential,1.0000,0.0000,0,1,18350080,4096,1,1,0
138,138_adaptive_phase_change_run06,adaptive,phase_change,1778426023.7635822,/big.txt,18350080,131072,sequential,1.0000,0.0000,0,1,18481152,4096,1,1,0
138,138_adaptive_phase_change_run06,adaptive,phase_change,1778426023.7648518,/big.txt,18481152,131072,sequential,1.0000,0.0000,0,1,18612224,4096,1,1,0
138,138_adaptive_phase_change_run06,adaptive,phase_change,1778426023.7661157,/big.txt,18612224,131072,sequential,1.0000,0.0000,0,1,18743296,4096,1,1,0
138,138_adaptive_phase_change_run06,adaptive,phase_change,1778426023.7674136,/big.txt,18743296,131072,sequential,1.0000,0.0000,0,1,18874368,4096,1,1,0
138,138_adaptive_phase_change_run06,adaptive,phase_change,1778426023.7686775,/big.txt,18874368,131072,sequential,1.0000,0.0000,0,1,19005440,4096,1,1,0
138,138_adaptive_phase_change_run06,adaptive,phase_change,1778426023.7699559,/big.txt,19005440,131072,sequential,1.0000,0.0000,0,1,19136512,4096,1,1,0
138,138_adaptive_phase_change_run06,adaptive,phase_change,1778426023.7713313,/big.txt,19136512,131072,sequential,1.0000,0.0000,0,1,19267584,4096,1,1,0
138,138_adaptive_phase_change_run06,adaptive,phase_change,1778426023.7726116,/big.txt,19267584,131072,sequential,1.0000,0.0000,0,1,19398656,4096,1,1,0
138,138_adaptive_phase_change_run06,adaptive,phase_change,1778426023.7738733,/big.txt,19398656,131072,sequential,1.0000,0.0000,0,1,19529728,4096,1,1,0
138,138_adaptive_phase_change_run06,adaptive,phase_change,1778426023.7751765,/big.txt,19529728,131072,sequential,1.0000,0.0000,0,1,19660800,4096,1,1,0
138,138_adaptive_phase_change_run06,adaptive,phase_change,1778426023.7764528,/big.txt,19660800,131072,sequential,1.0000,0.0000,0,1,19791872,4096,1,1,0
138,138_adaptive_phase_change_run06,adaptive,phase_change,1778426023.777738,/big.txt,19791872,131072,sequential,1.0000,0.0000,0,1,19922944,4096,1,1,0
138,138_adaptive_phase_change_run06,adaptive,phase_change,1778426023.7790418,/big.txt,19922944,131072,sequential,1.0000,0.0000,0,1,20054016,4096,1,1,0
138,138_adaptive_phase_change_run06,adaptive,phase_change,1778426023.780313,/big.txt,20054016,131072,sequential,1.0000,0.0000,0,1,20185088,4096,1,1,0
138,138_adaptive_phase_change_run06,adaptive,phase_change,1778426023.7815943,/big.txt,20185088,131072,sequential,1.0000,0.0000,0,1,20316160,4096,1,1,0
138,138_adaptive_phase_change_run06,adaptive,phase_change,1778426023.782981,/big.txt,20316160,131072,sequential,1.0000,0.0000,0,1,20447232,4096,1,1,0
138,138_adaptive_phase_change_run06,adaptive,phase_change,1778426023.7842424,/big.txt,20447232,131072,sequential,1.0000,0.0000,0,1,20578304,4096,1,1,0
138,138_adaptive_phase_change_run06,adaptive,phase_change,1778426023.7855232,/big.txt,20578304,131072,sequential,1.0000,0.0000,0,1,20709376,4096,1,1,0
138,138_adaptive_phase_change_run06,adaptive,phase_change,1778426023.7868142,/big.txt,20709376,131072,sequential,1.0000,0.0000,0,1,20840448,4096,1,1,0
138,138_adaptive_phase_change_run06,adaptive,phase_change,1778426023.7881079,/big.txt,20840448,131072,sequential,1.0000,0.0000,0,1,20971520,4096,1,1,0
138,138_adaptive_phase_change_run06,adaptive,phase_change,1778426023.7893832,/big.txt,20971520,131072,sequential,1.0000,0.0000,0,1,21102592,4096,1,1,0
138,138_adaptive_phase_change_run06,adaptive,phase_change,1778426023.7906518,/big.txt,21102592,131072,sequential,1.0000,0.0000,0,1,21233664,4096,1,1,0
138,138_adaptive_phase_change_run06,adaptive,phase_change,1778426023.791971,/big.txt,21233664,131072,sequential,1.0000,0.0000,0,1,21364736,4096,1,1,0
138,138_adaptive_phase_change_run06,adaptive,phase_change,1778426023.7932374,/big.txt,21364736,131072,sequential,1.0000,0.0000,0,1,21495808,4096,1,1,0
138,138_adaptive_phase_change_run06,adaptive,phase_change,1778426023.7945032,/big.txt,21495808,131072,sequential,1.0000,0.0000,0,1,21626880,4096,1,1,0
138,138_adaptive_phase_change_run06,adaptive,phase_change,1778426023.7958076,/big.txt,21626880,131072,sequential,1.0000,0.0000,0,1,21757952,4096,1,1,0
138,138_adaptive_phase_change_run06,adaptive,phase_change,1778426023.797081,/big.txt,21757952,131072,sequential,1.0000,0.0000,0,1,21889024,4096,1,1,0
138,138_adaptive_phase_change_run06,adaptive,phase_change,1778426023.7983472,/big.txt,21889024,131072,sequential,1.0000,0.0000,0,1,22020096,4096,1,1,0
138,138_adaptive_phase_change_run06,adaptive,phase_change,1778426023.799689,/big.txt,22020096,131072,sequential,1.0000,0.0000,0,1,22151168,4096,1,1,0
138,138_adaptive_phase_change_run06,adaptive,phase_change,1778426023.8010051,/big.txt,22151168,131072,sequential,1.0000,0.0000,0,1,22282240,4096,1,1,0
138,138_adaptive_phase_change_run06,adaptive,phase_change,1778426023.8022864,/big.txt,22282240,131072,sequential,1.0000,0.0000,0,1,22413312,4096,1,1,0
138,138_adaptive_phase_change_run06,adaptive,phase_change,1778426023.80359,/big.txt,22413312,131072,sequential,1.0000,0.0000,0,1,22544384,4096,1,1,0
138,138_adaptive_phase_change_run06,adaptive,phase_change,1778426023.804872,/big.txt,22544384,131072,sequential,1.0000,0.0000,0,1,22675456,4096,1,1,0
138,138_adaptive_phase_change_run06,adaptive,phase_change,1778426023.8061512,/big.txt,22675456,131072,sequential,1.0000,0.0000,0,1,22806528,4096,1,1,0
138,138_adaptive_phase_change_run06,adaptive,phase_change,1778426023.807481,/big.txt,22806528,131072,sequential,1.0000,0.0000,0,1,22937600,4096,1,1,0
138,138_adaptive_phase_change_run06,adaptive,phase_change,1778426023.8087661,/big.txt,22937600,131072,sequential,1.0000,0.0000,0,1,23068672,4096,1,1,0
138,138_adaptive_phase_change_run06,adaptive,phase_change,1778426023.8100529,/big.txt,23068672,131072,sequential,1.0000,0.0000,0,1,23199744,4096,1,1,0
138,138_adaptive_phase_change_run06,adaptive,phase_change,1778426023.8113556,/big.txt,23199744,131072,sequential,1.0000,0.0000,0,1,23330816,4096,1,1,0
138,138_adaptive_phase_change_run06,adaptive,phase_change,1778426023.8126228,/big.txt,23330816,131072,sequential,1.0000,0.0000,0,1,23461888,4096,1,1,0
138,138_adaptive_phase_change_run06,adaptive,phase_change,1778426023.8138895,/big.txt,23461888,131072,sequential,1.0000,0.0000,0,1,23592960,4096,1,1,0
138,138_adaptive_phase_change_run06,adaptive,phase_change,1778426023.8153217,/big.txt,23592960,131072,sequential,1.0000,0.0000,0,1,23724032,4096,1,1,0
138,138_adaptive_phase_change_run06,adaptive,phase_change,1778426023.8166094,/big.txt,23724032,131072,sequential,1.0000,0.0000,0,1,23855104,4096,1,1,0
138,138_adaptive_phase_change_run06,adaptive,phase_change,1778426023.8178892,/big.txt,23855104,131072,sequential,1.0000,0.0000,0,1,23986176,4096,1,1,0
138,138_adaptive_phase_change_run06,adaptive,phase_change,1778426023.8191924,/big.txt,23986176,131072,sequential,1.0000,0.0000,0,1,24117248,4096,1,1,0
138,138_adaptive_phase_change_run06,adaptive,phase_change,1778426023.820462,/big.txt,24117248,131072,sequential,1.0000,0.0000,0,1,24248320,4096,1,1,0
138,138_adaptive_phase_change_run06,adaptive,phase_change,1778426023.821723,/big.txt,24248320,131072,sequential,1.0000,0.0000,0,1,24379392,4096,1,1,0
138,138_adaptive_phase_change_run06,adaptive,phase_change,1778426023.8230104,/big.txt,24379392,131072,sequential,1.0000,0.0000,0,1,24510464,4096,1,1,0
138,138_adaptive_phase_change_run06,adaptive,phase_change,1778426023.8242722,/big.txt,24510464,131072,sequential,1.0000,0.0000,0,1,24641536,4096,1,1,0
138,138_adaptive_phase_change_run06,adaptive,phase_change,1778426023.825541,/big.txt,24641536,131072,sequential,1.0000,0.0000,0,1,24772608,4096,1,1,0
138,138_adaptive_phase_change_run06,adaptive,phase_change,1778426023.8268447,/big.txt,24772608,131072,sequential,1.0000,0.0000,0,1,24903680,4096,1,1,0
138,138_adaptive_phase_change_run06,adaptive,phase_change,1778426023.8281195,/big.txt,24903680,131072,sequential,1.0000,0.0000,0,1,25034752,4096,1,1,0
138,138_adaptive_phase_change_run06,adaptive,phase_change,1778426023.829392,/big.txt,25034752,131072,sequential,1.0000,0.0000,0,1,25165824,4096,1,1,0
138,138_adaptive_phase_change_run06,adaptive,phase_change,1778426023.8306634,/big.txt,25165824,131072,sequential,1.0000,0.0000,0,1,25296896,4096,1,1,0
138,138_adaptive_phase_change_run06,adaptive,phase_change,1778426023.8319798,/big.txt,25296896,131072,sequential,1.0000,0.0000,0,1,25427968,4096,1,1,0
138,138_adaptive_phase_change_run06,adaptive,phase_change,1778426023.833248,/big.txt,25427968,131072,sequential,1.0000,0.0000,0,1,25559040,4096,1,1,0
138,138_adaptive_phase_change_run06,adaptive,phase_change,1778426023.834522,/big.txt,25559040,131072,sequential,1.0000,0.0000,0,1,25690112,4096,1,1,0
138,138_adaptive_phase_change_run06,adaptive,phase_change,1778426023.8370106,/big.txt,25690112,131072,sequential,1.0000,0.0000,0,1,25821184,4096,1,1,0
138,138_adaptive_phase_change_run06,adaptive,phase_change,1778426023.8395636,/big.txt,25821184,131072,sequential,1.0000,0.0000,0,1,25952256,4096,1,1,0
138,138_adaptive_phase_change_run06,adaptive,phase_change,1778426023.8420575,/big.txt,25952256,131072,sequential,1.0000,0.0000,0,1,26083328,4096,1,1,0
138,138_adaptive_phase_change_run06,adaptive,phase_change,1778426023.8434057,/big.txt,26083328,131072,sequential,1.0000,0.0000,0,1,26214400,4096,1,1,0
138,138_adaptive_phase_change_run06,adaptive,phase_change,1778426023.8446786,/big.txt,26214400,131072,sequential,1.0000,0.0000,0,1,26345472,4096,1,1,0
138,138_adaptive_phase_change_run06,adaptive,phase_change,1778426023.8459535,/big.txt,26345472,131072,sequential,1.0000,0.0000,0,1,26476544,4096,1,1,0
138,138_adaptive_phase_change_run06,adaptive,phase_change,1778426023.8472881,/big.txt,26476544,131072,sequential,1.0000,0.0000,0,1,26607616,4096,1,1,0
138,138_adaptive_phase_change_run06,adaptive,phase_change,1778426023.8485775,/big.txt,26607616,131072,sequential,1.0000,0.0000,0,1,26738688,4096,1,1,0
138,138_adaptive_phase_change_run06,adaptive,phase_change,1778426023.8498504,/big.txt,26738688,131072,sequential,1.0000,0.0000,0,1,26869760,4096,1,1,0
138,138_adaptive_phase_change_run06,adaptive,phase_change,1778426023.8511674,/big.txt,26869760,131072,sequential,1.0000,0.0000,0,1,27000832,4096,1,1,0
138,138_adaptive_phase_change_run06,adaptive,phase_change,1778426023.8524501,/big.txt,27000832,131072,sequential,1.0000,0.0000,0,1,27131904,4096,1,1,0
138,138_adaptive_phase_change_run06,adaptive,phase_change,1778426023.8537385,/big.txt,27131904,131072,sequential,1.0000,0.0000,0,1,27262976,4096,1,1,0
138,138_adaptive_phase_change_run06,adaptive,phase_change,1778426023.8550549,/big.txt,27262976,131072,sequential,1.0000,0.0000,0,1,27394048,4096,1,1,0
138,138_adaptive_phase_change_run06,adaptive,phase_change,1778426023.8563387,/big.txt,27394048,131072,sequential,1.0000,0.0000,0,1,27525120,4096,1,1,0
138,138_adaptive_phase_change_run06,adaptive,phase_change,1778426023.8576162,/big.txt,27525120,131072,sequential,1.0000,0.0000,0,1,27656192,4096,1,1,0
138,138_adaptive_phase_change_run06,adaptive,phase_change,1778426023.8590028,/big.txt,27656192,131072,sequential,1.0000,0.0000,0,1,27787264,4096,1,1,0
138,138_adaptive_phase_change_run06,adaptive,phase_change,1778426023.860288,/big.txt,27787264,131072,sequential,1.0000,0.0000,0,1,27918336,4096,1,1,0
138,138_adaptive_phase_change_run06,adaptive,phase_change,1778426023.8615701,/big.txt,27918336,131072,sequential,1.0000,0.0000,0,1,28049408,4096,1,1,0
138,138_adaptive_phase_change_run06,adaptive,phase_change,1778426023.8628798,/big.txt,28049408,131072,sequential,1.0000,0.0000,0,1,28180480,4096,1,1,0
138,138_adaptive_phase_change_run06,adaptive,phase_change,1778426023.8641555,/big.txt,28180480,131072,sequential,1.0000,0.0000,0,1,28311552,4096,1,1,0
138,138_adaptive_phase_change_run06,adaptive,phase_change,1778426023.8654256,/big.txt,28311552,131072,sequential,1.0000,0.0000,0,1,28442624,4096,1,1,0
138,138_adaptive_phase_change_run06,adaptive,phase_change,1778426023.8667119,/big.txt,28442624,131072,sequential,1.0000,0.0000,0,1,28573696,4096,1,1,0
138,138_adaptive_phase_change_run06,adaptive,phase_change,1778426023.86802,/big.txt,28573696,131072,sequential,1.0000,0.0000,0,1,28704768,4096,1,1,0
138,138_adaptive_phase_change_run06,adaptive,phase_change,1778426023.8692813,/big.txt,28704768,131072,sequential,1.0000,0.0000,0,1,28835840,4096,1,1,0
138,138_adaptive_phase_change_run06,adaptive,phase_change,1778426023.8705494,/big.txt,28835840,131072,sequential,1.0000,0.0000,0,1,28966912,4096,1,1,0
138,138_adaptive_phase_change_run06,adaptive,phase_change,1778426023.8718474,/big.txt,28966912,131072,sequential,1.0000,0.0000,0,1,29097984,4096,1,1,0
138,138_adaptive_phase_change_run06,adaptive,phase_change,1778426023.873133,/big.txt,29097984,131072,sequential,1.0000,0.0000,0,1,29229056,4096,1,1,0
138,138_adaptive_phase_change_run06,adaptive,phase_change,1778426023.8744054,/big.txt,29229056,131072,sequential,1.0000,0.0000,0,1,29360128,4096,1,1,0
138,138_adaptive_phase_change_run06,adaptive,phase_change,1778426023.875729,/big.txt,29360128,131072,sequential,1.0000,0.0000,0,1,29491200,4096,1,1,0
138,138_adaptive_phase_change_run06,adaptive,phase_change,1778426023.8770502,/big.txt,29491200,131072,sequential,1.0000,0.0000,0,1,29622272,4096,1,1,0
138,138_adaptive_phase_change_run06,adaptive,phase_change,1778426023.8783262,/big.txt,29622272,131072,sequential,1.0000,0.0000,0,1,29753344,4096,1,1,0
138,138_adaptive_phase_change_run06,adaptive,phase_change,1778426023.8796682,/big.txt,29753344,131072,sequential,1.0000,0.0000,0,1,29884416,4096,1,1,0
138,138_adaptive_phase_change_run06,adaptive,phase_change,1778426023.8809583,/big.txt,29884416,131072,sequential,1.0000,0.0000,0,1,30015488,4096,1,1,0
138,138_adaptive_phase_change_run06,adaptive,phase_change,1778426023.8822289,/big.txt,30015488,131072,sequential,1.0000,0.0000,0,1,30146560,4096,1,1,0
138,138_adaptive_phase_change_run06,adaptive,phase_change,1778426023.883543,/big.txt,30146560,131072,sequential,1.0000,0.0000,0,1,30277632,4096,1,1,0
138,138_adaptive_phase_change_run06,adaptive,phase_change,1778426023.8848252,/big.txt,30277632,131072,sequential,1.0000,0.0000,0,1,30408704,4096,1,1,0
138,138_adaptive_phase_change_run06,adaptive,phase_change,1778426023.8860972,/big.txt,30408704,131072,sequential,1.0000,0.0000,0,1,30539776,4096,1,1,0
138,138_adaptive_phase_change_run06,adaptive,phase_change,1778426023.8874247,/big.txt,30539776,131072,sequential,1.0000,0.0000,0,1,30670848,4096,1,1,0
138,138_adaptive_phase_change_run06,adaptive,phase_change,1778426023.888693,/big.txt,30670848,131072,sequential,1.0000,0.0000,0,1,30801920,4096,1,1,0
138,138_adaptive_phase_change_run06,adaptive,phase_change,1778426023.8899624,/big.txt,30801920,131072,sequential,1.0000,0.0000,0,1,30932992,4096,1,1,0
138,138_adaptive_phase_change_run06,adaptive,phase_change,1778426023.8912754,/big.txt,30932992,131072,sequential,1.0000,0.0000,0,1,31064064,4096,1,1,0
138,138_adaptive_phase_change_run06,adaptive,phase_change,1778426023.8925555,/big.txt,31064064,131072,sequential,1.0000,0.0000,0,1,31195136,4096,1,1,0
138,138_adaptive_phase_change_run06,adaptive,phase_change,1778426023.8938255,/big.txt,31195136,131072,sequential,1.0000,0.0000,0,1,31326208,4096,1,1,0
138,138_adaptive_phase_change_run06,adaptive,phase_change,1778426023.8951392,/big.txt,31326208,131072,sequential,1.0000,0.0000,0,1,31457280,4096,1,1,0
138,138_adaptive_phase_change_run06,adaptive,phase_change,1778426023.8964255,/big.txt,31457280,131072,sequential,1.0000,0.0000,0,1,31588352,4096,1,1,0
138,138_adaptive_phase_change_run06,adaptive,phase_change,1778426023.8976862,/big.txt,31588352,131072,sequential,1.0000,0.0000,0,1,31719424,4096,1,1,0
138,138_adaptive_phase_change_run06,adaptive,phase_change,1778426023.8990185,/big.txt,31719424,131072,sequential,1.0000,0.0000,0,1,31850496,4096,1,1,0
138,138_adaptive_phase_change_run06,adaptive,phase_change,1778426023.9003036,/big.txt,31850496,131072,sequential,1.0000,0.0000,0,1,31981568,4096,1,1,0
138,138_adaptive_phase_change_run06,adaptive,phase_change,1778426023.901595,/big.txt,31981568,131072,sequential,1.0000,0.0000,0,1,32112640,4096,1,1,0
138,138_adaptive_phase_change_run06,adaptive,phase_change,1778426023.902986,/big.txt,32112640,131072,sequential,1.0000,0.0000,0,1,32243712,4096,1,1,0
138,138_adaptive_phase_change_run06,adaptive,phase_change,1778426023.9042685,/big.txt,32243712,131072,sequential,1.0000,0.0000,0,1,32374784,4096,1,1,0
138,138_adaptive_phase_change_run06,adaptive,phase_change,1778426023.9055386,/big.txt,32374784,131072,sequential,1.0000,0.0000,0,1,32505856,4096,1,1,0
138,138_adaptive_phase_change_run06,adaptive,phase_change,1778426023.9068582,/big.txt,32505856,131072,sequential,1.0000,0.0000,0,1,32636928,4096,1,1,0
138,138_adaptive_phase_change_run06,adaptive,phase_change,1778426023.9081378,/big.txt,32636928,131072,sequential,1.0000,0.0000,0,1,32768000,4096,1,1,0
138,138_adaptive_phase_change_run06,adaptive,phase_change,1778426023.9094036,/big.txt,32768000,131072,sequential,1.0000,0.0000,0,1,32899072,4096,1,1,0
138,138_adaptive_phase_change_run06,adaptive,phase_change,1778426023.910671,/big.txt,32899072,131072,sequential,1.0000,0.0000,0,1,33030144,4096,1,1,0
138,138_adaptive_phase_change_run06,adaptive,phase_change,1778426023.9119883,/big.txt,33030144,131072,sequential,1.0000,0.0000,0,1,33161216,4096,1,1,0
138,138_adaptive_phase_change_run06,adaptive,phase_change,1778426023.9132683,/big.txt,33161216,131072,sequential,1.0000,0.0000,0,1,33292288,4096,1,1,0
138,138_adaptive_phase_change_run06,adaptive,phase_change,1778426023.91455,/big.txt,33292288,131072,sequential,1.0000,0.0000,0,1,33423360,4096,1,1,0
138,138_adaptive_phase_change_run06,adaptive,phase_change,1778426023.9158244,/big.txt,33423360,131072,sequential,1.0000,0.0000,0,1,33554432,4096,1,1,0
138,138_adaptive_phase_change_run06,adaptive,phase_change,1778426023.9171078,/big.txt,33554432,131072,sequential,1.0000,0.0000,0,1,33685504,4096,1,1,0
138,138_adaptive_phase_change_run06,adaptive,phase_change,1778426023.9183722,/big.txt,33685504,131072,sequential,1.0000,0.0000,0,1,33816576,4096,1,1,0
138,138_adaptive_phase_change_run06,adaptive,phase_change,1778426023.9197457,/big.txt,33816576,131072,sequential,1.0000,0.0000,0,1,33947648,4096,1,1,0
138,138_adaptive_phase_change_run06,adaptive,phase_change,1778426023.921063,/big.txt,33947648,131072,sequential,1.0000,0.0000,0,1,34078720,4096,1,1,0
138,138_adaptive_phase_change_run06,adaptive,phase_change,1778426023.92234,/big.txt,34078720,131072,sequential,1.0000,0.0000,0,1,34209792,4096,1,1,0
138,138_adaptive_phase_change_run06,adaptive,phase_change,1778426023.9236617,/big.txt,34209792,131072,sequential,1.0000,0.0000,0,1,34340864,4096,1,1,0
138,138_adaptive_phase_change_run06,adaptive,phase_change,1778426023.9250028,/big.txt,34340864,131072,sequential,1.0000,0.0000,0,1,34471936,4096,1,1,0
138,138_adaptive_phase_change_run06,adaptive,phase_change,1778426023.926285,/big.txt,34471936,131072,sequential,1.0000,0.0000,0,1,34603008,4096,1,1,0
138,138_adaptive_phase_change_run06,adaptive,phase_change,1778426023.9276004,/big.txt,34603008,131072,sequential,1.0000,0.0000,0,1,34734080,4096,1,1,0
138,138_adaptive_phase_change_run06,adaptive,phase_change,1778426023.9288838,/big.txt,34734080,131072,sequential,1.0000,0.0000,0,1,34865152,4096,1,1,0
138,138_adaptive_phase_change_run06,adaptive,phase_change,1778426023.9301689,/big.txt,34865152,131072,sequential,1.0000,0.0000,0,1,34996224,4096,1,1,0
138,138_adaptive_phase_change_run06,adaptive,phase_change,1778426023.9315133,/big.txt,34996224,131072,sequential,1.0000,0.0000,0,1,35127296,4096,1,1,0
138,138_adaptive_phase_change_run06,adaptive,phase_change,1778426023.932801,/big.txt,35127296,131072,sequential,1.0000,0.0000,0,1,35258368,4096,1,1,0
138,138_adaptive_phase_change_run06,adaptive,phase_change,1778426023.9340737,/big.txt,35258368,131072,sequential,1.0000,0.0000,0,1,35389440,4096,1,1,0
138,138_adaptive_phase_change_run06,adaptive,phase_change,1778426023.9354064,/big.txt,35389440,131072,sequential,1.0000,0.0000,0,1,35520512,4096,1,1,0
138,138_adaptive_phase_change_run06,adaptive,phase_change,1778426023.936673,/big.txt,35520512,131072,sequential,1.0000,0.0000,0,1,35651584,4096,1,1,0
138,138_adaptive_phase_change_run06,adaptive,phase_change,1778426023.9379554,/big.txt,35651584,131072,sequential,1.0000,0.0000,0,1,35782656,4096,1,1,0
138,138_adaptive_phase_change_run06,adaptive,phase_change,1778426023.9393873,/big.txt,35782656,131072,sequential,1.0000,0.0000,0,1,35913728,4096,1,1,0
138,138_adaptive_phase_change_run06,adaptive,phase_change,1778426023.9406648,/big.txt,35913728,131072,sequential,1.0000,0.0000,0,1,36044800,4096,1,1,0
138,138_adaptive_phase_change_run06,adaptive,phase_change,1778426023.94194,/big.txt,36044800,131072,sequential,1.0000,0.0000,0,1,36175872,4096,1,1,0
138,138_adaptive_phase_change_run06,adaptive,phase_change,1778426023.9432387,/big.txt,36175872,131072,sequential,1.0000,0.0000,0,1,36306944,4096,1,1,0
138,138_adaptive_phase_change_run06,adaptive,phase_change,1778426023.9445138,/big.txt,36306944,131072,sequential,1.0000,0.0000,0,1,36438016,4096,1,1,0
138,138_adaptive_phase_change_run06,adaptive,phase_change,1778426023.9457939,/big.txt,36438016,131072,sequential,1.0000,0.0000,0,1,36569088,4096,1,1,0
138,138_adaptive_phase_change_run06,adaptive,phase_change,1778426023.9470983,/big.txt,36569088,131072,sequential,1.0000,0.0000,0,1,36700160,4096,1,1,0
138,138_adaptive_phase_change_run06,adaptive,phase_change,1778426023.9483879,/big.txt,36700160,131072,sequential,1.0000,0.0000,0,1,36831232,4096,1,1,0
138,138_adaptive_phase_change_run06,adaptive,phase_change,1778426023.9496632,/big.txt,36831232,131072,sequential,1.0000,0.0000,0,1,36962304,4096,1,1,0
138,138_adaptive_phase_change_run06,adaptive,phase_change,1778426023.9510477,/big.txt,36962304,131072,sequential,1.0000,0.0000,0,1,37093376,4096,1,1,0
138,138_adaptive_phase_change_run06,adaptive,phase_change,1778426023.9535644,/big.txt,37093376,131072,sequential,1.0000,0.0000,0,1,37224448,4096,1,1,0
138,138_adaptive_phase_change_run06,adaptive,phase_change,1778426023.956101,/big.txt,37224448,131072,sequential,1.0000,0.0000,0,1,37355520,4096,1,1,0
138,138_adaptive_phase_change_run06,adaptive,phase_change,1778426023.9585834,/big.txt,37355520,131072,sequential,1.0000,0.0000,0,1,37486592,4096,1,1,0
138,138_adaptive_phase_change_run06,adaptive,phase_change,1778426023.961118,/big.txt,37486592,131072,sequential,1.0000,0.0000,0,1,37617664,4096,1,1,0
138,138_adaptive_phase_change_run06,adaptive,phase_change,1778426023.96314,/big.txt,37617664,131072,sequential,1.0000,0.0000,0,1,37748736,4096,1,1,0
138,138_adaptive_phase_change_run06,adaptive,phase_change,1778426023.9644117,/big.txt,37748736,131072,sequential,1.0000,0.0000,0,1,37879808,4096,1,1,0
138,138_adaptive_phase_change_run06,adaptive,phase_change,1778426023.9656909,/big.txt,37879808,131072,sequential,1.0000,0.0000,0,1,38010880,4096,1,1,0
138,138_adaptive_phase_change_run06,adaptive,phase_change,1778426023.9670072,/big.txt,38010880,131072,sequential,1.0000,0.0000,0,1,38141952,4096,1,1,0
138,138_adaptive_phase_change_run06,adaptive,phase_change,1778426023.9682894,/big.txt,38141952,131072,sequential,1.0000,0.0000,0,1,38273024,4096,1,1,0
138,138_adaptive_phase_change_run06,adaptive,phase_change,1778426023.9695632,/big.txt,38273024,131072,sequential,1.0000,0.0000,0,1,38404096,4096,1,1,0
138,138_adaptive_phase_change_run06,adaptive,phase_change,1778426023.970875,/big.txt,38404096,131072,sequential,1.0000,0.0000,0,1,38535168,4096,1,1,0
138,138_adaptive_phase_change_run06,adaptive,phase_change,1778426023.9721391,/big.txt,38535168,131072,sequential,1.0000,0.0000,0,1,38666240,4096,1,1,0
138,138_adaptive_phase_change_run06,adaptive,phase_change,1778426023.973415,/big.txt,38666240,131072,sequential,1.0000,0.0000,0,1,38797312,4096,1,1,0
138,138_adaptive_phase_change_run06,adaptive,phase_change,1778426023.974686,/big.txt,38797312,131072,sequential,1.0000,0.0000,0,1,38928384,4096,1,1,0
138,138_adaptive_phase_change_run06,adaptive,phase_change,1778426023.9760103,/big.txt,38928384,131072,sequential,1.0000,0.0000,0,1,39059456,4096,1,1,0
138,138_adaptive_phase_change_run06,adaptive,phase_change,1778426023.97728,/big.txt,39059456,131072,sequential,1.0000,0.0000,0,1,39190528,4096,1,1,0
138,138_adaptive_phase_change_run06,adaptive,phase_change,1778426023.9785526,/big.txt,39190528,131072,sequential,1.0000,0.0000,0,1,39321600,4096,1,1,0
138,138_adaptive_phase_change_run06,adaptive,phase_change,1778426023.9798436,/big.txt,39321600,131072,sequential,1.0000,0.0000,0,1,39452672,4096,1,1,0
138,138_adaptive_phase_change_run06,adaptive,phase_change,1778426023.9811292,/big.txt,39452672,131072,sequential,1.0000,0.0000,0,1,39583744,4096,1,1,0
138,138_adaptive_phase_change_run06,adaptive,phase_change,1778426023.9824069,/big.txt,39583744,131072,sequential,1.0000,0.0000,0,1,39714816,4096,1,1,0
138,138_adaptive_phase_change_run06,adaptive,phase_change,1778426023.9837275,/big.txt,39714816,131072,sequential,1.0000,0.0000,0,1,39845888,4096,1,1,0
138,138_adaptive_phase_change_run06,adaptive,phase_change,1778426023.985013,/big.txt,39845888,131072,sequential,1.0000,0.0000,0,1,39976960,4096,1,1,0
138,138_adaptive_phase_change_run06,adaptive,phase_change,1778426023.9862978,/big.txt,39976960,131072,sequential,1.0000,0.0000,0,1,40108032,4096,1,1,0
138,138_adaptive_phase_change_run06,adaptive,phase_change,1778426023.9876156,/big.txt,40108032,131072,sequential,1.0000,0.0000,0,1,40239104,4096,1,1,0
138,138_adaptive_phase_change_run06,adaptive,phase_change,1778426023.988899,/big.txt,40239104,131072,sequential,1.0000,0.0000,0,1,40370176,4096,1,1,0
138,138_adaptive_phase_change_run06,adaptive,phase_change,1778426023.9901798,/big.txt,40370176,131072,sequential,1.0000,0.0000,0,1,40501248,4096,1,1,0
138,138_adaptive_phase_change_run06,adaptive,phase_change,1778426023.9914944,/big.txt,40501248,131072,sequential,1.0000,0.0000,0,1,40632320,4096,1,1,0
138,138_adaptive_phase_change_run06,adaptive,phase_change,1778426023.9927897,/big.txt,40632320,131072,sequential,1.0000,0.0000,0,1,40763392,4096,1,1,0
138,138_adaptive_phase_change_run06,adaptive,phase_change,1778426023.9940665,/big.txt,40763392,131072,sequential,1.0000,0.0000,0,1,40894464,4096,1,1,0
138,138_adaptive_phase_change_run06,adaptive,phase_change,1778426023.9953785,/big.txt,40894464,131072,sequential,1.0000,0.0000,0,1,41025536,4096,1,1,0
138,138_adaptive_phase_change_run06,adaptive,phase_change,1778426023.9966588,/big.txt,41025536,131072,sequential,1.0000,0.0000,0,1,41156608,4096,1,1,0
138,138_adaptive_phase_change_run06,adaptive,phase_change,1778426023.9979346,/big.txt,41156608,131072,sequential,1.0000,0.0000,0,1,41287680,4096,1,1,0
138,138_adaptive_phase_change_run06,adaptive,phase_change,1778426023.9992437,/big.txt,41287680,131072,sequential,1.0000,0.0000,0,1,41418752,4096,1,1,0
138,138_adaptive_phase_change_run06,adaptive,phase_change,1778426024.0005252,/big.txt,41418752,131072,sequential,1.0000,0.0000,0,1,41549824,4096,1,1,0
138,138_adaptive_phase_change_run06,adaptive,phase_change,1778426024.001813,/big.txt,41549824,131072,sequential,1.0000,0.0000,0,1,41680896,4096,1,1,0
138,138_adaptive_phase_change_run06,adaptive,phase_change,1778426024.0031276,/big.txt,41680896,131072,sequential,1.0000,0.0000,0,1,41811968,4096,1,1,0
138,138_adaptive_phase_change_run06,adaptive,phase_change,1778426024.004409,/big.txt,41811968,131072,sequential,1.0000,0.0000,0,1,41943040,4096,1,1,0
138,138_adaptive_phase_change_run06,adaptive,phase_change,1778426024.0056791,/big.txt,41943040,131072,sequential,1.0000,0.0000,0,1,42074112,4096,1,1,0
138,138_adaptive_phase_change_run06,adaptive,phase_change,1778426024.0071173,/big.txt,42074112,131072,sequential,1.0000,0.0000,0,1,42205184,4096,1,1,0
138,138_adaptive_phase_change_run06,adaptive,phase_change,1778426024.0083973,/big.txt,42205184,131072,sequential,1.0000,0.0000,0,1,42336256,4096,1,1,0
138,138_adaptive_phase_change_run06,adaptive,phase_change,1778426024.0096798,/big.txt,42336256,131072,sequential,1.0000,0.0000,0,1,42467328,4096,1,1,0
138,138_adaptive_phase_change_run06,adaptive,phase_change,1778426024.0109825,/big.txt,42467328,131072,sequential,1.0000,0.0000,0,1,42598400,4096,1,1,0
138,138_adaptive_phase_change_run06,adaptive,phase_change,1778426024.0122566,/big.txt,42598400,131072,sequential,1.0000,0.0000,0,1,42729472,4096,1,1,0
138,138_adaptive_phase_change_run06,adaptive,phase_change,1778426024.0135303,/big.txt,42729472,131072,sequential,1.0000,0.0000,0,1,42860544,4096,1,1,0
138,138_adaptive_phase_change_run06,adaptive,phase_change,1778426024.0148313,/big.txt,42860544,131072,sequential,1.0000,0.0000,0,1,42991616,4096,1,1,0
138,138_adaptive_phase_change_run06,adaptive,phase_change,1778426024.0161216,/big.txt,42991616,131072,sequential,1.0000,0.0000,0,1,43122688,4096,1,1,0
138,138_adaptive_phase_change_run06,adaptive,phase_change,1778426024.0173993,/big.txt,43122688,131072,sequential,1.0000,0.0000,0,1,43253760,4096,1,1,0
138,138_adaptive_phase_change_run06,adaptive,phase_change,1778426024.0186706,/big.txt,43253760,131072,sequential,1.0000,0.0000,0,1,43384832,4096,1,1,0
138,138_adaptive_phase_change_run06,adaptive,phase_change,1778426024.0199804,/big.txt,43384832,131072,sequential,1.0000,0.0000,0,1,43515904,4096,1,1,0
138,138_adaptive_phase_change_run06,adaptive,phase_change,1778426024.02126,/big.txt,43515904,131072,sequential,1.0000,0.0000,0,1,43646976,4096,1,1,0
138,138_adaptive_phase_change_run06,adaptive,phase_change,1778426024.0225196,/big.txt,43646976,131072,sequential,1.0000,0.0000,0,1,43778048,4096,1,1,0
138,138_adaptive_phase_change_run06,adaptive,phase_change,1778426024.0238268,/big.txt,43778048,131072,sequential,1.0000,0.0000,0,1,43909120,4096,1,1,0
138,138_adaptive_phase_change_run06,adaptive,phase_change,1778426024.025106,/big.txt,43909120,131072,sequential,1.0000,0.0000,0,1,44040192,4096,1,1,0
138,138_adaptive_phase_change_run06,adaptive,phase_change,1778426024.0263708,/big.txt,44040192,131072,sequential,1.0000,0.0000,0,1,44171264,4096,1,1,0
138,138_adaptive_phase_change_run06,adaptive,phase_change,1778426024.027699,/big.txt,44171264,131072,sequential,1.0000,0.0000,0,1,44302336,4096,1,1,0
138,138_adaptive_phase_change_run06,adaptive,phase_change,1778426024.029043,/big.txt,44302336,131072,sequential,1.0000,0.0000,0,1,44433408,4096,1,1,0
138,138_adaptive_phase_change_run06,adaptive,phase_change,1778426024.0303159,/big.txt,44433408,131072,sequential,1.0000,0.0000,0,1,44564480,4096,1,1,0
138,138_adaptive_phase_change_run06,adaptive,phase_change,1778426024.0316327,/big.txt,44564480,131072,sequential,1.0000,0.0000,0,1,44695552,4096,1,1,0
138,138_adaptive_phase_change_run06,adaptive,phase_change,1778426024.0329208,/big.txt,44695552,131072,sequential,1.0000,0.0000,0,1,44826624,4096,1,1,0
138,138_adaptive_phase_change_run06,adaptive,phase_change,1778426024.034211,/big.txt,44826624,131072,sequential,1.0000,0.0000,0,1,44957696,4096,1,1,0
138,138_adaptive_phase_change_run06,adaptive,phase_change,1778426024.0355444,/big.txt,44957696,131072,sequential,1.0000,0.0000,0,1,45088768,4096,1,1,0
138,138_adaptive_phase_change_run06,adaptive,phase_change,1778426024.0368152,/big.txt,45088768,131072,sequential,1.0000,0.0000,0,1,45219840,4096,1,1,0
138,138_adaptive_phase_change_run06,adaptive,phase_change,1778426024.0380938,/big.txt,45219840,131072,sequential,1.0000,0.0000,0,1,45350912,4096,1,1,0
138,138_adaptive_phase_change_run06,adaptive,phase_change,1778426024.0394182,/big.txt,45350912,131072,sequential,1.0000,0.0000,0,1,45481984,4096,1,1,0
138,138_adaptive_phase_change_run06,adaptive,phase_change,1778426024.0406957,/big.txt,45481984,131072,sequential,1.0000,0.0000,0,1,45613056,4096,1,1,0
138,138_adaptive_phase_change_run06,adaptive,phase_change,1778426024.0419736,/big.txt,45613056,131072,sequential,1.0000,0.0000,0,1,45744128,4096,1,1,0
138,138_adaptive_phase_change_run06,adaptive,phase_change,1778426024.0434322,/big.txt,45744128,131072,sequential,1.0000,0.0000,0,1,45875200,4096,1,1,0
138,138_adaptive_phase_change_run06,adaptive,phase_change,1778426024.0447147,/big.txt,45875200,131072,sequential,1.0000,0.0000,0,1,46006272,4096,1,1,0
138,138_adaptive_phase_change_run06,adaptive,phase_change,1778426024.0459945,/big.txt,46006272,131072,sequential,1.0000,0.0000,0,1,46137344,4096,1,1,0
138,138_adaptive_phase_change_run06,adaptive,phase_change,1778426024.0472987,/big.txt,46137344,131072,sequential,1.0000,0.0000,0,1,46268416,4096,1,1,0
138,138_adaptive_phase_change_run06,adaptive,phase_change,1778426024.048573,/big.txt,46268416,131072,sequential,1.0000,0.0000,0,1,46399488,4096,1,1,0
138,138_adaptive_phase_change_run06,adaptive,phase_change,1778426024.0498452,/big.txt,46399488,131072,sequential,1.0000,0.0000,0,1,46530560,4096,1,1,0
138,138_adaptive_phase_change_run06,adaptive,phase_change,1778426024.0512,/big.txt,46530560,131072,sequential,1.0000,0.0000,0,1,46661632,4096,1,1,0
138,138_adaptive_phase_change_run06,adaptive,phase_change,1778426024.052494,/big.txt,46661632,131072,sequential,1.0000,0.0000,0,1,46792704,4096,1,1,0
138,138_adaptive_phase_change_run06,adaptive,phase_change,1778426024.053764,/big.txt,46792704,131072,sequential,1.0000,0.0000,0,1,46923776,4096,1,1,0
138,138_adaptive_phase_change_run06,adaptive,phase_change,1778426024.0550632,/big.txt,46923776,131072,sequential,1.0000,0.0000,0,1,47054848,4096,1,1,0
138,138_adaptive_phase_change_run06,adaptive,phase_change,1778426024.0563502,/big.txt,47054848,131072,sequential,1.0000,0.0000,0,1,47185920,4096,1,1,0
138,138_adaptive_phase_change_run06,adaptive,phase_change,1778426024.0576165,/big.txt,47185920,131072,sequential,1.0000,0.0000,0,1,47316992,4096,1,1,0
138,138_adaptive_phase_change_run06,adaptive,phase_change,1778426024.058954,/big.txt,47316992,131072,sequential,1.0000,0.0000,0,1,47448064,4096,1,1,0
138,138_adaptive_phase_change_run06,adaptive,phase_change,1778426024.0602388,/big.txt,47448064,131072,sequential,1.0000,0.0000,0,1,47579136,4096,1,1,0
138,138_adaptive_phase_change_run06,adaptive,phase_change,1778426024.0615253,/big.txt,47579136,131072,sequential,1.0000,0.0000,0,1,47710208,4096,1,1,0
138,138_adaptive_phase_change_run06,adaptive,phase_change,1778426024.0628257,/big.txt,47710208,131072,sequential,1.0000,0.0000,0,1,47841280,4096,1,1,0
138,138_adaptive_phase_change_run06,adaptive,phase_change,1778426024.0641208,/big.txt,47841280,131072,sequential,1.0000,0.0000,0,1,47972352,4096,1,1,0
138,138_adaptive_phase_change_run06,adaptive,phase_change,1778426024.0654006,/big.txt,47972352,131072,sequential,1.0000,0.0000,0,1,48103424,4096,1,1,0
138,138_adaptive_phase_change_run06,adaptive,phase_change,1778426024.0666668,/big.txt,48103424,131072,sequential,1.0000,0.0000,0,1,48234496,4096,1,1,0
138,138_adaptive_phase_change_run06,adaptive,phase_change,1778426024.068063,/big.txt,48234496,131072,sequential,1.0000,0.0000,0,1,48365568,4096,1,1,0
138,138_adaptive_phase_change_run06,adaptive,phase_change,1778426024.0693874,/big.txt,48365568,131072,sequential,1.0000,0.0000,0,1,48496640,4096,1,1,0
138,138_adaptive_phase_change_run06,adaptive,phase_change,1778426024.070712,/big.txt,48496640,131072,sequential,1.0000,0.0000,0,1,48627712,4096,1,1,0
138,138_adaptive_phase_change_run06,adaptive,phase_change,1778426024.0720637,/big.txt,48627712,131072,sequential,1.0000,0.0000,0,1,48758784,4096,1,1,0
138,138_adaptive_phase_change_run06,adaptive,phase_change,1778426024.0733619,/big.txt,48758784,131072,sequential,1.0000,0.0000,0,1,48889856,4096,1,1,0
138,138_adaptive_phase_change_run06,adaptive,phase_change,1778426024.0746849,/big.txt,48889856,131072,sequential,1.0000,0.0000,0,1,49020928,4096,1,1,0
138,138_adaptive_phase_change_run06,adaptive,phase_change,1778426024.0760472,/big.txt,49020928,131072,sequential,1.0000,0.0000,0,1,49152000,4096,1,1,0
138,138_adaptive_phase_change_run06,adaptive,phase_change,1778426024.0773358,/big.txt,49152000,131072,sequential,1.0000,0.0000,0,1,49283072,4096,1,1,0
138,138_adaptive_phase_change_run06,adaptive,phase_change,1778426024.0786395,/big.txt,49283072,131072,sequential,1.0000,0.0000,0,1,49414144,4096,1,1,0
138,138_adaptive_phase_change_run06,adaptive,phase_change,1778426024.0799553,/big.txt,49414144,131072,sequential,1.0000,0.0000,0,1,49545216,4096,1,1,0
138,138_adaptive_phase_change_run06,adaptive,phase_change,1778426024.0813289,/big.txt,49545216,131072,sequential,1.0000,0.0000,0,1,49676288,4096,1,1,0
138,138_adaptive_phase_change_run06,adaptive,phase_change,1778426024.0826313,/big.txt,49676288,131072,sequential,1.0000,0.0000,0,1,49807360,4096,1,1,0
138,138_adaptive_phase_change_run06,adaptive,phase_change,1778426024.0839632,/big.txt,49807360,131072,sequential,1.0000,0.0000,0,1,49938432,4096,1,1,0
138,138_adaptive_phase_change_run06,adaptive,phase_change,1778426024.0853093,/big.txt,49938432,131072,sequential,1.0000,0.0000,0,1,50069504,4096,1,1,0
138,138_adaptive_phase_change_run06,adaptive,phase_change,1778426024.0866027,/big.txt,50069504,131072,sequential,1.0000,0.0000,0,1,50200576,4096,1,1,0
138,138_adaptive_phase_change_run06,adaptive,phase_change,1778426024.0878768,/big.txt,50200576,131072,sequential,1.0000,0.0000,0,1,50331648,4096,1,1,0
138,138_adaptive_phase_change_run06,adaptive,phase_change,1778426024.0891743,/big.txt,50331648,131072,sequential,1.0000,0.0000,0,1,50462720,4096,1,1,0
138,138_adaptive_phase_change_run06,adaptive,phase_change,1778426024.0904434,/big.txt,50462720,131072,sequential,1.0000,0.0000,0,1,50593792,4096,1,1,0
138,138_adaptive_phase_change_run06,adaptive,phase_change,1778426024.0917575,/big.txt,50593792,131072,sequential,1.0000,0.0000,0,1,50724864,4096,1,1,0
138,138_adaptive_phase_change_run06,adaptive,phase_change,1778426024.093043,/big.txt,50724864,131072,sequential,1.0000,0.0000,0,1,50855936,4096,1,1,0
138,138_adaptive_phase_change_run06,adaptive,phase_change,1778426024.0943267,/big.txt,50855936,131072,sequential,1.0000,0.0000,0,1,50987008,4096,1,1,0
138,138_adaptive_phase_change_run06,adaptive,phase_change,1778426024.0956335,/big.txt,50987008,131072,sequential,1.0000,0.0000,0,1,51118080,4096,1,1,0
138,138_adaptive_phase_change_run06,adaptive,phase_change,1778426024.0969214,/big.txt,51118080,131072,sequential,1.0000,0.0000,0,1,51249152,4096,1,1,0
138,138_adaptive_phase_change_run06,adaptive,phase_change,1778426024.0982032,/big.txt,51249152,131072,sequential,1.0000,0.0000,0,1,51380224,4096,1,1,0
138,138_adaptive_phase_change_run06,adaptive,phase_change,1778426024.0995307,/big.txt,51380224,131072,sequential,1.0000,0.0000,0,1,51511296,4096,1,1,0
138,138_adaptive_phase_change_run06,adaptive,phase_change,1778426024.100815,/big.txt,51511296,131072,sequential,1.0000,0.0000,0,1,51642368,4096,1,1,0
138,138_adaptive_phase_change_run06,adaptive,phase_change,1778426024.1021051,/big.txt,51642368,131072,sequential,1.0000,0.0000,0,1,51773440,4096,1,1,0
138,138_adaptive_phase_change_run06,adaptive,phase_change,1778426024.1034207,/big.txt,51773440,131072,sequential,1.0000,0.0000,0,1,51904512,4096,1,1,0
138,138_adaptive_phase_change_run06,adaptive,phase_change,1778426024.1047075,/big.txt,51904512,131072,sequential,1.0000,0.0000,0,1,52035584,4096,1,1,0
138,138_adaptive_phase_change_run06,adaptive,phase_change,1778426024.1059763,/big.txt,52035584,131072,sequential,1.0000,0.0000,0,1,52166656,4096,1,1,0
138,138_adaptive_phase_change_run06,adaptive,phase_change,1778426024.1074154,/big.txt,52166656,131072,sequential,1.0000,0.0000,0,1,52297728,4096,1,1,0
138,138_adaptive_phase_change_run06,adaptive,phase_change,1778426024.1086946,/big.txt,52297728,131072,sequential,1.0000,0.0000,0,1,52428800,4096,1,1,0
138,138_adaptive_phase_change_run06,adaptive,phase_change,1778426024.109979,/big.txt,52428800,131072,sequential,1.0000,0.0000,0,1,52559872,4096,1,1,0
138,138_adaptive_phase_change_run06,adaptive,phase_change,1778426024.1112788,/big.txt,52559872,131072,sequential,1.0000,0.0000,0,1,52690944,4096,1,1,0
138,138_adaptive_phase_change_run06,adaptive,phase_change,1778426024.1125677,/big.txt,52690944,131072,sequential,1.0000,0.0000,0,1,52822016,4096,1,1,0
138,138_adaptive_phase_change_run06,adaptive,phase_change,1778426024.113848,/big.txt,52822016,131072,sequential,1.0000,0.0000,0,1,52953088,4096,1,1,0
138,138_adaptive_phase_change_run06,adaptive,phase_change,1778426024.1159258,/big.txt,52953088,131072,sequential,1.0000,0.0000,0,1,53084160,4096,1,1,0
138,138_adaptive_phase_change_run06,adaptive,phase_change,1778426024.1184278,/big.txt,53084160,131072,sequential,1.0000,0.0000,0,1,53215232,4096,1,1,0
138,138_adaptive_phase_change_run06,adaptive,phase_change,1778426024.1209774,/big.txt,53215232,131072,sequential,1.0000,0.0000,0,1,53346304,4096,1,1,0
138,138_adaptive_phase_change_run06,adaptive,phase_change,1778426024.1235154,/big.txt,53346304,131072,sequential,1.0000,0.0000,0,1,53477376,4096,1,1,0
138,138_adaptive_phase_change_run06,adaptive,phase_change,1778426024.126015,/big.txt,53477376,131072,sequential,1.0000,0.0000,0,1,53608448,4096,1,1,0
138,138_adaptive_phase_change_run06,adaptive,phase_change,1778426024.1273386,/big.txt,53608448,131072,sequential,1.0000,0.0000,0,1,53739520,4096,1,1,0
138,138_adaptive_phase_change_run06,adaptive,phase_change,1778426024.1286314,/big.txt,53739520,131072,sequential,1.0000,0.0000,0,1,53870592,4096,1,1,0
138,138_adaptive_phase_change_run06,adaptive,phase_change,1778426024.129903,/big.txt,53870592,131072,sequential,1.0000,0.0000,0,1,54001664,4096,1,1,0
138,138_adaptive_phase_change_run06,adaptive,phase_change,1778426024.13124,/big.txt,54001664,131072,sequential,1.0000,0.0000,0,1,54132736,4096,1,1,0
138,138_adaptive_phase_change_run06,adaptive,phase_change,1778426024.132525,/big.txt,54132736,131072,sequential,1.0000,0.0000,0,1,54263808,4096,1,1,0
138,138_adaptive_phase_change_run06,adaptive,phase_change,1778426024.1338055,/big.txt,54263808,131072,sequential,1.0000,0.0000,0,1,54394880,4096,1,1,0
138,138_adaptive_phase_change_run06,adaptive,phase_change,1778426024.1351113,/big.txt,54394880,131072,sequential,1.0000,0.0000,0,1,54525952,4096,1,1,0
138,138_adaptive_phase_change_run06,adaptive,phase_change,1778426024.1364014,/big.txt,54525952,131072,sequential,1.0000,0.0000,0,1,54657024,4096,1,1,0
138,138_adaptive_phase_change_run06,adaptive,phase_change,1778426024.1376822,/big.txt,54657024,131072,sequential,1.0000,0.0000,0,1,54788096,4096,1,1,0
138,138_adaptive_phase_change_run06,adaptive,phase_change,1778426024.1390617,/big.txt,54788096,131072,sequential,1.0000,0.0000,0,1,54919168,4096,1,1,0
138,138_adaptive_phase_change_run06,adaptive,phase_change,1778426024.14035,/big.txt,54919168,131072,sequential,1.0000,0.0000,0,1,55050240,4096,1,1,0
138,138_adaptive_phase_change_run06,adaptive,phase_change,1778426024.1416285,/big.txt,55050240,131072,sequential,1.0000,0.0000,0,1,55181312,4096,1,1,0
138,138_adaptive_phase_change_run06,adaptive,phase_change,1778426024.142939,/big.txt,55181312,131072,sequential,1.0000,0.0000,0,1,55312384,4096,1,1,0
138,138_adaptive_phase_change_run06,adaptive,phase_change,1778426024.144208,/big.txt,55312384,131072,sequential,1.0000,0.0000,0,1,55443456,4096,1,1,0
138,138_adaptive_phase_change_run06,adaptive,phase_change,1778426024.1455014,/big.txt,55443456,131072,sequential,1.0000,0.0000,0,1,55574528,4096,1,1,0
138,138_adaptive_phase_change_run06,adaptive,phase_change,1778426024.1469,/big.txt,55574528,131072,sequential,1.0000,0.0000,0,1,55705600,4096,1,1,0
138,138_adaptive_phase_change_run06,adaptive,phase_change,1778426024.148183,/big.txt,55705600,131072,sequential,1.0000,0.0000,0,1,55836672,4096,1,1,0
138,138_adaptive_phase_change_run06,adaptive,phase_change,1778426024.1494634,/big.txt,55836672,131072,sequential,1.0000,0.0000,0,1,55967744,4096,1,1,0
138,138_adaptive_phase_change_run06,adaptive,phase_change,1778426024.1507215,/big.txt,55967744,131072,sequential,1.0000,0.0000,0,1,56098816,4096,1,1,0
138,138_adaptive_phase_change_run06,adaptive,phase_change,1778426024.1520634,/big.txt,56098816,131072,sequential,1.0000,0.0000,0,1,56229888,4096,1,1,0
138,138_adaptive_phase_change_run06,adaptive,phase_change,1778426024.1533697,/big.txt,56229888,131072,sequential,1.0000,0.0000,0,1,56360960,4096,1,1,0
138,138_adaptive_phase_change_run06,adaptive,phase_change,1778426024.1546574,/big.txt,56360960,131072,sequential,1.0000,0.0000,0,1,56492032,4096,1,1,0
138,138_adaptive_phase_change_run06,adaptive,phase_change,1778426024.1559722,/big.txt,56492032,131072,sequential,1.0000,0.0000,0,1,56623104,4096,1,1,0
138,138_adaptive_phase_change_run06,adaptive,phase_change,1778426024.15726,/big.txt,56623104,131072,sequential,1.0000,0.0000,0,1,56754176,4096,1,1,0
138,138_adaptive_phase_change_run06,adaptive,phase_change,1778426024.1585402,/big.txt,56754176,131072,sequential,1.0000,0.0000,0,1,56885248,4096,1,1,0
138,138_adaptive_phase_change_run06,adaptive,phase_change,1778426024.1598248,/big.txt,56885248,131072,sequential,1.0000,0.0000,0,1,57016320,4096,1,1,0
138,138_adaptive_phase_change_run06,adaptive,phase_change,1778426024.1611109,/big.txt,57016320,131072,sequential,1.0000,0.0000,0,1,57147392,4096,1,1,0
138,138_adaptive_phase_change_run06,adaptive,phase_change,1778426024.162394,/big.txt,57147392,131072,sequential,1.0000,0.0000,0,1,57278464,4096,1,1,0
138,138_adaptive_phase_change_run06,adaptive,phase_change,1778426024.1637475,/big.txt,57278464,131072,sequential,1.0000,0.0000,0,1,57409536,4096,1,1,0
138,138_adaptive_phase_change_run06,adaptive,phase_change,1778426024.1650944,/big.txt,57409536,131072,sequential,1.0000,0.0000,0,1,57540608,4096,1,1,0
138,138_adaptive_phase_change_run06,adaptive,phase_change,1778426024.1663716,/big.txt,57540608,131072,sequential,1.0000,0.0000,0,1,57671680,4096,1,1,0
138,138_adaptive_phase_change_run06,adaptive,phase_change,1778426024.1677234,/big.txt,57671680,131072,sequential,1.0000,0.0000,0,1,57802752,4096,1,1,0
138,138_adaptive_phase_change_run06,adaptive,phase_change,1778426024.169061,/big.txt,57802752,131072,sequential,1.0000,0.0000,0,1,57933824,4096,1,1,0
138,138_adaptive_phase_change_run06,adaptive,phase_change,1778426024.170349,/big.txt,57933824,131072,sequential,1.0000,0.0000,0,1,58064896,4096,1,1,0
138,138_adaptive_phase_change_run06,adaptive,phase_change,1778426024.1717088,/big.txt,58064896,131072,sequential,1.0000,0.0000,0,1,58195968,4096,1,1,0
138,138_adaptive_phase_change_run06,adaptive,phase_change,1778426024.1730292,/big.txt,58195968,131072,sequential,1.0000,0.0000,0,1,58327040,4096,1,1,0
138,138_adaptive_phase_change_run06,adaptive,phase_change,1778426024.1743138,/big.txt,58327040,131072,sequential,1.0000,0.0000,0,1,58458112,4096,1,1,0
138,138_adaptive_phase_change_run06,adaptive,phase_change,1778426024.1756568,/big.txt,58458112,131072,sequential,1.0000,0.0000,0,1,58589184,4096,1,1,0
138,138_adaptive_phase_change_run06,adaptive,phase_change,1778426024.1769457,/big.txt,58589184,131072,sequential,1.0000,0.0000,0,1,58720256,4096,1,1,0
138,138_adaptive_phase_change_run06,adaptive,phase_change,1778426024.1782227,/big.txt,58720256,131072,sequential,1.0000,0.0000,0,1,58851328,4096,1,1,0
138,138_adaptive_phase_change_run06,adaptive,phase_change,1778426024.1795313,/big.txt,58851328,131072,sequential,1.0000,0.0000,0,1,58982400,4096,1,1,0
138,138_adaptive_phase_change_run06,adaptive,phase_change,1778426024.1808171,/big.txt,58982400,131072,sequential,1.0000,0.0000,0,1,59113472,4096,1,1,0
138,138_adaptive_phase_change_run06,adaptive,phase_change,1778426024.1821,/big.txt,59113472,131072,sequential,1.0000,0.0000,0,1,59244544,4096,1,1,0
138,138_adaptive_phase_change_run06,adaptive,phase_change,1778426024.183414,/big.txt,59244544,131072,sequential,1.0000,0.0000,0,1,59375616,4096,1,1,0
138,138_adaptive_phase_change_run06,adaptive,phase_change,1778426024.184695,/big.txt,59375616,131072,sequential,1.0000,0.0000,0,1,59506688,4096,1,1,0
138,138_adaptive_phase_change_run06,adaptive,phase_change,1778426024.1859791,/big.txt,59506688,131072,sequential,1.0000,0.0000,0,1,59637760,4096,1,1,0
138,138_adaptive_phase_change_run06,adaptive,phase_change,1778426024.1873906,/big.txt,59637760,131072,sequential,1.0000,0.0000,0,1,59768832,4096,1,1,0
138,138_adaptive_phase_change_run06,adaptive,phase_change,1778426024.1886775,/big.txt,59768832,131072,sequential,1.0000,0.0000,0,1,59899904,4096,1,1,0
138,138_adaptive_phase_change_run06,adaptive,phase_change,1778426024.1899586,/big.txt,59899904,131072,sequential,1.0000,0.0000,0,1,60030976,4096,1,1,0
138,138_adaptive_phase_change_run06,adaptive,phase_change,1778426024.1912656,/big.txt,60030976,131072,sequential,1.0000,0.0000,0,1,60162048,4096,1,1,0
138,138_adaptive_phase_change_run06,adaptive,phase_change,1778426024.1925545,/big.txt,60162048,131072,sequential,1.0000,0.0000,0,1,60293120,4096,1,1,0
138,138_adaptive_phase_change_run06,adaptive,phase_change,1778426024.1938303,/big.txt,60293120,131072,sequential,1.0000,0.0000,0,1,60424192,4096,1,1,0
138,138_adaptive_phase_change_run06,adaptive,phase_change,1778426024.1952248,/big.txt,60424192,131072,sequential,1.0000,0.0000,0,1,60555264,4096,1,1,0
138,138_adaptive_phase_change_run06,adaptive,phase_change,1778426024.1965003,/big.txt,60555264,131072,sequential,1.0000,0.0000,0,1,60686336,4096,1,1,0
138,138_adaptive_phase_change_run06,adaptive,phase_change,1778426024.1977837,/big.txt,60686336,131072,sequential,1.0000,0.0000,0,1,60817408,4096,1,1,0
138,138_adaptive_phase_change_run06,adaptive,phase_change,1778426024.1990967,/big.txt,60817408,131072,sequential,1.0000,0.0000,0,1,60948480,4096,1,1,0
138,138_adaptive_phase_change_run06,adaptive,phase_change,1778426024.200383,/big.txt,60948480,131072,sequential,1.0000,0.0000,0,1,61079552,4096,1,1,0
138,138_adaptive_phase_change_run06,adaptive,phase_change,1778426024.201659,/big.txt,61079552,131072,sequential,1.0000,0.0000,0,1,61210624,4096,1,1,0
138,138_adaptive_phase_change_run06,adaptive,phase_change,1778426024.2029743,/big.txt,61210624,131072,sequential,1.0000,0.0000,0,1,61341696,4096,1,1,0
138,138_adaptive_phase_change_run06,adaptive,phase_change,1778426024.2042487,/big.txt,61341696,131072,sequential,1.0000,0.0000,0,1,61472768,4096,1,1,0
138,138_adaptive_phase_change_run06,adaptive,phase_change,1778426024.205528,/big.txt,61472768,131072,sequential,1.0000,0.0000,0,1,61603840,4096,1,1,0
138,138_adaptive_phase_change_run06,adaptive,phase_change,1778426024.206873,/big.txt,61603840,131072,sequential,1.0000,0.0000,0,1,61734912,4096,1,1,0
138,138_adaptive_phase_change_run06,adaptive,phase_change,1778426024.2081616,/big.txt,61734912,131072,sequential,1.0000,0.0000,0,1,61865984,4096,1,1,0
138,138_adaptive_phase_change_run06,adaptive,phase_change,1778426024.2094393,/big.txt,61865984,131072,sequential,1.0000,0.0000,0,1,61997056,4096,1,1,0
138,138_adaptive_phase_change_run06,adaptive,phase_change,1778426024.210729,/big.txt,61997056,131072,sequential,1.0000,0.0000,0,1,62128128,4096,1,1,0
138,138_adaptive_phase_change_run06,adaptive,phase_change,1778426024.2120445,/big.txt,62128128,131072,sequential,1.0000,0.0000,0,1,62259200,4096,1,1,0
138,138_adaptive_phase_change_run06,adaptive,phase_change,1778426024.2133172,/big.txt,62259200,131072,sequential,1.0000,0.0000,0,1,62390272,4096,1,1,0
138,138_adaptive_phase_change_run06,adaptive,phase_change,1778426024.2145953,/big.txt,62390272,131072,sequential,1.0000,0.0000,0,1,62521344,4096,1,1,0
138,138_adaptive_phase_change_run06,adaptive,phase_change,1778426024.2158866,/big.txt,62521344,131072,sequential,1.0000,0.0000,0,1,62652416,4096,1,1,0
138,138_adaptive_phase_change_run06,adaptive,phase_change,1778426024.2171679,/big.txt,62652416,131072,sequential,1.0000,0.0000,0,1,62783488,4096,1,1,0
138,138_adaptive_phase_change_run06,adaptive,phase_change,1778426024.218451,/big.txt,62783488,131072,sequential,1.0000,0.0000,0,1,62914560,4096,1,1,0
138,138_adaptive_phase_change_run06,adaptive,phase_change,1778426024.21976,/big.txt,62914560,131072,sequential,1.0000,0.0000,0,1,63045632,4096,1,1,0
138,138_adaptive_phase_change_run06,adaptive,phase_change,1778426024.2210467,/big.txt,63045632,131072,sequential,1.0000,0.0000,0,1,63176704,4096,1,1,0
138,138_adaptive_phase_change_run06,adaptive,phase_change,1778426024.22233,/big.txt,63176704,131072,sequential,1.0000,0.0000,0,1,63307776,4096,1,1,0
138,138_adaptive_phase_change_run06,adaptive,phase_change,1778426024.2236526,/big.txt,63307776,131072,sequential,1.0000,0.0000,0,1,63438848,4096,1,1,0
138,138_adaptive_phase_change_run06,adaptive,phase_change,1778426024.2249503,/big.txt,63438848,131072,sequential,1.0000,0.0000,0,1,63569920,4096,1,1,0
138,138_adaptive_phase_change_run06,adaptive,phase_change,1778426024.226235,/big.txt,63569920,131072,sequential,1.0000,0.0000,0,1,63700992,4096,1,1,0
138,138_adaptive_phase_change_run06,adaptive,phase_change,1778426024.2275684,/big.txt,63700992,131072,sequential,1.0000,0.0000,0,1,63832064,4096,1,1,0
138,138_adaptive_phase_change_run06,adaptive,phase_change,1778426024.2288468,/big.txt,63832064,131072,sequential,1.0000,0.0000,0,1,63963136,4096,1,1,0
138,138_adaptive_phase_change_run06,adaptive,phase_change,1778426024.2301311,/big.txt,63963136,131072,sequential,1.0000,0.0000,0,1,64094208,4096,1,1,0
138,138_adaptive_phase_change_run06,adaptive,phase_change,1778426024.2314575,/big.txt,64094208,131072,sequential,1.0000,0.0000,0,1,64225280,4096,1,1,0
138,138_adaptive_phase_change_run06,adaptive,phase_change,1778426024.2327492,/big.txt,64225280,131072,sequential,1.0000,0.0000,0,1,64356352,4096,1,1,0
138,138_adaptive_phase_change_run06,adaptive,phase_change,1778426024.2340348,/big.txt,64356352,131072,sequential,1.0000,0.0000,0,1,64487424,4096,1,1,0
138,138_adaptive_phase_change_run06,adaptive,phase_change,1778426024.2353442,/big.txt,64487424,131072,sequential,1.0000,0.0000,0,1,64618496,4096,1,1,0
138,138_adaptive_phase_change_run06,adaptive,phase_change,1778426024.2366216,/big.txt,64618496,131072,sequential,1.0000,0.0000,0,1,64749568,4096,1,1,0
138,138_adaptive_phase_change_run06,adaptive,phase_change,1778426024.2378993,/big.txt,64749568,131072,sequential,1.0000,0.0000,0,1,64880640,4096,1,1,0
138,138_adaptive_phase_change_run06,adaptive,phase_change,1778426024.240192,/big.txt,64880640,131072,sequential,1.0000,0.0000,0,1,65011712,4096,1,1,0
138,138_adaptive_phase_change_run06,adaptive,phase_change,1778426024.2427468,/big.txt,65011712,131072,sequential,1.0000,0.0000,0,1,65142784,4096,1,1,0
138,138_adaptive_phase_change_run06,adaptive,phase_change,1778426024.245311,/big.txt,65142784,131072,sequential,1.0000,0.0000,0,1,65273856,4096,1,1,0
138,138_adaptive_phase_change_run06,adaptive,phase_change,1778426024.2478585,/big.txt,65273856,131072,sequential,1.0000,0.0000,0,1,65404928,4096,1,1,0
138,138_adaptive_phase_change_run06,adaptive,phase_change,1778426024.2503688,/big.txt,65404928,131072,sequential,1.0000,0.0000,0,1,65536000,4096,1,1,0
138,138_adaptive_phase_change_run06,adaptive,phase_change,1778426024.2516997,/big.txt,65536000,131072,sequential,1.0000,0.0000,0,1,65667072,4096,1,1,0
138,138_adaptive_phase_change_run06,adaptive,phase_change,1778426024.2529833,/big.txt,65667072,131072,sequential,1.0000,0.0000,0,1,65798144,4096,1,1,0
138,138_adaptive_phase_change_run06,adaptive,phase_change,1778426024.254265,/big.txt,65798144,131072,sequential,1.0000,0.0000,0,1,65929216,4096,1,1,0
138,138_adaptive_phase_change_run06,adaptive,phase_change,1778426024.2555678,/big.txt,65929216,131072,sequential,1.0000,0.0000,0,1,66060288,4096,1,1,0
138,138_adaptive_phase_change_run06,adaptive,phase_change,1778426024.256869,/big.txt,66060288,131072,sequential,1.0000,0.0000,0,1,66191360,4096,1,1,0
138,138_adaptive_phase_change_run06,adaptive,phase_change,1778426024.2581465,/big.txt,66191360,131072,sequential,1.0000,0.0000,0,1,66322432,4096,1,1,0
138,138_adaptive_phase_change_run06,adaptive,phase_change,1778426024.2594666,/big.txt,66322432,131072,sequential,1.0000,0.0000,0,1,66453504,4096,1,1,0
138,138_adaptive_phase_change_run06,adaptive,phase_change,1778426024.2607546,/big.txt,66453504,131072,sequential,1.0000,0.0000,0,1,66584576,4096,1,1,0
138,138_adaptive_phase_change_run06,adaptive,phase_change,1778426024.2620366,/big.txt,66584576,131072,sequential,1.0000,0.0000,0,1,66715648,4096,1,1,0
138,138_adaptive_phase_change_run06,adaptive,phase_change,1778426024.2633479,/big.txt,66715648,131072,sequential,1.0000,0.0000,0,1,66846720,4096,1,1,0
138,138_adaptive_phase_change_run06,adaptive,phase_change,1778426024.2646308,/big.txt,66846720,131072,sequential,1.0000,0.0000,0,1,66977792,4096,1,1,0
138,138_adaptive_phase_change_run06,adaptive,phase_change,1778426024.2659202,/big.txt,66977792,131072,sequential,1.0000,0.0000,0,1,67108864,4096,1,1,0
138,138_adaptive_phase_change_run06,adaptive,phase_change,1778426024.2672892,/big.txt,67108864,131072,sequential,1.0000,0.0000,0,1,67239936,4096,1,1,0
138,138_adaptive_phase_change_run06,adaptive,phase_change,1778426024.2685757,/big.txt,67239936,131072,sequential,1.0000,0.0000,0,1,67371008,4096,1,1,0
138,138_adaptive_phase_change_run06,adaptive,phase_change,1778426024.2698793,/big.txt,67371008,131072,sequential,1.0000,0.0000,0,1,67502080,4096,1,1,0
138,138_adaptive_phase_change_run06,adaptive,phase_change,1778426024.2711942,/big.txt,67502080,131072,sequential,1.0000,0.0000,0,1,67633152,4096,1,1,0
138,138_adaptive_phase_change_run06,adaptive,phase_change,1778426024.2724636,/big.txt,67633152,131072,sequential,1.0000,0.0000,0,1,67764224,4096,1,1,0
138,138_adaptive_phase_change_run06,adaptive,phase_change,1778426024.2737362,/big.txt,67764224,131072,sequential,1.0000,0.0000,0,1,67895296,4096,1,1,0
138,138_adaptive_phase_change_run06,adaptive,phase_change,1778426024.275059,/big.txt,67895296,131072,sequential,1.0000,0.0000,0,1,68026368,4096,1,1,0
138,138_adaptive_phase_change_run06,adaptive,phase_change,1778426024.2763371,/big.txt,68026368,131072,sequential,1.0000,0.0000,0,1,68157440,4096,1,1,0
138,138_adaptive_phase_change_run06,adaptive,phase_change,1778426024.2776124,/big.txt,68157440,131072,sequential,1.0000,0.0000,0,1,68288512,4096,1,1,0
138,138_adaptive_phase_change_run06,adaptive,phase_change,1778426024.2789686,/big.txt,68288512,131072,sequential,1.0000,0.0000,0,1,68419584,4096,1,1,0
138,138_adaptive_phase_change_run06,adaptive,phase_change,1778426024.2802546,/big.txt,68419584,131072,sequential,1.0000,0.0000,0,1,68550656,4096,1,1,0
138,138_adaptive_phase_change_run06,adaptive,phase_change,1778426024.2815394,/big.txt,68550656,131072,sequential,1.0000,0.0000,0,1,68681728,4096,1,1,0
138,138_adaptive_phase_change_run06,adaptive,phase_change,1778426024.2828348,/big.txt,68681728,131072,sequential,1.0000,0.0000,0,1,68812800,4096,1,1,0
138,138_adaptive_phase_change_run06,adaptive,phase_change,1778426024.2841234,/big.txt,68812800,131072,sequential,1.0000,0.0000,0,1,68943872,4096,1,1,0
138,138_adaptive_phase_change_run06,adaptive,phase_change,1778426024.2854085,/big.txt,68943872,131072,sequential,1.0000,0.0000,0,1,69074944,4096,1,1,0
138,138_adaptive_phase_change_run06,adaptive,phase_change,1778426024.2866657,/big.txt,69074944,131072,sequential,1.0000,0.0000,0,1,69206016,4096,1,1,0
138,138_adaptive_phase_change_run06,adaptive,phase_change,1778426024.2880013,/big.txt,69206016,131072,sequential,1.0000,0.0000,0,1,69337088,4096,1,1,0
138,138_adaptive_phase_change_run06,adaptive,phase_change,1778426024.2892778,/big.txt,69337088,131072,sequential,1.0000,0.0000,0,1,69468160,4096,1,1,0
138,138_adaptive_phase_change_run06,adaptive,phase_change,1778426024.2905614,/big.txt,69468160,131072,sequential,1.0000,0.0000,0,1,69599232,4096,1,1,0
138,138_adaptive_phase_change_run06,adaptive,phase_change,1778426024.2918482,/big.txt,69599232,131072,sequential,1.0000,0.0000,0,1,69730304,4096,1,1,0
138,138_adaptive_phase_change_run06,adaptive,phase_change,1778426024.2931237,/big.txt,69730304,131072,sequential,1.0000,0.0000,0,1,69861376,4096,1,1,0
138,138_adaptive_phase_change_run06,adaptive,phase_change,1778426024.2944067,/big.txt,69861376,131072,sequential,1.0000,0.0000,0,1,69992448,4096,1,1,0
138,138_adaptive_phase_change_run06,adaptive,phase_change,1778426024.2957506,/big.txt,69992448,131072,sequential,1.0000,0.0000,0,1,70123520,4096,1,1,0
138,138_adaptive_phase_change_run06,adaptive,phase_change,1778426024.2970903,/big.txt,70123520,131072,sequential,1.0000,0.0000,0,1,70254592,4096,1,1,0
138,138_adaptive_phase_change_run06,adaptive,phase_change,1778426024.2983835,/big.txt,70254592,131072,sequential,1.0000,0.0000,0,1,70385664,4096,1,1,0
138,138_adaptive_phase_change_run06,adaptive,phase_change,1778426024.2997215,/big.txt,70385664,131072,sequential,1.0000,0.0000,0,1,70516736,4096,1,1,0
138,138_adaptive_phase_change_run06,adaptive,phase_change,1778426024.3010683,/big.txt,70516736,131072,sequential,1.0000,0.0000,0,1,70647808,4096,1,1,0
138,138_adaptive_phase_change_run06,adaptive,phase_change,1778426024.3023472,/big.txt,70647808,131072,sequential,1.0000,0.0000,0,1,70778880,4096,1,1,0
138,138_adaptive_phase_change_run06,adaptive,phase_change,1778426024.3037221,/big.txt,70778880,131072,sequential,1.0000,0.0000,0,1,70909952,4096,1,1,0
138,138_adaptive_phase_change_run06,adaptive,phase_change,1778426024.3050282,/big.txt,70909952,131072,sequential,1.0000,0.0000,0,1,71041024,4096,1,1,0
138,138_adaptive_phase_change_run06,adaptive,phase_change,1778426024.3063133,/big.txt,71041024,131072,sequential,1.0000,0.0000,0,1,71172096,4096,1,1,0
138,138_adaptive_phase_change_run06,adaptive,phase_change,1778426024.307634,/big.txt,71172096,131072,sequential,1.0000,0.0000,0,1,71303168,4096,1,1,0
138,138_adaptive_phase_change_run06,adaptive,phase_change,1778426024.3089247,/big.txt,71303168,131072,sequential,1.0000,0.0000,0,1,71434240,4096,1,1,0
138,138_adaptive_phase_change_run06,adaptive,phase_change,1778426024.3102038,/big.txt,71434240,131072,sequential,1.0000,0.0000,0,1,71565312,4096,1,1,0
138,138_adaptive_phase_change_run06,adaptive,phase_change,1778426024.3115168,/big.txt,71565312,131072,sequential,1.0000,0.0000,0,1,71696384,4096,1,1,0
138,138_adaptive_phase_change_run06,adaptive,phase_change,1778426024.3128,/big.txt,71696384,131072,sequential,1.0000,0.0000,0,1,71827456,4096,1,1,0
138,138_adaptive_phase_change_run06,adaptive,phase_change,1778426024.3140712,/big.txt,71827456,131072,sequential,1.0000,0.0000,0,1,71958528,4096,1,1,0
138,138_adaptive_phase_change_run06,adaptive,phase_change,1778426024.315402,/big.txt,71958528,131072,sequential,1.0000,0.0000,0,1,72089600,4096,1,1,0
138,138_adaptive_phase_change_run06,adaptive,phase_change,1778426024.3166773,/big.txt,72089600,131072,sequential,1.0000,0.0000,0,1,72220672,4096,1,1,0
138,138_adaptive_phase_change_run06,adaptive,phase_change,1778426024.3179603,/big.txt,72220672,131072,sequential,1.0000,0.0000,0,1,72351744,4096,1,1,0
138,138_adaptive_phase_change_run06,adaptive,phase_change,1778426024.320516,/big.txt,72351744,131072,sequential,1.0000,0.0000,0,1,72482816,4096,1,1,0
138,138_adaptive_phase_change_run06,adaptive,phase_change,1778426024.3230817,/big.txt,72482816,131072,sequential,1.0000,0.0000,0,1,72613888,4096,1,1,0
138,138_adaptive_phase_change_run06,adaptive,phase_change,1778426024.325559,/big.txt,72613888,131072,sequential,1.0000,0.0000,0,1,72744960,4096,1,1,0
138,138_adaptive_phase_change_run06,adaptive,phase_change,1778426024.3281567,/big.txt,72744960,131072,sequential,1.0000,0.0000,0,1,72876032,4096,1,1,0
138,138_adaptive_phase_change_run06,adaptive,phase_change,1778426024.3306713,/big.txt,72876032,131072,sequential,1.0000,0.0000,0,1,73007104,4096,1,1,0
138,138_adaptive_phase_change_run06,adaptive,phase_change,1778426024.3319998,/big.txt,73007104,131072,sequential,1.0000,0.0000,0,1,73138176,4096,1,1,0
138,138_adaptive_phase_change_run06,adaptive,phase_change,1778426024.3332825,/big.txt,73138176,131072,sequential,1.0000,0.0000,0,1,73269248,4096,1,1,0
138,138_adaptive_phase_change_run06,adaptive,phase_change,1778426024.3345602,/big.txt,73269248,131072,sequential,1.0000,0.0000,0,1,73400320,4096,1,1,0
138,138_adaptive_phase_change_run06,adaptive,phase_change,1778426024.3358357,/big.txt,73400320,131072,sequential,1.0000,0.0000,0,1,73531392,4096,1,1,0
138,138_adaptive_phase_change_run06,adaptive,phase_change,1778426024.3371243,/big.txt,73531392,131072,sequential,1.0000,0.0000,0,1,73662464,4096,1,1,0
138,138_adaptive_phase_change_run06,adaptive,phase_change,1778426024.3384016,/big.txt,73662464,131072,sequential,1.0000,0.0000,0,1,73793536,4096,1,1,0
138,138_adaptive_phase_change_run06,adaptive,phase_change,1778426024.3397257,/big.txt,73793536,131072,sequential,1.0000,0.0000,0,1,73924608,4096,1,1,0
138,138_adaptive_phase_change_run06,adaptive,phase_change,1778426024.341067,/big.txt,73924608,131072,sequential,1.0000,0.0000,0,1,74055680,4096,1,1,0
138,138_adaptive_phase_change_run06,adaptive,phase_change,1778426024.3423676,/big.txt,74055680,131072,sequential,1.0000,0.0000,0,1,74186752,4096,1,1,0
138,138_adaptive_phase_change_run06,adaptive,phase_change,1778426024.3437126,/big.txt,74186752,131072,sequential,1.0000,0.0000,0,1,74317824,4096,1,1,0
138,138_adaptive_phase_change_run06,adaptive,phase_change,1778426024.3450415,/big.txt,74317824,131072,sequential,1.0000,0.0000,0,1,74448896,4096,1,1,0
138,138_adaptive_phase_change_run06,adaptive,phase_change,1778426024.3463168,/big.txt,74448896,131072,sequential,1.0000,0.0000,0,1,74579968,4096,1,1,0
138,138_adaptive_phase_change_run06,adaptive,phase_change,1778426024.3476326,/big.txt,74579968,131072,sequential,1.0000,0.0000,0,1,74711040,4096,1,1,0
138,138_adaptive_phase_change_run06,adaptive,phase_change,1778426024.3489194,/big.txt,74711040,131072,sequential,1.0000,0.0000,0,1,74842112,4096,1,1,0
138,138_adaptive_phase_change_run06,adaptive,phase_change,1778426024.3502061,/big.txt,74842112,131072,sequential,1.0000,0.0000,0,1,74973184,4096,1,1,0
138,138_adaptive_phase_change_run06,adaptive,phase_change,1778426024.351517,/big.txt,74973184,131072,sequential,1.0000,0.0000,0,1,75104256,4096,1,1,0
138,138_adaptive_phase_change_run06,adaptive,phase_change,1778426024.3527997,/big.txt,75104256,131072,sequential,1.0000,0.0000,0,1,75235328,4096,1,1,0
138,138_adaptive_phase_change_run06,adaptive,phase_change,1778426024.3540773,/big.txt,75235328,131072,sequential,1.0000,0.0000,0,1,75366400,4096,1,1,0
138,138_adaptive_phase_change_run06,adaptive,phase_change,1778426024.3554184,/big.txt,75366400,131072,sequential,1.0000,0.0000,0,1,75497472,4096,1,1,0
138,138_adaptive_phase_change_run06,adaptive,phase_change,1778426024.356697,/big.txt,75497472,131072,sequential,1.0000,0.0000,0,1,75628544,4096,1,1,0
138,138_adaptive_phase_change_run06,adaptive,phase_change,1778426024.3579822,/big.txt,75628544,131072,sequential,1.0000,0.0000,0,1,75759616,4096,1,1,0
138,138_adaptive_phase_change_run06,adaptive,phase_change,1778426024.3592837,/big.txt,75759616,131072,sequential,1.0000,0.0000,0,1,75890688,4096,1,1,0
138,138_adaptive_phase_change_run06,adaptive,phase_change,1778426024.3605735,/big.txt,75890688,131072,sequential,1.0000,0.0000,0,1,76021760,4096,1,1,0
138,138_adaptive_phase_change_run06,adaptive,phase_change,1778426024.3618572,/big.txt,76021760,131072,sequential,1.0000,0.0000,0,1,76152832,4096,1,1,0
138,138_adaptive_phase_change_run06,adaptive,phase_change,1778426024.3632197,/big.txt,76152832,131072,sequential,1.0000,0.0000,0,1,76283904,4096,1,1,0
138,138_adaptive_phase_change_run06,adaptive,phase_change,1778426024.364527,/big.txt,76283904,131072,sequential,1.0000,0.0000,0,1,76414976,4096,1,1,0
138,138_adaptive_phase_change_run06,adaptive,phase_change,1778426024.3658147,/big.txt,76414976,131072,sequential,1.0000,0.0000,0,1,76546048,4096,1,1,0
138,138_adaptive_phase_change_run06,adaptive,phase_change,1778426024.3671324,/big.txt,76546048,131072,sequential,1.0000,0.0000,0,1,76677120,4096,1,1,0
138,138_adaptive_phase_change_run06,adaptive,phase_change,1778426024.3684087,/big.txt,76677120,131072,sequential,1.0000,0.0000,0,1,76808192,4096,1,1,0
138,138_adaptive_phase_change_run06,adaptive,phase_change,1778426024.3696866,/big.txt,76808192,131072,sequential,1.0000,0.0000,0,1,76939264,4096,1,1,0
138,138_adaptive_phase_change_run06,adaptive,phase_change,1778426024.3709993,/big.txt,76939264,131072,sequential,1.0000,0.0000,0,1,77070336,4096,1,1,0
138,138_adaptive_phase_change_run06,adaptive,phase_change,1778426024.3722878,/big.txt,77070336,131072,sequential,1.0000,0.0000,0,1,77201408,4096,1,1,0
138,138_adaptive_phase_change_run06,adaptive,phase_change,1778426024.3735693,/big.txt,77201408,131072,sequential,1.0000,0.0000,0,1,77332480,4096,1,1,0
138,138_adaptive_phase_change_run06,adaptive,phase_change,1778426024.3749936,/big.txt,77332480,131072,sequential,1.0000,0.0000,0,1,77463552,4096,1,1,0
138,138_adaptive_phase_change_run06,adaptive,phase_change,1778426024.3762746,/big.txt,77463552,131072,sequential,1.0000,0.0000,0,1,77594624,4096,1,1,0
138,138_adaptive_phase_change_run06,adaptive,phase_change,1778426024.3775659,/big.txt,77594624,131072,sequential,1.0000,0.0000,0,1,77725696,4096,1,1,0
138,138_adaptive_phase_change_run06,adaptive,phase_change,1778426024.3788867,/big.txt,77725696,131072,sequential,1.0000,0.0000,0,1,77856768,4096,1,1,0
138,138_adaptive_phase_change_run06,adaptive,phase_change,1778426024.3801718,/big.txt,77856768,131072,sequential,1.0000,0.0000,0,1,77987840,4096,1,1,0
138,138_adaptive_phase_change_run06,adaptive,phase_change,1778426024.38145,/big.txt,77987840,131072,sequential,1.0000,0.0000,0,1,78118912,4096,1,1,0
138,138_adaptive_phase_change_run06,adaptive,phase_change,1778426024.3827405,/big.txt,78118912,131072,sequential,1.0000,0.0000,0,1,78249984,4096,1,1,0
138,138_adaptive_phase_change_run06,adaptive,phase_change,1778426024.384098,/big.txt,78249984,131072,sequential,1.0000,0.0000,0,1,78381056,4096,1,1,0
138,138_adaptive_phase_change_run06,adaptive,phase_change,1778426024.3854203,/big.txt,78381056,131072,sequential,1.0000,0.0000,0,1,78512128,4096,1,1,0
138,138_adaptive_phase_change_run06,adaptive,phase_change,1778426024.3867426,/big.txt,78512128,131072,sequential,1.0000,0.0000,0,1,78643200,4096,1,1,0
138,138_adaptive_phase_change_run06,adaptive,phase_change,1778426024.3881004,/big.txt,78643200,131072,sequential,1.0000,0.0000,0,1,78774272,4096,1,1,0
138,138_adaptive_phase_change_run06,adaptive,phase_change,1778426024.3893936,/big.txt,78774272,131072,sequential,1.0000,0.0000,0,1,78905344,4096,1,1,0
138,138_adaptive_phase_change_run06,adaptive,phase_change,1778426024.3907115,/big.txt,78905344,131072,sequential,1.0000,0.0000,0,1,79036416,4096,1,1,0
138,138_adaptive_phase_change_run06,adaptive,phase_change,1778426024.3920472,/big.txt,79036416,131072,sequential,1.0000,0.0000,0,1,79167488,4096,1,1,0
138,138_adaptive_phase_change_run06,adaptive,phase_change,1778426024.3933847,/big.txt,79167488,131072,sequential,1.0000,0.0000,0,1,79298560,4096,1,1,0
138,138_adaptive_phase_change_run06,adaptive,phase_change,1778426024.3947203,/big.txt,79298560,131072,sequential,1.0000,0.0000,0,1,79429632,4096,1,1,0
138,138_adaptive_phase_change_run06,adaptive,phase_change,1778426024.3960764,/big.txt,79429632,131072,sequential,1.0000,0.0000,0,1,79560704,4096,1,1,0
138,138_adaptive_phase_change_run06,adaptive,phase_change,1778426024.3974268,/big.txt,79560704,131072,sequential,1.0000,0.0000,0,1,79691776,4096,1,1,0
138,138_adaptive_phase_change_run06,adaptive,phase_change,1778426024.3987253,/big.txt,79691776,131072,sequential,1.0000,0.0000,0,1,79822848,4096,1,1,0
138,138_adaptive_phase_change_run06,adaptive,phase_change,1778426024.4000654,/big.txt,79822848,131072,sequential,1.0000,0.0000,0,1,79953920,4096,1,1,0
138,138_adaptive_phase_change_run06,adaptive,phase_change,1778426024.4013977,/big.txt,79953920,131072,sequential,1.0000,0.0000,0,1,80084992,4096,1,1,0
138,138_adaptive_phase_change_run06,adaptive,phase_change,1778426024.4026754,/big.txt,80084992,131072,sequential,1.0000,0.0000,0,1,80216064,4096,1,1,0
138,138_adaptive_phase_change_run06,adaptive,phase_change,1778426024.404012,/big.txt,80216064,131072,sequential,1.0000,0.0000,0,1,80347136,4096,1,1,0
138,138_adaptive_phase_change_run06,adaptive,phase_change,1778426024.4053543,/big.txt,80347136,131072,sequential,1.0000,0.0000,0,1,80478208,4096,1,1,0
138,138_adaptive_phase_change_run06,adaptive,phase_change,1778426024.406644,/big.txt,80478208,131072,sequential,1.0000,0.0000,0,1,80609280,4096,1,1,0
138,138_adaptive_phase_change_run06,adaptive,phase_change,1778426024.407977,/big.txt,80609280,131072,sequential,1.0000,0.0000,0,1,80740352,4096,1,1,0
138,138_adaptive_phase_change_run06,adaptive,phase_change,1778426024.4092884,/big.txt,80740352,131072,sequential,1.0000,0.0000,0,1,80871424,4096,1,1,0
138,138_adaptive_phase_change_run06,adaptive,phase_change,1778426024.410562,/big.txt,80871424,131072,sequential,1.0000,0.0000,0,1,81002496,4096,1,1,0
138,138_adaptive_phase_change_run06,adaptive,phase_change,1778426024.4118478,/big.txt,81002496,131072,sequential,1.0000,0.0000,0,1,81133568,4096,1,1,0
138,138_adaptive_phase_change_run06,adaptive,phase_change,1778426024.4131331,/big.txt,81133568,131072,sequential,1.0000,0.0000,0,1,81264640,4096,1,1,0
138,138_adaptive_phase_change_run06,adaptive,phase_change,1778426024.4144242,/big.txt,81264640,131072,sequential,1.0000,0.0000,0,1,81395712,4096,1,1,0
138,138_adaptive_phase_change_run06,adaptive,phase_change,1778426024.4157374,/big.txt,81395712,131072,sequential,1.0000,0.0000,0,1,81526784,4096,1,1,0
138,138_adaptive_phase_change_run06,adaptive,phase_change,1778426024.4170156,/big.txt,81526784,131072,sequential,1.0000,0.0000,0,1,81657856,4096,1,1,0
138,138_adaptive_phase_change_run06,adaptive,phase_change,1778426024.4182904,/big.txt,81657856,131072,sequential,1.0000,0.0000,0,1,81788928,4096,1,1,0
138,138_adaptive_phase_change_run06,adaptive,phase_change,1778426024.4196246,/big.txt,81788928,131072,sequential,1.0000,0.0000,0,1,81920000,4096,1,1,0
138,138_adaptive_phase_change_run06,adaptive,phase_change,1778426024.4209077,/big.txt,81920000,131072,sequential,1.0000,0.0000,0,1,82051072,4096,1,1,0
138,138_adaptive_phase_change_run06,adaptive,phase_change,1778426024.4221878,/big.txt,82051072,131072,sequential,1.0000,0.0000,0,1,82182144,4096,1,1,0
138,138_adaptive_phase_change_run06,adaptive,phase_change,1778426024.4235241,/big.txt,82182144,131072,sequential,1.0000,0.0000,0,1,82313216,4096,1,1,0
138,138_adaptive_phase_change_run06,adaptive,phase_change,1778426024.424814,/big.txt,82313216,131072,sequential,1.0000,0.0000,0,1,82444288,4096,1,1,0
138,138_adaptive_phase_change_run06,adaptive,phase_change,1778426024.4261098,/big.txt,82444288,131072,sequential,1.0000,0.0000,0,1,82575360,4096,1,1,0
138,138_adaptive_phase_change_run06,adaptive,phase_change,1778426024.427441,/big.txt,82575360,131072,sequential,1.0000,0.0000,0,1,82706432,4096,1,1,0
138,138_adaptive_phase_change_run06,adaptive,phase_change,1778426024.42873,/big.txt,82706432,131072,sequential,1.0000,0.0000,0,1,82837504,4096,1,1,0
138,138_adaptive_phase_change_run06,adaptive,phase_change,1778426024.4300196,/big.txt,82837504,131072,sequential,1.0000,0.0000,0,1,82968576,4096,1,1,0
138,138_adaptive_phase_change_run06,adaptive,phase_change,1778426024.4313338,/big.txt,82968576,131072,sequential,1.0000,0.0000,0,1,83099648,4096,1,1,0
138,138_adaptive_phase_change_run06,adaptive,phase_change,1778426024.4326162,/big.txt,83099648,131072,sequential,1.0000,0.0000,0,1,83230720,4096,1,1,0
138,138_adaptive_phase_change_run06,adaptive,phase_change,1778426024.4338975,/big.txt,83230720,131072,sequential,1.0000,0.0000,0,1,83361792,4096,1,1,0
138,138_adaptive_phase_change_run06,adaptive,phase_change,1778426024.4352212,/big.txt,83361792,131072,sequential,1.0000,0.0000,0,1,83492864,4096,1,1,0
138,138_adaptive_phase_change_run06,adaptive,phase_change,1778426024.4365113,/big.txt,83492864,131072,sequential,1.0000,0.0000,0,1,83623936,4096,1,1,0
138,138_adaptive_phase_change_run06,adaptive,phase_change,1778426024.4377937,/big.txt,83623936,131072,sequential,1.0000,0.0000,0,1,83755008,4096,1,1,0
138,138_adaptive_phase_change_run06,adaptive,phase_change,1778426024.4391513,/big.txt,83755008,131072,sequential,1.0000,0.0000,0,1,83886080,4096,1,1,0
138,138_adaptive_phase_change_run06,adaptive,phase_change,1778426024.440436,/big.txt,83886080,131072,sequential,1.0000,0.0000,0,1,84017152,4096,1,1,0
138,138_adaptive_phase_change_run06,adaptive,phase_change,1778426024.4417207,/big.txt,84017152,131072,sequential,1.0000,0.0000,0,1,84148224,4096,1,1,0
138,138_adaptive_phase_change_run06,adaptive,phase_change,1778426024.443031,/big.txt,84148224,131072,sequential,1.0000,0.0000,0,1,84279296,4096,1,1,0
138,138_adaptive_phase_change_run06,adaptive,phase_change,1778426024.4443114,/big.txt,84279296,131072,sequential,1.0000,0.0000,0,1,84410368,4096,1,1,0
138,138_adaptive_phase_change_run06,adaptive,phase_change,1778426024.4455845,/big.txt,84410368,131072,sequential,1.0000,0.0000,0,1,84541440,4096,1,1,0
138,138_adaptive_phase_change_run06,adaptive,phase_change,1778426024.446893,/big.txt,84541440,131072,sequential,1.0000,0.0000,0,1,84672512,4096,1,1,0
138,138_adaptive_phase_change_run06,adaptive,phase_change,1778426024.4481869,/big.txt,84672512,131072,sequential,1.0000,0.0000,0,1,84803584,4096,1,1,0
138,138_adaptive_phase_change_run06,adaptive,phase_change,1778426024.449462,/big.txt,84803584,131072,sequential,1.0000,0.0000,0,1,84934656,4096,1,1,0
138,138_adaptive_phase_change_run06,adaptive,phase_change,1778426024.4507468,/big.txt,84934656,131072,sequential,1.0000,0.0000,0,1,85065728,4096,1,1,0
138,138_adaptive_phase_change_run06,adaptive,phase_change,1778426024.4520497,/big.txt,85065728,131072,sequential,1.0000,0.0000,0,1,85196800,4096,1,1,0
138,138_adaptive_phase_change_run06,adaptive,phase_change,1778426024.4533641,/big.txt,85196800,131072,sequential,1.0000,0.0000,0,1,85327872,4096,1,1,0
138,138_adaptive_phase_change_run06,adaptive,phase_change,1778426024.4546483,/big.txt,85327872,131072,sequential,1.0000,0.0000,0,1,85458944,4096,1,1,0
138,138_adaptive_phase_change_run06,adaptive,phase_change,1778426024.4560735,/big.txt,85458944,131072,sequential,1.0000,0.0000,0,1,85590016,4096,1,1,0
138,138_adaptive_phase_change_run06,adaptive,phase_change,1778426024.4573615,/big.txt,85590016,131072,sequential,1.0000,0.0000,0,1,85721088,4096,1,1,0
138,138_adaptive_phase_change_run06,adaptive,phase_change,1778426024.4586363,/big.txt,85721088,131072,sequential,1.0000,0.0000,0,1,85852160,4096,1,1,0
138,138_adaptive_phase_change_run06,adaptive,phase_change,1778426024.4599442,/big.txt,85852160,131072,sequential,1.0000,0.0000,0,1,85983232,4096,1,1,0
138,138_adaptive_phase_change_run06,adaptive,phase_change,1778426024.4612374,/big.txt,85983232,131072,sequential,1.0000,0.0000,0,1,86114304,4096,1,1,0
138,138_adaptive_phase_change_run06,adaptive,phase_change,1778426024.4625185,/big.txt,86114304,131072,sequential,1.0000,0.0000,0,1,86245376,4096,1,1,0
138,138_adaptive_phase_change_run06,adaptive,phase_change,1778426024.4638326,/big.txt,86245376,131072,sequential,1.0000,0.0000,0,1,86376448,4096,1,1,0
138,138_adaptive_phase_change_run06,adaptive,phase_change,1778426024.4651175,/big.txt,86376448,131072,sequential,1.0000,0.0000,0,1,86507520,4096,1,1,0
138,138_adaptive_phase_change_run06,adaptive,phase_change,1778426024.4663994,/big.txt,86507520,131072,sequential,1.0000,0.0000,0,1,86638592,4096,1,1,0
138,138_adaptive_phase_change_run06,adaptive,phase_change,1778426024.4677305,/big.txt,86638592,131072,sequential,1.0000,0.0000,0,1,86769664,4096,1,1,0
138,138_adaptive_phase_change_run06,adaptive,phase_change,1778426024.4690447,/big.txt,86769664,131072,sequential,1.0000,0.0000,0,1,86900736,4096,1,1,0
138,138_adaptive_phase_change_run06,adaptive,phase_change,1778426024.4703214,/big.txt,86900736,131072,sequential,1.0000,0.0000,0,1,87031808,4096,1,1,0
138,138_adaptive_phase_change_run06,adaptive,phase_change,1778426024.471655,/big.txt,87031808,131072,sequential,1.0000,0.0000,0,1,87162880,4096,1,1,0
138,138_adaptive_phase_change_run06,adaptive,phase_change,1778426024.4729683,/big.txt,87162880,131072,sequential,1.0000,0.0000,0,1,87293952,4096,1,1,0
138,138_adaptive_phase_change_run06,adaptive,phase_change,1778426024.4742503,/big.txt,87293952,131072,sequential,1.0000,0.0000,0,1,87425024,4096,1,1,0
138,138_adaptive_phase_change_run06,adaptive,phase_change,1778426024.4755664,/big.txt,87425024,131072,sequential,1.0000,0.0000,0,1,87556096,4096,1,1,0
138,138_adaptive_phase_change_run06,adaptive,phase_change,1778426024.476857,/big.txt,87556096,131072,sequential,1.0000,0.0000,0,1,87687168,4096,1,1,0
138,138_adaptive_phase_change_run06,adaptive,phase_change,1778426024.4781442,/big.txt,87687168,131072,sequential,1.0000,0.0000,0,1,87818240,4096,1,1,0
138,138_adaptive_phase_change_run06,adaptive,phase_change,1778426024.4794717,/big.txt,87818240,131072,sequential,1.0000,0.0000,0,1,87949312,4096,1,1,0
138,138_adaptive_phase_change_run06,adaptive,phase_change,1778426024.4807603,/big.txt,87949312,131072,sequential,1.0000,0.0000,0,1,88080384,4096,1,1,0
138,138_adaptive_phase_change_run06,adaptive,phase_change,1778426024.4820392,/big.txt,88080384,131072,sequential,1.0000,0.0000,0,1,88211456,4096,1,1,0
138,138_adaptive_phase_change_run06,adaptive,phase_change,1778426024.4846134,/big.txt,88211456,131072,sequential,1.0000,0.0000,0,1,88342528,4096,1,1,0
138,138_adaptive_phase_change_run06,adaptive,phase_change,1778426024.4870253,/big.txt,88342528,131072,sequential,1.0000,0.0000,0,1,88473600,4096,1,1,0
138,138_adaptive_phase_change_run06,adaptive,phase_change,1778426024.4883134,/big.txt,88473600,131072,sequential,1.0000,0.0000,0,1,88604672,4096,1,1,0
138,138_adaptive_phase_change_run06,adaptive,phase_change,1778426024.4896038,/big.txt,88604672,131072,sequential,1.0000,0.0000,0,1,88735744,4096,1,1,0
138,138_adaptive_phase_change_run06,adaptive,phase_change,1778426024.490918,/big.txt,88735744,131072,sequential,1.0000,0.0000,0,1,88866816,4096,1,1,0
138,138_adaptive_phase_change_run06,adaptive,phase_change,1778426024.4922037,/big.txt,88866816,131072,sequential,1.0000,0.0000,0,1,88997888,4096,1,1,0
138,138_adaptive_phase_change_run06,adaptive,phase_change,1778426024.4934983,/big.txt,88997888,131072,sequential,1.0000,0.0000,0,1,89128960,4096,1,1,0
138,138_adaptive_phase_change_run06,adaptive,phase_change,1778426024.4947934,/big.txt,89128960,131072,sequential,1.0000,0.0000,0,1,89260032,4096,1,1,0
138,138_adaptive_phase_change_run06,adaptive,phase_change,1778426024.4961262,/big.txt,89260032,131072,sequential,1.0000,0.0000,0,1,89391104,4096,1,1,0
138,138_adaptive_phase_change_run06,adaptive,phase_change,1778426024.4974105,/big.txt,89391104,131072,sequential,1.0000,0.0000,0,1,89522176,4096,1,1,0
138,138_adaptive_phase_change_run06,adaptive,phase_change,1778426024.4986885,/big.txt,89522176,131072,sequential,1.0000,0.0000,0,1,89653248,4096,1,1,0
138,138_adaptive_phase_change_run06,adaptive,phase_change,1778426024.500023,/big.txt,89653248,131072,sequential,1.0000,0.0000,0,1,89784320,4096,1,1,0
138,138_adaptive_phase_change_run06,adaptive,phase_change,1778426024.5013041,/big.txt,89784320,131072,sequential,1.0000,0.0000,0,1,89915392,4096,1,1,0
138,138_adaptive_phase_change_run06,adaptive,phase_change,1778426024.5025866,/big.txt,89915392,131072,sequential,1.0000,0.0000,0,1,90046464,4096,1,1,0
138,138_adaptive_phase_change_run06,adaptive,phase_change,1778426024.5038798,/big.txt,90046464,131072,sequential,1.0000,0.0000,0,1,90177536,4096,1,1,0
138,138_adaptive_phase_change_run06,adaptive,phase_change,1778426024.5051646,/big.txt,90177536,131072,sequential,1.0000,0.0000,0,1,90308608,4096,1,1,0
138,138_adaptive_phase_change_run06,adaptive,phase_change,1778426024.5064678,/big.txt,90308608,131072,sequential,1.0000,0.0000,0,1,90439680,4096,1,1,0
138,138_adaptive_phase_change_run06,adaptive,phase_change,1778426024.5077972,/big.txt,90439680,131072,sequential,1.0000,0.0000,0,1,90570752,4096,1,1,0
138,138_adaptive_phase_change_run06,adaptive,phase_change,1778426024.5090888,/big.txt,90570752,131072,sequential,1.0000,0.0000,0,1,90701824,4096,1,1,0
138,138_adaptive_phase_change_run06,adaptive,phase_change,1778426024.5103707,/big.txt,90701824,131072,sequential,1.0000,0.0000,0,1,90832896,4096,1,1,0
138,138_adaptive_phase_change_run06,adaptive,phase_change,1778426024.5117104,/big.txt,90832896,131072,sequential,1.0000,0.0000,0,1,90963968,4096,1,1,0
138,138_adaptive_phase_change_run06,adaptive,phase_change,1778426024.5130534,/big.txt,90963968,131072,sequential,1.0000,0.0000,0,1,91095040,4096,1,1,0
138,138_adaptive_phase_change_run06,adaptive,phase_change,1778426024.5143507,/big.txt,91095040,131072,sequential,1.0000,0.0000,0,1,91226112,4096,1,1,0
138,138_adaptive_phase_change_run06,adaptive,phase_change,1778426024.5156767,/big.txt,91226112,131072,sequential,1.0000,0.0000,0,1,91357184,4096,1,1,0
138,138_adaptive_phase_change_run06,adaptive,phase_change,1778426024.5169964,/big.txt,91357184,131072,sequential,1.0000,0.0000,0,1,91488256,4096,1,1,0
138,138_adaptive_phase_change_run06,adaptive,phase_change,1778426024.5182762,/big.txt,91488256,131072,sequential,1.0000,0.0000,0,1,91619328,4096,1,1,0
138,138_adaptive_phase_change_run06,adaptive,phase_change,1778426024.5196042,/big.txt,91619328,131072,sequential,1.0000,0.0000,0,1,91750400,4096,1,1,0
138,138_adaptive_phase_change_run06,adaptive,phase_change,1778426024.5208907,/big.txt,91750400,131072,sequential,1.0000,0.0000,0,1,91881472,4096,1,1,0
138,138_adaptive_phase_change_run06,adaptive,phase_change,1778426024.5221756,/big.txt,91881472,131072,sequential,1.0000,0.0000,0,1,92012544,4096,1,1,0
138,138_adaptive_phase_change_run06,adaptive,phase_change,1778426024.5235105,/big.txt,92012544,131072,sequential,1.0000,0.0000,0,1,92143616,4096,1,1,0
138,138_adaptive_phase_change_run06,adaptive,phase_change,1778426024.5248172,/big.txt,92143616,131072,sequential,1.0000,0.0000,0,1,92274688,4096,1,1,0
138,138_adaptive_phase_change_run06,adaptive,phase_change,1778426024.5261042,/big.txt,92274688,131072,sequential,1.0000,0.0000,0,1,92405760,4096,1,1,0
138,138_adaptive_phase_change_run06,adaptive,phase_change,1778426024.527436,/big.txt,92405760,131072,sequential,1.0000,0.0000,0,1,92536832,4096,1,1,0
138,138_adaptive_phase_change_run06,adaptive,phase_change,1778426024.528714,/big.txt,92536832,131072,sequential,1.0000,0.0000,0,1,92667904,4096,1,1,0
138,138_adaptive_phase_change_run06,adaptive,phase_change,1778426024.5300086,/big.txt,92667904,131072,sequential,1.0000,0.0000,0,1,92798976,4096,1,1,0
138,138_adaptive_phase_change_run06,adaptive,phase_change,1778426024.5313456,/big.txt,92798976,131072,sequential,1.0000,0.0000,0,1,92930048,4096,1,1,0
138,138_adaptive_phase_change_run06,adaptive,phase_change,1778426024.5326452,/big.txt,92930048,131072,sequential,1.0000,0.0000,0,1,93061120,4096,1,1,0
138,138_adaptive_phase_change_run06,adaptive,phase_change,1778426024.5339296,/big.txt,93061120,131072,sequential,1.0000,0.0000,0,1,93192192,4096,1,1,0
138,138_adaptive_phase_change_run06,adaptive,phase_change,1778426024.5352488,/big.txt,93192192,131072,sequential,1.0000,0.0000,0,1,93323264,4096,1,1,0
138,138_adaptive_phase_change_run06,adaptive,phase_change,1778426024.5365248,/big.txt,93323264,131072,sequential,1.0000,0.0000,0,1,93454336,4096,1,1,0
138,138_adaptive_phase_change_run06,adaptive,phase_change,1778426024.537815,/big.txt,93454336,131072,sequential,1.0000,0.0000,0,1,93585408,4096,1,1,0
138,138_adaptive_phase_change_run06,adaptive,phase_change,1778426024.539242,/big.txt,93585408,131072,sequential,1.0000,0.0000,0,1,93716480,4096,1,1,0
138,138_adaptive_phase_change_run06,adaptive,phase_change,1778426024.540531,/big.txt,93716480,131072,sequential,1.0000,0.0000,0,1,93847552,4096,1,1,0
138,138_adaptive_phase_change_run06,adaptive,phase_change,1778426024.5418184,/big.txt,93847552,131072,sequential,1.0000,0.0000,0,1,93978624,4096,1,1,0
138,138_adaptive_phase_change_run06,adaptive,phase_change,1778426024.5431457,/big.txt,93978624,131072,sequential,1.0000,0.0000,0,1,94109696,4096,1,1,0
138,138_adaptive_phase_change_run06,adaptive,phase_change,1778426024.5444522,/big.txt,94109696,131072,sequential,1.0000,0.0000,0,1,94240768,4096,1,1,0
138,138_adaptive_phase_change_run06,adaptive,phase_change,1778426024.5457492,/big.txt,94240768,131072,sequential,1.0000,0.0000,0,1,94371840,4096,1,1,0
138,138_adaptive_phase_change_run06,adaptive,phase_change,1778426024.5470715,/big.txt,94371840,131072,sequential,1.0000,0.0000,0,1,94502912,4096,1,1,0
138,138_adaptive_phase_change_run06,adaptive,phase_change,1778426024.5483568,/big.txt,94502912,131072,sequential,1.0000,0.0000,0,1,94633984,4096,1,1,0
138,138_adaptive_phase_change_run06,adaptive,phase_change,1778426024.5496404,/big.txt,94633984,131072,sequential,1.0000,0.0000,0,1,94765056,4096,1,1,0
138,138_adaptive_phase_change_run06,adaptive,phase_change,1778426024.551025,/big.txt,94765056,131072,sequential,1.0000,0.0000,0,1,94896128,4096,1,1,0
138,138_adaptive_phase_change_run06,adaptive,phase_change,1778426024.5523176,/big.txt,94896128,131072,sequential,1.0000,0.0000,0,1,95027200,4096,1,1,0
138,138_adaptive_phase_change_run06,adaptive,phase_change,1778426024.5536072,/big.txt,95027200,131072,sequential,1.0000,0.0000,0,1,95158272,4096,1,1,0
138,138_adaptive_phase_change_run06,adaptive,phase_change,1778426024.5549269,/big.txt,95158272,131072,sequential,1.0000,0.0000,0,1,95289344,4096,1,1,0
138,138_adaptive_phase_change_run06,adaptive,phase_change,1778426024.5562143,/big.txt,95289344,131072,sequential,1.0000,0.0000,0,1,95420416,4096,1,1,0
138,138_adaptive_phase_change_run06,adaptive,phase_change,1778426024.5574906,/big.txt,95420416,131072,sequential,1.0000,0.0000,0,1,95551488,4096,1,1,0
138,138_adaptive_phase_change_run06,adaptive,phase_change,1778426024.5587788,/big.txt,95551488,131072,sequential,1.0000,0.0000,0,1,95682560,4096,1,1,0
138,138_adaptive_phase_change_run06,adaptive,phase_change,1778426024.5600984,/big.txt,95682560,131072,sequential,1.0000,0.0000,0,1,95813632,4096,1,1,0
138,138_adaptive_phase_change_run06,adaptive,phase_change,1778426024.5613754,/big.txt,95813632,131072,sequential,1.0000,0.0000,0,1,95944704,4096,1,1,0
138,138_adaptive_phase_change_run06,adaptive,phase_change,1778426024.5626607,/big.txt,95944704,131072,sequential,1.0000,0.0000,0,1,96075776,4096,1,1,0
138,138_adaptive_phase_change_run06,adaptive,phase_change,1778426024.5640657,/big.txt,96075776,131072,sequential,1.0000,0.0000,0,1,96206848,4096,1,1,0
138,138_adaptive_phase_change_run06,adaptive,phase_change,1778426024.5653584,/big.txt,96206848,131072,sequential,1.0000,0.0000,0,1,96337920,4096,1,1,0
138,138_adaptive_phase_change_run06,adaptive,phase_change,1778426024.5666468,/big.txt,96337920,131072,sequential,1.0000,0.0000,0,1,96468992,4096,1,1,0
138,138_adaptive_phase_change_run06,adaptive,phase_change,1778426024.5679722,/big.txt,96468992,131072,sequential,1.0000,0.0000,0,1,96600064,4096,1,1,0
138,138_adaptive_phase_change_run06,adaptive,phase_change,1778426024.569253,/big.txt,96600064,131072,sequential,1.0000,0.0000,0,1,96731136,4096,1,1,0
138,138_adaptive_phase_change_run06,adaptive,phase_change,1778426024.5705445,/big.txt,96731136,131072,sequential,1.0000,0.0000,0,1,96862208,4096,1,1,0
138,138_adaptive_phase_change_run06,adaptive,phase_change,1778426024.5718431,/big.txt,96862208,131072,sequential,1.0000,0.0000,0,1,96993280,4096,1,1,0
138,138_adaptive_phase_change_run06,adaptive,phase_change,1778426024.5731297,/big.txt,96993280,131072,sequential,1.0000,0.0000,0,1,97124352,4096,1,1,0
138,138_adaptive_phase_change_run06,adaptive,phase_change,1778426024.5744176,/big.txt,97124352,131072,sequential,1.0000,0.0000,0,1,97255424,4096,1,1,0
138,138_adaptive_phase_change_run06,adaptive,phase_change,1778426024.5757515,/big.txt,97255424,131072,sequential,1.0000,0.0000,0,1,97386496,4096,1,1,0
138,138_adaptive_phase_change_run06,adaptive,phase_change,1778426024.5770557,/big.txt,97386496,131072,sequential,1.0000,0.0000,0,1,97517568,4096,1,1,0
138,138_adaptive_phase_change_run06,adaptive,phase_change,1778426024.5783448,/big.txt,97517568,131072,sequential,1.0000,0.0000,0,1,97648640,4096,1,1,0
138,138_adaptive_phase_change_run06,adaptive,phase_change,1778426024.5797043,/big.txt,97648640,131072,sequential,1.0000,0.0000,0,1,97779712,4096,1,1,0
138,138_adaptive_phase_change_run06,adaptive,phase_change,1778426024.5810242,/big.txt,97779712,131072,sequential,1.0000,0.0000,0,1,97910784,4096,1,1,0
138,138_adaptive_phase_change_run06,adaptive,phase_change,1778426024.58231,/big.txt,97910784,131072,sequential,1.0000,0.0000,0,1,98041856,4096,1,1,0
138,138_adaptive_phase_change_run06,adaptive,phase_change,1778426024.583642,/big.txt,98041856,131072,sequential,1.0000,0.0000,0,1,98172928,4096,1,1,0
138,138_adaptive_phase_change_run06,adaptive,phase_change,1778426024.5849283,/big.txt,98172928,131072,sequential,1.0000,0.0000,0,1,98304000,4096,1,1,0
138,138_adaptive_phase_change_run06,adaptive,phase_change,1778426024.5862222,/big.txt,98304000,131072,sequential,1.0000,0.0000,0,1,98435072,4096,1,1,0
138,138_adaptive_phase_change_run06,adaptive,phase_change,1778426024.5875382,/big.txt,98435072,131072,sequential,1.0000,0.0000,0,1,98566144,4096,1,1,0
138,138_adaptive_phase_change_run06,adaptive,phase_change,1778426024.5888155,/big.txt,98566144,131072,sequential,1.0000,0.0000,0,1,98697216,4096,1,1,0
138,138_adaptive_phase_change_run06,adaptive,phase_change,1778426024.5900943,/big.txt,98697216,131072,sequential,1.0000,0.0000,0,1,98828288,4096,1,1,0
138,138_adaptive_phase_change_run06,adaptive,phase_change,1778426024.5914125,/big.txt,98828288,131072,sequential,1.0000,0.0000,0,1,98959360,4096,1,1,0
138,138_adaptive_phase_change_run06,adaptive,phase_change,1778426024.592679,/big.txt,98959360,131072,sequential,1.0000,0.0000,0,1,99090432,4096,1,1,0
138,138_adaptive_phase_change_run06,adaptive,phase_change,1778426024.593973,/big.txt,99090432,131072,sequential,1.0000,0.0000,0,1,99221504,4096,1,1,0
138,138_adaptive_phase_change_run06,adaptive,phase_change,1778426024.595283,/big.txt,99221504,131072,sequential,1.0000,0.0000,0,1,99352576,4096,1,1,0
138,138_adaptive_phase_change_run06,adaptive,phase_change,1778426024.5965757,/big.txt,99352576,131072,sequential,1.0000,0.0000,0,1,99483648,4096,1,1,0
138,138_adaptive_phase_change_run06,adaptive,phase_change,1778426024.597852,/big.txt,99483648,131072,sequential,1.0000,0.0000,0,1,99614720,4096,1,1,0
138,138_adaptive_phase_change_run06,adaptive,phase_change,1778426024.599227,/big.txt,99614720,131072,sequential,1.0000,0.0000,0,1,99745792,4096,1,1,0
138,138_adaptive_phase_change_run06,adaptive,phase_change,1778426024.6005173,/big.txt,99745792,131072,sequential,1.0000,0.0000,0,1,99876864,4096,1,1,0
138,138_adaptive_phase_change_run06,adaptive,phase_change,1778426024.601801,/big.txt,99876864,131072,sequential,1.0000,0.0000,0,1,100007936,4096,1,1,0
138,138_adaptive_phase_change_run06,adaptive,phase_change,1778426024.6031325,/big.txt,100007936,131072,sequential,1.0000,0.0000,0,1,100139008,4096,1,1,0
138,138_adaptive_phase_change_run06,adaptive,phase_change,1778426024.6044152,/big.txt,100139008,131072,sequential,1.0000,0.0000,0,1,100270080,4096,1,1,0
138,138_adaptive_phase_change_run06,adaptive,phase_change,1778426024.6056974,/big.txt,100270080,131072,sequential,1.0000,0.0000,0,1,100401152,4096,1,1,0
138,138_adaptive_phase_change_run06,adaptive,phase_change,1778426024.6070123,/big.txt,100401152,131072,sequential,1.0000,0.0000,0,1,100532224,4096,1,1,0
138,138_adaptive_phase_change_run06,adaptive,phase_change,1778426024.6083026,/big.txt,100532224,131072,sequential,1.0000,0.0000,0,1,100663296,4096,1,1,0
138,138_adaptive_phase_change_run06,adaptive,phase_change,1778426024.6095903,/big.txt,100663296,131072,sequential,1.0000,0.0000,0,1,100794368,4096,1,1,0
138,138_adaptive_phase_change_run06,adaptive,phase_change,1778426024.6109674,/big.txt,100794368,131072,sequential,1.0000,0.0000,0,1,100925440,4096,1,1,0
138,138_adaptive_phase_change_run06,adaptive,phase_change,1778426024.6135178,/big.txt,100925440,131072,sequential,1.0000,0.0000,0,1,101056512,4096,1,1,0
138,138_adaptive_phase_change_run06,adaptive,phase_change,1778426024.616078,/big.txt,101056512,131072,sequential,1.0000,0.0000,0,1,101187584,4096,1,1,0
138,138_adaptive_phase_change_run06,adaptive,phase_change,1778426024.6185915,/big.txt,101187584,131072,sequential,1.0000,0.0000,0,1,101318656,4096,1,1,0
138,138_adaptive_phase_change_run06,adaptive,phase_change,1778426024.6212127,/big.txt,101318656,131072,sequential,1.0000,0.0000,0,1,101449728,4096,1,1,0
138,138_adaptive_phase_change_run06,adaptive,phase_change,1778426024.6232152,/big.txt,101449728,131072,sequential,1.0000,0.0000,0,1,101580800,4096,1,1,0
138,138_adaptive_phase_change_run06,adaptive,phase_change,1778426024.6244953,/big.txt,101580800,131072,sequential,1.0000,0.0000,0,1,101711872,4096,1,1,0
138,138_adaptive_phase_change_run06,adaptive,phase_change,1778426024.6257927,/big.txt,101711872,131072,sequential,1.0000,0.0000,0,1,101842944,4096,1,1,0
138,138_adaptive_phase_change_run06,adaptive,phase_change,1778426024.627125,/big.txt,101842944,131072,sequential,1.0000,0.0000,0,1,101974016,4096,1,1,0
138,138_adaptive_phase_change_run06,adaptive,phase_change,1778426024.6284103,/big.txt,101974016,131072,sequential,1.0000,0.0000,0,1,102105088,4096,1,1,0
138,138_adaptive_phase_change_run06,adaptive,phase_change,1778426024.629699,/big.txt,102105088,131072,sequential,1.0000,0.0000,0,1,102236160,4096,1,1,0
138,138_adaptive_phase_change_run06,adaptive,phase_change,1778426024.6310198,/big.txt,102236160,131072,sequential,1.0000,0.0000,0,1,102367232,4096,1,1,0
138,138_adaptive_phase_change_run06,adaptive,phase_change,1778426024.6323056,/big.txt,102367232,131072,sequential,1.0000,0.0000,0,1,102498304,4096,1,1,0
138,138_adaptive_phase_change_run06,adaptive,phase_change,1778426024.6336038,/big.txt,102498304,131072,sequential,1.0000,0.0000,0,1,102629376,4096,1,1,0
138,138_adaptive_phase_change_run06,adaptive,phase_change,1778426024.634941,/big.txt,102629376,131072,sequential,1.0000,0.0000,0,1,102760448,4096,1,1,0
138,138_adaptive_phase_change_run06,adaptive,phase_change,1778426024.6362352,/big.txt,102760448,131072,sequential,1.0000,0.0000,0,1,102891520,4096,1,1,0
138,138_adaptive_phase_change_run06,adaptive,phase_change,1778426024.6375196,/big.txt,102891520,131072,sequential,1.0000,0.0000,0,1,103022592,4096,1,1,0
138,138_adaptive_phase_change_run06,adaptive,phase_change,1778426024.6388655,/big.txt,103022592,131072,sequential,1.0000,0.0000,0,1,103153664,4096,1,1,0
138,138_adaptive_phase_change_run06,adaptive,phase_change,1778426024.6401486,/big.txt,103153664,131072,sequential,1.0000,0.0000,0,1,103284736,4096,1,1,0
138,138_adaptive_phase_change_run06,adaptive,phase_change,1778426024.641435,/big.txt,103284736,131072,sequential,1.0000,0.0000,0,1,103415808,4096,1,1,0
138,138_adaptive_phase_change_run06,adaptive,phase_change,1778426024.6427183,/big.txt,103415808,131072,sequential,1.0000,0.0000,0,1,103546880,4096,1,1,0
138,138_adaptive_phase_change_run06,adaptive,phase_change,1778426024.6440709,/big.txt,103546880,131072,sequential,1.0000,0.0000,0,1,103677952,4096,1,1,0
138,138_adaptive_phase_change_run06,adaptive,phase_change,1778426024.6453586,/big.txt,103677952,131072,sequential,1.0000,0.0000,0,1,103809024,4096,1,1,0
138,138_adaptive_phase_change_run06,adaptive,phase_change,1778426024.6466413,/big.txt,103809024,131072,sequential,1.0000,0.0000,0,1,103940096,4096,1,1,0
138,138_adaptive_phase_change_run06,adaptive,phase_change,1778426024.6479747,/big.txt,103940096,131072,sequential,1.0000,0.0000,0,1,104071168,4096,1,1,0
138,138_adaptive_phase_change_run06,adaptive,phase_change,1778426024.6492524,/big.txt,104071168,131072,sequential,1.0000,0.0000,0,1,104202240,4096,1,1,0
138,138_adaptive_phase_change_run06,adaptive,phase_change,1778426024.6505284,/big.txt,104202240,131072,sequential,1.0000,0.0000,0,1,104333312,4096,1,1,0
138,138_adaptive_phase_change_run06,adaptive,phase_change,1778426024.6518147,/big.txt,104333312,131072,sequential,1.0000,0.0000,0,1,104464384,4096,1,1,0
138,138_adaptive_phase_change_run06,adaptive,phase_change,1778426024.6531024,/big.txt,104464384,131072,sequential,1.0000,0.0000,0,1,104595456,4096,1,1,0
138,138_adaptive_phase_change_run06,adaptive,phase_change,1778426024.654354,/big.txt,104595456,131072,sequential,1.0000,0.0000,0,1,104726528,4096,1,1,0
138,138_adaptive_phase_change_run06,adaptive,phase_change,1778426024.6556501,/big.txt,104726528,131072,sequential,1.0000,0.0000,0,1,104857600,4096,1,1,0
138,138_adaptive_phase_change_run06,adaptive,phase_change,1778426024.6557999,/big.txt,104857600,0,sequential,1.0000,0.0000,0,0,,,1,0,0
138,138_adaptive_phase_change_run06,adaptive,phase_change,1778426024.659738,/big.txt,20480,4096,seek-suppressed,0.7500,0.2500,104837120,0,,,1,1,0
138,138_adaptive_phase_change_run06,adaptive,phase_change,1778426024.6619055,/big.txt,491520,4096,irregular,0.5000,0.2500,466944,0,,,1,1,0
138,138_adaptive_phase_change_run06,adaptive,phase_change,1778426024.6639512,/big.txt,172032,4096,irregular,0.2500,0.2500,323584,0,,,1,1,0
138,138_adaptive_phase_change_run06,adaptive,phase_change,1778426024.6659865,/big.txt,1228800,4096,seek-suppressed,0.0000,0.2500,1052672,0,,,1,1,0
138,138_adaptive_phase_change_run06,adaptive,phase_change,1778426024.6679893,/big.txt,69632,4096,seek-suppressed,0.0000,0.0000,1163264,0,,,1,1,0
138,138_adaptive_phase_change_run06,adaptive,phase_change,1778426024.6698773,/big.txt,1024000,4096,irregular,0.0000,0.0000,950272,0,,,1,1,0
138,138_adaptive_phase_change_run06,adaptive,phase_change,1778426024.6718824,/big.txt,360448,4096,irregular,0.0000,0.0000,667648,0,,,1,1,0
138,138_adaptive_phase_change_run06,adaptive,phase_change,1778426024.673949,/big.txt,778240,4096,irregular,0.0000,0.0000,413696,0,,,1,1,0
138,138_adaptive_phase_change_run06,adaptive,phase_change,1778426024.676145,/big.txt,245760,4096,irregular,0.0000,0.0000,536576,0,,,1,1,0
138,138_adaptive_phase_change_run06,adaptive,phase_change,1778426024.6781898,/big.txt,40960,4096,irregular,0.0000,0.0000,208896,0,,,1,1,0
138,138_adaptive_phase_change_run06,adaptive,phase_change,1778426024.6802118,/big.txt,1363968,4096,seek-suppressed,0.0000,0.0000,1318912,0,,,1,1,0
138,138_adaptive_phase_change_run06,adaptive,phase_change,1778426024.6821055,/big.txt,307200,4096,seek-suppressed,0.0000,0.0000,1060864,0,,,1,1,0
138,138_adaptive_phase_change_run06,adaptive,phase_change,1778426024.6840928,/big.txt,2097152,4096,seek-suppressed,0.0000,0.0000,1785856,0,,,1,1,0
138,138_adaptive_phase_change_run06,adaptive,phase_change,1778426024.68601,/big.txt,819200,4096,seek-suppressed,0.0000,0.0000,1282048,0,,,1,1,0
138,138_adaptive_phase_change_run06,adaptive,phase_change,1778426024.687976,/big.txt,1843200,4096,irregular,0.0000,0.0000,1019904,0,,,1,1,0
138,138_adaptive_phase_change_run06,adaptive,phase_change,1778426024.6899667,/big.txt,405504,4096,seek-suppressed,0.0000,0.0000,1441792,0,,,1,1,0
138,138_adaptive_phase_change_run06,adaptive,phase_change,1778426024.6920362,/big.txt,2457600,4096,seek-suppressed,0.0000,0.0000,2048000,0,,,1,1,0
138,138_adaptive_phase_change_run06,adaptive,phase_change,1778426024.693985,/big.txt,614400,4096,seek-suppressed,0.0000,0.0000,1847296,0,,,1,1,0
138,138_adaptive_phase_change_run06,adaptive,phase_change,1778426024.695932,/big.txt,2949120,4096,seek-suppressed,0.0000,0.0000,2330624,0,,,1,1,0
138,138_adaptive_phase_change_run06,adaptive,phase_change,1778426024.6977758,/big.txt,1556480,4096,seek-suppressed,0.0000,0.0000,1396736,0,,,1,1,0
138,138_adaptive_phase_change_run06,adaptive,phase_change,1778426024.6997702,/big.txt,102400,4096,seek-suppressed,0.0000,0.0000,1458176,0,,,1,1,0
138,138_adaptive_phase_change_run06,adaptive,phase_change,1778426024.7017975,/big.txt,1966080,4096,seek-suppressed,0.0000,0.0000,1859584,0,,,1,1,0
138,138_adaptive_phase_change_run06,adaptive,phase_change,1778426024.7037084,/big.txt,2621440,4096,irregular,0.0000,0.0000,651264,0,,,1,1,0
138,138_adaptive_phase_change_run06,adaptive,phase_change,1778426024.7056787,/big.txt,225280,4096,seek-suppressed,0.0000,0.0000,2400256,0,,,1,1,0
138,138_adaptive_phase_change_run06,adaptive,phase_change,1778426024.7075658,/big.txt,3317760,4096,seek-suppressed,0.0000,0.0000,3088384,0,,,1,1,0
138,138_adaptive_phase_change_run06,adaptive,phase_change,1778426024.7097445,/big.txt,0,131072,seek-suppressed,0.0000,0.0000,3321856,0,,,1,1,0
138,138_adaptive_phase_change_run06,adaptive,phase_change,1778426024.7109773,/big.txt,131072,131072,irregular,0.2500,0.0000,0,0,,,1,1,1
138,138_adaptive_phase_change_run06,adaptive,phase_change,1778426024.7122319,/big.txt,262144,131072,irregular,0.5000,0.0000,0,0,,,1,1,1
138,138_adaptive_phase_change_run06,adaptive,phase_change,1778426024.713465,/big.txt,393216,131072,irregular,0.7500,0.0000,0,0,,,1,1,1
138,138_adaptive_phase_change_run06,adaptive,phase_change,1778426024.7147093,/big.txt,524288,131072,sequential,1.0000,0.0000,0,1,655360,4096,1,1,1
138,138_adaptive_phase_change_run06,adaptive,phase_change,1778426024.7160819,/big.txt,655360,131072,sequential,1.0000,0.0000,0,1,786432,4096,1,1,0
138,138_adaptive_phase_change_run06,adaptive,phase_change,1778426024.717382,/big.txt,786432,131072,sequential,1.0000,0.0000,0,1,917504,4096,1,1,0
138,138_adaptive_phase_change_run06,adaptive,phase_change,1778426024.7186213,/big.txt,917504,131072,sequential,1.0000,0.0000,0,1,1048576,4096,1,1,0
138,138_adaptive_phase_change_run06,adaptive,phase_change,1778426024.7198803,/big.txt,1048576,131072,sequential,1.0000,0.0000,0,1,1179648,4096,1,1,0
138,138_adaptive_phase_change_run06,adaptive,phase_change,1778426024.7211463,/big.txt,1179648,131072,sequential,1.0000,0.0000,0,1,1310720,4096,1,1,0
138,138_adaptive_phase_change_run06,adaptive,phase_change,1778426024.722381,/big.txt,1310720,131072,sequential,1.0000,0.0000,0,1,1441792,4096,1,1,0
138,138_adaptive_phase_change_run06,adaptive,phase_change,1778426024.7236955,/big.txt,1441792,131072,sequential,1.0000,0.0000,0,1,1572864,4096,1,1,0
138,138_adaptive_phase_change_run06,adaptive,phase_change,1778426024.7250266,/big.txt,1572864,131072,sequential,1.0000,0.0000,0,1,1703936,4096,1,1,0
138,138_adaptive_phase_change_run06,adaptive,phase_change,1778426024.7262816,/big.txt,1703936,131072,sequential,1.0000,0.0000,0,1,1835008,4096,1,1,0
138,138_adaptive_phase_change_run06,adaptive,phase_change,1778426024.7275827,/big.txt,1835008,131072,sequential,1.0000,0.0000,0,1,1966080,4096,1,1,0
138,138_adaptive_phase_change_run06,adaptive,phase_change,1778426024.7288473,/big.txt,1966080,131072,sequential,1.0000,0.0000,0,1,2097152,4096,1,1,0
138,138_adaptive_phase_change_run06,adaptive,phase_change,1778426024.730092,/big.txt,2097152,131072,sequential,1.0000,0.0000,0,1,2228224,4096,1,1,0
138,138_adaptive_phase_change_run06,adaptive,phase_change,1778426024.7313898,/big.txt,2228224,131072,sequential,1.0000,0.0000,0,1,2359296,4096,1,1,0
138,138_adaptive_phase_change_run06,adaptive,phase_change,1778426024.7326522,/big.txt,2359296,131072,sequential,1.0000,0.0000,0,1,2490368,4096,1,1,0
138,138_adaptive_phase_change_run06,adaptive,phase_change,1778426024.733898,/big.txt,2490368,131072,sequential,1.0000,0.0000,0,1,2621440,4096,1,1,0
138,138_adaptive_phase_change_run06,adaptive,phase_change,1778426024.7351983,/big.txt,2621440,131072,sequential,1.0000,0.0000,0,1,2752512,4096,1,1,0
138,138_adaptive_phase_change_run06,adaptive,phase_change,1778426024.7364612,/big.txt,2752512,131072,sequential,1.0000,0.0000,0,1,2883584,4096,1,1,0
138,138_adaptive_phase_change_run06,adaptive,phase_change,1778426024.737719,/big.txt,2883584,131072,sequential,1.0000,0.0000,0,1,3014656,4096,1,1,0
138,138_adaptive_phase_change_run06,adaptive,phase_change,1778426024.7391253,/big.txt,3014656,131072,sequential,1.0000,0.0000,0,1,3145728,4096,1,1,0
138,138_adaptive_phase_change_run06,adaptive,phase_change,1778426024.7403867,/big.txt,3145728,131072,sequential,1.0000,0.0000,0,1,3276800,4096,1,1,0
138,138_adaptive_phase_change_run06,adaptive,phase_change,1778426024.741639,/big.txt,3276800,131072,sequential,1.0000,0.0000,0,1,3407872,4096,1,1,0
138,138_adaptive_phase_change_run06,adaptive,phase_change,1778426024.7429135,/big.txt,3407872,131072,sequential,1.0000,0.0000,0,1,3538944,4096,1,1,0
138,138_adaptive_phase_change_run06,adaptive,phase_change,1778426024.744182,/big.txt,3538944,131072,sequential,1.0000,0.0000,0,1,3670016,4096,1,1,0
138,138_adaptive_phase_change_run06,adaptive,phase_change,1778426024.7454343,/big.txt,3670016,131072,sequential,1.0000,0.0000,0,1,3801088,4096,1,1,0
138,138_adaptive_phase_change_run06,adaptive,phase_change,1778426024.7466767,/big.txt,3801088,131072,sequential,1.0000,0.0000,0,1,3932160,4096,1,1,0
138,138_adaptive_phase_change_run06,adaptive,phase_change,1778426024.748016,/big.txt,3932160,131072,sequential,1.0000,0.0000,0,1,4063232,4096,1,1,0
138,138_adaptive_phase_change_run06,adaptive,phase_change,1778426024.7492728,/big.txt,4063232,131072,sequential,1.0000,0.0000,0,1,4194304,4096,1,1,0
138,138_adaptive_phase_change_run06,adaptive,phase_change,1778426024.750499,/big.txt,4194304,131072,sequential,1.0000,0.0000,0,1,4325376,4096,1,1,0
138,138_adaptive_phase_change_run06,adaptive,phase_change,1778426024.7517354,/big.txt,4325376,131072,sequential,1.0000,0.0000,0,1,4456448,4096,1,1,0
138,138_adaptive_phase_change_run06,adaptive,phase_change,1778426024.7529948,/big.txt,4456448,131072,sequential,1.0000,0.0000,0,1,4587520,4096,1,1,0
138,138_adaptive_phase_change_run06,adaptive,phase_change,1778426024.754251,/big.txt,4587520,131072,sequential,1.0000,0.0000,0,1,4718592,4096,1,1,0
138,138_adaptive_phase_change_run06,adaptive,phase_change,1778426024.755525,/big.txt,4718592,131072,sequential,1.0000,0.0000,0,1,4849664,4096,1,1,0
138,138_adaptive_phase_change_run06,adaptive,phase_change,1778426024.7567933,/big.txt,4849664,131072,sequential,1.0000,0.0000,0,1,4980736,4096,1,1,0
138,138_adaptive_phase_change_run06,adaptive,phase_change,1778426024.7580516,/big.txt,4980736,131072,sequential,1.0000,0.0000,0,1,5111808,4096,1,1,0
138,138_adaptive_phase_change_run06,adaptive,phase_change,1778426024.7593496,/big.txt,5111808,131072,sequential,1.0000,0.0000,0,1,5242880,4096,1,1,0
138,138_adaptive_phase_change_run06,adaptive,phase_change,1778426024.760619,/big.txt,5242880,131072,sequential,1.0000,0.0000,0,1,5373952,4096,1,1,0
138,138_adaptive_phase_change_run06,adaptive,phase_change,1778426024.7618706,/big.txt,5373952,131072,sequential,1.0000,0.0000,0,1,5505024,4096,1,1,0
138,138_adaptive_phase_change_run06,adaptive,phase_change,1778426024.763147,/big.txt,5505024,131072,sequential,1.0000,0.0000,0,1,5636096,4096,1,1,0
138,138_adaptive_phase_change_run06,adaptive,phase_change,1778426024.7644005,/big.txt,5636096,131072,sequential,1.0000,0.0000,0,1,5767168,4096,1,1,0
138,138_adaptive_phase_change_run06,adaptive,phase_change,1778426024.7656586,/big.txt,5767168,131072,sequential,1.0000,0.0000,0,1,5898240,4096,1,1,0
138,138_adaptive_phase_change_run06,adaptive,phase_change,1778426024.766922,/big.txt,5898240,131072,sequential,1.0000,0.0000,0,1,6029312,4096,1,1,0
138,138_adaptive_phase_change_run06,adaptive,phase_change,1778426024.7681713,/big.txt,6029312,131072,sequential,1.0000,0.0000,0,1,6160384,4096,1,1,0
138,138_adaptive_phase_change_run06,adaptive,phase_change,1778426024.769428,/big.txt,6160384,131072,sequential,1.0000,0.0000,0,1,6291456,4096,1,1,0
138,138_adaptive_phase_change_run06,adaptive,phase_change,1778426024.7706716,/big.txt,6291456,131072,sequential,1.0000,0.0000,0,1,6422528,4096,1,1,0
138,138_adaptive_phase_change_run06,adaptive,phase_change,1778426024.7720394,/big.txt,6422528,131072,sequential,1.0000,0.0000,0,1,6553600,4096,1,1,0
138,138_adaptive_phase_change_run06,adaptive,phase_change,1778426024.7732897,/big.txt,6553600,131072,sequential,1.0000,0.0000,0,1,6684672,4096,1,1,0
138,138_adaptive_phase_change_run06,adaptive,phase_change,1778426024.7745368,/big.txt,6684672,131072,sequential,1.0000,0.0000,0,1,6815744,4096,1,1,0
138,138_adaptive_phase_change_run06,adaptive,phase_change,1778426024.7758005,/big.txt,6815744,131072,sequential,1.0000,0.0000,0,1,6946816,4096,1,1,0
138,138_adaptive_phase_change_run06,adaptive,phase_change,1778426024.7770634,/big.txt,6946816,131072,sequential,1.0000,0.0000,0,1,7077888,4096,1,1,0
138,138_adaptive_phase_change_run06,adaptive,phase_change,1778426024.778336,/big.txt,7077888,131072,sequential,1.0000,0.0000,0,1,7208960,4096,1,1,0
138,138_adaptive_phase_change_run06,adaptive,phase_change,1778426024.779663,/big.txt,7208960,131072,sequential,1.0000,0.0000,0,1,7340032,4096,1,1,0
138,138_adaptive_phase_change_run06,adaptive,phase_change,1778426024.780987,/big.txt,7340032,131072,sequential,1.0000,0.0000,0,1,7471104,4096,1,1,0
138,138_adaptive_phase_change_run06,adaptive,phase_change,1778426024.7822518,/big.txt,7471104,131072,sequential,1.0000,0.0000,0,1,7602176,4096,1,1,0
138,138_adaptive_phase_change_run06,adaptive,phase_change,1778426024.7835987,/big.txt,7602176,131072,sequential,1.0000,0.0000,0,1,7733248,4096,1,1,0
138,138_adaptive_phase_change_run06,adaptive,phase_change,1778426024.7848682,/big.txt,7733248,131072,sequential,1.0000,0.0000,0,1,7864320,4096,1,1,0
138,138_adaptive_phase_change_run06,adaptive,phase_change,1778426024.786141,/big.txt,7864320,131072,sequential,1.0000,0.0000,0,1,7995392,4096,1,1,0
138,138_adaptive_phase_change_run06,adaptive,phase_change,1778426024.787437,/big.txt,7995392,131072,sequential,1.0000,0.0000,0,1,8126464,4096,1,1,0
138,138_adaptive_phase_change_run06,adaptive,phase_change,1778426024.7886975,/big.txt,8126464,131072,sequential,1.0000,0.0000,0,1,8257536,4096,1,1,0
138,138_adaptive_phase_change_run06,adaptive,phase_change,1778426024.7899477,/big.txt,8257536,131072,sequential,1.0000,0.0000,0,1,8388608,4096,1,1,0
138,138_adaptive_phase_change_run06,adaptive,phase_change,1778426024.7912498,/big.txt,8388608,131072,sequential,1.0000,0.0000,0,1,8519680,4096,1,1,0
138,138_adaptive_phase_change_run06,adaptive,phase_change,1778426024.7925124,/big.txt,8519680,131072,sequential,1.0000,0.0000,0,1,8650752,4096,1,1,0
138,138_adaptive_phase_change_run06,adaptive,phase_change,1778426024.7937725,/big.txt,8650752,131072,sequential,1.0000,0.0000,0,1,8781824,4096,1,1,0
138,138_adaptive_phase_change_run06,adaptive,phase_change,1778426024.795158,/big.txt,8781824,131072,sequential,1.0000,0.0000,0,1,8912896,4096,1,1,0
138,138_adaptive_phase_change_run06,adaptive,phase_change,1778426024.796421,/big.txt,8912896,131072,sequential,1.0000,0.0000,0,1,9043968,4096,1,1,0
138,138_adaptive_phase_change_run06,adaptive,phase_change,1778426024.7976885,/big.txt,9043968,131072,sequential,1.0000,0.0000,0,1,9175040,4096,1,1,0
138,138_adaptive_phase_change_run06,adaptive,phase_change,1778426024.7989926,/big.txt,9175040,131072,sequential,1.0000,0.0000,0,1,9306112,4096,1,1,0
138,138_adaptive_phase_change_run06,adaptive,phase_change,1778426024.8002641,/big.txt,9306112,131072,sequential,1.0000,0.0000,0,1,9437184,4096,1,1,0
138,138_adaptive_phase_change_run06,adaptive,phase_change,1778426024.8015194,/big.txt,9437184,131072,sequential,1.0000,0.0000,0,1,9568256,4096,1,1,0
138,138_adaptive_phase_change_run06,adaptive,phase_change,1778426024.8027709,/big.txt,9568256,131072,sequential,1.0000,0.0000,0,1,9699328,4096,1,1,0
138,138_adaptive_phase_change_run06,adaptive,phase_change,1778426024.80416,/big.txt,9699328,131072,sequential,1.0000,0.0000,0,1,9830400,4096,1,1,0
138,138_adaptive_phase_change_run06,adaptive,phase_change,1778426024.8054404,/big.txt,9830400,131072,sequential,1.0000,0.0000,0,1,9961472,4096,1,1,0
138,138_adaptive_phase_change_run06,adaptive,phase_change,1778426024.80669,/big.txt,9961472,131072,sequential,1.0000,0.0000,0,1,10092544,4096,1,1,0
138,138_adaptive_phase_change_run06,adaptive,phase_change,1778426024.8079896,/big.txt,10092544,131072,sequential,1.0000,0.0000,0,1,10223616,4096,1,1,0
138,138_adaptive_phase_change_run06,adaptive,phase_change,1778426024.8092473,/big.txt,10223616,131072,sequential,1.0000,0.0000,0,1,10354688,4096,1,1,0
138,138_adaptive_phase_change_run06,adaptive,phase_change,1778426024.8104968,/big.txt,10354688,131072,sequential,1.0000,0.0000,0,1,10485760,4096,1,1,0
138,138_adaptive_phase_change_run06,adaptive,phase_change,1778426024.8117888,/big.txt,10485760,131072,sequential,1.0000,0.0000,0,1,10616832,4096,1,1,0
138,138_adaptive_phase_change_run06,adaptive,phase_change,1778426024.8130562,/big.txt,10616832,131072,sequential,1.0000,0.0000,0,1,10747904,4096,1,1,0
138,138_adaptive_phase_change_run06,adaptive,phase_change,1778426024.8143137,/big.txt,10747904,131072,sequential,1.0000,0.0000,0,1,10878976,4096,1,1,0
138,138_adaptive_phase_change_run06,adaptive,phase_change,1778426024.815626,/big.txt,10878976,131072,sequential,1.0000,0.0000,0,1,11010048,4096,1,1,0
138,138_adaptive_phase_change_run06,adaptive,phase_change,1778426024.8169205,/big.txt,11010048,131072,sequential,1.0000,0.0000,0,1,11141120,4096,1,1,0
138,138_adaptive_phase_change_run06,adaptive,phase_change,1778426024.8181849,/big.txt,11141120,131072,sequential,1.0000,0.0000,0,1,11272192,4096,1,1,0
138,138_adaptive_phase_change_run06,adaptive,phase_change,1778426024.8194823,/big.txt,11272192,131072,sequential,1.0000,0.0000,0,1,11403264,4096,1,1,0
138,138_adaptive_phase_change_run06,adaptive,phase_change,1778426024.8207514,/big.txt,11403264,131072,sequential,1.0000,0.0000,0,1,11534336,4096,1,1,0
138,138_adaptive_phase_change_run06,adaptive,phase_change,1778426024.822008,/big.txt,11534336,131072,sequential,1.0000,0.0000,0,1,11665408,4096,1,1,0
138,138_adaptive_phase_change_run06,adaptive,phase_change,1778426024.8233054,/big.txt,11665408,131072,sequential,1.0000,0.0000,0,1,11796480,4096,1,1,0
138,138_adaptive_phase_change_run06,adaptive,phase_change,1778426024.8245552,/big.txt,11796480,131072,sequential,1.0000,0.0000,0,1,11927552,4096,1,1,0
138,138_adaptive_phase_change_run06,adaptive,phase_change,1778426024.82581,/big.txt,11927552,131072,sequential,1.0000,0.0000,0,1,12058624,4096,1,1,0
138,138_adaptive_phase_change_run06,adaptive,phase_change,1778426024.8271072,/big.txt,12058624,131072,sequential,1.0000,0.0000,0,1,12189696,4096,1,1,0
138,138_adaptive_phase_change_run06,adaptive,phase_change,1778426024.828374,/big.txt,12189696,131072,sequential,1.0000,0.0000,0,1,12320768,4096,1,1,0
138,138_adaptive_phase_change_run06,adaptive,phase_change,1778426024.8296325,/big.txt,12320768,131072,sequential,1.0000,0.0000,0,1,12451840,4096,1,1,0
138,138_adaptive_phase_change_run06,adaptive,phase_change,1778426024.8310204,/big.txt,12451840,131072,sequential,1.0000,0.0000,0,1,12582912,4096,1,1,0
138,138_adaptive_phase_change_run06,adaptive,phase_change,1778426024.832295,/big.txt,12582912,131072,sequential,1.0000,0.0000,0,1,12713984,4096,1,1,0
138,138_adaptive_phase_change_run06,adaptive,phase_change,1778426024.8335705,/big.txt,12713984,131072,sequential,1.0000,0.0000,0,1,12845056,4096,1,1,0
138,138_adaptive_phase_change_run06,adaptive,phase_change,1778426024.8348627,/big.txt,12845056,131072,sequential,1.0000,0.0000,0,1,12976128,4096,1,1,0
138,138_adaptive_phase_change_run06,adaptive,phase_change,1778426024.8361259,/big.txt,12976128,131072,sequential,1.0000,0.0000,0,1,13107200,4096,1,1,0
138,138_adaptive_phase_change_run06,adaptive,phase_change,1778426024.8373775,/big.txt,13107200,131072,sequential,1.0000,0.0000,0,1,13238272,4096,1,1,0
138,138_adaptive_phase_change_run06,adaptive,phase_change,1778426024.8386269,/big.txt,13238272,131072,sequential,1.0000,0.0000,0,1,13369344,4096,1,1,0
138,138_adaptive_phase_change_run06,adaptive,phase_change,1778426024.8400507,/big.txt,13369344,131072,sequential,1.0000,0.0000,0,1,13500416,4096,1,1,0
138,138_adaptive_phase_change_run06,adaptive,phase_change,1778426024.8413124,/big.txt,13500416,131072,sequential,1.0000,0.0000,0,1,13631488,4096,1,1,0
138,138_adaptive_phase_change_run06,adaptive,phase_change,1778426024.8425696,/big.txt,13631488,131072,sequential,1.0000,0.0000,0,1,13762560,4096,1,1,0
138,138_adaptive_phase_change_run06,adaptive,phase_change,1778426024.8438272,/big.txt,13762560,131072,sequential,1.0000,0.0000,0,1,13893632,4096,1,1,0
138,138_adaptive_phase_change_run06,adaptive,phase_change,1778426024.8450818,/big.txt,13893632,131072,sequential,1.0000,0.0000,0,1,14024704,4096,1,1,0
138,138_adaptive_phase_change_run06,adaptive,phase_change,1778426024.846342,/big.txt,14024704,131072,sequential,1.0000,0.0000,0,1,14155776,4096,1,1,0
138,138_adaptive_phase_change_run06,adaptive,phase_change,1778426024.8476567,/big.txt,14155776,131072,sequential,1.0000,0.0000,0,1,14286848,4096,1,1,0
138,138_adaptive_phase_change_run06,adaptive,phase_change,1778426024.8489683,/big.txt,14286848,131072,sequential,1.0000,0.0000,0,1,14417920,4096,1,1,0
138,138_adaptive_phase_change_run06,adaptive,phase_change,1778426024.8502362,/big.txt,14417920,131072,sequential,1.0000,0.0000,0,1,14548992,4096,1,1,0
138,138_adaptive_phase_change_run06,adaptive,phase_change,1778426024.8515368,/big.txt,14548992,131072,sequential,1.0000,0.0000,0,1,14680064,4096,1,1,0
138,138_adaptive_phase_change_run06,adaptive,phase_change,1778426024.8528032,/big.txt,14680064,131072,sequential,1.0000,0.0000,0,1,14811136,4096,1,1,0
138,138_adaptive_phase_change_run06,adaptive,phase_change,1778426024.854064,/big.txt,14811136,131072,sequential,1.0000,0.0000,0,1,14942208,4096,1,1,0
138,138_adaptive_phase_change_run06,adaptive,phase_change,1778426024.855375,/big.txt,14942208,131072,sequential,1.0000,0.0000,0,1,15073280,4096,1,1,0
138,138_adaptive_phase_change_run06,adaptive,phase_change,1778426024.8566437,/big.txt,15073280,131072,sequential,1.0000,0.0000,0,1,15204352,4096,1,1,0
138,138_adaptive_phase_change_run06,adaptive,phase_change,1778426024.857901,/big.txt,15204352,131072,sequential,1.0000,0.0000,0,1,15335424,4096,1,1,0
138,138_adaptive_phase_change_run06,adaptive,phase_change,1778426024.8591979,/big.txt,15335424,131072,sequential,1.0000,0.0000,0,1,15466496,4096,1,1,0
138,138_adaptive_phase_change_run06,adaptive,phase_change,1778426024.860456,/big.txt,15466496,131072,sequential,1.0000,0.0000,0,1,15597568,4096,1,1,0
138,138_adaptive_phase_change_run06,adaptive,phase_change,1778426024.8617089,/big.txt,15597568,131072,sequential,1.0000,0.0000,0,1,15728640,4096,1,1,0
138,138_adaptive_phase_change_run06,adaptive,phase_change,1778426024.8630033,/big.txt,15728640,131072,sequential,1.0000,0.0000,0,1,15859712,4096,1,1,0
138,138_adaptive_phase_change_run06,adaptive,phase_change,1778426024.8642673,/big.txt,15859712,131072,sequential,1.0000,0.0000,0,1,15990784,4096,1,1,0
138,138_adaptive_phase_change_run06,adaptive,phase_change,1778426024.8655248,/big.txt,15990784,131072,sequential,1.0000,0.0000,0,1,16121856,4096,1,1,0
138,138_adaptive_phase_change_run06,adaptive,phase_change,1778426024.8667862,/big.txt,16121856,131072,sequential,1.0000,0.0000,0,1,16252928,4096,1,1,0
138,138_adaptive_phase_change_run06,adaptive,phase_change,1778426024.8680859,/big.txt,16252928,131072,sequential,1.0000,0.0000,0,1,16384000,4096,1,1,0
138,138_adaptive_phase_change_run06,adaptive,phase_change,1778426024.8693519,/big.txt,16384000,131072,sequential,1.0000,0.0000,0,1,16515072,4096,1,1,0
138,138_adaptive_phase_change_run06,adaptive,phase_change,1778426024.8706052,/big.txt,16515072,131072,sequential,1.0000,0.0000,0,1,16646144,4096,1,1,0
138,138_adaptive_phase_change_run06,adaptive,phase_change,1778426024.8718698,/big.txt,16646144,131072,sequential,1.0000,0.0000,0,1,16777216,4096,1,1,0
138,138_adaptive_phase_change_run06,adaptive,phase_change,1778426024.8731499,/big.txt,16777216,131072,sequential,1.0000,0.0000,0,1,16908288,4096,1,1,0
138,138_adaptive_phase_change_run06,adaptive,phase_change,1778426024.8744242,/big.txt,16908288,131072,sequential,1.0000,0.0000,0,1,17039360,4096,1,1,0
138,138_adaptive_phase_change_run06,adaptive,phase_change,1778426024.8757408,/big.txt,17039360,131072,sequential,1.0000,0.0000,0,1,17170432,4096,1,1,0
138,138_adaptive_phase_change_run06,adaptive,phase_change,1778426024.8770018,/big.txt,17170432,131072,sequential,1.0000,0.0000,0,1,17301504,4096,1,1,0
138,138_adaptive_phase_change_run06,adaptive,phase_change,1778426024.8782637,/big.txt,17301504,131072,sequential,1.0000,0.0000,0,1,17432576,4096,1,1,0
138,138_adaptive_phase_change_run06,adaptive,phase_change,1778426024.8796113,/big.txt,17432576,131072,sequential,1.0000,0.0000,0,1,17563648,4096,1,1,0
138,138_adaptive_phase_change_run06,adaptive,phase_change,1778426024.8808775,/big.txt,17563648,131072,sequential,1.0000,0.0000,0,1,17694720,4096,1,1,0
138,138_adaptive_phase_change_run06,adaptive,phase_change,1778426024.8821485,/big.txt,17694720,131072,sequential,1.0000,0.0000,0,1,17825792,4096,1,1,0
138,138_adaptive_phase_change_run06,adaptive,phase_change,1778426024.8834465,/big.txt,17825792,131072,sequential,1.0000,0.0000,0,1,17956864,4096,1,1,0
138,138_adaptive_phase_change_run06,adaptive,phase_change,1778426024.884715,/big.txt,17956864,131072,sequential,1.0000,0.0000,0,1,18087936,4096,1,1,0
138,138_adaptive_phase_change_run06,adaptive,phase_change,1778426024.8859844,/big.txt,18087936,131072,sequential,1.0000,0.0000,0,1,18219008,4096,1,1,0
138,138_adaptive_phase_change_run06,adaptive,phase_change,1778426024.8872755,/big.txt,18219008,131072,sequential,1.0000,0.0000,0,1,18350080,4096,1,1,0
138,138_adaptive_phase_change_run06,adaptive,phase_change,1778426024.8885252,/big.txt,18350080,131072,sequential,1.0000,0.0000,0,1,18481152,4096,1,1,0
138,138_adaptive_phase_change_run06,adaptive,phase_change,1778426024.8897777,/big.txt,18481152,131072,sequential,1.0000,0.0000,0,1,18612224,4096,1,1,0
138,138_adaptive_phase_change_run06,adaptive,phase_change,1778426024.8910787,/big.txt,18612224,131072,sequential,1.0000,0.0000,0,1,18743296,4096,1,1,0
138,138_adaptive_phase_change_run06,adaptive,phase_change,1778426024.8923397,/big.txt,18743296,131072,sequential,1.0000,0.0000,0,1,18874368,4096,1,1,0
138,138_adaptive_phase_change_run06,adaptive,phase_change,1778426024.8936012,/big.txt,18874368,131072,sequential,1.0000,0.0000,0,1,19005440,4096,1,1,0
138,138_adaptive_phase_change_run06,adaptive,phase_change,1778426024.895053,/big.txt,19005440,131072,sequential,1.0000,0.0000,0,1,19136512,4096,1,1,0
138,138_adaptive_phase_change_run06,adaptive,phase_change,1778426024.896321,/big.txt,19136512,131072,sequential,1.0000,0.0000,0,1,19267584,4096,1,1,0
138,138_adaptive_phase_change_run06,adaptive,phase_change,1778426024.897588,/big.txt,19267584,131072,sequential,1.0000,0.0000,0,1,19398656,4096,1,1,0
138,138_adaptive_phase_change_run06,adaptive,phase_change,1778426024.898898,/big.txt,19398656,131072,sequential,1.0000,0.0000,0,1,19529728,4096,1,1,0
138,138_adaptive_phase_change_run06,adaptive,phase_change,1778426024.9001625,/big.txt,19529728,131072,sequential,1.0000,0.0000,0,1,19660800,4096,1,1,0
138,138_adaptive_phase_change_run06,adaptive,phase_change,1778426024.9014206,/big.txt,19660800,131072,sequential,1.0000,0.0000,0,1,19791872,4096,1,1,0
138,138_adaptive_phase_change_run06,adaptive,phase_change,1778426024.9026732,/big.txt,19791872,131072,sequential,1.0000,0.0000,0,1,19922944,4096,1,1,0
138,138_adaptive_phase_change_run06,adaptive,phase_change,1778426024.9040258,/big.txt,19922944,131072,sequential,1.0000,0.0000,0,1,20054016,4096,1,1,0
138,138_adaptive_phase_change_run06,adaptive,phase_change,1778426024.9052944,/big.txt,20054016,131072,sequential,1.0000,0.0000,0,1,20185088,4096,1,1,0
138,138_adaptive_phase_change_run06,adaptive,phase_change,1778426024.9065495,/big.txt,20185088,131072,sequential,1.0000,0.0000,0,1,20316160,4096,1,1,0
138,138_adaptive_phase_change_run06,adaptive,phase_change,1778426024.907872,/big.txt,20316160,131072,sequential,1.0000,0.0000,0,1,20447232,4096,1,1,0
138,138_adaptive_phase_change_run06,adaptive,phase_change,1778426024.909219,/big.txt,20447232,131072,sequential,1.0000,0.0000,0,1,20578304,4096,1,1,0
138,138_adaptive_phase_change_run06,adaptive,phase_change,1778426024.9104953,/big.txt,20578304,131072,sequential,1.0000,0.0000,0,1,20709376,4096,1,1,0
138,138_adaptive_phase_change_run06,adaptive,phase_change,1778426024.9118032,/big.txt,20709376,131072,sequential,1.0000,0.0000,0,1,20840448,4096,1,1,0
138,138_adaptive_phase_change_run06,adaptive,phase_change,1778426024.9131594,/big.txt,20840448,131072,sequential,1.0000,0.0000,0,1,20971520,4096,1,1,0
138,138_adaptive_phase_change_run06,adaptive,phase_change,1778426024.9144197,/big.txt,20971520,131072,sequential,1.0000,0.0000,0,1,21102592,4096,1,1,0
138,138_adaptive_phase_change_run06,adaptive,phase_change,1778426024.915773,/big.txt,21102592,131072,sequential,1.0000,0.0000,0,1,21233664,4096,1,1,0
138,138_adaptive_phase_change_run06,adaptive,phase_change,1778426024.9170775,/big.txt,21233664,131072,sequential,1.0000,0.0000,0,1,21364736,4096,1,1,0
138,138_adaptive_phase_change_run06,adaptive,phase_change,1778426024.9183939,/big.txt,21364736,131072,sequential,1.0000,0.0000,0,1,21495808,4096,1,1,0
138,138_adaptive_phase_change_run06,adaptive,phase_change,1778426024.9197257,/big.txt,21495808,131072,sequential,1.0000,0.0000,0,1,21626880,4096,1,1,0
138,138_adaptive_phase_change_run06,adaptive,phase_change,1778426024.9210384,/big.txt,21626880,131072,sequential,1.0000,0.0000,0,1,21757952,4096,1,1,0
138,138_adaptive_phase_change_run06,adaptive,phase_change,1778426024.9223225,/big.txt,21757952,131072,sequential,1.0000,0.0000,0,1,21889024,4096,1,1,0
138,138_adaptive_phase_change_run06,adaptive,phase_change,1778426024.9236438,/big.txt,21889024,131072,sequential,1.0000,0.0000,0,1,22020096,4096,1,1,0
138,138_adaptive_phase_change_run06,adaptive,phase_change,1778426024.9249635,/big.txt,22020096,131072,sequential,1.0000,0.0000,0,1,22151168,4096,1,1,0
138,138_adaptive_phase_change_run06,adaptive,phase_change,1778426024.9262242,/big.txt,22151168,131072,sequential,1.0000,0.0000,0,1,22282240,4096,1,1,0
138,138_adaptive_phase_change_run06,adaptive,phase_change,1778426024.9275365,/big.txt,22282240,131072,sequential,1.0000,0.0000,0,1,22413312,4096,1,1,0
138,138_adaptive_phase_change_run06,adaptive,phase_change,1778426024.9287975,/big.txt,22413312,131072,sequential,1.0000,0.0000,0,1,22544384,4096,1,1,0
138,138_adaptive_phase_change_run06,adaptive,phase_change,1778426024.9300623,/big.txt,22544384,131072,sequential,1.0000,0.0000,0,1,22675456,4096,1,1,0
138,138_adaptive_phase_change_run06,adaptive,phase_change,1778426024.9313748,/big.txt,22675456,131072,sequential,1.0000,0.0000,0,1,22806528,4096,1,1,0
138,138_adaptive_phase_change_run06,adaptive,phase_change,1778426024.9326506,/big.txt,22806528,131072,sequential,1.0000,0.0000,0,1,22937600,4096,1,1,0
138,138_adaptive_phase_change_run06,adaptive,phase_change,1778426024.9339173,/big.txt,22937600,131072,sequential,1.0000,0.0000,0,1,23068672,4096,1,1,0
138,138_adaptive_phase_change_run06,adaptive,phase_change,1778426024.9352155,/big.txt,23068672,131072,sequential,1.0000,0.0000,0,1,23199744,4096,1,1,0
138,138_adaptive_phase_change_run06,adaptive,phase_change,1778426024.9364855,/big.txt,23199744,131072,sequential,1.0000,0.0000,0,1,23330816,4096,1,1,0
138,138_adaptive_phase_change_run06,adaptive,phase_change,1778426024.9377453,/big.txt,23330816,131072,sequential,1.0000,0.0000,0,1,23461888,4096,1,1,0
138,138_adaptive_phase_change_run06,adaptive,phase_change,1778426024.9391222,/big.txt,23461888,131072,sequential,1.0000,0.0000,0,1,23592960,4096,1,1,0
138,138_adaptive_phase_change_run06,adaptive,phase_change,1778426024.9403877,/big.txt,23592960,131072,sequential,1.0000,0.0000,0,1,23724032,4096,1,1,0
138,138_adaptive_phase_change_run06,adaptive,phase_change,1778426024.9416482,/big.txt,23724032,131072,sequential,1.0000,0.0000,0,1,23855104,4096,1,1,0
138,138_adaptive_phase_change_run06,adaptive,phase_change,1778426024.9429383,/big.txt,23855104,131072,sequential,1.0000,0.0000,0,1,23986176,4096,1,1,0
138,138_adaptive_phase_change_run06,adaptive,phase_change,1778426024.9442062,/big.txt,23986176,131072,sequential,1.0000,0.0000,0,1,24117248,4096,1,1,0
138,138_adaptive_phase_change_run06,adaptive,phase_change,1778426024.9454718,/big.txt,24117248,131072,sequential,1.0000,0.0000,0,1,24248320,4096,1,1,0
138,138_adaptive_phase_change_run06,adaptive,phase_change,1778426024.9467275,/big.txt,24248320,131072,sequential,1.0000,0.0000,0,1,24379392,4096,1,1,0
138,138_adaptive_phase_change_run06,adaptive,phase_change,1778426024.948094,/big.txt,24379392,131072,sequential,1.0000,0.0000,0,1,24510464,4096,1,1,0
138,138_adaptive_phase_change_run06,adaptive,phase_change,1778426024.949399,/big.txt,24510464,131072,sequential,1.0000,0.0000,0,1,24641536,4096,1,1,0
138,138_adaptive_phase_change_run06,adaptive,phase_change,1778426024.9506607,/big.txt,24641536,131072,sequential,1.0000,0.0000,0,1,24772608,4096,1,1,0
138,138_adaptive_phase_change_run06,adaptive,phase_change,1778426024.9520926,/big.txt,24772608,131072,sequential,1.0000,0.0000,0,1,24903680,4096,1,1,0
138,138_adaptive_phase_change_run06,adaptive,phase_change,1778426024.9533627,/big.txt,24903680,131072,sequential,1.0000,0.0000,0,1,25034752,4096,1,1,0
138,138_adaptive_phase_change_run06,adaptive,phase_change,1778426024.9546297,/big.txt,25034752,131072,sequential,1.0000,0.0000,0,1,25165824,4096,1,1,0
138,138_adaptive_phase_change_run06,adaptive,phase_change,1778426024.9559522,/big.txt,25165824,131072,sequential,1.0000,0.0000,0,1,25296896,4096,1,1,0
138,138_adaptive_phase_change_run06,adaptive,phase_change,1778426024.9572198,/big.txt,25296896,131072,sequential,1.0000,0.0000,0,1,25427968,4096,1,1,0
138,138_adaptive_phase_change_run06,adaptive,phase_change,1778426024.9584928,/big.txt,25427968,131072,sequential,1.0000,0.0000,0,1,25559040,4096,1,1,0
138,138_adaptive_phase_change_run06,adaptive,phase_change,1778426024.959797,/big.txt,25559040,131072,sequential,1.0000,0.0000,0,1,25690112,4096,1,1,0
138,138_adaptive_phase_change_run06,adaptive,phase_change,1778426024.9610617,/big.txt,25690112,131072,sequential,1.0000,0.0000,0,1,25821184,4096,1,1,0
138,138_adaptive_phase_change_run06,adaptive,phase_change,1778426024.962324,/big.txt,25821184,131072,sequential,1.0000,0.0000,0,1,25952256,4096,1,1,0
138,138_adaptive_phase_change_run06,adaptive,phase_change,1778426024.9636526,/big.txt,25952256,131072,sequential,1.0000,0.0000,0,1,26083328,4096,1,1,0
138,138_adaptive_phase_change_run06,adaptive,phase_change,1778426024.9649506,/big.txt,26083328,131072,sequential,1.0000,0.0000,0,1,26214400,4096,1,1,0
138,138_adaptive_phase_change_run06,adaptive,phase_change,1778426024.9662156,/big.txt,26214400,131072,sequential,1.0000,0.0000,0,1,26345472,4096,1,1,0
138,138_adaptive_phase_change_run06,adaptive,phase_change,1778426024.967522,/big.txt,26345472,131072,sequential,1.0000,0.0000,0,1,26476544,4096,1,1,0
138,138_adaptive_phase_change_run06,adaptive,phase_change,1778426024.9687839,/big.txt,26476544,131072,sequential,1.0000,0.0000,0,1,26607616,4096,1,1,0
138,138_adaptive_phase_change_run06,adaptive,phase_change,1778426024.9700396,/big.txt,26607616,131072,sequential,1.0000,0.0000,0,1,26738688,4096,1,1,0
138,138_adaptive_phase_change_run06,adaptive,phase_change,1778426024.9713604,/big.txt,26738688,131072,sequential,1.0000,0.0000,0,1,26869760,4096,1,1,0
138,138_adaptive_phase_change_run06,adaptive,phase_change,1778426024.9726238,/big.txt,26869760,131072,sequential,1.0000,0.0000,0,1,27000832,4096,1,1,0
138,138_adaptive_phase_change_run06,adaptive,phase_change,1778426024.9738824,/big.txt,27000832,131072,sequential,1.0000,0.0000,0,1,27131904,4096,1,1,0
138,138_adaptive_phase_change_run06,adaptive,phase_change,1778426024.9751706,/big.txt,27131904,131072,sequential,1.0000,0.0000,0,1,27262976,4096,1,1,0
138,138_adaptive_phase_change_run06,adaptive,phase_change,1778426024.976437,/big.txt,27262976,131072,sequential,1.0000,0.0000,0,1,27394048,4096,1,1,0
138,138_adaptive_phase_change_run06,adaptive,phase_change,1778426024.9776983,/big.txt,27394048,131072,sequential,1.0000,0.0000,0,1,27525120,4096,1,1,0
138,138_adaptive_phase_change_run06,adaptive,phase_change,1778426024.978988,/big.txt,27525120,131072,sequential,1.0000,0.0000,0,1,27656192,4096,1,1,0
138,138_adaptive_phase_change_run06,adaptive,phase_change,1778426024.9802542,/big.txt,27656192,131072,sequential,1.0000,0.0000,0,1,27787264,4096,1,1,0
138,138_adaptive_phase_change_run06,adaptive,phase_change,1778426024.9815192,/big.txt,27787264,131072,sequential,1.0000,0.0000,0,1,27918336,4096,1,1,0
138,138_adaptive_phase_change_run06,adaptive,phase_change,1778426024.982788,/big.txt,27918336,131072,sequential,1.0000,0.0000,0,1,28049408,4096,1,1,0
138,138_adaptive_phase_change_run06,adaptive,phase_change,1778426024.9841022,/big.txt,28049408,131072,sequential,1.0000,0.0000,0,1,28180480,4096,1,1,0
138,138_adaptive_phase_change_run06,adaptive,phase_change,1778426024.9853764,/big.txt,28180480,131072,sequential,1.0000,0.0000,0,1,28311552,4096,1,1,0
138,138_adaptive_phase_change_run06,adaptive,phase_change,1778426024.9866352,/big.txt,28311552,131072,sequential,1.0000,0.0000,0,1,28442624,4096,1,1,0
138,138_adaptive_phase_change_run06,adaptive,phase_change,1778426024.987941,/big.txt,28442624,131072,sequential,1.0000,0.0000,0,1,28573696,4096,1,1,0
138,138_adaptive_phase_change_run06,adaptive,phase_change,1778426024.9892013,/big.txt,28573696,131072,sequential,1.0000,0.0000,0,1,28704768,4096,1,1,0
138,138_adaptive_phase_change_run06,adaptive,phase_change,1778426024.9904544,/big.txt,28704768,131072,sequential,1.0000,0.0000,0,1,28835840,4096,1,1,0
138,138_adaptive_phase_change_run06,adaptive,phase_change,1778426024.991768,/big.txt,28835840,131072,sequential,1.0000,0.0000,0,1,28966912,4096,1,1,0
138,138_adaptive_phase_change_run06,adaptive,phase_change,1778426024.9930356,/big.txt,28966912,131072,sequential,1.0000,0.0000,0,1,29097984,4096,1,1,0
138,138_adaptive_phase_change_run06,adaptive,phase_change,1778426024.994295,/big.txt,29097984,131072,sequential,1.0000,0.0000,0,1,29229056,4096,1,1,0
138,138_adaptive_phase_change_run06,adaptive,phase_change,1778426024.995587,/big.txt,29229056,131072,sequential,1.0000,0.0000,0,1,29360128,4096,1,1,0
138,138_adaptive_phase_change_run06,adaptive,phase_change,1778426024.9968398,/big.txt,29360128,131072,sequential,1.0000,0.0000,0,1,29491200,4096,1,1,0
138,138_adaptive_phase_change_run06,adaptive,phase_change,1778426024.9980876,/big.txt,29491200,131072,sequential,1.0000,0.0000,0,1,29622272,4096,1,1,0
138,138_adaptive_phase_change_run06,adaptive,phase_change,1778426024.9994035,/big.txt,29622272,131072,sequential,1.0000,0.0000,0,1,29753344,4096,1,1,0
138,138_adaptive_phase_change_run06,adaptive,phase_change,1778426025.000673,/big.txt,29753344,131072,sequential,1.0000,0.0000,0,1,29884416,4096,1,1,0
138,138_adaptive_phase_change_run06,adaptive,phase_change,1778426025.0019338,/big.txt,29884416,131072,sequential,1.0000,0.0000,0,1,30015488,4096,1,1,0
138,138_adaptive_phase_change_run06,adaptive,phase_change,1778426025.0032322,/big.txt,30015488,131072,sequential,1.0000,0.0000,0,1,30146560,4096,1,1,0
138,138_adaptive_phase_change_run06,adaptive,phase_change,1778426025.0044954,/big.txt,30146560,131072,sequential,1.0000,0.0000,0,1,30277632,4096,1,1,0
138,138_adaptive_phase_change_run06,adaptive,phase_change,1778426025.005758,/big.txt,30277632,131072,sequential,1.0000,0.0000,0,1,30408704,4096,1,1,0
138,138_adaptive_phase_change_run06,adaptive,phase_change,1778426025.0071106,/big.txt,30408704,131072,sequential,1.0000,0.0000,0,1,30539776,4096,1,1,0
138,138_adaptive_phase_change_run06,adaptive,phase_change,1778426025.0083718,/big.txt,30539776,131072,sequential,1.0000,0.0000,0,1,30670848,4096,1,1,0
138,138_adaptive_phase_change_run06,adaptive,phase_change,1778426025.0096288,/big.txt,30670848,131072,sequential,1.0000,0.0000,0,1,30801920,4096,1,1,0
138,138_adaptive_phase_change_run06,adaptive,phase_change,1778426025.0109534,/big.txt,30801920,131072,sequential,1.0000,0.0000,0,1,30932992,4096,1,1,0
138,138_adaptive_phase_change_run06,adaptive,phase_change,1778426025.0122342,/big.txt,30932992,131072,sequential,1.0000,0.0000,0,1,31064064,4096,1,1,0
138,138_adaptive_phase_change_run06,adaptive,phase_change,1778426025.0134974,/big.txt,31064064,131072,sequential,1.0000,0.0000,0,1,31195136,4096,1,1,0
138,138_adaptive_phase_change_run06,adaptive,phase_change,1778426025.0147505,/big.txt,31195136,131072,sequential,1.0000,0.0000,0,1,31326208,4096,1,1,0
138,138_adaptive_phase_change_run06,adaptive,phase_change,1778426025.016035,/big.txt,31326208,131072,sequential,1.0000,0.0000,0,1,31457280,4096,1,1,0
138,138_adaptive_phase_change_run06,adaptive,phase_change,1778426025.0172873,/big.txt,31457280,131072,sequential,1.0000,0.0000,0,1,31588352,4096,1,1,0
138,138_adaptive_phase_change_run06,adaptive,phase_change,1778426025.0185459,/big.txt,31588352,131072,sequential,1.0000,0.0000,0,1,31719424,4096,1,1,0
138,138_adaptive_phase_change_run06,adaptive,phase_change,1778426025.0198085,/big.txt,31719424,131072,sequential,1.0000,0.0000,0,1,31850496,4096,1,1,0
138,138_adaptive_phase_change_run06,adaptive,phase_change,1778426025.021079,/big.txt,31850496,131072,sequential,1.0000,0.0000,0,1,31981568,4096,1,1,0
138,138_adaptive_phase_change_run06,adaptive,phase_change,1778426025.0223358,/big.txt,31981568,131072,sequential,1.0000,0.0000,0,1,32112640,4096,1,1,0
138,138_adaptive_phase_change_run06,adaptive,phase_change,1778426025.0236452,/big.txt,32112640,131072,sequential,1.0000,0.0000,0,1,32243712,4096,1,1,0
138,138_adaptive_phase_change_run06,adaptive,phase_change,1778426025.0249722,/big.txt,32243712,131072,sequential,1.0000,0.0000,0,1,32374784,4096,1,1,0
138,138_adaptive_phase_change_run06,adaptive,phase_change,1778426025.026241,/big.txt,32374784,131072,sequential,1.0000,0.0000,0,1,32505856,4096,1,1,0
138,138_adaptive_phase_change_run06,adaptive,phase_change,1778426025.0275426,/big.txt,32505856,131072,sequential,1.0000,0.0000,0,1,32636928,4096,1,1,0
138,138_adaptive_phase_change_run06,adaptive,phase_change,1778426025.0288024,/big.txt,32636928,131072,sequential,1.0000,0.0000,0,1,32768000,4096,1,1,0
138,138_adaptive_phase_change_run06,adaptive,phase_change,1778426025.030061,/big.txt,32768000,131072,sequential,1.0000,0.0000,0,1,32899072,4096,1,1,0
138,138_adaptive_phase_change_run06,adaptive,phase_change,1778426025.0326517,/big.txt,32899072,131072,sequential,1.0000,0.0000,0,1,33030144,4096,1,1,0
138,138_adaptive_phase_change_run06,adaptive,phase_change,1778426025.0350082,/big.txt,33030144,131072,sequential,1.0000,0.0000,0,1,33161216,4096,1,1,0
138,138_adaptive_phase_change_run06,adaptive,phase_change,1778426025.0362778,/big.txt,33161216,131072,sequential,1.0000,0.0000,0,1,33292288,4096,1,1,0
138,138_adaptive_phase_change_run06,adaptive,phase_change,1778426025.03753,/big.txt,33292288,131072,sequential,1.0000,0.0000,0,1,33423360,4096,1,1,0
138,138_adaptive_phase_change_run06,adaptive,phase_change,1778426025.038822,/big.txt,33423360,131072,sequential,1.0000,0.0000,0,1,33554432,4096,1,1,0
138,138_adaptive_phase_change_run06,adaptive,phase_change,1778426025.0400996,/big.txt,33554432,131072,sequential,1.0000,0.0000,0,1,33685504,4096,1,1,0
138,138_adaptive_phase_change_run06,adaptive,phase_change,1778426025.0413592,/big.txt,33685504,131072,sequential,1.0000,0.0000,0,1,33816576,4096,1,1,0
138,138_adaptive_phase_change_run06,adaptive,phase_change,1778426025.0426052,/big.txt,33816576,131072,sequential,1.0000,0.0000,0,1,33947648,4096,1,1,0
138,138_adaptive_phase_change_run06,adaptive,phase_change,1778426025.0438592,/big.txt,33947648,131072,sequential,1.0000,0.0000,0,1,34078720,4096,1,1,0
138,138_adaptive_phase_change_run06,adaptive,phase_change,1778426025.0451298,/big.txt,34078720,131072,sequential,1.0000,0.0000,0,1,34209792,4096,1,1,0
138,138_adaptive_phase_change_run06,adaptive,phase_change,1778426025.0463836,/big.txt,34209792,131072,sequential,1.0000,0.0000,0,1,34340864,4096,1,1,0
138,138_adaptive_phase_change_run06,adaptive,phase_change,1778426025.047704,/big.txt,34340864,131072,sequential,1.0000,0.0000,0,1,34471936,4096,1,1,0
138,138_adaptive_phase_change_run06,adaptive,phase_change,1778426025.0489998,/big.txt,34471936,131072,sequential,1.0000,0.0000,0,1,34603008,4096,1,1,0
138,138_adaptive_phase_change_run06,adaptive,phase_change,1778426025.050263,/big.txt,34603008,131072,sequential,1.0000,0.0000,0,1,34734080,4096,1,1,0
138,138_adaptive_phase_change_run06,adaptive,phase_change,1778426025.051601,/big.txt,34734080,131072,sequential,1.0000,0.0000,0,1,34865152,4096,1,1,0
138,138_adaptive_phase_change_run06,adaptive,phase_change,1778426025.0528648,/big.txt,34865152,131072,sequential,1.0000,0.0000,0,1,34996224,4096,1,1,0
138,138_adaptive_phase_change_run06,adaptive,phase_change,1778426025.0541275,/big.txt,34996224,131072,sequential,1.0000,0.0000,0,1,35127296,4096,1,1,0
138,138_adaptive_phase_change_run06,adaptive,phase_change,1778426025.0554297,/big.txt,35127296,131072,sequential,1.0000,0.0000,0,1,35258368,4096,1,1,0
138,138_adaptive_phase_change_run06,adaptive,phase_change,1778426025.0566893,/big.txt,35258368,131072,sequential,1.0000,0.0000,0,1,35389440,4096,1,1,0
138,138_adaptive_phase_change_run06,adaptive,phase_change,1778426025.0579383,/big.txt,35389440,131072,sequential,1.0000,0.0000,0,1,35520512,4096,1,1,0
138,138_adaptive_phase_change_run06,adaptive,phase_change,1778426025.0592825,/big.txt,35520512,131072,sequential,1.0000,0.0000,0,1,35651584,4096,1,1,0
138,138_adaptive_phase_change_run06,adaptive,phase_change,1778426025.0605466,/big.txt,35651584,131072,sequential,1.0000,0.0000,0,1,35782656,4096,1,1,0
138,138_adaptive_phase_change_run06,adaptive,phase_change,1778426025.0618076,/big.txt,35782656,131072,sequential,1.0000,0.0000,0,1,35913728,4096,1,1,0
138,138_adaptive_phase_change_run06,adaptive,phase_change,1778426025.063137,/big.txt,35913728,131072,sequential,1.0000,0.0000,0,1,36044800,4096,1,1,0
138,138_adaptive_phase_change_run06,adaptive,phase_change,1778426025.0644026,/big.txt,36044800,131072,sequential,1.0000,0.0000,0,1,36175872,4096,1,1,0
138,138_adaptive_phase_change_run06,adaptive,phase_change,1778426025.0656602,/big.txt,36175872,131072,sequential,1.0000,0.0000,0,1,36306944,4096,1,1,0
138,138_adaptive_phase_change_run06,adaptive,phase_change,1778426025.0669582,/big.txt,36306944,131072,sequential,1.0000,0.0000,0,1,36438016,4096,1,1,0
138,138_adaptive_phase_change_run06,adaptive,phase_change,1778426025.0682106,/big.txt,36438016,131072,sequential,1.0000,0.0000,0,1,36569088,4096,1,1,0
138,138_adaptive_phase_change_run06,adaptive,phase_change,1778426025.0694585,/big.txt,36569088,131072,sequential,1.0000,0.0000,0,1,36700160,4096,1,1,0
138,138_adaptive_phase_change_run06,adaptive,phase_change,1778426025.070727,/big.txt,36700160,131072,sequential,1.0000,0.0000,0,1,36831232,4096,1,1,0
138,138_adaptive_phase_change_run06,adaptive,phase_change,1778426025.0720205,/big.txt,36831232,131072,sequential,1.0000,0.0000,0,1,36962304,4096,1,1,0
138,138_adaptive_phase_change_run06,adaptive,phase_change,1778426025.0732691,/big.txt,36962304,131072,sequential,1.0000,0.0000,0,1,37093376,4096,1,1,0
138,138_adaptive_phase_change_run06,adaptive,phase_change,1778426025.0745325,/big.txt,37093376,131072,sequential,1.0000,0.0000,0,1,37224448,4096,1,1,0
138,138_adaptive_phase_change_run06,adaptive,phase_change,1778426025.0758111,/big.txt,37224448,131072,sequential,1.0000,0.0000,0,1,37355520,4096,1,1,0
138,138_adaptive_phase_change_run06,adaptive,phase_change,1778426025.0770767,/big.txt,37355520,131072,sequential,1.0000,0.0000,0,1,37486592,4096,1,1,0
138,138_adaptive_phase_change_run06,adaptive,phase_change,1778426025.0783484,/big.txt,37486592,131072,sequential,1.0000,0.0000,0,1,37617664,4096,1,1,0
138,138_adaptive_phase_change_run06,adaptive,phase_change,1778426025.0796633,/big.txt,37617664,131072,sequential,1.0000,0.0000,0,1,37748736,4096,1,1,0
138,138_adaptive_phase_change_run06,adaptive,phase_change,1778426025.080994,/big.txt,37748736,131072,sequential,1.0000,0.0000,0,1,37879808,4096,1,1,0
138,138_adaptive_phase_change_run06,adaptive,phase_change,1778426025.0822628,/big.txt,37879808,131072,sequential,1.0000,0.0000,0,1,38010880,4096,1,1,0
138,138_adaptive_phase_change_run06,adaptive,phase_change,1778426025.0835636,/big.txt,38010880,131072,sequential,1.0000,0.0000,0,1,38141952,4096,1,1,0
138,138_adaptive_phase_change_run06,adaptive,phase_change,1778426025.0848217,/big.txt,38141952,131072,sequential,1.0000,0.0000,0,1,38273024,4096,1,1,0
138,138_adaptive_phase_change_run06,adaptive,phase_change,1778426025.086082,/big.txt,38273024,131072,sequential,1.0000,0.0000,0,1,38404096,4096,1,1,0
138,138_adaptive_phase_change_run06,adaptive,phase_change,1778426025.0873852,/big.txt,38404096,131072,sequential,1.0000,0.0000,0,1,38535168,4096,1,1,0
138,138_adaptive_phase_change_run06,adaptive,phase_change,1778426025.0886557,/big.txt,38535168,131072,sequential,1.0000,0.0000,0,1,38666240,4096,1,1,0
138,138_adaptive_phase_change_run06,adaptive,phase_change,1778426025.0899215,/big.txt,38666240,131072,sequential,1.0000,0.0000,0,1,38797312,4096,1,1,0
138,138_adaptive_phase_change_run06,adaptive,phase_change,1778426025.0913112,/big.txt,38797312,131072,sequential,1.0000,0.0000,0,1,38928384,4096,1,1,0
138,138_adaptive_phase_change_run06,adaptive,phase_change,1778426025.0925863,/big.txt,38928384,131072,sequential,1.0000,0.0000,0,1,39059456,4096,1,1,0
138,138_adaptive_phase_change_run06,adaptive,phase_change,1778426025.0938377,/big.txt,39059456,131072,sequential,1.0000,0.0000,0,1,39190528,4096,1,1,0
138,138_adaptive_phase_change_run06,adaptive,phase_change,1778426025.0951302,/big.txt,39190528,131072,sequential,1.0000,0.0000,0,1,39321600,4096,1,1,0
138,138_adaptive_phase_change_run06,adaptive,phase_change,1778426025.0963929,/big.txt,39321600,131072,sequential,1.0000,0.0000,0,1,39452672,4096,1,1,0
138,138_adaptive_phase_change_run06,adaptive,phase_change,1778426025.097647,/big.txt,39452672,131072,sequential,1.0000,0.0000,0,1,39583744,4096,1,1,0
138,138_adaptive_phase_change_run06,adaptive,phase_change,1778426025.0989358,/big.txt,39583744,131072,sequential,1.0000,0.0000,0,1,39714816,4096,1,1,0
138,138_adaptive_phase_change_run06,adaptive,phase_change,1778426025.1002038,/big.txt,39714816,131072,sequential,1.0000,0.0000,0,1,39845888,4096,1,1,0
138,138_adaptive_phase_change_run06,adaptive,phase_change,1778426025.1014578,/big.txt,39845888,131072,sequential,1.0000,0.0000,0,1,39976960,4096,1,1,0
138,138_adaptive_phase_change_run06,adaptive,phase_change,1778426025.1027079,/big.txt,39976960,131072,sequential,1.0000,0.0000,0,1,40108032,4096,1,1,0
138,138_adaptive_phase_change_run06,adaptive,phase_change,1778426025.1040776,/big.txt,40108032,131072,sequential,1.0000,0.0000,0,1,40239104,4096,1,1,0
138,138_adaptive_phase_change_run06,adaptive,phase_change,1778426025.1053243,/big.txt,40239104,131072,sequential,1.0000,0.0000,0,1,40370176,4096,1,1,0
138,138_adaptive_phase_change_run06,adaptive,phase_change,1778426025.1065829,/big.txt,40370176,131072,sequential,1.0000,0.0000,0,1,40501248,4096,1,1,0
138,138_adaptive_phase_change_run06,adaptive,phase_change,1778426025.1078527,/big.txt,40501248,131072,sequential,1.0000,0.0000,0,1,40632320,4096,1,1,0
138,138_adaptive_phase_change_run06,adaptive,phase_change,1778426025.1091242,/big.txt,40632320,131072,sequential,1.0000,0.0000,0,1,40763392,4096,1,1,0
138,138_adaptive_phase_change_run06,adaptive,phase_change,1778426025.1103988,/big.txt,40763392,131072,sequential,1.0000,0.0000,0,1,40894464,4096,1,1,0
138,138_adaptive_phase_change_run06,adaptive,phase_change,1778426025.1117108,/big.txt,40894464,131072,sequential,1.0000,0.0000,0,1,41025536,4096,1,1,0
138,138_adaptive_phase_change_run06,adaptive,phase_change,1778426025.1130016,/big.txt,41025536,131072,sequential,1.0000,0.0000,0,1,41156608,4096,1,1,0
138,138_adaptive_phase_change_run06,adaptive,phase_change,1778426025.1142647,/big.txt,41156608,131072,sequential,1.0000,0.0000,0,1,41287680,4096,1,1,0
138,138_adaptive_phase_change_run06,adaptive,phase_change,1778426025.1155698,/big.txt,41287680,131072,sequential,1.0000,0.0000,0,1,41418752,4096,1,1,0
138,138_adaptive_phase_change_run06,adaptive,phase_change,1778426025.1168346,/big.txt,41418752,131072,sequential,1.0000,0.0000,0,1,41549824,4096,1,1,0
138,138_adaptive_phase_change_run06,adaptive,phase_change,1778426025.118096,/big.txt,41549824,131072,sequential,1.0000,0.0000,0,1,41680896,4096,1,1,0
138,138_adaptive_phase_change_run06,adaptive,phase_change,1778426025.1193929,/big.txt,41680896,131072,sequential,1.0000,0.0000,0,1,41811968,4096,1,1,0
138,138_adaptive_phase_change_run06,adaptive,phase_change,1778426025.1206558,/big.txt,41811968,131072,sequential,1.0000,0.0000,0,1,41943040,4096,1,1,0
138,138_adaptive_phase_change_run06,adaptive,phase_change,1778426025.1219108,/big.txt,41943040,131072,sequential,1.0000,0.0000,0,1,42074112,4096,1,1,0
138,138_adaptive_phase_change_run06,adaptive,phase_change,1778426025.1232862,/big.txt,42074112,131072,sequential,1.0000,0.0000,0,1,42205184,4096,1,1,0
138,138_adaptive_phase_change_run06,adaptive,phase_change,1778426025.124548,/big.txt,42205184,131072,sequential,1.0000,0.0000,0,1,42336256,4096,1,1,0
138,138_adaptive_phase_change_run06,adaptive,phase_change,1778426025.1257954,/big.txt,42336256,131072,sequential,1.0000,0.0000,0,1,42467328,4096,1,1,0
138,138_adaptive_phase_change_run06,adaptive,phase_change,1778426025.127086,/big.txt,42467328,131072,sequential,1.0000,0.0000,0,1,42598400,4096,1,1,0
138,138_adaptive_phase_change_run06,adaptive,phase_change,1778426025.1283453,/big.txt,42598400,131072,sequential,1.0000,0.0000,0,1,42729472,4096,1,1,0
138,138_adaptive_phase_change_run06,adaptive,phase_change,1778426025.1296058,/big.txt,42729472,131072,sequential,1.0000,0.0000,0,1,42860544,4096,1,1,0
138,138_adaptive_phase_change_run06,adaptive,phase_change,1778426025.130903,/big.txt,42860544,131072,sequential,1.0000,0.0000,0,1,42991616,4096,1,1,0
138,138_adaptive_phase_change_run06,adaptive,phase_change,1778426025.1321626,/big.txt,42991616,131072,sequential,1.0000,0.0000,0,1,43122688,4096,1,1,0
138,138_adaptive_phase_change_run06,adaptive,phase_change,1778426025.1334264,/big.txt,43122688,131072,sequential,1.0000,0.0000,0,1,43253760,4096,1,1,0
138,138_adaptive_phase_change_run06,adaptive,phase_change,1778426025.1346862,/big.txt,43253760,131072,sequential,1.0000,0.0000,0,1,43384832,4096,1,1,0
138,138_adaptive_phase_change_run06,adaptive,phase_change,1778426025.1372724,/big.txt,43384832,131072,sequential,1.0000,0.0000,0,1,43515904,4096,1,1,0
138,138_adaptive_phase_change_run06,adaptive,phase_change,1778426025.1398058,/big.txt,43515904,131072,sequential,1.0000,0.0000,0,1,43646976,4096,1,1,0
138,138_adaptive_phase_change_run06,adaptive,phase_change,1778426025.14228,/big.txt,43646976,131072,sequential,1.0000,0.0000,0,1,43778048,4096,1,1,0
138,138_adaptive_phase_change_run06,adaptive,phase_change,1778426025.1447597,/big.txt,43778048,131072,sequential,1.0000,0.0000,0,1,43909120,4096,1,1,0
138,138_adaptive_phase_change_run06,adaptive,phase_change,1778426025.147024,/big.txt,43909120,131072,sequential,1.0000,0.0000,0,1,44040192,4096,1,1,0
138,138_adaptive_phase_change_run06,adaptive,phase_change,1778426025.148291,/big.txt,44040192,131072,sequential,1.0000,0.0000,0,1,44171264,4096,1,1,0
138,138_adaptive_phase_change_run06,adaptive,phase_change,1778426025.1495616,/big.txt,44171264,131072,sequential,1.0000,0.0000,0,1,44302336,4096,1,1,0
138,138_adaptive_phase_change_run06,adaptive,phase_change,1778426025.1508682,/big.txt,44302336,131072,sequential,1.0000,0.0000,0,1,44433408,4096,1,1,0
138,138_adaptive_phase_change_run06,adaptive,phase_change,1778426025.1521277,/big.txt,44433408,131072,sequential,1.0000,0.0000,0,1,44564480,4096,1,1,0
138,138_adaptive_phase_change_run06,adaptive,phase_change,1778426025.1533875,/big.txt,44564480,131072,sequential,1.0000,0.0000,0,1,44695552,4096,1,1,0
138,138_adaptive_phase_change_run06,adaptive,phase_change,1778426025.154638,/big.txt,44695552,131072,sequential,1.0000,0.0000,0,1,44826624,4096,1,1,0
138,138_adaptive_phase_change_run06,adaptive,phase_change,1778426025.1559105,/big.txt,44826624,131072,sequential,1.0000,0.0000,0,1,44957696,4096,1,1,0
138,138_adaptive_phase_change_run06,adaptive,phase_change,1778426025.1571665,/big.txt,44957696,131072,sequential,1.0000,0.0000,0,1,45088768,4096,1,1,0
138,138_adaptive_phase_change_run06,adaptive,phase_change,1778426025.158423,/big.txt,45088768,131072,sequential,1.0000,0.0000,0,1,45219840,4096,1,1,0
138,138_adaptive_phase_change_run06,adaptive,phase_change,1778426025.1597347,/big.txt,45219840,131072,sequential,1.0000,0.0000,0,1,45350912,4096,1,1,0
138,138_adaptive_phase_change_run06,adaptive,phase_change,1778426025.1609955,/big.txt,45350912,131072,sequential,1.0000,0.0000,0,1,45481984,4096,1,1,0
138,138_adaptive_phase_change_run06,adaptive,phase_change,1778426025.1622486,/big.txt,45481984,131072,sequential,1.0000,0.0000,0,1,45613056,4096,1,1,0
138,138_adaptive_phase_change_run06,adaptive,phase_change,1778426025.1635416,/big.txt,45613056,131072,sequential,1.0000,0.0000,0,1,45744128,4096,1,1,0
138,138_adaptive_phase_change_run06,adaptive,phase_change,1778426025.1648026,/big.txt,45744128,131072,sequential,1.0000,0.0000,0,1,45875200,4096,1,1,0
138,138_adaptive_phase_change_run06,adaptive,phase_change,1778426025.1660562,/big.txt,45875200,131072,sequential,1.0000,0.0000,0,1,46006272,4096,1,1,0
138,138_adaptive_phase_change_run06,adaptive,phase_change,1778426025.1673527,/big.txt,46006272,131072,sequential,1.0000,0.0000,0,1,46137344,4096,1,1,0
138,138_adaptive_phase_change_run06,adaptive,phase_change,1778426025.1686049,/big.txt,46137344,131072,sequential,1.0000,0.0000,0,1,46268416,4096,1,1,0
138,138_adaptive_phase_change_run06,adaptive,phase_change,1778426025.1698642,/big.txt,46268416,131072,sequential,1.0000,0.0000,0,1,46399488,4096,1,1,0
138,138_adaptive_phase_change_run06,adaptive,phase_change,1778426025.1712368,/big.txt,46399488,131072,sequential,1.0000,0.0000,0,1,46530560,4096,1,1,0
138,138_adaptive_phase_change_run06,adaptive,phase_change,1778426025.1724916,/big.txt,46530560,131072,sequential,1.0000,0.0000,0,1,46661632,4096,1,1,0
138,138_adaptive_phase_change_run06,adaptive,phase_change,1778426025.1737528,/big.txt,46661632,131072,sequential,1.0000,0.0000,0,1,46792704,4096,1,1,0
138,138_adaptive_phase_change_run06,adaptive,phase_change,1778426025.1750379,/big.txt,46792704,131072,sequential,1.0000,0.0000,0,1,46923776,4096,1,1,0
138,138_adaptive_phase_change_run06,adaptive,phase_change,1778426025.176288,/big.txt,46923776,131072,sequential,1.0000,0.0000,0,1,47054848,4096,1,1,0
138,138_adaptive_phase_change_run06,adaptive,phase_change,1778426025.1775482,/big.txt,47054848,131072,sequential,1.0000,0.0000,0,1,47185920,4096,1,1,0
138,138_adaptive_phase_change_run06,adaptive,phase_change,1778426025.1788442,/big.txt,47185920,131072,sequential,1.0000,0.0000,0,1,47316992,4096,1,1,0
138,138_adaptive_phase_change_run06,adaptive,phase_change,1778426025.1801002,/big.txt,47316992,131072,sequential,1.0000,0.0000,0,1,47448064,4096,1,1,0
138,138_adaptive_phase_change_run06,adaptive,phase_change,1778426025.1813524,/big.txt,47448064,131072,sequential,1.0000,0.0000,0,1,47579136,4096,1,1,0
138,138_adaptive_phase_change_run06,adaptive,phase_change,1778426025.1826265,/big.txt,47579136,131072,sequential,1.0000,0.0000,0,1,47710208,4096,1,1,0
138,138_adaptive_phase_change_run06,adaptive,phase_change,1778426025.1839979,/big.txt,47710208,131072,sequential,1.0000,0.0000,0,1,47841280,4096,1,1,0
138,138_adaptive_phase_change_run06,adaptive,phase_change,1778426025.1852648,/big.txt,47841280,131072,sequential,1.0000,0.0000,0,1,47972352,4096,1,1,0
138,138_adaptive_phase_change_run06,adaptive,phase_change,1778426025.1865184,/big.txt,47972352,131072,sequential,1.0000,0.0000,0,1,48103424,4096,1,1,0
138,138_adaptive_phase_change_run06,adaptive,phase_change,1778426025.187814,/big.txt,48103424,131072,sequential,1.0000,0.0000,0,1,48234496,4096,1,1,0
138,138_adaptive_phase_change_run06,adaptive,phase_change,1778426025.1890714,/big.txt,48234496,131072,sequential,1.0000,0.0000,0,1,48365568,4096,1,1,0
138,138_adaptive_phase_change_run06,adaptive,phase_change,1778426025.1903286,/big.txt,48365568,131072,sequential,1.0000,0.0000,0,1,48496640,4096,1,1,0
138,138_adaptive_phase_change_run06,adaptive,phase_change,1778426025.1916528,/big.txt,48496640,131072,sequential,1.0000,0.0000,0,1,48627712,4096,1,1,0
138,138_adaptive_phase_change_run06,adaptive,phase_change,1778426025.1929514,/big.txt,48627712,131072,sequential,1.0000,0.0000,0,1,48758784,4096,1,1,0
138,138_adaptive_phase_change_run06,adaptive,phase_change,1778426025.1942165,/big.txt,48758784,131072,sequential,1.0000,0.0000,0,1,48889856,4096,1,1,0
138,138_adaptive_phase_change_run06,adaptive,phase_change,1778426025.1955097,/big.txt,48889856,131072,sequential,1.0000,0.0000,0,1,49020928,4096,1,1,0
138,138_adaptive_phase_change_run06,adaptive,phase_change,1778426025.1967716,/big.txt,49020928,131072,sequential,1.0000,0.0000,0,1,49152000,4096,1,1,0
138,138_adaptive_phase_change_run06,adaptive,phase_change,1778426025.1980264,/big.txt,49152000,131072,sequential,1.0000,0.0000,0,1,49283072,4096,1,1,0
138,138_adaptive_phase_change_run06,adaptive,phase_change,1778426025.1993678,/big.txt,49283072,131072,sequential,1.0000,0.0000,0,1,49414144,4096,1,1,0
138,138_adaptive_phase_change_run06,adaptive,phase_change,1778426025.200615,/big.txt,49414144,131072,sequential,1.0000,0.0000,0,1,49545216,4096,1,1,0
138,138_adaptive_phase_change_run06,adaptive,phase_change,1778426025.201878,/big.txt,49545216,131072,sequential,1.0000,0.0000,0,1,49676288,4096,1,1,0
138,138_adaptive_phase_change_run06,adaptive,phase_change,1778426025.2031665,/big.txt,49676288,131072,sequential,1.0000,0.0000,0,1,49807360,4096,1,1,0
138,138_adaptive_phase_change_run06,adaptive,phase_change,1778426025.204428,/big.txt,49807360,131072,sequential,1.0000,0.0000,0,1,49938432,4096,1,1,0
138,138_adaptive_phase_change_run06,adaptive,phase_change,1778426025.2056804,/big.txt,49938432,131072,sequential,1.0000,0.0000,0,1,50069504,4096,1,1,0
138,138_adaptive_phase_change_run06,adaptive,phase_change,1778426025.2069752,/big.txt,50069504,131072,sequential,1.0000,0.0000,0,1,50200576,4096,1,1,0
138,138_adaptive_phase_change_run06,adaptive,phase_change,1778426025.2082398,/big.txt,50200576,131072,sequential,1.0000,0.0000,0,1,50331648,4096,1,1,0
138,138_adaptive_phase_change_run06,adaptive,phase_change,1778426025.2094975,/big.txt,50331648,131072,sequential,1.0000,0.0000,0,1,50462720,4096,1,1,0
138,138_adaptive_phase_change_run06,adaptive,phase_change,1778426025.2107525,/big.txt,50462720,131072,sequential,1.0000,0.0000,0,1,50593792,4096,1,1,0
138,138_adaptive_phase_change_run06,adaptive,phase_change,1778426025.2120495,/big.txt,50593792,131072,sequential,1.0000,0.0000,0,1,50724864,4096,1,1,0
138,138_adaptive_phase_change_run06,adaptive,phase_change,1778426025.2133186,/big.txt,50724864,131072,sequential,1.0000,0.0000,0,1,50855936,4096,1,1,0
138,138_adaptive_phase_change_run06,adaptive,phase_change,1778426025.2145712,/big.txt,50855936,131072,sequential,1.0000,0.0000,0,1,50987008,4096,1,1,0
138,138_adaptive_phase_change_run06,adaptive,phase_change,1778426025.215822,/big.txt,50987008,131072,sequential,1.0000,0.0000,0,1,51118080,4096,1,1,0
138,138_adaptive_phase_change_run06,adaptive,phase_change,1778426025.2170846,/big.txt,51118080,131072,sequential,1.0000,0.0000,0,1,51249152,4096,1,1,0
138,138_adaptive_phase_change_run06,adaptive,phase_change,1778426025.2183485,/big.txt,51249152,131072,sequential,1.0000,0.0000,0,1,51380224,4096,1,1,0
138,138_adaptive_phase_change_run06,adaptive,phase_change,1778426025.2196715,/big.txt,51380224,131072,sequential,1.0000,0.0000,0,1,51511296,4096,1,1,0
138,138_adaptive_phase_change_run06,adaptive,phase_change,1778426025.2209976,/big.txt,51511296,131072,sequential,1.0000,0.0000,0,1,51642368,4096,1,1,0
138,138_adaptive_phase_change_run06,adaptive,phase_change,1778426025.2222688,/big.txt,51642368,131072,sequential,1.0000,0.0000,0,1,51773440,4096,1,1,0
138,138_adaptive_phase_change_run06,adaptive,phase_change,1778426025.2235682,/big.txt,51773440,131072,sequential,1.0000,0.0000,0,1,51904512,4096,1,1,0
138,138_adaptive_phase_change_run06,adaptive,phase_change,1778426025.224836,/big.txt,51904512,131072,sequential,1.0000,0.0000,0,1,52035584,4096,1,1,0
138,138_adaptive_phase_change_run06,adaptive,phase_change,1778426025.226097,/big.txt,52035584,131072,sequential,1.0000,0.0000,0,1,52166656,4096,1,1,0
138,138_adaptive_phase_change_run06,adaptive,phase_change,1778426025.227394,/big.txt,52166656,131072,sequential,1.0000,0.0000,0,1,52297728,4096,1,1,0
138,138_adaptive_phase_change_run06,adaptive,phase_change,1778426025.2286472,/big.txt,52297728,131072,sequential,1.0000,0.0000,0,1,52428800,4096,1,1,0
138,138_adaptive_phase_change_run06,adaptive,phase_change,1778426025.2299027,/big.txt,52428800,131072,sequential,1.0000,0.0000,0,1,52559872,4096,1,1,0
138,138_adaptive_phase_change_run06,adaptive,phase_change,1778426025.2313035,/big.txt,52559872,131072,sequential,1.0000,0.0000,0,1,52690944,4096,1,1,0
138,138_adaptive_phase_change_run06,adaptive,phase_change,1778426025.2325857,/big.txt,52690944,131072,sequential,1.0000,0.0000,0,1,52822016,4096,1,1,0
138,138_adaptive_phase_change_run06,adaptive,phase_change,1778426025.2338347,/big.txt,52822016,131072,sequential,1.0000,0.0000,0,1,52953088,4096,1,1,0
138,138_adaptive_phase_change_run06,adaptive,phase_change,1778426025.235124,/big.txt,52953088,131072,sequential,1.0000,0.0000,0,1,53084160,4096,1,1,0
138,138_adaptive_phase_change_run06,adaptive,phase_change,1778426025.2363906,/big.txt,53084160,131072,sequential,1.0000,0.0000,0,1,53215232,4096,1,1,0
138,138_adaptive_phase_change_run06,adaptive,phase_change,1778426025.2376373,/big.txt,53215232,131072,sequential,1.0000,0.0000,0,1,53346304,4096,1,1,0
138,138_adaptive_phase_change_run06,adaptive,phase_change,1778426025.2389271,/big.txt,53346304,131072,sequential,1.0000,0.0000,0,1,53477376,4096,1,1,0
138,138_adaptive_phase_change_run06,adaptive,phase_change,1778426025.2401793,/big.txt,53477376,131072,sequential,1.0000,0.0000,0,1,53608448,4096,1,1,0
138,138_adaptive_phase_change_run06,adaptive,phase_change,1778426025.2414305,/big.txt,53608448,131072,sequential,1.0000,0.0000,0,1,53739520,4096,1,1,0
138,138_adaptive_phase_change_run06,adaptive,phase_change,1778426025.2426755,/big.txt,53739520,131072,sequential,1.0000,0.0000,0,1,53870592,4096,1,1,0
138,138_adaptive_phase_change_run06,adaptive,phase_change,1778426025.243974,/big.txt,53870592,131072,sequential,1.0000,0.0000,0,1,54001664,4096,1,1,0
138,138_adaptive_phase_change_run06,adaptive,phase_change,1778426025.2452312,/big.txt,54001664,131072,sequential,1.0000,0.0000,0,1,54132736,4096,1,1,0
138,138_adaptive_phase_change_run06,adaptive,phase_change,1778426025.246495,/big.txt,54132736,131072,sequential,1.0000,0.0000,0,1,54263808,4096,1,1,0
138,138_adaptive_phase_change_run06,adaptive,phase_change,1778426025.2477827,/big.txt,54263808,131072,sequential,1.0000,0.0000,0,1,54394880,4096,1,1,0
138,138_adaptive_phase_change_run06,adaptive,phase_change,1778426025.2490475,/big.txt,54394880,131072,sequential,1.0000,0.0000,0,1,54525952,4096,1,1,0
138,138_adaptive_phase_change_run06,adaptive,phase_change,1778426025.2503095,/big.txt,54525952,131072,sequential,1.0000,0.0000,0,1,54657024,4096,1,1,0
138,138_adaptive_phase_change_run06,adaptive,phase_change,1778426025.2516184,/big.txt,54657024,131072,sequential,1.0000,0.0000,0,1,54788096,4096,1,1,0
138,138_adaptive_phase_change_run06,adaptive,phase_change,1778426025.2529228,/big.txt,54788096,131072,sequential,1.0000,0.0000,0,1,54919168,4096,1,1,0
138,138_adaptive_phase_change_run06,adaptive,phase_change,1778426025.2541924,/big.txt,54919168,131072,sequential,1.0000,0.0000,0,1,55050240,4096,1,1,0
138,138_adaptive_phase_change_run06,adaptive,phase_change,1778426025.2554936,/big.txt,55050240,131072,sequential,1.0000,0.0000,0,1,55181312,4096,1,1,0
138,138_adaptive_phase_change_run06,adaptive,phase_change,1778426025.2567554,/big.txt,55181312,131072,sequential,1.0000,0.0000,0,1,55312384,4096,1,1,0
138,138_adaptive_phase_change_run06,adaptive,phase_change,1778426025.2580047,/big.txt,55312384,131072,sequential,1.0000,0.0000,0,1,55443456,4096,1,1,0
138,138_adaptive_phase_change_run06,adaptive,phase_change,1778426025.259308,/big.txt,55443456,131072,sequential,1.0000,0.0000,0,1,55574528,4096,1,1,0
138,138_adaptive_phase_change_run06,adaptive,phase_change,1778426025.2605646,/big.txt,55574528,131072,sequential,1.0000,0.0000,0,1,55705600,4096,1,1,0
138,138_adaptive_phase_change_run06,adaptive,phase_change,1778426025.2618065,/big.txt,55705600,131072,sequential,1.0000,0.0000,0,1,55836672,4096,1,1,0
138,138_adaptive_phase_change_run06,adaptive,phase_change,1778426025.2630887,/big.txt,55836672,131072,sequential,1.0000,0.0000,0,1,55967744,4096,1,1,0
138,138_adaptive_phase_change_run06,adaptive,phase_change,1778426025.2643383,/big.txt,55967744,131072,sequential,1.0000,0.0000,0,1,56098816,4096,1,1,0
138,138_adaptive_phase_change_run06,adaptive,phase_change,1778426025.265588,/big.txt,56098816,131072,sequential,1.0000,0.0000,0,1,56229888,4096,1,1,0
138,138_adaptive_phase_change_run06,adaptive,phase_change,1778426025.266992,/big.txt,56229888,131072,sequential,1.0000,0.0000,0,1,56360960,4096,1,1,0
138,138_adaptive_phase_change_run06,adaptive,phase_change,1778426025.2682583,/big.txt,56360960,131072,sequential,1.0000,0.0000,0,1,56492032,4096,1,1,0
138,138_adaptive_phase_change_run06,adaptive,phase_change,1778426025.2695205,/big.txt,56492032,131072,sequential,1.0000,0.0000,0,1,56623104,4096,1,1,0
138,138_adaptive_phase_change_run06,adaptive,phase_change,1778426025.2707827,/big.txt,56623104,131072,sequential,1.0000,0.0000,0,1,56754176,4096,1,1,0
138,138_adaptive_phase_change_run06,adaptive,phase_change,1778426025.2720923,/big.txt,56754176,131072,sequential,1.0000,0.0000,0,1,56885248,4096,1,1,0
138,138_adaptive_phase_change_run06,adaptive,phase_change,1778426025.273345,/big.txt,56885248,131072,sequential,1.0000,0.0000,0,1,57016320,4096,1,1,0
138,138_adaptive_phase_change_run06,adaptive,phase_change,1778426025.2746022,/big.txt,57016320,131072,sequential,1.0000,0.0000,0,1,57147392,4096,1,1,0
138,138_adaptive_phase_change_run06,adaptive,phase_change,1778426025.2758567,/big.txt,57147392,131072,sequential,1.0000,0.0000,0,1,57278464,4096,1,1,0
138,138_adaptive_phase_change_run06,adaptive,phase_change,1778426025.2771215,/big.txt,57278464,131072,sequential,1.0000,0.0000,0,1,57409536,4096,1,1,0
138,138_adaptive_phase_change_run06,adaptive,phase_change,1778426025.2783787,/big.txt,57409536,131072,sequential,1.0000,0.0000,0,1,57540608,4096,1,1,0
138,138_adaptive_phase_change_run06,adaptive,phase_change,1778426025.2796803,/big.txt,57540608,131072,sequential,1.0000,0.0000,0,1,57671680,4096,1,1,0
138,138_adaptive_phase_change_run06,adaptive,phase_change,1778426025.2809412,/big.txt,57671680,131072,sequential,1.0000,0.0000,0,1,57802752,4096,1,1,0
138,138_adaptive_phase_change_run06,adaptive,phase_change,1778426025.2821865,/big.txt,57802752,131072,sequential,1.0000,0.0000,0,1,57933824,4096,1,1,0
138,138_adaptive_phase_change_run06,adaptive,phase_change,1778426025.283485,/big.txt,57933824,131072,sequential,1.0000,0.0000,0,1,58064896,4096,1,1,0
138,138_adaptive_phase_change_run06,adaptive,phase_change,1778426025.2847476,/big.txt,58064896,131072,sequential,1.0000,0.0000,0,1,58195968,4096,1,1,0
138,138_adaptive_phase_change_run06,adaptive,phase_change,1778426025.2860017,/big.txt,58195968,131072,sequential,1.0000,0.0000,0,1,58327040,4096,1,1,0
138,138_adaptive_phase_change_run06,adaptive,phase_change,1778426025.2885354,/big.txt,58327040,131072,sequential,1.0000,0.0000,0,1,58458112,4096,1,1,0
138,138_adaptive_phase_change_run06,adaptive,phase_change,1778426025.2910423,/big.txt,58458112,131072,sequential,1.0000,0.0000,0,1,58589184,4096,1,1,0
138,138_adaptive_phase_change_run06,adaptive,phase_change,1778426025.293528,/big.txt,58589184,131072,sequential,1.0000,0.0000,0,1,58720256,4096,1,1,0
138,138_adaptive_phase_change_run06,adaptive,phase_change,1778426025.2960653,/big.txt,58720256,131072,sequential,1.0000,0.0000,0,1,58851328,4096,1,1,0
138,138_adaptive_phase_change_run06,adaptive,phase_change,1778426025.2985601,/big.txt,58851328,131072,sequential,1.0000,0.0000,0,1,58982400,4096,1,1,0
138,138_adaptive_phase_change_run06,adaptive,phase_change,1778426025.2998712,/big.txt,58982400,131072,sequential,1.0000,0.0000,0,1,59113472,4096,1,1,0
138,138_adaptive_phase_change_run06,adaptive,phase_change,1778426025.301134,/big.txt,59113472,131072,sequential,1.0000,0.0000,0,1,59244544,4096,1,1,0
138,138_adaptive_phase_change_run06,adaptive,phase_change,1778426025.3023913,/big.txt,59244544,131072,sequential,1.0000,0.0000,0,1,59375616,4096,1,1,0
138,138_adaptive_phase_change_run06,adaptive,phase_change,1778426025.3036897,/big.txt,59375616,131072,sequential,1.0000,0.0000,0,1,59506688,4096,1,1,0
138,138_adaptive_phase_change_run06,adaptive,phase_change,1778426025.3050015,/big.txt,59506688,131072,sequential,1.0000,0.0000,0,1,59637760,4096,1,1,0
138,138_adaptive_phase_change_run06,adaptive,phase_change,1778426025.3062527,/big.txt,59637760,131072,sequential,1.0000,0.0000,0,1,59768832,4096,1,1,0
138,138_adaptive_phase_change_run06,adaptive,phase_change,1778426025.3075893,/big.txt,59768832,131072,sequential,1.0000,0.0000,0,1,59899904,4096,1,1,0
138,138_adaptive_phase_change_run06,adaptive,phase_change,1778426025.308843,/big.txt,59899904,131072,sequential,1.0000,0.0000,0,1,60030976,4096,1,1,0
138,138_adaptive_phase_change_run06,adaptive,phase_change,1778426025.310102,/big.txt,60030976,131072,sequential,1.0000,0.0000,0,1,60162048,4096,1,1,0
138,138_adaptive_phase_change_run06,adaptive,phase_change,1778426025.311411,/big.txt,60162048,131072,sequential,1.0000,0.0000,0,1,60293120,4096,1,1,0
138,138_adaptive_phase_change_run06,adaptive,phase_change,1778426025.3126776,/big.txt,60293120,131072,sequential,1.0000,0.0000,0,1,60424192,4096,1,1,0
138,138_adaptive_phase_change_run06,adaptive,phase_change,1778426025.3139563,/big.txt,60424192,131072,sequential,1.0000,0.0000,0,1,60555264,4096,1,1,0
138,138_adaptive_phase_change_run06,adaptive,phase_change,1778426025.315305,/big.txt,60555264,131072,sequential,1.0000,0.0000,0,1,60686336,4096,1,1,0
138,138_adaptive_phase_change_run06,adaptive,phase_change,1778426025.3165822,/big.txt,60686336,131072,sequential,1.0000,0.0000,0,1,60817408,4096,1,1,0
138,138_adaptive_phase_change_run06,adaptive,phase_change,1778426025.3178394,/big.txt,60817408,131072,sequential,1.0000,0.0000,0,1,60948480,4096,1,1,0
138,138_adaptive_phase_change_run06,adaptive,phase_change,1778426025.3191319,/big.txt,60948480,131072,sequential,1.0000,0.0000,0,1,61079552,4096,1,1,0
138,138_adaptive_phase_change_run06,adaptive,phase_change,1778426025.3203893,/big.txt,61079552,131072,sequential,1.0000,0.0000,0,1,61210624,4096,1,1,0
138,138_adaptive_phase_change_run06,adaptive,phase_change,1778426025.3216453,/big.txt,61210624,131072,sequential,1.0000,0.0000,0,1,61341696,4096,1,1,0
138,138_adaptive_phase_change_run06,adaptive,phase_change,1778426025.3229816,/big.txt,61341696,131072,sequential,1.0000,0.0000,0,1,61472768,4096,1,1,0
138,138_adaptive_phase_change_run06,adaptive,phase_change,1778426025.3242462,/big.txt,61472768,131072,sequential,1.0000,0.0000,0,1,61603840,4096,1,1,0
138,138_adaptive_phase_change_run06,adaptive,phase_change,1778426025.325499,/big.txt,61603840,131072,sequential,1.0000,0.0000,0,1,61734912,4096,1,1,0
138,138_adaptive_phase_change_run06,adaptive,phase_change,1778426025.3267517,/big.txt,61734912,131072,sequential,1.0000,0.0000,0,1,61865984,4096,1,1,0
138,138_adaptive_phase_change_run06,adaptive,phase_change,1778426025.3280287,/big.txt,61865984,131072,sequential,1.0000,0.0000,0,1,61997056,4096,1,1,0
138,138_adaptive_phase_change_run06,adaptive,phase_change,1778426025.329284,/big.txt,61997056,131072,sequential,1.0000,0.0000,0,1,62128128,4096,1,1,0
138,138_adaptive_phase_change_run06,adaptive,phase_change,1778426025.3305368,/big.txt,62128128,131072,sequential,1.0000,0.0000,0,1,62259200,4096,1,1,0
138,138_adaptive_phase_change_run06,adaptive,phase_change,1778426025.3317943,/big.txt,62259200,131072,sequential,1.0000,0.0000,0,1,62390272,4096,1,1,0
138,138_adaptive_phase_change_run06,adaptive,phase_change,1778426025.3330476,/big.txt,62390272,131072,sequential,1.0000,0.0000,0,1,62521344,4096,1,1,0
138,138_adaptive_phase_change_run06,adaptive,phase_change,1778426025.3342996,/big.txt,62521344,131072,sequential,1.0000,0.0000,0,1,62652416,4096,1,1,0
138,138_adaptive_phase_change_run06,adaptive,phase_change,1778426025.3356,/big.txt,62652416,131072,sequential,1.0000,0.0000,0,1,62783488,4096,1,1,0
138,138_adaptive_phase_change_run06,adaptive,phase_change,1778426025.33686,/big.txt,62783488,131072,sequential,1.0000,0.0000,0,1,62914560,4096,1,1,0
138,138_adaptive_phase_change_run06,adaptive,phase_change,1778426025.3381133,/big.txt,62914560,131072,sequential,1.0000,0.0000,0,1,63045632,4096,1,1,0
138,138_adaptive_phase_change_run06,adaptive,phase_change,1778426025.339417,/big.txt,63045632,131072,sequential,1.0000,0.0000,0,1,63176704,4096,1,1,0
138,138_adaptive_phase_change_run06,adaptive,phase_change,1778426025.3406827,/big.txt,63176704,131072,sequential,1.0000,0.0000,0,1,63307776,4096,1,1,0
138,138_adaptive_phase_change_run06,adaptive,phase_change,1778426025.341938,/big.txt,63307776,131072,sequential,1.0000,0.0000,0,1,63438848,4096,1,1,0
138,138_adaptive_phase_change_run06,adaptive,phase_change,1778426025.3432894,/big.txt,63438848,131072,sequential,1.0000,0.0000,0,1,63569920,4096,1,1,0
138,138_adaptive_phase_change_run06,adaptive,phase_change,1778426025.3445497,/big.txt,63569920,131072,sequential,1.0000,0.0000,0,1,63700992,4096,1,1,0
138,138_adaptive_phase_change_run06,adaptive,phase_change,1778426025.345801,/big.txt,63700992,131072,sequential,1.0000,0.0000,0,1,63832064,4096,1,1,0
138,138_adaptive_phase_change_run06,adaptive,phase_change,1778426025.3470962,/big.txt,63832064,131072,sequential,1.0000,0.0000,0,1,63963136,4096,1,1,0
138,138_adaptive_phase_change_run06,adaptive,phase_change,1778426025.3483608,/big.txt,63963136,131072,sequential,1.0000,0.0000,0,1,64094208,4096,1,1,0
138,138_adaptive_phase_change_run06,adaptive,phase_change,1778426025.3496177,/big.txt,64094208,131072,sequential,1.0000,0.0000,0,1,64225280,4096,1,1,0
138,138_adaptive_phase_change_run06,adaptive,phase_change,1778426025.350907,/big.txt,64225280,131072,sequential,1.0000,0.0000,0,1,64356352,4096,1,1,0
138,138_adaptive_phase_change_run06,adaptive,phase_change,1778426025.352158,/big.txt,64356352,131072,sequential,1.0000,0.0000,0,1,64487424,4096,1,1,0
138,138_adaptive_phase_change_run06,adaptive,phase_change,1778426025.3534067,/big.txt,64487424,131072,sequential,1.0000,0.0000,0,1,64618496,4096,1,1,0
138,138_adaptive_phase_change_run06,adaptive,phase_change,1778426025.3546638,/big.txt,64618496,131072,sequential,1.0000,0.0000,0,1,64749568,4096,1,1,0
138,138_adaptive_phase_change_run06,adaptive,phase_change,1778426025.3560162,/big.txt,64749568,131072,sequential,1.0000,0.0000,0,1,64880640,4096,1,1,0
138,138_adaptive_phase_change_run06,adaptive,phase_change,1778426025.3572686,/big.txt,64880640,131072,sequential,1.0000,0.0000,0,1,65011712,4096,1,1,0
138,138_adaptive_phase_change_run06,adaptive,phase_change,1778426025.3585367,/big.txt,65011712,131072,sequential,1.0000,0.0000,0,1,65142784,4096,1,1,0
138,138_adaptive_phase_change_run06,adaptive,phase_change,1778426025.3597987,/big.txt,65142784,131072,sequential,1.0000,0.0000,0,1,65273856,4096,1,1,0
138,138_adaptive_phase_change_run06,adaptive,phase_change,1778426025.3610718,/big.txt,65273856,131072,sequential,1.0000,0.0000,0,1,65404928,4096,1,1,0
138,138_adaptive_phase_change_run06,adaptive,phase_change,1778426025.3623307,/big.txt,65404928,131072,sequential,1.0000,0.0000,0,1,65536000,4096,1,1,0
138,138_adaptive_phase_change_run06,adaptive,phase_change,1778426025.3636425,/big.txt,65536000,131072,sequential,1.0000,0.0000,0,1,65667072,4096,1,1,0
138,138_adaptive_phase_change_run06,adaptive,phase_change,1778426025.3649573,/big.txt,65667072,131072,sequential,1.0000,0.0000,0,1,65798144,4096,1,1,0
138,138_adaptive_phase_change_run06,adaptive,phase_change,1778426025.3662071,/big.txt,65798144,131072,sequential,1.0000,0.0000,0,1,65929216,4096,1,1,0
138,138_adaptive_phase_change_run06,adaptive,phase_change,1778426025.3674977,/big.txt,65929216,131072,sequential,1.0000,0.0000,0,1,66060288,4096,1,1,0
138,138_adaptive_phase_change_run06,adaptive,phase_change,1778426025.3687582,/big.txt,66060288,131072,sequential,1.0000,0.0000,0,1,66191360,4096,1,1,0
138,138_adaptive_phase_change_run06,adaptive,phase_change,1778426025.3700042,/big.txt,66191360,131072,sequential,1.0000,0.0000,0,1,66322432,4096,1,1,0
138,138_adaptive_phase_change_run06,adaptive,phase_change,1778426025.37135,/big.txt,66322432,131072,sequential,1.0000,0.0000,0,1,66453504,4096,1,1,0
138,138_adaptive_phase_change_run06,adaptive,phase_change,1778426025.3726146,/big.txt,66453504,131072,sequential,1.0000,0.0000,0,1,66584576,4096,1,1,0
138,138_adaptive_phase_change_run06,adaptive,phase_change,1778426025.3738618,/big.txt,66584576,131072,sequential,1.0000,0.0000,0,1,66715648,4096,1,1,0
138,138_adaptive_phase_change_run06,adaptive,phase_change,1778426025.3751545,/big.txt,66715648,131072,sequential,1.0000,0.0000,0,1,66846720,4096,1,1,0
138,138_adaptive_phase_change_run06,adaptive,phase_change,1778426025.3764162,/big.txt,66846720,131072,sequential,1.0000,0.0000,0,1,66977792,4096,1,1,0
138,138_adaptive_phase_change_run06,adaptive,phase_change,1778426025.3776615,/big.txt,66977792,131072,sequential,1.0000,0.0000,0,1,67108864,4096,1,1,0
138,138_adaptive_phase_change_run06,adaptive,phase_change,1778426025.379029,/big.txt,67108864,131072,sequential,1.0000,0.0000,0,1,67239936,4096,1,1,0
138,138_adaptive_phase_change_run06,adaptive,phase_change,1778426025.38029,/big.txt,67239936,131072,sequential,1.0000,0.0000,0,1,67371008,4096,1,1,0
138,138_adaptive_phase_change_run06,adaptive,phase_change,1778426025.3815467,/big.txt,67371008,131072,sequential,1.0000,0.0000,0,1,67502080,4096,1,1,0
138,138_adaptive_phase_change_run06,adaptive,phase_change,1778426025.3828313,/big.txt,67502080,131072,sequential,1.0000,0.0000,0,1,67633152,4096,1,1,0
138,138_adaptive_phase_change_run06,adaptive,phase_change,1778426025.3841019,/big.txt,67633152,131072,sequential,1.0000,0.0000,0,1,67764224,4096,1,1,0
138,138_adaptive_phase_change_run06,adaptive,phase_change,1778426025.3853607,/big.txt,67764224,131072,sequential,1.0000,0.0000,0,1,67895296,4096,1,1,0
138,138_adaptive_phase_change_run06,adaptive,phase_change,1778426025.3866248,/big.txt,67895296,131072,sequential,1.0000,0.0000,0,1,68026368,4096,1,1,0
138,138_adaptive_phase_change_run06,adaptive,phase_change,1778426025.3878863,/big.txt,68026368,131072,sequential,1.0000,0.0000,0,1,68157440,4096,1,1,0
138,138_adaptive_phase_change_run06,adaptive,phase_change,1778426025.389148,/big.txt,68157440,131072,sequential,1.0000,0.0000,0,1,68288512,4096,1,1,0
138,138_adaptive_phase_change_run06,adaptive,phase_change,1778426025.3904004,/big.txt,68288512,131072,sequential,1.0000,0.0000,0,1,68419584,4096,1,1,0
138,138_adaptive_phase_change_run06,adaptive,phase_change,1778426025.3917437,/big.txt,68419584,131072,sequential,1.0000,0.0000,0,1,68550656,4096,1,1,0
138,138_adaptive_phase_change_run06,adaptive,phase_change,1778426025.3930387,/big.txt,68550656,131072,sequential,1.0000,0.0000,0,1,68681728,4096,1,1,0
138,138_adaptive_phase_change_run06,adaptive,phase_change,1778426025.3942945,/big.txt,68681728,131072,sequential,1.0000,0.0000,0,1,68812800,4096,1,1,0
138,138_adaptive_phase_change_run06,adaptive,phase_change,1778426025.3956113,/big.txt,68812800,131072,sequential,1.0000,0.0000,0,1,68943872,4096,1,1,0
138,138_adaptive_phase_change_run06,adaptive,phase_change,1778426025.396879,/big.txt,68943872,131072,sequential,1.0000,0.0000,0,1,69074944,4096,1,1,0
138,138_adaptive_phase_change_run06,adaptive,phase_change,1778426025.3981297,/big.txt,69074944,131072,sequential,1.0000,0.0000,0,1,69206016,4096,1,1,0
138,138_adaptive_phase_change_run06,adaptive,phase_change,1778426025.3994353,/big.txt,69206016,131072,sequential,1.0000,0.0000,0,1,69337088,4096,1,1,0
138,138_adaptive_phase_change_run06,adaptive,phase_change,1778426025.400691,/big.txt,69337088,131072,sequential,1.0000,0.0000,0,1,69468160,4096,1,1,0
138,138_adaptive_phase_change_run06,adaptive,phase_change,1778426025.4019456,/big.txt,69468160,131072,sequential,1.0000,0.0000,0,1,69599232,4096,1,1,0
138,138_adaptive_phase_change_run06,adaptive,phase_change,1778426025.404429,/big.txt,69599232,131072,sequential,1.0000,0.0000,0,1,69730304,4096,1,1,0
138,138_adaptive_phase_change_run06,adaptive,phase_change,1778426025.4069304,/big.txt,69730304,131072,sequential,1.0000,0.0000,0,1,69861376,4096,1,1,0
138,138_adaptive_phase_change_run06,adaptive,phase_change,1778426025.409377,/big.txt,69861376,131072,sequential,1.0000,0.0000,0,1,69992448,4096,1,1,0
138,138_adaptive_phase_change_run06,adaptive,phase_change,1778426025.4119015,/big.txt,69992448,131072,sequential,1.0000,0.0000,0,1,70123520,4096,1,1,0
138,138_adaptive_phase_change_run06,adaptive,phase_change,1778426025.414386,/big.txt,70123520,131072,sequential,1.0000,0.0000,0,1,70254592,4096,1,1,0
138,138_adaptive_phase_change_run06,adaptive,phase_change,1778426025.415709,/big.txt,70254592,131072,sequential,1.0000,0.0000,0,1,70385664,4096,1,1,0
138,138_adaptive_phase_change_run06,adaptive,phase_change,1778426025.4169793,/big.txt,70385664,131072,sequential,1.0000,0.0000,0,1,70516736,4096,1,1,0
138,138_adaptive_phase_change_run06,adaptive,phase_change,1778426025.4182353,/big.txt,70516736,131072,sequential,1.0000,0.0000,0,1,70647808,4096,1,1,0
138,138_adaptive_phase_change_run06,adaptive,phase_change,1778426025.419543,/big.txt,70647808,131072,sequential,1.0000,0.0000,0,1,70778880,4096,1,1,0
138,138_adaptive_phase_change_run06,adaptive,phase_change,1778426025.420802,/big.txt,70778880,131072,sequential,1.0000,0.0000,0,1,70909952,4096,1,1,0
138,138_adaptive_phase_change_run06,adaptive,phase_change,1778426025.4220538,/big.txt,70909952,131072,sequential,1.0000,0.0000,0,1,71041024,4096,1,1,0
138,138_adaptive_phase_change_run06,adaptive,phase_change,1778426025.4233525,/big.txt,71041024,131072,sequential,1.0000,0.0000,0,1,71172096,4096,1,1,0
138,138_adaptive_phase_change_run06,adaptive,phase_change,1778426025.424617,/big.txt,71172096,131072,sequential,1.0000,0.0000,0,1,71303168,4096,1,1,0
138,138_adaptive_phase_change_run06,adaptive,phase_change,1778426025.4258728,/big.txt,71303168,131072,sequential,1.0000,0.0000,0,1,71434240,4096,1,1,0
138,138_adaptive_phase_change_run06,adaptive,phase_change,1778426025.4271698,/big.txt,71434240,131072,sequential,1.0000,0.0000,0,1,71565312,4096,1,1,0
138,138_adaptive_phase_change_run06,adaptive,phase_change,1778426025.428435,/big.txt,71565312,131072,sequential,1.0000,0.0000,0,1,71696384,4096,1,1,0
138,138_adaptive_phase_change_run06,adaptive,phase_change,1778426025.4296901,/big.txt,71696384,131072,sequential,1.0000,0.0000,0,1,71827456,4096,1,1,0
138,138_adaptive_phase_change_run06,adaptive,phase_change,1778426025.4309914,/big.txt,71827456,131072,sequential,1.0000,0.0000,0,1,71958528,4096,1,1,0
138,138_adaptive_phase_change_run06,adaptive,phase_change,1778426025.4322512,/big.txt,71958528,131072,sequential,1.0000,0.0000,0,1,72089600,4096,1,1,0
138,138_adaptive_phase_change_run06,adaptive,phase_change,1778426025.4335096,/big.txt,72089600,131072,sequential,1.0000,0.0000,0,1,72220672,4096,1,1,0
138,138_adaptive_phase_change_run06,adaptive,phase_change,1778426025.434763,/big.txt,72220672,131072,sequential,1.0000,0.0000,0,1,72351744,4096,1,1,0
138,138_adaptive_phase_change_run06,adaptive,phase_change,1778426025.436025,/big.txt,72351744,131072,sequential,1.0000,0.0000,0,1,72482816,4096,1,1,0
138,138_adaptive_phase_change_run06,adaptive,phase_change,1778426025.4372935,/big.txt,72482816,131072,sequential,1.0000,0.0000,0,1,72613888,4096,1,1,0
138,138_adaptive_phase_change_run06,adaptive,phase_change,1778426025.4385505,/big.txt,72613888,131072,sequential,1.0000,0.0000,0,1,72744960,4096,1,1,0
138,138_adaptive_phase_change_run06,adaptive,phase_change,1778426025.4398193,/big.txt,72744960,131072,sequential,1.0000,0.0000,0,1,72876032,4096,1,1,0
138,138_adaptive_phase_change_run06,adaptive,phase_change,1778426025.4410925,/big.txt,72876032,131072,sequential,1.0000,0.0000,0,1,73007104,4096,1,1,0
138,138_adaptive_phase_change_run06,adaptive,phase_change,1778426025.442354,/big.txt,73007104,131072,sequential,1.0000,0.0000,0,1,73138176,4096,1,1,0
138,138_adaptive_phase_change_run06,adaptive,phase_change,1778426025.4436798,/big.txt,73138176,131072,sequential,1.0000,0.0000,0,1,73269248,4096,1,1,0
138,138_adaptive_phase_change_run06,adaptive,phase_change,1778426025.4449954,/big.txt,73269248,131072,sequential,1.0000,0.0000,0,1,73400320,4096,1,1,0
138,138_adaptive_phase_change_run06,adaptive,phase_change,1778426025.4462633,/big.txt,73400320,131072,sequential,1.0000,0.0000,0,1,73531392,4096,1,1,0
138,138_adaptive_phase_change_run06,adaptive,phase_change,1778426025.4475863,/big.txt,73531392,131072,sequential,1.0000,0.0000,0,1,73662464,4096,1,1,0
138,138_adaptive_phase_change_run06,adaptive,phase_change,1778426025.4488473,/big.txt,73662464,131072,sequential,1.0000,0.0000,0,1,73793536,4096,1,1,0
138,138_adaptive_phase_change_run06,adaptive,phase_change,1778426025.4501054,/big.txt,73793536,131072,sequential,1.0000,0.0000,0,1,73924608,4096,1,1,0
138,138_adaptive_phase_change_run06,adaptive,phase_change,1778426025.4514523,/big.txt,73924608,131072,sequential,1.0000,0.0000,0,1,74055680,4096,1,1,0
138,138_adaptive_phase_change_run06,adaptive,phase_change,1778426025.452772,/big.txt,74055680,131072,sequential,1.0000,0.0000,0,1,74186752,4096,1,1,0
138,138_adaptive_phase_change_run06,adaptive,phase_change,1778426025.4540434,/big.txt,74186752,131072,sequential,1.0000,0.0000,0,1,74317824,4096,1,1,0
138,138_adaptive_phase_change_run06,adaptive,phase_change,1778426025.455348,/big.txt,74317824,131072,sequential,1.0000,0.0000,0,1,74448896,4096,1,1,0
138,138_adaptive_phase_change_run06,adaptive,phase_change,1778426025.4566226,/big.txt,74448896,131072,sequential,1.0000,0.0000,0,1,74579968,4096,1,1,0
138,138_adaptive_phase_change_run06,adaptive,phase_change,1778426025.4578793,/big.txt,74579968,131072,sequential,1.0000,0.0000,0,1,74711040,4096,1,1,0
138,138_adaptive_phase_change_run06,adaptive,phase_change,1778426025.4591699,/big.txt,74711040,131072,sequential,1.0000,0.0000,0,1,74842112,4096,1,1,0
138,138_adaptive_phase_change_run06,adaptive,phase_change,1778426025.460424,/big.txt,74842112,131072,sequential,1.0000,0.0000,0,1,74973184,4096,1,1,0
138,138_adaptive_phase_change_run06,adaptive,phase_change,1778426025.4616847,/big.txt,74973184,131072,sequential,1.0000,0.0000,0,1,75104256,4096,1,1,0
138,138_adaptive_phase_change_run06,adaptive,phase_change,1778426025.4629664,/big.txt,75104256,131072,sequential,1.0000,0.0000,0,1,75235328,4096,1,1,0
138,138_adaptive_phase_change_run06,adaptive,phase_change,1778426025.4642277,/big.txt,75235328,131072,sequential,1.0000,0.0000,0,1,75366400,4096,1,1,0
138,138_adaptive_phase_change_run06,adaptive,phase_change,1778426025.4654894,/big.txt,75366400,131072,sequential,1.0000,0.0000,0,1,75497472,4096,1,1,0
138,138_adaptive_phase_change_run06,adaptive,phase_change,1778426025.4667528,/big.txt,75497472,131072,sequential,1.0000,0.0000,0,1,75628544,4096,1,1,0
138,138_adaptive_phase_change_run06,adaptive,phase_change,1778426025.4680336,/big.txt,75628544,131072,sequential,1.0000,0.0000,0,1,75759616,4096,1,1,0
138,138_adaptive_phase_change_run06,adaptive,phase_change,1778426025.469297,/big.txt,75759616,131072,sequential,1.0000,0.0000,0,1,75890688,4096,1,1,0
138,138_adaptive_phase_change_run06,adaptive,phase_change,1778426025.4705567,/big.txt,75890688,131072,sequential,1.0000,0.0000,0,1,76021760,4096,1,1,0
138,138_adaptive_phase_change_run06,adaptive,phase_change,1778426025.4718304,/big.txt,76021760,131072,sequential,1.0000,0.0000,0,1,76152832,4096,1,1,0
138,138_adaptive_phase_change_run06,adaptive,phase_change,1778426025.4730937,/big.txt,76152832,131072,sequential,1.0000,0.0000,0,1,76283904,4096,1,1,0
138,138_adaptive_phase_change_run06,adaptive,phase_change,1778426025.4743512,/big.txt,76283904,131072,sequential,1.0000,0.0000,0,1,76414976,4096,1,1,0
138,138_adaptive_phase_change_run06,adaptive,phase_change,1778426025.4756613,/big.txt,76414976,131072,sequential,1.0000,0.0000,0,1,76546048,4096,1,1,0
138,138_adaptive_phase_change_run06,adaptive,phase_change,1778426025.4769769,/big.txt,76546048,131072,sequential,1.0000,0.0000,0,1,76677120,4096,1,1,0
138,138_adaptive_phase_change_run06,adaptive,phase_change,1778426025.4782448,/big.txt,76677120,131072,sequential,1.0000,0.0000,0,1,76808192,4096,1,1,0
138,138_adaptive_phase_change_run06,adaptive,phase_change,1778426025.4795814,/big.txt,76808192,131072,sequential,1.0000,0.0000,0,1,76939264,4096,1,1,0
138,138_adaptive_phase_change_run06,adaptive,phase_change,1778426025.4808424,/big.txt,76939264,131072,sequential,1.0000,0.0000,0,1,77070336,4096,1,1,0
138,138_adaptive_phase_change_run06,adaptive,phase_change,1778426025.4820943,/big.txt,77070336,131072,sequential,1.0000,0.0000,0,1,77201408,4096,1,1,0
138,138_adaptive_phase_change_run06,adaptive,phase_change,1778426025.483391,/big.txt,77201408,131072,sequential,1.0000,0.0000,0,1,77332480,4096,1,1,0
138,138_adaptive_phase_change_run06,adaptive,phase_change,1778426025.4846456,/big.txt,77332480,131072,sequential,1.0000,0.0000,0,1,77463552,4096,1,1,0
138,138_adaptive_phase_change_run06,adaptive,phase_change,1778426025.4859126,/big.txt,77463552,131072,sequential,1.0000,0.0000,0,1,77594624,4096,1,1,0
138,138_adaptive_phase_change_run06,adaptive,phase_change,1778426025.487217,/big.txt,77594624,131072,sequential,1.0000,0.0000,0,1,77725696,4096,1,1,0
138,138_adaptive_phase_change_run06,adaptive,phase_change,1778426025.4884813,/big.txt,77725696,131072,sequential,1.0000,0.0000,0,1,77856768,4096,1,1,0
138,138_adaptive_phase_change_run06,adaptive,phase_change,1778426025.489751,/big.txt,77856768,131072,sequential,1.0000,0.0000,0,1,77987840,4096,1,1,0
138,138_adaptive_phase_change_run06,adaptive,phase_change,1778426025.4914994,/big.txt,77987840,131072,sequential,1.0000,0.0000,0,1,78118912,4096,1,1,0
138,138_adaptive_phase_change_run06,adaptive,phase_change,1778426025.4939666,/big.txt,78118912,131072,sequential,1.0000,0.0000,0,1,78249984,4096,1,1,0
138,138_adaptive_phase_change_run06,adaptive,phase_change,1778426025.4965072,/big.txt,78249984,131072,sequential,1.0000,0.0000,0,1,78381056,4096,1,1,0
138,138_adaptive_phase_change_run06,adaptive,phase_change,1778426025.4989848,/big.txt,78381056,131072,sequential,1.0000,0.0000,0,1,78512128,4096,1,1,0
138,138_adaptive_phase_change_run06,adaptive,phase_change,1778426025.5014358,/big.txt,78512128,131072,sequential,1.0000,0.0000,0,1,78643200,4096,1,1,0
138,138_adaptive_phase_change_run06,adaptive,phase_change,1778426025.5031598,/big.txt,78643200,131072,sequential,1.0000,0.0000,0,1,78774272,4096,1,1,0
138,138_adaptive_phase_change_run06,adaptive,phase_change,1778426025.5044184,/big.txt,78774272,131072,sequential,1.0000,0.0000,0,1,78905344,4096,1,1,0
138,138_adaptive_phase_change_run06,adaptive,phase_change,1778426025.505683,/big.txt,78905344,131072,sequential,1.0000,0.0000,0,1,79036416,4096,1,1,0
138,138_adaptive_phase_change_run06,adaptive,phase_change,1778426025.5070505,/big.txt,79036416,131072,sequential,1.0000,0.0000,0,1,79167488,4096,1,1,0
138,138_adaptive_phase_change_run06,adaptive,phase_change,1778426025.5083032,/big.txt,79167488,131072,sequential,1.0000,0.0000,0,1,79298560,4096,1,1,0
138,138_adaptive_phase_change_run06,adaptive,phase_change,1778426025.5095549,/big.txt,79298560,131072,sequential,1.0000,0.0000,0,1,79429632,4096,1,1,0
138,138_adaptive_phase_change_run06,adaptive,phase_change,1778426025.5108566,/big.txt,79429632,131072,sequential,1.0000,0.0000,0,1,79560704,4096,1,1,0
138,138_adaptive_phase_change_run06,adaptive,phase_change,1778426025.5121162,/big.txt,79560704,131072,sequential,1.0000,0.0000,0,1,79691776,4096,1,1,0
138,138_adaptive_phase_change_run06,adaptive,phase_change,1778426025.513378,/big.txt,79691776,131072,sequential,1.0000,0.0000,0,1,79822848,4096,1,1,0
138,138_adaptive_phase_change_run06,adaptive,phase_change,1778426025.5146327,/big.txt,79822848,131072,sequential,1.0000,0.0000,0,1,79953920,4096,1,1,0
138,138_adaptive_phase_change_run06,adaptive,phase_change,1778426025.5159614,/big.txt,79953920,131072,sequential,1.0000,0.0000,0,1,80084992,4096,1,1,0
138,138_adaptive_phase_change_run06,adaptive,phase_change,1778426025.5172384,/big.txt,80084992,131072,sequential,1.0000,0.0000,0,1,80216064,4096,1,1,0
138,138_adaptive_phase_change_run06,adaptive,phase_change,1778426025.5185,/big.txt,80216064,131072,sequential,1.0000,0.0000,0,1,80347136,4096,1,1,0
138,138_adaptive_phase_change_run06,adaptive,phase_change,1778426025.5197918,/big.txt,80347136,131072,sequential,1.0000,0.0000,0,1,80478208,4096,1,1,0
138,138_adaptive_phase_change_run06,adaptive,phase_change,1778426025.5210536,/big.txt,80478208,131072,sequential,1.0000,0.0000,0,1,80609280,4096,1,1,0
138,138_adaptive_phase_change_run06,adaptive,phase_change,1778426025.522298,/big.txt,80609280,131072,sequential,1.0000,0.0000,0,1,80740352,4096,1,1,0
138,138_adaptive_phase_change_run06,adaptive,phase_change,1778426025.5235982,/big.txt,80740352,131072,sequential,1.0000,0.0000,0,1,80871424,4096,1,1,0
138,138_adaptive_phase_change_run06,adaptive,phase_change,1778426025.5248737,/big.txt,80871424,131072,sequential,1.0000,0.0000,0,1,81002496,4096,1,1,0
138,138_adaptive_phase_change_run06,adaptive,phase_change,1778426025.5261292,/big.txt,81002496,131072,sequential,1.0000,0.0000,0,1,81133568,4096,1,1,0
138,138_adaptive_phase_change_run06,adaptive,phase_change,1778426025.5274334,/big.txt,81133568,131072,sequential,1.0000,0.0000,0,1,81264640,4096,1,1,0
138,138_adaptive_phase_change_run06,adaptive,phase_change,1778426025.5286942,/big.txt,81264640,131072,sequential,1.0000,0.0000,0,1,81395712,4096,1,1,0
138,138_adaptive_phase_change_run06,adaptive,phase_change,1778426025.5299463,/big.txt,81395712,131072,sequential,1.0000,0.0000,0,1,81526784,4096,1,1,0
138,138_adaptive_phase_change_run06,adaptive,phase_change,1778426025.5312457,/big.txt,81526784,131072,sequential,1.0000,0.0000,0,1,81657856,4096,1,1,0
138,138_adaptive_phase_change_run06,adaptive,phase_change,1778426025.532505,/big.txt,81657856,131072,sequential,1.0000,0.0000,0,1,81788928,4096,1,1,0
138,138_adaptive_phase_change_run06,adaptive,phase_change,1778426025.5337718,/big.txt,81788928,131072,sequential,1.0000,0.0000,0,1,81920000,4096,1,1,0
138,138_adaptive_phase_change_run06,adaptive,phase_change,1778426025.5350957,/big.txt,81920000,131072,sequential,1.0000,0.0000,0,1,82051072,4096,1,1,0
138,138_adaptive_phase_change_run06,adaptive,phase_change,1778426025.5363657,/big.txt,82051072,131072,sequential,1.0000,0.0000,0,1,82182144,4096,1,1,0
138,138_adaptive_phase_change_run06,adaptive,phase_change,1778426025.5376222,/big.txt,82182144,131072,sequential,1.0000,0.0000,0,1,82313216,4096,1,1,0
138,138_adaptive_phase_change_run06,adaptive,phase_change,1778426025.5389104,/big.txt,82313216,131072,sequential,1.0000,0.0000,0,1,82444288,4096,1,1,0
138,138_adaptive_phase_change_run06,adaptive,phase_change,1778426025.5401685,/big.txt,82444288,131072,sequential,1.0000,0.0000,0,1,82575360,4096,1,1,0
138,138_adaptive_phase_change_run06,adaptive,phase_change,1778426025.541436,/big.txt,82575360,131072,sequential,1.0000,0.0000,0,1,82706432,4096,1,1,0
138,138_adaptive_phase_change_run06,adaptive,phase_change,1778426025.5426912,/big.txt,82706432,131072,sequential,1.0000,0.0000,0,1,82837504,4096,1,1,0
138,138_adaptive_phase_change_run06,adaptive,phase_change,1778426025.543981,/big.txt,82837504,131072,sequential,1.0000,0.0000,0,1,82968576,4096,1,1,0
138,138_adaptive_phase_change_run06,adaptive,phase_change,1778426025.545239,/big.txt,82968576,131072,sequential,1.0000,0.0000,0,1,83099648,4096,1,1,0
138,138_adaptive_phase_change_run06,adaptive,phase_change,1778426025.5465062,/big.txt,83099648,131072,sequential,1.0000,0.0000,0,1,83230720,4096,1,1,0
138,138_adaptive_phase_change_run06,adaptive,phase_change,1778426025.547795,/big.txt,83230720,131072,sequential,1.0000,0.0000,0,1,83361792,4096,1,1,0
138,138_adaptive_phase_change_run06,adaptive,phase_change,1778426025.549058,/big.txt,83361792,131072,sequential,1.0000,0.0000,0,1,83492864,4096,1,1,0
138,138_adaptive_phase_change_run06,adaptive,phase_change,1778426025.550308,/big.txt,83492864,131072,sequential,1.0000,0.0000,0,1,83623936,4096,1,1,0
138,138_adaptive_phase_change_run06,adaptive,phase_change,1778426025.55164,/big.txt,83623936,131072,sequential,1.0000,0.0000,0,1,83755008,4096,1,1,0
138,138_adaptive_phase_change_run06,adaptive,phase_change,1778426025.5529423,/big.txt,83755008,131072,sequential,1.0000,0.0000,0,1,83886080,4096,1,1,0
138,138_adaptive_phase_change_run06,adaptive,phase_change,1778426025.5542006,/big.txt,83886080,131072,sequential,1.0000,0.0000,0,1,84017152,4096,1,1,0
138,138_adaptive_phase_change_run06,adaptive,phase_change,1778426025.5555005,/big.txt,84017152,131072,sequential,1.0000,0.0000,0,1,84148224,4096,1,1,0
138,138_adaptive_phase_change_run06,adaptive,phase_change,1778426025.5567534,/big.txt,84148224,131072,sequential,1.0000,0.0000,0,1,84279296,4096,1,1,0
138,138_adaptive_phase_change_run06,adaptive,phase_change,1778426025.5580103,/big.txt,84279296,131072,sequential,1.0000,0.0000,0,1,84410368,4096,1,1,0
138,138_adaptive_phase_change_run06,adaptive,phase_change,1778426025.5605187,/big.txt,84410368,131072,sequential,1.0000,0.0000,0,1,84541440,4096,1,1,0
138,138_adaptive_phase_change_run06,adaptive,phase_change,1778426025.5630064,/big.txt,84541440,131072,sequential,1.0000,0.0000,0,1,84672512,4096,1,1,0
138,138_adaptive_phase_change_run06,adaptive,phase_change,1778426025.5654914,/big.txt,84672512,131072,sequential,1.0000,0.0000,0,1,84803584,4096,1,1,0
138,138_adaptive_phase_change_run06,adaptive,phase_change,1778426025.568038,/big.txt,84803584,131072,sequential,1.0000,0.0000,0,1,84934656,4096,1,1,0
138,138_adaptive_phase_change_run06,adaptive,phase_change,1778426025.5705252,/big.txt,84934656,131072,sequential,1.0000,0.0000,0,1,85065728,4096,1,1,0
138,138_adaptive_phase_change_run06,adaptive,phase_change,1778426025.571829,/big.txt,85065728,131072,sequential,1.0000,0.0000,0,1,85196800,4096,1,1,0
138,138_adaptive_phase_change_run06,adaptive,phase_change,1778426025.57314,/big.txt,85196800,131072,sequential,1.0000,0.0000,0,1,85327872,4096,1,1,0
138,138_adaptive_phase_change_run06,adaptive,phase_change,1778426025.5744367,/big.txt,85327872,131072,sequential,1.0000,0.0000,0,1,85458944,4096,1,1,0
138,138_adaptive_phase_change_run06,adaptive,phase_change,1778426025.5757878,/big.txt,85458944,131072,sequential,1.0000,0.0000,0,1,85590016,4096,1,1,0
138,138_adaptive_phase_change_run06,adaptive,phase_change,1778426025.5771034,/big.txt,85590016,131072,sequential,1.0000,0.0000,0,1,85721088,4096,1,1,0
138,138_adaptive_phase_change_run06,adaptive,phase_change,1778426025.5784204,/big.txt,85721088,131072,sequential,1.0000,0.0000,0,1,85852160,4096,1,1,0
138,138_adaptive_phase_change_run06,adaptive,phase_change,1778426025.5797317,/big.txt,85852160,131072,sequential,1.0000,0.0000,0,1,85983232,4096,1,1,0
138,138_adaptive_phase_change_run06,adaptive,phase_change,1778426025.5810206,/big.txt,85983232,131072,sequential,1.0000,0.0000,0,1,86114304,4096,1,1,0
138,138_adaptive_phase_change_run06,adaptive,phase_change,1778426025.5823226,/big.txt,86114304,131072,sequential,1.0000,0.0000,0,1,86245376,4096,1,1,0
138,138_adaptive_phase_change_run06,adaptive,phase_change,1778426025.5836265,/big.txt,86245376,131072,sequential,1.0000,0.0000,0,1,86376448,4096,1,1,0
138,138_adaptive_phase_change_run06,adaptive,phase_change,1778426025.5849092,/big.txt,86376448,131072,sequential,1.0000,0.0000,0,1,86507520,4096,1,1,0
138,138_adaptive_phase_change_run06,adaptive,phase_change,1778426025.5861828,/big.txt,86507520,131072,sequential,1.0000,0.0000,0,1,86638592,4096,1,1,0
138,138_adaptive_phase_change_run06,adaptive,phase_change,1778426025.5874767,/big.txt,86638592,131072,sequential,1.0000,0.0000,0,1,86769664,4096,1,1,0
138,138_adaptive_phase_change_run06,adaptive,phase_change,1778426025.5887368,/big.txt,86769664,131072,sequential,1.0000,0.0000,0,1,86900736,4096,1,1,0
138,138_adaptive_phase_change_run06,adaptive,phase_change,1778426025.5899901,/big.txt,86900736,131072,sequential,1.0000,0.0000,0,1,87031808,4096,1,1,0
138,138_adaptive_phase_change_run06,adaptive,phase_change,1778426025.5913048,/big.txt,87031808,131072,sequential,1.0000,0.0000,0,1,87162880,4096,1,1,0
138,138_adaptive_phase_change_run06,adaptive,phase_change,1778426025.5925612,/big.txt,87162880,131072,sequential,1.0000,0.0000,0,1,87293952,4096,1,1,0
138,138_adaptive_phase_change_run06,adaptive,phase_change,1778426025.5938268,/big.txt,87293952,131072,sequential,1.0000,0.0000,0,1,87425024,4096,1,1,0
138,138_adaptive_phase_change_run06,adaptive,phase_change,1778426025.5951173,/big.txt,87425024,131072,sequential,1.0000,0.0000,0,1,87556096,4096,1,1,0
138,138_adaptive_phase_change_run06,adaptive,phase_change,1778426025.596384,/big.txt,87556096,131072,sequential,1.0000,0.0000,0,1,87687168,4096,1,1,0
138,138_adaptive_phase_change_run06,adaptive,phase_change,1778426025.5976381,/big.txt,87687168,131072,sequential,1.0000,0.0000,0,1,87818240,4096,1,1,0
138,138_adaptive_phase_change_run06,adaptive,phase_change,1778426025.5989342,/big.txt,87818240,131072,sequential,1.0000,0.0000,0,1,87949312,4096,1,1,0
138,138_adaptive_phase_change_run06,adaptive,phase_change,1778426025.6001964,/big.txt,87949312,131072,sequential,1.0000,0.0000,0,1,88080384,4096,1,1,0
138,138_adaptive_phase_change_run06,adaptive,phase_change,1778426025.6014578,/big.txt,88080384,131072,sequential,1.0000,0.0000,0,1,88211456,4096,1,1,0
138,138_adaptive_phase_change_run06,adaptive,phase_change,1778426025.6027095,/big.txt,88211456,131072,sequential,1.0000,0.0000,0,1,88342528,4096,1,1,0
138,138_adaptive_phase_change_run06,adaptive,phase_change,1778426025.6040108,/big.txt,88342528,131072,sequential,1.0000,0.0000,0,1,88473600,4096,1,1,0
138,138_adaptive_phase_change_run06,adaptive,phase_change,1778426025.6052747,/big.txt,88473600,131072,sequential,1.0000,0.0000,0,1,88604672,4096,1,1,0
138,138_adaptive_phase_change_run06,adaptive,phase_change,1778426025.606527,/big.txt,88604672,131072,sequential,1.0000,0.0000,0,1,88735744,4096,1,1,0
138,138_adaptive_phase_change_run06,adaptive,phase_change,1778426025.607788,/big.txt,88735744,131072,sequential,1.0000,0.0000,0,1,88866816,4096,1,1,0
138,138_adaptive_phase_change_run06,adaptive,phase_change,1778426025.6090448,/big.txt,88866816,131072,sequential,1.0000,0.0000,0,1,88997888,4096,1,1,0
138,138_adaptive_phase_change_run06,adaptive,phase_change,1778426025.610304,/big.txt,88997888,131072,sequential,1.0000,0.0000,0,1,89128960,4096,1,1,0
138,138_adaptive_phase_change_run06,adaptive,phase_change,1778426025.6116123,/big.txt,89128960,131072,sequential,1.0000,0.0000,0,1,89260032,4096,1,1,0
138,138_adaptive_phase_change_run06,adaptive,phase_change,1778426025.6128883,/big.txt,89260032,131072,sequential,1.0000,0.0000,0,1,89391104,4096,1,1,0
138,138_adaptive_phase_change_run06,adaptive,phase_change,1778426025.6141422,/big.txt,89391104,131072,sequential,1.0000,0.0000,0,1,89522176,4096,1,1,0
138,138_adaptive_phase_change_run06,adaptive,phase_change,1778426025.6154392,/big.txt,89522176,131072,sequential,1.0000,0.0000,0,1,89653248,4096,1,1,0
138,138_adaptive_phase_change_run06,adaptive,phase_change,1778426025.6166978,/big.txt,89653248,131072,sequential,1.0000,0.0000,0,1,89784320,4096,1,1,0
138,138_adaptive_phase_change_run06,adaptive,phase_change,1778426025.617947,/big.txt,89784320,131072,sequential,1.0000,0.0000,0,1,89915392,4096,1,1,0
138,138_adaptive_phase_change_run06,adaptive,phase_change,1778426025.6192725,/big.txt,89915392,131072,sequential,1.0000,0.0000,0,1,90046464,4096,1,1,0
138,138_adaptive_phase_change_run06,adaptive,phase_change,1778426025.6205378,/big.txt,90046464,131072,sequential,1.0000,0.0000,0,1,90177536,4096,1,1,0
138,138_adaptive_phase_change_run06,adaptive,phase_change,1778426025.6218097,/big.txt,90177536,131072,sequential,1.0000,0.0000,0,1,90308608,4096,1,1,0
138,138_adaptive_phase_change_run06,adaptive,phase_change,1778426025.623259,/big.txt,90308608,131072,sequential,1.0000,0.0000,0,1,90439680,4096,1,1,0
138,138_adaptive_phase_change_run06,adaptive,phase_change,1778426025.6245205,/big.txt,90439680,131072,sequential,1.0000,0.0000,0,1,90570752,4096,1,1,0
138,138_adaptive_phase_change_run06,adaptive,phase_change,1778426025.625772,/big.txt,90570752,131072,sequential,1.0000,0.0000,0,1,90701824,4096,1,1,0
138,138_adaptive_phase_change_run06,adaptive,phase_change,1778426025.6270638,/big.txt,90701824,131072,sequential,1.0000,0.0000,0,1,90832896,4096,1,1,0
138,138_adaptive_phase_change_run06,adaptive,phase_change,1778426025.628317,/big.txt,90832896,131072,sequential,1.0000,0.0000,0,1,90963968,4096,1,1,0
138,138_adaptive_phase_change_run06,adaptive,phase_change,1778426025.6295722,/big.txt,90963968,131072,sequential,1.0000,0.0000,0,1,91095040,4096,1,1,0
138,138_adaptive_phase_change_run06,adaptive,phase_change,1778426025.630915,/big.txt,91095040,131072,sequential,1.0000,0.0000,0,1,91226112,4096,1,1,0
138,138_adaptive_phase_change_run06,adaptive,phase_change,1778426025.6321776,/big.txt,91226112,131072,sequential,1.0000,0.0000,0,1,91357184,4096,1,1,0
138,138_adaptive_phase_change_run06,adaptive,phase_change,1778426025.6334321,/big.txt,91357184,131072,sequential,1.0000,0.0000,0,1,91488256,4096,1,1,0
138,138_adaptive_phase_change_run06,adaptive,phase_change,1778426025.63469,/big.txt,91488256,131072,sequential,1.0000,0.0000,0,1,91619328,4096,1,1,0
138,138_adaptive_phase_change_run06,adaptive,phase_change,1778426025.6359828,/big.txt,91619328,131072,sequential,1.0000,0.0000,0,1,91750400,4096,1,1,0
138,138_adaptive_phase_change_run06,adaptive,phase_change,1778426025.6372476,/big.txt,91750400,131072,sequential,1.0000,0.0000,0,1,91881472,4096,1,1,0
138,138_adaptive_phase_change_run06,adaptive,phase_change,1778426025.6384985,/big.txt,91881472,131072,sequential,1.0000,0.0000,0,1,92012544,4096,1,1,0
138,138_adaptive_phase_change_run06,adaptive,phase_change,1778426025.639786,/big.txt,92012544,131072,sequential,1.0000,0.0000,0,1,92143616,4096,1,1,0
138,138_adaptive_phase_change_run06,adaptive,phase_change,1778426025.6410396,/big.txt,92143616,131072,sequential,1.0000,0.0000,0,1,92274688,4096,1,1,0
138,138_adaptive_phase_change_run06,adaptive,phase_change,1778426025.6422896,/big.txt,92274688,131072,sequential,1.0000,0.0000,0,1,92405760,4096,1,1,0
138,138_adaptive_phase_change_run06,adaptive,phase_change,1778426025.6435878,/big.txt,92405760,131072,sequential,1.0000,0.0000,0,1,92536832,4096,1,1,0
138,138_adaptive_phase_change_run06,adaptive,phase_change,1778426025.644856,/big.txt,92536832,131072,sequential,1.0000,0.0000,0,1,92667904,4096,1,1,0
138,138_adaptive_phase_change_run06,adaptive,phase_change,1778426025.6461108,/big.txt,92667904,131072,sequential,1.0000,0.0000,0,1,92798976,4096,1,1,0
138,138_adaptive_phase_change_run06,adaptive,phase_change,1778426025.6474097,/big.txt,92798976,131072,sequential,1.0000,0.0000,0,1,92930048,4096,1,1,0
138,138_adaptive_phase_change_run06,adaptive,phase_change,1778426025.6486604,/big.txt,92930048,131072,sequential,1.0000,0.0000,0,1,93061120,4096,1,1,0
138,138_adaptive_phase_change_run06,adaptive,phase_change,1778426025.6499002,/big.txt,93061120,131072,sequential,1.0000,0.0000,0,1,93192192,4096,1,1,0
138,138_adaptive_phase_change_run06,adaptive,phase_change,1778426025.651197,/big.txt,93192192,131072,sequential,1.0000,0.0000,0,1,93323264,4096,1,1,0
138,138_adaptive_phase_change_run06,adaptive,phase_change,1778426025.6524563,/big.txt,93323264,131072,sequential,1.0000,0.0000,0,1,93454336,4096,1,1,0
138,138_adaptive_phase_change_run06,adaptive,phase_change,1778426025.6537168,/big.txt,93454336,131072,sequential,1.0000,0.0000,0,1,93585408,4096,1,1,0
138,138_adaptive_phase_change_run06,adaptive,phase_change,1778426025.6550782,/big.txt,93585408,131072,sequential,1.0000,0.0000,0,1,93716480,4096,1,1,0
138,138_adaptive_phase_change_run06,adaptive,phase_change,1778426025.6563454,/big.txt,93716480,131072,sequential,1.0000,0.0000,0,1,93847552,4096,1,1,0
138,138_adaptive_phase_change_run06,adaptive,phase_change,1778426025.6576028,/big.txt,93847552,131072,sequential,1.0000,0.0000,0,1,93978624,4096,1,1,0
138,138_adaptive_phase_change_run06,adaptive,phase_change,1778426025.658893,/big.txt,93978624,131072,sequential,1.0000,0.0000,0,1,94109696,4096,1,1,0
138,138_adaptive_phase_change_run06,adaptive,phase_change,1778426025.6601524,/big.txt,94109696,131072,sequential,1.0000,0.0000,0,1,94240768,4096,1,1,0
138,138_adaptive_phase_change_run06,adaptive,phase_change,1778426025.6614177,/big.txt,94240768,131072,sequential,1.0000,0.0000,0,1,94371840,4096,1,1,0
138,138_adaptive_phase_change_run06,adaptive,phase_change,1778426025.6626675,/big.txt,94371840,131072,sequential,1.0000,0.0000,0,1,94502912,4096,1,1,0
138,138_adaptive_phase_change_run06,adaptive,phase_change,1778426025.6639628,/big.txt,94502912,131072,sequential,1.0000,0.0000,0,1,94633984,4096,1,1,0
138,138_adaptive_phase_change_run06,adaptive,phase_change,1778426025.6652272,/big.txt,94633984,131072,sequential,1.0000,0.0000,0,1,94765056,4096,1,1,0
138,138_adaptive_phase_change_run06,adaptive,phase_change,1778426025.666483,/big.txt,94765056,131072,sequential,1.0000,0.0000,0,1,94896128,4096,1,1,0
138,138_adaptive_phase_change_run06,adaptive,phase_change,1778426025.667782,/big.txt,94896128,131072,sequential,1.0000,0.0000,0,1,95027200,4096,1,1,0
138,138_adaptive_phase_change_run06,adaptive,phase_change,1778426025.6690419,/big.txt,95027200,131072,sequential,1.0000,0.0000,0,1,95158272,4096,1,1,0
138,138_adaptive_phase_change_run06,adaptive,phase_change,1778426025.6702933,/big.txt,95158272,131072,sequential,1.0000,0.0000,0,1,95289344,4096,1,1,0
138,138_adaptive_phase_change_run06,adaptive,phase_change,1778426025.6715732,/big.txt,95289344,131072,sequential,1.0000,0.0000,0,1,95420416,4096,1,1,0
138,138_adaptive_phase_change_run06,adaptive,phase_change,1778426025.6728377,/big.txt,95420416,131072,sequential,1.0000,0.0000,0,1,95551488,4096,1,1,0
138,138_adaptive_phase_change_run06,adaptive,phase_change,1778426025.674094,/big.txt,95551488,131072,sequential,1.0000,0.0000,0,1,95682560,4096,1,1,0
138,138_adaptive_phase_change_run06,adaptive,phase_change,1778426025.6754084,/big.txt,95682560,131072,sequential,1.0000,0.0000,0,1,95813632,4096,1,1,0
138,138_adaptive_phase_change_run06,adaptive,phase_change,1778426025.6766694,/big.txt,95813632,131072,sequential,1.0000,0.0000,0,1,95944704,4096,1,1,0
138,138_adaptive_phase_change_run06,adaptive,phase_change,1778426025.677931,/big.txt,95944704,131072,sequential,1.0000,0.0000,0,1,96075776,4096,1,1,0
138,138_adaptive_phase_change_run06,adaptive,phase_change,1778426025.6792161,/big.txt,96075776,131072,sequential,1.0000,0.0000,0,1,96206848,4096,1,1,0
138,138_adaptive_phase_change_run06,adaptive,phase_change,1778426025.6804953,/big.txt,96206848,131072,sequential,1.0000,0.0000,0,1,96337920,4096,1,1,0
138,138_adaptive_phase_change_run06,adaptive,phase_change,1778426025.6817467,/big.txt,96337920,131072,sequential,1.0000,0.0000,0,1,96468992,4096,1,1,0
138,138_adaptive_phase_change_run06,adaptive,phase_change,1778426025.6831388,/big.txt,96468992,131072,sequential,1.0000,0.0000,0,1,96600064,4096,1,1,0
138,138_adaptive_phase_change_run06,adaptive,phase_change,1778426025.68441,/big.txt,96600064,131072,sequential,1.0000,0.0000,0,1,96731136,4096,1,1,0
138,138_adaptive_phase_change_run06,adaptive,phase_change,1778426025.6856644,/big.txt,96731136,131072,sequential,1.0000,0.0000,0,1,96862208,4096,1,1,0
138,138_adaptive_phase_change_run06,adaptive,phase_change,1778426025.686942,/big.txt,96862208,131072,sequential,1.0000,0.0000,0,1,96993280,4096,1,1,0
138,138_adaptive_phase_change_run06,adaptive,phase_change,1778426025.6882086,/big.txt,96993280,131072,sequential,1.0000,0.0000,0,1,97124352,4096,1,1,0
138,138_adaptive_phase_change_run06,adaptive,phase_change,1778426025.6894615,/big.txt,97124352,131072,sequential,1.0000,0.0000,0,1,97255424,4096,1,1,0
138,138_adaptive_phase_change_run06,adaptive,phase_change,1778426025.6907136,/big.txt,97255424,131072,sequential,1.0000,0.0000,0,1,97386496,4096,1,1,0
138,138_adaptive_phase_change_run06,adaptive,phase_change,1778426025.6920297,/big.txt,97386496,131072,sequential,1.0000,0.0000,0,1,97517568,4096,1,1,0
138,138_adaptive_phase_change_run06,adaptive,phase_change,1778426025.6932964,/big.txt,97517568,131072,sequential,1.0000,0.0000,0,1,97648640,4096,1,1,0
138,138_adaptive_phase_change_run06,adaptive,phase_change,1778426025.6945581,/big.txt,97648640,131072,sequential,1.0000,0.0000,0,1,97779712,4096,1,1,0
138,138_adaptive_phase_change_run06,adaptive,phase_change,1778426025.695821,/big.txt,97779712,131072,sequential,1.0000,0.0000,0,1,97910784,4096,1,1,0
138,138_adaptive_phase_change_run06,adaptive,phase_change,1778426025.6970797,/big.txt,97910784,131072,sequential,1.0000,0.0000,0,1,98041856,4096,1,1,0
138,138_adaptive_phase_change_run06,adaptive,phase_change,1778426025.698326,/big.txt,98041856,131072,sequential,1.0000,0.0000,0,1,98172928,4096,1,1,0
138,138_adaptive_phase_change_run06,adaptive,phase_change,1778426025.699643,/big.txt,98172928,131072,sequential,1.0000,0.0000,0,1,98304000,4096,1,1,0
138,138_adaptive_phase_change_run06,adaptive,phase_change,1778426025.7009597,/big.txt,98304000,131072,sequential,1.0000,0.0000,0,1,98435072,4096,1,1,0
138,138_adaptive_phase_change_run06,adaptive,phase_change,1778426025.7022257,/big.txt,98435072,131072,sequential,1.0000,0.0000,0,1,98566144,4096,1,1,0
138,138_adaptive_phase_change_run06,adaptive,phase_change,1778426025.7035346,/big.txt,98566144,131072,sequential,1.0000,0.0000,0,1,98697216,4096,1,1,0
138,138_adaptive_phase_change_run06,adaptive,phase_change,1778426025.704799,/big.txt,98697216,131072,sequential,1.0000,0.0000,0,1,98828288,4096,1,1,0
138,138_adaptive_phase_change_run06,adaptive,phase_change,1778426025.706052,/big.txt,98828288,131072,sequential,1.0000,0.0000,0,1,98959360,4096,1,1,0
138,138_adaptive_phase_change_run06,adaptive,phase_change,1778426025.7073698,/big.txt,98959360,131072,sequential,1.0000,0.0000,0,1,99090432,4096,1,1,0
138,138_adaptive_phase_change_run06,adaptive,phase_change,1778426025.7086315,/big.txt,99090432,131072,sequential,1.0000,0.0000,0,1,99221504,4096,1,1,0
138,138_adaptive_phase_change_run06,adaptive,phase_change,1778426025.709898,/big.txt,99221504,131072,sequential,1.0000,0.0000,0,1,99352576,4096,1,1,0
138,138_adaptive_phase_change_run06,adaptive,phase_change,1778426025.711197,/big.txt,99352576,131072,sequential,1.0000,0.0000,0,1,99483648,4096,1,1,0
138,138_adaptive_phase_change_run06,adaptive,phase_change,1778426025.7124605,/big.txt,99483648,131072,sequential,1.0000,0.0000,0,1,99614720,4096,1,1,0
138,138_adaptive_phase_change_run06,adaptive,phase_change,1778426025.713742,/big.txt,99614720,131072,sequential,1.0000,0.0000,0,1,99745792,4096,1,1,0
138,138_adaptive_phase_change_run06,adaptive,phase_change,1778426025.715129,/big.txt,99745792,131072,sequential,1.0000,0.0000,0,1,99876864,4096,1,1,0
138,138_adaptive_phase_change_run06,adaptive,phase_change,1778426025.716455,/big.txt,99876864,131072,sequential,1.0000,0.0000,0,1,100007936,4096,1,1,0
138,138_adaptive_phase_change_run06,adaptive,phase_change,1778426025.7177346,/big.txt,100007936,131072,sequential,1.0000,0.0000,0,1,100139008,4096,1,1,0
138,138_adaptive_phase_change_run06,adaptive,phase_change,1778426025.719079,/big.txt,100139008,131072,sequential,1.0000,0.0000,0,1,100270080,4096,1,1,0
138,138_adaptive_phase_change_run06,adaptive,phase_change,1778426025.7203605,/big.txt,100270080,131072,sequential,1.0000,0.0000,0,1,100401152,4096,1,1,0
138,138_adaptive_phase_change_run06,adaptive,phase_change,1778426025.7216156,/big.txt,100401152,131072,sequential,1.0000,0.0000,0,1,100532224,4096,1,1,0
138,138_adaptive_phase_change_run06,adaptive,phase_change,1778426025.7229283,/big.txt,100532224,131072,sequential,1.0000,0.0000,0,1,100663296,4096,1,1,0
138,138_adaptive_phase_change_run06,adaptive,phase_change,1778426025.7242396,/big.txt,100663296,131072,sequential,1.0000,0.0000,0,1,100794368,4096,1,1,0
138,138_adaptive_phase_change_run06,adaptive,phase_change,1778426025.7255175,/big.txt,100794368,131072,sequential,1.0000,0.0000,0,1,100925440,4096,1,1,0
138,138_adaptive_phase_change_run06,adaptive,phase_change,1778426025.7268124,/big.txt,100925440,131072,sequential,1.0000,0.0000,0,1,101056512,4096,1,1,0
138,138_adaptive_phase_change_run06,adaptive,phase_change,1778426025.7281144,/big.txt,101056512,131072,sequential,1.0000,0.0000,0,1,101187584,4096,1,1,0
138,138_adaptive_phase_change_run06,adaptive,phase_change,1778426025.729364,/big.txt,101187584,131072,sequential,1.0000,0.0000,0,1,101318656,4096,1,1,0
138,138_adaptive_phase_change_run06,adaptive,phase_change,1778426025.7306154,/big.txt,101318656,131072,sequential,1.0000,0.0000,0,1,101449728,4096,1,1,0
138,138_adaptive_phase_change_run06,adaptive,phase_change,1778426025.7318761,/big.txt,101449728,131072,sequential,1.0000,0.0000,0,1,101580800,4096,1,1,0
138,138_adaptive_phase_change_run06,adaptive,phase_change,1778426025.7331283,/big.txt,101580800,131072,sequential,1.0000,0.0000,0,1,101711872,4096,1,1,0
138,138_adaptive_phase_change_run06,adaptive,phase_change,1778426025.734389,/big.txt,101711872,131072,sequential,1.0000,0.0000,0,1,101842944,4096,1,1,0
138,138_adaptive_phase_change_run06,adaptive,phase_change,1778426025.7357044,/big.txt,101842944,131072,sequential,1.0000,0.0000,0,1,101974016,4096,1,1,0
138,138_adaptive_phase_change_run06,adaptive,phase_change,1778426025.7369952,/big.txt,101974016,131072,sequential,1.0000,0.0000,0,1,102105088,4096,1,1,0
138,138_adaptive_phase_change_run06,adaptive,phase_change,1778426025.7382643,/big.txt,102105088,131072,sequential,1.0000,0.0000,0,1,102236160,4096,1,1,0
138,138_adaptive_phase_change_run06,adaptive,phase_change,1778426025.7395718,/big.txt,102236160,131072,sequential,1.0000,0.0000,0,1,102367232,4096,1,1,0
138,138_adaptive_phase_change_run06,adaptive,phase_change,1778426025.7408438,/big.txt,102367232,131072,sequential,1.0000,0.0000,0,1,102498304,4096,1,1,0
138,138_adaptive_phase_change_run06,adaptive,phase_change,1778426025.7420926,/big.txt,102498304,131072,sequential,1.0000,0.0000,0,1,102629376,4096,1,1,0
138,138_adaptive_phase_change_run06,adaptive,phase_change,1778426025.7433877,/big.txt,102629376,131072,sequential,1.0000,0.0000,0,1,102760448,4096,1,1,0
138,138_adaptive_phase_change_run06,adaptive,phase_change,1778426025.7446442,/big.txt,102760448,131072,sequential,1.0000,0.0000,0,1,102891520,4096,1,1,0
138,138_adaptive_phase_change_run06,adaptive,phase_change,1778426025.745908,/big.txt,102891520,131072,sequential,1.0000,0.0000,0,1,103022592,4096,1,1,0
138,138_adaptive_phase_change_run06,adaptive,phase_change,1778426025.747285,/big.txt,103022592,131072,sequential,1.0000,0.0000,0,1,103153664,4096,1,1,0
138,138_adaptive_phase_change_run06,adaptive,phase_change,1778426025.7485394,/big.txt,103153664,131072,sequential,1.0000,0.0000,0,1,103284736,4096,1,1,0
138,138_adaptive_phase_change_run06,adaptive,phase_change,1778426025.7497993,/big.txt,103284736,131072,sequential,1.0000,0.0000,0,1,103415808,4096,1,1,0
138,138_adaptive_phase_change_run06,adaptive,phase_change,1778426025.7510858,/big.txt,103415808,131072,sequential,1.0000,0.0000,0,1,103546880,4096,1,1,0
138,138_adaptive_phase_change_run06,adaptive,phase_change,1778426025.7523482,/big.txt,103546880,131072,sequential,1.0000,0.0000,0,1,103677952,4096,1,1,0
138,138_adaptive_phase_change_run06,adaptive,phase_change,1778426025.7536085,/big.txt,103677952,131072,sequential,1.0000,0.0000,0,1,103809024,4096,1,1,0
138,138_adaptive_phase_change_run06,adaptive,phase_change,1778426025.7549942,/big.txt,103809024,131072,sequential,1.0000,0.0000,0,1,103940096,4096,1,1,0
138,138_adaptive_phase_change_run06,adaptive,phase_change,1778426025.7574627,/big.txt,103940096,131072,sequential,1.0000,0.0000,0,1,104071168,4096,1,1,0
138,138_adaptive_phase_change_run06,adaptive,phase_change,1778426025.7599988,/big.txt,104071168,131072,sequential,1.0000,0.0000,0,1,104202240,4096,1,1,0
138,138_adaptive_phase_change_run06,adaptive,phase_change,1778426025.7624843,/big.txt,104202240,131072,sequential,1.0000,0.0000,0,1,104333312,4096,1,1,0
138,138_adaptive_phase_change_run06,adaptive,phase_change,1778426025.7650108,/big.txt,104333312,131072,sequential,1.0000,0.0000,0,1,104464384,4096,1,1,0
138,138_adaptive_phase_change_run06,adaptive,phase_change,1778426025.76707,/big.txt,104464384,131072,sequential,1.0000,0.0000,0,1,104595456,4096,1,1,0
138,138_adaptive_phase_change_run06,adaptive,phase_change,1778426025.7683327,/big.txt,104595456,131072,sequential,1.0000,0.0000,0,1,104726528,4096,1,1,0
138,138_adaptive_phase_change_run06,adaptive,phase_change,1778426025.7695875,/big.txt,104726528,131072,sequential,1.0000,0.0000,0,1,104857600,4096,1,1,0
138,138_adaptive_phase_change_run06,adaptive,phase_change,1778426025.7697053,/big.txt,104857600,0,sequential,1.0000,0.0000,0,0,,,1,0,0
