run_index,run_label,mode,workload,timestamp,path,offset,size,phase,confidence,decay_rate,seek_delta,prefetch,prefetch_offset,prefetch_size,prefetch_depth,cache_hit,false_negative
207,207_baseline_phase_change_run07,baseline,phase_change,1778307056.0236454,/big.txt,0,131072,unknown,0.0000,0.0000,0,1,131072,4096,1,1,0
207,207_baseline_phase_change_run07,baseline,phase_change,1778307056.0270398,/big.txt,131072,131072,sequential,1.0000,0.0000,0,1,262144,4096,1,1,0
207,207_baseline_phase_change_run07,baseline,phase_change,1778307056.0302122,/big.txt,262144,131072,sequential,1.0000,0.0000,0,1,393216,4096,1,1,0
207,207_baseline_phase_change_run07,baseline,phase_change,1778307056.0335016,/big.txt,393216,131072,sequential,1.0000,0.0000,0,1,524288,4096,1,1,0
207,207_baseline_phase_change_run07,baseline,phase_change,1778307056.0366042,/big.txt,524288,131072,sequential,1.0000,0.0000,0,1,655360,4096,1,1,0
207,207_baseline_phase_change_run07,baseline,phase_change,1778307056.0396595,/big.txt,655360,131072,sequential,1.0000,0.0000,0,1,786432,4096,1,1,0
207,207_baseline_phase_change_run07,baseline,phase_change,1778307056.0426943,/big.txt,786432,131072,sequential,1.0000,0.0000,0,1,917504,4096,1,1,0
207,207_baseline_phase_change_run07,baseline,phase_change,1778307056.0457575,/big.txt,917504,131072,sequential,1.0000,0.0000,0,1,1048576,4096,1,1,0
207,207_baseline_phase_change_run07,baseline,phase_change,1778307056.0487862,/big.txt,1048576,131072,sequential,1.0000,0.0000,0,1,1179648,4096,1,1,0
207,207_baseline_phase_change_run07,baseline,phase_change,1778307056.0517876,/big.txt,1179648,131072,sequential,1.0000,0.0000,0,1,1310720,4096,1,1,0
207,207_baseline_phase_change_run07,baseline,phase_change,1778307056.0549395,/big.txt,1310720,131072,sequential,1.0000,0.0000,0,1,1441792,4096,1,1,0
207,207_baseline_phase_change_run07,baseline,phase_change,1778307056.0594747,/big.txt,1441792,131072,sequential,1.0000,0.0000,0,1,1572864,4096,1,1,0
207,207_baseline_phase_change_run07,baseline,phase_change,1778307056.0624793,/big.txt,1572864,131072,sequential,1.0000,0.0000,0,1,1703936,4096,1,1,0
207,207_baseline_phase_change_run07,baseline,phase_change,1778307056.0654488,/big.txt,1703936,131072,sequential,1.0000,0.0000,0,1,1835008,4096,1,1,0
207,207_baseline_phase_change_run07,baseline,phase_change,1778307056.0685244,/big.txt,1835008,131072,sequential,1.0000,0.0000,0,1,1966080,4096,1,1,0
207,207_baseline_phase_change_run07,baseline,phase_change,1778307056.0715494,/big.txt,1966080,131072,sequential,1.0000,0.0000,0,1,2097152,4096,1,1,0
207,207_baseline_phase_change_run07,baseline,phase_change,1778307056.0745456,/big.txt,2097152,131072,sequential,1.0000,0.0000,0,1,2228224,4096,1,1,0
207,207_baseline_phase_change_run07,baseline,phase_change,1778307056.077535,/big.txt,2228224,131072,sequential,1.0000,0.0000,0,1,2359296,4096,1,1,0
207,207_baseline_phase_change_run07,baseline,phase_change,1778307056.0805788,/big.txt,2359296,131072,sequential,1.0000,0.0000,0,1,2490368,4096,1,1,0
207,207_baseline_phase_change_run07,baseline,phase_change,1778307056.0836303,/big.txt,2490368,131072,sequential,1.0000,0.0000,0,1,2621440,4096,1,1,0
207,207_baseline_phase_change_run07,baseline,phase_change,1778307056.0866935,/big.txt,2621440,131072,sequential,1.0000,0.0000,0,1,2752512,4096,1,1,0
207,207_baseline_phase_change_run07,baseline,phase_change,1778307056.0897756,/big.txt,2752512,131072,sequential,1.0000,0.0000,0,1,2883584,4096,1,1,0
207,207_baseline_phase_change_run07,baseline,phase_change,1778307056.0928352,/big.txt,2883584,131072,sequential,1.0000,0.0000,0,1,3014656,4096,1,1,0
207,207_baseline_phase_change_run07,baseline,phase_change,1778307056.0958421,/big.txt,3014656,131072,sequential,1.0000,0.0000,0,1,3145728,4096,1,1,0
207,207_baseline_phase_change_run07,baseline,phase_change,1778307056.0988395,/big.txt,3145728,131072,sequential,1.0000,0.0000,0,1,3276800,4096,1,1,0
207,207_baseline_phase_change_run07,baseline,phase_change,1778307056.1018465,/big.txt,3276800,131072,sequential,1.0000,0.0000,0,1,3407872,4096,1,1,0
207,207_baseline_phase_change_run07,baseline,phase_change,1778307056.1048632,/big.txt,3407872,131072,sequential,1.0000,0.0000,0,1,3538944,4096,1,1,0
207,207_baseline_phase_change_run07,baseline,phase_change,1778307056.1075797,/big.txt,3538944,131072,sequential,1.0000,0.0000,0,1,3670016,4096,1,1,0
207,207_baseline_phase_change_run07,baseline,phase_change,1778307056.1102266,/big.txt,3670016,131072,sequential,1.0000,0.0000,0,1,3801088,4096,1,1,0
207,207_baseline_phase_change_run07,baseline,phase_change,1778307056.1129363,/big.txt,3801088,131072,sequential,1.0000,0.0000,0,1,3932160,4096,1,1,0
207,207_baseline_phase_change_run07,baseline,phase_change,1778307056.1157005,/big.txt,3932160,131072,sequential,1.0000,0.0000,0,1,4063232,4096,1,1,0
207,207_baseline_phase_change_run07,baseline,phase_change,1778307056.118384,/big.txt,4063232,131072,sequential,1.0000,0.0000,0,1,4194304,4096,1,1,0
207,207_baseline_phase_change_run07,baseline,phase_change,1778307056.121054,/big.txt,4194304,131072,sequential,1.0000,0.0000,0,1,4325376,4096,1,1,0
207,207_baseline_phase_change_run07,baseline,phase_change,1778307056.1237981,/big.txt,4325376,131072,sequential,1.0000,0.0000,0,1,4456448,4096,1,1,0
207,207_baseline_phase_change_run07,baseline,phase_change,1778307056.1264682,/big.txt,4456448,131072,sequential,1.0000,0.0000,0,1,4587520,4096,1,1,0
207,207_baseline_phase_change_run07,baseline,phase_change,1778307056.1291256,/big.txt,4587520,131072,sequential,1.0000,0.0000,0,1,4718592,4096,1,1,0
207,207_baseline_phase_change_run07,baseline,phase_change,1778307056.131744,/big.txt,4718592,131072,sequential,1.0000,0.0000,0,1,4849664,4096,1,1,0
207,207_baseline_phase_change_run07,baseline,phase_change,1778307056.134367,/big.txt,4849664,131072,sequential,1.0000,0.0000,0,1,4980736,4096,1,1,0
207,207_baseline_phase_change_run07,baseline,phase_change,1778307056.1370597,/big.txt,4980736,131072,sequential,1.0000,0.0000,0,1,5111808,4096,1,1,0
207,207_baseline_phase_change_run07,baseline,phase_change,1778307056.13971,/big.txt,5111808,131072,sequential,1.0000,0.0000,0,1,5242880,4096,1,1,0
207,207_baseline_phase_change_run07,baseline,phase_change,1778307056.1423938,/big.txt,5242880,131072,sequential,1.0000,0.0000,0,1,5373952,4096,1,1,0
207,207_baseline_phase_change_run07,baseline,phase_change,1778307056.145077,/big.txt,5373952,131072,sequential,1.0000,0.0000,0,1,5505024,4096,1,1,0
207,207_baseline_phase_change_run07,baseline,phase_change,1778307056.1478465,/big.txt,5505024,131072,sequential,1.0000,0.0000,0,1,5636096,4096,1,1,0
207,207_baseline_phase_change_run07,baseline,phase_change,1778307056.1504743,/big.txt,5636096,131072,sequential,1.0000,0.0000,0,1,5767168,4096,1,1,0
207,207_baseline_phase_change_run07,baseline,phase_change,1778307056.1531186,/big.txt,5767168,131072,sequential,1.0000,0.0000,0,1,5898240,4096,1,1,0
207,207_baseline_phase_change_run07,baseline,phase_change,1778307056.155859,/big.txt,5898240,131072,sequential,1.0000,0.0000,0,1,6029312,4096,1,1,0
207,207_baseline_phase_change_run07,baseline,phase_change,1778307056.1584823,/big.txt,6029312,131072,sequential,1.0000,0.0000,0,1,6160384,4096,1,1,0
207,207_baseline_phase_change_run07,baseline,phase_change,1778307056.161123,/big.txt,6160384,131072,sequential,1.0000,0.0000,0,1,6291456,4096,1,1,0
207,207_baseline_phase_change_run07,baseline,phase_change,1778307056.1637542,/big.txt,6291456,131072,sequential,1.0000,0.0000,0,1,6422528,4096,1,1,0
207,207_baseline_phase_change_run07,baseline,phase_change,1778307056.1663845,/big.txt,6422528,131072,sequential,1.0000,0.0000,0,1,6553600,4096,1,1,0
207,207_baseline_phase_change_run07,baseline,phase_change,1778307056.1690586,/big.txt,6553600,131072,sequential,1.0000,0.0000,0,1,6684672,4096,1,1,0
207,207_baseline_phase_change_run07,baseline,phase_change,1778307056.1717155,/big.txt,6684672,131072,sequential,1.0000,0.0000,0,1,6815744,4096,1,1,0
207,207_baseline_phase_change_run07,baseline,phase_change,1778307056.174355,/big.txt,6815744,131072,sequential,1.0000,0.0000,0,1,6946816,4096,1,1,0
207,207_baseline_phase_change_run07,baseline,phase_change,1778307056.1770294,/big.txt,6946816,131072,sequential,1.0000,0.0000,0,1,7077888,4096,1,1,0
207,207_baseline_phase_change_run07,baseline,phase_change,1778307056.1796954,/big.txt,7077888,131072,sequential,1.0000,0.0000,0,1,7208960,4096,1,1,0
207,207_baseline_phase_change_run07,baseline,phase_change,1778307056.1823664,/big.txt,7208960,131072,sequential,1.0000,0.0000,0,1,7340032,4096,1,1,0
207,207_baseline_phase_change_run07,baseline,phase_change,1778307056.185067,/big.txt,7340032,131072,sequential,1.0000,0.0000,0,1,7471104,4096,1,1,0
207,207_baseline_phase_change_run07,baseline,phase_change,1778307056.190353,/big.txt,7471104,131072,sequential,1.0000,0.0000,0,1,7602176,4096,1,1,0
207,207_baseline_phase_change_run07,baseline,phase_change,1778307056.1956449,/big.txt,7602176,131072,sequential,1.0000,0.0000,0,1,7733248,4096,1,1,0
207,207_baseline_phase_change_run07,baseline,phase_change,1778307056.199452,/big.txt,7733248,131072,sequential,1.0000,0.0000,0,1,7864320,4096,1,1,0
207,207_baseline_phase_change_run07,baseline,phase_change,1778307056.202094,/big.txt,7864320,131072,sequential,1.0000,0.0000,0,1,7995392,4096,1,1,0
207,207_baseline_phase_change_run07,baseline,phase_change,1778307056.204789,/big.txt,7995392,131072,sequential,1.0000,0.0000,0,1,8126464,4096,1,1,0
207,207_baseline_phase_change_run07,baseline,phase_change,1778307056.207456,/big.txt,8126464,131072,sequential,1.0000,0.0000,0,1,8257536,4096,1,1,0
207,207_baseline_phase_change_run07,baseline,phase_change,1778307056.210095,/big.txt,8257536,131072,sequential,1.0000,0.0000,0,1,8388608,4096,1,1,0
207,207_baseline_phase_change_run07,baseline,phase_change,1778307056.2127924,/big.txt,8388608,131072,sequential,1.0000,0.0000,0,1,8519680,4096,1,1,0
207,207_baseline_phase_change_run07,baseline,phase_change,1778307056.2154884,/big.txt,8519680,131072,sequential,1.0000,0.0000,0,1,8650752,4096,1,1,0
207,207_baseline_phase_change_run07,baseline,phase_change,1778307056.2181845,/big.txt,8650752,131072,sequential,1.0000,0.0000,0,1,8781824,4096,1,1,0
207,207_baseline_phase_change_run07,baseline,phase_change,1778307056.2208495,/big.txt,8781824,131072,sequential,1.0000,0.0000,0,1,8912896,4096,1,1,0
207,207_baseline_phase_change_run07,baseline,phase_change,1778307056.2235053,/big.txt,8912896,131072,sequential,1.0000,0.0000,0,1,9043968,4096,1,1,0
207,207_baseline_phase_change_run07,baseline,phase_change,1778307056.2261517,/big.txt,9043968,131072,sequential,1.0000,0.0000,0,1,9175040,4096,1,1,0
207,207_baseline_phase_change_run07,baseline,phase_change,1778307056.2288313,/big.txt,9175040,131072,sequential,1.0000,0.0000,0,1,9306112,4096,1,1,0
207,207_baseline_phase_change_run07,baseline,phase_change,1778307056.2314832,/big.txt,9306112,131072,sequential,1.0000,0.0000,0,1,9437184,4096,1,1,0
207,207_baseline_phase_change_run07,baseline,phase_change,1778307056.2341626,/big.txt,9437184,131072,sequential,1.0000,0.0000,0,1,9568256,4096,1,1,0
207,207_baseline_phase_change_run07,baseline,phase_change,1778307056.236885,/big.txt,9568256,131072,sequential,1.0000,0.0000,0,1,9699328,4096,1,1,0
207,207_baseline_phase_change_run07,baseline,phase_change,1778307056.2395449,/big.txt,9699328,131072,sequential,1.0000,0.0000,0,1,9830400,4096,1,1,0
207,207_baseline_phase_change_run07,baseline,phase_change,1778307056.242171,/big.txt,9830400,131072,sequential,1.0000,0.0000,0,1,9961472,4096,1,1,0
207,207_baseline_phase_change_run07,baseline,phase_change,1778307056.2448432,/big.txt,9961472,131072,sequential,1.0000,0.0000,0,1,10092544,4096,1,1,0
207,207_baseline_phase_change_run07,baseline,phase_change,1778307056.247517,/big.txt,10092544,131072,sequential,1.0000,0.0000,0,1,10223616,4096,1,1,0
207,207_baseline_phase_change_run07,baseline,phase_change,1778307056.2501435,/big.txt,10223616,131072,sequential,1.0000,0.0000,0,1,10354688,4096,1,1,0
207,207_baseline_phase_change_run07,baseline,phase_change,1778307056.2528493,/big.txt,10354688,131072,sequential,1.0000,0.0000,0,1,10485760,4096,1,1,0
207,207_baseline_phase_change_run07,baseline,phase_change,1778307056.2555392,/big.txt,10485760,131072,sequential,1.0000,0.0000,0,1,10616832,4096,1,1,0
207,207_baseline_phase_change_run07,baseline,phase_change,1778307056.25824,/big.txt,10616832,131072,sequential,1.0000,0.0000,0,1,10747904,4096,1,1,0
207,207_baseline_phase_change_run07,baseline,phase_change,1778307056.260919,/big.txt,10747904,131072,sequential,1.0000,0.0000,0,1,10878976,4096,1,1,0
207,207_baseline_phase_change_run07,baseline,phase_change,1778307056.2636197,/big.txt,10878976,131072,sequential,1.0000,0.0000,0,1,11010048,4096,1,1,0
207,207_baseline_phase_change_run07,baseline,phase_change,1778307056.2663188,/big.txt,11010048,131072,sequential,1.0000,0.0000,0,1,11141120,4096,1,1,0
207,207_baseline_phase_change_run07,baseline,phase_change,1778307056.269008,/big.txt,11141120,131072,sequential,1.0000,0.0000,0,1,11272192,4096,1,1,0
207,207_baseline_phase_change_run07,baseline,phase_change,1778307056.2716615,/big.txt,11272192,131072,sequential,1.0000,0.0000,0,1,11403264,4096,1,1,0
207,207_baseline_phase_change_run07,baseline,phase_change,1778307056.274348,/big.txt,11403264,131072,sequential,1.0000,0.0000,0,1,11534336,4096,1,1,0
207,207_baseline_phase_change_run07,baseline,phase_change,1778307056.277078,/big.txt,11534336,131072,sequential,1.0000,0.0000,0,1,11665408,4096,1,1,0
207,207_baseline_phase_change_run07,baseline,phase_change,1778307056.27988,/big.txt,11665408,131072,sequential,1.0000,0.0000,0,1,11796480,4096,1,1,0
207,207_baseline_phase_change_run07,baseline,phase_change,1778307056.2825158,/big.txt,11796480,131072,sequential,1.0000,0.0000,0,1,11927552,4096,1,1,0
207,207_baseline_phase_change_run07,baseline,phase_change,1778307056.285172,/big.txt,11927552,131072,sequential,1.0000,0.0000,0,1,12058624,4096,1,1,0
207,207_baseline_phase_change_run07,baseline,phase_change,1778307056.2878637,/big.txt,12058624,131072,sequential,1.0000,0.0000,0,1,12189696,4096,1,1,0
207,207_baseline_phase_change_run07,baseline,phase_change,1778307056.2904708,/big.txt,12189696,131072,sequential,1.0000,0.0000,0,1,12320768,4096,1,1,0
207,207_baseline_phase_change_run07,baseline,phase_change,1778307056.29313,/big.txt,12320768,131072,sequential,1.0000,0.0000,0,1,12451840,4096,1,1,0
207,207_baseline_phase_change_run07,baseline,phase_change,1778307056.2957659,/big.txt,12451840,131072,sequential,1.0000,0.0000,0,1,12582912,4096,1,1,0
207,207_baseline_phase_change_run07,baseline,phase_change,1778307056.2984052,/big.txt,12582912,131072,sequential,1.0000,0.0000,0,1,12713984,4096,1,1,0
207,207_baseline_phase_change_run07,baseline,phase_change,1778307056.301072,/big.txt,12713984,131072,sequential,1.0000,0.0000,0,1,12845056,4096,1,1,0
207,207_baseline_phase_change_run07,baseline,phase_change,1778307056.3037212,/big.txt,12845056,131072,sequential,1.0000,0.0000,0,1,12976128,4096,1,1,0
207,207_baseline_phase_change_run07,baseline,phase_change,1778307056.306419,/big.txt,12976128,131072,sequential,1.0000,0.0000,0,1,13107200,4096,1,1,0
207,207_baseline_phase_change_run07,baseline,phase_change,1778307056.309075,/big.txt,13107200,131072,sequential,1.0000,0.0000,0,1,13238272,4096,1,1,0
207,207_baseline_phase_change_run07,baseline,phase_change,1778307056.3117619,/big.txt,13238272,131072,sequential,1.0000,0.0000,0,1,13369344,4096,1,1,0
207,207_baseline_phase_change_run07,baseline,phase_change,1778307056.3144073,/big.txt,13369344,131072,sequential,1.0000,0.0000,0,1,13500416,4096,1,1,0
207,207_baseline_phase_change_run07,baseline,phase_change,1778307056.317054,/big.txt,13500416,131072,sequential,1.0000,0.0000,0,1,13631488,4096,1,1,0
207,207_baseline_phase_change_run07,baseline,phase_change,1778307056.3196797,/big.txt,13631488,131072,sequential,1.0000,0.0000,0,1,13762560,4096,1,1,0
207,207_baseline_phase_change_run07,baseline,phase_change,1778307056.3223603,/big.txt,13762560,131072,sequential,1.0000,0.0000,0,1,13893632,4096,1,1,0
207,207_baseline_phase_change_run07,baseline,phase_change,1778307056.3250694,/big.txt,13893632,131072,sequential,1.0000,0.0000,0,1,14024704,4096,1,1,0
207,207_baseline_phase_change_run07,baseline,phase_change,1778307056.3277104,/big.txt,14024704,131072,sequential,1.0000,0.0000,0,1,14155776,4096,1,1,0
207,207_baseline_phase_change_run07,baseline,phase_change,1778307056.330394,/big.txt,14155776,131072,sequential,1.0000,0.0000,0,1,14286848,4096,1,1,0
207,207_baseline_phase_change_run07,baseline,phase_change,1778307056.3330567,/big.txt,14286848,131072,sequential,1.0000,0.0000,0,1,14417920,4096,1,1,0
207,207_baseline_phase_change_run07,baseline,phase_change,1778307056.3357766,/big.txt,14417920,131072,sequential,1.0000,0.0000,0,1,14548992,4096,1,1,0
207,207_baseline_phase_change_run07,baseline,phase_change,1778307056.3384342,/big.txt,14548992,131072,sequential,1.0000,0.0000,0,1,14680064,4096,1,1,0
207,207_baseline_phase_change_run07,baseline,phase_change,1778307056.341091,/big.txt,14680064,131072,sequential,1.0000,0.0000,0,1,14811136,4096,1,1,0
207,207_baseline_phase_change_run07,baseline,phase_change,1778307056.3437572,/big.txt,14811136,131072,sequential,1.0000,0.0000,0,1,14942208,4096,1,1,0
207,207_baseline_phase_change_run07,baseline,phase_change,1778307056.3463995,/big.txt,14942208,131072,sequential,1.0000,0.0000,0,1,15073280,4096,1,1,0
207,207_baseline_phase_change_run07,baseline,phase_change,1778307056.3490915,/big.txt,15073280,131072,sequential,1.0000,0.0000,0,1,15204352,4096,1,1,0
207,207_baseline_phase_change_run07,baseline,phase_change,1778307056.351793,/big.txt,15204352,131072,sequential,1.0000,0.0000,0,1,15335424,4096,1,1,0
207,207_baseline_phase_change_run07,baseline,phase_change,1778307056.3543956,/big.txt,15335424,131072,sequential,1.0000,0.0000,0,1,15466496,4096,1,1,0
207,207_baseline_phase_change_run07,baseline,phase_change,1778307056.3570688,/big.txt,15466496,131072,sequential,1.0000,0.0000,0,1,15597568,4096,1,1,0
207,207_baseline_phase_change_run07,baseline,phase_change,1778307056.3597403,/big.txt,15597568,131072,sequential,1.0000,0.0000,0,1,15728640,4096,1,1,0
207,207_baseline_phase_change_run07,baseline,phase_change,1778307056.3623831,/big.txt,15728640,131072,sequential,1.0000,0.0000,0,1,15859712,4096,1,1,0
207,207_baseline_phase_change_run07,baseline,phase_change,1778307056.3650737,/big.txt,15859712,131072,sequential,1.0000,0.0000,0,1,15990784,4096,1,1,0
207,207_baseline_phase_change_run07,baseline,phase_change,1778307056.367697,/big.txt,15990784,131072,sequential,1.0000,0.0000,0,1,16121856,4096,1,1,0
207,207_baseline_phase_change_run07,baseline,phase_change,1778307056.3703442,/big.txt,16121856,131072,sequential,1.0000,0.0000,0,1,16252928,4096,1,1,0
207,207_baseline_phase_change_run07,baseline,phase_change,1778307056.3729773,/big.txt,16252928,131072,sequential,1.0000,0.0000,0,1,16384000,4096,1,1,0
207,207_baseline_phase_change_run07,baseline,phase_change,1778307056.3757164,/big.txt,16384000,131072,sequential,1.0000,0.0000,0,1,16515072,4096,1,1,0
207,207_baseline_phase_change_run07,baseline,phase_change,1778307056.3783555,/big.txt,16515072,131072,sequential,1.0000,0.0000,0,1,16646144,4096,1,1,0
207,207_baseline_phase_change_run07,baseline,phase_change,1778307056.3810997,/big.txt,16646144,131072,sequential,1.0000,0.0000,0,1,16777216,4096,1,1,0
207,207_baseline_phase_change_run07,baseline,phase_change,1778307056.3837574,/big.txt,16777216,131072,sequential,1.0000,0.0000,0,1,16908288,4096,1,1,0
207,207_baseline_phase_change_run07,baseline,phase_change,1778307056.386445,/big.txt,16908288,131072,sequential,1.0000,0.0000,0,1,17039360,4096,1,1,0
207,207_baseline_phase_change_run07,baseline,phase_change,1778307056.389095,/big.txt,17039360,131072,sequential,1.0000,0.0000,0,1,17170432,4096,1,1,0
207,207_baseline_phase_change_run07,baseline,phase_change,1778307056.3917778,/big.txt,17170432,131072,sequential,1.0000,0.0000,0,1,17301504,4096,1,1,0
207,207_baseline_phase_change_run07,baseline,phase_change,1778307056.3944435,/big.txt,17301504,131072,sequential,1.0000,0.0000,0,1,17432576,4096,1,1,0
207,207_baseline_phase_change_run07,baseline,phase_change,1778307056.3971295,/big.txt,17432576,131072,sequential,1.0000,0.0000,0,1,17563648,4096,1,1,0
207,207_baseline_phase_change_run07,baseline,phase_change,1778307056.39981,/big.txt,17563648,131072,sequential,1.0000,0.0000,0,1,17694720,4096,1,1,0
207,207_baseline_phase_change_run07,baseline,phase_change,1778307056.4024346,/big.txt,17694720,131072,sequential,1.0000,0.0000,0,1,17825792,4096,1,1,0
207,207_baseline_phase_change_run07,baseline,phase_change,1778307056.4050963,/big.txt,17825792,131072,sequential,1.0000,0.0000,0,1,17956864,4096,1,1,0
207,207_baseline_phase_change_run07,baseline,phase_change,1778307056.4077425,/big.txt,17956864,131072,sequential,1.0000,0.0000,0,1,18087936,4096,1,1,0
207,207_baseline_phase_change_run07,baseline,phase_change,1778307056.4103937,/big.txt,18087936,131072,sequential,1.0000,0.0000,0,1,18219008,4096,1,1,0
207,207_baseline_phase_change_run07,baseline,phase_change,1778307056.413071,/big.txt,18219008,131072,sequential,1.0000,0.0000,0,1,18350080,4096,1,1,0
207,207_baseline_phase_change_run07,baseline,phase_change,1778307056.4157267,/big.txt,18350080,131072,sequential,1.0000,0.0000,0,1,18481152,4096,1,1,0
207,207_baseline_phase_change_run07,baseline,phase_change,1778307056.4183564,/big.txt,18481152,131072,sequential,1.0000,0.0000,0,1,18612224,4096,1,1,0
207,207_baseline_phase_change_run07,baseline,phase_change,1778307056.421061,/big.txt,18612224,131072,sequential,1.0000,0.0000,0,1,18743296,4096,1,1,0
207,207_baseline_phase_change_run07,baseline,phase_change,1778307056.4263089,/big.txt,18743296,131072,sequential,1.0000,0.0000,0,1,18874368,4096,1,1,0
207,207_baseline_phase_change_run07,baseline,phase_change,1778307056.431273,/big.txt,18874368,131072,sequential,1.0000,0.0000,0,1,19005440,4096,1,1,0
207,207_baseline_phase_change_run07,baseline,phase_change,1778307056.4339616,/big.txt,19005440,131072,sequential,1.0000,0.0000,0,1,19136512,4096,1,1,0
207,207_baseline_phase_change_run07,baseline,phase_change,1778307056.436684,/big.txt,19136512,131072,sequential,1.0000,0.0000,0,1,19267584,4096,1,1,0
207,207_baseline_phase_change_run07,baseline,phase_change,1778307056.4393609,/big.txt,19267584,131072,sequential,1.0000,0.0000,0,1,19398656,4096,1,1,0
207,207_baseline_phase_change_run07,baseline,phase_change,1778307056.4420521,/big.txt,19398656,131072,sequential,1.0000,0.0000,0,1,19529728,4096,1,1,0
207,207_baseline_phase_change_run07,baseline,phase_change,1778307056.4447417,/big.txt,19529728,131072,sequential,1.0000,0.0000,0,1,19660800,4096,1,1,0
207,207_baseline_phase_change_run07,baseline,phase_change,1778307056.447414,/big.txt,19660800,131072,sequential,1.0000,0.0000,0,1,19791872,4096,1,1,0
207,207_baseline_phase_change_run07,baseline,phase_change,1778307056.4501035,/big.txt,19791872,131072,sequential,1.0000,0.0000,0,1,19922944,4096,1,1,0
207,207_baseline_phase_change_run07,baseline,phase_change,1778307056.4528234,/big.txt,19922944,131072,sequential,1.0000,0.0000,0,1,20054016,4096,1,1,0
207,207_baseline_phase_change_run07,baseline,phase_change,1778307056.4555244,/big.txt,20054016,131072,sequential,1.0000,0.0000,0,1,20185088,4096,1,1,0
207,207_baseline_phase_change_run07,baseline,phase_change,1778307056.4582162,/big.txt,20185088,131072,sequential,1.0000,0.0000,0,1,20316160,4096,1,1,0
207,207_baseline_phase_change_run07,baseline,phase_change,1778307056.460962,/big.txt,20316160,131072,sequential,1.0000,0.0000,0,1,20447232,4096,1,1,0
207,207_baseline_phase_change_run07,baseline,phase_change,1778307056.4636574,/big.txt,20447232,131072,sequential,1.0000,0.0000,0,1,20578304,4096,1,1,0
207,207_baseline_phase_change_run07,baseline,phase_change,1778307056.4663198,/big.txt,20578304,131072,sequential,1.0000,0.0000,0,1,20709376,4096,1,1,0
207,207_baseline_phase_change_run07,baseline,phase_change,1778307056.4691164,/big.txt,20709376,131072,sequential,1.0000,0.0000,0,1,20840448,4096,1,1,0
207,207_baseline_phase_change_run07,baseline,phase_change,1778307056.4718008,/big.txt,20840448,131072,sequential,1.0000,0.0000,0,1,20971520,4096,1,1,0
207,207_baseline_phase_change_run07,baseline,phase_change,1778307056.4744072,/big.txt,20971520,131072,sequential,1.0000,0.0000,0,1,21102592,4096,1,1,0
207,207_baseline_phase_change_run07,baseline,phase_change,1778307056.4770799,/big.txt,21102592,131072,sequential,1.0000,0.0000,0,1,21233664,4096,1,1,0
207,207_baseline_phase_change_run07,baseline,phase_change,1778307056.4797587,/big.txt,21233664,131072,sequential,1.0000,0.0000,0,1,21364736,4096,1,1,0
207,207_baseline_phase_change_run07,baseline,phase_change,1778307056.4823895,/big.txt,21364736,131072,sequential,1.0000,0.0000,0,1,21495808,4096,1,1,0
207,207_baseline_phase_change_run07,baseline,phase_change,1778307056.4850318,/big.txt,21495808,131072,sequential,1.0000,0.0000,0,1,21626880,4096,1,1,0
207,207_baseline_phase_change_run07,baseline,phase_change,1778307056.4877067,/big.txt,21626880,131072,sequential,1.0000,0.0000,0,1,21757952,4096,1,1,0
207,207_baseline_phase_change_run07,baseline,phase_change,1778307056.4903927,/big.txt,21757952,131072,sequential,1.0000,0.0000,0,1,21889024,4096,1,1,0
207,207_baseline_phase_change_run07,baseline,phase_change,1778307056.4930341,/big.txt,21889024,131072,sequential,1.0000,0.0000,0,1,22020096,4096,1,1,0
207,207_baseline_phase_change_run07,baseline,phase_change,1778307056.4956846,/big.txt,22020096,131072,sequential,1.0000,0.0000,0,1,22151168,4096,1,1,0
207,207_baseline_phase_change_run07,baseline,phase_change,1778307056.4983087,/big.txt,22151168,131072,sequential,1.0000,0.0000,0,1,22282240,4096,1,1,0
207,207_baseline_phase_change_run07,baseline,phase_change,1778307056.500975,/big.txt,22282240,131072,sequential,1.0000,0.0000,0,1,22413312,4096,1,1,0
207,207_baseline_phase_change_run07,baseline,phase_change,1778307056.5036774,/big.txt,22413312,131072,sequential,1.0000,0.0000,0,1,22544384,4096,1,1,0
207,207_baseline_phase_change_run07,baseline,phase_change,1778307056.5063517,/big.txt,22544384,131072,sequential,1.0000,0.0000,0,1,22675456,4096,1,1,0
207,207_baseline_phase_change_run07,baseline,phase_change,1778307056.5090203,/big.txt,22675456,131072,sequential,1.0000,0.0000,0,1,22806528,4096,1,1,0
207,207_baseline_phase_change_run07,baseline,phase_change,1778307056.5117407,/big.txt,22806528,131072,sequential,1.0000,0.0000,0,1,22937600,4096,1,1,0
207,207_baseline_phase_change_run07,baseline,phase_change,1778307056.5143623,/big.txt,22937600,131072,sequential,1.0000,0.0000,0,1,23068672,4096,1,1,0
207,207_baseline_phase_change_run07,baseline,phase_change,1778307056.5170338,/big.txt,23068672,131072,sequential,1.0000,0.0000,0,1,23199744,4096,1,1,0
207,207_baseline_phase_change_run07,baseline,phase_change,1778307056.519705,/big.txt,23199744,131072,sequential,1.0000,0.0000,0,1,23330816,4096,1,1,0
207,207_baseline_phase_change_run07,baseline,phase_change,1778307056.5223677,/big.txt,23330816,131072,sequential,1.0000,0.0000,0,1,23461888,4096,1,1,0
207,207_baseline_phase_change_run07,baseline,phase_change,1778307056.525041,/big.txt,23461888,131072,sequential,1.0000,0.0000,0,1,23592960,4096,1,1,0
207,207_baseline_phase_change_run07,baseline,phase_change,1778307056.5277336,/big.txt,23592960,131072,sequential,1.0000,0.0000,0,1,23724032,4096,1,1,0
207,207_baseline_phase_change_run07,baseline,phase_change,1778307056.5304136,/big.txt,23724032,131072,sequential,1.0000,0.0000,0,1,23855104,4096,1,1,0
207,207_baseline_phase_change_run07,baseline,phase_change,1778307056.5330422,/big.txt,23855104,131072,sequential,1.0000,0.0000,0,1,23986176,4096,1,1,0
207,207_baseline_phase_change_run07,baseline,phase_change,1778307056.5382779,/big.txt,23986176,131072,sequential,1.0000,0.0000,0,1,24117248,4096,1,1,0
207,207_baseline_phase_change_run07,baseline,phase_change,1778307056.5431855,/big.txt,24117248,131072,sequential,1.0000,0.0000,0,1,24248320,4096,1,1,0
207,207_baseline_phase_change_run07,baseline,phase_change,1778307056.545874,/big.txt,24248320,131072,sequential,1.0000,0.0000,0,1,24379392,4096,1,1,0
207,207_baseline_phase_change_run07,baseline,phase_change,1778307056.5485914,/big.txt,24379392,131072,sequential,1.0000,0.0000,0,1,24510464,4096,1,1,0
207,207_baseline_phase_change_run07,baseline,phase_change,1778307056.5512931,/big.txt,24510464,131072,sequential,1.0000,0.0000,0,1,24641536,4096,1,1,0
207,207_baseline_phase_change_run07,baseline,phase_change,1778307056.5539691,/big.txt,24641536,131072,sequential,1.0000,0.0000,0,1,24772608,4096,1,1,0
207,207_baseline_phase_change_run07,baseline,phase_change,1778307056.5567553,/big.txt,24772608,131072,sequential,1.0000,0.0000,0,1,24903680,4096,1,1,0
207,207_baseline_phase_change_run07,baseline,phase_change,1778307056.5594537,/big.txt,24903680,131072,sequential,1.0000,0.0000,0,1,25034752,4096,1,1,0
207,207_baseline_phase_change_run07,baseline,phase_change,1778307056.5621161,/big.txt,25034752,131072,sequential,1.0000,0.0000,0,1,25165824,4096,1,1,0
207,207_baseline_phase_change_run07,baseline,phase_change,1778307056.564839,/big.txt,25165824,131072,sequential,1.0000,0.0000,0,1,25296896,4096,1,1,0
207,207_baseline_phase_change_run07,baseline,phase_change,1778307056.5676131,/big.txt,25296896,131072,sequential,1.0000,0.0000,0,1,25427968,4096,1,1,0
207,207_baseline_phase_change_run07,baseline,phase_change,1778307056.57025,/big.txt,25427968,131072,sequential,1.0000,0.0000,0,1,25559040,4096,1,1,0
207,207_baseline_phase_change_run07,baseline,phase_change,1778307056.5729134,/big.txt,25559040,131072,sequential,1.0000,0.0000,0,1,25690112,4096,1,1,0
207,207_baseline_phase_change_run07,baseline,phase_change,1778307056.5755644,/big.txt,25690112,131072,sequential,1.0000,0.0000,0,1,25821184,4096,1,1,0
207,207_baseline_phase_change_run07,baseline,phase_change,1778307056.5782726,/big.txt,25821184,131072,sequential,1.0000,0.0000,0,1,25952256,4096,1,1,0
207,207_baseline_phase_change_run07,baseline,phase_change,1778307056.5809689,/big.txt,25952256,131072,sequential,1.0000,0.0000,0,1,26083328,4096,1,1,0
207,207_baseline_phase_change_run07,baseline,phase_change,1778307056.5836158,/big.txt,26083328,131072,sequential,1.0000,0.0000,0,1,26214400,4096,1,1,0
207,207_baseline_phase_change_run07,baseline,phase_change,1778307056.586259,/big.txt,26214400,131072,sequential,1.0000,0.0000,0,1,26345472,4096,1,1,0
207,207_baseline_phase_change_run07,baseline,phase_change,1778307056.58896,/big.txt,26345472,131072,sequential,1.0000,0.0000,0,1,26476544,4096,1,1,0
207,207_baseline_phase_change_run07,baseline,phase_change,1778307056.591607,/big.txt,26476544,131072,sequential,1.0000,0.0000,0,1,26607616,4096,1,1,0
207,207_baseline_phase_change_run07,baseline,phase_change,1778307056.594278,/big.txt,26607616,131072,sequential,1.0000,0.0000,0,1,26738688,4096,1,1,0
207,207_baseline_phase_change_run07,baseline,phase_change,1778307056.5970204,/big.txt,26738688,131072,sequential,1.0000,0.0000,0,1,26869760,4096,1,1,0
207,207_baseline_phase_change_run07,baseline,phase_change,1778307056.599705,/big.txt,26869760,131072,sequential,1.0000,0.0000,0,1,27000832,4096,1,1,0
207,207_baseline_phase_change_run07,baseline,phase_change,1778307056.6023417,/big.txt,27000832,131072,sequential,1.0000,0.0000,0,1,27131904,4096,1,1,0
207,207_baseline_phase_change_run07,baseline,phase_change,1778307056.6050696,/big.txt,27131904,131072,sequential,1.0000,0.0000,0,1,27262976,4096,1,1,0
207,207_baseline_phase_change_run07,baseline,phase_change,1778307056.6077638,/big.txt,27262976,131072,sequential,1.0000,0.0000,0,1,27394048,4096,1,1,0
207,207_baseline_phase_change_run07,baseline,phase_change,1778307056.6104152,/big.txt,27394048,131072,sequential,1.0000,0.0000,0,1,27525120,4096,1,1,0
207,207_baseline_phase_change_run07,baseline,phase_change,1778307056.613113,/big.txt,27525120,131072,sequential,1.0000,0.0000,0,1,27656192,4096,1,1,0
207,207_baseline_phase_change_run07,baseline,phase_change,1778307056.6157677,/big.txt,27656192,131072,sequential,1.0000,0.0000,0,1,27787264,4096,1,1,0
207,207_baseline_phase_change_run07,baseline,phase_change,1778307056.6184037,/big.txt,27787264,131072,sequential,1.0000,0.0000,0,1,27918336,4096,1,1,0
207,207_baseline_phase_change_run07,baseline,phase_change,1778307056.6210897,/big.txt,27918336,131072,sequential,1.0000,0.0000,0,1,28049408,4096,1,1,0
207,207_baseline_phase_change_run07,baseline,phase_change,1778307056.623763,/big.txt,28049408,131072,sequential,1.0000,0.0000,0,1,28180480,4096,1,1,0
207,207_baseline_phase_change_run07,baseline,phase_change,1778307056.6264098,/big.txt,28180480,131072,sequential,1.0000,0.0000,0,1,28311552,4096,1,1,0
207,207_baseline_phase_change_run07,baseline,phase_change,1778307056.629075,/big.txt,28311552,131072,sequential,1.0000,0.0000,0,1,28442624,4096,1,1,0
207,207_baseline_phase_change_run07,baseline,phase_change,1778307056.6317284,/big.txt,28442624,131072,sequential,1.0000,0.0000,0,1,28573696,4096,1,1,0
207,207_baseline_phase_change_run07,baseline,phase_change,1778307056.6343548,/big.txt,28573696,131072,sequential,1.0000,0.0000,0,1,28704768,4096,1,1,0
207,207_baseline_phase_change_run07,baseline,phase_change,1778307056.6369717,/big.txt,28704768,131072,sequential,1.0000,0.0000,0,1,28835840,4096,1,1,0
207,207_baseline_phase_change_run07,baseline,phase_change,1778307056.6396036,/big.txt,28835840,131072,sequential,1.0000,0.0000,0,1,28966912,4096,1,1,0
207,207_baseline_phase_change_run07,baseline,phase_change,1778307056.6422343,/big.txt,28966912,131072,sequential,1.0000,0.0000,0,1,29097984,4096,1,1,0
207,207_baseline_phase_change_run07,baseline,phase_change,1778307056.6449392,/big.txt,29097984,131072,sequential,1.0000,0.0000,0,1,29229056,4096,1,1,0
207,207_baseline_phase_change_run07,baseline,phase_change,1778307056.647587,/big.txt,29229056,131072,sequential,1.0000,0.0000,0,1,29360128,4096,1,1,0
207,207_baseline_phase_change_run07,baseline,phase_change,1778307056.6503232,/big.txt,29360128,131072,sequential,1.0000,0.0000,0,1,29491200,4096,1,1,0
207,207_baseline_phase_change_run07,baseline,phase_change,1778307056.6530042,/big.txt,29491200,131072,sequential,1.0000,0.0000,0,1,29622272,4096,1,1,0
207,207_baseline_phase_change_run07,baseline,phase_change,1778307056.655625,/big.txt,29622272,131072,sequential,1.0000,0.0000,0,1,29753344,4096,1,1,0
207,207_baseline_phase_change_run07,baseline,phase_change,1778307056.6582828,/big.txt,29753344,131072,sequential,1.0000,0.0000,0,1,29884416,4096,1,1,0
207,207_baseline_phase_change_run07,baseline,phase_change,1778307056.6609347,/big.txt,29884416,131072,sequential,1.0000,0.0000,0,1,30015488,4096,1,1,0
207,207_baseline_phase_change_run07,baseline,phase_change,1778307056.663562,/big.txt,30015488,131072,sequential,1.0000,0.0000,0,1,30146560,4096,1,1,0
207,207_baseline_phase_change_run07,baseline,phase_change,1778307056.6662078,/big.txt,30146560,131072,sequential,1.0000,0.0000,0,1,30277632,4096,1,1,0
207,207_baseline_phase_change_run07,baseline,phase_change,1778307056.6688976,/big.txt,30277632,131072,sequential,1.0000,0.0000,0,1,30408704,4096,1,1,0
207,207_baseline_phase_change_run07,baseline,phase_change,1778307056.6715524,/big.txt,30408704,131072,sequential,1.0000,0.0000,0,1,30539776,4096,1,1,0
207,207_baseline_phase_change_run07,baseline,phase_change,1778307056.6742494,/big.txt,30539776,131072,sequential,1.0000,0.0000,0,1,30670848,4096,1,1,0
207,207_baseline_phase_change_run07,baseline,phase_change,1778307056.6769087,/big.txt,30670848,131072,sequential,1.0000,0.0000,0,1,30801920,4096,1,1,0
207,207_baseline_phase_change_run07,baseline,phase_change,1778307056.6795561,/big.txt,30801920,131072,sequential,1.0000,0.0000,0,1,30932992,4096,1,1,0
207,207_baseline_phase_change_run07,baseline,phase_change,1778307056.6822395,/big.txt,30932992,131072,sequential,1.0000,0.0000,0,1,31064064,4096,1,1,0
207,207_baseline_phase_change_run07,baseline,phase_change,1778307056.6849315,/big.txt,31064064,131072,sequential,1.0000,0.0000,0,1,31195136,4096,1,1,0
207,207_baseline_phase_change_run07,baseline,phase_change,1778307056.6875682,/big.txt,31195136,131072,sequential,1.0000,0.0000,0,1,31326208,4096,1,1,0
207,207_baseline_phase_change_run07,baseline,phase_change,1778307056.690224,/big.txt,31326208,131072,sequential,1.0000,0.0000,0,1,31457280,4096,1,1,0
207,207_baseline_phase_change_run07,baseline,phase_change,1778307056.6929345,/big.txt,31457280,131072,sequential,1.0000,0.0000,0,1,31588352,4096,1,1,0
207,207_baseline_phase_change_run07,baseline,phase_change,1778307056.6955729,/big.txt,31588352,131072,sequential,1.0000,0.0000,0,1,31719424,4096,1,1,0
207,207_baseline_phase_change_run07,baseline,phase_change,1778307056.6982975,/big.txt,31719424,131072,sequential,1.0000,0.0000,0,1,31850496,4096,1,1,0
207,207_baseline_phase_change_run07,baseline,phase_change,1778307056.700973,/big.txt,31850496,131072,sequential,1.0000,0.0000,0,1,31981568,4096,1,1,0
207,207_baseline_phase_change_run07,baseline,phase_change,1778307056.7036092,/big.txt,31981568,131072,sequential,1.0000,0.0000,0,1,32112640,4096,1,1,0
207,207_baseline_phase_change_run07,baseline,phase_change,1778307056.7063017,/big.txt,32112640,131072,sequential,1.0000,0.0000,0,1,32243712,4096,1,1,0
207,207_baseline_phase_change_run07,baseline,phase_change,1778307056.70896,/big.txt,32243712,131072,sequential,1.0000,0.0000,0,1,32374784,4096,1,1,0
207,207_baseline_phase_change_run07,baseline,phase_change,1778307056.7115932,/big.txt,32374784,131072,sequential,1.0000,0.0000,0,1,32505856,4096,1,1,0
207,207_baseline_phase_change_run07,baseline,phase_change,1778307056.7142267,/big.txt,32505856,131072,sequential,1.0000,0.0000,0,1,32636928,4096,1,1,0
207,207_baseline_phase_change_run07,baseline,phase_change,1778307056.7169554,/big.txt,32636928,131072,sequential,1.0000,0.0000,0,1,32768000,4096,1,1,0
207,207_baseline_phase_change_run07,baseline,phase_change,1778307056.7196784,/big.txt,32768000,131072,sequential,1.0000,0.0000,0,1,32899072,4096,1,1,0
207,207_baseline_phase_change_run07,baseline,phase_change,1778307056.722392,/big.txt,32899072,131072,sequential,1.0000,0.0000,0,1,33030144,4096,1,1,0
207,207_baseline_phase_change_run07,baseline,phase_change,1778307056.7250793,/big.txt,33030144,131072,sequential,1.0000,0.0000,0,1,33161216,4096,1,1,0
207,207_baseline_phase_change_run07,baseline,phase_change,1778307056.7277799,/big.txt,33161216,131072,sequential,1.0000,0.0000,0,1,33292288,4096,1,1,0
207,207_baseline_phase_change_run07,baseline,phase_change,1778307056.7304158,/big.txt,33292288,131072,sequential,1.0000,0.0000,0,1,33423360,4096,1,1,0
207,207_baseline_phase_change_run07,baseline,phase_change,1778307056.7330644,/big.txt,33423360,131072,sequential,1.0000,0.0000,0,1,33554432,4096,1,1,0
207,207_baseline_phase_change_run07,baseline,phase_change,1778307056.735715,/big.txt,33554432,131072,sequential,1.0000,0.0000,0,1,33685504,4096,1,1,0
207,207_baseline_phase_change_run07,baseline,phase_change,1778307056.7383792,/big.txt,33685504,131072,sequential,1.0000,0.0000,0,1,33816576,4096,1,1,0
207,207_baseline_phase_change_run07,baseline,phase_change,1778307056.7411003,/big.txt,33816576,131072,sequential,1.0000,0.0000,0,1,33947648,4096,1,1,0
207,207_baseline_phase_change_run07,baseline,phase_change,1778307056.7437935,/big.txt,33947648,131072,sequential,1.0000,0.0000,0,1,34078720,4096,1,1,0
207,207_baseline_phase_change_run07,baseline,phase_change,1778307056.746423,/big.txt,34078720,131072,sequential,1.0000,0.0000,0,1,34209792,4096,1,1,0
207,207_baseline_phase_change_run07,baseline,phase_change,1778307056.7490885,/big.txt,34209792,131072,sequential,1.0000,0.0000,0,1,34340864,4096,1,1,0
207,207_baseline_phase_change_run07,baseline,phase_change,1778307056.751809,/big.txt,34340864,131072,sequential,1.0000,0.0000,0,1,34471936,4096,1,1,0
207,207_baseline_phase_change_run07,baseline,phase_change,1778307056.7544558,/big.txt,34471936,131072,sequential,1.0000,0.0000,0,1,34603008,4096,1,1,0
207,207_baseline_phase_change_run07,baseline,phase_change,1778307056.757118,/big.txt,34603008,131072,sequential,1.0000,0.0000,0,1,34734080,4096,1,1,0
207,207_baseline_phase_change_run07,baseline,phase_change,1778307056.7624776,/big.txt,34734080,131072,sequential,1.0000,0.0000,0,1,34865152,4096,1,1,0
207,207_baseline_phase_change_run07,baseline,phase_change,1778307056.767794,/big.txt,34865152,131072,sequential,1.0000,0.0000,0,1,34996224,4096,1,1,0
207,207_baseline_phase_change_run07,baseline,phase_change,1778307056.771495,/big.txt,34996224,131072,sequential,1.0000,0.0000,0,1,35127296,4096,1,1,0
207,207_baseline_phase_change_run07,baseline,phase_change,1778307056.7741292,/big.txt,35127296,131072,sequential,1.0000,0.0000,0,1,35258368,4096,1,1,0
207,207_baseline_phase_change_run07,baseline,phase_change,1778307056.7768412,/big.txt,35258368,131072,sequential,1.0000,0.0000,0,1,35389440,4096,1,1,0
207,207_baseline_phase_change_run07,baseline,phase_change,1778307056.7795918,/big.txt,35389440,131072,sequential,1.0000,0.0000,0,1,35520512,4096,1,1,0
207,207_baseline_phase_change_run07,baseline,phase_change,1778307056.782268,/big.txt,35520512,131072,sequential,1.0000,0.0000,0,1,35651584,4096,1,1,0
207,207_baseline_phase_change_run07,baseline,phase_change,1778307056.7849176,/big.txt,35651584,131072,sequential,1.0000,0.0000,0,1,35782656,4096,1,1,0
207,207_baseline_phase_change_run07,baseline,phase_change,1778307056.787637,/big.txt,35782656,131072,sequential,1.0000,0.0000,0,1,35913728,4096,1,1,0
207,207_baseline_phase_change_run07,baseline,phase_change,1778307056.7903206,/big.txt,35913728,131072,sequential,1.0000,0.0000,0,1,36044800,4096,1,1,0
207,207_baseline_phase_change_run07,baseline,phase_change,1778307056.793014,/big.txt,36044800,131072,sequential,1.0000,0.0000,0,1,36175872,4096,1,1,0
207,207_baseline_phase_change_run07,baseline,phase_change,1778307056.795661,/big.txt,36175872,131072,sequential,1.0000,0.0000,0,1,36306944,4096,1,1,0
207,207_baseline_phase_change_run07,baseline,phase_change,1778307056.7981772,/big.txt,36306944,131072,sequential,1.0000,0.0000,0,1,36438016,4096,1,1,0
207,207_baseline_phase_change_run07,baseline,phase_change,1778307056.8007033,/big.txt,36438016,131072,sequential,1.0000,0.0000,0,1,36569088,4096,1,1,0
207,207_baseline_phase_change_run07,baseline,phase_change,1778307056.803233,/big.txt,36569088,131072,sequential,1.0000,0.0000,0,1,36700160,4096,1,1,0
207,207_baseline_phase_change_run07,baseline,phase_change,1778307056.8057537,/big.txt,36700160,131072,sequential,1.0000,0.0000,0,1,36831232,4096,1,1,0
207,207_baseline_phase_change_run07,baseline,phase_change,1778307056.8083348,/big.txt,36831232,131072,sequential,1.0000,0.0000,0,1,36962304,4096,1,1,0
207,207_baseline_phase_change_run07,baseline,phase_change,1778307056.8109975,/big.txt,36962304,131072,sequential,1.0000,0.0000,0,1,37093376,4096,1,1,0
207,207_baseline_phase_change_run07,baseline,phase_change,1778307056.8134875,/big.txt,37093376,131072,sequential,1.0000,0.0000,0,1,37224448,4096,1,1,0
207,207_baseline_phase_change_run07,baseline,phase_change,1778307056.8160007,/big.txt,37224448,131072,sequential,1.0000,0.0000,0,1,37355520,4096,1,1,0
207,207_baseline_phase_change_run07,baseline,phase_change,1778307056.8185248,/big.txt,37355520,131072,sequential,1.0000,0.0000,0,1,37486592,4096,1,1,0
207,207_baseline_phase_change_run07,baseline,phase_change,1778307056.821032,/big.txt,37486592,131072,sequential,1.0000,0.0000,0,1,37617664,4096,1,1,0
207,207_baseline_phase_change_run07,baseline,phase_change,1778307056.823597,/big.txt,37617664,131072,sequential,1.0000,0.0000,0,1,37748736,4096,1,1,0
207,207_baseline_phase_change_run07,baseline,phase_change,1778307056.8260746,/big.txt,37748736,131072,sequential,1.0000,0.0000,0,1,37879808,4096,1,1,0
207,207_baseline_phase_change_run07,baseline,phase_change,1778307056.828654,/big.txt,37879808,131072,sequential,1.0000,0.0000,0,1,38010880,4096,1,1,0
207,207_baseline_phase_change_run07,baseline,phase_change,1778307056.8311777,/big.txt,38010880,131072,sequential,1.0000,0.0000,0,1,38141952,4096,1,1,0
207,207_baseline_phase_change_run07,baseline,phase_change,1778307056.8336768,/big.txt,38141952,131072,sequential,1.0000,0.0000,0,1,38273024,4096,1,1,0
207,207_baseline_phase_change_run07,baseline,phase_change,1778307056.8362331,/big.txt,38273024,131072,sequential,1.0000,0.0000,0,1,38404096,4096,1,1,0
207,207_baseline_phase_change_run07,baseline,phase_change,1778307056.8387375,/big.txt,38404096,131072,sequential,1.0000,0.0000,0,1,38535168,4096,1,1,0
207,207_baseline_phase_change_run07,baseline,phase_change,1778307056.8437176,/big.txt,38535168,131072,sequential,1.0000,0.0000,0,1,38666240,4096,1,1,0
207,207_baseline_phase_change_run07,baseline,phase_change,1778307056.8485918,/big.txt,38666240,131072,sequential,1.0000,0.0000,0,1,38797312,4096,1,1,0
207,207_baseline_phase_change_run07,baseline,phase_change,1778307056.8534288,/big.txt,38797312,131072,sequential,1.0000,0.0000,0,1,38928384,4096,1,1,0
207,207_baseline_phase_change_run07,baseline,phase_change,1778307056.855922,/big.txt,38928384,131072,sequential,1.0000,0.0000,0,1,39059456,4096,1,1,0
207,207_baseline_phase_change_run07,baseline,phase_change,1778307056.858295,/big.txt,39059456,131072,sequential,1.0000,0.0000,0,1,39190528,4096,1,1,0
207,207_baseline_phase_change_run07,baseline,phase_change,1778307056.8605797,/big.txt,39190528,131072,sequential,1.0000,0.0000,0,1,39321600,4096,1,1,0
207,207_baseline_phase_change_run07,baseline,phase_change,1778307056.8628452,/big.txt,39321600,131072,sequential,1.0000,0.0000,0,1,39452672,4096,1,1,0
207,207_baseline_phase_change_run07,baseline,phase_change,1778307056.8651292,/big.txt,39452672,131072,sequential,1.0000,0.0000,0,1,39583744,4096,1,1,0
207,207_baseline_phase_change_run07,baseline,phase_change,1778307056.8674266,/big.txt,39583744,131072,sequential,1.0000,0.0000,0,1,39714816,4096,1,1,0
207,207_baseline_phase_change_run07,baseline,phase_change,1778307056.869718,/big.txt,39714816,131072,sequential,1.0000,0.0000,0,1,39845888,4096,1,1,0
207,207_baseline_phase_change_run07,baseline,phase_change,1778307056.8720424,/big.txt,39845888,131072,sequential,1.0000,0.0000,0,1,39976960,4096,1,1,0
207,207_baseline_phase_change_run07,baseline,phase_change,1778307056.8743281,/big.txt,39976960,131072,sequential,1.0000,0.0000,0,1,40108032,4096,1,1,0
207,207_baseline_phase_change_run07,baseline,phase_change,1778307056.8766282,/big.txt,40108032,131072,sequential,1.0000,0.0000,0,1,40239104,4096,1,1,0
207,207_baseline_phase_change_run07,baseline,phase_change,1778307056.8789277,/big.txt,40239104,131072,sequential,1.0000,0.0000,0,1,40370176,4096,1,1,0
207,207_baseline_phase_change_run07,baseline,phase_change,1778307056.8812811,/big.txt,40370176,131072,sequential,1.0000,0.0000,0,1,40501248,4096,1,1,0
207,207_baseline_phase_change_run07,baseline,phase_change,1778307056.8835802,/big.txt,40501248,131072,sequential,1.0000,0.0000,0,1,40632320,4096,1,1,0
207,207_baseline_phase_change_run07,baseline,phase_change,1778307056.8858757,/big.txt,40632320,131072,sequential,1.0000,0.0000,0,1,40763392,4096,1,1,0
207,207_baseline_phase_change_run07,baseline,phase_change,1778307056.8881695,/big.txt,40763392,131072,sequential,1.0000,0.0000,0,1,40894464,4096,1,1,0
207,207_baseline_phase_change_run07,baseline,phase_change,1778307056.8904383,/big.txt,40894464,131072,sequential,1.0000,0.0000,0,1,41025536,4096,1,1,0
207,207_baseline_phase_change_run07,baseline,phase_change,1778307056.8927045,/big.txt,41025536,131072,sequential,1.0000,0.0000,0,1,41156608,4096,1,1,0
207,207_baseline_phase_change_run07,baseline,phase_change,1778307056.8949883,/big.txt,41156608,131072,sequential,1.0000,0.0000,0,1,41287680,4096,1,1,0
207,207_baseline_phase_change_run07,baseline,phase_change,1778307056.8972478,/big.txt,41287680,131072,sequential,1.0000,0.0000,0,1,41418752,4096,1,1,0
207,207_baseline_phase_change_run07,baseline,phase_change,1778307056.89951,/big.txt,41418752,131072,sequential,1.0000,0.0000,0,1,41549824,4096,1,1,0
207,207_baseline_phase_change_run07,baseline,phase_change,1778307056.9017684,/big.txt,41549824,131072,sequential,1.0000,0.0000,0,1,41680896,4096,1,1,0
207,207_baseline_phase_change_run07,baseline,phase_change,1778307056.9041119,/big.txt,41680896,131072,sequential,1.0000,0.0000,0,1,41811968,4096,1,1,0
207,207_baseline_phase_change_run07,baseline,phase_change,1778307056.9064026,/big.txt,41811968,131072,sequential,1.0000,0.0000,0,1,41943040,4096,1,1,0
207,207_baseline_phase_change_run07,baseline,phase_change,1778307056.9087114,/big.txt,41943040,131072,sequential,1.0000,0.0000,0,1,42074112,4096,1,1,0
207,207_baseline_phase_change_run07,baseline,phase_change,1778307056.9109807,/big.txt,42074112,131072,sequential,1.0000,0.0000,0,1,42205184,4096,1,1,0
207,207_baseline_phase_change_run07,baseline,phase_change,1778307056.9132545,/big.txt,42205184,131072,sequential,1.0000,0.0000,0,1,42336256,4096,1,1,0
207,207_baseline_phase_change_run07,baseline,phase_change,1778307056.9156804,/big.txt,42336256,131072,sequential,1.0000,0.0000,0,1,42467328,4096,1,1,0
207,207_baseline_phase_change_run07,baseline,phase_change,1778307056.9179432,/big.txt,42467328,131072,sequential,1.0000,0.0000,0,1,42598400,4096,1,1,0
207,207_baseline_phase_change_run07,baseline,phase_change,1778307056.9202821,/big.txt,42598400,131072,sequential,1.0000,0.0000,0,1,42729472,4096,1,1,0
207,207_baseline_phase_change_run07,baseline,phase_change,1778307056.9225702,/big.txt,42729472,131072,sequential,1.0000,0.0000,0,1,42860544,4096,1,1,0
207,207_baseline_phase_change_run07,baseline,phase_change,1778307056.9248605,/big.txt,42860544,131072,sequential,1.0000,0.0000,0,1,42991616,4096,1,1,0
207,207_baseline_phase_change_run07,baseline,phase_change,1778307056.927139,/big.txt,42991616,131072,sequential,1.0000,0.0000,0,1,43122688,4096,1,1,0
207,207_baseline_phase_change_run07,baseline,phase_change,1778307056.9293993,/big.txt,43122688,131072,sequential,1.0000,0.0000,0,1,43253760,4096,1,1,0
207,207_baseline_phase_change_run07,baseline,phase_change,1778307056.9340048,/big.txt,43253760,131072,sequential,1.0000,0.0000,0,1,43384832,4096,1,1,0
207,207_baseline_phase_change_run07,baseline,phase_change,1778307056.9385874,/big.txt,43384832,131072,sequential,1.0000,0.0000,0,1,43515904,4096,1,1,0
207,207_baseline_phase_change_run07,baseline,phase_change,1778307056.940913,/big.txt,43515904,131072,sequential,1.0000,0.0000,0,1,43646976,4096,1,1,0
207,207_baseline_phase_change_run07,baseline,phase_change,1778307056.9432526,/big.txt,43646976,131072,sequential,1.0000,0.0000,0,1,43778048,4096,1,1,0
207,207_baseline_phase_change_run07,baseline,phase_change,1778307056.9455318,/big.txt,43778048,131072,sequential,1.0000,0.0000,0,1,43909120,4096,1,1,0
207,207_baseline_phase_change_run07,baseline,phase_change,1778307056.9478252,/big.txt,43909120,131072,sequential,1.0000,0.0000,0,1,44040192,4096,1,1,0
207,207_baseline_phase_change_run07,baseline,phase_change,1778307056.9500992,/big.txt,44040192,131072,sequential,1.0000,0.0000,0,1,44171264,4096,1,1,0
207,207_baseline_phase_change_run07,baseline,phase_change,1778307056.9524052,/big.txt,44171264,131072,sequential,1.0000,0.0000,0,1,44302336,4096,1,1,0
207,207_baseline_phase_change_run07,baseline,phase_change,1778307056.9546676,/big.txt,44302336,131072,sequential,1.0000,0.0000,0,1,44433408,4096,1,1,0
207,207_baseline_phase_change_run07,baseline,phase_change,1778307056.956969,/big.txt,44433408,131072,sequential,1.0000,0.0000,0,1,44564480,4096,1,1,0
207,207_baseline_phase_change_run07,baseline,phase_change,1778307056.9592614,/big.txt,44564480,131072,sequential,1.0000,0.0000,0,1,44695552,4096,1,1,0
207,207_baseline_phase_change_run07,baseline,phase_change,1778307056.9615326,/big.txt,44695552,131072,sequential,1.0000,0.0000,0,1,44826624,4096,1,1,0
207,207_baseline_phase_change_run07,baseline,phase_change,1778307056.963816,/big.txt,44826624,131072,sequential,1.0000,0.0000,0,1,44957696,4096,1,1,0
207,207_baseline_phase_change_run07,baseline,phase_change,1778307056.9660935,/big.txt,44957696,131072,sequential,1.0000,0.0000,0,1,45088768,4096,1,1,0
207,207_baseline_phase_change_run07,baseline,phase_change,1778307056.968392,/big.txt,45088768,131072,sequential,1.0000,0.0000,0,1,45219840,4096,1,1,0
207,207_baseline_phase_change_run07,baseline,phase_change,1778307056.9706578,/big.txt,45219840,131072,sequential,1.0000,0.0000,0,1,45350912,4096,1,1,0
207,207_baseline_phase_change_run07,baseline,phase_change,1778307056.9729424,/big.txt,45350912,131072,sequential,1.0000,0.0000,0,1,45481984,4096,1,1,0
207,207_baseline_phase_change_run07,baseline,phase_change,1778307056.975304,/big.txt,45481984,131072,sequential,1.0000,0.0000,0,1,45613056,4096,1,1,0
207,207_baseline_phase_change_run07,baseline,phase_change,1778307056.977579,/big.txt,45613056,131072,sequential,1.0000,0.0000,0,1,45744128,4096,1,1,0
207,207_baseline_phase_change_run07,baseline,phase_change,1778307056.979873,/big.txt,45744128,131072,sequential,1.0000,0.0000,0,1,45875200,4096,1,1,0
207,207_baseline_phase_change_run07,baseline,phase_change,1778307056.982547,/big.txt,45875200,131072,sequential,1.0000,0.0000,0,1,46006272,4096,1,1,0
207,207_baseline_phase_change_run07,baseline,phase_change,1778307056.9853213,/big.txt,46006272,131072,sequential,1.0000,0.0000,0,1,46137344,4096,1,1,0
207,207_baseline_phase_change_run07,baseline,phase_change,1778307056.9876397,/big.txt,46137344,131072,sequential,1.0000,0.0000,0,1,46268416,4096,1,1,0
207,207_baseline_phase_change_run07,baseline,phase_change,1778307056.9899333,/big.txt,46268416,131072,sequential,1.0000,0.0000,0,1,46399488,4096,1,1,0
207,207_baseline_phase_change_run07,baseline,phase_change,1778307056.9922528,/big.txt,46399488,131072,sequential,1.0000,0.0000,0,1,46530560,4096,1,1,0
207,207_baseline_phase_change_run07,baseline,phase_change,1778307056.9945421,/big.txt,46530560,131072,sequential,1.0000,0.0000,0,1,46661632,4096,1,1,0
207,207_baseline_phase_change_run07,baseline,phase_change,1778307056.9968128,/big.txt,46661632,131072,sequential,1.0000,0.0000,0,1,46792704,4096,1,1,0
207,207_baseline_phase_change_run07,baseline,phase_change,1778307056.9990923,/big.txt,46792704,131072,sequential,1.0000,0.0000,0,1,46923776,4096,1,1,0
207,207_baseline_phase_change_run07,baseline,phase_change,1778307057.0013483,/big.txt,46923776,131072,sequential,1.0000,0.0000,0,1,47054848,4096,1,1,0
207,207_baseline_phase_change_run07,baseline,phase_change,1778307057.0036554,/big.txt,47054848,131072,sequential,1.0000,0.0000,0,1,47185920,4096,1,1,0
207,207_baseline_phase_change_run07,baseline,phase_change,1778307057.005928,/big.txt,47185920,131072,sequential,1.0000,0.0000,0,1,47316992,4096,1,1,0
207,207_baseline_phase_change_run07,baseline,phase_change,1778307057.0082142,/big.txt,47316992,131072,sequential,1.0000,0.0000,0,1,47448064,4096,1,1,0
207,207_baseline_phase_change_run07,baseline,phase_change,1778307057.010478,/big.txt,47448064,131072,sequential,1.0000,0.0000,0,1,47579136,4096,1,1,0
207,207_baseline_phase_change_run07,baseline,phase_change,1778307057.0127697,/big.txt,47579136,131072,sequential,1.0000,0.0000,0,1,47710208,4096,1,1,0
207,207_baseline_phase_change_run07,baseline,phase_change,1778307057.015188,/big.txt,47710208,131072,sequential,1.0000,0.0000,0,1,47841280,4096,1,1,0
207,207_baseline_phase_change_run07,baseline,phase_change,1778307057.0174832,/big.txt,47841280,131072,sequential,1.0000,0.0000,0,1,47972352,4096,1,1,0
207,207_baseline_phase_change_run07,baseline,phase_change,1778307057.01975,/big.txt,47972352,131072,sequential,1.0000,0.0000,0,1,48103424,4096,1,1,0
207,207_baseline_phase_change_run07,baseline,phase_change,1778307057.0220134,/big.txt,48103424,131072,sequential,1.0000,0.0000,0,1,48234496,4096,1,1,0
207,207_baseline_phase_change_run07,baseline,phase_change,1778307057.024315,/big.txt,48234496,131072,sequential,1.0000,0.0000,0,1,48365568,4096,1,1,0
207,207_baseline_phase_change_run07,baseline,phase_change,1778307057.026607,/big.txt,48365568,131072,sequential,1.0000,0.0000,0,1,48496640,4096,1,1,0
207,207_baseline_phase_change_run07,baseline,phase_change,1778307057.0289638,/big.txt,48496640,131072,sequential,1.0000,0.0000,0,1,48627712,4096,1,1,0
207,207_baseline_phase_change_run07,baseline,phase_change,1778307057.031244,/big.txt,48627712,131072,sequential,1.0000,0.0000,0,1,48758784,4096,1,1,0
207,207_baseline_phase_change_run07,baseline,phase_change,1778307057.0335257,/big.txt,48758784,131072,sequential,1.0000,0.0000,0,1,48889856,4096,1,1,0
207,207_baseline_phase_change_run07,baseline,phase_change,1778307057.0358088,/big.txt,48889856,131072,sequential,1.0000,0.0000,0,1,49020928,4096,1,1,0
207,207_baseline_phase_change_run07,baseline,phase_change,1778307057.0380828,/big.txt,49020928,131072,sequential,1.0000,0.0000,0,1,49152000,4096,1,1,0
207,207_baseline_phase_change_run07,baseline,phase_change,1778307057.0404127,/big.txt,49152000,131072,sequential,1.0000,0.0000,0,1,49283072,4096,1,1,0
207,207_baseline_phase_change_run07,baseline,phase_change,1778307057.0426984,/big.txt,49283072,131072,sequential,1.0000,0.0000,0,1,49414144,4096,1,1,0
207,207_baseline_phase_change_run07,baseline,phase_change,1778307057.0449915,/big.txt,49414144,131072,sequential,1.0000,0.0000,0,1,49545216,4096,1,1,0
207,207_baseline_phase_change_run07,baseline,phase_change,1778307057.047322,/big.txt,49545216,131072,sequential,1.0000,0.0000,0,1,49676288,4096,1,1,0
207,207_baseline_phase_change_run07,baseline,phase_change,1778307057.049601,/big.txt,49676288,131072,sequential,1.0000,0.0000,0,1,49807360,4096,1,1,0
207,207_baseline_phase_change_run07,baseline,phase_change,1778307057.051924,/big.txt,49807360,131072,sequential,1.0000,0.0000,0,1,49938432,4096,1,1,0
207,207_baseline_phase_change_run07,baseline,phase_change,1778307057.0541985,/big.txt,49938432,131072,sequential,1.0000,0.0000,0,1,50069504,4096,1,1,0
207,207_baseline_phase_change_run07,baseline,phase_change,1778307057.0565019,/big.txt,50069504,131072,sequential,1.0000,0.0000,0,1,50200576,4096,1,1,0
207,207_baseline_phase_change_run07,baseline,phase_change,1778307057.058787,/big.txt,50200576,131072,sequential,1.0000,0.0000,0,1,50331648,4096,1,1,0
207,207_baseline_phase_change_run07,baseline,phase_change,1778307057.0610683,/big.txt,50331648,131072,sequential,1.0000,0.0000,0,1,50462720,4096,1,1,0
207,207_baseline_phase_change_run07,baseline,phase_change,1778307057.064783,/big.txt,50462720,131072,sequential,1.0000,0.0000,0,1,50593792,4096,1,1,0
207,207_baseline_phase_change_run07,baseline,phase_change,1778307057.06939,/big.txt,50593792,131072,sequential,1.0000,0.0000,0,1,50724864,4096,1,1,0
207,207_baseline_phase_change_run07,baseline,phase_change,1778307057.073972,/big.txt,50724864,131072,sequential,1.0000,0.0000,0,1,50855936,4096,1,1,0
207,207_baseline_phase_change_run07,baseline,phase_change,1778307057.0763195,/big.txt,50855936,131072,sequential,1.0000,0.0000,0,1,50987008,4096,1,1,0
207,207_baseline_phase_change_run07,baseline,phase_change,1778307057.0787067,/big.txt,50987008,131072,sequential,1.0000,0.0000,0,1,51118080,4096,1,1,0
207,207_baseline_phase_change_run07,baseline,phase_change,1778307057.0810091,/big.txt,51118080,131072,sequential,1.0000,0.0000,0,1,51249152,4096,1,1,0
207,207_baseline_phase_change_run07,baseline,phase_change,1778307057.0834138,/big.txt,51249152,131072,sequential,1.0000,0.0000,0,1,51380224,4096,1,1,0
207,207_baseline_phase_change_run07,baseline,phase_change,1778307057.0856934,/big.txt,51380224,131072,sequential,1.0000,0.0000,0,1,51511296,4096,1,1,0
207,207_baseline_phase_change_run07,baseline,phase_change,1778307057.0880058,/big.txt,51511296,131072,sequential,1.0000,0.0000,0,1,51642368,4096,1,1,0
207,207_baseline_phase_change_run07,baseline,phase_change,1778307057.0903075,/big.txt,51642368,131072,sequential,1.0000,0.0000,0,1,51773440,4096,1,1,0
207,207_baseline_phase_change_run07,baseline,phase_change,1778307057.0925868,/big.txt,51773440,131072,sequential,1.0000,0.0000,0,1,51904512,4096,1,1,0
207,207_baseline_phase_change_run07,baseline,phase_change,1778307057.0948792,/big.txt,51904512,131072,sequential,1.0000,0.0000,0,1,52035584,4096,1,1,0
207,207_baseline_phase_change_run07,baseline,phase_change,1778307057.097164,/big.txt,52035584,131072,sequential,1.0000,0.0000,0,1,52166656,4096,1,1,0
207,207_baseline_phase_change_run07,baseline,phase_change,1778307057.0994806,/big.txt,52166656,131072,sequential,1.0000,0.0000,0,1,52297728,4096,1,1,0
207,207_baseline_phase_change_run07,baseline,phase_change,1778307057.101779,/big.txt,52297728,131072,sequential,1.0000,0.0000,0,1,52428800,4096,1,1,0
207,207_baseline_phase_change_run07,baseline,phase_change,1778307057.1041434,/big.txt,52428800,131072,sequential,1.0000,0.0000,0,1,52559872,4096,1,1,0
207,207_baseline_phase_change_run07,baseline,phase_change,1778307057.10643,/big.txt,52559872,131072,sequential,1.0000,0.0000,0,1,52690944,4096,1,1,0
207,207_baseline_phase_change_run07,baseline,phase_change,1778307057.1087368,/big.txt,52690944,131072,sequential,1.0000,0.0000,0,1,52822016,4096,1,1,0
207,207_baseline_phase_change_run07,baseline,phase_change,1778307057.1110137,/big.txt,52822016,131072,sequential,1.0000,0.0000,0,1,52953088,4096,1,1,0
207,207_baseline_phase_change_run07,baseline,phase_change,1778307057.1132958,/big.txt,52953088,131072,sequential,1.0000,0.0000,0,1,53084160,4096,1,1,0
207,207_baseline_phase_change_run07,baseline,phase_change,1778307057.1155958,/big.txt,53084160,131072,sequential,1.0000,0.0000,0,1,53215232,4096,1,1,0
207,207_baseline_phase_change_run07,baseline,phase_change,1778307057.1178973,/big.txt,53215232,131072,sequential,1.0000,0.0000,0,1,53346304,4096,1,1,0
207,207_baseline_phase_change_run07,baseline,phase_change,1778307057.1201882,/big.txt,53346304,131072,sequential,1.0000,0.0000,0,1,53477376,4096,1,1,0
207,207_baseline_phase_change_run07,baseline,phase_change,1778307057.1224723,/big.txt,53477376,131072,sequential,1.0000,0.0000,0,1,53608448,4096,1,1,0
207,207_baseline_phase_change_run07,baseline,phase_change,1778307057.1247392,/big.txt,53608448,131072,sequential,1.0000,0.0000,0,1,53739520,4096,1,1,0
207,207_baseline_phase_change_run07,baseline,phase_change,1778307057.1270409,/big.txt,53739520,131072,sequential,1.0000,0.0000,0,1,53870592,4096,1,1,0
207,207_baseline_phase_change_run07,baseline,phase_change,1778307057.1293216,/big.txt,53870592,131072,sequential,1.0000,0.0000,0,1,54001664,4096,1,1,0
207,207_baseline_phase_change_run07,baseline,phase_change,1778307057.1315932,/big.txt,54001664,131072,sequential,1.0000,0.0000,0,1,54132736,4096,1,1,0
207,207_baseline_phase_change_run07,baseline,phase_change,1778307057.1338522,/big.txt,54132736,131072,sequential,1.0000,0.0000,0,1,54263808,4096,1,1,0
207,207_baseline_phase_change_run07,baseline,phase_change,1778307057.1361728,/big.txt,54263808,131072,sequential,1.0000,0.0000,0,1,54394880,4096,1,1,0
207,207_baseline_phase_change_run07,baseline,phase_change,1778307057.1384394,/big.txt,54394880,131072,sequential,1.0000,0.0000,0,1,54525952,4096,1,1,0
207,207_baseline_phase_change_run07,baseline,phase_change,1778307057.1407669,/big.txt,54525952,131072,sequential,1.0000,0.0000,0,1,54657024,4096,1,1,0
207,207_baseline_phase_change_run07,baseline,phase_change,1778307057.1431317,/big.txt,54657024,131072,sequential,1.0000,0.0000,0,1,54788096,4096,1,1,0
207,207_baseline_phase_change_run07,baseline,phase_change,1778307057.1453931,/big.txt,54788096,131072,sequential,1.0000,0.0000,0,1,54919168,4096,1,1,0
207,207_baseline_phase_change_run07,baseline,phase_change,1778307057.147681,/big.txt,54919168,131072,sequential,1.0000,0.0000,0,1,55050240,4096,1,1,0
207,207_baseline_phase_change_run07,baseline,phase_change,1778307057.1500678,/big.txt,55050240,131072,sequential,1.0000,0.0000,0,1,55181312,4096,1,1,0
207,207_baseline_phase_change_run07,baseline,phase_change,1778307057.1524417,/big.txt,55181312,131072,sequential,1.0000,0.0000,0,1,55312384,4096,1,1,0
207,207_baseline_phase_change_run07,baseline,phase_change,1778307057.1547143,/big.txt,55312384,131072,sequential,1.0000,0.0000,0,1,55443456,4096,1,1,0
207,207_baseline_phase_change_run07,baseline,phase_change,1778307057.1570637,/big.txt,55443456,131072,sequential,1.0000,0.0000,0,1,55574528,4096,1,1,0
207,207_baseline_phase_change_run07,baseline,phase_change,1778307057.1593628,/big.txt,55574528,131072,sequential,1.0000,0.0000,0,1,55705600,4096,1,1,0
207,207_baseline_phase_change_run07,baseline,phase_change,1778307057.161669,/big.txt,55705600,131072,sequential,1.0000,0.0000,0,1,55836672,4096,1,1,0
207,207_baseline_phase_change_run07,baseline,phase_change,1778307057.1640089,/big.txt,55836672,131072,sequential,1.0000,0.0000,0,1,55967744,4096,1,1,0
207,207_baseline_phase_change_run07,baseline,phase_change,1778307057.1662946,/big.txt,55967744,131072,sequential,1.0000,0.0000,0,1,56098816,4096,1,1,0
207,207_baseline_phase_change_run07,baseline,phase_change,1778307057.1686018,/big.txt,56098816,131072,sequential,1.0000,0.0000,0,1,56229888,4096,1,1,0
207,207_baseline_phase_change_run07,baseline,phase_change,1778307057.170913,/big.txt,56229888,131072,sequential,1.0000,0.0000,0,1,56360960,4096,1,1,0
207,207_baseline_phase_change_run07,baseline,phase_change,1778307057.1731951,/big.txt,56360960,131072,sequential,1.0000,0.0000,0,1,56492032,4096,1,1,0
207,207_baseline_phase_change_run07,baseline,phase_change,1778307057.175463,/big.txt,56492032,131072,sequential,1.0000,0.0000,0,1,56623104,4096,1,1,0
207,207_baseline_phase_change_run07,baseline,phase_change,1778307057.1777453,/big.txt,56623104,131072,sequential,1.0000,0.0000,0,1,56754176,4096,1,1,0
207,207_baseline_phase_change_run07,baseline,phase_change,1778307057.1801162,/big.txt,56754176,131072,sequential,1.0000,0.0000,0,1,56885248,4096,1,1,0
207,207_baseline_phase_change_run07,baseline,phase_change,1778307057.182408,/big.txt,56885248,131072,sequential,1.0000,0.0000,0,1,57016320,4096,1,1,0
207,207_baseline_phase_change_run07,baseline,phase_change,1778307057.1846993,/big.txt,57016320,131072,sequential,1.0000,0.0000,0,1,57147392,4096,1,1,0
207,207_baseline_phase_change_run07,baseline,phase_change,1778307057.1870046,/big.txt,57147392,131072,sequential,1.0000,0.0000,0,1,57278464,4096,1,1,0
207,207_baseline_phase_change_run07,baseline,phase_change,1778307057.1892707,/big.txt,57278464,131072,sequential,1.0000,0.0000,0,1,57409536,4096,1,1,0
207,207_baseline_phase_change_run07,baseline,phase_change,1778307057.1916535,/big.txt,57409536,131072,sequential,1.0000,0.0000,0,1,57540608,4096,1,1,0
207,207_baseline_phase_change_run07,baseline,phase_change,1778307057.193933,/big.txt,57540608,131072,sequential,1.0000,0.0000,0,1,57671680,4096,1,1,0
207,207_baseline_phase_change_run07,baseline,phase_change,1778307057.1962967,/big.txt,57671680,131072,sequential,1.0000,0.0000,0,1,57802752,4096,1,1,0
207,207_baseline_phase_change_run07,baseline,phase_change,1778307057.1986206,/big.txt,57802752,131072,sequential,1.0000,0.0000,0,1,57933824,4096,1,1,0
207,207_baseline_phase_change_run07,baseline,phase_change,1778307057.200898,/big.txt,57933824,131072,sequential,1.0000,0.0000,0,1,58064896,4096,1,1,0
207,207_baseline_phase_change_run07,baseline,phase_change,1778307057.2033231,/big.txt,58064896,131072,sequential,1.0000,0.0000,0,1,58195968,4096,1,1,0
207,207_baseline_phase_change_run07,baseline,phase_change,1778307057.2055972,/big.txt,58195968,131072,sequential,1.0000,0.0000,0,1,58327040,4096,1,1,0
207,207_baseline_phase_change_run07,baseline,phase_change,1778307057.2078981,/big.txt,58327040,131072,sequential,1.0000,0.0000,0,1,58458112,4096,1,1,0
207,207_baseline_phase_change_run07,baseline,phase_change,1778307057.2101986,/big.txt,58458112,131072,sequential,1.0000,0.0000,0,1,58589184,4096,1,1,0
207,207_baseline_phase_change_run07,baseline,phase_change,1778307057.2124925,/big.txt,58589184,131072,sequential,1.0000,0.0000,0,1,58720256,4096,1,1,0
207,207_baseline_phase_change_run07,baseline,phase_change,1778307057.214763,/big.txt,58720256,131072,sequential,1.0000,0.0000,0,1,58851328,4096,1,1,0
207,207_baseline_phase_change_run07,baseline,phase_change,1778307057.2170844,/big.txt,58851328,131072,sequential,1.0000,0.0000,0,1,58982400,4096,1,1,0
207,207_baseline_phase_change_run07,baseline,phase_change,1778307057.2193723,/big.txt,58982400,131072,sequential,1.0000,0.0000,0,1,59113472,4096,1,1,0
207,207_baseline_phase_change_run07,baseline,phase_change,1778307057.2216325,/big.txt,59113472,131072,sequential,1.0000,0.0000,0,1,59244544,4096,1,1,0
207,207_baseline_phase_change_run07,baseline,phase_change,1778307057.2239263,/big.txt,59244544,131072,sequential,1.0000,0.0000,0,1,59375616,4096,1,1,0
207,207_baseline_phase_change_run07,baseline,phase_change,1778307057.2261806,/big.txt,59375616,131072,sequential,1.0000,0.0000,0,1,59506688,4096,1,1,0
207,207_baseline_phase_change_run07,baseline,phase_change,1778307057.2284777,/big.txt,59506688,131072,sequential,1.0000,0.0000,0,1,59637760,4096,1,1,0
207,207_baseline_phase_change_run07,baseline,phase_change,1778307057.2307394,/big.txt,59637760,131072,sequential,1.0000,0.0000,0,1,59768832,4096,1,1,0
207,207_baseline_phase_change_run07,baseline,phase_change,1778307057.2330089,/big.txt,59768832,131072,sequential,1.0000,0.0000,0,1,59899904,4096,1,1,0
207,207_baseline_phase_change_run07,baseline,phase_change,1778307057.2353752,/big.txt,59899904,131072,sequential,1.0000,0.0000,0,1,60030976,4096,1,1,0
207,207_baseline_phase_change_run07,baseline,phase_change,1778307057.2376506,/big.txt,60030976,131072,sequential,1.0000,0.0000,0,1,60162048,4096,1,1,0
207,207_baseline_phase_change_run07,baseline,phase_change,1778307057.2399478,/big.txt,60162048,131072,sequential,1.0000,0.0000,0,1,60293120,4096,1,1,0
207,207_baseline_phase_change_run07,baseline,phase_change,1778307057.2422626,/big.txt,60293120,131072,sequential,1.0000,0.0000,0,1,60424192,4096,1,1,0
207,207_baseline_phase_change_run07,baseline,phase_change,1778307057.2445571,/big.txt,60424192,131072,sequential,1.0000,0.0000,0,1,60555264,4096,1,1,0
207,207_baseline_phase_change_run07,baseline,phase_change,1778307057.246831,/big.txt,60555264,131072,sequential,1.0000,0.0000,0,1,60686336,4096,1,1,0
207,207_baseline_phase_change_run07,baseline,phase_change,1778307057.249111,/big.txt,60686336,131072,sequential,1.0000,0.0000,0,1,60817408,4096,1,1,0
207,207_baseline_phase_change_run07,baseline,phase_change,1778307057.2515104,/big.txt,60817408,131072,sequential,1.0000,0.0000,0,1,60948480,4096,1,1,0
207,207_baseline_phase_change_run07,baseline,phase_change,1778307057.253761,/big.txt,60948480,131072,sequential,1.0000,0.0000,0,1,61079552,4096,1,1,0
207,207_baseline_phase_change_run07,baseline,phase_change,1778307057.2560992,/big.txt,61079552,131072,sequential,1.0000,0.0000,0,1,61210624,4096,1,1,0
207,207_baseline_phase_change_run07,baseline,phase_change,1778307057.2584028,/big.txt,61210624,131072,sequential,1.0000,0.0000,0,1,61341696,4096,1,1,0
207,207_baseline_phase_change_run07,baseline,phase_change,1778307057.2606614,/big.txt,61341696,131072,sequential,1.0000,0.0000,0,1,61472768,4096,1,1,0
207,207_baseline_phase_change_run07,baseline,phase_change,1778307057.2629488,/big.txt,61472768,131072,sequential,1.0000,0.0000,0,1,61603840,4096,1,1,0
207,207_baseline_phase_change_run07,baseline,phase_change,1778307057.2652245,/big.txt,61603840,131072,sequential,1.0000,0.0000,0,1,61734912,4096,1,1,0
207,207_baseline_phase_change_run07,baseline,phase_change,1778307057.2676275,/big.txt,61734912,131072,sequential,1.0000,0.0000,0,1,61865984,4096,1,1,0
207,207_baseline_phase_change_run07,baseline,phase_change,1778307057.2699153,/big.txt,61865984,131072,sequential,1.0000,0.0000,0,1,61997056,4096,1,1,0
207,207_baseline_phase_change_run07,baseline,phase_change,1778307057.2722733,/big.txt,61997056,131072,sequential,1.0000,0.0000,0,1,62128128,4096,1,1,0
207,207_baseline_phase_change_run07,baseline,phase_change,1778307057.2745612,/big.txt,62128128,131072,sequential,1.0000,0.0000,0,1,62259200,4096,1,1,0
207,207_baseline_phase_change_run07,baseline,phase_change,1778307057.2768502,/big.txt,62259200,131072,sequential,1.0000,0.0000,0,1,62390272,4096,1,1,0
207,207_baseline_phase_change_run07,baseline,phase_change,1778307057.2791402,/big.txt,62390272,131072,sequential,1.0000,0.0000,0,1,62521344,4096,1,1,0
207,207_baseline_phase_change_run07,baseline,phase_change,1778307057.2814264,/big.txt,62521344,131072,sequential,1.0000,0.0000,0,1,62652416,4096,1,1,0
207,207_baseline_phase_change_run07,baseline,phase_change,1778307057.2837405,/big.txt,62652416,131072,sequential,1.0000,0.0000,0,1,62783488,4096,1,1,0
207,207_baseline_phase_change_run07,baseline,phase_change,1778307057.2860076,/big.txt,62783488,131072,sequential,1.0000,0.0000,0,1,62914560,4096,1,1,0
207,207_baseline_phase_change_run07,baseline,phase_change,1778307057.288314,/big.txt,62914560,131072,sequential,1.0000,0.0000,0,1,63045632,4096,1,1,0
207,207_baseline_phase_change_run07,baseline,phase_change,1778307057.2905893,/big.txt,63045632,131072,sequential,1.0000,0.0000,0,1,63176704,4096,1,1,0
207,207_baseline_phase_change_run07,baseline,phase_change,1778307057.2928736,/big.txt,63176704,131072,sequential,1.0000,0.0000,0,1,63307776,4096,1,1,0
207,207_baseline_phase_change_run07,baseline,phase_change,1778307057.2951593,/big.txt,63307776,131072,sequential,1.0000,0.0000,0,1,63438848,4096,1,1,0
207,207_baseline_phase_change_run07,baseline,phase_change,1778307057.2974293,/big.txt,63438848,131072,sequential,1.0000,0.0000,0,1,63569920,4096,1,1,0
207,207_baseline_phase_change_run07,baseline,phase_change,1778307057.299687,/big.txt,63569920,131072,sequential,1.0000,0.0000,0,1,63700992,4096,1,1,0
207,207_baseline_phase_change_run07,baseline,phase_change,1778307057.3018627,/big.txt,63700992,131072,sequential,1.0000,0.0000,0,1,63832064,4096,1,1,0
207,207_baseline_phase_change_run07,baseline,phase_change,1778307057.304082,/big.txt,63832064,131072,sequential,1.0000,0.0000,0,1,63963136,4096,1,1,0
207,207_baseline_phase_change_run07,baseline,phase_change,1778307057.3062592,/big.txt,63963136,131072,sequential,1.0000,0.0000,0,1,64094208,4096,1,1,0
207,207_baseline_phase_change_run07,baseline,phase_change,1778307057.3084393,/big.txt,64094208,131072,sequential,1.0000,0.0000,0,1,64225280,4096,1,1,0
207,207_baseline_phase_change_run07,baseline,phase_change,1778307057.310613,/big.txt,64225280,131072,sequential,1.0000,0.0000,0,1,64356352,4096,1,1,0
207,207_baseline_phase_change_run07,baseline,phase_change,1778307057.312797,/big.txt,64356352,131072,sequential,1.0000,0.0000,0,1,64487424,4096,1,1,0
207,207_baseline_phase_change_run07,baseline,phase_change,1778307057.3151014,/big.txt,64487424,131072,sequential,1.0000,0.0000,0,1,64618496,4096,1,1,0
207,207_baseline_phase_change_run07,baseline,phase_change,1778307057.317265,/big.txt,64618496,131072,sequential,1.0000,0.0000,0,1,64749568,4096,1,1,0
207,207_baseline_phase_change_run07,baseline,phase_change,1778307057.3194442,/big.txt,64749568,131072,sequential,1.0000,0.0000,0,1,64880640,4096,1,1,0
207,207_baseline_phase_change_run07,baseline,phase_change,1778307057.321618,/big.txt,64880640,131072,sequential,1.0000,0.0000,0,1,65011712,4096,1,1,0
207,207_baseline_phase_change_run07,baseline,phase_change,1778307057.323813,/big.txt,65011712,131072,sequential,1.0000,0.0000,0,1,65142784,4096,1,1,0
207,207_baseline_phase_change_run07,baseline,phase_change,1778307057.325989,/big.txt,65142784,131072,sequential,1.0000,0.0000,0,1,65273856,4096,1,1,0
207,207_baseline_phase_change_run07,baseline,phase_change,1778307057.3281918,/big.txt,65273856,131072,sequential,1.0000,0.0000,0,1,65404928,4096,1,1,0
207,207_baseline_phase_change_run07,baseline,phase_change,1778307057.3303823,/big.txt,65404928,131072,sequential,1.0000,0.0000,0,1,65536000,4096,1,1,0
207,207_baseline_phase_change_run07,baseline,phase_change,1778307057.3326037,/big.txt,65536000,131072,sequential,1.0000,0.0000,0,1,65667072,4096,1,1,0
207,207_baseline_phase_change_run07,baseline,phase_change,1778307057.3347542,/big.txt,65667072,131072,sequential,1.0000,0.0000,0,1,65798144,4096,1,1,0
207,207_baseline_phase_change_run07,baseline,phase_change,1778307057.3369339,/big.txt,65798144,131072,sequential,1.0000,0.0000,0,1,65929216,4096,1,1,0
207,207_baseline_phase_change_run07,baseline,phase_change,1778307057.33962,/big.txt,65929216,131072,sequential,1.0000,0.0000,0,1,66060288,4096,1,1,0
207,207_baseline_phase_change_run07,baseline,phase_change,1778307057.3440244,/big.txt,66060288,131072,sequential,1.0000,0.0000,0,1,66191360,4096,1,1,0
207,207_baseline_phase_change_run07,baseline,phase_change,1778307057.3484223,/big.txt,66191360,131072,sequential,1.0000,0.0000,0,1,66322432,4096,1,1,0
207,207_baseline_phase_change_run07,baseline,phase_change,1778307057.3514843,/big.txt,66322432,131072,sequential,1.0000,0.0000,0,1,66453504,4096,1,1,0
207,207_baseline_phase_change_run07,baseline,phase_change,1778307057.3536613,/big.txt,66453504,131072,sequential,1.0000,0.0000,0,1,66584576,4096,1,1,0
207,207_baseline_phase_change_run07,baseline,phase_change,1778307057.3558354,/big.txt,66584576,131072,sequential,1.0000,0.0000,0,1,66715648,4096,1,1,0
207,207_baseline_phase_change_run07,baseline,phase_change,1778307057.358021,/big.txt,66715648,131072,sequential,1.0000,0.0000,0,1,66846720,4096,1,1,0
207,207_baseline_phase_change_run07,baseline,phase_change,1778307057.3602285,/big.txt,66846720,131072,sequential,1.0000,0.0000,0,1,66977792,4096,1,1,0
207,207_baseline_phase_change_run07,baseline,phase_change,1778307057.3624122,/big.txt,66977792,131072,sequential,1.0000,0.0000,0,1,67108864,4096,1,1,0
207,207_baseline_phase_change_run07,baseline,phase_change,1778307057.3646066,/big.txt,67108864,131072,sequential,1.0000,0.0000,0,1,67239936,4096,1,1,0
207,207_baseline_phase_change_run07,baseline,phase_change,1778307057.3668227,/big.txt,67239936,131072,sequential,1.0000,0.0000,0,1,67371008,4096,1,1,0
207,207_baseline_phase_change_run07,baseline,phase_change,1778307057.3690376,/big.txt,67371008,131072,sequential,1.0000,0.0000,0,1,67502080,4096,1,1,0
207,207_baseline_phase_change_run07,baseline,phase_change,1778307057.3712907,/big.txt,67502080,131072,sequential,1.0000,0.0000,0,1,67633152,4096,1,1,0
207,207_baseline_phase_change_run07,baseline,phase_change,1778307057.373461,/big.txt,67633152,131072,sequential,1.0000,0.0000,0,1,67764224,4096,1,1,0
207,207_baseline_phase_change_run07,baseline,phase_change,1778307057.375642,/big.txt,67764224,131072,sequential,1.0000,0.0000,0,1,67895296,4096,1,1,0
207,207_baseline_phase_change_run07,baseline,phase_change,1778307057.3778017,/big.txt,67895296,131072,sequential,1.0000,0.0000,0,1,68026368,4096,1,1,0
207,207_baseline_phase_change_run07,baseline,phase_change,1778307057.380013,/big.txt,68026368,131072,sequential,1.0000,0.0000,0,1,68157440,4096,1,1,0
207,207_baseline_phase_change_run07,baseline,phase_change,1778307057.3821976,/big.txt,68157440,131072,sequential,1.0000,0.0000,0,1,68288512,4096,1,1,0
207,207_baseline_phase_change_run07,baseline,phase_change,1778307057.3844347,/big.txt,68288512,131072,sequential,1.0000,0.0000,0,1,68419584,4096,1,1,0
207,207_baseline_phase_change_run07,baseline,phase_change,1778307057.386614,/big.txt,68419584,131072,sequential,1.0000,0.0000,0,1,68550656,4096,1,1,0
207,207_baseline_phase_change_run07,baseline,phase_change,1778307057.3889263,/big.txt,68550656,131072,sequential,1.0000,0.0000,0,1,68681728,4096,1,1,0
207,207_baseline_phase_change_run07,baseline,phase_change,1778307057.3911226,/big.txt,68681728,131072,sequential,1.0000,0.0000,0,1,68812800,4096,1,1,0
207,207_baseline_phase_change_run07,baseline,phase_change,1778307057.3932915,/big.txt,68812800,131072,sequential,1.0000,0.0000,0,1,68943872,4096,1,1,0
207,207_baseline_phase_change_run07,baseline,phase_change,1778307057.3954802,/big.txt,68943872,131072,sequential,1.0000,0.0000,0,1,69074944,4096,1,1,0
207,207_baseline_phase_change_run07,baseline,phase_change,1778307057.397641,/big.txt,69074944,131072,sequential,1.0000,0.0000,0,1,69206016,4096,1,1,0
207,207_baseline_phase_change_run07,baseline,phase_change,1778307057.3998165,/big.txt,69206016,131072,sequential,1.0000,0.0000,0,1,69337088,4096,1,1,0
207,207_baseline_phase_change_run07,baseline,phase_change,1778307057.401988,/big.txt,69337088,131072,sequential,1.0000,0.0000,0,1,69468160,4096,1,1,0
207,207_baseline_phase_change_run07,baseline,phase_change,1778307057.4041913,/big.txt,69468160,131072,sequential,1.0000,0.0000,0,1,69599232,4096,1,1,0
207,207_baseline_phase_change_run07,baseline,phase_change,1778307057.4063678,/big.txt,69599232,131072,sequential,1.0000,0.0000,0,1,69730304,4096,1,1,0
207,207_baseline_phase_change_run07,baseline,phase_change,1778307057.408568,/big.txt,69730304,131072,sequential,1.0000,0.0000,0,1,69861376,4096,1,1,0
207,207_baseline_phase_change_run07,baseline,phase_change,1778307057.4107447,/big.txt,69861376,131072,sequential,1.0000,0.0000,0,1,69992448,4096,1,1,0
207,207_baseline_phase_change_run07,baseline,phase_change,1778307057.4129958,/big.txt,69992448,131072,sequential,1.0000,0.0000,0,1,70123520,4096,1,1,0
207,207_baseline_phase_change_run07,baseline,phase_change,1778307057.4153242,/big.txt,70123520,131072,sequential,1.0000,0.0000,0,1,70254592,4096,1,1,0
207,207_baseline_phase_change_run07,baseline,phase_change,1778307057.4175758,/big.txt,70254592,131072,sequential,1.0000,0.0000,0,1,70385664,4096,1,1,0
207,207_baseline_phase_change_run07,baseline,phase_change,1778307057.419949,/big.txt,70385664,131072,sequential,1.0000,0.0000,0,1,70516736,4096,1,1,0
207,207_baseline_phase_change_run07,baseline,phase_change,1778307057.4222221,/big.txt,70516736,131072,sequential,1.0000,0.0000,0,1,70647808,4096,1,1,0
207,207_baseline_phase_change_run07,baseline,phase_change,1778307057.4244592,/big.txt,70647808,131072,sequential,1.0000,0.0000,0,1,70778880,4096,1,1,0
207,207_baseline_phase_change_run07,baseline,phase_change,1778307057.426669,/big.txt,70778880,131072,sequential,1.0000,0.0000,0,1,70909952,4096,1,1,0
207,207_baseline_phase_change_run07,baseline,phase_change,1778307057.4288511,/big.txt,70909952,131072,sequential,1.0000,0.0000,0,1,71041024,4096,1,1,0
207,207_baseline_phase_change_run07,baseline,phase_change,1778307057.43097,/big.txt,71041024,131072,sequential,1.0000,0.0000,0,1,71172096,4096,1,1,0
207,207_baseline_phase_change_run07,baseline,phase_change,1778307057.4330564,/big.txt,71172096,131072,sequential,1.0000,0.0000,0,1,71303168,4096,1,1,0
207,207_baseline_phase_change_run07,baseline,phase_change,1778307057.4351401,/big.txt,71303168,131072,sequential,1.0000,0.0000,0,1,71434240,4096,1,1,0
207,207_baseline_phase_change_run07,baseline,phase_change,1778307057.4372244,/big.txt,71434240,131072,sequential,1.0000,0.0000,0,1,71565312,4096,1,1,0
207,207_baseline_phase_change_run07,baseline,phase_change,1778307057.4393716,/big.txt,71565312,131072,sequential,1.0000,0.0000,0,1,71696384,4096,1,1,0
207,207_baseline_phase_change_run07,baseline,phase_change,1778307057.441468,/big.txt,71696384,131072,sequential,1.0000,0.0000,0,1,71827456,4096,1,1,0
207,207_baseline_phase_change_run07,baseline,phase_change,1778307057.4435704,/big.txt,71827456,131072,sequential,1.0000,0.0000,0,1,71958528,4096,1,1,0
207,207_baseline_phase_change_run07,baseline,phase_change,1778307057.4456575,/big.txt,71958528,131072,sequential,1.0000,0.0000,0,1,72089600,4096,1,1,0
207,207_baseline_phase_change_run07,baseline,phase_change,1778307057.4477642,/big.txt,72089600,131072,sequential,1.0000,0.0000,0,1,72220672,4096,1,1,0
207,207_baseline_phase_change_run07,baseline,phase_change,1778307057.449827,/big.txt,72220672,131072,sequential,1.0000,0.0000,0,1,72351744,4096,1,1,0
207,207_baseline_phase_change_run07,baseline,phase_change,1778307057.4519253,/big.txt,72351744,131072,sequential,1.0000,0.0000,0,1,72482816,4096,1,1,0
207,207_baseline_phase_change_run07,baseline,phase_change,1778307057.4540098,/big.txt,72482816,131072,sequential,1.0000,0.0000,0,1,72613888,4096,1,1,0
207,207_baseline_phase_change_run07,baseline,phase_change,1778307057.4561236,/big.txt,72613888,131072,sequential,1.0000,0.0000,0,1,72744960,4096,1,1,0
207,207_baseline_phase_change_run07,baseline,phase_change,1778307057.4582098,/big.txt,72744960,131072,sequential,1.0000,0.0000,0,1,72876032,4096,1,1,0
207,207_baseline_phase_change_run07,baseline,phase_change,1778307057.4603057,/big.txt,72876032,131072,sequential,1.0000,0.0000,0,1,73007104,4096,1,1,0
207,207_baseline_phase_change_run07,baseline,phase_change,1778307057.4623938,/big.txt,73007104,131072,sequential,1.0000,0.0000,0,1,73138176,4096,1,1,0
207,207_baseline_phase_change_run07,baseline,phase_change,1778307057.4644794,/big.txt,73138176,131072,sequential,1.0000,0.0000,0,1,73269248,4096,1,1,0
207,207_baseline_phase_change_run07,baseline,phase_change,1778307057.466554,/big.txt,73269248,131072,sequential,1.0000,0.0000,0,1,73400320,4096,1,1,0
207,207_baseline_phase_change_run07,baseline,phase_change,1778307057.4686265,/big.txt,73400320,131072,sequential,1.0000,0.0000,0,1,73531392,4096,1,1,0
207,207_baseline_phase_change_run07,baseline,phase_change,1778307057.4707205,/big.txt,73531392,131072,sequential,1.0000,0.0000,0,1,73662464,4096,1,1,0
207,207_baseline_phase_change_run07,baseline,phase_change,1778307057.4749515,/big.txt,73662464,131072,sequential,1.0000,0.0000,0,1,73793536,4096,1,1,0
207,207_baseline_phase_change_run07,baseline,phase_change,1778307057.4791434,/big.txt,73793536,131072,sequential,1.0000,0.0000,0,1,73924608,4096,1,1,0
207,207_baseline_phase_change_run07,baseline,phase_change,1778307057.4831626,/big.txt,73924608,131072,sequential,1.0000,0.0000,0,1,74055680,4096,1,1,0
207,207_baseline_phase_change_run07,baseline,phase_change,1778307057.4852643,/big.txt,74055680,131072,sequential,1.0000,0.0000,0,1,74186752,4096,1,1,0
207,207_baseline_phase_change_run07,baseline,phase_change,1778307057.4873822,/big.txt,74186752,131072,sequential,1.0000,0.0000,0,1,74317824,4096,1,1,0
207,207_baseline_phase_change_run07,baseline,phase_change,1778307057.489473,/big.txt,74317824,131072,sequential,1.0000,0.0000,0,1,74448896,4096,1,1,0
207,207_baseline_phase_change_run07,baseline,phase_change,1778307057.491591,/big.txt,74448896,131072,sequential,1.0000,0.0000,0,1,74579968,4096,1,1,0
207,207_baseline_phase_change_run07,baseline,phase_change,1778307057.493684,/big.txt,74579968,131072,sequential,1.0000,0.0000,0,1,74711040,4096,1,1,0
207,207_baseline_phase_change_run07,baseline,phase_change,1778307057.4957824,/big.txt,74711040,131072,sequential,1.0000,0.0000,0,1,74842112,4096,1,1,0
207,207_baseline_phase_change_run07,baseline,phase_change,1778307057.4978657,/big.txt,74842112,131072,sequential,1.0000,0.0000,0,1,74973184,4096,1,1,0
207,207_baseline_phase_change_run07,baseline,phase_change,1778307057.499978,/big.txt,74973184,131072,sequential,1.0000,0.0000,0,1,75104256,4096,1,1,0
207,207_baseline_phase_change_run07,baseline,phase_change,1778307057.5020664,/big.txt,75104256,131072,sequential,1.0000,0.0000,0,1,75235328,4096,1,1,0
207,207_baseline_phase_change_run07,baseline,phase_change,1778307057.504177,/big.txt,75235328,131072,sequential,1.0000,0.0000,0,1,75366400,4096,1,1,0
207,207_baseline_phase_change_run07,baseline,phase_change,1778307057.5062573,/big.txt,75366400,131072,sequential,1.0000,0.0000,0,1,75497472,4096,1,1,0
207,207_baseline_phase_change_run07,baseline,phase_change,1778307057.508379,/big.txt,75497472,131072,sequential,1.0000,0.0000,0,1,75628544,4096,1,1,0
207,207_baseline_phase_change_run07,baseline,phase_change,1778307057.510462,/big.txt,75628544,131072,sequential,1.0000,0.0000,0,1,75759616,4096,1,1,0
207,207_baseline_phase_change_run07,baseline,phase_change,1778307057.512554,/big.txt,75759616,131072,sequential,1.0000,0.0000,0,1,75890688,4096,1,1,0
207,207_baseline_phase_change_run07,baseline,phase_change,1778307057.5146441,/big.txt,75890688,131072,sequential,1.0000,0.0000,0,1,76021760,4096,1,1,0
207,207_baseline_phase_change_run07,baseline,phase_change,1778307057.5168085,/big.txt,76021760,131072,sequential,1.0000,0.0000,0,1,76152832,4096,1,1,0
207,207_baseline_phase_change_run07,baseline,phase_change,1778307057.5189006,/big.txt,76152832,131072,sequential,1.0000,0.0000,0,1,76283904,4096,1,1,0
207,207_baseline_phase_change_run07,baseline,phase_change,1778307057.5210335,/big.txt,76283904,131072,sequential,1.0000,0.0000,0,1,76414976,4096,1,1,0
207,207_baseline_phase_change_run07,baseline,phase_change,1778307057.5232337,/big.txt,76414976,131072,sequential,1.0000,0.0000,0,1,76546048,4096,1,1,0
207,207_baseline_phase_change_run07,baseline,phase_change,1778307057.5253847,/big.txt,76546048,131072,sequential,1.0000,0.0000,0,1,76677120,4096,1,1,0
207,207_baseline_phase_change_run07,baseline,phase_change,1778307057.5274575,/big.txt,76677120,131072,sequential,1.0000,0.0000,0,1,76808192,4096,1,1,0
207,207_baseline_phase_change_run07,baseline,phase_change,1778307057.529563,/big.txt,76808192,131072,sequential,1.0000,0.0000,0,1,76939264,4096,1,1,0
207,207_baseline_phase_change_run07,baseline,phase_change,1778307057.5316265,/big.txt,76939264,131072,sequential,1.0000,0.0000,0,1,77070336,4096,1,1,0
207,207_baseline_phase_change_run07,baseline,phase_change,1778307057.5337093,/big.txt,77070336,131072,sequential,1.0000,0.0000,0,1,77201408,4096,1,1,0
207,207_baseline_phase_change_run07,baseline,phase_change,1778307057.5358183,/big.txt,77201408,131072,sequential,1.0000,0.0000,0,1,77332480,4096,1,1,0
207,207_baseline_phase_change_run07,baseline,phase_change,1778307057.5378907,/big.txt,77332480,131072,sequential,1.0000,0.0000,0,1,77463552,4096,1,1,0
207,207_baseline_phase_change_run07,baseline,phase_change,1778307057.53998,/big.txt,77463552,131072,sequential,1.0000,0.0000,0,1,77594624,4096,1,1,0
207,207_baseline_phase_change_run07,baseline,phase_change,1778307057.542042,/big.txt,77594624,131072,sequential,1.0000,0.0000,0,1,77725696,4096,1,1,0
207,207_baseline_phase_change_run07,baseline,phase_change,1778307057.5441217,/big.txt,77725696,131072,sequential,1.0000,0.0000,0,1,77856768,4096,1,1,0
207,207_baseline_phase_change_run07,baseline,phase_change,1778307057.5462027,/big.txt,77856768,131072,sequential,1.0000,0.0000,0,1,77987840,4096,1,1,0
207,207_baseline_phase_change_run07,baseline,phase_change,1778307057.5482812,/big.txt,77987840,131072,sequential,1.0000,0.0000,0,1,78118912,4096,1,1,0
207,207_baseline_phase_change_run07,baseline,phase_change,1778307057.5503504,/big.txt,78118912,131072,sequential,1.0000,0.0000,0,1,78249984,4096,1,1,0
207,207_baseline_phase_change_run07,baseline,phase_change,1778307057.5524375,/big.txt,78249984,131072,sequential,1.0000,0.0000,0,1,78381056,4096,1,1,0
207,207_baseline_phase_change_run07,baseline,phase_change,1778307057.5545034,/big.txt,78381056,131072,sequential,1.0000,0.0000,0,1,78512128,4096,1,1,0
207,207_baseline_phase_change_run07,baseline,phase_change,1778307057.5565808,/big.txt,78512128,131072,sequential,1.0000,0.0000,0,1,78643200,4096,1,1,0
207,207_baseline_phase_change_run07,baseline,phase_change,1778307057.558654,/big.txt,78643200,131072,sequential,1.0000,0.0000,0,1,78774272,4096,1,1,0
207,207_baseline_phase_change_run07,baseline,phase_change,1778307057.5607407,/big.txt,78774272,131072,sequential,1.0000,0.0000,0,1,78905344,4096,1,1,0
207,207_baseline_phase_change_run07,baseline,phase_change,1778307057.562817,/big.txt,78905344,131072,sequential,1.0000,0.0000,0,1,79036416,4096,1,1,0
207,207_baseline_phase_change_run07,baseline,phase_change,1778307057.56489,/big.txt,79036416,131072,sequential,1.0000,0.0000,0,1,79167488,4096,1,1,0
207,207_baseline_phase_change_run07,baseline,phase_change,1778307057.567019,/big.txt,79167488,131072,sequential,1.0000,0.0000,0,1,79298560,4096,1,1,0
207,207_baseline_phase_change_run07,baseline,phase_change,1778307057.5690908,/big.txt,79298560,131072,sequential,1.0000,0.0000,0,1,79429632,4096,1,1,0
207,207_baseline_phase_change_run07,baseline,phase_change,1778307057.5711873,/big.txt,79429632,131072,sequential,1.0000,0.0000,0,1,79560704,4096,1,1,0
207,207_baseline_phase_change_run07,baseline,phase_change,1778307057.5732539,/big.txt,79560704,131072,sequential,1.0000,0.0000,0,1,79691776,4096,1,1,0
207,207_baseline_phase_change_run07,baseline,phase_change,1778307057.57534,/big.txt,79691776,131072,sequential,1.0000,0.0000,0,1,79822848,4096,1,1,0
207,207_baseline_phase_change_run07,baseline,phase_change,1778307057.5774136,/big.txt,79822848,131072,sequential,1.0000,0.0000,0,1,79953920,4096,1,1,0
207,207_baseline_phase_change_run07,baseline,phase_change,1778307057.579502,/big.txt,79953920,131072,sequential,1.0000,0.0000,0,1,80084992,4096,1,1,0
207,207_baseline_phase_change_run07,baseline,phase_change,1778307057.5815554,/big.txt,80084992,131072,sequential,1.0000,0.0000,0,1,80216064,4096,1,1,0
207,207_baseline_phase_change_run07,baseline,phase_change,1778307057.583645,/big.txt,80216064,131072,sequential,1.0000,0.0000,0,1,80347136,4096,1,1,0
207,207_baseline_phase_change_run07,baseline,phase_change,1778307057.5857244,/big.txt,80347136,131072,sequential,1.0000,0.0000,0,1,80478208,4096,1,1,0
207,207_baseline_phase_change_run07,baseline,phase_change,1778307057.587817,/big.txt,80478208,131072,sequential,1.0000,0.0000,0,1,80609280,4096,1,1,0
207,207_baseline_phase_change_run07,baseline,phase_change,1778307057.58989,/big.txt,80609280,131072,sequential,1.0000,0.0000,0,1,80740352,4096,1,1,0
207,207_baseline_phase_change_run07,baseline,phase_change,1778307057.5919929,/big.txt,80740352,131072,sequential,1.0000,0.0000,0,1,80871424,4096,1,1,0
207,207_baseline_phase_change_run07,baseline,phase_change,1778307057.594063,/big.txt,80871424,131072,sequential,1.0000,0.0000,0,1,81002496,4096,1,1,0
207,207_baseline_phase_change_run07,baseline,phase_change,1778307057.596144,/big.txt,81002496,131072,sequential,1.0000,0.0000,0,1,81133568,4096,1,1,0
207,207_baseline_phase_change_run07,baseline,phase_change,1778307057.5982141,/big.txt,81133568,131072,sequential,1.0000,0.0000,0,1,81264640,4096,1,1,0
207,207_baseline_phase_change_run07,baseline,phase_change,1778307057.600336,/big.txt,81264640,131072,sequential,1.0000,0.0000,0,1,81395712,4096,1,1,0
207,207_baseline_phase_change_run07,baseline,phase_change,1778307057.6024184,/big.txt,81395712,131072,sequential,1.0000,0.0000,0,1,81526784,4096,1,1,0
207,207_baseline_phase_change_run07,baseline,phase_change,1778307057.6045172,/big.txt,81526784,131072,sequential,1.0000,0.0000,0,1,81657856,4096,1,1,0
207,207_baseline_phase_change_run07,baseline,phase_change,1778307057.6065938,/big.txt,81657856,131072,sequential,1.0000,0.0000,0,1,81788928,4096,1,1,0
207,207_baseline_phase_change_run07,baseline,phase_change,1778307057.608683,/big.txt,81788928,131072,sequential,1.0000,0.0000,0,1,81920000,4096,1,1,0
207,207_baseline_phase_change_run07,baseline,phase_change,1778307057.6107333,/big.txt,81920000,131072,sequential,1.0000,0.0000,0,1,82051072,4096,1,1,0
207,207_baseline_phase_change_run07,baseline,phase_change,1778307057.6128242,/big.txt,82051072,131072,sequential,1.0000,0.0000,0,1,82182144,4096,1,1,0
207,207_baseline_phase_change_run07,baseline,phase_change,1778307057.6149118,/big.txt,82182144,131072,sequential,1.0000,0.0000,0,1,82313216,4096,1,1,0
207,207_baseline_phase_change_run07,baseline,phase_change,1778307057.616989,/big.txt,82313216,131072,sequential,1.0000,0.0000,0,1,82444288,4096,1,1,0
207,207_baseline_phase_change_run07,baseline,phase_change,1778307057.6194086,/big.txt,82444288,131072,sequential,1.0000,0.0000,0,1,82575360,4096,1,1,0
207,207_baseline_phase_change_run07,baseline,phase_change,1778307057.623629,/big.txt,82575360,131072,sequential,1.0000,0.0000,0,1,82706432,4096,1,1,0
207,207_baseline_phase_change_run07,baseline,phase_change,1778307057.6278543,/big.txt,82706432,131072,sequential,1.0000,0.0000,0,1,82837504,4096,1,1,0
207,207_baseline_phase_change_run07,baseline,phase_change,1778307057.6312249,/big.txt,82837504,131072,sequential,1.0000,0.0000,0,1,82968576,4096,1,1,0
207,207_baseline_phase_change_run07,baseline,phase_change,1778307057.6333208,/big.txt,82968576,131072,sequential,1.0000,0.0000,0,1,83099648,4096,1,1,0
207,207_baseline_phase_change_run07,baseline,phase_change,1778307057.6354203,/big.txt,83099648,131072,sequential,1.0000,0.0000,0,1,83230720,4096,1,1,0
207,207_baseline_phase_change_run07,baseline,phase_change,1778307057.6375284,/big.txt,83230720,131072,sequential,1.0000,0.0000,0,1,83361792,4096,1,1,0
207,207_baseline_phase_change_run07,baseline,phase_change,1778307057.6396427,/big.txt,83361792,131072,sequential,1.0000,0.0000,0,1,83492864,4096,1,1,0
207,207_baseline_phase_change_run07,baseline,phase_change,1778307057.6417296,/big.txt,83492864,131072,sequential,1.0000,0.0000,0,1,83623936,4096,1,1,0
207,207_baseline_phase_change_run07,baseline,phase_change,1778307057.643846,/big.txt,83623936,131072,sequential,1.0000,0.0000,0,1,83755008,4096,1,1,0
207,207_baseline_phase_change_run07,baseline,phase_change,1778307057.6459486,/big.txt,83755008,131072,sequential,1.0000,0.0000,0,1,83886080,4096,1,1,0
207,207_baseline_phase_change_run07,baseline,phase_change,1778307057.648066,/big.txt,83886080,131072,sequential,1.0000,0.0000,0,1,84017152,4096,1,1,0
207,207_baseline_phase_change_run07,baseline,phase_change,1778307057.6501768,/big.txt,84017152,131072,sequential,1.0000,0.0000,0,1,84148224,4096,1,1,0
207,207_baseline_phase_change_run07,baseline,phase_change,1778307057.6522803,/big.txt,84148224,131072,sequential,1.0000,0.0000,0,1,84279296,4096,1,1,0
207,207_baseline_phase_change_run07,baseline,phase_change,1778307057.6543758,/big.txt,84279296,131072,sequential,1.0000,0.0000,0,1,84410368,4096,1,1,0
207,207_baseline_phase_change_run07,baseline,phase_change,1778307057.6564808,/big.txt,84410368,131072,sequential,1.0000,0.0000,0,1,84541440,4096,1,1,0
207,207_baseline_phase_change_run07,baseline,phase_change,1778307057.6585732,/big.txt,84541440,131072,sequential,1.0000,0.0000,0,1,84672512,4096,1,1,0
207,207_baseline_phase_change_run07,baseline,phase_change,1778307057.6607268,/big.txt,84672512,131072,sequential,1.0000,0.0000,0,1,84803584,4096,1,1,0
207,207_baseline_phase_change_run07,baseline,phase_change,1778307057.6628382,/big.txt,84803584,131072,sequential,1.0000,0.0000,0,1,84934656,4096,1,1,0
207,207_baseline_phase_change_run07,baseline,phase_change,1778307057.664937,/big.txt,84934656,131072,sequential,1.0000,0.0000,0,1,85065728,4096,1,1,0
207,207_baseline_phase_change_run07,baseline,phase_change,1778307057.6670272,/big.txt,85065728,131072,sequential,1.0000,0.0000,0,1,85196800,4096,1,1,0
207,207_baseline_phase_change_run07,baseline,phase_change,1778307057.6691692,/big.txt,85196800,131072,sequential,1.0000,0.0000,0,1,85327872,4096,1,1,0
207,207_baseline_phase_change_run07,baseline,phase_change,1778307057.671284,/big.txt,85327872,131072,sequential,1.0000,0.0000,0,1,85458944,4096,1,1,0
207,207_baseline_phase_change_run07,baseline,phase_change,1778307057.6733646,/big.txt,85458944,131072,sequential,1.0000,0.0000,0,1,85590016,4096,1,1,0
207,207_baseline_phase_change_run07,baseline,phase_change,1778307057.6756,/big.txt,85590016,131072,sequential,1.0000,0.0000,0,1,85721088,4096,1,1,0
207,207_baseline_phase_change_run07,baseline,phase_change,1778307057.6777036,/big.txt,85721088,131072,sequential,1.0000,0.0000,0,1,85852160,4096,1,1,0
207,207_baseline_phase_change_run07,baseline,phase_change,1778307057.6798131,/big.txt,85852160,131072,sequential,1.0000,0.0000,0,1,85983232,4096,1,1,0
207,207_baseline_phase_change_run07,baseline,phase_change,1778307057.6819046,/big.txt,85983232,131072,sequential,1.0000,0.0000,0,1,86114304,4096,1,1,0
207,207_baseline_phase_change_run07,baseline,phase_change,1778307057.6840327,/big.txt,86114304,131072,sequential,1.0000,0.0000,0,1,86245376,4096,1,1,0
207,207_baseline_phase_change_run07,baseline,phase_change,1778307057.686123,/big.txt,86245376,131072,sequential,1.0000,0.0000,0,1,86376448,4096,1,1,0
207,207_baseline_phase_change_run07,baseline,phase_change,1778307057.688231,/big.txt,86376448,131072,sequential,1.0000,0.0000,0,1,86507520,4096,1,1,0
207,207_baseline_phase_change_run07,baseline,phase_change,1778307057.6903286,/big.txt,86507520,131072,sequential,1.0000,0.0000,0,1,86638592,4096,1,1,0
207,207_baseline_phase_change_run07,baseline,phase_change,1778307057.6924615,/big.txt,86638592,131072,sequential,1.0000,0.0000,0,1,86769664,4096,1,1,0
207,207_baseline_phase_change_run07,baseline,phase_change,1778307057.694536,/big.txt,86769664,131072,sequential,1.0000,0.0000,0,1,86900736,4096,1,1,0
207,207_baseline_phase_change_run07,baseline,phase_change,1778307057.6966128,/big.txt,86900736,131072,sequential,1.0000,0.0000,0,1,87031808,4096,1,1,0
207,207_baseline_phase_change_run07,baseline,phase_change,1778307057.698714,/big.txt,87031808,131072,sequential,1.0000,0.0000,0,1,87162880,4096,1,1,0
207,207_baseline_phase_change_run07,baseline,phase_change,1778307057.7008708,/big.txt,87162880,131072,sequential,1.0000,0.0000,0,1,87293952,4096,1,1,0
207,207_baseline_phase_change_run07,baseline,phase_change,1778307057.7029762,/big.txt,87293952,131072,sequential,1.0000,0.0000,0,1,87425024,4096,1,1,0
207,207_baseline_phase_change_run07,baseline,phase_change,1778307057.7050598,/big.txt,87425024,131072,sequential,1.0000,0.0000,0,1,87556096,4096,1,1,0
207,207_baseline_phase_change_run07,baseline,phase_change,1778307057.7072747,/big.txt,87556096,131072,sequential,1.0000,0.0000,0,1,87687168,4096,1,1,0
207,207_baseline_phase_change_run07,baseline,phase_change,1778307057.70938,/big.txt,87687168,131072,sequential,1.0000,0.0000,0,1,87818240,4096,1,1,0
207,207_baseline_phase_change_run07,baseline,phase_change,1778307057.7114835,/big.txt,87818240,131072,sequential,1.0000,0.0000,0,1,87949312,4096,1,1,0
207,207_baseline_phase_change_run07,baseline,phase_change,1778307057.7135825,/big.txt,87949312,131072,sequential,1.0000,0.0000,0,1,88080384,4096,1,1,0
207,207_baseline_phase_change_run07,baseline,phase_change,1778307057.715726,/big.txt,88080384,131072,sequential,1.0000,0.0000,0,1,88211456,4096,1,1,0
207,207_baseline_phase_change_run07,baseline,phase_change,1778307057.7178276,/big.txt,88211456,131072,sequential,1.0000,0.0000,0,1,88342528,4096,1,1,0
207,207_baseline_phase_change_run07,baseline,phase_change,1778307057.7199395,/big.txt,88342528,131072,sequential,1.0000,0.0000,0,1,88473600,4096,1,1,0
207,207_baseline_phase_change_run07,baseline,phase_change,1778307057.7220588,/big.txt,88473600,131072,sequential,1.0000,0.0000,0,1,88604672,4096,1,1,0
207,207_baseline_phase_change_run07,baseline,phase_change,1778307057.7241812,/big.txt,88604672,131072,sequential,1.0000,0.0000,0,1,88735744,4096,1,1,0
207,207_baseline_phase_change_run07,baseline,phase_change,1778307057.7262833,/big.txt,88735744,131072,sequential,1.0000,0.0000,0,1,88866816,4096,1,1,0
207,207_baseline_phase_change_run07,baseline,phase_change,1778307057.7283986,/big.txt,88866816,131072,sequential,1.0000,0.0000,0,1,88997888,4096,1,1,0
207,207_baseline_phase_change_run07,baseline,phase_change,1778307057.7304869,/big.txt,88997888,131072,sequential,1.0000,0.0000,0,1,89128960,4096,1,1,0
207,207_baseline_phase_change_run07,baseline,phase_change,1778307057.7325902,/big.txt,89128960,131072,sequential,1.0000,0.0000,0,1,89260032,4096,1,1,0
207,207_baseline_phase_change_run07,baseline,phase_change,1778307057.7346833,/big.txt,89260032,131072,sequential,1.0000,0.0000,0,1,89391104,4096,1,1,0
207,207_baseline_phase_change_run07,baseline,phase_change,1778307057.7367969,/big.txt,89391104,131072,sequential,1.0000,0.0000,0,1,89522176,4096,1,1,0
207,207_baseline_phase_change_run07,baseline,phase_change,1778307057.7389653,/big.txt,89522176,131072,sequential,1.0000,0.0000,0,1,89653248,4096,1,1,0
207,207_baseline_phase_change_run07,baseline,phase_change,1778307057.7410583,/big.txt,89653248,131072,sequential,1.0000,0.0000,0,1,89784320,4096,1,1,0
207,207_baseline_phase_change_run07,baseline,phase_change,1778307057.743163,/big.txt,89784320,131072,sequential,1.0000,0.0000,0,1,89915392,4096,1,1,0
207,207_baseline_phase_change_run07,baseline,phase_change,1778307057.745247,/big.txt,89915392,131072,sequential,1.0000,0.0000,0,1,90046464,4096,1,1,0
207,207_baseline_phase_change_run07,baseline,phase_change,1778307057.7473545,/big.txt,90046464,131072,sequential,1.0000,0.0000,0,1,90177536,4096,1,1,0
207,207_baseline_phase_change_run07,baseline,phase_change,1778307057.7494433,/big.txt,90177536,131072,sequential,1.0000,0.0000,0,1,90308608,4096,1,1,0
207,207_baseline_phase_change_run07,baseline,phase_change,1778307057.7516775,/big.txt,90308608,131072,sequential,1.0000,0.0000,0,1,90439680,4096,1,1,0
207,207_baseline_phase_change_run07,baseline,phase_change,1778307057.7537873,/big.txt,90439680,131072,sequential,1.0000,0.0000,0,1,90570752,4096,1,1,0
207,207_baseline_phase_change_run07,baseline,phase_change,1778307057.7559035,/big.txt,90570752,131072,sequential,1.0000,0.0000,0,1,90701824,4096,1,1,0
207,207_baseline_phase_change_run07,baseline,phase_change,1778307057.7580078,/big.txt,90701824,131072,sequential,1.0000,0.0000,0,1,90832896,4096,1,1,0
207,207_baseline_phase_change_run07,baseline,phase_change,1778307057.7601268,/big.txt,90832896,131072,sequential,1.0000,0.0000,0,1,90963968,4096,1,1,0
207,207_baseline_phase_change_run07,baseline,phase_change,1778307057.7622206,/big.txt,90963968,131072,sequential,1.0000,0.0000,0,1,91095040,4096,1,1,0
207,207_baseline_phase_change_run07,baseline,phase_change,1778307057.764334,/big.txt,91095040,131072,sequential,1.0000,0.0000,0,1,91226112,4096,1,1,0
207,207_baseline_phase_change_run07,baseline,phase_change,1778307057.766432,/big.txt,91226112,131072,sequential,1.0000,0.0000,0,1,91357184,4096,1,1,0
207,207_baseline_phase_change_run07,baseline,phase_change,1778307057.768524,/big.txt,91357184,131072,sequential,1.0000,0.0000,0,1,91488256,4096,1,1,0
207,207_baseline_phase_change_run07,baseline,phase_change,1778307057.7706094,/big.txt,91488256,131072,sequential,1.0000,0.0000,0,1,91619328,4096,1,1,0
207,207_baseline_phase_change_run07,baseline,phase_change,1778307057.7727287,/big.txt,91619328,131072,sequential,1.0000,0.0000,0,1,91750400,4096,1,1,0
207,207_baseline_phase_change_run07,baseline,phase_change,1778307057.7748227,/big.txt,91750400,131072,sequential,1.0000,0.0000,0,1,91881472,4096,1,1,0
207,207_baseline_phase_change_run07,baseline,phase_change,1778307057.776911,/big.txt,91881472,131072,sequential,1.0000,0.0000,0,1,92012544,4096,1,1,0
207,207_baseline_phase_change_run07,baseline,phase_change,1778307057.7791243,/big.txt,92012544,131072,sequential,1.0000,0.0000,0,1,92143616,4096,1,1,0
207,207_baseline_phase_change_run07,baseline,phase_change,1778307057.7833536,/big.txt,92143616,131072,sequential,1.0000,0.0000,0,1,92274688,4096,1,1,0
207,207_baseline_phase_change_run07,baseline,phase_change,1778307057.7875524,/big.txt,92274688,131072,sequential,1.0000,0.0000,0,1,92405760,4096,1,1,0
207,207_baseline_phase_change_run07,baseline,phase_change,1778307057.7911673,/big.txt,92405760,131072,sequential,1.0000,0.0000,0,1,92536832,4096,1,1,0
207,207_baseline_phase_change_run07,baseline,phase_change,1778307057.793256,/big.txt,92536832,131072,sequential,1.0000,0.0000,0,1,92667904,4096,1,1,0
207,207_baseline_phase_change_run07,baseline,phase_change,1778307057.795378,/big.txt,92667904,131072,sequential,1.0000,0.0000,0,1,92798976,4096,1,1,0
207,207_baseline_phase_change_run07,baseline,phase_change,1778307057.7974606,/big.txt,92798976,131072,sequential,1.0000,0.0000,0,1,92930048,4096,1,1,0
207,207_baseline_phase_change_run07,baseline,phase_change,1778307057.799649,/big.txt,92930048,131072,sequential,1.0000,0.0000,0,1,93061120,4096,1,1,0
207,207_baseline_phase_change_run07,baseline,phase_change,1778307057.80176,/big.txt,93061120,131072,sequential,1.0000,0.0000,0,1,93192192,4096,1,1,0
207,207_baseline_phase_change_run07,baseline,phase_change,1778307057.8038933,/big.txt,93192192,131072,sequential,1.0000,0.0000,0,1,93323264,4096,1,1,0
207,207_baseline_phase_change_run07,baseline,phase_change,1778307057.8059773,/big.txt,93323264,131072,sequential,1.0000,0.0000,0,1,93454336,4096,1,1,0
207,207_baseline_phase_change_run07,baseline,phase_change,1778307057.8081155,/big.txt,93454336,131072,sequential,1.0000,0.0000,0,1,93585408,4096,1,1,0
207,207_baseline_phase_change_run07,baseline,phase_change,1778307057.810215,/big.txt,93585408,131072,sequential,1.0000,0.0000,0,1,93716480,4096,1,1,0
207,207_baseline_phase_change_run07,baseline,phase_change,1778307057.81233,/big.txt,93716480,131072,sequential,1.0000,0.0000,0,1,93847552,4096,1,1,0
207,207_baseline_phase_change_run07,baseline,phase_change,1778307057.8144367,/big.txt,93847552,131072,sequential,1.0000,0.0000,0,1,93978624,4096,1,1,0
207,207_baseline_phase_change_run07,baseline,phase_change,1778307057.8165615,/big.txt,93978624,131072,sequential,1.0000,0.0000,0,1,94109696,4096,1,1,0
207,207_baseline_phase_change_run07,baseline,phase_change,1778307057.8186886,/big.txt,94109696,131072,sequential,1.0000,0.0000,0,1,94240768,4096,1,1,0
207,207_baseline_phase_change_run07,baseline,phase_change,1778307057.8207915,/big.txt,94240768,131072,sequential,1.0000,0.0000,0,1,94371840,4096,1,1,0
207,207_baseline_phase_change_run07,baseline,phase_change,1778307057.8229034,/big.txt,94371840,131072,sequential,1.0000,0.0000,0,1,94502912,4096,1,1,0
207,207_baseline_phase_change_run07,baseline,phase_change,1778307057.8249876,/big.txt,94502912,131072,sequential,1.0000,0.0000,0,1,94633984,4096,1,1,0
207,207_baseline_phase_change_run07,baseline,phase_change,1778307057.8271003,/big.txt,94633984,131072,sequential,1.0000,0.0000,0,1,94765056,4096,1,1,0
207,207_baseline_phase_change_run07,baseline,phase_change,1778307057.829205,/big.txt,94765056,131072,sequential,1.0000,0.0000,0,1,94896128,4096,1,1,0
207,207_baseline_phase_change_run07,baseline,phase_change,1778307057.8314204,/big.txt,94896128,131072,sequential,1.0000,0.0000,0,1,95027200,4096,1,1,0
207,207_baseline_phase_change_run07,baseline,phase_change,1778307057.8335106,/big.txt,95027200,131072,sequential,1.0000,0.0000,0,1,95158272,4096,1,1,0
207,207_baseline_phase_change_run07,baseline,phase_change,1778307057.8356154,/big.txt,95158272,131072,sequential,1.0000,0.0000,0,1,95289344,4096,1,1,0
207,207_baseline_phase_change_run07,baseline,phase_change,1778307057.8377054,/big.txt,95289344,131072,sequential,1.0000,0.0000,0,1,95420416,4096,1,1,0
207,207_baseline_phase_change_run07,baseline,phase_change,1778307057.839817,/big.txt,95420416,131072,sequential,1.0000,0.0000,0,1,95551488,4096,1,1,0
207,207_baseline_phase_change_run07,baseline,phase_change,1778307057.8418984,/big.txt,95551488,131072,sequential,1.0000,0.0000,0,1,95682560,4096,1,1,0
207,207_baseline_phase_change_run07,baseline,phase_change,1778307057.8440285,/big.txt,95682560,131072,sequential,1.0000,0.0000,0,1,95813632,4096,1,1,0
207,207_baseline_phase_change_run07,baseline,phase_change,1778307057.8461142,/big.txt,95813632,131072,sequential,1.0000,0.0000,0,1,95944704,4096,1,1,0
207,207_baseline_phase_change_run07,baseline,phase_change,1778307057.848225,/big.txt,95944704,131072,sequential,1.0000,0.0000,0,1,96075776,4096,1,1,0
207,207_baseline_phase_change_run07,baseline,phase_change,1778307057.8503087,/big.txt,96075776,131072,sequential,1.0000,0.0000,0,1,96206848,4096,1,1,0
207,207_baseline_phase_change_run07,baseline,phase_change,1778307057.8524256,/big.txt,96206848,131072,sequential,1.0000,0.0000,0,1,96337920,4096,1,1,0
207,207_baseline_phase_change_run07,baseline,phase_change,1778307057.8545299,/big.txt,96337920,131072,sequential,1.0000,0.0000,0,1,96468992,4096,1,1,0
207,207_baseline_phase_change_run07,baseline,phase_change,1778307057.8566337,/big.txt,96468992,131072,sequential,1.0000,0.0000,0,1,96600064,4096,1,1,0
207,207_baseline_phase_change_run07,baseline,phase_change,1778307057.8587208,/big.txt,96600064,131072,sequential,1.0000,0.0000,0,1,96731136,4096,1,1,0
207,207_baseline_phase_change_run07,baseline,phase_change,1778307057.8608203,/big.txt,96731136,131072,sequential,1.0000,0.0000,0,1,96862208,4096,1,1,0
207,207_baseline_phase_change_run07,baseline,phase_change,1778307057.863044,/big.txt,96862208,131072,sequential,1.0000,0.0000,0,1,96993280,4096,1,1,0
207,207_baseline_phase_change_run07,baseline,phase_change,1778307057.8651378,/big.txt,96993280,131072,sequential,1.0000,0.0000,0,1,97124352,4096,1,1,0
207,207_baseline_phase_change_run07,baseline,phase_change,1778307057.8672605,/big.txt,97124352,131072,sequential,1.0000,0.0000,0,1,97255424,4096,1,1,0
207,207_baseline_phase_change_run07,baseline,phase_change,1778307057.869351,/big.txt,97255424,131072,sequential,1.0000,0.0000,0,1,97386496,4096,1,1,0
207,207_baseline_phase_change_run07,baseline,phase_change,1778307057.87147,/big.txt,97386496,131072,sequential,1.0000,0.0000,0,1,97517568,4096,1,1,0
207,207_baseline_phase_change_run07,baseline,phase_change,1778307057.8735547,/big.txt,97517568,131072,sequential,1.0000,0.0000,0,1,97648640,4096,1,1,0
207,207_baseline_phase_change_run07,baseline,phase_change,1778307057.8756738,/big.txt,97648640,131072,sequential,1.0000,0.0000,0,1,97779712,4096,1,1,0
207,207_baseline_phase_change_run07,baseline,phase_change,1778307057.8777597,/big.txt,97779712,131072,sequential,1.0000,0.0000,0,1,97910784,4096,1,1,0
207,207_baseline_phase_change_run07,baseline,phase_change,1778307057.8798902,/big.txt,97910784,131072,sequential,1.0000,0.0000,0,1,98041856,4096,1,1,0
207,207_baseline_phase_change_run07,baseline,phase_change,1778307057.8819897,/big.txt,98041856,131072,sequential,1.0000,0.0000,0,1,98172928,4096,1,1,0
207,207_baseline_phase_change_run07,baseline,phase_change,1778307057.8841174,/big.txt,98172928,131072,sequential,1.0000,0.0000,0,1,98304000,4096,1,1,0
207,207_baseline_phase_change_run07,baseline,phase_change,1778307057.8862162,/big.txt,98304000,131072,sequential,1.0000,0.0000,0,1,98435072,4096,1,1,0
207,207_baseline_phase_change_run07,baseline,phase_change,1778307057.888339,/big.txt,98435072,131072,sequential,1.0000,0.0000,0,1,98566144,4096,1,1,0
207,207_baseline_phase_change_run07,baseline,phase_change,1778307057.8904426,/big.txt,98566144,131072,sequential,1.0000,0.0000,0,1,98697216,4096,1,1,0
207,207_baseline_phase_change_run07,baseline,phase_change,1778307057.892541,/big.txt,98697216,131072,sequential,1.0000,0.0000,0,1,98828288,4096,1,1,0
207,207_baseline_phase_change_run07,baseline,phase_change,1778307057.8946404,/big.txt,98828288,131072,sequential,1.0000,0.0000,0,1,98959360,4096,1,1,0
207,207_baseline_phase_change_run07,baseline,phase_change,1778307057.8968792,/big.txt,98959360,131072,sequential,1.0000,0.0000,0,1,99090432,4096,1,1,0
207,207_baseline_phase_change_run07,baseline,phase_change,1778307057.8989947,/big.txt,99090432,131072,sequential,1.0000,0.0000,0,1,99221504,4096,1,1,0
207,207_baseline_phase_change_run07,baseline,phase_change,1778307057.9010906,/big.txt,99221504,131072,sequential,1.0000,0.0000,0,1,99352576,4096,1,1,0
207,207_baseline_phase_change_run07,baseline,phase_change,1778307057.9032197,/big.txt,99352576,131072,sequential,1.0000,0.0000,0,1,99483648,4096,1,1,0
207,207_baseline_phase_change_run07,baseline,phase_change,1778307057.9053159,/big.txt,99483648,131072,sequential,1.0000,0.0000,0,1,99614720,4096,1,1,0
207,207_baseline_phase_change_run07,baseline,phase_change,1778307057.9090192,/big.txt,99614720,131072,sequential,1.0000,0.0000,0,1,99745792,4096,1,1,0
207,207_baseline_phase_change_run07,baseline,phase_change,1778307057.9132452,/big.txt,99745792,131072,sequential,1.0000,0.0000,0,1,99876864,4096,1,1,0
207,207_baseline_phase_change_run07,baseline,phase_change,1778307057.9174788,/big.txt,99876864,131072,sequential,1.0000,0.0000,0,1,100007936,4096,1,1,0
207,207_baseline_phase_change_run07,baseline,phase_change,1778307057.919617,/big.txt,100007936,131072,sequential,1.0000,0.0000,0,1,100139008,4096,1,1,0
207,207_baseline_phase_change_run07,baseline,phase_change,1778307057.9217262,/big.txt,100139008,131072,sequential,1.0000,0.0000,0,1,100270080,4096,1,1,0
207,207_baseline_phase_change_run07,baseline,phase_change,1778307057.9238915,/big.txt,100270080,131072,sequential,1.0000,0.0000,0,1,100401152,4096,1,1,0
207,207_baseline_phase_change_run07,baseline,phase_change,1778307057.9260201,/big.txt,100401152,131072,sequential,1.0000,0.0000,0,1,100532224,4096,1,1,0
207,207_baseline_phase_change_run07,baseline,phase_change,1778307057.9281785,/big.txt,100532224,131072,sequential,1.0000,0.0000,0,1,100663296,4096,1,1,0
207,207_baseline_phase_change_run07,baseline,phase_change,1778307057.9302814,/big.txt,100663296,131072,sequential,1.0000,0.0000,0,1,100794368,4096,1,1,0
207,207_baseline_phase_change_run07,baseline,phase_change,1778307057.932411,/big.txt,100794368,131072,sequential,1.0000,0.0000,0,1,100925440,4096,1,1,0
207,207_baseline_phase_change_run07,baseline,phase_change,1778307057.9345016,/big.txt,100925440,131072,sequential,1.0000,0.0000,0,1,101056512,4096,1,1,0
207,207_baseline_phase_change_run07,baseline,phase_change,1778307057.9366097,/big.txt,101056512,131072,sequential,1.0000,0.0000,0,1,101187584,4096,1,1,0
207,207_baseline_phase_change_run07,baseline,phase_change,1778307057.9387105,/big.txt,101187584,131072,sequential,1.0000,0.0000,0,1,101318656,4096,1,1,0
207,207_baseline_phase_change_run07,baseline,phase_change,1778307057.9408238,/big.txt,101318656,131072,sequential,1.0000,0.0000,0,1,101449728,4096,1,1,0
207,207_baseline_phase_change_run07,baseline,phase_change,1778307057.9429367,/big.txt,101449728,131072,sequential,1.0000,0.0000,0,1,101580800,4096,1,1,0
207,207_baseline_phase_change_run07,baseline,phase_change,1778307057.945042,/big.txt,101580800,131072,sequential,1.0000,0.0000,0,1,101711872,4096,1,1,0
207,207_baseline_phase_change_run07,baseline,phase_change,1778307057.9472075,/big.txt,101711872,131072,sequential,1.0000,0.0000,0,1,101842944,4096,1,1,0
207,207_baseline_phase_change_run07,baseline,phase_change,1778307057.949327,/big.txt,101842944,131072,sequential,1.0000,0.0000,0,1,101974016,4096,1,1,0
207,207_baseline_phase_change_run07,baseline,phase_change,1778307057.9514446,/big.txt,101974016,131072,sequential,1.0000,0.0000,0,1,102105088,4096,1,1,0
207,207_baseline_phase_change_run07,baseline,phase_change,1778307057.9535403,/big.txt,102105088,131072,sequential,1.0000,0.0000,0,1,102236160,4096,1,1,0
207,207_baseline_phase_change_run07,baseline,phase_change,1778307057.9556513,/big.txt,102236160,131072,sequential,1.0000,0.0000,0,1,102367232,4096,1,1,0
207,207_baseline_phase_change_run07,baseline,phase_change,1778307057.9577627,/big.txt,102367232,131072,sequential,1.0000,0.0000,0,1,102498304,4096,1,1,0
207,207_baseline_phase_change_run07,baseline,phase_change,1778307057.959885,/big.txt,102498304,131072,sequential,1.0000,0.0000,0,1,102629376,4096,1,1,0
207,207_baseline_phase_change_run07,baseline,phase_change,1778307057.9619956,/big.txt,102629376,131072,sequential,1.0000,0.0000,0,1,102760448,4096,1,1,0
207,207_baseline_phase_change_run07,baseline,phase_change,1778307057.964103,/big.txt,102760448,131072,sequential,1.0000,0.0000,0,1,102891520,4096,1,1,0
207,207_baseline_phase_change_run07,baseline,phase_change,1778307057.9661837,/big.txt,102891520,131072,sequential,1.0000,0.0000,0,1,103022592,4096,1,1,0
207,207_baseline_phase_change_run07,baseline,phase_change,1778307057.9683263,/big.txt,103022592,131072,sequential,1.0000,0.0000,0,1,103153664,4096,1,1,0
207,207_baseline_phase_change_run07,baseline,phase_change,1778307057.9704356,/big.txt,103153664,131072,sequential,1.0000,0.0000,0,1,103284736,4096,1,1,0
207,207_baseline_phase_change_run07,baseline,phase_change,1778307057.9725509,/big.txt,103284736,131072,sequential,1.0000,0.0000,0,1,103415808,4096,1,1,0
207,207_baseline_phase_change_run07,baseline,phase_change,1778307057.9746377,/big.txt,103415808,131072,sequential,1.0000,0.0000,0,1,103546880,4096,1,1,0
207,207_baseline_phase_change_run07,baseline,phase_change,1778307057.9767413,/big.txt,103546880,131072,sequential,1.0000,0.0000,0,1,103677952,4096,1,1,0
207,207_baseline_phase_change_run07,baseline,phase_change,1778307057.9789684,/big.txt,103677952,131072,sequential,1.0000,0.0000,0,1,103809024,4096,1,1,0
207,207_baseline_phase_change_run07,baseline,phase_change,1778307057.9810462,/big.txt,103809024,131072,sequential,1.0000,0.0000,0,1,103940096,4096,1,1,0
207,207_baseline_phase_change_run07,baseline,phase_change,1778307057.9831493,/big.txt,103940096,131072,sequential,1.0000,0.0000,0,1,104071168,4096,1,1,0
207,207_baseline_phase_change_run07,baseline,phase_change,1778307057.9852357,/big.txt,104071168,131072,sequential,1.0000,0.0000,0,1,104202240,4096,1,1,0
207,207_baseline_phase_change_run07,baseline,phase_change,1778307057.987366,/big.txt,104202240,131072,sequential,1.0000,0.0000,0,1,104333312,4096,1,1,0
207,207_baseline_phase_change_run07,baseline,phase_change,1778307057.9894443,/big.txt,104333312,131072,sequential,1.0000,0.0000,0,1,104464384,4096,1,1,0
207,207_baseline_phase_change_run07,baseline,phase_change,1778307057.9915516,/big.txt,104464384,131072,sequential,1.0000,0.0000,0,1,104595456,4096,1,1,0
207,207_baseline_phase_change_run07,baseline,phase_change,1778307057.9936414,/big.txt,104595456,131072,sequential,1.0000,0.0000,0,1,104726528,4096,1,1,0
207,207_baseline_phase_change_run07,baseline,phase_change,1778307057.9957578,/big.txt,104726528,131072,sequential,1.0000,0.0000,0,1,104857600,4096,1,1,0
207,207_baseline_phase_change_run07,baseline,phase_change,1778307057.995939,/big.txt,104857600,0,sequential,1.0000,0.0000,0,0,,,1,0,0
207,207_baseline_phase_change_run07,baseline,phase_change,1778307057.9998562,/big.txt,20480,4096,irregular,0.7500,0.2500,104837120,1,24576,4096,1,1,0
207,207_baseline_phase_change_run07,baseline,phase_change,1778307058.003375,/big.txt,491520,4096,irregular,0.5000,0.2500,466944,1,495616,4096,1,1,0
207,207_baseline_phase_change_run07,baseline,phase_change,1778307058.00688,/big.txt,172032,4096,irregular,0.2500,0.2500,323584,1,176128,4096,1,1,0
207,207_baseline_phase_change_run07,baseline,phase_change,1778307058.0103142,/big.txt,1228800,4096,irregular,0.0000,0.2500,1052672,1,1232896,4096,1,1,0
207,207_baseline_phase_change_run07,baseline,phase_change,1778307058.0138893,/big.txt,69632,4096,irregular,0.0000,0.0000,1163264,1,73728,4096,1,1,0
207,207_baseline_phase_change_run07,baseline,phase_change,1778307058.017535,/big.txt,1024000,4096,irregular,0.0000,0.0000,950272,1,1028096,4096,1,1,0
207,207_baseline_phase_change_run07,baseline,phase_change,1778307058.0210223,/big.txt,360448,4096,irregular,0.0000,0.0000,667648,1,364544,4096,1,1,0
207,207_baseline_phase_change_run07,baseline,phase_change,1778307058.0244784,/big.txt,778240,4096,irregular,0.0000,0.0000,413696,1,782336,4096,1,1,0
207,207_baseline_phase_change_run07,baseline,phase_change,1778307058.0280714,/big.txt,245760,4096,irregular,0.0000,0.0000,536576,1,249856,4096,1,1,0
207,207_baseline_phase_change_run07,baseline,phase_change,1778307058.031604,/big.txt,40960,4096,irregular,0.0000,0.0000,208896,1,45056,4096,1,1,0
207,207_baseline_phase_change_run07,baseline,phase_change,1778307058.0351627,/big.txt,1363968,4096,irregular,0.0000,0.0000,1318912,1,1368064,4096,1,1,0
207,207_baseline_phase_change_run07,baseline,phase_change,1778307058.038631,/big.txt,307200,4096,irregular,0.0000,0.0000,1060864,1,311296,4096,1,1,0
207,207_baseline_phase_change_run07,baseline,phase_change,1778307058.0420685,/big.txt,2097152,4096,irregular,0.0000,0.0000,1785856,1,2101248,4096,1,1,0
207,207_baseline_phase_change_run07,baseline,phase_change,1778307058.0456302,/big.txt,819200,4096,irregular,0.0000,0.0000,1282048,1,823296,4096,1,1,0
207,207_baseline_phase_change_run07,baseline,phase_change,1778307058.0491822,/big.txt,1843200,4096,irregular,0.0000,0.0000,1019904,1,1847296,4096,1,1,0
207,207_baseline_phase_change_run07,baseline,phase_change,1778307058.0525827,/big.txt,405504,4096,irregular,0.0000,0.0000,1441792,1,409600,4096,1,1,0
207,207_baseline_phase_change_run07,baseline,phase_change,1778307058.0561275,/big.txt,2457600,4096,irregular,0.0000,0.0000,2048000,1,2461696,4096,1,1,0
207,207_baseline_phase_change_run07,baseline,phase_change,1778307058.060995,/big.txt,614400,4096,irregular,0.0000,0.0000,1847296,1,618496,4096,1,1,0
207,207_baseline_phase_change_run07,baseline,phase_change,1778307058.0633395,/big.txt,2949120,4096,irregular,0.0000,0.0000,2330624,1,2953216,4096,1,1,0
207,207_baseline_phase_change_run07,baseline,phase_change,1778307058.0656211,/big.txt,1556480,4096,irregular,0.0000,0.0000,1396736,1,1560576,4096,1,1,0
207,207_baseline_phase_change_run07,baseline,phase_change,1778307058.067871,/big.txt,102400,4096,irregular,0.0000,0.0000,1458176,1,106496,4096,1,1,0
207,207_baseline_phase_change_run07,baseline,phase_change,1778307058.0701976,/big.txt,1966080,4096,irregular,0.0000,0.0000,1859584,1,1970176,4096,1,1,0
207,207_baseline_phase_change_run07,baseline,phase_change,1778307058.072558,/big.txt,2621440,4096,irregular,0.0000,0.0000,651264,1,2625536,4096,1,1,0
207,207_baseline_phase_change_run07,baseline,phase_change,1778307058.0748186,/big.txt,225280,4096,irregular,0.0000,0.0000,2400256,1,229376,4096,1,1,0
207,207_baseline_phase_change_run07,baseline,phase_change,1778307058.077155,/big.txt,3317760,4096,irregular,0.0000,0.0000,3088384,1,3321856,4096,1,1,0
207,207_baseline_phase_change_run07,baseline,phase_change,1778307058.0794728,/big.txt,0,131072,irregular,0.0000,0.0000,3321856,1,131072,4096,1,1,0
207,207_baseline_phase_change_run07,baseline,phase_change,1778307058.0808692,/big.txt,131072,131072,irregular,0.2500,0.0000,0,1,262144,4096,1,1,0
207,207_baseline_phase_change_run07,baseline,phase_change,1778307058.0822108,/big.txt,262144,131072,irregular,0.5000,0.0000,0,1,393216,4096,1,1,0
207,207_baseline_phase_change_run07,baseline,phase_change,1778307058.0835881,/big.txt,393216,131072,irregular,0.7500,0.0000,0,1,524288,4096,1,1,0
207,207_baseline_phase_change_run07,baseline,phase_change,1778307058.0850074,/big.txt,524288,131072,sequential,1.0000,0.0000,0,1,655360,4096,1,1,0
207,207_baseline_phase_change_run07,baseline,phase_change,1778307058.0864103,/big.txt,655360,131072,sequential,1.0000,0.0000,0,1,786432,4096,1,1,0
207,207_baseline_phase_change_run07,baseline,phase_change,1778307058.0877686,/big.txt,786432,131072,sequential,1.0000,0.0000,0,1,917504,4096,1,1,0
207,207_baseline_phase_change_run07,baseline,phase_change,1778307058.0891545,/big.txt,917504,131072,sequential,1.0000,0.0000,0,1,1048576,4096,1,1,0
207,207_baseline_phase_change_run07,baseline,phase_change,1778307058.0905178,/big.txt,1048576,131072,sequential,1.0000,0.0000,0,1,1179648,4096,1,1,0
207,207_baseline_phase_change_run07,baseline,phase_change,1778307058.0918608,/big.txt,1179648,131072,sequential,1.0000,0.0000,0,1,1310720,4096,1,1,0
207,207_baseline_phase_change_run07,baseline,phase_change,1778307058.0932093,/big.txt,1310720,131072,sequential,1.0000,0.0000,0,1,1441792,4096,1,1,0
207,207_baseline_phase_change_run07,baseline,phase_change,1778307058.0945654,/big.txt,1441792,131072,sequential,1.0000,0.0000,0,1,1572864,4096,1,1,0
207,207_baseline_phase_change_run07,baseline,phase_change,1778307058.0958924,/big.txt,1572864,131072,sequential,1.0000,0.0000,0,1,1703936,4096,1,1,0
207,207_baseline_phase_change_run07,baseline,phase_change,1778307058.0972478,/big.txt,1703936,131072,sequential,1.0000,0.0000,0,1,1835008,4096,1,1,0
207,207_baseline_phase_change_run07,baseline,phase_change,1778307058.0985892,/big.txt,1835008,131072,sequential,1.0000,0.0000,0,1,1966080,4096,1,1,0
207,207_baseline_phase_change_run07,baseline,phase_change,1778307058.099964,/big.txt,1966080,131072,sequential,1.0000,0.0000,0,1,2097152,4096,1,1,0
207,207_baseline_phase_change_run07,baseline,phase_change,1778307058.101308,/big.txt,2097152,131072,sequential,1.0000,0.0000,0,1,2228224,4096,1,1,0
207,207_baseline_phase_change_run07,baseline,phase_change,1778307058.1026604,/big.txt,2228224,131072,sequential,1.0000,0.0000,0,1,2359296,4096,1,1,0
207,207_baseline_phase_change_run07,baseline,phase_change,1778307058.1040313,/big.txt,2359296,131072,sequential,1.0000,0.0000,0,1,2490368,4096,1,1,0
207,207_baseline_phase_change_run07,baseline,phase_change,1778307058.1053731,/big.txt,2490368,131072,sequential,1.0000,0.0000,0,1,2621440,4096,1,1,0
207,207_baseline_phase_change_run07,baseline,phase_change,1778307058.1067111,/big.txt,2621440,131072,sequential,1.0000,0.0000,0,1,2752512,4096,1,1,0
207,207_baseline_phase_change_run07,baseline,phase_change,1778307058.1080952,/big.txt,2752512,131072,sequential,1.0000,0.0000,0,1,2883584,4096,1,1,0
207,207_baseline_phase_change_run07,baseline,phase_change,1778307058.1094308,/big.txt,2883584,131072,sequential,1.0000,0.0000,0,1,3014656,4096,1,1,0
207,207_baseline_phase_change_run07,baseline,phase_change,1778307058.1107812,/big.txt,3014656,131072,sequential,1.0000,0.0000,0,1,3145728,4096,1,1,0
207,207_baseline_phase_change_run07,baseline,phase_change,1778307058.112134,/big.txt,3145728,131072,sequential,1.0000,0.0000,0,1,3276800,4096,1,1,0
207,207_baseline_phase_change_run07,baseline,phase_change,1778307058.1134748,/big.txt,3276800,131072,sequential,1.0000,0.0000,0,1,3407872,4096,1,1,0
207,207_baseline_phase_change_run07,baseline,phase_change,1778307058.114908,/big.txt,3407872,131072,sequential,1.0000,0.0000,0,1,3538944,4096,1,1,0
207,207_baseline_phase_change_run07,baseline,phase_change,1778307058.1176426,/big.txt,3538944,131072,sequential,1.0000,0.0000,0,1,3670016,4096,1,1,0
207,207_baseline_phase_change_run07,baseline,phase_change,1778307058.120339,/big.txt,3670016,131072,sequential,1.0000,0.0000,0,1,3801088,4096,1,1,0
207,207_baseline_phase_change_run07,baseline,phase_change,1778307058.1230228,/big.txt,3801088,131072,sequential,1.0000,0.0000,0,1,3932160,4096,1,1,0
207,207_baseline_phase_change_run07,baseline,phase_change,1778307058.125702,/big.txt,3932160,131072,sequential,1.0000,0.0000,0,1,4063232,4096,1,1,0
207,207_baseline_phase_change_run07,baseline,phase_change,1778307058.127248,/big.txt,4063232,131072,sequential,1.0000,0.0000,0,1,4194304,4096,1,1,0
207,207_baseline_phase_change_run07,baseline,phase_change,1778307058.1285973,/big.txt,4194304,131072,sequential,1.0000,0.0000,0,1,4325376,4096,1,1,0
207,207_baseline_phase_change_run07,baseline,phase_change,1778307058.1299314,/big.txt,4325376,131072,sequential,1.0000,0.0000,0,1,4456448,4096,1,1,0
207,207_baseline_phase_change_run07,baseline,phase_change,1778307058.1312923,/big.txt,4456448,131072,sequential,1.0000,0.0000,0,1,4587520,4096,1,1,0
207,207_baseline_phase_change_run07,baseline,phase_change,1778307058.1326315,/big.txt,4587520,131072,sequential,1.0000,0.0000,0,1,4718592,4096,1,1,0
207,207_baseline_phase_change_run07,baseline,phase_change,1778307058.1339648,/big.txt,4718592,131072,sequential,1.0000,0.0000,0,1,4849664,4096,1,1,0
207,207_baseline_phase_change_run07,baseline,phase_change,1778307058.1353173,/big.txt,4849664,131072,sequential,1.0000,0.0000,0,1,4980736,4096,1,1,0
207,207_baseline_phase_change_run07,baseline,phase_change,1778307058.1366608,/big.txt,4980736,131072,sequential,1.0000,0.0000,0,1,5111808,4096,1,1,0
207,207_baseline_phase_change_run07,baseline,phase_change,1778307058.1379974,/big.txt,5111808,131072,sequential,1.0000,0.0000,0,1,5242880,4096,1,1,0
207,207_baseline_phase_change_run07,baseline,phase_change,1778307058.13935,/big.txt,5242880,131072,sequential,1.0000,0.0000,0,1,5373952,4096,1,1,0
207,207_baseline_phase_change_run07,baseline,phase_change,1778307058.1406877,/big.txt,5373952,131072,sequential,1.0000,0.0000,0,1,5505024,4096,1,1,0
207,207_baseline_phase_change_run07,baseline,phase_change,1778307058.1420345,/big.txt,5505024,131072,sequential,1.0000,0.0000,0,1,5636096,4096,1,1,0
207,207_baseline_phase_change_run07,baseline,phase_change,1778307058.1433864,/big.txt,5636096,131072,sequential,1.0000,0.0000,0,1,5767168,4096,1,1,0
207,207_baseline_phase_change_run07,baseline,phase_change,1778307058.144736,/big.txt,5767168,131072,sequential,1.0000,0.0000,0,1,5898240,4096,1,1,0
207,207_baseline_phase_change_run07,baseline,phase_change,1778307058.1460698,/big.txt,5898240,131072,sequential,1.0000,0.0000,0,1,6029312,4096,1,1,0
207,207_baseline_phase_change_run07,baseline,phase_change,1778307058.1474326,/big.txt,6029312,131072,sequential,1.0000,0.0000,0,1,6160384,4096,1,1,0
207,207_baseline_phase_change_run07,baseline,phase_change,1778307058.1487665,/big.txt,6160384,131072,sequential,1.0000,0.0000,0,1,6291456,4096,1,1,0
207,207_baseline_phase_change_run07,baseline,phase_change,1778307058.1501129,/big.txt,6291456,131072,sequential,1.0000,0.0000,0,1,6422528,4096,1,1,0
207,207_baseline_phase_change_run07,baseline,phase_change,1778307058.1514492,/big.txt,6422528,131072,sequential,1.0000,0.0000,0,1,6553600,4096,1,1,0
207,207_baseline_phase_change_run07,baseline,phase_change,1778307058.152787,/big.txt,6553600,131072,sequential,1.0000,0.0000,0,1,6684672,4096,1,1,0
207,207_baseline_phase_change_run07,baseline,phase_change,1778307058.1541245,/big.txt,6684672,131072,sequential,1.0000,0.0000,0,1,6815744,4096,1,1,0
207,207_baseline_phase_change_run07,baseline,phase_change,1778307058.1554947,/big.txt,6815744,131072,sequential,1.0000,0.0000,0,1,6946816,4096,1,1,0
207,207_baseline_phase_change_run07,baseline,phase_change,1778307058.1568453,/big.txt,6946816,131072,sequential,1.0000,0.0000,0,1,7077888,4096,1,1,0
207,207_baseline_phase_change_run07,baseline,phase_change,1778307058.1581922,/big.txt,7077888,131072,sequential,1.0000,0.0000,0,1,7208960,4096,1,1,0
207,207_baseline_phase_change_run07,baseline,phase_change,1778307058.1595526,/big.txt,7208960,131072,sequential,1.0000,0.0000,0,1,7340032,4096,1,1,0
207,207_baseline_phase_change_run07,baseline,phase_change,1778307058.160889,/big.txt,7340032,131072,sequential,1.0000,0.0000,0,1,7471104,4096,1,1,0
207,207_baseline_phase_change_run07,baseline,phase_change,1778307058.162225,/big.txt,7471104,131072,sequential,1.0000,0.0000,0,1,7602176,4096,1,1,0
207,207_baseline_phase_change_run07,baseline,phase_change,1778307058.163572,/big.txt,7602176,131072,sequential,1.0000,0.0000,0,1,7733248,4096,1,1,0
207,207_baseline_phase_change_run07,baseline,phase_change,1778307058.1649191,/big.txt,7733248,131072,sequential,1.0000,0.0000,0,1,7864320,4096,1,1,0
207,207_baseline_phase_change_run07,baseline,phase_change,1778307058.1662695,/big.txt,7864320,131072,sequential,1.0000,0.0000,0,1,7995392,4096,1,1,0
207,207_baseline_phase_change_run07,baseline,phase_change,1778307058.1676328,/big.txt,7995392,131072,sequential,1.0000,0.0000,0,1,8126464,4096,1,1,0
207,207_baseline_phase_change_run07,baseline,phase_change,1778307058.1689715,/big.txt,8126464,131072,sequential,1.0000,0.0000,0,1,8257536,4096,1,1,0
207,207_baseline_phase_change_run07,baseline,phase_change,1778307058.1703076,/big.txt,8257536,131072,sequential,1.0000,0.0000,0,1,8388608,4096,1,1,0
207,207_baseline_phase_change_run07,baseline,phase_change,1778307058.1716688,/big.txt,8388608,131072,sequential,1.0000,0.0000,0,1,8519680,4096,1,1,0
207,207_baseline_phase_change_run07,baseline,phase_change,1778307058.1730251,/big.txt,8519680,131072,sequential,1.0000,0.0000,0,1,8650752,4096,1,1,0
207,207_baseline_phase_change_run07,baseline,phase_change,1778307058.1743677,/big.txt,8650752,131072,sequential,1.0000,0.0000,0,1,8781824,4096,1,1,0
207,207_baseline_phase_change_run07,baseline,phase_change,1778307058.175723,/big.txt,8781824,131072,sequential,1.0000,0.0000,0,1,8912896,4096,1,1,0
207,207_baseline_phase_change_run07,baseline,phase_change,1778307058.1770966,/big.txt,8912896,131072,sequential,1.0000,0.0000,0,1,9043968,4096,1,1,0
207,207_baseline_phase_change_run07,baseline,phase_change,1778307058.1784563,/big.txt,9043968,131072,sequential,1.0000,0.0000,0,1,9175040,4096,1,1,0
207,207_baseline_phase_change_run07,baseline,phase_change,1778307058.17978,/big.txt,9175040,131072,sequential,1.0000,0.0000,0,1,9306112,4096,1,1,0
207,207_baseline_phase_change_run07,baseline,phase_change,1778307058.1811209,/big.txt,9306112,131072,sequential,1.0000,0.0000,0,1,9437184,4096,1,1,0
207,207_baseline_phase_change_run07,baseline,phase_change,1778307058.1824713,/big.txt,9437184,131072,sequential,1.0000,0.0000,0,1,9568256,4096,1,1,0
207,207_baseline_phase_change_run07,baseline,phase_change,1778307058.1837957,/big.txt,9568256,131072,sequential,1.0000,0.0000,0,1,9699328,4096,1,1,0
207,207_baseline_phase_change_run07,baseline,phase_change,1778307058.1851273,/big.txt,9699328,131072,sequential,1.0000,0.0000,0,1,9830400,4096,1,1,0
207,207_baseline_phase_change_run07,baseline,phase_change,1778307058.1864653,/big.txt,9830400,131072,sequential,1.0000,0.0000,0,1,9961472,4096,1,1,0
207,207_baseline_phase_change_run07,baseline,phase_change,1778307058.187806,/big.txt,9961472,131072,sequential,1.0000,0.0000,0,1,10092544,4096,1,1,0
207,207_baseline_phase_change_run07,baseline,phase_change,1778307058.1891499,/big.txt,10092544,131072,sequential,1.0000,0.0000,0,1,10223616,4096,1,1,0
207,207_baseline_phase_change_run07,baseline,phase_change,1778307058.1904945,/big.txt,10223616,131072,sequential,1.0000,0.0000,0,1,10354688,4096,1,1,0
207,207_baseline_phase_change_run07,baseline,phase_change,1778307058.191839,/big.txt,10354688,131072,sequential,1.0000,0.0000,0,1,10485760,4096,1,1,0
207,207_baseline_phase_change_run07,baseline,phase_change,1778307058.1931841,/big.txt,10485760,131072,sequential,1.0000,0.0000,0,1,10616832,4096,1,1,0
207,207_baseline_phase_change_run07,baseline,phase_change,1778307058.1945262,/big.txt,10616832,131072,sequential,1.0000,0.0000,0,1,10747904,4096,1,1,0
207,207_baseline_phase_change_run07,baseline,phase_change,1778307058.1958888,/big.txt,10747904,131072,sequential,1.0000,0.0000,0,1,10878976,4096,1,1,0
207,207_baseline_phase_change_run07,baseline,phase_change,1778307058.1972353,/big.txt,10878976,131072,sequential,1.0000,0.0000,0,1,11010048,4096,1,1,0
207,207_baseline_phase_change_run07,baseline,phase_change,1778307058.1985822,/big.txt,11010048,131072,sequential,1.0000,0.0000,0,1,11141120,4096,1,1,0
207,207_baseline_phase_change_run07,baseline,phase_change,1778307058.1999037,/big.txt,11141120,131072,sequential,1.0000,0.0000,0,1,11272192,4096,1,1,0
207,207_baseline_phase_change_run07,baseline,phase_change,1778307058.2012496,/big.txt,11272192,131072,sequential,1.0000,0.0000,0,1,11403264,4096,1,1,0
207,207_baseline_phase_change_run07,baseline,phase_change,1778307058.202596,/big.txt,11403264,131072,sequential,1.0000,0.0000,0,1,11534336,4096,1,1,0
207,207_baseline_phase_change_run07,baseline,phase_change,1778307058.2039182,/big.txt,11534336,131072,sequential,1.0000,0.0000,0,1,11665408,4096,1,1,0
207,207_baseline_phase_change_run07,baseline,phase_change,1778307058.2052557,/big.txt,11665408,131072,sequential,1.0000,0.0000,0,1,11796480,4096,1,1,0
207,207_baseline_phase_change_run07,baseline,phase_change,1778307058.2066061,/big.txt,11796480,131072,sequential,1.0000,0.0000,0,1,11927552,4096,1,1,0
207,207_baseline_phase_change_run07,baseline,phase_change,1778307058.2079458,/big.txt,11927552,131072,sequential,1.0000,0.0000,0,1,12058624,4096,1,1,0
207,207_baseline_phase_change_run07,baseline,phase_change,1778307058.2092805,/big.txt,12058624,131072,sequential,1.0000,0.0000,0,1,12189696,4096,1,1,0
207,207_baseline_phase_change_run07,baseline,phase_change,1778307058.2106345,/big.txt,12189696,131072,sequential,1.0000,0.0000,0,1,12320768,4096,1,1,0
207,207_baseline_phase_change_run07,baseline,phase_change,1778307058.211993,/big.txt,12320768,131072,sequential,1.0000,0.0000,0,1,12451840,4096,1,1,0
207,207_baseline_phase_change_run07,baseline,phase_change,1778307058.2133603,/big.txt,12451840,131072,sequential,1.0000,0.0000,0,1,12582912,4096,1,1,0
207,207_baseline_phase_change_run07,baseline,phase_change,1778307058.2147052,/big.txt,12582912,131072,sequential,1.0000,0.0000,0,1,12713984,4096,1,1,0
207,207_baseline_phase_change_run07,baseline,phase_change,1778307058.2161126,/big.txt,12713984,131072,sequential,1.0000,0.0000,0,1,12845056,4096,1,1,0
207,207_baseline_phase_change_run07,baseline,phase_change,1778307058.2174613,/big.txt,12845056,131072,sequential,1.0000,0.0000,0,1,12976128,4096,1,1,0
207,207_baseline_phase_change_run07,baseline,phase_change,1778307058.21881,/big.txt,12976128,131072,sequential,1.0000,0.0000,0,1,13107200,4096,1,1,0
207,207_baseline_phase_change_run07,baseline,phase_change,1778307058.220156,/big.txt,13107200,131072,sequential,1.0000,0.0000,0,1,13238272,4096,1,1,0
207,207_baseline_phase_change_run07,baseline,phase_change,1778307058.2214973,/big.txt,13238272,131072,sequential,1.0000,0.0000,0,1,13369344,4096,1,1,0
207,207_baseline_phase_change_run07,baseline,phase_change,1778307058.2228403,/big.txt,13369344,131072,sequential,1.0000,0.0000,0,1,13500416,4096,1,1,0
207,207_baseline_phase_change_run07,baseline,phase_change,1778307058.2241826,/big.txt,13500416,131072,sequential,1.0000,0.0000,0,1,13631488,4096,1,1,0
207,207_baseline_phase_change_run07,baseline,phase_change,1778307058.2255337,/big.txt,13631488,131072,sequential,1.0000,0.0000,0,1,13762560,4096,1,1,0
207,207_baseline_phase_change_run07,baseline,phase_change,1778307058.2269955,/big.txt,13762560,131072,sequential,1.0000,0.0000,0,1,13893632,4096,1,1,0
207,207_baseline_phase_change_run07,baseline,phase_change,1778307058.2297013,/big.txt,13893632,131072,sequential,1.0000,0.0000,0,1,14024704,4096,1,1,0
207,207_baseline_phase_change_run07,baseline,phase_change,1778307058.232391,/big.txt,14024704,131072,sequential,1.0000,0.0000,0,1,14155776,4096,1,1,0
207,207_baseline_phase_change_run07,baseline,phase_change,1778307058.2350955,/big.txt,14155776,131072,sequential,1.0000,0.0000,0,1,14286848,4096,1,1,0
207,207_baseline_phase_change_run07,baseline,phase_change,1778307058.237763,/big.txt,14286848,131072,sequential,1.0000,0.0000,0,1,14417920,4096,1,1,0
207,207_baseline_phase_change_run07,baseline,phase_change,1778307058.2392342,/big.txt,14417920,131072,sequential,1.0000,0.0000,0,1,14548992,4096,1,1,0
207,207_baseline_phase_change_run07,baseline,phase_change,1778307058.240575,/big.txt,14548992,131072,sequential,1.0000,0.0000,0,1,14680064,4096,1,1,0
207,207_baseline_phase_change_run07,baseline,phase_change,1778307058.2419395,/big.txt,14680064,131072,sequential,1.0000,0.0000,0,1,14811136,4096,1,1,0
207,207_baseline_phase_change_run07,baseline,phase_change,1778307058.243293,/big.txt,14811136,131072,sequential,1.0000,0.0000,0,1,14942208,4096,1,1,0
207,207_baseline_phase_change_run07,baseline,phase_change,1778307058.2446373,/big.txt,14942208,131072,sequential,1.0000,0.0000,0,1,15073280,4096,1,1,0
207,207_baseline_phase_change_run07,baseline,phase_change,1778307058.2459788,/big.txt,15073280,131072,sequential,1.0000,0.0000,0,1,15204352,4096,1,1,0
207,207_baseline_phase_change_run07,baseline,phase_change,1778307058.247324,/big.txt,15204352,131072,sequential,1.0000,0.0000,0,1,15335424,4096,1,1,0
207,207_baseline_phase_change_run07,baseline,phase_change,1778307058.2486596,/big.txt,15335424,131072,sequential,1.0000,0.0000,0,1,15466496,4096,1,1,0
207,207_baseline_phase_change_run07,baseline,phase_change,1778307058.250006,/big.txt,15466496,131072,sequential,1.0000,0.0000,0,1,15597568,4096,1,1,0
207,207_baseline_phase_change_run07,baseline,phase_change,1778307058.251369,/big.txt,15597568,131072,sequential,1.0000,0.0000,0,1,15728640,4096,1,1,0
207,207_baseline_phase_change_run07,baseline,phase_change,1778307058.252724,/big.txt,15728640,131072,sequential,1.0000,0.0000,0,1,15859712,4096,1,1,0
207,207_baseline_phase_change_run07,baseline,phase_change,1778307058.2540605,/big.txt,15859712,131072,sequential,1.0000,0.0000,0,1,15990784,4096,1,1,0
207,207_baseline_phase_change_run07,baseline,phase_change,1778307058.255429,/big.txt,15990784,131072,sequential,1.0000,0.0000,0,1,16121856,4096,1,1,0
207,207_baseline_phase_change_run07,baseline,phase_change,1778307058.2567704,/big.txt,16121856,131072,sequential,1.0000,0.0000,0,1,16252928,4096,1,1,0
207,207_baseline_phase_change_run07,baseline,phase_change,1778307058.2581213,/big.txt,16252928,131072,sequential,1.0000,0.0000,0,1,16384000,4096,1,1,0
207,207_baseline_phase_change_run07,baseline,phase_change,1778307058.2594817,/big.txt,16384000,131072,sequential,1.0000,0.0000,0,1,16515072,4096,1,1,0
207,207_baseline_phase_change_run07,baseline,phase_change,1778307058.2608378,/big.txt,16515072,131072,sequential,1.0000,0.0000,0,1,16646144,4096,1,1,0
207,207_baseline_phase_change_run07,baseline,phase_change,1778307058.2621868,/big.txt,16646144,131072,sequential,1.0000,0.0000,0,1,16777216,4096,1,1,0
207,207_baseline_phase_change_run07,baseline,phase_change,1778307058.2635424,/big.txt,16777216,131072,sequential,1.0000,0.0000,0,1,16908288,4096,1,1,0
207,207_baseline_phase_change_run07,baseline,phase_change,1778307058.2648911,/big.txt,16908288,131072,sequential,1.0000,0.0000,0,1,17039360,4096,1,1,0
207,207_baseline_phase_change_run07,baseline,phase_change,1778307058.2662346,/big.txt,17039360,131072,sequential,1.0000,0.0000,0,1,17170432,4096,1,1,0
207,207_baseline_phase_change_run07,baseline,phase_change,1778307058.267594,/big.txt,17170432,131072,sequential,1.0000,0.0000,0,1,17301504,4096,1,1,0
207,207_baseline_phase_change_run07,baseline,phase_change,1778307058.2689328,/big.txt,17301504,131072,sequential,1.0000,0.0000,0,1,17432576,4096,1,1,0
207,207_baseline_phase_change_run07,baseline,phase_change,1778307058.2702737,/big.txt,17432576,131072,sequential,1.0000,0.0000,0,1,17563648,4096,1,1,0
207,207_baseline_phase_change_run07,baseline,phase_change,1778307058.271625,/big.txt,17563648,131072,sequential,1.0000,0.0000,0,1,17694720,4096,1,1,0
207,207_baseline_phase_change_run07,baseline,phase_change,1778307058.2729657,/big.txt,17694720,131072,sequential,1.0000,0.0000,0,1,17825792,4096,1,1,0
207,207_baseline_phase_change_run07,baseline,phase_change,1778307058.274321,/big.txt,17825792,131072,sequential,1.0000,0.0000,0,1,17956864,4096,1,1,0
207,207_baseline_phase_change_run07,baseline,phase_change,1778307058.27572,/big.txt,17956864,131072,sequential,1.0000,0.0000,0,1,18087936,4096,1,1,0
207,207_baseline_phase_change_run07,baseline,phase_change,1778307058.2770746,/big.txt,18087936,131072,sequential,1.0000,0.0000,0,1,18219008,4096,1,1,0
207,207_baseline_phase_change_run07,baseline,phase_change,1778307058.2784338,/big.txt,18219008,131072,sequential,1.0000,0.0000,0,1,18350080,4096,1,1,0
207,207_baseline_phase_change_run07,baseline,phase_change,1778307058.27979,/big.txt,18350080,131072,sequential,1.0000,0.0000,0,1,18481152,4096,1,1,0
207,207_baseline_phase_change_run07,baseline,phase_change,1778307058.281182,/big.txt,18481152,131072,sequential,1.0000,0.0000,0,1,18612224,4096,1,1,0
207,207_baseline_phase_change_run07,baseline,phase_change,1778307058.282554,/big.txt,18612224,131072,sequential,1.0000,0.0000,0,1,18743296,4096,1,1,0
207,207_baseline_phase_change_run07,baseline,phase_change,1778307058.283894,/big.txt,18743296,131072,sequential,1.0000,0.0000,0,1,18874368,4096,1,1,0
207,207_baseline_phase_change_run07,baseline,phase_change,1778307058.2852464,/big.txt,18874368,131072,sequential,1.0000,0.0000,0,1,19005440,4096,1,1,0
207,207_baseline_phase_change_run07,baseline,phase_change,1778307058.2865975,/big.txt,19005440,131072,sequential,1.0000,0.0000,0,1,19136512,4096,1,1,0
207,207_baseline_phase_change_run07,baseline,phase_change,1778307058.2879238,/big.txt,19136512,131072,sequential,1.0000,0.0000,0,1,19267584,4096,1,1,0
207,207_baseline_phase_change_run07,baseline,phase_change,1778307058.289291,/big.txt,19267584,131072,sequential,1.0000,0.0000,0,1,19398656,4096,1,1,0
207,207_baseline_phase_change_run07,baseline,phase_change,1778307058.2906477,/big.txt,19398656,131072,sequential,1.0000,0.0000,0,1,19529728,4096,1,1,0
207,207_baseline_phase_change_run07,baseline,phase_change,1778307058.2919772,/big.txt,19529728,131072,sequential,1.0000,0.0000,0,1,19660800,4096,1,1,0
207,207_baseline_phase_change_run07,baseline,phase_change,1778307058.293331,/big.txt,19660800,131072,sequential,1.0000,0.0000,0,1,19791872,4096,1,1,0
207,207_baseline_phase_change_run07,baseline,phase_change,1778307058.2946718,/big.txt,19791872,131072,sequential,1.0000,0.0000,0,1,19922944,4096,1,1,0
207,207_baseline_phase_change_run07,baseline,phase_change,1778307058.2960134,/big.txt,19922944,131072,sequential,1.0000,0.0000,0,1,20054016,4096,1,1,0
207,207_baseline_phase_change_run07,baseline,phase_change,1778307058.2973526,/big.txt,20054016,131072,sequential,1.0000,0.0000,0,1,20185088,4096,1,1,0
207,207_baseline_phase_change_run07,baseline,phase_change,1778307058.298709,/big.txt,20185088,131072,sequential,1.0000,0.0000,0,1,20316160,4096,1,1,0
207,207_baseline_phase_change_run07,baseline,phase_change,1778307058.3001049,/big.txt,20316160,131072,sequential,1.0000,0.0000,0,1,20447232,4096,1,1,0
207,207_baseline_phase_change_run07,baseline,phase_change,1778307058.3014596,/big.txt,20447232,131072,sequential,1.0000,0.0000,0,1,20578304,4096,1,1,0
207,207_baseline_phase_change_run07,baseline,phase_change,1778307058.3028138,/big.txt,20578304,131072,sequential,1.0000,0.0000,0,1,20709376,4096,1,1,0
207,207_baseline_phase_change_run07,baseline,phase_change,1778307058.30416,/big.txt,20709376,131072,sequential,1.0000,0.0000,0,1,20840448,4096,1,1,0
207,207_baseline_phase_change_run07,baseline,phase_change,1778307058.3055155,/big.txt,20840448,131072,sequential,1.0000,0.0000,0,1,20971520,4096,1,1,0
207,207_baseline_phase_change_run07,baseline,phase_change,1778307058.3068726,/big.txt,20971520,131072,sequential,1.0000,0.0000,0,1,21102592,4096,1,1,0
207,207_baseline_phase_change_run07,baseline,phase_change,1778307058.308219,/big.txt,21102592,131072,sequential,1.0000,0.0000,0,1,21233664,4096,1,1,0
207,207_baseline_phase_change_run07,baseline,phase_change,1778307058.309576,/big.txt,21233664,131072,sequential,1.0000,0.0000,0,1,21364736,4096,1,1,0
207,207_baseline_phase_change_run07,baseline,phase_change,1778307058.3109508,/big.txt,21364736,131072,sequential,1.0000,0.0000,0,1,21495808,4096,1,1,0
207,207_baseline_phase_change_run07,baseline,phase_change,1778307058.3122962,/big.txt,21495808,131072,sequential,1.0000,0.0000,0,1,21626880,4096,1,1,0
207,207_baseline_phase_change_run07,baseline,phase_change,1778307058.3136382,/big.txt,21626880,131072,sequential,1.0000,0.0000,0,1,21757952,4096,1,1,0
207,207_baseline_phase_change_run07,baseline,phase_change,1778307058.3149989,/big.txt,21757952,131072,sequential,1.0000,0.0000,0,1,21889024,4096,1,1,0
207,207_baseline_phase_change_run07,baseline,phase_change,1778307058.3163445,/big.txt,21889024,131072,sequential,1.0000,0.0000,0,1,22020096,4096,1,1,0
207,207_baseline_phase_change_run07,baseline,phase_change,1778307058.3176968,/big.txt,22020096,131072,sequential,1.0000,0.0000,0,1,22151168,4096,1,1,0
207,207_baseline_phase_change_run07,baseline,phase_change,1778307058.3190396,/big.txt,22151168,131072,sequential,1.0000,0.0000,0,1,22282240,4096,1,1,0
207,207_baseline_phase_change_run07,baseline,phase_change,1778307058.3203843,/big.txt,22282240,131072,sequential,1.0000,0.0000,0,1,22413312,4096,1,1,0
207,207_baseline_phase_change_run07,baseline,phase_change,1778307058.321725,/big.txt,22413312,131072,sequential,1.0000,0.0000,0,1,22544384,4096,1,1,0
207,207_baseline_phase_change_run07,baseline,phase_change,1778307058.3230808,/big.txt,22544384,131072,sequential,1.0000,0.0000,0,1,22675456,4096,1,1,0
207,207_baseline_phase_change_run07,baseline,phase_change,1778307058.3244183,/big.txt,22675456,131072,sequential,1.0000,0.0000,0,1,22806528,4096,1,1,0
207,207_baseline_phase_change_run07,baseline,phase_change,1778307058.3257804,/big.txt,22806528,131072,sequential,1.0000,0.0000,0,1,22937600,4096,1,1,0
207,207_baseline_phase_change_run07,baseline,phase_change,1778307058.3271291,/big.txt,22937600,131072,sequential,1.0000,0.0000,0,1,23068672,4096,1,1,0
207,207_baseline_phase_change_run07,baseline,phase_change,1778307058.3284798,/big.txt,23068672,131072,sequential,1.0000,0.0000,0,1,23199744,4096,1,1,0
207,207_baseline_phase_change_run07,baseline,phase_change,1778307058.329829,/big.txt,23199744,131072,sequential,1.0000,0.0000,0,1,23330816,4096,1,1,0
207,207_baseline_phase_change_run07,baseline,phase_change,1778307058.3312867,/big.txt,23330816,131072,sequential,1.0000,0.0000,0,1,23461888,4096,1,1,0
207,207_baseline_phase_change_run07,baseline,phase_change,1778307058.3326302,/big.txt,23461888,131072,sequential,1.0000,0.0000,0,1,23592960,4096,1,1,0
207,207_baseline_phase_change_run07,baseline,phase_change,1778307058.3339763,/big.txt,23592960,131072,sequential,1.0000,0.0000,0,1,23724032,4096,1,1,0
207,207_baseline_phase_change_run07,baseline,phase_change,1778307058.3353536,/big.txt,23724032,131072,sequential,1.0000,0.0000,0,1,23855104,4096,1,1,0
207,207_baseline_phase_change_run07,baseline,phase_change,1778307058.3366985,/big.txt,23855104,131072,sequential,1.0000,0.0000,0,1,23986176,4096,1,1,0
207,207_baseline_phase_change_run07,baseline,phase_change,1778307058.3380551,/big.txt,23986176,131072,sequential,1.0000,0.0000,0,1,24117248,4096,1,1,0
207,207_baseline_phase_change_run07,baseline,phase_change,1778307058.3394074,/big.txt,24117248,131072,sequential,1.0000,0.0000,0,1,24248320,4096,1,1,0
207,207_baseline_phase_change_run07,baseline,phase_change,1778307058.3407595,/big.txt,24248320,131072,sequential,1.0000,0.0000,0,1,24379392,4096,1,1,0
207,207_baseline_phase_change_run07,baseline,phase_change,1778307058.3421016,/big.txt,24379392,131072,sequential,1.0000,0.0000,0,1,24510464,4096,1,1,0
207,207_baseline_phase_change_run07,baseline,phase_change,1778307058.3434808,/big.txt,24510464,131072,sequential,1.0000,0.0000,0,1,24641536,4096,1,1,0
207,207_baseline_phase_change_run07,baseline,phase_change,1778307058.3448257,/big.txt,24641536,131072,sequential,1.0000,0.0000,0,1,24772608,4096,1,1,0
207,207_baseline_phase_change_run07,baseline,phase_change,1778307058.346177,/big.txt,24772608,131072,sequential,1.0000,0.0000,0,1,24903680,4096,1,1,0
207,207_baseline_phase_change_run07,baseline,phase_change,1778307058.3475387,/big.txt,24903680,131072,sequential,1.0000,0.0000,0,1,25034752,4096,1,1,0
207,207_baseline_phase_change_run07,baseline,phase_change,1778307058.3488777,/big.txt,25034752,131072,sequential,1.0000,0.0000,0,1,25165824,4096,1,1,0
207,207_baseline_phase_change_run07,baseline,phase_change,1778307058.3502276,/big.txt,25165824,131072,sequential,1.0000,0.0000,0,1,25296896,4096,1,1,0
207,207_baseline_phase_change_run07,baseline,phase_change,1778307058.3515806,/big.txt,25296896,131072,sequential,1.0000,0.0000,0,1,25427968,4096,1,1,0
207,207_baseline_phase_change_run07,baseline,phase_change,1778307058.35292,/big.txt,25427968,131072,sequential,1.0000,0.0000,0,1,25559040,4096,1,1,0
207,207_baseline_phase_change_run07,baseline,phase_change,1778307058.35427,/big.txt,25559040,131072,sequential,1.0000,0.0000,0,1,25690112,4096,1,1,0
207,207_baseline_phase_change_run07,baseline,phase_change,1778307058.3556275,/big.txt,25690112,131072,sequential,1.0000,0.0000,0,1,25821184,4096,1,1,0
207,207_baseline_phase_change_run07,baseline,phase_change,1778307058.3569937,/big.txt,25821184,131072,sequential,1.0000,0.0000,0,1,25952256,4096,1,1,0
207,207_baseline_phase_change_run07,baseline,phase_change,1778307058.3583505,/big.txt,25952256,131072,sequential,1.0000,0.0000,0,1,26083328,4096,1,1,0
207,207_baseline_phase_change_run07,baseline,phase_change,1778307058.3597512,/big.txt,26083328,131072,sequential,1.0000,0.0000,0,1,26214400,4096,1,1,0
207,207_baseline_phase_change_run07,baseline,phase_change,1778307058.3611066,/big.txt,26214400,131072,sequential,1.0000,0.0000,0,1,26345472,4096,1,1,0
207,207_baseline_phase_change_run07,baseline,phase_change,1778307058.36247,/big.txt,26345472,131072,sequential,1.0000,0.0000,0,1,26476544,4096,1,1,0
207,207_baseline_phase_change_run07,baseline,phase_change,1778307058.3638237,/big.txt,26476544,131072,sequential,1.0000,0.0000,0,1,26607616,4096,1,1,0
207,207_baseline_phase_change_run07,baseline,phase_change,1778307058.365186,/big.txt,26607616,131072,sequential,1.0000,0.0000,0,1,26738688,4096,1,1,0
207,207_baseline_phase_change_run07,baseline,phase_change,1778307058.3665347,/big.txt,26738688,131072,sequential,1.0000,0.0000,0,1,26869760,4096,1,1,0
207,207_baseline_phase_change_run07,baseline,phase_change,1778307058.3678665,/big.txt,26869760,131072,sequential,1.0000,0.0000,0,1,27000832,4096,1,1,0
207,207_baseline_phase_change_run07,baseline,phase_change,1778307058.3692148,/big.txt,27000832,131072,sequential,1.0000,0.0000,0,1,27131904,4096,1,1,0
207,207_baseline_phase_change_run07,baseline,phase_change,1778307058.3705544,/big.txt,27131904,131072,sequential,1.0000,0.0000,0,1,27262976,4096,1,1,0
207,207_baseline_phase_change_run07,baseline,phase_change,1778307058.3718855,/big.txt,27262976,131072,sequential,1.0000,0.0000,0,1,27394048,4096,1,1,0
207,207_baseline_phase_change_run07,baseline,phase_change,1778307058.3732383,/big.txt,27394048,131072,sequential,1.0000,0.0000,0,1,27525120,4096,1,1,0
207,207_baseline_phase_change_run07,baseline,phase_change,1778307058.3745859,/big.txt,27525120,131072,sequential,1.0000,0.0000,0,1,27656192,4096,1,1,0
207,207_baseline_phase_change_run07,baseline,phase_change,1778307058.3758955,/big.txt,27656192,131072,sequential,1.0000,0.0000,0,1,27787264,4096,1,1,0
207,207_baseline_phase_change_run07,baseline,phase_change,1778307058.3772411,/big.txt,27787264,131072,sequential,1.0000,0.0000,0,1,27918336,4096,1,1,0
207,207_baseline_phase_change_run07,baseline,phase_change,1778307058.3785841,/big.txt,27918336,131072,sequential,1.0000,0.0000,0,1,28049408,4096,1,1,0
207,207_baseline_phase_change_run07,baseline,phase_change,1778307058.3799026,/big.txt,28049408,131072,sequential,1.0000,0.0000,0,1,28180480,4096,1,1,0
207,207_baseline_phase_change_run07,baseline,phase_change,1778307058.3812466,/big.txt,28180480,131072,sequential,1.0000,0.0000,0,1,28311552,4096,1,1,0
207,207_baseline_phase_change_run07,baseline,phase_change,1778307058.3825924,/big.txt,28311552,131072,sequential,1.0000,0.0000,0,1,28442624,4096,1,1,0
207,207_baseline_phase_change_run07,baseline,phase_change,1778307058.3839242,/big.txt,28442624,131072,sequential,1.0000,0.0000,0,1,28573696,4096,1,1,0
207,207_baseline_phase_change_run07,baseline,phase_change,1778307058.3852534,/big.txt,28573696,131072,sequential,1.0000,0.0000,0,1,28704768,4096,1,1,0
207,207_baseline_phase_change_run07,baseline,phase_change,1778307058.3865921,/big.txt,28704768,131072,sequential,1.0000,0.0000,0,1,28835840,4096,1,1,0
207,207_baseline_phase_change_run07,baseline,phase_change,1778307058.38792,/big.txt,28835840,131072,sequential,1.0000,0.0000,0,1,28966912,4096,1,1,0
207,207_baseline_phase_change_run07,baseline,phase_change,1778307058.389249,/big.txt,28966912,131072,sequential,1.0000,0.0000,0,1,29097984,4096,1,1,0
207,207_baseline_phase_change_run07,baseline,phase_change,1778307058.390605,/big.txt,29097984,131072,sequential,1.0000,0.0000,0,1,29229056,4096,1,1,0
207,207_baseline_phase_change_run07,baseline,phase_change,1778307058.3919294,/big.txt,29229056,131072,sequential,1.0000,0.0000,0,1,29360128,4096,1,1,0
207,207_baseline_phase_change_run07,baseline,phase_change,1778307058.3932734,/big.txt,29360128,131072,sequential,1.0000,0.0000,0,1,29491200,4096,1,1,0
207,207_baseline_phase_change_run07,baseline,phase_change,1778307058.3946192,/big.txt,29491200,131072,sequential,1.0000,0.0000,0,1,29622272,4096,1,1,0
207,207_baseline_phase_change_run07,baseline,phase_change,1778307058.3960447,/big.txt,29622272,131072,sequential,1.0000,0.0000,0,1,29753344,4096,1,1,0
207,207_baseline_phase_change_run07,baseline,phase_change,1778307058.3974047,/big.txt,29753344,131072,sequential,1.0000,0.0000,0,1,29884416,4096,1,1,0
207,207_baseline_phase_change_run07,baseline,phase_change,1778307058.3987644,/big.txt,29884416,131072,sequential,1.0000,0.0000,0,1,30015488,4096,1,1,0
207,207_baseline_phase_change_run07,baseline,phase_change,1778307058.4000986,/big.txt,30015488,131072,sequential,1.0000,0.0000,0,1,30146560,4096,1,1,0
207,207_baseline_phase_change_run07,baseline,phase_change,1778307058.401438,/big.txt,30146560,131072,sequential,1.0000,0.0000,0,1,30277632,4096,1,1,0
207,207_baseline_phase_change_run07,baseline,phase_change,1778307058.4027789,/big.txt,30277632,131072,sequential,1.0000,0.0000,0,1,30408704,4096,1,1,0
207,207_baseline_phase_change_run07,baseline,phase_change,1778307058.4040918,/big.txt,30408704,131072,sequential,1.0000,0.0000,0,1,30539776,4096,1,1,0
207,207_baseline_phase_change_run07,baseline,phase_change,1778307058.405454,/big.txt,30539776,131072,sequential,1.0000,0.0000,0,1,30670848,4096,1,1,0
207,207_baseline_phase_change_run07,baseline,phase_change,1778307058.4068127,/big.txt,30670848,131072,sequential,1.0000,0.0000,0,1,30801920,4096,1,1,0
207,207_baseline_phase_change_run07,baseline,phase_change,1778307058.4081998,/big.txt,30801920,131072,sequential,1.0000,0.0000,0,1,30932992,4096,1,1,0
207,207_baseline_phase_change_run07,baseline,phase_change,1778307058.409562,/big.txt,30932992,131072,sequential,1.0000,0.0000,0,1,31064064,4096,1,1,0
207,207_baseline_phase_change_run07,baseline,phase_change,1778307058.410975,/big.txt,31064064,131072,sequential,1.0000,0.0000,0,1,31195136,4096,1,1,0
207,207_baseline_phase_change_run07,baseline,phase_change,1778307058.4123163,/big.txt,31195136,131072,sequential,1.0000,0.0000,0,1,31326208,4096,1,1,0
207,207_baseline_phase_change_run07,baseline,phase_change,1778307058.4136598,/big.txt,31326208,131072,sequential,1.0000,0.0000,0,1,31457280,4096,1,1,0
207,207_baseline_phase_change_run07,baseline,phase_change,1778307058.415004,/big.txt,31457280,131072,sequential,1.0000,0.0000,0,1,31588352,4096,1,1,0
207,207_baseline_phase_change_run07,baseline,phase_change,1778307058.4163504,/big.txt,31588352,131072,sequential,1.0000,0.0000,0,1,31719424,4096,1,1,0
207,207_baseline_phase_change_run07,baseline,phase_change,1778307058.4176857,/big.txt,31719424,131072,sequential,1.0000,0.0000,0,1,31850496,4096,1,1,0
207,207_baseline_phase_change_run07,baseline,phase_change,1778307058.419066,/big.txt,31850496,131072,sequential,1.0000,0.0000,0,1,31981568,4096,1,1,0
207,207_baseline_phase_change_run07,baseline,phase_change,1778307058.4203975,/big.txt,31981568,131072,sequential,1.0000,0.0000,0,1,32112640,4096,1,1,0
207,207_baseline_phase_change_run07,baseline,phase_change,1778307058.4217408,/big.txt,32112640,131072,sequential,1.0000,0.0000,0,1,32243712,4096,1,1,0
207,207_baseline_phase_change_run07,baseline,phase_change,1778307058.423083,/big.txt,32243712,131072,sequential,1.0000,0.0000,0,1,32374784,4096,1,1,0
207,207_baseline_phase_change_run07,baseline,phase_change,1778307058.424401,/big.txt,32374784,131072,sequential,1.0000,0.0000,0,1,32505856,4096,1,1,0
207,207_baseline_phase_change_run07,baseline,phase_change,1778307058.4257479,/big.txt,32505856,131072,sequential,1.0000,0.0000,0,1,32636928,4096,1,1,0
207,207_baseline_phase_change_run07,baseline,phase_change,1778307058.427235,/big.txt,32636928,131072,sequential,1.0000,0.0000,0,1,32768000,4096,1,1,0
207,207_baseline_phase_change_run07,baseline,phase_change,1778307058.4285798,/big.txt,32768000,131072,sequential,1.0000,0.0000,0,1,32899072,4096,1,1,0
207,207_baseline_phase_change_run07,baseline,phase_change,1778307058.4299219,/big.txt,32899072,131072,sequential,1.0000,0.0000,0,1,33030144,4096,1,1,0
207,207_baseline_phase_change_run07,baseline,phase_change,1778307058.431256,/big.txt,33030144,131072,sequential,1.0000,0.0000,0,1,33161216,4096,1,1,0
207,207_baseline_phase_change_run07,baseline,phase_change,1778307058.4325967,/big.txt,33161216,131072,sequential,1.0000,0.0000,0,1,33292288,4096,1,1,0
207,207_baseline_phase_change_run07,baseline,phase_change,1778307058.4339242,/big.txt,33292288,131072,sequential,1.0000,0.0000,0,1,33423360,4096,1,1,0
207,207_baseline_phase_change_run07,baseline,phase_change,1778307058.4353118,/big.txt,33423360,131072,sequential,1.0000,0.0000,0,1,33554432,4096,1,1,0
207,207_baseline_phase_change_run07,baseline,phase_change,1778307058.4366505,/big.txt,33554432,131072,sequential,1.0000,0.0000,0,1,33685504,4096,1,1,0
207,207_baseline_phase_change_run07,baseline,phase_change,1778307058.4379897,/big.txt,33685504,131072,sequential,1.0000,0.0000,0,1,33816576,4096,1,1,0
207,207_baseline_phase_change_run07,baseline,phase_change,1778307058.4393392,/big.txt,33816576,131072,sequential,1.0000,0.0000,0,1,33947648,4096,1,1,0
207,207_baseline_phase_change_run07,baseline,phase_change,1778307058.44068,/big.txt,33947648,131072,sequential,1.0000,0.0000,0,1,34078720,4096,1,1,0
207,207_baseline_phase_change_run07,baseline,phase_change,1778307058.4420323,/big.txt,34078720,131072,sequential,1.0000,0.0000,0,1,34209792,4096,1,1,0
207,207_baseline_phase_change_run07,baseline,phase_change,1778307058.4433846,/big.txt,34209792,131072,sequential,1.0000,0.0000,0,1,34340864,4096,1,1,0
207,207_baseline_phase_change_run07,baseline,phase_change,1778307058.4447355,/big.txt,34340864,131072,sequential,1.0000,0.0000,0,1,34471936,4096,1,1,0
207,207_baseline_phase_change_run07,baseline,phase_change,1778307058.446067,/big.txt,34471936,131072,sequential,1.0000,0.0000,0,1,34603008,4096,1,1,0
207,207_baseline_phase_change_run07,baseline,phase_change,1778307058.447422,/big.txt,34603008,131072,sequential,1.0000,0.0000,0,1,34734080,4096,1,1,0
207,207_baseline_phase_change_run07,baseline,phase_change,1778307058.4487703,/big.txt,34734080,131072,sequential,1.0000,0.0000,0,1,34865152,4096,1,1,0
207,207_baseline_phase_change_run07,baseline,phase_change,1778307058.4501085,/big.txt,34865152,131072,sequential,1.0000,0.0000,0,1,34996224,4096,1,1,0
207,207_baseline_phase_change_run07,baseline,phase_change,1778307058.4514616,/big.txt,34996224,131072,sequential,1.0000,0.0000,0,1,35127296,4096,1,1,0
207,207_baseline_phase_change_run07,baseline,phase_change,1778307058.4528024,/big.txt,35127296,131072,sequential,1.0000,0.0000,0,1,35258368,4096,1,1,0
207,207_baseline_phase_change_run07,baseline,phase_change,1778307058.4541416,/big.txt,35258368,131072,sequential,1.0000,0.0000,0,1,35389440,4096,1,1,0
207,207_baseline_phase_change_run07,baseline,phase_change,1778307058.4554803,/big.txt,35389440,131072,sequential,1.0000,0.0000,0,1,35520512,4096,1,1,0
207,207_baseline_phase_change_run07,baseline,phase_change,1778307058.4568315,/big.txt,35520512,131072,sequential,1.0000,0.0000,0,1,35651584,4096,1,1,0
207,207_baseline_phase_change_run07,baseline,phase_change,1778307058.458179,/big.txt,35651584,131072,sequential,1.0000,0.0000,0,1,35782656,4096,1,1,0
207,207_baseline_phase_change_run07,baseline,phase_change,1778307058.4595206,/big.txt,35782656,131072,sequential,1.0000,0.0000,0,1,35913728,4096,1,1,0
207,207_baseline_phase_change_run07,baseline,phase_change,1778307058.4608717,/big.txt,35913728,131072,sequential,1.0000,0.0000,0,1,36044800,4096,1,1,0
207,207_baseline_phase_change_run07,baseline,phase_change,1778307058.4622142,/big.txt,36044800,131072,sequential,1.0000,0.0000,0,1,36175872,4096,1,1,0
207,207_baseline_phase_change_run07,baseline,phase_change,1778307058.4635823,/big.txt,36175872,131072,sequential,1.0000,0.0000,0,1,36306944,4096,1,1,0
207,207_baseline_phase_change_run07,baseline,phase_change,1778307058.464929,/big.txt,36306944,131072,sequential,1.0000,0.0000,0,1,36438016,4096,1,1,0
207,207_baseline_phase_change_run07,baseline,phase_change,1778307058.4662797,/big.txt,36438016,131072,sequential,1.0000,0.0000,0,1,36569088,4096,1,1,0
207,207_baseline_phase_change_run07,baseline,phase_change,1778307058.4676251,/big.txt,36569088,131072,sequential,1.0000,0.0000,0,1,36700160,4096,1,1,0
207,207_baseline_phase_change_run07,baseline,phase_change,1778307058.4689672,/big.txt,36700160,131072,sequential,1.0000,0.0000,0,1,36831232,4096,1,1,0
207,207_baseline_phase_change_run07,baseline,phase_change,1778307058.4703102,/big.txt,36831232,131072,sequential,1.0000,0.0000,0,1,36962304,4096,1,1,0
207,207_baseline_phase_change_run07,baseline,phase_change,1778307058.4716566,/big.txt,36962304,131072,sequential,1.0000,0.0000,0,1,37093376,4096,1,1,0
207,207_baseline_phase_change_run07,baseline,phase_change,1778307058.473002,/big.txt,37093376,131072,sequential,1.0000,0.0000,0,1,37224448,4096,1,1,0
207,207_baseline_phase_change_run07,baseline,phase_change,1778307058.4743457,/big.txt,37224448,131072,sequential,1.0000,0.0000,0,1,37355520,4096,1,1,0
207,207_baseline_phase_change_run07,baseline,phase_change,1778307058.475722,/big.txt,37355520,131072,sequential,1.0000,0.0000,0,1,37486592,4096,1,1,0
207,207_baseline_phase_change_run07,baseline,phase_change,1778307058.4771001,/big.txt,37486592,131072,sequential,1.0000,0.0000,0,1,37617664,4096,1,1,0
207,207_baseline_phase_change_run07,baseline,phase_change,1778307058.4784465,/big.txt,37617664,131072,sequential,1.0000,0.0000,0,1,37748736,4096,1,1,0
207,207_baseline_phase_change_run07,baseline,phase_change,1778307058.4797943,/big.txt,37748736,131072,sequential,1.0000,0.0000,0,1,37879808,4096,1,1,0
207,207_baseline_phase_change_run07,baseline,phase_change,1778307058.481152,/big.txt,37879808,131072,sequential,1.0000,0.0000,0,1,38010880,4096,1,1,0
207,207_baseline_phase_change_run07,baseline,phase_change,1778307058.4825163,/big.txt,38010880,131072,sequential,1.0000,0.0000,0,1,38141952,4096,1,1,0
207,207_baseline_phase_change_run07,baseline,phase_change,1778307058.4838562,/big.txt,38141952,131072,sequential,1.0000,0.0000,0,1,38273024,4096,1,1,0
207,207_baseline_phase_change_run07,baseline,phase_change,1778307058.4852014,/big.txt,38273024,131072,sequential,1.0000,0.0000,0,1,38404096,4096,1,1,0
207,207_baseline_phase_change_run07,baseline,phase_change,1778307058.4865549,/big.txt,38404096,131072,sequential,1.0000,0.0000,0,1,38535168,4096,1,1,0
207,207_baseline_phase_change_run07,baseline,phase_change,1778307058.4878907,/big.txt,38535168,131072,sequential,1.0000,0.0000,0,1,38666240,4096,1,1,0
207,207_baseline_phase_change_run07,baseline,phase_change,1778307058.489254,/big.txt,38666240,131072,sequential,1.0000,0.0000,0,1,38797312,4096,1,1,0
207,207_baseline_phase_change_run07,baseline,phase_change,1778307058.4906063,/big.txt,38797312,131072,sequential,1.0000,0.0000,0,1,38928384,4096,1,1,0
207,207_baseline_phase_change_run07,baseline,phase_change,1778307058.4919262,/big.txt,38928384,131072,sequential,1.0000,0.0000,0,1,39059456,4096,1,1,0
207,207_baseline_phase_change_run07,baseline,phase_change,1778307058.4932847,/big.txt,39059456,131072,sequential,1.0000,0.0000,0,1,39190528,4096,1,1,0
207,207_baseline_phase_change_run07,baseline,phase_change,1778307058.4946334,/big.txt,39190528,131072,sequential,1.0000,0.0000,0,1,39321600,4096,1,1,0
207,207_baseline_phase_change_run07,baseline,phase_change,1778307058.4973505,/big.txt,39321600,131072,sequential,1.0000,0.0000,0,1,39452672,4096,1,1,0
207,207_baseline_phase_change_run07,baseline,phase_change,1778307058.5000532,/big.txt,39452672,131072,sequential,1.0000,0.0000,0,1,39583744,4096,1,1,0
207,207_baseline_phase_change_run07,baseline,phase_change,1778307058.5027297,/big.txt,39583744,131072,sequential,1.0000,0.0000,0,1,39714816,4096,1,1,0
207,207_baseline_phase_change_run07,baseline,phase_change,1778307058.505422,/big.txt,39714816,131072,sequential,1.0000,0.0000,0,1,39845888,4096,1,1,0
207,207_baseline_phase_change_run07,baseline,phase_change,1778307058.5071979,/big.txt,39845888,131072,sequential,1.0000,0.0000,0,1,39976960,4096,1,1,0
207,207_baseline_phase_change_run07,baseline,phase_change,1778307058.5085373,/big.txt,39976960,131072,sequential,1.0000,0.0000,0,1,40108032,4096,1,1,0
207,207_baseline_phase_change_run07,baseline,phase_change,1778307058.5098844,/big.txt,40108032,131072,sequential,1.0000,0.0000,0,1,40239104,4096,1,1,0
207,207_baseline_phase_change_run07,baseline,phase_change,1778307058.5112448,/big.txt,40239104,131072,sequential,1.0000,0.0000,0,1,40370176,4096,1,1,0
207,207_baseline_phase_change_run07,baseline,phase_change,1778307058.5125864,/big.txt,40370176,131072,sequential,1.0000,0.0000,0,1,40501248,4096,1,1,0
207,207_baseline_phase_change_run07,baseline,phase_change,1778307058.5139406,/big.txt,40501248,131072,sequential,1.0000,0.0000,0,1,40632320,4096,1,1,0
207,207_baseline_phase_change_run07,baseline,phase_change,1778307058.5153377,/big.txt,40632320,131072,sequential,1.0000,0.0000,0,1,40763392,4096,1,1,0
207,207_baseline_phase_change_run07,baseline,phase_change,1778307058.5166986,/big.txt,40763392,131072,sequential,1.0000,0.0000,0,1,40894464,4096,1,1,0
207,207_baseline_phase_change_run07,baseline,phase_change,1778307058.5180337,/big.txt,40894464,131072,sequential,1.0000,0.0000,0,1,41025536,4096,1,1,0
207,207_baseline_phase_change_run07,baseline,phase_change,1778307058.5193849,/big.txt,41025536,131072,sequential,1.0000,0.0000,0,1,41156608,4096,1,1,0
207,207_baseline_phase_change_run07,baseline,phase_change,1778307058.5207205,/big.txt,41156608,131072,sequential,1.0000,0.0000,0,1,41287680,4096,1,1,0
207,207_baseline_phase_change_run07,baseline,phase_change,1778307058.5220633,/big.txt,41287680,131072,sequential,1.0000,0.0000,0,1,41418752,4096,1,1,0
207,207_baseline_phase_change_run07,baseline,phase_change,1778307058.5234103,/big.txt,41418752,131072,sequential,1.0000,0.0000,0,1,41549824,4096,1,1,0
207,207_baseline_phase_change_run07,baseline,phase_change,1778307058.524762,/big.txt,41549824,131072,sequential,1.0000,0.0000,0,1,41680896,4096,1,1,0
207,207_baseline_phase_change_run07,baseline,phase_change,1778307058.5260973,/big.txt,41680896,131072,sequential,1.0000,0.0000,0,1,41811968,4096,1,1,0
207,207_baseline_phase_change_run07,baseline,phase_change,1778307058.527436,/big.txt,41811968,131072,sequential,1.0000,0.0000,0,1,41943040,4096,1,1,0
207,207_baseline_phase_change_run07,baseline,phase_change,1778307058.528772,/big.txt,41943040,131072,sequential,1.0000,0.0000,0,1,42074112,4096,1,1,0
207,207_baseline_phase_change_run07,baseline,phase_change,1778307058.5301204,/big.txt,42074112,131072,sequential,1.0000,0.0000,0,1,42205184,4096,1,1,0
207,207_baseline_phase_change_run07,baseline,phase_change,1778307058.5314558,/big.txt,42205184,131072,sequential,1.0000,0.0000,0,1,42336256,4096,1,1,0
207,207_baseline_phase_change_run07,baseline,phase_change,1778307058.5327928,/big.txt,42336256,131072,sequential,1.0000,0.0000,0,1,42467328,4096,1,1,0
207,207_baseline_phase_change_run07,baseline,phase_change,1778307058.5341303,/big.txt,42467328,131072,sequential,1.0000,0.0000,0,1,42598400,4096,1,1,0
207,207_baseline_phase_change_run07,baseline,phase_change,1778307058.5354822,/big.txt,42598400,131072,sequential,1.0000,0.0000,0,1,42729472,4096,1,1,0
207,207_baseline_phase_change_run07,baseline,phase_change,1778307058.5368342,/big.txt,42729472,131072,sequential,1.0000,0.0000,0,1,42860544,4096,1,1,0
207,207_baseline_phase_change_run07,baseline,phase_change,1778307058.5381777,/big.txt,42860544,131072,sequential,1.0000,0.0000,0,1,42991616,4096,1,1,0
207,207_baseline_phase_change_run07,baseline,phase_change,1778307058.53951,/big.txt,42991616,131072,sequential,1.0000,0.0000,0,1,43122688,4096,1,1,0
207,207_baseline_phase_change_run07,baseline,phase_change,1778307058.5408545,/big.txt,43122688,131072,sequential,1.0000,0.0000,0,1,43253760,4096,1,1,0
207,207_baseline_phase_change_run07,baseline,phase_change,1778307058.5421886,/big.txt,43253760,131072,sequential,1.0000,0.0000,0,1,43384832,4096,1,1,0
207,207_baseline_phase_change_run07,baseline,phase_change,1778307058.543523,/big.txt,43384832,131072,sequential,1.0000,0.0000,0,1,43515904,4096,1,1,0
207,207_baseline_phase_change_run07,baseline,phase_change,1778307058.5448644,/big.txt,43515904,131072,sequential,1.0000,0.0000,0,1,43646976,4096,1,1,0
207,207_baseline_phase_change_run07,baseline,phase_change,1778307058.5462067,/big.txt,43646976,131072,sequential,1.0000,0.0000,0,1,43778048,4096,1,1,0
207,207_baseline_phase_change_run07,baseline,phase_change,1778307058.5475292,/big.txt,43778048,131072,sequential,1.0000,0.0000,0,1,43909120,4096,1,1,0
207,207_baseline_phase_change_run07,baseline,phase_change,1778307058.5488656,/big.txt,43909120,131072,sequential,1.0000,0.0000,0,1,44040192,4096,1,1,0
207,207_baseline_phase_change_run07,baseline,phase_change,1778307058.5502086,/big.txt,44040192,131072,sequential,1.0000,0.0000,0,1,44171264,4096,1,1,0
207,207_baseline_phase_change_run07,baseline,phase_change,1778307058.5515363,/big.txt,44171264,131072,sequential,1.0000,0.0000,0,1,44302336,4096,1,1,0
207,207_baseline_phase_change_run07,baseline,phase_change,1778307058.5528889,/big.txt,44302336,131072,sequential,1.0000,0.0000,0,1,44433408,4096,1,1,0
207,207_baseline_phase_change_run07,baseline,phase_change,1778307058.5542378,/big.txt,44433408,131072,sequential,1.0000,0.0000,0,1,44564480,4096,1,1,0
207,207_baseline_phase_change_run07,baseline,phase_change,1778307058.5555604,/big.txt,44564480,131072,sequential,1.0000,0.0000,0,1,44695552,4096,1,1,0
207,207_baseline_phase_change_run07,baseline,phase_change,1778307058.5568976,/big.txt,44695552,131072,sequential,1.0000,0.0000,0,1,44826624,4096,1,1,0
207,207_baseline_phase_change_run07,baseline,phase_change,1778307058.5582457,/big.txt,44826624,131072,sequential,1.0000,0.0000,0,1,44957696,4096,1,1,0
207,207_baseline_phase_change_run07,baseline,phase_change,1778307058.5595777,/big.txt,44957696,131072,sequential,1.0000,0.0000,0,1,45088768,4096,1,1,0
207,207_baseline_phase_change_run07,baseline,phase_change,1778307058.560915,/big.txt,45088768,131072,sequential,1.0000,0.0000,0,1,45219840,4096,1,1,0
207,207_baseline_phase_change_run07,baseline,phase_change,1778307058.562259,/big.txt,45219840,131072,sequential,1.0000,0.0000,0,1,45350912,4096,1,1,0
207,207_baseline_phase_change_run07,baseline,phase_change,1778307058.563588,/big.txt,45350912,131072,sequential,1.0000,0.0000,0,1,45481984,4096,1,1,0
207,207_baseline_phase_change_run07,baseline,phase_change,1778307058.564947,/big.txt,45481984,131072,sequential,1.0000,0.0000,0,1,45613056,4096,1,1,0
207,207_baseline_phase_change_run07,baseline,phase_change,1778307058.566279,/big.txt,45613056,131072,sequential,1.0000,0.0000,0,1,45744128,4096,1,1,0
207,207_baseline_phase_change_run07,baseline,phase_change,1778307058.5676017,/big.txt,45744128,131072,sequential,1.0000,0.0000,0,1,45875200,4096,1,1,0
207,207_baseline_phase_change_run07,baseline,phase_change,1778307058.5689483,/big.txt,45875200,131072,sequential,1.0000,0.0000,0,1,46006272,4096,1,1,0
207,207_baseline_phase_change_run07,baseline,phase_change,1778307058.5702915,/big.txt,46006272,131072,sequential,1.0000,0.0000,0,1,46137344,4096,1,1,0
207,207_baseline_phase_change_run07,baseline,phase_change,1778307058.5716267,/big.txt,46137344,131072,sequential,1.0000,0.0000,0,1,46268416,4096,1,1,0
207,207_baseline_phase_change_run07,baseline,phase_change,1778307058.572966,/big.txt,46268416,131072,sequential,1.0000,0.0000,0,1,46399488,4096,1,1,0
207,207_baseline_phase_change_run07,baseline,phase_change,1778307058.5743062,/big.txt,46399488,131072,sequential,1.0000,0.0000,0,1,46530560,4096,1,1,0
207,207_baseline_phase_change_run07,baseline,phase_change,1778307058.5756497,/big.txt,46530560,131072,sequential,1.0000,0.0000,0,1,46661632,4096,1,1,0
207,207_baseline_phase_change_run07,baseline,phase_change,1778307058.5770073,/big.txt,46661632,131072,sequential,1.0000,0.0000,0,1,46792704,4096,1,1,0
207,207_baseline_phase_change_run07,baseline,phase_change,1778307058.578348,/big.txt,46792704,131072,sequential,1.0000,0.0000,0,1,46923776,4096,1,1,0
207,207_baseline_phase_change_run07,baseline,phase_change,1778307058.5796971,/big.txt,46923776,131072,sequential,1.0000,0.0000,0,1,47054848,4096,1,1,0
207,207_baseline_phase_change_run07,baseline,phase_change,1778307058.5810714,/big.txt,47054848,131072,sequential,1.0000,0.0000,0,1,47185920,4096,1,1,0
207,207_baseline_phase_change_run07,baseline,phase_change,1778307058.5824292,/big.txt,47185920,131072,sequential,1.0000,0.0000,0,1,47316992,4096,1,1,0
207,207_baseline_phase_change_run07,baseline,phase_change,1778307058.5837994,/big.txt,47316992,131072,sequential,1.0000,0.0000,0,1,47448064,4096,1,1,0
207,207_baseline_phase_change_run07,baseline,phase_change,1778307058.5851533,/big.txt,47448064,131072,sequential,1.0000,0.0000,0,1,47579136,4096,1,1,0
207,207_baseline_phase_change_run07,baseline,phase_change,1778307058.5865114,/big.txt,47579136,131072,sequential,1.0000,0.0000,0,1,47710208,4096,1,1,0
207,207_baseline_phase_change_run07,baseline,phase_change,1778307058.587838,/big.txt,47710208,131072,sequential,1.0000,0.0000,0,1,47841280,4096,1,1,0
207,207_baseline_phase_change_run07,baseline,phase_change,1778307058.5891833,/big.txt,47841280,131072,sequential,1.0000,0.0000,0,1,47972352,4096,1,1,0
207,207_baseline_phase_change_run07,baseline,phase_change,1778307058.5905323,/big.txt,47972352,131072,sequential,1.0000,0.0000,0,1,48103424,4096,1,1,0
207,207_baseline_phase_change_run07,baseline,phase_change,1778307058.5918572,/big.txt,48103424,131072,sequential,1.0000,0.0000,0,1,48234496,4096,1,1,0
207,207_baseline_phase_change_run07,baseline,phase_change,1778307058.5932007,/big.txt,48234496,131072,sequential,1.0000,0.0000,0,1,48365568,4096,1,1,0
207,207_baseline_phase_change_run07,baseline,phase_change,1778307058.5945365,/big.txt,48365568,131072,sequential,1.0000,0.0000,0,1,48496640,4096,1,1,0
207,207_baseline_phase_change_run07,baseline,phase_change,1778307058.595862,/big.txt,48496640,131072,sequential,1.0000,0.0000,0,1,48627712,4096,1,1,0
207,207_baseline_phase_change_run07,baseline,phase_change,1778307058.5972052,/big.txt,48627712,131072,sequential,1.0000,0.0000,0,1,48758784,4096,1,1,0
207,207_baseline_phase_change_run07,baseline,phase_change,1778307058.5985606,/big.txt,48758784,131072,sequential,1.0000,0.0000,0,1,48889856,4096,1,1,0
207,207_baseline_phase_change_run07,baseline,phase_change,1778307058.5998766,/big.txt,48889856,131072,sequential,1.0000,0.0000,0,1,49020928,4096,1,1,0
207,207_baseline_phase_change_run07,baseline,phase_change,1778307058.601211,/big.txt,49020928,131072,sequential,1.0000,0.0000,0,1,49152000,4096,1,1,0
207,207_baseline_phase_change_run07,baseline,phase_change,1778307058.6025593,/big.txt,49152000,131072,sequential,1.0000,0.0000,0,1,49283072,4096,1,1,0
207,207_baseline_phase_change_run07,baseline,phase_change,1778307058.603874,/big.txt,49283072,131072,sequential,1.0000,0.0000,0,1,49414144,4096,1,1,0
207,207_baseline_phase_change_run07,baseline,phase_change,1778307058.6052217,/big.txt,49414144,131072,sequential,1.0000,0.0000,0,1,49545216,4096,1,1,0
207,207_baseline_phase_change_run07,baseline,phase_change,1778307058.6065679,/big.txt,49545216,131072,sequential,1.0000,0.0000,0,1,49676288,4096,1,1,0
207,207_baseline_phase_change_run07,baseline,phase_change,1778307058.6079028,/big.txt,49676288,131072,sequential,1.0000,0.0000,0,1,49807360,4096,1,1,0
207,207_baseline_phase_change_run07,baseline,phase_change,1778307058.6092339,/big.txt,49807360,131072,sequential,1.0000,0.0000,0,1,49938432,4096,1,1,0
207,207_baseline_phase_change_run07,baseline,phase_change,1778307058.610595,/big.txt,49938432,131072,sequential,1.0000,0.0000,0,1,50069504,4096,1,1,0
207,207_baseline_phase_change_run07,baseline,phase_change,1778307058.6119237,/big.txt,50069504,131072,sequential,1.0000,0.0000,0,1,50200576,4096,1,1,0
207,207_baseline_phase_change_run07,baseline,phase_change,1778307058.6132605,/big.txt,50200576,131072,sequential,1.0000,0.0000,0,1,50331648,4096,1,1,0
207,207_baseline_phase_change_run07,baseline,phase_change,1778307058.6146142,/big.txt,50331648,131072,sequential,1.0000,0.0000,0,1,50462720,4096,1,1,0
207,207_baseline_phase_change_run07,baseline,phase_change,1778307058.6159446,/big.txt,50462720,131072,sequential,1.0000,0.0000,0,1,50593792,4096,1,1,0
207,207_baseline_phase_change_run07,baseline,phase_change,1778307058.6173189,/big.txt,50593792,131072,sequential,1.0000,0.0000,0,1,50724864,4096,1,1,0
207,207_baseline_phase_change_run07,baseline,phase_change,1778307058.6186583,/big.txt,50724864,131072,sequential,1.0000,0.0000,0,1,50855936,4096,1,1,0
207,207_baseline_phase_change_run07,baseline,phase_change,1778307058.619981,/big.txt,50855936,131072,sequential,1.0000,0.0000,0,1,50987008,4096,1,1,0
207,207_baseline_phase_change_run07,baseline,phase_change,1778307058.621319,/big.txt,50987008,131072,sequential,1.0000,0.0000,0,1,51118080,4096,1,1,0
207,207_baseline_phase_change_run07,baseline,phase_change,1778307058.6226635,/big.txt,51118080,131072,sequential,1.0000,0.0000,0,1,51249152,4096,1,1,0
207,207_baseline_phase_change_run07,baseline,phase_change,1778307058.6241422,/big.txt,51249152,131072,sequential,1.0000,0.0000,0,1,51380224,4096,1,1,0
207,207_baseline_phase_change_run07,baseline,phase_change,1778307058.625493,/big.txt,51380224,131072,sequential,1.0000,0.0000,0,1,51511296,4096,1,1,0
207,207_baseline_phase_change_run07,baseline,phase_change,1778307058.6268382,/big.txt,51511296,131072,sequential,1.0000,0.0000,0,1,51642368,4096,1,1,0
207,207_baseline_phase_change_run07,baseline,phase_change,1778307058.628177,/big.txt,51642368,131072,sequential,1.0000,0.0000,0,1,51773440,4096,1,1,0
207,207_baseline_phase_change_run07,baseline,phase_change,1778307058.6295216,/big.txt,51773440,131072,sequential,1.0000,0.0000,0,1,51904512,4096,1,1,0
207,207_baseline_phase_change_run07,baseline,phase_change,1778307058.63087,/big.txt,51904512,131072,sequential,1.0000,0.0000,0,1,52035584,4096,1,1,0
207,207_baseline_phase_change_run07,baseline,phase_change,1778307058.632217,/big.txt,52035584,131072,sequential,1.0000,0.0000,0,1,52166656,4096,1,1,0
207,207_baseline_phase_change_run07,baseline,phase_change,1778307058.6335588,/big.txt,52166656,131072,sequential,1.0000,0.0000,0,1,52297728,4096,1,1,0
207,207_baseline_phase_change_run07,baseline,phase_change,1778307058.634911,/big.txt,52297728,131072,sequential,1.0000,0.0000,0,1,52428800,4096,1,1,0
207,207_baseline_phase_change_run07,baseline,phase_change,1778307058.6362627,/big.txt,52428800,131072,sequential,1.0000,0.0000,0,1,52559872,4096,1,1,0
207,207_baseline_phase_change_run07,baseline,phase_change,1778307058.637619,/big.txt,52559872,131072,sequential,1.0000,0.0000,0,1,52690944,4096,1,1,0
207,207_baseline_phase_change_run07,baseline,phase_change,1778307058.6389663,/big.txt,52690944,131072,sequential,1.0000,0.0000,0,1,52822016,4096,1,1,0
207,207_baseline_phase_change_run07,baseline,phase_change,1778307058.6402998,/big.txt,52822016,131072,sequential,1.0000,0.0000,0,1,52953088,4096,1,1,0
207,207_baseline_phase_change_run07,baseline,phase_change,1778307058.6416547,/big.txt,52953088,131072,sequential,1.0000,0.0000,0,1,53084160,4096,1,1,0
207,207_baseline_phase_change_run07,baseline,phase_change,1778307058.643101,/big.txt,53084160,131072,sequential,1.0000,0.0000,0,1,53215232,4096,1,1,0
207,207_baseline_phase_change_run07,baseline,phase_change,1778307058.6444411,/big.txt,53215232,131072,sequential,1.0000,0.0000,0,1,53346304,4096,1,1,0
207,207_baseline_phase_change_run07,baseline,phase_change,1778307058.6457882,/big.txt,53346304,131072,sequential,1.0000,0.0000,0,1,53477376,4096,1,1,0
207,207_baseline_phase_change_run07,baseline,phase_change,1778307058.6471295,/big.txt,53477376,131072,sequential,1.0000,0.0000,0,1,53608448,4096,1,1,0
207,207_baseline_phase_change_run07,baseline,phase_change,1778307058.6484706,/big.txt,53608448,131072,sequential,1.0000,0.0000,0,1,53739520,4096,1,1,0
207,207_baseline_phase_change_run07,baseline,phase_change,1778307058.6498103,/big.txt,53739520,131072,sequential,1.0000,0.0000,0,1,53870592,4096,1,1,0
207,207_baseline_phase_change_run07,baseline,phase_change,1778307058.6511576,/big.txt,53870592,131072,sequential,1.0000,0.0000,0,1,54001664,4096,1,1,0
207,207_baseline_phase_change_run07,baseline,phase_change,1778307058.652509,/big.txt,54001664,131072,sequential,1.0000,0.0000,0,1,54132736,4096,1,1,0
207,207_baseline_phase_change_run07,baseline,phase_change,1778307058.653857,/big.txt,54132736,131072,sequential,1.0000,0.0000,0,1,54263808,4096,1,1,0
207,207_baseline_phase_change_run07,baseline,phase_change,1778307058.6552107,/big.txt,54263808,131072,sequential,1.0000,0.0000,0,1,54394880,4096,1,1,0
207,207_baseline_phase_change_run07,baseline,phase_change,1778307058.656551,/big.txt,54394880,131072,sequential,1.0000,0.0000,0,1,54525952,4096,1,1,0
207,207_baseline_phase_change_run07,baseline,phase_change,1778307058.6578987,/big.txt,54525952,131072,sequential,1.0000,0.0000,0,1,54657024,4096,1,1,0
207,207_baseline_phase_change_run07,baseline,phase_change,1778307058.659373,/big.txt,54657024,131072,sequential,1.0000,0.0000,0,1,54788096,4096,1,1,0
207,207_baseline_phase_change_run07,baseline,phase_change,1778307058.6607137,/big.txt,54788096,131072,sequential,1.0000,0.0000,0,1,54919168,4096,1,1,0
207,207_baseline_phase_change_run07,baseline,phase_change,1778307058.6620543,/big.txt,54919168,131072,sequential,1.0000,0.0000,0,1,55050240,4096,1,1,0
207,207_baseline_phase_change_run07,baseline,phase_change,1778307058.6634486,/big.txt,55050240,131072,sequential,1.0000,0.0000,0,1,55181312,4096,1,1,0
207,207_baseline_phase_change_run07,baseline,phase_change,1778307058.6646981,/big.txt,55181312,131072,sequential,1.0000,0.0000,0,1,55312384,4096,1,1,0
207,207_baseline_phase_change_run07,baseline,phase_change,1778307058.665942,/big.txt,55312384,131072,sequential,1.0000,0.0000,0,1,55443456,4096,1,1,0
207,207_baseline_phase_change_run07,baseline,phase_change,1778307058.6672275,/big.txt,55443456,131072,sequential,1.0000,0.0000,0,1,55574528,4096,1,1,0
207,207_baseline_phase_change_run07,baseline,phase_change,1778307058.668468,/big.txt,55574528,131072,sequential,1.0000,0.0000,0,1,55705600,4096,1,1,0
207,207_baseline_phase_change_run07,baseline,phase_change,1778307058.669725,/big.txt,55705600,131072,sequential,1.0000,0.0000,0,1,55836672,4096,1,1,0
207,207_baseline_phase_change_run07,baseline,phase_change,1778307058.6710072,/big.txt,55836672,131072,sequential,1.0000,0.0000,0,1,55967744,4096,1,1,0
207,207_baseline_phase_change_run07,baseline,phase_change,1778307058.6722498,/big.txt,55967744,131072,sequential,1.0000,0.0000,0,1,56098816,4096,1,1,0
207,207_baseline_phase_change_run07,baseline,phase_change,1778307058.6734943,/big.txt,56098816,131072,sequential,1.0000,0.0000,0,1,56229888,4096,1,1,0
207,207_baseline_phase_change_run07,baseline,phase_change,1778307058.674738,/big.txt,56229888,131072,sequential,1.0000,0.0000,0,1,56360960,4096,1,1,0
207,207_baseline_phase_change_run07,baseline,phase_change,1778307058.6760778,/big.txt,56360960,131072,sequential,1.0000,0.0000,0,1,56492032,4096,1,1,0
207,207_baseline_phase_change_run07,baseline,phase_change,1778307058.6773217,/big.txt,56492032,131072,sequential,1.0000,0.0000,0,1,56623104,4096,1,1,0
207,207_baseline_phase_change_run07,baseline,phase_change,1778307058.6785686,/big.txt,56623104,131072,sequential,1.0000,0.0000,0,1,56754176,4096,1,1,0
207,207_baseline_phase_change_run07,baseline,phase_change,1778307058.6798096,/big.txt,56754176,131072,sequential,1.0000,0.0000,0,1,56885248,4096,1,1,0
207,207_baseline_phase_change_run07,baseline,phase_change,1778307058.6810539,/big.txt,56885248,131072,sequential,1.0000,0.0000,0,1,57016320,4096,1,1,0
207,207_baseline_phase_change_run07,baseline,phase_change,1778307058.6823003,/big.txt,57016320,131072,sequential,1.0000,0.0000,0,1,57147392,4096,1,1,0
207,207_baseline_phase_change_run07,baseline,phase_change,1778307058.683664,/big.txt,57147392,131072,sequential,1.0000,0.0000,0,1,57278464,4096,1,1,0
207,207_baseline_phase_change_run07,baseline,phase_change,1778307058.6849747,/big.txt,57278464,131072,sequential,1.0000,0.0000,0,1,57409536,4096,1,1,0
207,207_baseline_phase_change_run07,baseline,phase_change,1778307058.6862304,/big.txt,57409536,131072,sequential,1.0000,0.0000,0,1,57540608,4096,1,1,0
207,207_baseline_phase_change_run07,baseline,phase_change,1778307058.687561,/big.txt,57540608,131072,sequential,1.0000,0.0000,0,1,57671680,4096,1,1,0
207,207_baseline_phase_change_run07,baseline,phase_change,1778307058.6888022,/big.txt,57671680,131072,sequential,1.0000,0.0000,0,1,57802752,4096,1,1,0
207,207_baseline_phase_change_run07,baseline,phase_change,1778307058.6900475,/big.txt,57802752,131072,sequential,1.0000,0.0000,0,1,57933824,4096,1,1,0
207,207_baseline_phase_change_run07,baseline,phase_change,1778307058.6913772,/big.txt,57933824,131072,sequential,1.0000,0.0000,0,1,58064896,4096,1,1,0
207,207_baseline_phase_change_run07,baseline,phase_change,1778307058.6926188,/big.txt,58064896,131072,sequential,1.0000,0.0000,0,1,58195968,4096,1,1,0
207,207_baseline_phase_change_run07,baseline,phase_change,1778307058.6938722,/big.txt,58195968,131072,sequential,1.0000,0.0000,0,1,58327040,4096,1,1,0
207,207_baseline_phase_change_run07,baseline,phase_change,1778307058.6951687,/big.txt,58327040,131072,sequential,1.0000,0.0000,0,1,58458112,4096,1,1,0
207,207_baseline_phase_change_run07,baseline,phase_change,1778307058.696404,/big.txt,58458112,131072,sequential,1.0000,0.0000,0,1,58589184,4096,1,1,0
207,207_baseline_phase_change_run07,baseline,phase_change,1778307058.6976504,/big.txt,58589184,131072,sequential,1.0000,0.0000,0,1,58720256,4096,1,1,0
207,207_baseline_phase_change_run07,baseline,phase_change,1778307058.6990135,/big.txt,58720256,131072,sequential,1.0000,0.0000,0,1,58851328,4096,1,1,0
207,207_baseline_phase_change_run07,baseline,phase_change,1778307058.7002451,/big.txt,58851328,131072,sequential,1.0000,0.0000,0,1,58982400,4096,1,1,0
207,207_baseline_phase_change_run07,baseline,phase_change,1778307058.701492,/big.txt,58982400,131072,sequential,1.0000,0.0000,0,1,59113472,4096,1,1,0
207,207_baseline_phase_change_run07,baseline,phase_change,1778307058.7027347,/big.txt,59113472,131072,sequential,1.0000,0.0000,0,1,59244544,4096,1,1,0
207,207_baseline_phase_change_run07,baseline,phase_change,1778307058.7040179,/big.txt,59244544,131072,sequential,1.0000,0.0000,0,1,59375616,4096,1,1,0
207,207_baseline_phase_change_run07,baseline,phase_change,1778307058.7052655,/big.txt,59375616,131072,sequential,1.0000,0.0000,0,1,59506688,4096,1,1,0
207,207_baseline_phase_change_run07,baseline,phase_change,1778307058.7064989,/big.txt,59506688,131072,sequential,1.0000,0.0000,0,1,59637760,4096,1,1,0
207,207_baseline_phase_change_run07,baseline,phase_change,1778307058.7077477,/big.txt,59637760,131072,sequential,1.0000,0.0000,0,1,59768832,4096,1,1,0
207,207_baseline_phase_change_run07,baseline,phase_change,1778307058.7089913,/big.txt,59768832,131072,sequential,1.0000,0.0000,0,1,59899904,4096,1,1,0
207,207_baseline_phase_change_run07,baseline,phase_change,1778307058.710234,/big.txt,59899904,131072,sequential,1.0000,0.0000,0,1,60030976,4096,1,1,0
207,207_baseline_phase_change_run07,baseline,phase_change,1778307058.7115672,/big.txt,60030976,131072,sequential,1.0000,0.0000,0,1,60162048,4096,1,1,0
207,207_baseline_phase_change_run07,baseline,phase_change,1778307058.71281,/big.txt,60162048,131072,sequential,1.0000,0.0000,0,1,60293120,4096,1,1,0
207,207_baseline_phase_change_run07,baseline,phase_change,1778307058.7140517,/big.txt,60293120,131072,sequential,1.0000,0.0000,0,1,60424192,4096,1,1,0
207,207_baseline_phase_change_run07,baseline,phase_change,1778307058.715351,/big.txt,60424192,131072,sequential,1.0000,0.0000,0,1,60555264,4096,1,1,0
207,207_baseline_phase_change_run07,baseline,phase_change,1778307058.7166028,/big.txt,60555264,131072,sequential,1.0000,0.0000,0,1,60686336,4096,1,1,0
207,207_baseline_phase_change_run07,baseline,phase_change,1778307058.7178438,/big.txt,60686336,131072,sequential,1.0000,0.0000,0,1,60817408,4096,1,1,0
207,207_baseline_phase_change_run07,baseline,phase_change,1778307058.7192025,/big.txt,60817408,131072,sequential,1.0000,0.0000,0,1,60948480,4096,1,1,0
207,207_baseline_phase_change_run07,baseline,phase_change,1778307058.7204406,/big.txt,60948480,131072,sequential,1.0000,0.0000,0,1,61079552,4096,1,1,0
207,207_baseline_phase_change_run07,baseline,phase_change,1778307058.7216914,/big.txt,61079552,131072,sequential,1.0000,0.0000,0,1,61210624,4096,1,1,0
207,207_baseline_phase_change_run07,baseline,phase_change,1778307058.7229757,/big.txt,61210624,131072,sequential,1.0000,0.0000,0,1,61341696,4096,1,1,0
207,207_baseline_phase_change_run07,baseline,phase_change,1778307058.7242122,/big.txt,61341696,131072,sequential,1.0000,0.0000,0,1,61472768,4096,1,1,0
207,207_baseline_phase_change_run07,baseline,phase_change,1778307058.7254508,/big.txt,61472768,131072,sequential,1.0000,0.0000,0,1,61603840,4096,1,1,0
207,207_baseline_phase_change_run07,baseline,phase_change,1778307058.7266936,/big.txt,61603840,131072,sequential,1.0000,0.0000,0,1,61734912,4096,1,1,0
207,207_baseline_phase_change_run07,baseline,phase_change,1778307058.728051,/big.txt,61734912,131072,sequential,1.0000,0.0000,0,1,61865984,4096,1,1,0
207,207_baseline_phase_change_run07,baseline,phase_change,1778307058.729294,/big.txt,61865984,131072,sequential,1.0000,0.0000,0,1,61997056,4096,1,1,0
207,207_baseline_phase_change_run07,baseline,phase_change,1778307058.7305357,/big.txt,61997056,131072,sequential,1.0000,0.0000,0,1,62128128,4096,1,1,0
207,207_baseline_phase_change_run07,baseline,phase_change,1778307058.7317796,/big.txt,62128128,131072,sequential,1.0000,0.0000,0,1,62259200,4096,1,1,0
207,207_baseline_phase_change_run07,baseline,phase_change,1778307058.7330167,/big.txt,62259200,131072,sequential,1.0000,0.0000,0,1,62390272,4096,1,1,0
207,207_baseline_phase_change_run07,baseline,phase_change,1778307058.7342594,/big.txt,62390272,131072,sequential,1.0000,0.0000,0,1,62521344,4096,1,1,0
207,207_baseline_phase_change_run07,baseline,phase_change,1778307058.7356038,/big.txt,62521344,131072,sequential,1.0000,0.0000,0,1,62652416,4096,1,1,0
207,207_baseline_phase_change_run07,baseline,phase_change,1778307058.7368488,/big.txt,62652416,131072,sequential,1.0000,0.0000,0,1,62783488,4096,1,1,0
207,207_baseline_phase_change_run07,baseline,phase_change,1778307058.7380955,/big.txt,62783488,131072,sequential,1.0000,0.0000,0,1,62914560,4096,1,1,0
207,207_baseline_phase_change_run07,baseline,phase_change,1778307058.7393801,/big.txt,62914560,131072,sequential,1.0000,0.0000,0,1,63045632,4096,1,1,0
207,207_baseline_phase_change_run07,baseline,phase_change,1778307058.7406173,/big.txt,63045632,131072,sequential,1.0000,0.0000,0,1,63176704,4096,1,1,0
207,207_baseline_phase_change_run07,baseline,phase_change,1778307058.7418685,/big.txt,63176704,131072,sequential,1.0000,0.0000,0,1,63307776,4096,1,1,0
207,207_baseline_phase_change_run07,baseline,phase_change,1778307058.7439463,/big.txt,63307776,131072,sequential,1.0000,0.0000,0,1,63438848,4096,1,1,0
207,207_baseline_phase_change_run07,baseline,phase_change,1778307058.746429,/big.txt,63438848,131072,sequential,1.0000,0.0000,0,1,63569920,4096,1,1,0
207,207_baseline_phase_change_run07,baseline,phase_change,1778307058.748933,/big.txt,63569920,131072,sequential,1.0000,0.0000,0,1,63700992,4096,1,1,0
207,207_baseline_phase_change_run07,baseline,phase_change,1778307058.7514284,/big.txt,63700992,131072,sequential,1.0000,0.0000,0,1,63832064,4096,1,1,0
207,207_baseline_phase_change_run07,baseline,phase_change,1778307058.7538834,/big.txt,63832064,131072,sequential,1.0000,0.0000,0,1,63963136,4096,1,1,0
207,207_baseline_phase_change_run07,baseline,phase_change,1778307058.7552438,/big.txt,63963136,131072,sequential,1.0000,0.0000,0,1,64094208,4096,1,1,0
207,207_baseline_phase_change_run07,baseline,phase_change,1778307058.7564929,/big.txt,64094208,131072,sequential,1.0000,0.0000,0,1,64225280,4096,1,1,0
207,207_baseline_phase_change_run07,baseline,phase_change,1778307058.7577505,/big.txt,64225280,131072,sequential,1.0000,0.0000,0,1,64356352,4096,1,1,0
207,207_baseline_phase_change_run07,baseline,phase_change,1778307058.759046,/big.txt,64356352,131072,sequential,1.0000,0.0000,0,1,64487424,4096,1,1,0
207,207_baseline_phase_change_run07,baseline,phase_change,1778307058.7602944,/big.txt,64487424,131072,sequential,1.0000,0.0000,0,1,64618496,4096,1,1,0
207,207_baseline_phase_change_run07,baseline,phase_change,1778307058.761541,/big.txt,64618496,131072,sequential,1.0000,0.0000,0,1,64749568,4096,1,1,0
207,207_baseline_phase_change_run07,baseline,phase_change,1778307058.762874,/big.txt,64749568,131072,sequential,1.0000,0.0000,0,1,64880640,4096,1,1,0
207,207_baseline_phase_change_run07,baseline,phase_change,1778307058.76413,/big.txt,64880640,131072,sequential,1.0000,0.0000,0,1,65011712,4096,1,1,0
207,207_baseline_phase_change_run07,baseline,phase_change,1778307058.7653801,/big.txt,65011712,131072,sequential,1.0000,0.0000,0,1,65142784,4096,1,1,0
207,207_baseline_phase_change_run07,baseline,phase_change,1778307058.7666283,/big.txt,65142784,131072,sequential,1.0000,0.0000,0,1,65273856,4096,1,1,0
207,207_baseline_phase_change_run07,baseline,phase_change,1778307058.7679367,/big.txt,65273856,131072,sequential,1.0000,0.0000,0,1,65404928,4096,1,1,0
207,207_baseline_phase_change_run07,baseline,phase_change,1778307058.7691798,/big.txt,65404928,131072,sequential,1.0000,0.0000,0,1,65536000,4096,1,1,0
207,207_baseline_phase_change_run07,baseline,phase_change,1778307058.7704341,/big.txt,65536000,131072,sequential,1.0000,0.0000,0,1,65667072,4096,1,1,0
207,207_baseline_phase_change_run07,baseline,phase_change,1778307058.7717206,/big.txt,65667072,131072,sequential,1.0000,0.0000,0,1,65798144,4096,1,1,0
207,207_baseline_phase_change_run07,baseline,phase_change,1778307058.7729626,/big.txt,65798144,131072,sequential,1.0000,0.0000,0,1,65929216,4096,1,1,0
207,207_baseline_phase_change_run07,baseline,phase_change,1778307058.7742114,/big.txt,65929216,131072,sequential,1.0000,0.0000,0,1,66060288,4096,1,1,0
207,207_baseline_phase_change_run07,baseline,phase_change,1778307058.775492,/big.txt,66060288,131072,sequential,1.0000,0.0000,0,1,66191360,4096,1,1,0
207,207_baseline_phase_change_run07,baseline,phase_change,1778307058.7767403,/big.txt,66191360,131072,sequential,1.0000,0.0000,0,1,66322432,4096,1,1,0
207,207_baseline_phase_change_run07,baseline,phase_change,1778307058.7779956,/big.txt,66322432,131072,sequential,1.0000,0.0000,0,1,66453504,4096,1,1,0
207,207_baseline_phase_change_run07,baseline,phase_change,1778307058.7792914,/big.txt,66453504,131072,sequential,1.0000,0.0000,0,1,66584576,4096,1,1,0
207,207_baseline_phase_change_run07,baseline,phase_change,1778307058.7805421,/big.txt,66584576,131072,sequential,1.0000,0.0000,0,1,66715648,4096,1,1,0
207,207_baseline_phase_change_run07,baseline,phase_change,1778307058.7817874,/big.txt,66715648,131072,sequential,1.0000,0.0000,0,1,66846720,4096,1,1,0
207,207_baseline_phase_change_run07,baseline,phase_change,1778307058.783135,/big.txt,66846720,131072,sequential,1.0000,0.0000,0,1,66977792,4096,1,1,0
207,207_baseline_phase_change_run07,baseline,phase_change,1778307058.7843947,/big.txt,66977792,131072,sequential,1.0000,0.0000,0,1,67108864,4096,1,1,0
207,207_baseline_phase_change_run07,baseline,phase_change,1778307058.7856386,/big.txt,67108864,131072,sequential,1.0000,0.0000,0,1,67239936,4096,1,1,0
207,207_baseline_phase_change_run07,baseline,phase_change,1778307058.786924,/big.txt,67239936,131072,sequential,1.0000,0.0000,0,1,67371008,4096,1,1,0
207,207_baseline_phase_change_run07,baseline,phase_change,1778307058.7881746,/big.txt,67371008,131072,sequential,1.0000,0.0000,0,1,67502080,4096,1,1,0
207,207_baseline_phase_change_run07,baseline,phase_change,1778307058.789417,/big.txt,67502080,131072,sequential,1.0000,0.0000,0,1,67633152,4096,1,1,0
207,207_baseline_phase_change_run07,baseline,phase_change,1778307058.79067,/big.txt,67633152,131072,sequential,1.0000,0.0000,0,1,67764224,4096,1,1,0
207,207_baseline_phase_change_run07,baseline,phase_change,1778307058.7919576,/big.txt,67764224,131072,sequential,1.0000,0.0000,0,1,67895296,4096,1,1,0
207,207_baseline_phase_change_run07,baseline,phase_change,1778307058.7931936,/big.txt,67895296,131072,sequential,1.0000,0.0000,0,1,68026368,4096,1,1,0
207,207_baseline_phase_change_run07,baseline,phase_change,1778307058.7944565,/big.txt,68026368,131072,sequential,1.0000,0.0000,0,1,68157440,4096,1,1,0
207,207_baseline_phase_change_run07,baseline,phase_change,1778307058.795748,/big.txt,68157440,131072,sequential,1.0000,0.0000,0,1,68288512,4096,1,1,0
207,207_baseline_phase_change_run07,baseline,phase_change,1778307058.7970092,/big.txt,68288512,131072,sequential,1.0000,0.0000,0,1,68419584,4096,1,1,0
207,207_baseline_phase_change_run07,baseline,phase_change,1778307058.7982657,/big.txt,68419584,131072,sequential,1.0000,0.0000,0,1,68550656,4096,1,1,0
207,207_baseline_phase_change_run07,baseline,phase_change,1778307058.7995803,/big.txt,68550656,131072,sequential,1.0000,0.0000,0,1,68681728,4096,1,1,0
207,207_baseline_phase_change_run07,baseline,phase_change,1778307058.800832,/big.txt,68681728,131072,sequential,1.0000,0.0000,0,1,68812800,4096,1,1,0
207,207_baseline_phase_change_run07,baseline,phase_change,1778307058.802094,/big.txt,68812800,131072,sequential,1.0000,0.0000,0,1,68943872,4096,1,1,0
207,207_baseline_phase_change_run07,baseline,phase_change,1778307058.803382,/big.txt,68943872,131072,sequential,1.0000,0.0000,0,1,69074944,4096,1,1,0
207,207_baseline_phase_change_run07,baseline,phase_change,1778307058.8046303,/big.txt,69074944,131072,sequential,1.0000,0.0000,0,1,69206016,4096,1,1,0
207,207_baseline_phase_change_run07,baseline,phase_change,1778307058.805869,/big.txt,69206016,131072,sequential,1.0000,0.0000,0,1,69337088,4096,1,1,0
207,207_baseline_phase_change_run07,baseline,phase_change,1778307058.8071501,/big.txt,69337088,131072,sequential,1.0000,0.0000,0,1,69468160,4096,1,1,0
207,207_baseline_phase_change_run07,baseline,phase_change,1778307058.8084016,/big.txt,69468160,131072,sequential,1.0000,0.0000,0,1,69599232,4096,1,1,0
207,207_baseline_phase_change_run07,baseline,phase_change,1778307058.8096488,/big.txt,69599232,131072,sequential,1.0000,0.0000,0,1,69730304,4096,1,1,0
207,207_baseline_phase_change_run07,baseline,phase_change,1778307058.81093,/big.txt,69730304,131072,sequential,1.0000,0.0000,0,1,69861376,4096,1,1,0
207,207_baseline_phase_change_run07,baseline,phase_change,1778307058.812175,/big.txt,69861376,131072,sequential,1.0000,0.0000,0,1,69992448,4096,1,1,0
207,207_baseline_phase_change_run07,baseline,phase_change,1778307058.8134215,/big.txt,69992448,131072,sequential,1.0000,0.0000,0,1,70123520,4096,1,1,0
207,207_baseline_phase_change_run07,baseline,phase_change,1778307058.8146734,/big.txt,70123520,131072,sequential,1.0000,0.0000,0,1,70254592,4096,1,1,0
207,207_baseline_phase_change_run07,baseline,phase_change,1778307058.816013,/big.txt,70254592,131072,sequential,1.0000,0.0000,0,1,70385664,4096,1,1,0
207,207_baseline_phase_change_run07,baseline,phase_change,1778307058.8172626,/big.txt,70385664,131072,sequential,1.0000,0.0000,0,1,70516736,4096,1,1,0
207,207_baseline_phase_change_run07,baseline,phase_change,1778307058.8185139,/big.txt,70516736,131072,sequential,1.0000,0.0000,0,1,70647808,4096,1,1,0
207,207_baseline_phase_change_run07,baseline,phase_change,1778307058.819772,/big.txt,70647808,131072,sequential,1.0000,0.0000,0,1,70778880,4096,1,1,0
207,207_baseline_phase_change_run07,baseline,phase_change,1778307058.8210235,/big.txt,70778880,131072,sequential,1.0000,0.0000,0,1,70909952,4096,1,1,0
207,207_baseline_phase_change_run07,baseline,phase_change,1778307058.8222752,/big.txt,70909952,131072,sequential,1.0000,0.0000,0,1,71041024,4096,1,1,0
207,207_baseline_phase_change_run07,baseline,phase_change,1778307058.8235931,/big.txt,71041024,131072,sequential,1.0000,0.0000,0,1,71172096,4096,1,1,0
207,207_baseline_phase_change_run07,baseline,phase_change,1778307058.8248448,/big.txt,71172096,131072,sequential,1.0000,0.0000,0,1,71303168,4096,1,1,0
207,207_baseline_phase_change_run07,baseline,phase_change,1778307058.8260925,/big.txt,71303168,131072,sequential,1.0000,0.0000,0,1,71434240,4096,1,1,0
207,207_baseline_phase_change_run07,baseline,phase_change,1778307058.827376,/big.txt,71434240,131072,sequential,1.0000,0.0000,0,1,71565312,4096,1,1,0
207,207_baseline_phase_change_run07,baseline,phase_change,1778307058.8286297,/big.txt,71565312,131072,sequential,1.0000,0.0000,0,1,71696384,4096,1,1,0
207,207_baseline_phase_change_run07,baseline,phase_change,1778307058.8298817,/big.txt,71696384,131072,sequential,1.0000,0.0000,0,1,71827456,4096,1,1,0
207,207_baseline_phase_change_run07,baseline,phase_change,1778307058.83118,/big.txt,71827456,131072,sequential,1.0000,0.0000,0,1,71958528,4096,1,1,0
207,207_baseline_phase_change_run07,baseline,phase_change,1778307058.832445,/big.txt,71958528,131072,sequential,1.0000,0.0000,0,1,72089600,4096,1,1,0
207,207_baseline_phase_change_run07,baseline,phase_change,1778307058.8337018,/big.txt,72089600,131072,sequential,1.0000,0.0000,0,1,72220672,4096,1,1,0
207,207_baseline_phase_change_run07,baseline,phase_change,1778307058.835145,/big.txt,72220672,131072,sequential,1.0000,0.0000,0,1,72351744,4096,1,1,0
207,207_baseline_phase_change_run07,baseline,phase_change,1778307058.8364108,/big.txt,72351744,131072,sequential,1.0000,0.0000,0,1,72482816,4096,1,1,0
207,207_baseline_phase_change_run07,baseline,phase_change,1778307058.8376625,/big.txt,72482816,131072,sequential,1.0000,0.0000,0,1,72613888,4096,1,1,0
207,207_baseline_phase_change_run07,baseline,phase_change,1778307058.8389497,/big.txt,72613888,131072,sequential,1.0000,0.0000,0,1,72744960,4096,1,1,0
207,207_baseline_phase_change_run07,baseline,phase_change,1778307058.840192,/big.txt,72744960,131072,sequential,1.0000,0.0000,0,1,72876032,4096,1,1,0
207,207_baseline_phase_change_run07,baseline,phase_change,1778307058.841442,/big.txt,72876032,131072,sequential,1.0000,0.0000,0,1,73007104,4096,1,1,0
207,207_baseline_phase_change_run07,baseline,phase_change,1778307058.8426857,/big.txt,73007104,131072,sequential,1.0000,0.0000,0,1,73138176,4096,1,1,0
207,207_baseline_phase_change_run07,baseline,phase_change,1778307058.8439727,/big.txt,73138176,131072,sequential,1.0000,0.0000,0,1,73269248,4096,1,1,0
207,207_baseline_phase_change_run07,baseline,phase_change,1778307058.8452194,/big.txt,73269248,131072,sequential,1.0000,0.0000,0,1,73400320,4096,1,1,0
207,207_baseline_phase_change_run07,baseline,phase_change,1778307058.8464737,/big.txt,73400320,131072,sequential,1.0000,0.0000,0,1,73531392,4096,1,1,0
207,207_baseline_phase_change_run07,baseline,phase_change,1778307058.8477647,/big.txt,73531392,131072,sequential,1.0000,0.0000,0,1,73662464,4096,1,1,0
207,207_baseline_phase_change_run07,baseline,phase_change,1778307058.8490076,/big.txt,73662464,131072,sequential,1.0000,0.0000,0,1,73793536,4096,1,1,0
207,207_baseline_phase_change_run07,baseline,phase_change,1778307058.8502657,/big.txt,73793536,131072,sequential,1.0000,0.0000,0,1,73924608,4096,1,1,0
207,207_baseline_phase_change_run07,baseline,phase_change,1778307058.8515625,/big.txt,73924608,131072,sequential,1.0000,0.0000,0,1,74055680,4096,1,1,0
207,207_baseline_phase_change_run07,baseline,phase_change,1778307058.852809,/big.txt,74055680,131072,sequential,1.0000,0.0000,0,1,74186752,4096,1,1,0
207,207_baseline_phase_change_run07,baseline,phase_change,1778307058.8540614,/big.txt,74186752,131072,sequential,1.0000,0.0000,0,1,74317824,4096,1,1,0
207,207_baseline_phase_change_run07,baseline,phase_change,1778307058.8553357,/big.txt,74317824,131072,sequential,1.0000,0.0000,0,1,74448896,4096,1,1,0
207,207_baseline_phase_change_run07,baseline,phase_change,1778307058.8565762,/big.txt,74448896,131072,sequential,1.0000,0.0000,0,1,74579968,4096,1,1,0
207,207_baseline_phase_change_run07,baseline,phase_change,1778307058.8578234,/big.txt,74579968,131072,sequential,1.0000,0.0000,0,1,74711040,4096,1,1,0
207,207_baseline_phase_change_run07,baseline,phase_change,1778307058.859106,/big.txt,74711040,131072,sequential,1.0000,0.0000,0,1,74842112,4096,1,1,0
207,207_baseline_phase_change_run07,baseline,phase_change,1778307058.8603575,/big.txt,74842112,131072,sequential,1.0000,0.0000,0,1,74973184,4096,1,1,0
207,207_baseline_phase_change_run07,baseline,phase_change,1778307058.861599,/big.txt,74973184,131072,sequential,1.0000,0.0000,0,1,75104256,4096,1,1,0
207,207_baseline_phase_change_run07,baseline,phase_change,1778307058.8629851,/big.txt,75104256,131072,sequential,1.0000,0.0000,0,1,75235328,4096,1,1,0
207,207_baseline_phase_change_run07,baseline,phase_change,1778307058.8654845,/big.txt,75235328,131072,sequential,1.0000,0.0000,0,1,75366400,4096,1,1,0
207,207_baseline_phase_change_run07,baseline,phase_change,1778307058.8680239,/big.txt,75366400,131072,sequential,1.0000,0.0000,0,1,75497472,4096,1,1,0
207,207_baseline_phase_change_run07,baseline,phase_change,1778307058.8705022,/big.txt,75497472,131072,sequential,1.0000,0.0000,0,1,75628544,4096,1,1,0
207,207_baseline_phase_change_run07,baseline,phase_change,1778307058.8730328,/big.txt,75628544,131072,sequential,1.0000,0.0000,0,1,75759616,4096,1,1,0
207,207_baseline_phase_change_run07,baseline,phase_change,1778307058.8750744,/big.txt,75759616,131072,sequential,1.0000,0.0000,0,1,75890688,4096,1,1,0
207,207_baseline_phase_change_run07,baseline,phase_change,1778307058.8763351,/big.txt,75890688,131072,sequential,1.0000,0.0000,0,1,76021760,4096,1,1,0
207,207_baseline_phase_change_run07,baseline,phase_change,1778307058.8775935,/big.txt,76021760,131072,sequential,1.0000,0.0000,0,1,76152832,4096,1,1,0
207,207_baseline_phase_change_run07,baseline,phase_change,1778307058.878933,/big.txt,76152832,131072,sequential,1.0000,0.0000,0,1,76283904,4096,1,1,0
207,207_baseline_phase_change_run07,baseline,phase_change,1778307058.880194,/big.txt,76283904,131072,sequential,1.0000,0.0000,0,1,76414976,4096,1,1,0
207,207_baseline_phase_change_run07,baseline,phase_change,1778307058.8814423,/big.txt,76414976,131072,sequential,1.0000,0.0000,0,1,76546048,4096,1,1,0
207,207_baseline_phase_change_run07,baseline,phase_change,1778307058.8826764,/big.txt,76546048,131072,sequential,1.0000,0.0000,0,1,76677120,4096,1,1,0
207,207_baseline_phase_change_run07,baseline,phase_change,1778307058.883963,/big.txt,76677120,131072,sequential,1.0000,0.0000,0,1,76808192,4096,1,1,0
207,207_baseline_phase_change_run07,baseline,phase_change,1778307058.885214,/big.txt,76808192,131072,sequential,1.0000,0.0000,0,1,76939264,4096,1,1,0
207,207_baseline_phase_change_run07,baseline,phase_change,1778307058.8864555,/big.txt,76939264,131072,sequential,1.0000,0.0000,0,1,77070336,4096,1,1,0
207,207_baseline_phase_change_run07,baseline,phase_change,1778307058.8877344,/big.txt,77070336,131072,sequential,1.0000,0.0000,0,1,77201408,4096,1,1,0
207,207_baseline_phase_change_run07,baseline,phase_change,1778307058.888985,/big.txt,77201408,131072,sequential,1.0000,0.0000,0,1,77332480,4096,1,1,0
207,207_baseline_phase_change_run07,baseline,phase_change,1778307058.8902519,/big.txt,77332480,131072,sequential,1.0000,0.0000,0,1,77463552,4096,1,1,0
207,207_baseline_phase_change_run07,baseline,phase_change,1778307058.8915448,/big.txt,77463552,131072,sequential,1.0000,0.0000,0,1,77594624,4096,1,1,0
207,207_baseline_phase_change_run07,baseline,phase_change,1778307058.8928034,/big.txt,77594624,131072,sequential,1.0000,0.0000,0,1,77725696,4096,1,1,0
207,207_baseline_phase_change_run07,baseline,phase_change,1778307058.89405,/big.txt,77725696,131072,sequential,1.0000,0.0000,0,1,77856768,4096,1,1,0
207,207_baseline_phase_change_run07,baseline,phase_change,1778307058.8953483,/big.txt,77856768,131072,sequential,1.0000,0.0000,0,1,77987840,4096,1,1,0
207,207_baseline_phase_change_run07,baseline,phase_change,1778307058.8966005,/big.txt,77987840,131072,sequential,1.0000,0.0000,0,1,78118912,4096,1,1,0
207,207_baseline_phase_change_run07,baseline,phase_change,1778307058.8978431,/big.txt,78118912,131072,sequential,1.0000,0.0000,0,1,78249984,4096,1,1,0
207,207_baseline_phase_change_run07,baseline,phase_change,1778307058.8991652,/big.txt,78249984,131072,sequential,1.0000,0.0000,0,1,78381056,4096,1,1,0
207,207_baseline_phase_change_run07,baseline,phase_change,1778307058.9004064,/big.txt,78381056,131072,sequential,1.0000,0.0000,0,1,78512128,4096,1,1,0
207,207_baseline_phase_change_run07,baseline,phase_change,1778307058.9016528,/big.txt,78512128,131072,sequential,1.0000,0.0000,0,1,78643200,4096,1,1,0
207,207_baseline_phase_change_run07,baseline,phase_change,1778307058.902937,/big.txt,78643200,131072,sequential,1.0000,0.0000,0,1,78774272,4096,1,1,0
207,207_baseline_phase_change_run07,baseline,phase_change,1778307058.904192,/big.txt,78774272,131072,sequential,1.0000,0.0000,0,1,78905344,4096,1,1,0
207,207_baseline_phase_change_run07,baseline,phase_change,1778307058.9054427,/big.txt,78905344,131072,sequential,1.0000,0.0000,0,1,79036416,4096,1,1,0
207,207_baseline_phase_change_run07,baseline,phase_change,1778307058.9066863,/big.txt,79036416,131072,sequential,1.0000,0.0000,0,1,79167488,4096,1,1,0
207,207_baseline_phase_change_run07,baseline,phase_change,1778307058.90798,/big.txt,79167488,131072,sequential,1.0000,0.0000,0,1,79298560,4096,1,1,0
207,207_baseline_phase_change_run07,baseline,phase_change,1778307058.9092302,/big.txt,79298560,131072,sequential,1.0000,0.0000,0,1,79429632,4096,1,1,0
207,207_baseline_phase_change_run07,baseline,phase_change,1778307058.9104865,/big.txt,79429632,131072,sequential,1.0000,0.0000,0,1,79560704,4096,1,1,0
207,207_baseline_phase_change_run07,baseline,phase_change,1778307058.9117777,/big.txt,79560704,131072,sequential,1.0000,0.0000,0,1,79691776,4096,1,1,0
207,207_baseline_phase_change_run07,baseline,phase_change,1778307058.91302,/big.txt,79691776,131072,sequential,1.0000,0.0000,0,1,79822848,4096,1,1,0
207,207_baseline_phase_change_run07,baseline,phase_change,1778307058.914273,/big.txt,79822848,131072,sequential,1.0000,0.0000,0,1,79953920,4096,1,1,0
207,207_baseline_phase_change_run07,baseline,phase_change,1778307058.9155755,/big.txt,79953920,131072,sequential,1.0000,0.0000,0,1,80084992,4096,1,1,0
207,207_baseline_phase_change_run07,baseline,phase_change,1778307058.9168417,/big.txt,80084992,131072,sequential,1.0000,0.0000,0,1,80216064,4096,1,1,0
207,207_baseline_phase_change_run07,baseline,phase_change,1778307058.9181008,/big.txt,80216064,131072,sequential,1.0000,0.0000,0,1,80347136,4096,1,1,0
207,207_baseline_phase_change_run07,baseline,phase_change,1778307058.919384,/big.txt,80347136,131072,sequential,1.0000,0.0000,0,1,80478208,4096,1,1,0
207,207_baseline_phase_change_run07,baseline,phase_change,1778307058.9206307,/big.txt,80478208,131072,sequential,1.0000,0.0000,0,1,80609280,4096,1,1,0
207,207_baseline_phase_change_run07,baseline,phase_change,1778307058.9218836,/big.txt,80609280,131072,sequential,1.0000,0.0000,0,1,80740352,4096,1,1,0
207,207_baseline_phase_change_run07,baseline,phase_change,1778307058.9231694,/big.txt,80740352,131072,sequential,1.0000,0.0000,0,1,80871424,4096,1,1,0
207,207_baseline_phase_change_run07,baseline,phase_change,1778307058.924428,/big.txt,80871424,131072,sequential,1.0000,0.0000,0,1,81002496,4096,1,1,0
207,207_baseline_phase_change_run07,baseline,phase_change,1778307058.9256673,/big.txt,81002496,131072,sequential,1.0000,0.0000,0,1,81133568,4096,1,1,0
207,207_baseline_phase_change_run07,baseline,phase_change,1778307058.9270625,/big.txt,81133568,131072,sequential,1.0000,0.0000,0,1,81264640,4096,1,1,0
207,207_baseline_phase_change_run07,baseline,phase_change,1778307058.9283223,/big.txt,81264640,131072,sequential,1.0000,0.0000,0,1,81395712,4096,1,1,0
207,207_baseline_phase_change_run07,baseline,phase_change,1778307058.929589,/big.txt,81395712,131072,sequential,1.0000,0.0000,0,1,81526784,4096,1,1,0
207,207_baseline_phase_change_run07,baseline,phase_change,1778307058.9308789,/big.txt,81526784,131072,sequential,1.0000,0.0000,0,1,81657856,4096,1,1,0
207,207_baseline_phase_change_run07,baseline,phase_change,1778307058.9321153,/big.txt,81657856,131072,sequential,1.0000,0.0000,0,1,81788928,4096,1,1,0
207,207_baseline_phase_change_run07,baseline,phase_change,1778307058.9333682,/big.txt,81788928,131072,sequential,1.0000,0.0000,0,1,81920000,4096,1,1,0
207,207_baseline_phase_change_run07,baseline,phase_change,1778307058.9346085,/big.txt,81920000,131072,sequential,1.0000,0.0000,0,1,82051072,4096,1,1,0
207,207_baseline_phase_change_run07,baseline,phase_change,1778307058.9358664,/big.txt,82051072,131072,sequential,1.0000,0.0000,0,1,82182144,4096,1,1,0
207,207_baseline_phase_change_run07,baseline,phase_change,1778307058.9371104,/big.txt,82182144,131072,sequential,1.0000,0.0000,0,1,82313216,4096,1,1,0
207,207_baseline_phase_change_run07,baseline,phase_change,1778307058.938368,/big.txt,82313216,131072,sequential,1.0000,0.0000,0,1,82444288,4096,1,1,0
207,207_baseline_phase_change_run07,baseline,phase_change,1778307058.9396837,/big.txt,82444288,131072,sequential,1.0000,0.0000,0,1,82575360,4096,1,1,0
207,207_baseline_phase_change_run07,baseline,phase_change,1778307058.940991,/big.txt,82575360,131072,sequential,1.0000,0.0000,0,1,82706432,4096,1,1,0
207,207_baseline_phase_change_run07,baseline,phase_change,1778307058.9422503,/big.txt,82706432,131072,sequential,1.0000,0.0000,0,1,82837504,4096,1,1,0
207,207_baseline_phase_change_run07,baseline,phase_change,1778307058.9435358,/big.txt,82837504,131072,sequential,1.0000,0.0000,0,1,82968576,4096,1,1,0
207,207_baseline_phase_change_run07,baseline,phase_change,1778307058.944784,/big.txt,82968576,131072,sequential,1.0000,0.0000,0,1,83099648,4096,1,1,0
207,207_baseline_phase_change_run07,baseline,phase_change,1778307058.9460318,/big.txt,83099648,131072,sequential,1.0000,0.0000,0,1,83230720,4096,1,1,0
207,207_baseline_phase_change_run07,baseline,phase_change,1778307058.947351,/big.txt,83230720,131072,sequential,1.0000,0.0000,0,1,83361792,4096,1,1,0
207,207_baseline_phase_change_run07,baseline,phase_change,1778307058.948604,/big.txt,83361792,131072,sequential,1.0000,0.0000,0,1,83492864,4096,1,1,0
207,207_baseline_phase_change_run07,baseline,phase_change,1778307058.9498625,/big.txt,83492864,131072,sequential,1.0000,0.0000,0,1,83623936,4096,1,1,0
207,207_baseline_phase_change_run07,baseline,phase_change,1778307058.9513535,/big.txt,83623936,131072,sequential,1.0000,0.0000,0,1,83755008,4096,1,1,0
207,207_baseline_phase_change_run07,baseline,phase_change,1778307058.9526036,/big.txt,83755008,131072,sequential,1.0000,0.0000,0,1,83886080,4096,1,1,0
207,207_baseline_phase_change_run07,baseline,phase_change,1778307058.953866,/big.txt,83886080,131072,sequential,1.0000,0.0000,0,1,84017152,4096,1,1,0
207,207_baseline_phase_change_run07,baseline,phase_change,1778307058.9551487,/big.txt,84017152,131072,sequential,1.0000,0.0000,0,1,84148224,4096,1,1,0
207,207_baseline_phase_change_run07,baseline,phase_change,1778307058.9564033,/big.txt,84148224,131072,sequential,1.0000,0.0000,0,1,84279296,4096,1,1,0
207,207_baseline_phase_change_run07,baseline,phase_change,1778307058.9576502,/big.txt,84279296,131072,sequential,1.0000,0.0000,0,1,84410368,4096,1,1,0
207,207_baseline_phase_change_run07,baseline,phase_change,1778307058.9589362,/big.txt,84410368,131072,sequential,1.0000,0.0000,0,1,84541440,4096,1,1,0
207,207_baseline_phase_change_run07,baseline,phase_change,1778307058.9601843,/big.txt,84541440,131072,sequential,1.0000,0.0000,0,1,84672512,4096,1,1,0
207,207_baseline_phase_change_run07,baseline,phase_change,1778307058.961435,/big.txt,84672512,131072,sequential,1.0000,0.0000,0,1,84803584,4096,1,1,0
207,207_baseline_phase_change_run07,baseline,phase_change,1778307058.9626915,/big.txt,84803584,131072,sequential,1.0000,0.0000,0,1,84934656,4096,1,1,0
207,207_baseline_phase_change_run07,baseline,phase_change,1778307058.96397,/big.txt,84934656,131072,sequential,1.0000,0.0000,0,1,85065728,4096,1,1,0
207,207_baseline_phase_change_run07,baseline,phase_change,1778307058.9652083,/big.txt,85065728,131072,sequential,1.0000,0.0000,0,1,85196800,4096,1,1,0
207,207_baseline_phase_change_run07,baseline,phase_change,1778307058.9664521,/big.txt,85196800,131072,sequential,1.0000,0.0000,0,1,85327872,4096,1,1,0
207,207_baseline_phase_change_run07,baseline,phase_change,1778307058.9677289,/big.txt,85327872,131072,sequential,1.0000,0.0000,0,1,85458944,4096,1,1,0
207,207_baseline_phase_change_run07,baseline,phase_change,1778307058.9689722,/big.txt,85458944,131072,sequential,1.0000,0.0000,0,1,85590016,4096,1,1,0
207,207_baseline_phase_change_run07,baseline,phase_change,1778307058.970224,/big.txt,85590016,131072,sequential,1.0000,0.0000,0,1,85721088,4096,1,1,0
207,207_baseline_phase_change_run07,baseline,phase_change,1778307058.9715316,/big.txt,85721088,131072,sequential,1.0000,0.0000,0,1,85852160,4096,1,1,0
207,207_baseline_phase_change_run07,baseline,phase_change,1778307058.9727871,/big.txt,85852160,131072,sequential,1.0000,0.0000,0,1,85983232,4096,1,1,0
207,207_baseline_phase_change_run07,baseline,phase_change,1778307058.9740303,/big.txt,85983232,131072,sequential,1.0000,0.0000,0,1,86114304,4096,1,1,0
207,207_baseline_phase_change_run07,baseline,phase_change,1778307058.9753191,/big.txt,86114304,131072,sequential,1.0000,0.0000,0,1,86245376,4096,1,1,0
207,207_baseline_phase_change_run07,baseline,phase_change,1778307058.976577,/big.txt,86245376,131072,sequential,1.0000,0.0000,0,1,86376448,4096,1,1,0
207,207_baseline_phase_change_run07,baseline,phase_change,1778307058.9778264,/big.txt,86376448,131072,sequential,1.0000,0.0000,0,1,86507520,4096,1,1,0
207,207_baseline_phase_change_run07,baseline,phase_change,1778307058.9791234,/big.txt,86507520,131072,sequential,1.0000,0.0000,0,1,86638592,4096,1,1,0
207,207_baseline_phase_change_run07,baseline,phase_change,1778307058.9803717,/big.txt,86638592,131072,sequential,1.0000,0.0000,0,1,86769664,4096,1,1,0
207,207_baseline_phase_change_run07,baseline,phase_change,1778307058.9816234,/big.txt,86769664,131072,sequential,1.0000,0.0000,0,1,86900736,4096,1,1,0
207,207_baseline_phase_change_run07,baseline,phase_change,1778307058.9829116,/big.txt,86900736,131072,sequential,1.0000,0.0000,0,1,87031808,4096,1,1,0
207,207_baseline_phase_change_run07,baseline,phase_change,1778307058.984155,/big.txt,87031808,131072,sequential,1.0000,0.0000,0,1,87162880,4096,1,1,0
207,207_baseline_phase_change_run07,baseline,phase_change,1778307058.9854047,/big.txt,87162880,131072,sequential,1.0000,0.0000,0,1,87293952,4096,1,1,0
207,207_baseline_phase_change_run07,baseline,phase_change,1778307058.9866555,/big.txt,87293952,131072,sequential,1.0000,0.0000,0,1,87425024,4096,1,1,0
207,207_baseline_phase_change_run07,baseline,phase_change,1778307058.9879675,/big.txt,87425024,131072,sequential,1.0000,0.0000,0,1,87556096,4096,1,1,0
207,207_baseline_phase_change_run07,baseline,phase_change,1778307058.989222,/big.txt,87556096,131072,sequential,1.0000,0.0000,0,1,87687168,4096,1,1,0
207,207_baseline_phase_change_run07,baseline,phase_change,1778307058.9904592,/big.txt,87687168,131072,sequential,1.0000,0.0000,0,1,87818240,4096,1,1,0
207,207_baseline_phase_change_run07,baseline,phase_change,1778307058.9917624,/big.txt,87818240,131072,sequential,1.0000,0.0000,0,1,87949312,4096,1,1,0
207,207_baseline_phase_change_run07,baseline,phase_change,1778307058.993023,/big.txt,87949312,131072,sequential,1.0000,0.0000,0,1,88080384,4096,1,1,0
207,207_baseline_phase_change_run07,baseline,phase_change,1778307058.9942756,/big.txt,88080384,131072,sequential,1.0000,0.0000,0,1,88211456,4096,1,1,0
207,207_baseline_phase_change_run07,baseline,phase_change,1778307058.9955642,/big.txt,88211456,131072,sequential,1.0000,0.0000,0,1,88342528,4096,1,1,0
207,207_baseline_phase_change_run07,baseline,phase_change,1778307058.996822,/big.txt,88342528,131072,sequential,1.0000,0.0000,0,1,88473600,4096,1,1,0
207,207_baseline_phase_change_run07,baseline,phase_change,1778307058.9980743,/big.txt,88473600,131072,sequential,1.0000,0.0000,0,1,88604672,4096,1,1,0
207,207_baseline_phase_change_run07,baseline,phase_change,1778307058.999431,/big.txt,88604672,131072,sequential,1.0000,0.0000,0,1,88735744,4096,1,1,0
207,207_baseline_phase_change_run07,baseline,phase_change,1778307059.0006754,/big.txt,88735744,131072,sequential,1.0000,0.0000,0,1,88866816,4096,1,1,0
207,207_baseline_phase_change_run07,baseline,phase_change,1778307059.0019276,/big.txt,88866816,131072,sequential,1.0000,0.0000,0,1,88997888,4096,1,1,0
207,207_baseline_phase_change_run07,baseline,phase_change,1778307059.003209,/big.txt,88997888,131072,sequential,1.0000,0.0000,0,1,89128960,4096,1,1,0
207,207_baseline_phase_change_run07,baseline,phase_change,1778307059.0044649,/big.txt,89128960,131072,sequential,1.0000,0.0000,0,1,89260032,4096,1,1,0
207,207_baseline_phase_change_run07,baseline,phase_change,1778307059.0057168,/big.txt,89260032,131072,sequential,1.0000,0.0000,0,1,89391104,4096,1,1,0
207,207_baseline_phase_change_run07,baseline,phase_change,1778307059.0070293,/big.txt,89391104,131072,sequential,1.0000,0.0000,0,1,89522176,4096,1,1,0
207,207_baseline_phase_change_run07,baseline,phase_change,1778307059.0082793,/big.txt,89522176,131072,sequential,1.0000,0.0000,0,1,89653248,4096,1,1,0
207,207_baseline_phase_change_run07,baseline,phase_change,1778307059.0095408,/big.txt,89653248,131072,sequential,1.0000,0.0000,0,1,89784320,4096,1,1,0
207,207_baseline_phase_change_run07,baseline,phase_change,1778307059.0108132,/big.txt,89784320,131072,sequential,1.0000,0.0000,0,1,89915392,4096,1,1,0
207,207_baseline_phase_change_run07,baseline,phase_change,1778307059.012091,/big.txt,89915392,131072,sequential,1.0000,0.0000,0,1,90046464,4096,1,1,0
207,207_baseline_phase_change_run07,baseline,phase_change,1778307059.0133512,/big.txt,90046464,131072,sequential,1.0000,0.0000,0,1,90177536,4096,1,1,0
207,207_baseline_phase_change_run07,baseline,phase_change,1778307059.014603,/big.txt,90177536,131072,sequential,1.0000,0.0000,0,1,90308608,4096,1,1,0
207,207_baseline_phase_change_run07,baseline,phase_change,1778307059.015855,/big.txt,90308608,131072,sequential,1.0000,0.0000,0,1,90439680,4096,1,1,0
207,207_baseline_phase_change_run07,baseline,phase_change,1778307059.017105,/big.txt,90439680,131072,sequential,1.0000,0.0000,0,1,90570752,4096,1,1,0
207,207_baseline_phase_change_run07,baseline,phase_change,1778307059.018357,/big.txt,90570752,131072,sequential,1.0000,0.0000,0,1,90701824,4096,1,1,0
207,207_baseline_phase_change_run07,baseline,phase_change,1778307059.0196636,/big.txt,90701824,131072,sequential,1.0000,0.0000,0,1,90832896,4096,1,1,0
207,207_baseline_phase_change_run07,baseline,phase_change,1778307059.0209482,/big.txt,90832896,131072,sequential,1.0000,0.0000,0,1,90963968,4096,1,1,0
207,207_baseline_phase_change_run07,baseline,phase_change,1778307059.0221953,/big.txt,90963968,131072,sequential,1.0000,0.0000,0,1,91095040,4096,1,1,0
207,207_baseline_phase_change_run07,baseline,phase_change,1778307059.023497,/big.txt,91095040,131072,sequential,1.0000,0.0000,0,1,91226112,4096,1,1,0
207,207_baseline_phase_change_run07,baseline,phase_change,1778307059.0247412,/big.txt,91226112,131072,sequential,1.0000,0.0000,0,1,91357184,4096,1,1,0
207,207_baseline_phase_change_run07,baseline,phase_change,1778307059.0259938,/big.txt,91357184,131072,sequential,1.0000,0.0000,0,1,91488256,4096,1,1,0
207,207_baseline_phase_change_run07,baseline,phase_change,1778307059.0273316,/big.txt,91488256,131072,sequential,1.0000,0.0000,0,1,91619328,4096,1,1,0
207,207_baseline_phase_change_run07,baseline,phase_change,1778307059.0285954,/big.txt,91619328,131072,sequential,1.0000,0.0000,0,1,91750400,4096,1,1,0
207,207_baseline_phase_change_run07,baseline,phase_change,1778307059.0298398,/big.txt,91750400,131072,sequential,1.0000,0.0000,0,1,91881472,4096,1,1,0
207,207_baseline_phase_change_run07,baseline,phase_change,1778307059.031175,/big.txt,91881472,131072,sequential,1.0000,0.0000,0,1,92012544,4096,1,1,0
207,207_baseline_phase_change_run07,baseline,phase_change,1778307059.0324383,/big.txt,92012544,131072,sequential,1.0000,0.0000,0,1,92143616,4096,1,1,0
207,207_baseline_phase_change_run07,baseline,phase_change,1778307059.0336971,/big.txt,92143616,131072,sequential,1.0000,0.0000,0,1,92274688,4096,1,1,0
207,207_baseline_phase_change_run07,baseline,phase_change,1778307059.0349834,/big.txt,92274688,131072,sequential,1.0000,0.0000,0,1,92405760,4096,1,1,0
207,207_baseline_phase_change_run07,baseline,phase_change,1778307059.0362327,/big.txt,92405760,131072,sequential,1.0000,0.0000,0,1,92536832,4096,1,1,0
207,207_baseline_phase_change_run07,baseline,phase_change,1778307059.037492,/big.txt,92536832,131072,sequential,1.0000,0.0000,0,1,92667904,4096,1,1,0
207,207_baseline_phase_change_run07,baseline,phase_change,1778307059.0387487,/big.txt,92667904,131072,sequential,1.0000,0.0000,0,1,92798976,4096,1,1,0
207,207_baseline_phase_change_run07,baseline,phase_change,1778307059.040027,/big.txt,92798976,131072,sequential,1.0000,0.0000,0,1,92930048,4096,1,1,0
207,207_baseline_phase_change_run07,baseline,phase_change,1778307059.041268,/big.txt,92930048,131072,sequential,1.0000,0.0000,0,1,93061120,4096,1,1,0
207,207_baseline_phase_change_run07,baseline,phase_change,1778307059.0425167,/big.txt,93061120,131072,sequential,1.0000,0.0000,0,1,93192192,4096,1,1,0
207,207_baseline_phase_change_run07,baseline,phase_change,1778307059.0437634,/big.txt,93192192,131072,sequential,1.0000,0.0000,0,1,93323264,4096,1,1,0
207,207_baseline_phase_change_run07,baseline,phase_change,1778307059.04502,/big.txt,93323264,131072,sequential,1.0000,0.0000,0,1,93454336,4096,1,1,0
207,207_baseline_phase_change_run07,baseline,phase_change,1778307059.0462627,/big.txt,93454336,131072,sequential,1.0000,0.0000,0,1,93585408,4096,1,1,0
207,207_baseline_phase_change_run07,baseline,phase_change,1778307059.047589,/big.txt,93585408,131072,sequential,1.0000,0.0000,0,1,93716480,4096,1,1,0
207,207_baseline_phase_change_run07,baseline,phase_change,1778307059.0488424,/big.txt,93716480,131072,sequential,1.0000,0.0000,0,1,93847552,4096,1,1,0
207,207_baseline_phase_change_run07,baseline,phase_change,1778307059.0500872,/big.txt,93847552,131072,sequential,1.0000,0.0000,0,1,93978624,4096,1,1,0
207,207_baseline_phase_change_run07,baseline,phase_change,1778307059.0514183,/big.txt,93978624,131072,sequential,1.0000,0.0000,0,1,94109696,4096,1,1,0
207,207_baseline_phase_change_run07,baseline,phase_change,1778307059.0526745,/big.txt,94109696,131072,sequential,1.0000,0.0000,0,1,94240768,4096,1,1,0
207,207_baseline_phase_change_run07,baseline,phase_change,1778307059.0539248,/big.txt,94240768,131072,sequential,1.0000,0.0000,0,1,94371840,4096,1,1,0
207,207_baseline_phase_change_run07,baseline,phase_change,1778307059.0552073,/big.txt,94371840,131072,sequential,1.0000,0.0000,0,1,94502912,4096,1,1,0
207,207_baseline_phase_change_run07,baseline,phase_change,1778307059.0564573,/big.txt,94502912,131072,sequential,1.0000,0.0000,0,1,94633984,4096,1,1,0
207,207_baseline_phase_change_run07,baseline,phase_change,1778307059.0577042,/big.txt,94633984,131072,sequential,1.0000,0.0000,0,1,94765056,4096,1,1,0
207,207_baseline_phase_change_run07,baseline,phase_change,1778307059.0592387,/big.txt,94765056,131072,sequential,1.0000,0.0000,0,1,94896128,4096,1,1,0
207,207_baseline_phase_change_run07,baseline,phase_change,1778307059.061722,/big.txt,94896128,131072,sequential,1.0000,0.0000,0,1,95027200,4096,1,1,0
207,207_baseline_phase_change_run07,baseline,phase_change,1778307059.0642507,/big.txt,95027200,131072,sequential,1.0000,0.0000,0,1,95158272,4096,1,1,0
207,207_baseline_phase_change_run07,baseline,phase_change,1778307059.0666869,/big.txt,95158272,131072,sequential,1.0000,0.0000,0,1,95289344,4096,1,1,0
207,207_baseline_phase_change_run07,baseline,phase_change,1778307059.0691895,/big.txt,95289344,131072,sequential,1.0000,0.0000,0,1,95420416,4096,1,1,0
207,207_baseline_phase_change_run07,baseline,phase_change,1778307059.0711005,/big.txt,95420416,131072,sequential,1.0000,0.0000,0,1,95551488,4096,1,1,0
207,207_baseline_phase_change_run07,baseline,phase_change,1778307059.072355,/big.txt,95551488,131072,sequential,1.0000,0.0000,0,1,95682560,4096,1,1,0
207,207_baseline_phase_change_run07,baseline,phase_change,1778307059.0736089,/big.txt,95682560,131072,sequential,1.0000,0.0000,0,1,95813632,4096,1,1,0
207,207_baseline_phase_change_run07,baseline,phase_change,1778307059.0749576,/big.txt,95813632,131072,sequential,1.0000,0.0000,0,1,95944704,4096,1,1,0
207,207_baseline_phase_change_run07,baseline,phase_change,1778307059.0762177,/big.txt,95944704,131072,sequential,1.0000,0.0000,0,1,96075776,4096,1,1,0
207,207_baseline_phase_change_run07,baseline,phase_change,1778307059.077468,/big.txt,96075776,131072,sequential,1.0000,0.0000,0,1,96206848,4096,1,1,0
207,207_baseline_phase_change_run07,baseline,phase_change,1778307059.0787153,/big.txt,96206848,131072,sequential,1.0000,0.0000,0,1,96337920,4096,1,1,0
207,207_baseline_phase_change_run07,baseline,phase_change,1778307059.0800014,/big.txt,96337920,131072,sequential,1.0000,0.0000,0,1,96468992,4096,1,1,0
207,207_baseline_phase_change_run07,baseline,phase_change,1778307059.081252,/big.txt,96468992,131072,sequential,1.0000,0.0000,0,1,96600064,4096,1,1,0
207,207_baseline_phase_change_run07,baseline,phase_change,1778307059.0825078,/big.txt,96600064,131072,sequential,1.0000,0.0000,0,1,96731136,4096,1,1,0
207,207_baseline_phase_change_run07,baseline,phase_change,1778307059.083798,/big.txt,96731136,131072,sequential,1.0000,0.0000,0,1,96862208,4096,1,1,0
207,207_baseline_phase_change_run07,baseline,phase_change,1778307059.0850394,/big.txt,96862208,131072,sequential,1.0000,0.0000,0,1,96993280,4096,1,1,0
207,207_baseline_phase_change_run07,baseline,phase_change,1778307059.0862844,/big.txt,96993280,131072,sequential,1.0000,0.0000,0,1,97124352,4096,1,1,0
207,207_baseline_phase_change_run07,baseline,phase_change,1778307059.0875905,/big.txt,97124352,131072,sequential,1.0000,0.0000,0,1,97255424,4096,1,1,0
207,207_baseline_phase_change_run07,baseline,phase_change,1778307059.0888433,/big.txt,97255424,131072,sequential,1.0000,0.0000,0,1,97386496,4096,1,1,0
207,207_baseline_phase_change_run07,baseline,phase_change,1778307059.090084,/big.txt,97386496,131072,sequential,1.0000,0.0000,0,1,97517568,4096,1,1,0
207,207_baseline_phase_change_run07,baseline,phase_change,1778307059.0913827,/big.txt,97517568,131072,sequential,1.0000,0.0000,0,1,97648640,4096,1,1,0
207,207_baseline_phase_change_run07,baseline,phase_change,1778307059.0926335,/big.txt,97648640,131072,sequential,1.0000,0.0000,0,1,97779712,4096,1,1,0
207,207_baseline_phase_change_run07,baseline,phase_change,1778307059.0938804,/big.txt,97779712,131072,sequential,1.0000,0.0000,0,1,97910784,4096,1,1,0
207,207_baseline_phase_change_run07,baseline,phase_change,1778307059.0951657,/big.txt,97910784,131072,sequential,1.0000,0.0000,0,1,98041856,4096,1,1,0
207,207_baseline_phase_change_run07,baseline,phase_change,1778307059.0964136,/big.txt,98041856,131072,sequential,1.0000,0.0000,0,1,98172928,4096,1,1,0
207,207_baseline_phase_change_run07,baseline,phase_change,1778307059.097659,/big.txt,98172928,131072,sequential,1.0000,0.0000,0,1,98304000,4096,1,1,0
207,207_baseline_phase_change_run07,baseline,phase_change,1778307059.098947,/big.txt,98304000,131072,sequential,1.0000,0.0000,0,1,98435072,4096,1,1,0
207,207_baseline_phase_change_run07,baseline,phase_change,1778307059.1001909,/big.txt,98435072,131072,sequential,1.0000,0.0000,0,1,98566144,4096,1,1,0
207,207_baseline_phase_change_run07,baseline,phase_change,1778307059.1014502,/big.txt,98566144,131072,sequential,1.0000,0.0000,0,1,98697216,4096,1,1,0
207,207_baseline_phase_change_run07,baseline,phase_change,1778307059.1026897,/big.txt,98697216,131072,sequential,1.0000,0.0000,0,1,98828288,4096,1,1,0
207,207_baseline_phase_change_run07,baseline,phase_change,1778307059.1040423,/big.txt,98828288,131072,sequential,1.0000,0.0000,0,1,98959360,4096,1,1,0
207,207_baseline_phase_change_run07,baseline,phase_change,1778307059.1052847,/big.txt,98959360,131072,sequential,1.0000,0.0000,0,1,99090432,4096,1,1,0
207,207_baseline_phase_change_run07,baseline,phase_change,1778307059.106529,/big.txt,99090432,131072,sequential,1.0000,0.0000,0,1,99221504,4096,1,1,0
207,207_baseline_phase_change_run07,baseline,phase_change,1778307059.1077852,/big.txt,99221504,131072,sequential,1.0000,0.0000,0,1,99352576,4096,1,1,0
207,207_baseline_phase_change_run07,baseline,phase_change,1778307059.1090326,/big.txt,99352576,131072,sequential,1.0000,0.0000,0,1,99483648,4096,1,1,0
207,207_baseline_phase_change_run07,baseline,phase_change,1778307059.110277,/big.txt,99483648,131072,sequential,1.0000,0.0000,0,1,99614720,4096,1,1,0
207,207_baseline_phase_change_run07,baseline,phase_change,1778307059.1115563,/big.txt,99614720,131072,sequential,1.0000,0.0000,0,1,99745792,4096,1,1,0
207,207_baseline_phase_change_run07,baseline,phase_change,1778307059.1128247,/big.txt,99745792,131072,sequential,1.0000,0.0000,0,1,99876864,4096,1,1,0
207,207_baseline_phase_change_run07,baseline,phase_change,1778307059.1140754,/big.txt,99876864,131072,sequential,1.0000,0.0000,0,1,100007936,4096,1,1,0
207,207_baseline_phase_change_run07,baseline,phase_change,1778307059.1153743,/big.txt,100007936,131072,sequential,1.0000,0.0000,0,1,100139008,4096,1,1,0
207,207_baseline_phase_change_run07,baseline,phase_change,1778307059.11663,/big.txt,100139008,131072,sequential,1.0000,0.0000,0,1,100270080,4096,1,1,0
207,207_baseline_phase_change_run07,baseline,phase_change,1778307059.1178782,/big.txt,100270080,131072,sequential,1.0000,0.0000,0,1,100401152,4096,1,1,0
207,207_baseline_phase_change_run07,baseline,phase_change,1778307059.1191692,/big.txt,100401152,131072,sequential,1.0000,0.0000,0,1,100532224,4096,1,1,0
207,207_baseline_phase_change_run07,baseline,phase_change,1778307059.1204154,/big.txt,100532224,131072,sequential,1.0000,0.0000,0,1,100663296,4096,1,1,0
207,207_baseline_phase_change_run07,baseline,phase_change,1778307059.121675,/big.txt,100663296,131072,sequential,1.0000,0.0000,0,1,100794368,4096,1,1,0
207,207_baseline_phase_change_run07,baseline,phase_change,1778307059.123036,/big.txt,100794368,131072,sequential,1.0000,0.0000,0,1,100925440,4096,1,1,0
207,207_baseline_phase_change_run07,baseline,phase_change,1778307059.1242833,/big.txt,100925440,131072,sequential,1.0000,0.0000,0,1,101056512,4096,1,1,0
207,207_baseline_phase_change_run07,baseline,phase_change,1778307059.1255343,/big.txt,101056512,131072,sequential,1.0000,0.0000,0,1,101187584,4096,1,1,0
207,207_baseline_phase_change_run07,baseline,phase_change,1778307059.1268163,/big.txt,101187584,131072,sequential,1.0000,0.0000,0,1,101318656,4096,1,1,0
207,207_baseline_phase_change_run07,baseline,phase_change,1778307059.1280758,/big.txt,101318656,131072,sequential,1.0000,0.0000,0,1,101449728,4096,1,1,0
207,207_baseline_phase_change_run07,baseline,phase_change,1778307059.1293275,/big.txt,101449728,131072,sequential,1.0000,0.0000,0,1,101580800,4096,1,1,0
207,207_baseline_phase_change_run07,baseline,phase_change,1778307059.1305714,/big.txt,101580800,131072,sequential,1.0000,0.0000,0,1,101711872,4096,1,1,0
207,207_baseline_phase_change_run07,baseline,phase_change,1778307059.1318386,/big.txt,101711872,131072,sequential,1.0000,0.0000,0,1,101842944,4096,1,1,0
207,207_baseline_phase_change_run07,baseline,phase_change,1778307059.1330924,/big.txt,101842944,131072,sequential,1.0000,0.0000,0,1,101974016,4096,1,1,0
207,207_baseline_phase_change_run07,baseline,phase_change,1778307059.1343458,/big.txt,101974016,131072,sequential,1.0000,0.0000,0,1,102105088,4096,1,1,0
207,207_baseline_phase_change_run07,baseline,phase_change,1778307059.1356635,/big.txt,102105088,131072,sequential,1.0000,0.0000,0,1,102236160,4096,1,1,0
207,207_baseline_phase_change_run07,baseline,phase_change,1778307059.1369815,/big.txt,102236160,131072,sequential,1.0000,0.0000,0,1,102367232,4096,1,1,0
207,207_baseline_phase_change_run07,baseline,phase_change,1778307059.1382391,/big.txt,102367232,131072,sequential,1.0000,0.0000,0,1,102498304,4096,1,1,0
207,207_baseline_phase_change_run07,baseline,phase_change,1778307059.1395342,/big.txt,102498304,131072,sequential,1.0000,0.0000,0,1,102629376,4096,1,1,0
207,207_baseline_phase_change_run07,baseline,phase_change,1778307059.1407893,/big.txt,102629376,131072,sequential,1.0000,0.0000,0,1,102760448,4096,1,1,0
207,207_baseline_phase_change_run07,baseline,phase_change,1778307059.1420412,/big.txt,102760448,131072,sequential,1.0000,0.0000,0,1,102891520,4096,1,1,0
207,207_baseline_phase_change_run07,baseline,phase_change,1778307059.1433926,/big.txt,102891520,131072,sequential,1.0000,0.0000,0,1,103022592,4096,1,1,0
207,207_baseline_phase_change_run07,baseline,phase_change,1778307059.1446602,/big.txt,103022592,131072,sequential,1.0000,0.0000,0,1,103153664,4096,1,1,0
207,207_baseline_phase_change_run07,baseline,phase_change,1778307059.1459124,/big.txt,103153664,131072,sequential,1.0000,0.0000,0,1,103284736,4096,1,1,0
207,207_baseline_phase_change_run07,baseline,phase_change,1778307059.1471915,/big.txt,103284736,131072,sequential,1.0000,0.0000,0,1,103415808,4096,1,1,0
207,207_baseline_phase_change_run07,baseline,phase_change,1778307059.1484454,/big.txt,103415808,131072,sequential,1.0000,0.0000,0,1,103546880,4096,1,1,0
207,207_baseline_phase_change_run07,baseline,phase_change,1778307059.1496973,/big.txt,103546880,131072,sequential,1.0000,0.0000,0,1,103677952,4096,1,1,0
207,207_baseline_phase_change_run07,baseline,phase_change,1778307059.1509864,/big.txt,103677952,131072,sequential,1.0000,0.0000,0,1,103809024,4096,1,1,0
207,207_baseline_phase_change_run07,baseline,phase_change,1778307059.1522882,/big.txt,103809024,131072,sequential,1.0000,0.0000,0,1,103940096,4096,1,1,0
207,207_baseline_phase_change_run07,baseline,phase_change,1778307059.153526,/big.txt,103940096,131072,sequential,1.0000,0.0000,0,1,104071168,4096,1,1,0
207,207_baseline_phase_change_run07,baseline,phase_change,1778307059.154767,/big.txt,104071168,131072,sequential,1.0000,0.0000,0,1,104202240,4096,1,1,0
207,207_baseline_phase_change_run07,baseline,phase_change,1778307059.1573431,/big.txt,104202240,131072,sequential,1.0000,0.0000,0,1,104333312,4096,1,1,0
207,207_baseline_phase_change_run07,baseline,phase_change,1778307059.1598847,/big.txt,104333312,131072,sequential,1.0000,0.0000,0,1,104464384,4096,1,1,0
207,207_baseline_phase_change_run07,baseline,phase_change,1778307059.1623158,/big.txt,104464384,131072,sequential,1.0000,0.0000,0,1,104595456,4096,1,1,0
207,207_baseline_phase_change_run07,baseline,phase_change,1778307059.1648333,/big.txt,104595456,131072,sequential,1.0000,0.0000,0,1,104726528,4096,1,1,0
207,207_baseline_phase_change_run07,baseline,phase_change,1778307059.167064,/big.txt,104726528,131072,sequential,1.0000,0.0000,0,1,104857600,4096,1,1,0
207,207_baseline_phase_change_run07,baseline,phase_change,1778307059.167182,/big.txt,104857600,0,sequential,1.0000,0.0000,0,0,,,1,0,0
