run_index,run_label,mode,workload,timestamp,path,offset,size,phase,confidence,decay_rate,seek_delta,prefetch,prefetch_offset,prefetch_size,prefetch_depth,cache_hit,false_negative
20,020_none_sequential_run20,none,sequential,1778274716.4065566,/big.txt,0,131072,unknown,0.0000,0.0000,0,0,,,1,1,0
20,020_none_sequential_run20,none,sequential,1778274716.4099236,/big.txt,131072,131072,sequential,1.0000,0.0000,0,0,,,1,1,0
20,020_none_sequential_run20,none,sequential,1778274716.4131625,/big.txt,262144,131072,sequential,1.0000,0.0000,0,0,,,1,1,0
20,020_none_sequential_run20,none,sequential,1778274716.416321,/big.txt,393216,131072,sequential,1.0000,0.0000,0,0,,,1,1,0
20,020_none_sequential_run20,none,sequential,1778274716.4194758,/big.txt,524288,131072,sequential,1.0000,0.0000,0,0,,,1,1,0
20,020_none_sequential_run20,none,sequential,1778274716.4227235,/big.txt,655360,131072,sequential,1.0000,0.0000,0,0,,,1,1,0
20,020_none_sequential_run20,none,sequential,1778274716.425875,/big.txt,786432,131072,sequential,1.0000,0.0000,0,0,,,1,1,0
20,020_none_sequential_run20,none,sequential,1778274716.429069,/big.txt,917504,131072,sequential,1.0000,0.0000,0,0,,,1,1,0
20,020_none_sequential_run20,none,sequential,1778274716.4320495,/big.txt,1048576,131072,sequential,1.0000,0.0000,0,0,,,1,1,0
20,020_none_sequential_run20,none,sequential,1778274716.43503,/big.txt,1179648,131072,sequential,1.0000,0.0000,0,0,,,1,1,0
20,020_none_sequential_run20,none,sequential,1778274716.4380279,/big.txt,1310720,131072,sequential,1.0000,0.0000,0,0,,,1,1,0
20,020_none_sequential_run20,none,sequential,1778274716.441018,/big.txt,1441792,131072,sequential,1.0000,0.0000,0,0,,,1,1,0
20,020_none_sequential_run20,none,sequential,1778274716.443959,/big.txt,1572864,131072,sequential,1.0000,0.0000,0,0,,,1,1,0
20,020_none_sequential_run20,none,sequential,1778274716.446939,/big.txt,1703936,131072,sequential,1.0000,0.0000,0,0,,,1,1,0
20,020_none_sequential_run20,none,sequential,1778274716.449849,/big.txt,1835008,131072,sequential,1.0000,0.0000,0,0,,,1,1,0
20,020_none_sequential_run20,none,sequential,1778274716.4528275,/big.txt,1966080,131072,sequential,1.0000,0.0000,0,0,,,1,1,0
20,020_none_sequential_run20,none,sequential,1778274716.4557662,/big.txt,2097152,131072,sequential,1.0000,0.0000,0,0,,,1,1,0
20,020_none_sequential_run20,none,sequential,1778274716.4587543,/big.txt,2228224,131072,sequential,1.0000,0.0000,0,0,,,1,1,0
20,020_none_sequential_run20,none,sequential,1778274716.4617765,/big.txt,2359296,131072,sequential,1.0000,0.0000,0,0,,,1,1,0
20,020_none_sequential_run20,none,sequential,1778274716.4648015,/big.txt,2490368,131072,sequential,1.0000,0.0000,0,0,,,1,1,0
20,020_none_sequential_run20,none,sequential,1778274716.4677756,/big.txt,2621440,131072,sequential,1.0000,0.0000,0,0,,,1,1,0
20,020_none_sequential_run20,none,sequential,1778274716.470711,/big.txt,2752512,131072,sequential,1.0000,0.0000,0,0,,,1,1,0
20,020_none_sequential_run20,none,sequential,1778274716.4737017,/big.txt,2883584,131072,sequential,1.0000,0.0000,0,0,,,1,1,0
20,020_none_sequential_run20,none,sequential,1778274716.4766564,/big.txt,3014656,131072,sequential,1.0000,0.0000,0,0,,,1,1,0
20,020_none_sequential_run20,none,sequential,1778274716.4814785,/big.txt,3145728,131072,sequential,1.0000,0.0000,0,0,,,1,1,0
20,020_none_sequential_run20,none,sequential,1778274716.4871771,/big.txt,3276800,131072,sequential,1.0000,0.0000,0,0,,,1,1,0
20,020_none_sequential_run20,none,sequential,1778274716.4901316,/big.txt,3407872,131072,sequential,1.0000,0.0000,0,0,,,1,1,0
20,020_none_sequential_run20,none,sequential,1778274716.49312,/big.txt,3538944,131072,sequential,1.0000,0.0000,0,0,,,1,1,0
20,020_none_sequential_run20,none,sequential,1778274716.4960134,/big.txt,3670016,131072,sequential,1.0000,0.0000,0,0,,,1,1,0
20,020_none_sequential_run20,none,sequential,1778274716.4987955,/big.txt,3801088,131072,sequential,1.0000,0.0000,0,0,,,1,1,0
20,020_none_sequential_run20,none,sequential,1778274716.5014956,/big.txt,3932160,131072,sequential,1.0000,0.0000,0,0,,,1,1,0
20,020_none_sequential_run20,none,sequential,1778274716.5041506,/big.txt,4063232,131072,sequential,1.0000,0.0000,0,0,,,1,1,0
20,020_none_sequential_run20,none,sequential,1778274716.506819,/big.txt,4194304,131072,sequential,1.0000,0.0000,0,0,,,1,1,0
20,020_none_sequential_run20,none,sequential,1778274716.5094056,/big.txt,4325376,131072,sequential,1.0000,0.0000,0,0,,,1,1,0
20,020_none_sequential_run20,none,sequential,1778274716.5120335,/big.txt,4456448,131072,sequential,1.0000,0.0000,0,0,,,1,1,0
20,020_none_sequential_run20,none,sequential,1778274716.5145895,/big.txt,4587520,131072,sequential,1.0000,0.0000,0,0,,,1,1,0
20,020_none_sequential_run20,none,sequential,1778274716.517211,/big.txt,4718592,131072,sequential,1.0000,0.0000,0,0,,,1,1,0
20,020_none_sequential_run20,none,sequential,1778274716.5198584,/big.txt,4849664,131072,sequential,1.0000,0.0000,0,0,,,1,1,0
20,020_none_sequential_run20,none,sequential,1778274716.5224564,/big.txt,4980736,131072,sequential,1.0000,0.0000,0,0,,,1,1,0
20,020_none_sequential_run20,none,sequential,1778274716.5250738,/big.txt,5111808,131072,sequential,1.0000,0.0000,0,0,,,1,1,0
20,020_none_sequential_run20,none,sequential,1778274716.5277035,/big.txt,5242880,131072,sequential,1.0000,0.0000,0,0,,,1,1,0
20,020_none_sequential_run20,none,sequential,1778274716.5303266,/big.txt,5373952,131072,sequential,1.0000,0.0000,0,0,,,1,1,0
20,020_none_sequential_run20,none,sequential,1778274716.5330584,/big.txt,5505024,131072,sequential,1.0000,0.0000,0,0,,,1,1,0
20,020_none_sequential_run20,none,sequential,1778274716.535805,/big.txt,5636096,131072,sequential,1.0000,0.0000,0,0,,,1,1,0
20,020_none_sequential_run20,none,sequential,1778274716.5384367,/big.txt,5767168,131072,sequential,1.0000,0.0000,0,0,,,1,1,0
20,020_none_sequential_run20,none,sequential,1778274716.5410542,/big.txt,5898240,131072,sequential,1.0000,0.0000,0,0,,,1,1,0
20,020_none_sequential_run20,none,sequential,1778274716.5436296,/big.txt,6029312,131072,sequential,1.0000,0.0000,0,0,,,1,1,0
20,020_none_sequential_run20,none,sequential,1778274716.5462217,/big.txt,6160384,131072,sequential,1.0000,0.0000,0,0,,,1,1,0
20,020_none_sequential_run20,none,sequential,1778274716.548838,/big.txt,6291456,131072,sequential,1.0000,0.0000,0,0,,,1,1,0
20,020_none_sequential_run20,none,sequential,1778274716.5514657,/big.txt,6422528,131072,sequential,1.0000,0.0000,0,0,,,1,1,0
20,020_none_sequential_run20,none,sequential,1778274716.5540736,/big.txt,6553600,131072,sequential,1.0000,0.0000,0,0,,,1,1,0
20,020_none_sequential_run20,none,sequential,1778274716.5567458,/big.txt,6684672,131072,sequential,1.0000,0.0000,0,0,,,1,1,0
20,020_none_sequential_run20,none,sequential,1778274716.5593874,/big.txt,6815744,131072,sequential,1.0000,0.0000,0,0,,,1,1,0
20,020_none_sequential_run20,none,sequential,1778274716.5620465,/big.txt,6946816,131072,sequential,1.0000,0.0000,0,0,,,1,1,0
20,020_none_sequential_run20,none,sequential,1778274716.5647442,/big.txt,7077888,131072,sequential,1.0000,0.0000,0,0,,,1,1,0
20,020_none_sequential_run20,none,sequential,1778274716.567491,/big.txt,7208960,131072,sequential,1.0000,0.0000,0,0,,,1,1,0
20,020_none_sequential_run20,none,sequential,1778274716.5702028,/big.txt,7340032,131072,sequential,1.0000,0.0000,0,0,,,1,1,0
20,020_none_sequential_run20,none,sequential,1778274716.5728288,/big.txt,7471104,131072,sequential,1.0000,0.0000,0,0,,,1,1,0
20,020_none_sequential_run20,none,sequential,1778274716.5755613,/big.txt,7602176,131072,sequential,1.0000,0.0000,0,0,,,1,1,0
20,020_none_sequential_run20,none,sequential,1778274716.5782568,/big.txt,7733248,131072,sequential,1.0000,0.0000,0,0,,,1,1,0
20,020_none_sequential_run20,none,sequential,1778274716.5809388,/big.txt,7864320,131072,sequential,1.0000,0.0000,0,0,,,1,1,0
20,020_none_sequential_run20,none,sequential,1778274716.583579,/big.txt,7995392,131072,sequential,1.0000,0.0000,0,0,,,1,1,0
20,020_none_sequential_run20,none,sequential,1778274716.58625,/big.txt,8126464,131072,sequential,1.0000,0.0000,0,0,,,1,1,0
20,020_none_sequential_run20,none,sequential,1778274716.5889149,/big.txt,8257536,131072,sequential,1.0000,0.0000,0,0,,,1,1,0
20,020_none_sequential_run20,none,sequential,1778274716.5915623,/big.txt,8388608,131072,sequential,1.0000,0.0000,0,0,,,1,1,0
20,020_none_sequential_run20,none,sequential,1778274716.594216,/big.txt,8519680,131072,sequential,1.0000,0.0000,0,0,,,1,1,0
20,020_none_sequential_run20,none,sequential,1778274716.596837,/big.txt,8650752,131072,sequential,1.0000,0.0000,0,0,,,1,1,0
20,020_none_sequential_run20,none,sequential,1778274716.599512,/big.txt,8781824,131072,sequential,1.0000,0.0000,0,0,,,1,1,0
20,020_none_sequential_run20,none,sequential,1778274716.6021533,/big.txt,8912896,131072,sequential,1.0000,0.0000,0,0,,,1,1,0
20,020_none_sequential_run20,none,sequential,1778274716.6048002,/big.txt,9043968,131072,sequential,1.0000,0.0000,0,0,,,1,1,0
20,020_none_sequential_run20,none,sequential,1778274716.6074245,/big.txt,9175040,131072,sequential,1.0000,0.0000,0,0,,,1,1,0
20,020_none_sequential_run20,none,sequential,1778274716.6100214,/big.txt,9306112,131072,sequential,1.0000,0.0000,0,0,,,1,1,0
20,020_none_sequential_run20,none,sequential,1778274716.612706,/big.txt,9437184,131072,sequential,1.0000,0.0000,0,0,,,1,1,0
20,020_none_sequential_run20,none,sequential,1778274716.6153805,/big.txt,9568256,131072,sequential,1.0000,0.0000,0,0,,,1,1,0
20,020_none_sequential_run20,none,sequential,1778274716.6180866,/big.txt,9699328,131072,sequential,1.0000,0.0000,0,0,,,1,1,0
20,020_none_sequential_run20,none,sequential,1778274716.620779,/big.txt,9830400,131072,sequential,1.0000,0.0000,0,0,,,1,1,0
20,020_none_sequential_run20,none,sequential,1778274716.6235256,/big.txt,9961472,131072,sequential,1.0000,0.0000,0,0,,,1,1,0
20,020_none_sequential_run20,none,sequential,1778274716.6261585,/big.txt,10092544,131072,sequential,1.0000,0.0000,0,0,,,1,1,0
20,020_none_sequential_run20,none,sequential,1778274716.6287947,/big.txt,10223616,131072,sequential,1.0000,0.0000,0,0,,,1,1,0
20,020_none_sequential_run20,none,sequential,1778274716.6313853,/big.txt,10354688,131072,sequential,1.0000,0.0000,0,0,,,1,1,0
20,020_none_sequential_run20,none,sequential,1778274716.6340485,/big.txt,10485760,131072,sequential,1.0000,0.0000,0,0,,,1,1,0
20,020_none_sequential_run20,none,sequential,1778274716.6367064,/big.txt,10616832,131072,sequential,1.0000,0.0000,0,0,,,1,1,0
20,020_none_sequential_run20,none,sequential,1778274716.6394382,/big.txt,10747904,131072,sequential,1.0000,0.0000,0,0,,,1,1,0
20,020_none_sequential_run20,none,sequential,1778274716.6420405,/big.txt,10878976,131072,sequential,1.0000,0.0000,0,0,,,1,1,0
20,020_none_sequential_run20,none,sequential,1778274716.64471,/big.txt,11010048,131072,sequential,1.0000,0.0000,0,0,,,1,1,0
20,020_none_sequential_run20,none,sequential,1778274716.6473627,/big.txt,11141120,131072,sequential,1.0000,0.0000,0,0,,,1,1,0
20,020_none_sequential_run20,none,sequential,1778274716.649975,/big.txt,11272192,131072,sequential,1.0000,0.0000,0,0,,,1,1,0
20,020_none_sequential_run20,none,sequential,1778274716.65261,/big.txt,11403264,131072,sequential,1.0000,0.0000,0,0,,,1,1,0
20,020_none_sequential_run20,none,sequential,1778274716.6553469,/big.txt,11534336,131072,sequential,1.0000,0.0000,0,0,,,1,1,0
20,020_none_sequential_run20,none,sequential,1778274716.6580737,/big.txt,11665408,131072,sequential,1.0000,0.0000,0,0,,,1,1,0
20,020_none_sequential_run20,none,sequential,1778274716.6607645,/big.txt,11796480,131072,sequential,1.0000,0.0000,0,0,,,1,1,0
20,020_none_sequential_run20,none,sequential,1778274716.6634126,/big.txt,11927552,131072,sequential,1.0000,0.0000,0,0,,,1,1,0
20,020_none_sequential_run20,none,sequential,1778274716.6660395,/big.txt,12058624,131072,sequential,1.0000,0.0000,0,0,,,1,1,0
20,020_none_sequential_run20,none,sequential,1778274716.6687086,/big.txt,12189696,131072,sequential,1.0000,0.0000,0,0,,,1,1,0
20,020_none_sequential_run20,none,sequential,1778274716.6713607,/big.txt,12320768,131072,sequential,1.0000,0.0000,0,0,,,1,1,0
20,020_none_sequential_run20,none,sequential,1778274716.6740255,/big.txt,12451840,131072,sequential,1.0000,0.0000,0,0,,,1,1,0
20,020_none_sequential_run20,none,sequential,1778274716.6767154,/big.txt,12582912,131072,sequential,1.0000,0.0000,0,0,,,1,1,0
20,020_none_sequential_run20,none,sequential,1778274716.6795151,/big.txt,12713984,131072,sequential,1.0000,0.0000,0,0,,,1,1,0
20,020_none_sequential_run20,none,sequential,1778274716.6822221,/big.txt,12845056,131072,sequential,1.0000,0.0000,0,0,,,1,1,0
20,020_none_sequential_run20,none,sequential,1778274716.6848643,/big.txt,12976128,131072,sequential,1.0000,0.0000,0,0,,,1,1,0
20,020_none_sequential_run20,none,sequential,1778274716.6875155,/big.txt,13107200,131072,sequential,1.0000,0.0000,0,0,,,1,1,0
20,020_none_sequential_run20,none,sequential,1778274716.6901186,/big.txt,13238272,131072,sequential,1.0000,0.0000,0,0,,,1,1,0
20,020_none_sequential_run20,none,sequential,1778274716.6927373,/big.txt,13369344,131072,sequential,1.0000,0.0000,0,0,,,1,1,0
20,020_none_sequential_run20,none,sequential,1778274716.695435,/big.txt,13500416,131072,sequential,1.0000,0.0000,0,0,,,1,1,0
20,020_none_sequential_run20,none,sequential,1778274716.6980588,/big.txt,13631488,131072,sequential,1.0000,0.0000,0,0,,,1,1,0
20,020_none_sequential_run20,none,sequential,1778274716.7007573,/big.txt,13762560,131072,sequential,1.0000,0.0000,0,0,,,1,1,0
20,020_none_sequential_run20,none,sequential,1778274716.7034628,/big.txt,13893632,131072,sequential,1.0000,0.0000,0,0,,,1,1,0
20,020_none_sequential_run20,none,sequential,1778274716.7060843,/big.txt,14024704,131072,sequential,1.0000,0.0000,0,0,,,1,1,0
20,020_none_sequential_run20,none,sequential,1778274716.7087677,/big.txt,14155776,131072,sequential,1.0000,0.0000,0,0,,,1,1,0
20,020_none_sequential_run20,none,sequential,1778274716.7114184,/big.txt,14286848,131072,sequential,1.0000,0.0000,0,0,,,1,1,0
20,020_none_sequential_run20,none,sequential,1778274716.714003,/big.txt,14417920,131072,sequential,1.0000,0.0000,0,0,,,1,1,0
20,020_none_sequential_run20,none,sequential,1778274716.7166646,/big.txt,14548992,131072,sequential,1.0000,0.0000,0,0,,,1,1,0
20,020_none_sequential_run20,none,sequential,1778274716.719326,/big.txt,14680064,131072,sequential,1.0000,0.0000,0,0,,,1,1,0
20,020_none_sequential_run20,none,sequential,1778274716.7220318,/big.txt,14811136,131072,sequential,1.0000,0.0000,0,0,,,1,1,0
20,020_none_sequential_run20,none,sequential,1778274716.724706,/big.txt,14942208,131072,sequential,1.0000,0.0000,0,0,,,1,1,0
20,020_none_sequential_run20,none,sequential,1778274716.7274663,/big.txt,15073280,131072,sequential,1.0000,0.0000,0,0,,,1,1,0
20,020_none_sequential_run20,none,sequential,1778274716.7300992,/big.txt,15204352,131072,sequential,1.0000,0.0000,0,0,,,1,1,0
20,020_none_sequential_run20,none,sequential,1778274716.732768,/big.txt,15335424,131072,sequential,1.0000,0.0000,0,0,,,1,1,0
20,020_none_sequential_run20,none,sequential,1778274716.7354026,/big.txt,15466496,131072,sequential,1.0000,0.0000,0,0,,,1,1,0
20,020_none_sequential_run20,none,sequential,1778274716.738004,/big.txt,15597568,131072,sequential,1.0000,0.0000,0,0,,,1,1,0
20,020_none_sequential_run20,none,sequential,1778274716.7406633,/big.txt,15728640,131072,sequential,1.0000,0.0000,0,0,,,1,1,0
20,020_none_sequential_run20,none,sequential,1778274716.7433753,/big.txt,15859712,131072,sequential,1.0000,0.0000,0,0,,,1,1,0
20,020_none_sequential_run20,none,sequential,1778274716.745985,/big.txt,15990784,131072,sequential,1.0000,0.0000,0,0,,,1,1,0
20,020_none_sequential_run20,none,sequential,1778274716.7486606,/big.txt,16121856,131072,sequential,1.0000,0.0000,0,0,,,1,1,0
20,020_none_sequential_run20,none,sequential,1778274716.7512896,/big.txt,16252928,131072,sequential,1.0000,0.0000,0,0,,,1,1,0
20,020_none_sequential_run20,none,sequential,1778274716.7538836,/big.txt,16384000,131072,sequential,1.0000,0.0000,0,0,,,1,1,0
20,020_none_sequential_run20,none,sequential,1778274716.7565808,/big.txt,16515072,131072,sequential,1.0000,0.0000,0,0,,,1,1,0
20,020_none_sequential_run20,none,sequential,1778274716.7592857,/big.txt,16646144,131072,sequential,1.0000,0.0000,0,0,,,1,1,0
20,020_none_sequential_run20,none,sequential,1778274716.7619257,/big.txt,16777216,131072,sequential,1.0000,0.0000,0,0,,,1,1,0
20,020_none_sequential_run20,none,sequential,1778274716.7646732,/big.txt,16908288,131072,sequential,1.0000,0.0000,0,0,,,1,1,0
20,020_none_sequential_run20,none,sequential,1778274716.7674146,/big.txt,17039360,131072,sequential,1.0000,0.0000,0,0,,,1,1,0
20,020_none_sequential_run20,none,sequential,1778274716.77013,/big.txt,17170432,131072,sequential,1.0000,0.0000,0,0,,,1,1,0
20,020_none_sequential_run20,none,sequential,1778274716.7727754,/big.txt,17301504,131072,sequential,1.0000,0.0000,0,0,,,1,1,0
20,020_none_sequential_run20,none,sequential,1778274716.7755005,/big.txt,17432576,131072,sequential,1.0000,0.0000,0,0,,,1,1,0
20,020_none_sequential_run20,none,sequential,1778274716.7781472,/big.txt,17563648,131072,sequential,1.0000,0.0000,0,0,,,1,1,0
20,020_none_sequential_run20,none,sequential,1778274716.7807808,/big.txt,17694720,131072,sequential,1.0000,0.0000,0,0,,,1,1,0
20,020_none_sequential_run20,none,sequential,1778274716.7833943,/big.txt,17825792,131072,sequential,1.0000,0.0000,0,0,,,1,1,0
20,020_none_sequential_run20,none,sequential,1778274716.7860222,/big.txt,17956864,131072,sequential,1.0000,0.0000,0,0,,,1,1,0
20,020_none_sequential_run20,none,sequential,1778274716.7886996,/big.txt,18087936,131072,sequential,1.0000,0.0000,0,0,,,1,1,0
20,020_none_sequential_run20,none,sequential,1778274716.7926288,/big.txt,18219008,131072,sequential,1.0000,0.0000,0,0,,,1,1,0
20,020_none_sequential_run20,none,sequential,1778274716.7956264,/big.txt,18350080,131072,sequential,1.0000,0.0000,0,0,,,1,1,0
20,020_none_sequential_run20,none,sequential,1778274716.7982464,/big.txt,18481152,131072,sequential,1.0000,0.0000,0,0,,,1,1,0
20,020_none_sequential_run20,none,sequential,1778274716.8008783,/big.txt,18612224,131072,sequential,1.0000,0.0000,0,0,,,1,1,0
20,020_none_sequential_run20,none,sequential,1778274716.8034918,/big.txt,18743296,131072,sequential,1.0000,0.0000,0,0,,,1,1,0
20,020_none_sequential_run20,none,sequential,1778274716.8061202,/big.txt,18874368,131072,sequential,1.0000,0.0000,0,0,,,1,1,0
20,020_none_sequential_run20,none,sequential,1778274716.8087819,/big.txt,19005440,131072,sequential,1.0000,0.0000,0,0,,,1,1,0
20,020_none_sequential_run20,none,sequential,1778274716.8114796,/big.txt,19136512,131072,sequential,1.0000,0.0000,0,0,,,1,1,0
20,020_none_sequential_run20,none,sequential,1778274716.8141062,/big.txt,19267584,131072,sequential,1.0000,0.0000,0,0,,,1,1,0
20,020_none_sequential_run20,none,sequential,1778274716.8167667,/big.txt,19398656,131072,sequential,1.0000,0.0000,0,0,,,1,1,0
20,020_none_sequential_run20,none,sequential,1778274716.8194034,/big.txt,19529728,131072,sequential,1.0000,0.0000,0,0,,,1,1,0
20,020_none_sequential_run20,none,sequential,1778274716.8219886,/big.txt,19660800,131072,sequential,1.0000,0.0000,0,0,,,1,1,0
20,020_none_sequential_run20,none,sequential,1778274716.82465,/big.txt,19791872,131072,sequential,1.0000,0.0000,0,0,,,1,1,0
20,020_none_sequential_run20,none,sequential,1778274716.82737,/big.txt,19922944,131072,sequential,1.0000,0.0000,0,0,,,1,1,0
20,020_none_sequential_run20,none,sequential,1778274716.8300755,/big.txt,20054016,131072,sequential,1.0000,0.0000,0,0,,,1,1,0
20,020_none_sequential_run20,none,sequential,1778274716.8327494,/big.txt,20185088,131072,sequential,1.0000,0.0000,0,0,,,1,1,0
20,020_none_sequential_run20,none,sequential,1778274716.8354068,/big.txt,20316160,131072,sequential,1.0000,0.0000,0,0,,,1,1,0
20,020_none_sequential_run20,none,sequential,1778274716.838059,/big.txt,20447232,131072,sequential,1.0000,0.0000,0,0,,,1,1,0
20,020_none_sequential_run20,none,sequential,1778274716.840736,/big.txt,20578304,131072,sequential,1.0000,0.0000,0,0,,,1,1,0
20,020_none_sequential_run20,none,sequential,1778274716.8434668,/big.txt,20709376,131072,sequential,1.0000,0.0000,0,0,,,1,1,0
20,020_none_sequential_run20,none,sequential,1778274716.8461883,/big.txt,20840448,131072,sequential,1.0000,0.0000,0,0,,,1,1,0
20,020_none_sequential_run20,none,sequential,1778274716.8488333,/big.txt,20971520,131072,sequential,1.0000,0.0000,0,0,,,1,1,0
20,020_none_sequential_run20,none,sequential,1778274716.8515785,/big.txt,21102592,131072,sequential,1.0000,0.0000,0,0,,,1,1,0
20,020_none_sequential_run20,none,sequential,1778274716.8542664,/big.txt,21233664,131072,sequential,1.0000,0.0000,0,0,,,1,1,0
20,020_none_sequential_run20,none,sequential,1778274716.8569312,/big.txt,21364736,131072,sequential,1.0000,0.0000,0,0,,,1,1,0
20,020_none_sequential_run20,none,sequential,1778274716.8596494,/big.txt,21495808,131072,sequential,1.0000,0.0000,0,0,,,1,1,0
20,020_none_sequential_run20,none,sequential,1778274716.8622818,/big.txt,21626880,131072,sequential,1.0000,0.0000,0,0,,,1,1,0
20,020_none_sequential_run20,none,sequential,1778274716.86496,/big.txt,21757952,131072,sequential,1.0000,0.0000,0,0,,,1,1,0
20,020_none_sequential_run20,none,sequential,1778274716.867588,/big.txt,21889024,131072,sequential,1.0000,0.0000,0,0,,,1,1,0
20,020_none_sequential_run20,none,sequential,1778274716.870221,/big.txt,22020096,131072,sequential,1.0000,0.0000,0,0,,,1,1,0
20,020_none_sequential_run20,none,sequential,1778274716.8728576,/big.txt,22151168,131072,sequential,1.0000,0.0000,0,0,,,1,1,0
20,020_none_sequential_run20,none,sequential,1778274716.8754632,/big.txt,22282240,131072,sequential,1.0000,0.0000,0,0,,,1,1,0
20,020_none_sequential_run20,none,sequential,1778274716.8781443,/big.txt,22413312,131072,sequential,1.0000,0.0000,0,0,,,1,1,0
20,020_none_sequential_run20,none,sequential,1778274716.8808103,/big.txt,22544384,131072,sequential,1.0000,0.0000,0,0,,,1,1,0
20,020_none_sequential_run20,none,sequential,1778274716.883501,/big.txt,22675456,131072,sequential,1.0000,0.0000,0,0,,,1,1,0
20,020_none_sequential_run20,none,sequential,1778274716.8861637,/big.txt,22806528,131072,sequential,1.0000,0.0000,0,0,,,1,1,0
20,020_none_sequential_run20,none,sequential,1778274716.8887763,/big.txt,22937600,131072,sequential,1.0000,0.0000,0,0,,,1,1,0
20,020_none_sequential_run20,none,sequential,1778274716.8914018,/big.txt,23068672,131072,sequential,1.0000,0.0000,0,0,,,1,1,0
20,020_none_sequential_run20,none,sequential,1778274716.8940418,/big.txt,23199744,131072,sequential,1.0000,0.0000,0,0,,,1,1,0
20,020_none_sequential_run20,none,sequential,1778274716.8967445,/big.txt,23330816,131072,sequential,1.0000,0.0000,0,0,,,1,1,0
20,020_none_sequential_run20,none,sequential,1778274716.8994145,/big.txt,23461888,131072,sequential,1.0000,0.0000,0,0,,,1,1,0
20,020_none_sequential_run20,none,sequential,1778274716.9020636,/big.txt,23592960,131072,sequential,1.0000,0.0000,0,0,,,1,1,0
20,020_none_sequential_run20,none,sequential,1778274716.9047403,/big.txt,23724032,131072,sequential,1.0000,0.0000,0,0,,,1,1,0
20,020_none_sequential_run20,none,sequential,1778274716.907454,/big.txt,23855104,131072,sequential,1.0000,0.0000,0,0,,,1,1,0
20,020_none_sequential_run20,none,sequential,1778274716.9100435,/big.txt,23986176,131072,sequential,1.0000,0.0000,0,0,,,1,1,0
20,020_none_sequential_run20,none,sequential,1778274716.9127142,/big.txt,24117248,131072,sequential,1.0000,0.0000,0,0,,,1,1,0
20,020_none_sequential_run20,none,sequential,1778274716.9153526,/big.txt,24248320,131072,sequential,1.0000,0.0000,0,0,,,1,1,0
20,020_none_sequential_run20,none,sequential,1778274716.9179623,/big.txt,24379392,131072,sequential,1.0000,0.0000,0,0,,,1,1,0
20,020_none_sequential_run20,none,sequential,1778274716.92066,/big.txt,24510464,131072,sequential,1.0000,0.0000,0,0,,,1,1,0
20,020_none_sequential_run20,none,sequential,1778274716.9232907,/big.txt,24641536,131072,sequential,1.0000,0.0000,0,0,,,1,1,0
20,020_none_sequential_run20,none,sequential,1778274716.9258754,/big.txt,24772608,131072,sequential,1.0000,0.0000,0,0,,,1,1,0
20,020_none_sequential_run20,none,sequential,1778274716.9285593,/big.txt,24903680,131072,sequential,1.0000,0.0000,0,0,,,1,1,0
20,020_none_sequential_run20,none,sequential,1778274716.931213,/big.txt,25034752,131072,sequential,1.0000,0.0000,0,0,,,1,1,0
20,020_none_sequential_run20,none,sequential,1778274716.9338524,/big.txt,25165824,131072,sequential,1.0000,0.0000,0,0,,,1,1,0
20,020_none_sequential_run20,none,sequential,1778274716.936525,/big.txt,25296896,131072,sequential,1.0000,0.0000,0,0,,,1,1,0
20,020_none_sequential_run20,none,sequential,1778274716.9391878,/big.txt,25427968,131072,sequential,1.0000,0.0000,0,0,,,1,1,0
20,020_none_sequential_run20,none,sequential,1778274716.941887,/big.txt,25559040,131072,sequential,1.0000,0.0000,0,0,,,1,1,0
20,020_none_sequential_run20,none,sequential,1778274716.9445438,/big.txt,25690112,131072,sequential,1.0000,0.0000,0,0,,,1,1,0
20,020_none_sequential_run20,none,sequential,1778274716.9472253,/big.txt,25821184,131072,sequential,1.0000,0.0000,0,0,,,1,1,0
20,020_none_sequential_run20,none,sequential,1778274716.9498303,/big.txt,25952256,131072,sequential,1.0000,0.0000,0,0,,,1,1,0
20,020_none_sequential_run20,none,sequential,1778274716.9525218,/big.txt,26083328,131072,sequential,1.0000,0.0000,0,0,,,1,1,0
20,020_none_sequential_run20,none,sequential,1778274716.9552035,/big.txt,26214400,131072,sequential,1.0000,0.0000,0,0,,,1,1,0
20,020_none_sequential_run20,none,sequential,1778274716.9579005,/big.txt,26345472,131072,sequential,1.0000,0.0000,0,0,,,1,1,0
20,020_none_sequential_run20,none,sequential,1778274716.9606001,/big.txt,26476544,131072,sequential,1.0000,0.0000,0,0,,,1,1,0
20,020_none_sequential_run20,none,sequential,1778274716.9632742,/big.txt,26607616,131072,sequential,1.0000,0.0000,0,0,,,1,1,0
20,020_none_sequential_run20,none,sequential,1778274716.9659085,/big.txt,26738688,131072,sequential,1.0000,0.0000,0,0,,,1,1,0
20,020_none_sequential_run20,none,sequential,1778274716.9686,/big.txt,26869760,131072,sequential,1.0000,0.0000,0,0,,,1,1,0
20,020_none_sequential_run20,none,sequential,1778274716.9713206,/big.txt,27000832,131072,sequential,1.0000,0.0000,0,0,,,1,1,0
20,020_none_sequential_run20,none,sequential,1778274716.9739172,/big.txt,27131904,131072,sequential,1.0000,0.0000,0,0,,,1,1,0
20,020_none_sequential_run20,none,sequential,1778274716.976615,/big.txt,27262976,131072,sequential,1.0000,0.0000,0,0,,,1,1,0
20,020_none_sequential_run20,none,sequential,1778274716.9792786,/big.txt,27394048,131072,sequential,1.0000,0.0000,0,0,,,1,1,0
20,020_none_sequential_run20,none,sequential,1778274716.9820056,/big.txt,27525120,131072,sequential,1.0000,0.0000,0,0,,,1,1,0
20,020_none_sequential_run20,none,sequential,1778274716.9846964,/big.txt,27656192,131072,sequential,1.0000,0.0000,0,0,,,1,1,0
20,020_none_sequential_run20,none,sequential,1778274716.9873571,/big.txt,27787264,131072,sequential,1.0000,0.0000,0,0,,,1,1,0
20,020_none_sequential_run20,none,sequential,1778274716.9899826,/big.txt,27918336,131072,sequential,1.0000,0.0000,0,0,,,1,1,0
20,020_none_sequential_run20,none,sequential,1778274716.9926748,/big.txt,28049408,131072,sequential,1.0000,0.0000,0,0,,,1,1,0
20,020_none_sequential_run20,none,sequential,1778274716.9953358,/big.txt,28180480,131072,sequential,1.0000,0.0000,0,0,,,1,1,0
20,020_none_sequential_run20,none,sequential,1778274716.9980328,/big.txt,28311552,131072,sequential,1.0000,0.0000,0,0,,,1,1,0
20,020_none_sequential_run20,none,sequential,1778274717.0007036,/big.txt,28442624,131072,sequential,1.0000,0.0000,0,0,,,1,1,0
20,020_none_sequential_run20,none,sequential,1778274717.0033534,/big.txt,28573696,131072,sequential,1.0000,0.0000,0,0,,,1,1,0
20,020_none_sequential_run20,none,sequential,1778274717.0060034,/big.txt,28704768,131072,sequential,1.0000,0.0000,0,0,,,1,1,0
20,020_none_sequential_run20,none,sequential,1778274717.0086868,/big.txt,28835840,131072,sequential,1.0000,0.0000,0,0,,,1,1,0
20,020_none_sequential_run20,none,sequential,1778274717.0113318,/big.txt,28966912,131072,sequential,1.0000,0.0000,0,0,,,1,1,0
20,020_none_sequential_run20,none,sequential,1778274717.013969,/big.txt,29097984,131072,sequential,1.0000,0.0000,0,0,,,1,1,0
20,020_none_sequential_run20,none,sequential,1778274717.016631,/big.txt,29229056,131072,sequential,1.0000,0.0000,0,0,,,1,1,0
20,020_none_sequential_run20,none,sequential,1778274717.0192962,/big.txt,29360128,131072,sequential,1.0000,0.0000,0,0,,,1,1,0
20,020_none_sequential_run20,none,sequential,1778274717.0219293,/big.txt,29491200,131072,sequential,1.0000,0.0000,0,0,,,1,1,0
20,020_none_sequential_run20,none,sequential,1778274717.0246434,/big.txt,29622272,131072,sequential,1.0000,0.0000,0,0,,,1,1,0
20,020_none_sequential_run20,none,sequential,1778274717.0273242,/big.txt,29753344,131072,sequential,1.0000,0.0000,0,0,,,1,1,0
20,020_none_sequential_run20,none,sequential,1778274717.0300004,/big.txt,29884416,131072,sequential,1.0000,0.0000,0,0,,,1,1,0
20,020_none_sequential_run20,none,sequential,1778274717.0326798,/big.txt,30015488,131072,sequential,1.0000,0.0000,0,0,,,1,1,0
20,020_none_sequential_run20,none,sequential,1778274717.0354204,/big.txt,30146560,131072,sequential,1.0000,0.0000,0,0,,,1,1,0
20,020_none_sequential_run20,none,sequential,1778274717.0380313,/big.txt,30277632,131072,sequential,1.0000,0.0000,0,0,,,1,1,0
20,020_none_sequential_run20,none,sequential,1778274717.0407088,/big.txt,30408704,131072,sequential,1.0000,0.0000,0,0,,,1,1,0
20,020_none_sequential_run20,none,sequential,1778274717.0433793,/big.txt,30539776,131072,sequential,1.0000,0.0000,0,0,,,1,1,0
20,020_none_sequential_run20,none,sequential,1778274717.0460742,/big.txt,30670848,131072,sequential,1.0000,0.0000,0,0,,,1,1,0
20,020_none_sequential_run20,none,sequential,1778274717.0487745,/big.txt,30801920,131072,sequential,1.0000,0.0000,0,0,,,1,1,0
20,020_none_sequential_run20,none,sequential,1778274717.051423,/big.txt,30932992,131072,sequential,1.0000,0.0000,0,0,,,1,1,0
20,020_none_sequential_run20,none,sequential,1778274717.0540383,/big.txt,31064064,131072,sequential,1.0000,0.0000,0,0,,,1,1,0
20,020_none_sequential_run20,none,sequential,1778274717.056716,/big.txt,31195136,131072,sequential,1.0000,0.0000,0,0,,,1,1,0
20,020_none_sequential_run20,none,sequential,1778274717.0594387,/big.txt,31326208,131072,sequential,1.0000,0.0000,0,0,,,1,1,0
20,020_none_sequential_run20,none,sequential,1778274717.062095,/big.txt,31457280,131072,sequential,1.0000,0.0000,0,0,,,1,1,0
20,020_none_sequential_run20,none,sequential,1778274717.0647433,/big.txt,31588352,131072,sequential,1.0000,0.0000,0,0,,,1,1,0
20,020_none_sequential_run20,none,sequential,1778274717.067524,/big.txt,31719424,131072,sequential,1.0000,0.0000,0,0,,,1,1,0
20,020_none_sequential_run20,none,sequential,1778274717.0701308,/big.txt,31850496,131072,sequential,1.0000,0.0000,0,0,,,1,1,0
20,020_none_sequential_run20,none,sequential,1778274717.0727594,/big.txt,31981568,131072,sequential,1.0000,0.0000,0,0,,,1,1,0
20,020_none_sequential_run20,none,sequential,1778274717.0753686,/big.txt,32112640,131072,sequential,1.0000,0.0000,0,0,,,1,1,0
20,020_none_sequential_run20,none,sequential,1778274717.077968,/big.txt,32243712,131072,sequential,1.0000,0.0000,0,0,,,1,1,0
20,020_none_sequential_run20,none,sequential,1778274717.0806477,/big.txt,32374784,131072,sequential,1.0000,0.0000,0,0,,,1,1,0
20,020_none_sequential_run20,none,sequential,1778274717.0832922,/big.txt,32505856,131072,sequential,1.0000,0.0000,0,0,,,1,1,0
20,020_none_sequential_run20,none,sequential,1778274717.0859897,/big.txt,32636928,131072,sequential,1.0000,0.0000,0,0,,,1,1,0
20,020_none_sequential_run20,none,sequential,1778274717.088662,/big.txt,32768000,131072,sequential,1.0000,0.0000,0,0,,,1,1,0
20,020_none_sequential_run20,none,sequential,1778274717.0912786,/big.txt,32899072,131072,sequential,1.0000,0.0000,0,0,,,1,1,0
20,020_none_sequential_run20,none,sequential,1778274717.093891,/big.txt,33030144,131072,sequential,1.0000,0.0000,0,0,,,1,1,0
20,020_none_sequential_run20,none,sequential,1778274717.0965714,/big.txt,33161216,131072,sequential,1.0000,0.0000,0,0,,,1,1,0
20,020_none_sequential_run20,none,sequential,1778274717.099308,/big.txt,33292288,131072,sequential,1.0000,0.0000,0,0,,,1,1,0
20,020_none_sequential_run20,none,sequential,1778274717.1019359,/big.txt,33423360,131072,sequential,1.0000,0.0000,0,0,,,1,1,0
20,020_none_sequential_run20,none,sequential,1778274717.1046073,/big.txt,33554432,131072,sequential,1.0000,0.0000,0,0,,,1,1,0
20,020_none_sequential_run20,none,sequential,1778274717.1072576,/big.txt,33685504,131072,sequential,1.0000,0.0000,0,0,,,1,1,0
20,020_none_sequential_run20,none,sequential,1778274717.1099606,/big.txt,33816576,131072,sequential,1.0000,0.0000,0,0,,,1,1,0
20,020_none_sequential_run20,none,sequential,1778274717.1126287,/big.txt,33947648,131072,sequential,1.0000,0.0000,0,0,,,1,1,0
20,020_none_sequential_run20,none,sequential,1778274717.1152754,/big.txt,34078720,131072,sequential,1.0000,0.0000,0,0,,,1,1,0
20,020_none_sequential_run20,none,sequential,1778274717.1178794,/big.txt,34209792,131072,sequential,1.0000,0.0000,0,0,,,1,1,0
20,020_none_sequential_run20,none,sequential,1778274717.1205463,/big.txt,34340864,131072,sequential,1.0000,0.0000,0,0,,,1,1,0
20,020_none_sequential_run20,none,sequential,1778274717.1232204,/big.txt,34471936,131072,sequential,1.0000,0.0000,0,0,,,1,1,0
20,020_none_sequential_run20,none,sequential,1778274717.1258688,/big.txt,34603008,131072,sequential,1.0000,0.0000,0,0,,,1,1,0
20,020_none_sequential_run20,none,sequential,1778274717.1286016,/big.txt,34734080,131072,sequential,1.0000,0.0000,0,0,,,1,1,0
20,020_none_sequential_run20,none,sequential,1778274717.1312811,/big.txt,34865152,131072,sequential,1.0000,0.0000,0,0,,,1,1,0
20,020_none_sequential_run20,none,sequential,1778274717.133927,/big.txt,34996224,131072,sequential,1.0000,0.0000,0,0,,,1,1,0
20,020_none_sequential_run20,none,sequential,1778274717.1365938,/big.txt,35127296,131072,sequential,1.0000,0.0000,0,0,,,1,1,0
20,020_none_sequential_run20,none,sequential,1778274717.1392353,/big.txt,35258368,131072,sequential,1.0000,0.0000,0,0,,,1,1,0
20,020_none_sequential_run20,none,sequential,1778274717.1418428,/big.txt,35389440,131072,sequential,1.0000,0.0000,0,0,,,1,1,0
20,020_none_sequential_run20,none,sequential,1778274717.1445127,/big.txt,35520512,131072,sequential,1.0000,0.0000,0,0,,,1,1,0
20,020_none_sequential_run20,none,sequential,1778274717.147251,/big.txt,35651584,131072,sequential,1.0000,0.0000,0,0,,,1,1,0
20,020_none_sequential_run20,none,sequential,1778274717.14986,/big.txt,35782656,131072,sequential,1.0000,0.0000,0,0,,,1,1,0
20,020_none_sequential_run20,none,sequential,1778274717.1525126,/big.txt,35913728,131072,sequential,1.0000,0.0000,0,0,,,1,1,0
20,020_none_sequential_run20,none,sequential,1778274717.1551492,/big.txt,36044800,131072,sequential,1.0000,0.0000,0,0,,,1,1,0
20,020_none_sequential_run20,none,sequential,1778274717.1577408,/big.txt,36175872,131072,sequential,1.0000,0.0000,0,0,,,1,1,0
20,020_none_sequential_run20,none,sequential,1778274717.1604207,/big.txt,36306944,131072,sequential,1.0000,0.0000,0,0,,,1,1,0
20,020_none_sequential_run20,none,sequential,1778274717.163089,/big.txt,36438016,131072,sequential,1.0000,0.0000,0,0,,,1,1,0
20,020_none_sequential_run20,none,sequential,1778274717.1657774,/big.txt,36569088,131072,sequential,1.0000,0.0000,0,0,,,1,1,0
20,020_none_sequential_run20,none,sequential,1778274717.16846,/big.txt,36700160,131072,sequential,1.0000,0.0000,0,0,,,1,1,0
20,020_none_sequential_run20,none,sequential,1778274717.171138,/big.txt,36831232,131072,sequential,1.0000,0.0000,0,0,,,1,1,0
20,020_none_sequential_run20,none,sequential,1778274717.173826,/big.txt,36962304,131072,sequential,1.0000,0.0000,0,0,,,1,1,0
20,020_none_sequential_run20,none,sequential,1778274717.1765153,/big.txt,37093376,131072,sequential,1.0000,0.0000,0,0,,,1,1,0
20,020_none_sequential_run20,none,sequential,1778274717.1791527,/big.txt,37224448,131072,sequential,1.0000,0.0000,0,0,,,1,1,0
20,020_none_sequential_run20,none,sequential,1778274717.1817675,/big.txt,37355520,131072,sequential,1.0000,0.0000,0,0,,,1,1,0
20,020_none_sequential_run20,none,sequential,1778274717.1844418,/big.txt,37486592,131072,sequential,1.0000,0.0000,0,0,,,1,1,0
20,020_none_sequential_run20,none,sequential,1778274717.1870954,/big.txt,37617664,131072,sequential,1.0000,0.0000,0,0,,,1,1,0
20,020_none_sequential_run20,none,sequential,1778274717.189707,/big.txt,37748736,131072,sequential,1.0000,0.0000,0,0,,,1,1,0
20,020_none_sequential_run20,none,sequential,1778274717.192354,/big.txt,37879808,131072,sequential,1.0000,0.0000,0,0,,,1,1,0
20,020_none_sequential_run20,none,sequential,1778274717.195069,/big.txt,38010880,131072,sequential,1.0000,0.0000,0,0,,,1,1,0
20,020_none_sequential_run20,none,sequential,1778274717.1976762,/big.txt,38141952,131072,sequential,1.0000,0.0000,0,0,,,1,1,0
20,020_none_sequential_run20,none,sequential,1778274717.2003326,/big.txt,38273024,131072,sequential,1.0000,0.0000,0,0,,,1,1,0
20,020_none_sequential_run20,none,sequential,1778274717.2030177,/big.txt,38404096,131072,sequential,1.0000,0.0000,0,0,,,1,1,0
20,020_none_sequential_run20,none,sequential,1778274717.205665,/big.txt,38535168,131072,sequential,1.0000,0.0000,0,0,,,1,1,0
20,020_none_sequential_run20,none,sequential,1778274717.2083323,/big.txt,38666240,131072,sequential,1.0000,0.0000,0,0,,,1,1,0
20,020_none_sequential_run20,none,sequential,1778274717.211043,/big.txt,38797312,131072,sequential,1.0000,0.0000,0,0,,,1,1,0
20,020_none_sequential_run20,none,sequential,1778274717.213641,/big.txt,38928384,131072,sequential,1.0000,0.0000,0,0,,,1,1,0
20,020_none_sequential_run20,none,sequential,1778274717.2162726,/big.txt,39059456,131072,sequential,1.0000,0.0000,0,0,,,1,1,0
20,020_none_sequential_run20,none,sequential,1778274717.2189012,/big.txt,39190528,131072,sequential,1.0000,0.0000,0,0,,,1,1,0
20,020_none_sequential_run20,none,sequential,1778274717.2214947,/big.txt,39321600,131072,sequential,1.0000,0.0000,0,0,,,1,1,0
20,020_none_sequential_run20,none,sequential,1778274717.2239835,/big.txt,39452672,131072,sequential,1.0000,0.0000,0,0,,,1,1,0
20,020_none_sequential_run20,none,sequential,1778274717.2264783,/big.txt,39583744,131072,sequential,1.0000,0.0000,0,0,,,1,1,0
20,020_none_sequential_run20,none,sequential,1778274717.2289317,/big.txt,39714816,131072,sequential,1.0000,0.0000,0,0,,,1,1,0
20,020_none_sequential_run20,none,sequential,1778274717.2314286,/big.txt,39845888,131072,sequential,1.0000,0.0000,0,0,,,1,1,0
20,020_none_sequential_run20,none,sequential,1778274717.2338805,/big.txt,39976960,131072,sequential,1.0000,0.0000,0,0,,,1,1,0
20,020_none_sequential_run20,none,sequential,1778274717.2364182,/big.txt,40108032,131072,sequential,1.0000,0.0000,0,0,,,1,1,0
20,020_none_sequential_run20,none,sequential,1778274717.2390058,/big.txt,40239104,131072,sequential,1.0000,0.0000,0,0,,,1,1,0
20,020_none_sequential_run20,none,sequential,1778274717.2415092,/big.txt,40370176,131072,sequential,1.0000,0.0000,0,0,,,1,1,0
20,020_none_sequential_run20,none,sequential,1778274717.2440178,/big.txt,40501248,131072,sequential,1.0000,0.0000,0,0,,,1,1,0
20,020_none_sequential_run20,none,sequential,1778274717.2465408,/big.txt,40632320,131072,sequential,1.0000,0.0000,0,0,,,1,1,0
20,020_none_sequential_run20,none,sequential,1778274717.2490413,/big.txt,40763392,131072,sequential,1.0000,0.0000,0,0,,,1,1,0
20,020_none_sequential_run20,none,sequential,1778274717.2515469,/big.txt,40894464,131072,sequential,1.0000,0.0000,0,0,,,1,1,0
20,020_none_sequential_run20,none,sequential,1778274717.2540264,/big.txt,41025536,131072,sequential,1.0000,0.0000,0,0,,,1,1,0
20,020_none_sequential_run20,none,sequential,1778274717.2566266,/big.txt,41156608,131072,sequential,1.0000,0.0000,0,0,,,1,1,0
20,020_none_sequential_run20,none,sequential,1778274717.2591665,/big.txt,41287680,131072,sequential,1.0000,0.0000,0,0,,,1,1,0
20,020_none_sequential_run20,none,sequential,1778274717.2616422,/big.txt,41418752,131072,sequential,1.0000,0.0000,0,0,,,1,1,0
20,020_none_sequential_run20,none,sequential,1778274717.2641833,/big.txt,41549824,131072,sequential,1.0000,0.0000,0,0,,,1,1,0
20,020_none_sequential_run20,none,sequential,1778274717.2667007,/big.txt,41680896,131072,sequential,1.0000,0.0000,0,0,,,1,1,0
20,020_none_sequential_run20,none,sequential,1778274717.26916,/big.txt,41811968,131072,sequential,1.0000,0.0000,0,0,,,1,1,0
20,020_none_sequential_run20,none,sequential,1778274717.271639,/big.txt,41943040,131072,sequential,1.0000,0.0000,0,0,,,1,1,0
20,020_none_sequential_run20,none,sequential,1778274717.274075,/big.txt,42074112,131072,sequential,1.0000,0.0000,0,0,,,1,1,0
20,020_none_sequential_run20,none,sequential,1778274717.2766237,/big.txt,42205184,131072,sequential,1.0000,0.0000,0,0,,,1,1,0
20,020_none_sequential_run20,none,sequential,1778274717.279226,/big.txt,42336256,131072,sequential,1.0000,0.0000,0,0,,,1,1,0
20,020_none_sequential_run20,none,sequential,1778274717.2816768,/big.txt,42467328,131072,sequential,1.0000,0.0000,0,0,,,1,1,0
20,020_none_sequential_run20,none,sequential,1778274717.2841804,/big.txt,42598400,131072,sequential,1.0000,0.0000,0,0,,,1,1,0
20,020_none_sequential_run20,none,sequential,1778274717.2866507,/big.txt,42729472,131072,sequential,1.0000,0.0000,0,0,,,1,1,0
20,020_none_sequential_run20,none,sequential,1778274717.2890723,/big.txt,42860544,131072,sequential,1.0000,0.0000,0,0,,,1,1,0
20,020_none_sequential_run20,none,sequential,1778274717.2916348,/big.txt,42991616,131072,sequential,1.0000,0.0000,0,0,,,1,1,0
20,020_none_sequential_run20,none,sequential,1778274717.2940793,/big.txt,43122688,131072,sequential,1.0000,0.0000,0,0,,,1,1,0
20,020_none_sequential_run20,none,sequential,1778274717.2966046,/big.txt,43253760,131072,sequential,1.0000,0.0000,0,0,,,1,1,0
20,020_none_sequential_run20,none,sequential,1778274717.299155,/big.txt,43384832,131072,sequential,1.0000,0.0000,0,0,,,1,1,0
20,020_none_sequential_run20,none,sequential,1778274717.3016155,/big.txt,43515904,131072,sequential,1.0000,0.0000,0,0,,,1,1,0
20,020_none_sequential_run20,none,sequential,1778274717.304119,/big.txt,43646976,131072,sequential,1.0000,0.0000,0,0,,,1,1,0
20,020_none_sequential_run20,none,sequential,1778274717.306583,/big.txt,43778048,131072,sequential,1.0000,0.0000,0,0,,,1,1,0
20,020_none_sequential_run20,none,sequential,1778274717.3090553,/big.txt,43909120,131072,sequential,1.0000,0.0000,0,0,,,1,1,0
20,020_none_sequential_run20,none,sequential,1778274717.3116155,/big.txt,44040192,131072,sequential,1.0000,0.0000,0,0,,,1,1,0
20,020_none_sequential_run20,none,sequential,1778274717.3140655,/big.txt,44171264,131072,sequential,1.0000,0.0000,0,0,,,1,1,0
20,020_none_sequential_run20,none,sequential,1778274717.316634,/big.txt,44302336,131072,sequential,1.0000,0.0000,0,0,,,1,1,0
20,020_none_sequential_run20,none,sequential,1778274717.3191597,/big.txt,44433408,131072,sequential,1.0000,0.0000,0,0,,,1,1,0
20,020_none_sequential_run20,none,sequential,1778274717.3216233,/big.txt,44564480,131072,sequential,1.0000,0.0000,0,0,,,1,1,0
20,020_none_sequential_run20,none,sequential,1778274717.3241467,/big.txt,44695552,131072,sequential,1.0000,0.0000,0,0,,,1,1,0
20,020_none_sequential_run20,none,sequential,1778274717.3266168,/big.txt,44826624,131072,sequential,1.0000,0.0000,0,0,,,1,1,0
20,020_none_sequential_run20,none,sequential,1778274717.3291497,/big.txt,44957696,131072,sequential,1.0000,0.0000,0,0,,,1,1,0
20,020_none_sequential_run20,none,sequential,1778274717.3316362,/big.txt,45088768,131072,sequential,1.0000,0.0000,0,0,,,1,1,0
20,020_none_sequential_run20,none,sequential,1778274717.3341455,/big.txt,45219840,131072,sequential,1.0000,0.0000,0,0,,,1,1,0
20,020_none_sequential_run20,none,sequential,1778274717.336671,/big.txt,45350912,131072,sequential,1.0000,0.0000,0,0,,,1,1,0
20,020_none_sequential_run20,none,sequential,1778274717.3391798,/big.txt,45481984,131072,sequential,1.0000,0.0000,0,0,,,1,1,0
20,020_none_sequential_run20,none,sequential,1778274717.341642,/big.txt,45613056,131072,sequential,1.0000,0.0000,0,0,,,1,1,0
20,020_none_sequential_run20,none,sequential,1778274717.3441687,/big.txt,45744128,131072,sequential,1.0000,0.0000,0,0,,,1,1,0
20,020_none_sequential_run20,none,sequential,1778274717.3466527,/big.txt,45875200,131072,sequential,1.0000,0.0000,0,0,,,1,1,0
20,020_none_sequential_run20,none,sequential,1778274717.3491123,/big.txt,46006272,131072,sequential,1.0000,0.0000,0,0,,,1,1,0
20,020_none_sequential_run20,none,sequential,1778274717.3515983,/big.txt,46137344,131072,sequential,1.0000,0.0000,0,0,,,1,1,0
20,020_none_sequential_run20,none,sequential,1778274717.3540814,/big.txt,46268416,131072,sequential,1.0000,0.0000,0,0,,,1,1,0
20,020_none_sequential_run20,none,sequential,1778274717.3566256,/big.txt,46399488,131072,sequential,1.0000,0.0000,0,0,,,1,1,0
20,020_none_sequential_run20,none,sequential,1778274717.3591964,/big.txt,46530560,131072,sequential,1.0000,0.0000,0,0,,,1,1,0
20,020_none_sequential_run20,none,sequential,1778274717.361695,/big.txt,46661632,131072,sequential,1.0000,0.0000,0,0,,,1,1,0
20,020_none_sequential_run20,none,sequential,1778274717.3642468,/big.txt,46792704,131072,sequential,1.0000,0.0000,0,0,,,1,1,0
20,020_none_sequential_run20,none,sequential,1778274717.3667605,/big.txt,46923776,131072,sequential,1.0000,0.0000,0,0,,,1,1,0
20,020_none_sequential_run20,none,sequential,1778274717.369262,/big.txt,47054848,131072,sequential,1.0000,0.0000,0,0,,,1,1,0
20,020_none_sequential_run20,none,sequential,1778274717.3717482,/big.txt,47185920,131072,sequential,1.0000,0.0000,0,0,,,1,1,0
20,020_none_sequential_run20,none,sequential,1778274717.3741775,/big.txt,47316992,131072,sequential,1.0000,0.0000,0,0,,,1,1,0
20,020_none_sequential_run20,none,sequential,1778274717.376667,/big.txt,47448064,131072,sequential,1.0000,0.0000,0,0,,,1,1,0
20,020_none_sequential_run20,none,sequential,1778274717.3791623,/big.txt,47579136,131072,sequential,1.0000,0.0000,0,0,,,1,1,0
20,020_none_sequential_run20,none,sequential,1778274717.381672,/big.txt,47710208,131072,sequential,1.0000,0.0000,0,0,,,1,1,0
20,020_none_sequential_run20,none,sequential,1778274717.3842452,/big.txt,47841280,131072,sequential,1.0000,0.0000,0,0,,,1,1,0
20,020_none_sequential_run20,none,sequential,1778274717.3867683,/big.txt,47972352,131072,sequential,1.0000,0.0000,0,0,,,1,1,0
20,020_none_sequential_run20,none,sequential,1778274717.389342,/big.txt,48103424,131072,sequential,1.0000,0.0000,0,0,,,1,1,0
20,020_none_sequential_run20,none,sequential,1778274717.391854,/big.txt,48234496,131072,sequential,1.0000,0.0000,0,0,,,1,1,0
20,020_none_sequential_run20,none,sequential,1778274717.394322,/big.txt,48365568,131072,sequential,1.0000,0.0000,0,0,,,1,1,0
20,020_none_sequential_run20,none,sequential,1778274717.3968344,/big.txt,48496640,131072,sequential,1.0000,0.0000,0,0,,,1,1,0
20,020_none_sequential_run20,none,sequential,1778274717.399337,/big.txt,48627712,131072,sequential,1.0000,0.0000,0,0,,,1,1,0
20,020_none_sequential_run20,none,sequential,1778274717.4018073,/big.txt,48758784,131072,sequential,1.0000,0.0000,0,0,,,1,1,0
20,020_none_sequential_run20,none,sequential,1778274717.4043844,/big.txt,48889856,131072,sequential,1.0000,0.0000,0,0,,,1,1,0
20,020_none_sequential_run20,none,sequential,1778274717.4070475,/big.txt,49020928,131072,sequential,1.0000,0.0000,0,0,,,1,1,0
20,020_none_sequential_run20,none,sequential,1778274717.4112546,/big.txt,49152000,131072,sequential,1.0000,0.0000,0,0,,,1,1,0
20,020_none_sequential_run20,none,sequential,1778274717.4137552,/big.txt,49283072,131072,sequential,1.0000,0.0000,0,0,,,1,1,0
20,020_none_sequential_run20,none,sequential,1778274717.4163067,/big.txt,49414144,131072,sequential,1.0000,0.0000,0,0,,,1,1,0
20,020_none_sequential_run20,none,sequential,1778274717.4189703,/big.txt,49545216,131072,sequential,1.0000,0.0000,0,0,,,1,1,0
20,020_none_sequential_run20,none,sequential,1778274717.4215372,/big.txt,49676288,131072,sequential,1.0000,0.0000,0,0,,,1,1,0
20,020_none_sequential_run20,none,sequential,1778274717.4240897,/big.txt,49807360,131072,sequential,1.0000,0.0000,0,0,,,1,1,0
20,020_none_sequential_run20,none,sequential,1778274717.4266,/big.txt,49938432,131072,sequential,1.0000,0.0000,0,0,,,1,1,0
20,020_none_sequential_run20,none,sequential,1778274717.4290624,/big.txt,50069504,131072,sequential,1.0000,0.0000,0,0,,,1,1,0
20,020_none_sequential_run20,none,sequential,1778274717.4315257,/big.txt,50200576,131072,sequential,1.0000,0.0000,0,0,,,1,1,0
20,020_none_sequential_run20,none,sequential,1778274717.4339855,/big.txt,50331648,131072,sequential,1.0000,0.0000,0,0,,,1,1,0
20,020_none_sequential_run20,none,sequential,1778274717.4365332,/big.txt,50462720,131072,sequential,1.0000,0.0000,0,0,,,1,1,0
20,020_none_sequential_run20,none,sequential,1778274717.4390402,/big.txt,50593792,131072,sequential,1.0000,0.0000,0,0,,,1,1,0
20,020_none_sequential_run20,none,sequential,1778274717.4415705,/big.txt,50724864,131072,sequential,1.0000,0.0000,0,0,,,1,1,0
20,020_none_sequential_run20,none,sequential,1778274717.4440882,/big.txt,50855936,131072,sequential,1.0000,0.0000,0,0,,,1,1,0
20,020_none_sequential_run20,none,sequential,1778274717.4465823,/big.txt,50987008,131072,sequential,1.0000,0.0000,0,0,,,1,1,0
20,020_none_sequential_run20,none,sequential,1778274717.449025,/big.txt,51118080,131072,sequential,1.0000,0.0000,0,0,,,1,1,0
20,020_none_sequential_run20,none,sequential,1778274717.4515314,/big.txt,51249152,131072,sequential,1.0000,0.0000,0,0,,,1,1,0
20,020_none_sequential_run20,none,sequential,1778274717.4540057,/big.txt,51380224,131072,sequential,1.0000,0.0000,0,0,,,1,1,0
20,020_none_sequential_run20,none,sequential,1778274717.4565704,/big.txt,51511296,131072,sequential,1.0000,0.0000,0,0,,,1,1,0
20,020_none_sequential_run20,none,sequential,1778274717.4591742,/big.txt,51642368,131072,sequential,1.0000,0.0000,0,0,,,1,1,0
20,020_none_sequential_run20,none,sequential,1778274717.461982,/big.txt,51773440,131072,sequential,1.0000,0.0000,0,0,,,1,1,0
20,020_none_sequential_run20,none,sequential,1778274717.4642255,/big.txt,51904512,131072,sequential,1.0000,0.0000,0,0,,,1,1,0
20,020_none_sequential_run20,none,sequential,1778274717.4663994,/big.txt,52035584,131072,sequential,1.0000,0.0000,0,0,,,1,1,0
20,020_none_sequential_run20,none,sequential,1778274717.4685783,/big.txt,52166656,131072,sequential,1.0000,0.0000,0,0,,,1,1,0
20,020_none_sequential_run20,none,sequential,1778274717.4707668,/big.txt,52297728,131072,sequential,1.0000,0.0000,0,0,,,1,1,0
20,020_none_sequential_run20,none,sequential,1778274717.4750621,/big.txt,52428800,131072,sequential,1.0000,0.0000,0,0,,,1,1,0
20,020_none_sequential_run20,none,sequential,1778274717.4772139,/big.txt,52559872,131072,sequential,1.0000,0.0000,0,0,,,1,1,0
20,020_none_sequential_run20,none,sequential,1778274717.4793687,/big.txt,52690944,131072,sequential,1.0000,0.0000,0,0,,,1,1,0
20,020_none_sequential_run20,none,sequential,1778274717.4815185,/big.txt,52822016,131072,sequential,1.0000,0.0000,0,0,,,1,1,0
20,020_none_sequential_run20,none,sequential,1778274717.4837036,/big.txt,52953088,131072,sequential,1.0000,0.0000,0,0,,,1,1,0
20,020_none_sequential_run20,none,sequential,1778274717.485849,/big.txt,53084160,131072,sequential,1.0000,0.0000,0,0,,,1,1,0
20,020_none_sequential_run20,none,sequential,1778274717.488024,/big.txt,53215232,131072,sequential,1.0000,0.0000,0,0,,,1,1,0
20,020_none_sequential_run20,none,sequential,1778274717.4901779,/big.txt,53346304,131072,sequential,1.0000,0.0000,0,0,,,1,1,0
20,020_none_sequential_run20,none,sequential,1778274717.4923377,/big.txt,53477376,131072,sequential,1.0000,0.0000,0,0,,,1,1,0
20,020_none_sequential_run20,none,sequential,1778274717.4944775,/big.txt,53608448,131072,sequential,1.0000,0.0000,0,0,,,1,1,0
20,020_none_sequential_run20,none,sequential,1778274717.496617,/big.txt,53739520,131072,sequential,1.0000,0.0000,0,0,,,1,1,0
20,020_none_sequential_run20,none,sequential,1778274717.4987526,/big.txt,53870592,131072,sequential,1.0000,0.0000,0,0,,,1,1,0
20,020_none_sequential_run20,none,sequential,1778274717.5008955,/big.txt,54001664,131072,sequential,1.0000,0.0000,0,0,,,1,1,0
20,020_none_sequential_run20,none,sequential,1778274717.5030608,/big.txt,54132736,131072,sequential,1.0000,0.0000,0,0,,,1,1,0
20,020_none_sequential_run20,none,sequential,1778274717.5052168,/big.txt,54263808,131072,sequential,1.0000,0.0000,0,0,,,1,1,0
20,020_none_sequential_run20,none,sequential,1778274717.5073695,/big.txt,54394880,131072,sequential,1.0000,0.0000,0,0,,,1,1,0
20,020_none_sequential_run20,none,sequential,1778274717.509523,/big.txt,54525952,131072,sequential,1.0000,0.0000,0,0,,,1,1,0
20,020_none_sequential_run20,none,sequential,1778274717.5116677,/big.txt,54657024,131072,sequential,1.0000,0.0000,0,0,,,1,1,0
20,020_none_sequential_run20,none,sequential,1778274717.5138109,/big.txt,54788096,131072,sequential,1.0000,0.0000,0,0,,,1,1,0
20,020_none_sequential_run20,none,sequential,1778274717.5159702,/big.txt,54919168,131072,sequential,1.0000,0.0000,0,0,,,1,1,0
20,020_none_sequential_run20,none,sequential,1778274717.5181448,/big.txt,55050240,131072,sequential,1.0000,0.0000,0,0,,,1,1,0
20,020_none_sequential_run20,none,sequential,1778274717.5203004,/big.txt,55181312,131072,sequential,1.0000,0.0000,0,0,,,1,1,0
20,020_none_sequential_run20,none,sequential,1778274717.5224395,/big.txt,55312384,131072,sequential,1.0000,0.0000,0,0,,,1,1,0
20,020_none_sequential_run20,none,sequential,1778274717.524596,/big.txt,55443456,131072,sequential,1.0000,0.0000,0,0,,,1,1,0
20,020_none_sequential_run20,none,sequential,1778274717.5267434,/big.txt,55574528,131072,sequential,1.0000,0.0000,0,0,,,1,1,0
20,020_none_sequential_run20,none,sequential,1778274717.5289612,/big.txt,55705600,131072,sequential,1.0000,0.0000,0,0,,,1,1,0
20,020_none_sequential_run20,none,sequential,1778274717.5311167,/big.txt,55836672,131072,sequential,1.0000,0.0000,0,0,,,1,1,0
20,020_none_sequential_run20,none,sequential,1778274717.5332472,/big.txt,55967744,131072,sequential,1.0000,0.0000,0,0,,,1,1,0
20,020_none_sequential_run20,none,sequential,1778274717.5354838,/big.txt,56098816,131072,sequential,1.0000,0.0000,0,0,,,1,1,0
20,020_none_sequential_run20,none,sequential,1778274717.5376303,/big.txt,56229888,131072,sequential,1.0000,0.0000,0,0,,,1,1,0
20,020_none_sequential_run20,none,sequential,1778274717.5397832,/big.txt,56360960,131072,sequential,1.0000,0.0000,0,0,,,1,1,0
20,020_none_sequential_run20,none,sequential,1778274717.5419052,/big.txt,56492032,131072,sequential,1.0000,0.0000,0,0,,,1,1,0
20,020_none_sequential_run20,none,sequential,1778274717.5440695,/big.txt,56623104,131072,sequential,1.0000,0.0000,0,0,,,1,1,0
20,020_none_sequential_run20,none,sequential,1778274717.5462317,/big.txt,56754176,131072,sequential,1.0000,0.0000,0,0,,,1,1,0
20,020_none_sequential_run20,none,sequential,1778274717.548388,/big.txt,56885248,131072,sequential,1.0000,0.0000,0,0,,,1,1,0
20,020_none_sequential_run20,none,sequential,1778274717.5505314,/big.txt,57016320,131072,sequential,1.0000,0.0000,0,0,,,1,1,0
20,020_none_sequential_run20,none,sequential,1778274717.5527442,/big.txt,57147392,131072,sequential,1.0000,0.0000,0,0,,,1,1,0
20,020_none_sequential_run20,none,sequential,1778274717.5548966,/big.txt,57278464,131072,sequential,1.0000,0.0000,0,0,,,1,1,0
20,020_none_sequential_run20,none,sequential,1778274717.557052,/big.txt,57409536,131072,sequential,1.0000,0.0000,0,0,,,1,1,0
20,020_none_sequential_run20,none,sequential,1778274717.5592957,/big.txt,57540608,131072,sequential,1.0000,0.0000,0,0,,,1,1,0
20,020_none_sequential_run20,none,sequential,1778274717.561444,/big.txt,57671680,131072,sequential,1.0000,0.0000,0,0,,,1,1,0
20,020_none_sequential_run20,none,sequential,1778274717.5635989,/big.txt,57802752,131072,sequential,1.0000,0.0000,0,0,,,1,1,0
20,020_none_sequential_run20,none,sequential,1778274717.5657356,/big.txt,57933824,131072,sequential,1.0000,0.0000,0,0,,,1,1,0
20,020_none_sequential_run20,none,sequential,1778274717.567875,/big.txt,58064896,131072,sequential,1.0000,0.0000,0,0,,,1,1,0
20,020_none_sequential_run20,none,sequential,1778274717.5700066,/big.txt,58195968,131072,sequential,1.0000,0.0000,0,0,,,1,1,0
20,020_none_sequential_run20,none,sequential,1778274717.5721555,/big.txt,58327040,131072,sequential,1.0000,0.0000,0,0,,,1,1,0
20,020_none_sequential_run20,none,sequential,1778274717.5743387,/big.txt,58458112,131072,sequential,1.0000,0.0000,0,0,,,1,1,0
20,020_none_sequential_run20,none,sequential,1778274717.576496,/big.txt,58589184,131072,sequential,1.0000,0.0000,0,0,,,1,1,0
20,020_none_sequential_run20,none,sequential,1778274717.578637,/big.txt,58720256,131072,sequential,1.0000,0.0000,0,0,,,1,1,0
20,020_none_sequential_run20,none,sequential,1778274717.5808465,/big.txt,58851328,131072,sequential,1.0000,0.0000,0,0,,,1,1,0
20,020_none_sequential_run20,none,sequential,1778274717.5830245,/big.txt,58982400,131072,sequential,1.0000,0.0000,0,0,,,1,1,0
20,020_none_sequential_run20,none,sequential,1778274717.5851681,/big.txt,59113472,131072,sequential,1.0000,0.0000,0,0,,,1,1,0
20,020_none_sequential_run20,none,sequential,1778274717.5873976,/big.txt,59244544,131072,sequential,1.0000,0.0000,0,0,,,1,1,0
20,020_none_sequential_run20,none,sequential,1778274717.5895452,/big.txt,59375616,131072,sequential,1.0000,0.0000,0,0,,,1,1,0
20,020_none_sequential_run20,none,sequential,1778274717.5917041,/big.txt,59506688,131072,sequential,1.0000,0.0000,0,0,,,1,1,0
20,020_none_sequential_run20,none,sequential,1778274717.5938485,/big.txt,59637760,131072,sequential,1.0000,0.0000,0,0,,,1,1,0
20,020_none_sequential_run20,none,sequential,1778274717.5960162,/big.txt,59768832,131072,sequential,1.0000,0.0000,0,0,,,1,1,0
20,020_none_sequential_run20,none,sequential,1778274717.5981576,/big.txt,59899904,131072,sequential,1.0000,0.0000,0,0,,,1,1,0
20,020_none_sequential_run20,none,sequential,1778274717.6003153,/big.txt,60030976,131072,sequential,1.0000,0.0000,0,0,,,1,1,0
20,020_none_sequential_run20,none,sequential,1778274717.6024573,/big.txt,60162048,131072,sequential,1.0000,0.0000,0,0,,,1,1,0
20,020_none_sequential_run20,none,sequential,1778274717.604622,/big.txt,60293120,131072,sequential,1.0000,0.0000,0,0,,,1,1,0
20,020_none_sequential_run20,none,sequential,1778274717.6067626,/big.txt,60424192,131072,sequential,1.0000,0.0000,0,0,,,1,1,0
20,020_none_sequential_run20,none,sequential,1778274717.608971,/big.txt,60555264,131072,sequential,1.0000,0.0000,0,0,,,1,1,0
20,020_none_sequential_run20,none,sequential,1778274717.6111405,/big.txt,60686336,131072,sequential,1.0000,0.0000,0,0,,,1,1,0
20,020_none_sequential_run20,none,sequential,1778274717.6132867,/big.txt,60817408,131072,sequential,1.0000,0.0000,0,0,,,1,1,0
20,020_none_sequential_run20,none,sequential,1778274717.61546,/big.txt,60948480,131072,sequential,1.0000,0.0000,0,0,,,1,1,0
20,020_none_sequential_run20,none,sequential,1778274717.6176062,/big.txt,61079552,131072,sequential,1.0000,0.0000,0,0,,,1,1,0
20,020_none_sequential_run20,none,sequential,1778274717.6197615,/big.txt,61210624,131072,sequential,1.0000,0.0000,0,0,,,1,1,0
20,020_none_sequential_run20,none,sequential,1778274717.6219146,/big.txt,61341696,131072,sequential,1.0000,0.0000,0,0,,,1,1,0
20,020_none_sequential_run20,none,sequential,1778274717.6240892,/big.txt,61472768,131072,sequential,1.0000,0.0000,0,0,,,1,1,0
20,020_none_sequential_run20,none,sequential,1778274717.6262434,/big.txt,61603840,131072,sequential,1.0000,0.0000,0,0,,,1,1,0
20,020_none_sequential_run20,none,sequential,1778274717.628419,/big.txt,61734912,131072,sequential,1.0000,0.0000,0,0,,,1,1,0
20,020_none_sequential_run20,none,sequential,1778274717.630553,/big.txt,61865984,131072,sequential,1.0000,0.0000,0,0,,,1,1,0
20,020_none_sequential_run20,none,sequential,1778274717.6327298,/big.txt,61997056,131072,sequential,1.0000,0.0000,0,0,,,1,1,0
20,020_none_sequential_run20,none,sequential,1778274717.6349294,/big.txt,62128128,131072,sequential,1.0000,0.0000,0,0,,,1,1,0
20,020_none_sequential_run20,none,sequential,1778274717.6370764,/big.txt,62259200,131072,sequential,1.0000,0.0000,0,0,,,1,1,0
20,020_none_sequential_run20,none,sequential,1778274717.6392488,/big.txt,62390272,131072,sequential,1.0000,0.0000,0,0,,,1,1,0
20,020_none_sequential_run20,none,sequential,1778274717.6413918,/big.txt,62521344,131072,sequential,1.0000,0.0000,0,0,,,1,1,0
20,020_none_sequential_run20,none,sequential,1778274717.6435447,/big.txt,62652416,131072,sequential,1.0000,0.0000,0,0,,,1,1,0
20,020_none_sequential_run20,none,sequential,1778274717.64569,/big.txt,62783488,131072,sequential,1.0000,0.0000,0,0,,,1,1,0
20,020_none_sequential_run20,none,sequential,1778274717.6478684,/big.txt,62914560,131072,sequential,1.0000,0.0000,0,0,,,1,1,0
20,020_none_sequential_run20,none,sequential,1778274717.6500304,/big.txt,63045632,131072,sequential,1.0000,0.0000,0,0,,,1,1,0
20,020_none_sequential_run20,none,sequential,1778274717.6521895,/big.txt,63176704,131072,sequential,1.0000,0.0000,0,0,,,1,1,0
20,020_none_sequential_run20,none,sequential,1778274717.6543386,/big.txt,63307776,131072,sequential,1.0000,0.0000,0,0,,,1,1,0
20,020_none_sequential_run20,none,sequential,1778274717.6564732,/big.txt,63438848,131072,sequential,1.0000,0.0000,0,0,,,1,1,0
20,020_none_sequential_run20,none,sequential,1778274717.6586237,/big.txt,63569920,131072,sequential,1.0000,0.0000,0,0,,,1,1,0
20,020_none_sequential_run20,none,sequential,1778274717.660782,/big.txt,63700992,131072,sequential,1.0000,0.0000,0,0,,,1,1,0
20,020_none_sequential_run20,none,sequential,1778274717.663004,/big.txt,63832064,131072,sequential,1.0000,0.0000,0,0,,,1,1,0
20,020_none_sequential_run20,none,sequential,1778274717.6651537,/big.txt,63963136,131072,sequential,1.0000,0.0000,0,0,,,1,1,0
20,020_none_sequential_run20,none,sequential,1778274717.6673324,/big.txt,64094208,131072,sequential,1.0000,0.0000,0,0,,,1,1,0
20,020_none_sequential_run20,none,sequential,1778274717.6694798,/big.txt,64225280,131072,sequential,1.0000,0.0000,0,0,,,1,1,0
20,020_none_sequential_run20,none,sequential,1778274717.6716764,/big.txt,64356352,131072,sequential,1.0000,0.0000,0,0,,,1,1,0
20,020_none_sequential_run20,none,sequential,1778274717.6738307,/big.txt,64487424,131072,sequential,1.0000,0.0000,0,0,,,1,1,0
20,020_none_sequential_run20,none,sequential,1778274717.676008,/big.txt,64618496,131072,sequential,1.0000,0.0000,0,0,,,1,1,0
20,020_none_sequential_run20,none,sequential,1778274717.6781535,/big.txt,64749568,131072,sequential,1.0000,0.0000,0,0,,,1,1,0
20,020_none_sequential_run20,none,sequential,1778274717.680346,/big.txt,64880640,131072,sequential,1.0000,0.0000,0,0,,,1,1,0
20,020_none_sequential_run20,none,sequential,1778274717.6824942,/big.txt,65011712,131072,sequential,1.0000,0.0000,0,0,,,1,1,0
20,020_none_sequential_run20,none,sequential,1778274717.6846454,/big.txt,65142784,131072,sequential,1.0000,0.0000,0,0,,,1,1,0
20,020_none_sequential_run20,none,sequential,1778274717.6869,/big.txt,65273856,131072,sequential,1.0000,0.0000,0,0,,,1,1,0
20,020_none_sequential_run20,none,sequential,1778274717.6912918,/big.txt,65404928,131072,sequential,1.0000,0.0000,0,0,,,1,1,0
20,020_none_sequential_run20,none,sequential,1778274717.6956284,/big.txt,65536000,131072,sequential,1.0000,0.0000,0,0,,,1,1,0
20,020_none_sequential_run20,none,sequential,1778274717.6991973,/big.txt,65667072,131072,sequential,1.0000,0.0000,0,0,,,1,1,0
20,020_none_sequential_run20,none,sequential,1778274717.7013302,/big.txt,65798144,131072,sequential,1.0000,0.0000,0,0,,,1,1,0
20,020_none_sequential_run20,none,sequential,1778274717.7035737,/big.txt,65929216,131072,sequential,1.0000,0.0000,0,0,,,1,1,0
20,020_none_sequential_run20,none,sequential,1778274717.705728,/big.txt,66060288,131072,sequential,1.0000,0.0000,0,0,,,1,1,0
20,020_none_sequential_run20,none,sequential,1778274717.7078993,/big.txt,66191360,131072,sequential,1.0000,0.0000,0,0,,,1,1,0
20,020_none_sequential_run20,none,sequential,1778274717.7100523,/big.txt,66322432,131072,sequential,1.0000,0.0000,0,0,,,1,1,0
20,020_none_sequential_run20,none,sequential,1778274717.7122164,/big.txt,66453504,131072,sequential,1.0000,0.0000,0,0,,,1,1,0
20,020_none_sequential_run20,none,sequential,1778274717.7143576,/big.txt,66584576,131072,sequential,1.0000,0.0000,0,0,,,1,1,0
20,020_none_sequential_run20,none,sequential,1778274717.7165003,/big.txt,66715648,131072,sequential,1.0000,0.0000,0,0,,,1,1,0
20,020_none_sequential_run20,none,sequential,1778274717.7186613,/big.txt,66846720,131072,sequential,1.0000,0.0000,0,0,,,1,1,0
20,020_none_sequential_run20,none,sequential,1778274717.7208235,/big.txt,66977792,131072,sequential,1.0000,0.0000,0,0,,,1,1,0
20,020_none_sequential_run20,none,sequential,1778274717.722983,/big.txt,67108864,131072,sequential,1.0000,0.0000,0,0,,,1,1,0
20,020_none_sequential_run20,none,sequential,1778274717.7251277,/big.txt,67239936,131072,sequential,1.0000,0.0000,0,0,,,1,1,0
20,020_none_sequential_run20,none,sequential,1778274717.7274122,/big.txt,67371008,131072,sequential,1.0000,0.0000,0,0,,,1,1,0
20,020_none_sequential_run20,none,sequential,1778274717.7295597,/big.txt,67502080,131072,sequential,1.0000,0.0000,0,0,,,1,1,0
20,020_none_sequential_run20,none,sequential,1778274717.7317278,/big.txt,67633152,131072,sequential,1.0000,0.0000,0,0,,,1,1,0
20,020_none_sequential_run20,none,sequential,1778274717.7338686,/big.txt,67764224,131072,sequential,1.0000,0.0000,0,0,,,1,1,0
20,020_none_sequential_run20,none,sequential,1778274717.7360497,/big.txt,67895296,131072,sequential,1.0000,0.0000,0,0,,,1,1,0
20,020_none_sequential_run20,none,sequential,1778274717.7382076,/big.txt,68026368,131072,sequential,1.0000,0.0000,0,0,,,1,1,0
20,020_none_sequential_run20,none,sequential,1778274717.7403924,/big.txt,68157440,131072,sequential,1.0000,0.0000,0,0,,,1,1,0
20,020_none_sequential_run20,none,sequential,1778274717.7425306,/big.txt,68288512,131072,sequential,1.0000,0.0000,0,0,,,1,1,0
20,020_none_sequential_run20,none,sequential,1778274717.7446597,/big.txt,68419584,131072,sequential,1.0000,0.0000,0,0,,,1,1,0
20,020_none_sequential_run20,none,sequential,1778274717.7468352,/big.txt,68550656,131072,sequential,1.0000,0.0000,0,0,,,1,1,0
20,020_none_sequential_run20,none,sequential,1778274717.7489576,/big.txt,68681728,131072,sequential,1.0000,0.0000,0,0,,,1,1,0
20,020_none_sequential_run20,none,sequential,1778274717.7512062,/big.txt,68812800,131072,sequential,1.0000,0.0000,0,0,,,1,1,0
20,020_none_sequential_run20,none,sequential,1778274717.7533426,/big.txt,68943872,131072,sequential,1.0000,0.0000,0,0,,,1,1,0
20,020_none_sequential_run20,none,sequential,1778274717.75551,/big.txt,69074944,131072,sequential,1.0000,0.0000,0,0,,,1,1,0
20,020_none_sequential_run20,none,sequential,1778274717.75765,/big.txt,69206016,131072,sequential,1.0000,0.0000,0,0,,,1,1,0
20,020_none_sequential_run20,none,sequential,1778274717.7598155,/big.txt,69337088,131072,sequential,1.0000,0.0000,0,0,,,1,1,0
20,020_none_sequential_run20,none,sequential,1778274717.7619567,/big.txt,69468160,131072,sequential,1.0000,0.0000,0,0,,,1,1,0
20,020_none_sequential_run20,none,sequential,1778274717.7641141,/big.txt,69599232,131072,sequential,1.0000,0.0000,0,0,,,1,1,0
20,020_none_sequential_run20,none,sequential,1778274717.7662492,/big.txt,69730304,131072,sequential,1.0000,0.0000,0,0,,,1,1,0
20,020_none_sequential_run20,none,sequential,1778274717.7684186,/big.txt,69861376,131072,sequential,1.0000,0.0000,0,0,,,1,1,0
20,020_none_sequential_run20,none,sequential,1778274717.7705526,/big.txt,69992448,131072,sequential,1.0000,0.0000,0,0,,,1,1,0
20,020_none_sequential_run20,none,sequential,1778274717.772685,/big.txt,70123520,131072,sequential,1.0000,0.0000,0,0,,,1,1,0
20,020_none_sequential_run20,none,sequential,1778274717.7748346,/big.txt,70254592,131072,sequential,1.0000,0.0000,0,0,,,1,1,0
20,020_none_sequential_run20,none,sequential,1778274717.7769861,/big.txt,70385664,131072,sequential,1.0000,0.0000,0,0,,,1,1,0
20,020_none_sequential_run20,none,sequential,1778274717.7791421,/big.txt,70516736,131072,sequential,1.0000,0.0000,0,0,,,1,1,0
20,020_none_sequential_run20,none,sequential,1778274717.7812743,/big.txt,70647808,131072,sequential,1.0000,0.0000,0,0,,,1,1,0
20,020_none_sequential_run20,none,sequential,1778274717.7835085,/big.txt,70778880,131072,sequential,1.0000,0.0000,0,0,,,1,1,0
20,020_none_sequential_run20,none,sequential,1778274717.7856936,/big.txt,70909952,131072,sequential,1.0000,0.0000,0,0,,,1,1,0
20,020_none_sequential_run20,none,sequential,1778274717.7879276,/big.txt,71041024,131072,sequential,1.0000,0.0000,0,0,,,1,1,0
20,020_none_sequential_run20,none,sequential,1778274717.7900796,/big.txt,71172096,131072,sequential,1.0000,0.0000,0,0,,,1,1,0
20,020_none_sequential_run20,none,sequential,1778274717.7922575,/big.txt,71303168,131072,sequential,1.0000,0.0000,0,0,,,1,1,0
20,020_none_sequential_run20,none,sequential,1778274717.7943976,/big.txt,71434240,131072,sequential,1.0000,0.0000,0,0,,,1,1,0
20,020_none_sequential_run20,none,sequential,1778274717.7965467,/big.txt,71565312,131072,sequential,1.0000,0.0000,0,0,,,1,1,0
20,020_none_sequential_run20,none,sequential,1778274717.7987046,/big.txt,71696384,131072,sequential,1.0000,0.0000,0,0,,,1,1,0
20,020_none_sequential_run20,none,sequential,1778274717.8008802,/big.txt,71827456,131072,sequential,1.0000,0.0000,0,0,,,1,1,0
20,020_none_sequential_run20,none,sequential,1778274717.8030748,/big.txt,71958528,131072,sequential,1.0000,0.0000,0,0,,,1,1,0
20,020_none_sequential_run20,none,sequential,1778274717.8052056,/big.txt,72089600,131072,sequential,1.0000,0.0000,0,0,,,1,1,0
20,020_none_sequential_run20,none,sequential,1778274717.8074296,/big.txt,72220672,131072,sequential,1.0000,0.0000,0,0,,,1,1,0
20,020_none_sequential_run20,none,sequential,1778274717.809563,/big.txt,72351744,131072,sequential,1.0000,0.0000,0,0,,,1,1,0
20,020_none_sequential_run20,none,sequential,1778274717.811737,/big.txt,72482816,131072,sequential,1.0000,0.0000,0,0,,,1,1,0
20,020_none_sequential_run20,none,sequential,1778274717.8138947,/big.txt,72613888,131072,sequential,1.0000,0.0000,0,0,,,1,1,0
20,020_none_sequential_run20,none,sequential,1778274717.8160424,/big.txt,72744960,131072,sequential,1.0000,0.0000,0,0,,,1,1,0
20,020_none_sequential_run20,none,sequential,1778274717.8181596,/big.txt,72876032,131072,sequential,1.0000,0.0000,0,0,,,1,1,0
20,020_none_sequential_run20,none,sequential,1778274717.8203418,/big.txt,73007104,131072,sequential,1.0000,0.0000,0,0,,,1,1,0
20,020_none_sequential_run20,none,sequential,1778274717.822482,/big.txt,73138176,131072,sequential,1.0000,0.0000,0,0,,,1,1,0
20,020_none_sequential_run20,none,sequential,1778274717.8246315,/big.txt,73269248,131072,sequential,1.0000,0.0000,0,0,,,1,1,0
20,020_none_sequential_run20,none,sequential,1778274717.8267882,/big.txt,73400320,131072,sequential,1.0000,0.0000,0,0,,,1,1,0
20,020_none_sequential_run20,none,sequential,1778274717.8289535,/big.txt,73531392,131072,sequential,1.0000,0.0000,0,0,,,1,1,0
20,020_none_sequential_run20,none,sequential,1778274717.8311412,/big.txt,73662464,131072,sequential,1.0000,0.0000,0,0,,,1,1,0
20,020_none_sequential_run20,none,sequential,1778274717.8333025,/big.txt,73793536,131072,sequential,1.0000,0.0000,0,0,,,1,1,0
20,020_none_sequential_run20,none,sequential,1778274717.8354435,/big.txt,73924608,131072,sequential,1.0000,0.0000,0,0,,,1,1,0
20,020_none_sequential_run20,none,sequential,1778274717.8375754,/big.txt,74055680,131072,sequential,1.0000,0.0000,0,0,,,1,1,0
20,020_none_sequential_run20,none,sequential,1778274717.8397458,/big.txt,74186752,131072,sequential,1.0000,0.0000,0,0,,,1,1,0
20,020_none_sequential_run20,none,sequential,1778274717.8418958,/big.txt,74317824,131072,sequential,1.0000,0.0000,0,0,,,1,1,0
20,020_none_sequential_run20,none,sequential,1778274717.8440654,/big.txt,74448896,131072,sequential,1.0000,0.0000,0,0,,,1,1,0
20,020_none_sequential_run20,none,sequential,1778274717.846316,/big.txt,74579968,131072,sequential,1.0000,0.0000,0,0,,,1,1,0
20,020_none_sequential_run20,none,sequential,1778274717.8484921,/big.txt,74711040,131072,sequential,1.0000,0.0000,0,0,,,1,1,0
20,020_none_sequential_run20,none,sequential,1778274717.8506396,/big.txt,74842112,131072,sequential,1.0000,0.0000,0,0,,,1,1,0
20,020_none_sequential_run20,none,sequential,1778274717.8529375,/big.txt,74973184,131072,sequential,1.0000,0.0000,0,0,,,1,1,0
20,020_none_sequential_run20,none,sequential,1778274717.8550842,/big.txt,75104256,131072,sequential,1.0000,0.0000,0,0,,,1,1,0
20,020_none_sequential_run20,none,sequential,1778274717.8572164,/big.txt,75235328,131072,sequential,1.0000,0.0000,0,0,,,1,1,0
20,020_none_sequential_run20,none,sequential,1778274717.8593853,/big.txt,75366400,131072,sequential,1.0000,0.0000,0,0,,,1,1,0
20,020_none_sequential_run20,none,sequential,1778274717.8615437,/big.txt,75497472,131072,sequential,1.0000,0.0000,0,0,,,1,1,0
20,020_none_sequential_run20,none,sequential,1778274717.8637204,/big.txt,75628544,131072,sequential,1.0000,0.0000,0,0,,,1,1,0
20,020_none_sequential_run20,none,sequential,1778274717.865897,/big.txt,75759616,131072,sequential,1.0000,0.0000,0,0,,,1,1,0
20,020_none_sequential_run20,none,sequential,1778274717.8680649,/big.txt,75890688,131072,sequential,1.0000,0.0000,0,0,,,1,1,0
20,020_none_sequential_run20,none,sequential,1778274717.870214,/big.txt,76021760,131072,sequential,1.0000,0.0000,0,0,,,1,1,0
20,020_none_sequential_run20,none,sequential,1778274717.872373,/big.txt,76152832,131072,sequential,1.0000,0.0000,0,0,,,1,1,0
20,020_none_sequential_run20,none,sequential,1778274717.8745406,/big.txt,76283904,131072,sequential,1.0000,0.0000,0,0,,,1,1,0
20,020_none_sequential_run20,none,sequential,1778274717.8766792,/big.txt,76414976,131072,sequential,1.0000,0.0000,0,0,,,1,1,0
20,020_none_sequential_run20,none,sequential,1778274717.8788464,/big.txt,76546048,131072,sequential,1.0000,0.0000,0,0,,,1,1,0
20,020_none_sequential_run20,none,sequential,1778274717.8809843,/big.txt,76677120,131072,sequential,1.0000,0.0000,0,0,,,1,1,0
20,020_none_sequential_run20,none,sequential,1778274717.883156,/big.txt,76808192,131072,sequential,1.0000,0.0000,0,0,,,1,1,0
20,020_none_sequential_run20,none,sequential,1778274717.8853087,/big.txt,76939264,131072,sequential,1.0000,0.0000,0,0,,,1,1,0
20,020_none_sequential_run20,none,sequential,1778274717.887558,/big.txt,77070336,131072,sequential,1.0000,0.0000,0,0,,,1,1,0
20,020_none_sequential_run20,none,sequential,1778274717.8896937,/big.txt,77201408,131072,sequential,1.0000,0.0000,0,0,,,1,1,0
20,020_none_sequential_run20,none,sequential,1778274717.8918467,/big.txt,77332480,131072,sequential,1.0000,0.0000,0,0,,,1,1,0
20,020_none_sequential_run20,none,sequential,1778274717.8939962,/big.txt,77463552,131072,sequential,1.0000,0.0000,0,0,,,1,1,0
20,020_none_sequential_run20,none,sequential,1778274717.8961575,/big.txt,77594624,131072,sequential,1.0000,0.0000,0,0,,,1,1,0
20,020_none_sequential_run20,none,sequential,1778274717.8982968,/big.txt,77725696,131072,sequential,1.0000,0.0000,0,0,,,1,1,0
20,020_none_sequential_run20,none,sequential,1778274717.900467,/big.txt,77856768,131072,sequential,1.0000,0.0000,0,0,,,1,1,0
20,020_none_sequential_run20,none,sequential,1778274717.9025939,/big.txt,77987840,131072,sequential,1.0000,0.0000,0,0,,,1,1,0
20,020_none_sequential_run20,none,sequential,1778274717.9048092,/big.txt,78118912,131072,sequential,1.0000,0.0000,0,0,,,1,1,0
20,020_none_sequential_run20,none,sequential,1778274717.9069455,/big.txt,78249984,131072,sequential,1.0000,0.0000,0,0,,,1,1,0
20,020_none_sequential_run20,none,sequential,1778274717.9090948,/big.txt,78381056,131072,sequential,1.0000,0.0000,0,0,,,1,1,0
20,020_none_sequential_run20,none,sequential,1778274717.9113102,/big.txt,78512128,131072,sequential,1.0000,0.0000,0,0,,,1,1,0
20,020_none_sequential_run20,none,sequential,1778274717.913461,/big.txt,78643200,131072,sequential,1.0000,0.0000,0,0,,,1,1,0
20,020_none_sequential_run20,none,sequential,1778274717.915636,/big.txt,78774272,131072,sequential,1.0000,0.0000,0,0,,,1,1,0
20,020_none_sequential_run20,none,sequential,1778274717.9177763,/big.txt,78905344,131072,sequential,1.0000,0.0000,0,0,,,1,1,0
20,020_none_sequential_run20,none,sequential,1778274717.9199307,/big.txt,79036416,131072,sequential,1.0000,0.0000,0,0,,,1,1,0
20,020_none_sequential_run20,none,sequential,1778274717.9220827,/big.txt,79167488,131072,sequential,1.0000,0.0000,0,0,,,1,1,0
20,020_none_sequential_run20,none,sequential,1778274717.9242687,/big.txt,79298560,131072,sequential,1.0000,0.0000,0,0,,,1,1,0
20,020_none_sequential_run20,none,sequential,1778274717.926418,/big.txt,79429632,131072,sequential,1.0000,0.0000,0,0,,,1,1,0
20,020_none_sequential_run20,none,sequential,1778274717.928585,/big.txt,79560704,131072,sequential,1.0000,0.0000,0,0,,,1,1,0
20,020_none_sequential_run20,none,sequential,1778274717.9307368,/big.txt,79691776,131072,sequential,1.0000,0.0000,0,0,,,1,1,0
20,020_none_sequential_run20,none,sequential,1778274717.9329116,/big.txt,79822848,131072,sequential,1.0000,0.0000,0,0,,,1,1,0
20,020_none_sequential_run20,none,sequential,1778274717.9351497,/big.txt,79953920,131072,sequential,1.0000,0.0000,0,0,,,1,1,0
20,020_none_sequential_run20,none,sequential,1778274717.9372993,/big.txt,80084992,131072,sequential,1.0000,0.0000,0,0,,,1,1,0
20,020_none_sequential_run20,none,sequential,1778274717.9394743,/big.txt,80216064,131072,sequential,1.0000,0.0000,0,0,,,1,1,0
20,020_none_sequential_run20,none,sequential,1778274717.9416327,/big.txt,80347136,131072,sequential,1.0000,0.0000,0,0,,,1,1,0
20,020_none_sequential_run20,none,sequential,1778274717.9438255,/big.txt,80478208,131072,sequential,1.0000,0.0000,0,0,,,1,1,0
20,020_none_sequential_run20,none,sequential,1778274717.945992,/big.txt,80609280,131072,sequential,1.0000,0.0000,0,0,,,1,1,0
20,020_none_sequential_run20,none,sequential,1778274717.9481473,/big.txt,80740352,131072,sequential,1.0000,0.0000,0,0,,,1,1,0
20,020_none_sequential_run20,none,sequential,1778274717.950319,/big.txt,80871424,131072,sequential,1.0000,0.0000,0,0,,,1,1,0
20,020_none_sequential_run20,none,sequential,1778274717.954692,/big.txt,81002496,131072,sequential,1.0000,0.0000,0,0,,,1,1,0
20,020_none_sequential_run20,none,sequential,1778274717.9590046,/big.txt,81133568,131072,sequential,1.0000,0.0000,0,0,,,1,1,0
20,020_none_sequential_run20,none,sequential,1778274717.9611504,/big.txt,81264640,131072,sequential,1.0000,0.0000,0,0,,,1,1,0
20,020_none_sequential_run20,none,sequential,1778274717.9633517,/big.txt,81395712,131072,sequential,1.0000,0.0000,0,0,,,1,1,0
20,020_none_sequential_run20,none,sequential,1778274717.9655027,/big.txt,81526784,131072,sequential,1.0000,0.0000,0,0,,,1,1,0
20,020_none_sequential_run20,none,sequential,1778274717.967682,/big.txt,81657856,131072,sequential,1.0000,0.0000,0,0,,,1,1,0
20,020_none_sequential_run20,none,sequential,1778274717.969834,/big.txt,81788928,131072,sequential,1.0000,0.0000,0,0,,,1,1,0
20,020_none_sequential_run20,none,sequential,1778274717.97197,/big.txt,81920000,131072,sequential,1.0000,0.0000,0,0,,,1,1,0
20,020_none_sequential_run20,none,sequential,1778274717.9741168,/big.txt,82051072,131072,sequential,1.0000,0.0000,0,0,,,1,1,0
20,020_none_sequential_run20,none,sequential,1778274717.9763148,/big.txt,82182144,131072,sequential,1.0000,0.0000,0,0,,,1,1,0
20,020_none_sequential_run20,none,sequential,1778274717.9784632,/big.txt,82313216,131072,sequential,1.0000,0.0000,0,0,,,1,1,0
20,020_none_sequential_run20,none,sequential,1778274717.9806316,/big.txt,82444288,131072,sequential,1.0000,0.0000,0,0,,,1,1,0
20,020_none_sequential_run20,none,sequential,1778274717.9827697,/big.txt,82575360,131072,sequential,1.0000,0.0000,0,0,,,1,1,0
20,020_none_sequential_run20,none,sequential,1778274717.9849608,/big.txt,82706432,131072,sequential,1.0000,0.0000,0,0,,,1,1,0
20,020_none_sequential_run20,none,sequential,1778274717.9871876,/big.txt,82837504,131072,sequential,1.0000,0.0000,0,0,,,1,1,0
20,020_none_sequential_run20,none,sequential,1778274717.9893427,/big.txt,82968576,131072,sequential,1.0000,0.0000,0,0,,,1,1,0
20,020_none_sequential_run20,none,sequential,1778274717.9915054,/big.txt,83099648,131072,sequential,1.0000,0.0000,0,0,,,1,1,0
20,020_none_sequential_run20,none,sequential,1778274717.9936664,/big.txt,83230720,131072,sequential,1.0000,0.0000,0,0,,,1,1,0
20,020_none_sequential_run20,none,sequential,1778274717.995839,/big.txt,83361792,131072,sequential,1.0000,0.0000,0,0,,,1,1,0
20,020_none_sequential_run20,none,sequential,1778274717.9979992,/big.txt,83492864,131072,sequential,1.0000,0.0000,0,0,,,1,1,0
20,020_none_sequential_run20,none,sequential,1778274718.0001726,/big.txt,83623936,131072,sequential,1.0000,0.0000,0,0,,,1,1,0
20,020_none_sequential_run20,none,sequential,1778274718.0023334,/big.txt,83755008,131072,sequential,1.0000,0.0000,0,0,,,1,1,0
20,020_none_sequential_run20,none,sequential,1778274718.0044887,/big.txt,83886080,131072,sequential,1.0000,0.0000,0,0,,,1,1,0
20,020_none_sequential_run20,none,sequential,1778274718.0066516,/big.txt,84017152,131072,sequential,1.0000,0.0000,0,0,,,1,1,0
20,020_none_sequential_run20,none,sequential,1778274718.0088134,/big.txt,84148224,131072,sequential,1.0000,0.0000,0,0,,,1,1,0
20,020_none_sequential_run20,none,sequential,1778274718.0110211,/big.txt,84279296,131072,sequential,1.0000,0.0000,0,0,,,1,1,0
20,020_none_sequential_run20,none,sequential,1778274718.013154,/big.txt,84410368,131072,sequential,1.0000,0.0000,0,0,,,1,1,0
20,020_none_sequential_run20,none,sequential,1778274718.015319,/big.txt,84541440,131072,sequential,1.0000,0.0000,0,0,,,1,1,0
20,020_none_sequential_run20,none,sequential,1778274718.0174973,/big.txt,84672512,131072,sequential,1.0000,0.0000,0,0,,,1,1,0
20,020_none_sequential_run20,none,sequential,1778274718.0196707,/big.txt,84803584,131072,sequential,1.0000,0.0000,0,0,,,1,1,0
20,020_none_sequential_run20,none,sequential,1778274718.021832,/big.txt,84934656,131072,sequential,1.0000,0.0000,0,0,,,1,1,0
20,020_none_sequential_run20,none,sequential,1778274718.0240054,/big.txt,85065728,131072,sequential,1.0000,0.0000,0,0,,,1,1,0
20,020_none_sequential_run20,none,sequential,1778274718.026214,/big.txt,85196800,131072,sequential,1.0000,0.0000,0,0,,,1,1,0
20,020_none_sequential_run20,none,sequential,1778274718.0283751,/big.txt,85327872,131072,sequential,1.0000,0.0000,0,0,,,1,1,0
20,020_none_sequential_run20,none,sequential,1778274718.0305262,/big.txt,85458944,131072,sequential,1.0000,0.0000,0,0,,,1,1,0
20,020_none_sequential_run20,none,sequential,1778274718.0348923,/big.txt,85590016,131072,sequential,1.0000,0.0000,0,0,,,1,1,0
20,020_none_sequential_run20,none,sequential,1778274718.0392485,/big.txt,85721088,131072,sequential,1.0000,0.0000,0,0,,,1,1,0
20,020_none_sequential_run20,none,sequential,1778274718.0431316,/big.txt,85852160,131072,sequential,1.0000,0.0000,0,0,,,1,1,0
20,020_none_sequential_run20,none,sequential,1778274718.045284,/big.txt,85983232,131072,sequential,1.0000,0.0000,0,0,,,1,1,0
20,020_none_sequential_run20,none,sequential,1778274718.0475142,/big.txt,86114304,131072,sequential,1.0000,0.0000,0,0,,,1,1,0
20,020_none_sequential_run20,none,sequential,1778274718.0496414,/big.txt,86245376,131072,sequential,1.0000,0.0000,0,0,,,1,1,0
20,020_none_sequential_run20,none,sequential,1778274718.051812,/big.txt,86376448,131072,sequential,1.0000,0.0000,0,0,,,1,1,0
20,020_none_sequential_run20,none,sequential,1778274718.0539613,/big.txt,86507520,131072,sequential,1.0000,0.0000,0,0,,,1,1,0
20,020_none_sequential_run20,none,sequential,1778274718.0561264,/big.txt,86638592,131072,sequential,1.0000,0.0000,0,0,,,1,1,0
20,020_none_sequential_run20,none,sequential,1778274718.0582798,/big.txt,86769664,131072,sequential,1.0000,0.0000,0,0,,,1,1,0
20,020_none_sequential_run20,none,sequential,1778274718.0604267,/big.txt,86900736,131072,sequential,1.0000,0.0000,0,0,,,1,1,0
20,020_none_sequential_run20,none,sequential,1778274718.0625825,/big.txt,87031808,131072,sequential,1.0000,0.0000,0,0,,,1,1,0
20,020_none_sequential_run20,none,sequential,1778274718.066986,/big.txt,87162880,131072,sequential,1.0000,0.0000,0,0,,,1,1,0
20,020_none_sequential_run20,none,sequential,1778274718.0713336,/big.txt,87293952,131072,sequential,1.0000,0.0000,0,0,,,1,1,0
20,020_none_sequential_run20,none,sequential,1778274718.0750966,/big.txt,87425024,131072,sequential,1.0000,0.0000,0,0,,,1,1,0
20,020_none_sequential_run20,none,sequential,1778274718.0771556,/big.txt,87556096,131072,sequential,1.0000,0.0000,0,0,,,1,1,0
20,020_none_sequential_run20,none,sequential,1778274718.079236,/big.txt,87687168,131072,sequential,1.0000,0.0000,0,0,,,1,1,0
20,020_none_sequential_run20,none,sequential,1778274718.081291,/big.txt,87818240,131072,sequential,1.0000,0.0000,0,0,,,1,1,0
20,020_none_sequential_run20,none,sequential,1778274718.0834072,/big.txt,87949312,131072,sequential,1.0000,0.0000,0,0,,,1,1,0
20,020_none_sequential_run20,none,sequential,1778274718.085471,/big.txt,88080384,131072,sequential,1.0000,0.0000,0,0,,,1,1,0
20,020_none_sequential_run20,none,sequential,1778274718.0875633,/big.txt,88211456,131072,sequential,1.0000,0.0000,0,0,,,1,1,0
20,020_none_sequential_run20,none,sequential,1778274718.0896294,/big.txt,88342528,131072,sequential,1.0000,0.0000,0,0,,,1,1,0
20,020_none_sequential_run20,none,sequential,1778274718.0917006,/big.txt,88473600,131072,sequential,1.0000,0.0000,0,0,,,1,1,0
20,020_none_sequential_run20,none,sequential,1778274718.093751,/big.txt,88604672,131072,sequential,1.0000,0.0000,0,0,,,1,1,0
20,020_none_sequential_run20,none,sequential,1778274718.0958252,/big.txt,88735744,131072,sequential,1.0000,0.0000,0,0,,,1,1,0
20,020_none_sequential_run20,none,sequential,1778274718.0978923,/big.txt,88866816,131072,sequential,1.0000,0.0000,0,0,,,1,1,0
20,020_none_sequential_run20,none,sequential,1778274718.09998,/big.txt,88997888,131072,sequential,1.0000,0.0000,0,0,,,1,1,0
20,020_none_sequential_run20,none,sequential,1778274718.10204,/big.txt,89128960,131072,sequential,1.0000,0.0000,0,0,,,1,1,0
20,020_none_sequential_run20,none,sequential,1778274718.104124,/big.txt,89260032,131072,sequential,1.0000,0.0000,0,0,,,1,1,0
20,020_none_sequential_run20,none,sequential,1778274718.1061761,/big.txt,89391104,131072,sequential,1.0000,0.0000,0,0,,,1,1,0
20,020_none_sequential_run20,none,sequential,1778274718.1082566,/big.txt,89522176,131072,sequential,1.0000,0.0000,0,0,,,1,1,0
20,020_none_sequential_run20,none,sequential,1778274718.110332,/big.txt,89653248,131072,sequential,1.0000,0.0000,0,0,,,1,1,0
20,020_none_sequential_run20,none,sequential,1778274718.112404,/big.txt,89784320,131072,sequential,1.0000,0.0000,0,0,,,1,1,0
20,020_none_sequential_run20,none,sequential,1778274718.1144702,/big.txt,89915392,131072,sequential,1.0000,0.0000,0,0,,,1,1,0
20,020_none_sequential_run20,none,sequential,1778274718.1165307,/big.txt,90046464,131072,sequential,1.0000,0.0000,0,0,,,1,1,0
20,020_none_sequential_run20,none,sequential,1778274718.1185868,/big.txt,90177536,131072,sequential,1.0000,0.0000,0,0,,,1,1,0
20,020_none_sequential_run20,none,sequential,1778274718.1206455,/big.txt,90308608,131072,sequential,1.0000,0.0000,0,0,,,1,1,0
20,020_none_sequential_run20,none,sequential,1778274718.1227102,/big.txt,90439680,131072,sequential,1.0000,0.0000,0,0,,,1,1,0
20,020_none_sequential_run20,none,sequential,1778274718.1248634,/big.txt,90570752,131072,sequential,1.0000,0.0000,0,0,,,1,1,0
20,020_none_sequential_run20,none,sequential,1778274718.1269543,/big.txt,90701824,131072,sequential,1.0000,0.0000,0,0,,,1,1,0
20,020_none_sequential_run20,none,sequential,1778274718.1290052,/big.txt,90832896,131072,sequential,1.0000,0.0000,0,0,,,1,1,0
20,020_none_sequential_run20,none,sequential,1778274718.1311643,/big.txt,90963968,131072,sequential,1.0000,0.0000,0,0,,,1,1,0
20,020_none_sequential_run20,none,sequential,1778274718.133229,/big.txt,91095040,131072,sequential,1.0000,0.0000,0,0,,,1,1,0
20,020_none_sequential_run20,none,sequential,1778274718.1353078,/big.txt,91226112,131072,sequential,1.0000,0.0000,0,0,,,1,1,0
20,020_none_sequential_run20,none,sequential,1778274718.1373615,/big.txt,91357184,131072,sequential,1.0000,0.0000,0,0,,,1,1,0
20,020_none_sequential_run20,none,sequential,1778274718.139477,/big.txt,91488256,131072,sequential,1.0000,0.0000,0,0,,,1,1,0
20,020_none_sequential_run20,none,sequential,1778274718.141537,/big.txt,91619328,131072,sequential,1.0000,0.0000,0,0,,,1,1,0
20,020_none_sequential_run20,none,sequential,1778274718.145734,/big.txt,91750400,131072,sequential,1.0000,0.0000,0,0,,,1,1,0
20,020_none_sequential_run20,none,sequential,1778274718.1478982,/big.txt,91881472,131072,sequential,1.0000,0.0000,0,0,,,1,1,0
20,020_none_sequential_run20,none,sequential,1778274718.1500278,/big.txt,92012544,131072,sequential,1.0000,0.0000,0,0,,,1,1,0
20,020_none_sequential_run20,none,sequential,1778274718.1521835,/big.txt,92143616,131072,sequential,1.0000,0.0000,0,0,,,1,1,0
20,020_none_sequential_run20,none,sequential,1778274718.1542919,/big.txt,92274688,131072,sequential,1.0000,0.0000,0,0,,,1,1,0
20,020_none_sequential_run20,none,sequential,1778274718.156368,/big.txt,92405760,131072,sequential,1.0000,0.0000,0,0,,,1,1,0
20,020_none_sequential_run20,none,sequential,1778274718.1584268,/big.txt,92536832,131072,sequential,1.0000,0.0000,0,0,,,1,1,0
20,020_none_sequential_run20,none,sequential,1778274718.1604936,/big.txt,92667904,131072,sequential,1.0000,0.0000,0,0,,,1,1,0
20,020_none_sequential_run20,none,sequential,1778274718.1625516,/big.txt,92798976,131072,sequential,1.0000,0.0000,0,0,,,1,1,0
20,020_none_sequential_run20,none,sequential,1778274718.164622,/big.txt,92930048,131072,sequential,1.0000,0.0000,0,0,,,1,1,0
20,020_none_sequential_run20,none,sequential,1778274718.1666942,/big.txt,93061120,131072,sequential,1.0000,0.0000,0,0,,,1,1,0
20,020_none_sequential_run20,none,sequential,1778274718.1687908,/big.txt,93192192,131072,sequential,1.0000,0.0000,0,0,,,1,1,0
20,020_none_sequential_run20,none,sequential,1778274718.1708722,/big.txt,93323264,131072,sequential,1.0000,0.0000,0,0,,,1,1,0
20,020_none_sequential_run20,none,sequential,1778274718.172927,/big.txt,93454336,131072,sequential,1.0000,0.0000,0,0,,,1,1,0
20,020_none_sequential_run20,none,sequential,1778274718.1750338,/big.txt,93585408,131072,sequential,1.0000,0.0000,0,0,,,1,1,0
20,020_none_sequential_run20,none,sequential,1778274718.177114,/big.txt,93716480,131072,sequential,1.0000,0.0000,0,0,,,1,1,0
20,020_none_sequential_run20,none,sequential,1778274718.1792264,/big.txt,93847552,131072,sequential,1.0000,0.0000,0,0,,,1,1,0
20,020_none_sequential_run20,none,sequential,1778274718.1812859,/big.txt,93978624,131072,sequential,1.0000,0.0000,0,0,,,1,1,0
20,020_none_sequential_run20,none,sequential,1778274718.1833982,/big.txt,94109696,131072,sequential,1.0000,0.0000,0,0,,,1,1,0
20,020_none_sequential_run20,none,sequential,1778274718.1854706,/big.txt,94240768,131072,sequential,1.0000,0.0000,0,0,,,1,1,0
20,020_none_sequential_run20,none,sequential,1778274718.187686,/big.txt,94371840,131072,sequential,1.0000,0.0000,0,0,,,1,1,0
20,020_none_sequential_run20,none,sequential,1778274718.1897423,/big.txt,94502912,131072,sequential,1.0000,0.0000,0,0,,,1,1,0
20,020_none_sequential_run20,none,sequential,1778274718.1918354,/big.txt,94633984,131072,sequential,1.0000,0.0000,0,0,,,1,1,0
20,020_none_sequential_run20,none,sequential,1778274718.1938965,/big.txt,94765056,131072,sequential,1.0000,0.0000,0,0,,,1,1,0
20,020_none_sequential_run20,none,sequential,1778274718.1959746,/big.txt,94896128,131072,sequential,1.0000,0.0000,0,0,,,1,1,0
20,020_none_sequential_run20,none,sequential,1778274718.1980486,/big.txt,95027200,131072,sequential,1.0000,0.0000,0,0,,,1,1,0
20,020_none_sequential_run20,none,sequential,1778274718.2001052,/big.txt,95158272,131072,sequential,1.0000,0.0000,0,0,,,1,1,0
20,020_none_sequential_run20,none,sequential,1778274718.2021592,/big.txt,95289344,131072,sequential,1.0000,0.0000,0,0,,,1,1,0
20,020_none_sequential_run20,none,sequential,1778274718.2042756,/big.txt,95420416,131072,sequential,1.0000,0.0000,0,0,,,1,1,0
20,020_none_sequential_run20,none,sequential,1778274718.2063425,/big.txt,95551488,131072,sequential,1.0000,0.0000,0,0,,,1,1,0
20,020_none_sequential_run20,none,sequential,1778274718.208418,/big.txt,95682560,131072,sequential,1.0000,0.0000,0,0,,,1,1,0
20,020_none_sequential_run20,none,sequential,1778274718.2104774,/big.txt,95813632,131072,sequential,1.0000,0.0000,0,0,,,1,1,0
20,020_none_sequential_run20,none,sequential,1778274718.212556,/big.txt,95944704,131072,sequential,1.0000,0.0000,0,0,,,1,1,0
20,020_none_sequential_run20,none,sequential,1778274718.2146297,/big.txt,96075776,131072,sequential,1.0000,0.0000,0,0,,,1,1,0
20,020_none_sequential_run20,none,sequential,1778274718.2167,/big.txt,96206848,131072,sequential,1.0000,0.0000,0,0,,,1,1,0
20,020_none_sequential_run20,none,sequential,1778274718.218767,/big.txt,96337920,131072,sequential,1.0000,0.0000,0,0,,,1,1,0
20,020_none_sequential_run20,none,sequential,1778274718.220951,/big.txt,96468992,131072,sequential,1.0000,0.0000,0,0,,,1,1,0
20,020_none_sequential_run20,none,sequential,1778274718.223022,/big.txt,96600064,131072,sequential,1.0000,0.0000,0,0,,,1,1,0
20,020_none_sequential_run20,none,sequential,1778274718.2250855,/big.txt,96731136,131072,sequential,1.0000,0.0000,0,0,,,1,1,0
20,020_none_sequential_run20,none,sequential,1778274718.2272103,/big.txt,96862208,131072,sequential,1.0000,0.0000,0,0,,,1,1,0
20,020_none_sequential_run20,none,sequential,1778274718.2292738,/big.txt,96993280,131072,sequential,1.0000,0.0000,0,0,,,1,1,0
20,020_none_sequential_run20,none,sequential,1778274718.2313547,/big.txt,97124352,131072,sequential,1.0000,0.0000,0,0,,,1,1,0
20,020_none_sequential_run20,none,sequential,1778274718.2334087,/big.txt,97255424,131072,sequential,1.0000,0.0000,0,0,,,1,1,0
20,020_none_sequential_run20,none,sequential,1778274718.2355258,/big.txt,97386496,131072,sequential,1.0000,0.0000,0,0,,,1,1,0
20,020_none_sequential_run20,none,sequential,1778274718.237591,/big.txt,97517568,131072,sequential,1.0000,0.0000,0,0,,,1,1,0
20,020_none_sequential_run20,none,sequential,1778274718.239653,/big.txt,97648640,131072,sequential,1.0000,0.0000,0,0,,,1,1,0
20,020_none_sequential_run20,none,sequential,1778274718.2417164,/big.txt,97779712,131072,sequential,1.0000,0.0000,0,0,,,1,1,0
20,020_none_sequential_run20,none,sequential,1778274718.2438068,/big.txt,97910784,131072,sequential,1.0000,0.0000,0,0,,,1,1,0
20,020_none_sequential_run20,none,sequential,1778274718.2458708,/big.txt,98041856,131072,sequential,1.0000,0.0000,0,0,,,1,1,0
20,020_none_sequential_run20,none,sequential,1778274718.247965,/big.txt,98172928,131072,sequential,1.0000,0.0000,0,0,,,1,1,0
20,020_none_sequential_run20,none,sequential,1778274718.2500372,/big.txt,98304000,131072,sequential,1.0000,0.0000,0,0,,,1,1,0
20,020_none_sequential_run20,none,sequential,1778274718.252104,/big.txt,98435072,131072,sequential,1.0000,0.0000,0,0,,,1,1,0
20,020_none_sequential_run20,none,sequential,1778274718.2541687,/big.txt,98566144,131072,sequential,1.0000,0.0000,0,0,,,1,1,0
20,020_none_sequential_run20,none,sequential,1778274718.2562687,/big.txt,98697216,131072,sequential,1.0000,0.0000,0,0,,,1,1,0
20,020_none_sequential_run20,none,sequential,1778274718.258341,/big.txt,98828288,131072,sequential,1.0000,0.0000,0,0,,,1,1,0
20,020_none_sequential_run20,none,sequential,1778274718.2604153,/big.txt,98959360,131072,sequential,1.0000,0.0000,0,0,,,1,1,0
20,020_none_sequential_run20,none,sequential,1778274718.262478,/big.txt,99090432,131072,sequential,1.0000,0.0000,0,0,,,1,1,0
20,020_none_sequential_run20,none,sequential,1778274718.2645512,/big.txt,99221504,131072,sequential,1.0000,0.0000,0,0,,,1,1,0
20,020_none_sequential_run20,none,sequential,1778274718.2666087,/big.txt,99352576,131072,sequential,1.0000,0.0000,0,0,,,1,1,0
20,020_none_sequential_run20,none,sequential,1778274718.270904,/big.txt,99483648,131072,sequential,1.0000,0.0000,0,0,,,1,1,0
20,020_none_sequential_run20,none,sequential,1778274718.2750762,/big.txt,99614720,131072,sequential,1.0000,0.0000,0,0,,,1,1,0
20,020_none_sequential_run20,none,sequential,1778274718.2790554,/big.txt,99745792,131072,sequential,1.0000,0.0000,0,0,,,1,1,0
20,020_none_sequential_run20,none,sequential,1778274718.2811148,/big.txt,99876864,131072,sequential,1.0000,0.0000,0,0,,,1,1,0
20,020_none_sequential_run20,none,sequential,1778274718.283238,/big.txt,100007936,131072,sequential,1.0000,0.0000,0,0,,,1,1,0
20,020_none_sequential_run20,none,sequential,1778274718.2852898,/big.txt,100139008,131072,sequential,1.0000,0.0000,0,0,,,1,1,0
20,020_none_sequential_run20,none,sequential,1778274718.2873633,/big.txt,100270080,131072,sequential,1.0000,0.0000,0,0,,,1,1,0
20,020_none_sequential_run20,none,sequential,1778274718.2894309,/big.txt,100401152,131072,sequential,1.0000,0.0000,0,0,,,1,1,0
20,020_none_sequential_run20,none,sequential,1778274718.2915075,/big.txt,100532224,131072,sequential,1.0000,0.0000,0,0,,,1,1,0
20,020_none_sequential_run20,none,sequential,1778274718.2935638,/big.txt,100663296,131072,sequential,1.0000,0.0000,0,0,,,1,1,0
20,020_none_sequential_run20,none,sequential,1778274718.295634,/big.txt,100794368,131072,sequential,1.0000,0.0000,0,0,,,1,1,0
20,020_none_sequential_run20,none,sequential,1778274718.297696,/big.txt,100925440,131072,sequential,1.0000,0.0000,0,0,,,1,1,0
20,020_none_sequential_run20,none,sequential,1778274718.2997735,/big.txt,101056512,131072,sequential,1.0000,0.0000,0,0,,,1,1,0
20,020_none_sequential_run20,none,sequential,1778274718.3018396,/big.txt,101187584,131072,sequential,1.0000,0.0000,0,0,,,1,1,0
20,020_none_sequential_run20,none,sequential,1778274718.3039298,/big.txt,101318656,131072,sequential,1.0000,0.0000,0,0,,,1,1,0
20,020_none_sequential_run20,none,sequential,1778274718.3059976,/big.txt,101449728,131072,sequential,1.0000,0.0000,0,0,,,1,1,0
20,020_none_sequential_run20,none,sequential,1778274718.308085,/big.txt,101580800,131072,sequential,1.0000,0.0000,0,0,,,1,1,0
20,020_none_sequential_run20,none,sequential,1778274718.310156,/big.txt,101711872,131072,sequential,1.0000,0.0000,0,0,,,1,1,0
20,020_none_sequential_run20,none,sequential,1778274718.3122396,/big.txt,101842944,131072,sequential,1.0000,0.0000,0,0,,,1,1,0
20,020_none_sequential_run20,none,sequential,1778274718.314331,/big.txt,101974016,131072,sequential,1.0000,0.0000,0,0,,,1,1,0
20,020_none_sequential_run20,none,sequential,1778274718.316401,/big.txt,102105088,131072,sequential,1.0000,0.0000,0,0,,,1,1,0
20,020_none_sequential_run20,none,sequential,1778274718.3184547,/big.txt,102236160,131072,sequential,1.0000,0.0000,0,0,,,1,1,0
20,020_none_sequential_run20,none,sequential,1778274718.3205311,/big.txt,102367232,131072,sequential,1.0000,0.0000,0,0,,,1,1,0
20,020_none_sequential_run20,none,sequential,1778274718.322616,/big.txt,102498304,131072,sequential,1.0000,0.0000,0,0,,,1,1,0
20,020_none_sequential_run20,none,sequential,1778274718.324832,/big.txt,102629376,131072,sequential,1.0000,0.0000,0,0,,,1,1,0
20,020_none_sequential_run20,none,sequential,1778274718.3269148,/big.txt,102760448,131072,sequential,1.0000,0.0000,0,0,,,1,1,0
20,020_none_sequential_run20,none,sequential,1778274718.3289804,/big.txt,102891520,131072,sequential,1.0000,0.0000,0,0,,,1,1,0
20,020_none_sequential_run20,none,sequential,1778274718.3310971,/big.txt,103022592,131072,sequential,1.0000,0.0000,0,0,,,1,1,0
20,020_none_sequential_run20,none,sequential,1778274718.333175,/big.txt,103153664,131072,sequential,1.0000,0.0000,0,0,,,1,1,0
20,020_none_sequential_run20,none,sequential,1778274718.3352423,/big.txt,103284736,131072,sequential,1.0000,0.0000,0,0,,,1,1,0
20,020_none_sequential_run20,none,sequential,1778274718.3372967,/big.txt,103415808,131072,sequential,1.0000,0.0000,0,0,,,1,1,0
20,020_none_sequential_run20,none,sequential,1778274718.3393764,/big.txt,103546880,131072,sequential,1.0000,0.0000,0,0,,,1,1,0
20,020_none_sequential_run20,none,sequential,1778274718.341423,/big.txt,103677952,131072,sequential,1.0000,0.0000,0,0,,,1,1,0
20,020_none_sequential_run20,none,sequential,1778274718.3455632,/big.txt,103809024,131072,sequential,1.0000,0.0000,0,0,,,1,1,0
20,020_none_sequential_run20,none,sequential,1778274718.349752,/big.txt,103940096,131072,sequential,1.0000,0.0000,0,0,,,1,1,0
20,020_none_sequential_run20,none,sequential,1778274718.3539464,/big.txt,104071168,131072,sequential,1.0000,0.0000,0,0,,,1,1,0
20,020_none_sequential_run20,none,sequential,1778274718.3560977,/big.txt,104202240,131072,sequential,1.0000,0.0000,0,0,,,1,1,0
20,020_none_sequential_run20,none,sequential,1778274718.3582025,/big.txt,104333312,131072,sequential,1.0000,0.0000,0,0,,,1,1,0
20,020_none_sequential_run20,none,sequential,1778274718.3603218,/big.txt,104464384,131072,sequential,1.0000,0.0000,0,0,,,1,1,0
20,020_none_sequential_run20,none,sequential,1778274718.3623734,/big.txt,104595456,131072,sequential,1.0000,0.0000,0,0,,,1,1,0
20,020_none_sequential_run20,none,sequential,1778274718.3644502,/big.txt,104726528,131072,sequential,1.0000,0.0000,0,0,,,1,1,0
20,020_none_sequential_run20,none,sequential,1778274718.3646293,/big.txt,104857600,0,sequential,1.0000,0.0000,0,0,,,1,0,0
