run_index,run_label,mode,workload,seq,timestamp,path,offset,size
375,375_adaptive_phase_change_run15,adaptive,phase_change,1,1778307785.7280052,/big.txt,0,131072
375,375_adaptive_phase_change_run15,adaptive,phase_change,2,1778307785.731359,/big.txt,131072,131072
375,375_adaptive_phase_change_run15,adaptive,phase_change,3,1778307785.734612,/big.txt,262144,131072
375,375_adaptive_phase_change_run15,adaptive,phase_change,4,1778307785.7378106,/big.txt,393216,131072
375,375_adaptive_phase_change_run15,adaptive,phase_change,5,1778307785.7408829,/big.txt,524288,131072
375,375_adaptive_phase_change_run15,adaptive,phase_change,6,1778307785.7439609,/big.txt,655360,131072
375,375_adaptive_phase_change_run15,adaptive,phase_change,7,1778307785.7469563,/big.txt,786432,131072
375,375_adaptive_phase_change_run15,adaptive,phase_change,8,1778307785.749907,/big.txt,917504,131072
375,375_adaptive_phase_change_run15,adaptive,phase_change,9,1778307785.7529047,/big.txt,1048576,131072
375,375_adaptive_phase_change_run15,adaptive,phase_change,10,1778307785.7559,/big.txt,1179648,131072
375,375_adaptive_phase_change_run15,adaptive,phase_change,11,1778307785.7589889,/big.txt,1310720,131072
375,375_adaptive_phase_change_run15,adaptive,phase_change,12,1778307785.7619302,/big.txt,1441792,131072
375,375_adaptive_phase_change_run15,adaptive,phase_change,13,1778307785.7649531,/big.txt,1572864,131072
375,375_adaptive_phase_change_run15,adaptive,phase_change,14,1778307785.7678602,/big.txt,1703936,131072
375,375_adaptive_phase_change_run15,adaptive,phase_change,15,1778307785.7706964,/big.txt,1835008,131072
375,375_adaptive_phase_change_run15,adaptive,phase_change,16,1778307785.7734923,/big.txt,1966080,131072
375,375_adaptive_phase_change_run15,adaptive,phase_change,17,1778307785.7762964,/big.txt,2097152,131072
375,375_adaptive_phase_change_run15,adaptive,phase_change,18,1778307785.779063,/big.txt,2228224,131072
375,375_adaptive_phase_change_run15,adaptive,phase_change,19,1778307785.7818797,/big.txt,2359296,131072
375,375_adaptive_phase_change_run15,adaptive,phase_change,20,1778307785.7847085,/big.txt,2490368,131072
375,375_adaptive_phase_change_run15,adaptive,phase_change,21,1778307785.7875493,/big.txt,2621440,131072
375,375_adaptive_phase_change_run15,adaptive,phase_change,22,1778307785.7903981,/big.txt,2752512,131072
375,375_adaptive_phase_change_run15,adaptive,phase_change,23,1778307785.7932227,/big.txt,2883584,131072
375,375_adaptive_phase_change_run15,adaptive,phase_change,24,1778307785.7960534,/big.txt,3014656,131072
375,375_adaptive_phase_change_run15,adaptive,phase_change,25,1778307785.7989333,/big.txt,3145728,131072
375,375_adaptive_phase_change_run15,adaptive,phase_change,26,1778307785.8017344,/big.txt,3276800,131072
375,375_adaptive_phase_change_run15,adaptive,phase_change,27,1778307785.8045971,/big.txt,3407872,131072
375,375_adaptive_phase_change_run15,adaptive,phase_change,28,1778307785.8074389,/big.txt,3538944,131072
375,375_adaptive_phase_change_run15,adaptive,phase_change,29,1778307785.810188,/big.txt,3670016,131072
375,375_adaptive_phase_change_run15,adaptive,phase_change,30,1778307785.8129325,/big.txt,3801088,131072
375,375_adaptive_phase_change_run15,adaptive,phase_change,31,1778307785.8156953,/big.txt,3932160,131072
375,375_adaptive_phase_change_run15,adaptive,phase_change,32,1778307785.818387,/big.txt,4063232,131072
375,375_adaptive_phase_change_run15,adaptive,phase_change,33,1778307785.821034,/big.txt,4194304,131072
375,375_adaptive_phase_change_run15,adaptive,phase_change,34,1778307785.8237245,/big.txt,4325376,131072
375,375_adaptive_phase_change_run15,adaptive,phase_change,35,1778307785.8263354,/big.txt,4456448,131072
375,375_adaptive_phase_change_run15,adaptive,phase_change,36,1778307785.8289611,/big.txt,4587520,131072
375,375_adaptive_phase_change_run15,adaptive,phase_change,37,1778307785.8316638,/big.txt,4718592,131072
375,375_adaptive_phase_change_run15,adaptive,phase_change,38,1778307785.8342903,/big.txt,4849664,131072
375,375_adaptive_phase_change_run15,adaptive,phase_change,39,1778307785.8369505,/big.txt,4980736,131072
375,375_adaptive_phase_change_run15,adaptive,phase_change,40,1778307785.8396616,/big.txt,5111808,131072
375,375_adaptive_phase_change_run15,adaptive,phase_change,41,1778307785.8423367,/big.txt,5242880,131072
375,375_adaptive_phase_change_run15,adaptive,phase_change,42,1778307785.844976,/big.txt,5373952,131072
375,375_adaptive_phase_change_run15,adaptive,phase_change,43,1778307785.8476985,/big.txt,5505024,131072
375,375_adaptive_phase_change_run15,adaptive,phase_change,44,1778307785.8503385,/big.txt,5636096,131072
375,375_adaptive_phase_change_run15,adaptive,phase_change,45,1778307785.8529627,/big.txt,5767168,131072
375,375_adaptive_phase_change_run15,adaptive,phase_change,46,1778307785.855645,/big.txt,5898240,131072
375,375_adaptive_phase_change_run15,adaptive,phase_change,47,1778307785.8582342,/big.txt,6029312,131072
375,375_adaptive_phase_change_run15,adaptive,phase_change,48,1778307785.860884,/big.txt,6160384,131072
375,375_adaptive_phase_change_run15,adaptive,phase_change,49,1778307785.8635879,/big.txt,6291456,131072
375,375_adaptive_phase_change_run15,adaptive,phase_change,50,1778307785.8662531,/big.txt,6422528,131072
375,375_adaptive_phase_change_run15,adaptive,phase_change,51,1778307785.8689425,/big.txt,6553600,131072
375,375_adaptive_phase_change_run15,adaptive,phase_change,52,1778307785.871639,/big.txt,6684672,131072
375,375_adaptive_phase_change_run15,adaptive,phase_change,53,1778307785.8743355,/big.txt,6815744,131072
375,375_adaptive_phase_change_run15,adaptive,phase_change,54,1778307785.876965,/big.txt,6946816,131072
375,375_adaptive_phase_change_run15,adaptive,phase_change,55,1778307785.8796504,/big.txt,7077888,131072
375,375_adaptive_phase_change_run15,adaptive,phase_change,56,1778307785.8822649,/big.txt,7208960,131072
375,375_adaptive_phase_change_run15,adaptive,phase_change,57,1778307785.8849351,/big.txt,7340032,131072
375,375_adaptive_phase_change_run15,adaptive,phase_change,58,1778307785.887665,/big.txt,7471104,131072
375,375_adaptive_phase_change_run15,adaptive,phase_change,59,1778307785.890304,/big.txt,7602176,131072
375,375_adaptive_phase_change_run15,adaptive,phase_change,60,1778307785.893,/big.txt,7733248,131072
375,375_adaptive_phase_change_run15,adaptive,phase_change,61,1778307785.8956418,/big.txt,7864320,131072
375,375_adaptive_phase_change_run15,adaptive,phase_change,62,1778307785.898269,/big.txt,7995392,131072
375,375_adaptive_phase_change_run15,adaptive,phase_change,63,1778307785.9009035,/big.txt,8126464,131072
375,375_adaptive_phase_change_run15,adaptive,phase_change,64,1778307785.9036145,/big.txt,8257536,131072
375,375_adaptive_phase_change_run15,adaptive,phase_change,65,1778307785.9062784,/big.txt,8388608,131072
375,375_adaptive_phase_change_run15,adaptive,phase_change,66,1778307785.9089775,/big.txt,8519680,131072
375,375_adaptive_phase_change_run15,adaptive,phase_change,67,1778307785.911644,/big.txt,8650752,131072
375,375_adaptive_phase_change_run15,adaptive,phase_change,68,1778307785.914263,/big.txt,8781824,131072
375,375_adaptive_phase_change_run15,adaptive,phase_change,69,1778307785.9169567,/big.txt,8912896,131072
375,375_adaptive_phase_change_run15,adaptive,phase_change,70,1778307785.9196515,/big.txt,9043968,131072
375,375_adaptive_phase_change_run15,adaptive,phase_change,71,1778307785.9223478,/big.txt,9175040,131072
375,375_adaptive_phase_change_run15,adaptive,phase_change,72,1778307785.924979,/big.txt,9306112,131072
375,375_adaptive_phase_change_run15,adaptive,phase_change,73,1778307785.927633,/big.txt,9437184,131072
375,375_adaptive_phase_change_run15,adaptive,phase_change,74,1778307785.930287,/big.txt,9568256,131072
375,375_adaptive_phase_change_run15,adaptive,phase_change,75,1778307785.932946,/big.txt,9699328,131072
375,375_adaptive_phase_change_run15,adaptive,phase_change,76,1778307785.9355817,/big.txt,9830400,131072
375,375_adaptive_phase_change_run15,adaptive,phase_change,77,1778307785.9382317,/big.txt,9961472,131072
375,375_adaptive_phase_change_run15,adaptive,phase_change,78,1778307785.9409144,/big.txt,10092544,131072
375,375_adaptive_phase_change_run15,adaptive,phase_change,79,1778307785.943722,/big.txt,10223616,131072
375,375_adaptive_phase_change_run15,adaptive,phase_change,80,1778307785.9463513,/big.txt,10354688,131072
375,375_adaptive_phase_change_run15,adaptive,phase_change,81,1778307785.9490013,/big.txt,10485760,131072
375,375_adaptive_phase_change_run15,adaptive,phase_change,82,1778307785.9516606,/big.txt,10616832,131072
375,375_adaptive_phase_change_run15,adaptive,phase_change,83,1778307785.9543023,/big.txt,10747904,131072
375,375_adaptive_phase_change_run15,adaptive,phase_change,84,1778307785.9569721,/big.txt,10878976,131072
375,375_adaptive_phase_change_run15,adaptive,phase_change,85,1778307785.9596183,/big.txt,11010048,131072
375,375_adaptive_phase_change_run15,adaptive,phase_change,86,1778307785.9622498,/big.txt,11141120,131072
375,375_adaptive_phase_change_run15,adaptive,phase_change,87,1778307785.9649367,/big.txt,11272192,131072
375,375_adaptive_phase_change_run15,adaptive,phase_change,88,1778307785.9701235,/big.txt,11403264,131072
375,375_adaptive_phase_change_run15,adaptive,phase_change,89,1778307785.9754627,/big.txt,11534336,131072
375,375_adaptive_phase_change_run15,adaptive,phase_change,90,1778307785.97944,/big.txt,11665408,131072
375,375_adaptive_phase_change_run15,adaptive,phase_change,91,1778307785.982081,/big.txt,11796480,131072
375,375_adaptive_phase_change_run15,adaptive,phase_change,92,1778307785.984732,/big.txt,11927552,131072
375,375_adaptive_phase_change_run15,adaptive,phase_change,93,1778307785.9873776,/big.txt,12058624,131072
375,375_adaptive_phase_change_run15,adaptive,phase_change,94,1778307785.9900107,/big.txt,12189696,131072
375,375_adaptive_phase_change_run15,adaptive,phase_change,95,1778307785.9927108,/big.txt,12320768,131072
375,375_adaptive_phase_change_run15,adaptive,phase_change,96,1778307785.9954245,/big.txt,12451840,131072
375,375_adaptive_phase_change_run15,adaptive,phase_change,97,1778307785.9980636,/big.txt,12582912,131072
375,375_adaptive_phase_change_run15,adaptive,phase_change,98,1778307786.0007215,/big.txt,12713984,131072
375,375_adaptive_phase_change_run15,adaptive,phase_change,99,1778307786.0033746,/big.txt,12845056,131072
375,375_adaptive_phase_change_run15,adaptive,phase_change,100,1778307786.0060682,/big.txt,12976128,131072
375,375_adaptive_phase_change_run15,adaptive,phase_change,101,1778307786.0087552,/big.txt,13107200,131072
375,375_adaptive_phase_change_run15,adaptive,phase_change,102,1778307786.011409,/big.txt,13238272,131072
375,375_adaptive_phase_change_run15,adaptive,phase_change,103,1778307786.0140917,/big.txt,13369344,131072
375,375_adaptive_phase_change_run15,adaptive,phase_change,104,1778307786.0168393,/big.txt,13500416,131072
375,375_adaptive_phase_change_run15,adaptive,phase_change,105,1778307786.0195339,/big.txt,13631488,131072
375,375_adaptive_phase_change_run15,adaptive,phase_change,106,1778307786.022234,/big.txt,13762560,131072
375,375_adaptive_phase_change_run15,adaptive,phase_change,107,1778307786.0249426,/big.txt,13893632,131072
375,375_adaptive_phase_change_run15,adaptive,phase_change,108,1778307786.02774,/big.txt,14024704,131072
375,375_adaptive_phase_change_run15,adaptive,phase_change,109,1778307786.030344,/big.txt,14155776,131072
375,375_adaptive_phase_change_run15,adaptive,phase_change,110,1778307786.0329952,/big.txt,14286848,131072
375,375_adaptive_phase_change_run15,adaptive,phase_change,111,1778307786.0355973,/big.txt,14417920,131072
375,375_adaptive_phase_change_run15,adaptive,phase_change,112,1778307786.0382385,/big.txt,14548992,131072
375,375_adaptive_phase_change_run15,adaptive,phase_change,113,1778307786.0409431,/big.txt,14680064,131072
375,375_adaptive_phase_change_run15,adaptive,phase_change,114,1778307786.0436094,/big.txt,14811136,131072
375,375_adaptive_phase_change_run15,adaptive,phase_change,115,1778307786.0462904,/big.txt,14942208,131072
375,375_adaptive_phase_change_run15,adaptive,phase_change,116,1778307786.048992,/big.txt,15073280,131072
375,375_adaptive_phase_change_run15,adaptive,phase_change,117,1778307786.0516403,/big.txt,15204352,131072
375,375_adaptive_phase_change_run15,adaptive,phase_change,118,1778307786.0542712,/big.txt,15335424,131072
375,375_adaptive_phase_change_run15,adaptive,phase_change,119,1778307786.056976,/big.txt,15466496,131072
375,375_adaptive_phase_change_run15,adaptive,phase_change,120,1778307786.059607,/big.txt,15597568,131072
375,375_adaptive_phase_change_run15,adaptive,phase_change,121,1778307786.062233,/big.txt,15728640,131072
375,375_adaptive_phase_change_run15,adaptive,phase_change,122,1778307786.064906,/big.txt,15859712,131072
375,375_adaptive_phase_change_run15,adaptive,phase_change,123,1778307786.0676832,/big.txt,15990784,131072
375,375_adaptive_phase_change_run15,adaptive,phase_change,124,1778307786.070351,/big.txt,16121856,131072
375,375_adaptive_phase_change_run15,adaptive,phase_change,125,1778307786.0729754,/big.txt,16252928,131072
375,375_adaptive_phase_change_run15,adaptive,phase_change,126,1778307786.0756621,/big.txt,16384000,131072
375,375_adaptive_phase_change_run15,adaptive,phase_change,127,1778307786.0782797,/big.txt,16515072,131072
375,375_adaptive_phase_change_run15,adaptive,phase_change,128,1778307786.0810437,/big.txt,16646144,131072
375,375_adaptive_phase_change_run15,adaptive,phase_change,129,1778307786.083697,/big.txt,16777216,131072
375,375_adaptive_phase_change_run15,adaptive,phase_change,130,1778307786.0863047,/big.txt,16908288,131072
375,375_adaptive_phase_change_run15,adaptive,phase_change,131,1778307786.0889637,/big.txt,17039360,131072
375,375_adaptive_phase_change_run15,adaptive,phase_change,132,1778307786.0916054,/big.txt,17170432,131072
375,375_adaptive_phase_change_run15,adaptive,phase_change,133,1778307786.0942438,/big.txt,17301504,131072
375,375_adaptive_phase_change_run15,adaptive,phase_change,134,1778307786.0969152,/big.txt,17432576,131072
375,375_adaptive_phase_change_run15,adaptive,phase_change,135,1778307786.0995924,/big.txt,17563648,131072
375,375_adaptive_phase_change_run15,adaptive,phase_change,136,1778307786.1022725,/big.txt,17694720,131072
375,375_adaptive_phase_change_run15,adaptive,phase_change,137,1778307786.1049771,/big.txt,17825792,131072
375,375_adaptive_phase_change_run15,adaptive,phase_change,138,1778307786.1076233,/big.txt,17956864,131072
375,375_adaptive_phase_change_run15,adaptive,phase_change,139,1778307786.1102705,/big.txt,18087936,131072
375,375_adaptive_phase_change_run15,adaptive,phase_change,140,1778307786.1129646,/big.txt,18219008,131072
375,375_adaptive_phase_change_run15,adaptive,phase_change,141,1778307786.1157515,/big.txt,18350080,131072
375,375_adaptive_phase_change_run15,adaptive,phase_change,142,1778307786.1183934,/big.txt,18481152,131072
375,375_adaptive_phase_change_run15,adaptive,phase_change,143,1778307786.1210837,/big.txt,18612224,131072
375,375_adaptive_phase_change_run15,adaptive,phase_change,144,1778307786.1237397,/big.txt,18743296,131072
375,375_adaptive_phase_change_run15,adaptive,phase_change,145,1778307786.1264057,/big.txt,18874368,131072
375,375_adaptive_phase_change_run15,adaptive,phase_change,146,1778307786.1290326,/big.txt,19005440,131072
375,375_adaptive_phase_change_run15,adaptive,phase_change,147,1778307786.1317298,/big.txt,19136512,131072
375,375_adaptive_phase_change_run15,adaptive,phase_change,148,1778307786.1343415,/big.txt,19267584,131072
375,375_adaptive_phase_change_run15,adaptive,phase_change,149,1778307786.1369734,/big.txt,19398656,131072
375,375_adaptive_phase_change_run15,adaptive,phase_change,150,1778307786.1395993,/big.txt,19529728,131072
375,375_adaptive_phase_change_run15,adaptive,phase_change,151,1778307786.1422703,/big.txt,19660800,131072
375,375_adaptive_phase_change_run15,adaptive,phase_change,152,1778307786.1449904,/big.txt,19791872,131072
375,375_adaptive_phase_change_run15,adaptive,phase_change,153,1778307786.147695,/big.txt,19922944,131072
375,375_adaptive_phase_change_run15,adaptive,phase_change,154,1778307786.1503332,/big.txt,20054016,131072
375,375_adaptive_phase_change_run15,adaptive,phase_change,155,1778307786.1529722,/big.txt,20185088,131072
375,375_adaptive_phase_change_run15,adaptive,phase_change,156,1778307786.1556265,/big.txt,20316160,131072
375,375_adaptive_phase_change_run15,adaptive,phase_change,157,1778307786.1582677,/big.txt,20447232,131072
375,375_adaptive_phase_change_run15,adaptive,phase_change,158,1778307786.1609623,/big.txt,20578304,131072
375,375_adaptive_phase_change_run15,adaptive,phase_change,159,1778307786.1636825,/big.txt,20709376,131072
375,375_adaptive_phase_change_run15,adaptive,phase_change,160,1778307786.1663365,/big.txt,20840448,131072
375,375_adaptive_phase_change_run15,adaptive,phase_change,161,1778307786.1689703,/big.txt,20971520,131072
375,375_adaptive_phase_change_run15,adaptive,phase_change,162,1778307786.1715872,/big.txt,21102592,131072
375,375_adaptive_phase_change_run15,adaptive,phase_change,163,1778307786.174267,/big.txt,21233664,131072
375,375_adaptive_phase_change_run15,adaptive,phase_change,164,1778307786.176926,/big.txt,21364736,131072
375,375_adaptive_phase_change_run15,adaptive,phase_change,165,1778307786.1795475,/big.txt,21495808,131072
375,375_adaptive_phase_change_run15,adaptive,phase_change,166,1778307786.1821592,/big.txt,21626880,131072
375,375_adaptive_phase_change_run15,adaptive,phase_change,167,1778307786.1848264,/big.txt,21757952,131072
375,375_adaptive_phase_change_run15,adaptive,phase_change,168,1778307786.1874592,/big.txt,21889024,131072
375,375_adaptive_phase_change_run15,adaptive,phase_change,169,1778307786.1901052,/big.txt,22020096,131072
375,375_adaptive_phase_change_run15,adaptive,phase_change,170,1778307786.1927705,/big.txt,22151168,131072
375,375_adaptive_phase_change_run15,adaptive,phase_change,171,1778307786.1954486,/big.txt,22282240,131072
375,375_adaptive_phase_change_run15,adaptive,phase_change,172,1778307786.1981268,/big.txt,22413312,131072
375,375_adaptive_phase_change_run15,adaptive,phase_change,173,1778307786.200804,/big.txt,22544384,131072
375,375_adaptive_phase_change_run15,adaptive,phase_change,174,1778307786.2034726,/big.txt,22675456,131072
375,375_adaptive_phase_change_run15,adaptive,phase_change,175,1778307786.2061875,/big.txt,22806528,131072
375,375_adaptive_phase_change_run15,adaptive,phase_change,176,1778307786.2088597,/big.txt,22937600,131072
375,375_adaptive_phase_change_run15,adaptive,phase_change,177,1778307786.2115161,/big.txt,23068672,131072
375,375_adaptive_phase_change_run15,adaptive,phase_change,178,1778307786.2141862,/big.txt,23199744,131072
375,375_adaptive_phase_change_run15,adaptive,phase_change,179,1778307786.2168574,/big.txt,23330816,131072
375,375_adaptive_phase_change_run15,adaptive,phase_change,180,1778307786.21955,/big.txt,23461888,131072
375,375_adaptive_phase_change_run15,adaptive,phase_change,181,1778307786.2222326,/big.txt,23592960,131072
375,375_adaptive_phase_change_run15,adaptive,phase_change,182,1778307786.2249534,/big.txt,23724032,131072
375,375_adaptive_phase_change_run15,adaptive,phase_change,183,1778307786.227605,/big.txt,23855104,131072
375,375_adaptive_phase_change_run15,adaptive,phase_change,184,1778307786.2302973,/big.txt,23986176,131072
375,375_adaptive_phase_change_run15,adaptive,phase_change,185,1778307786.232985,/big.txt,24117248,131072
375,375_adaptive_phase_change_run15,adaptive,phase_change,186,1778307786.2356362,/big.txt,24248320,131072
375,375_adaptive_phase_change_run15,adaptive,phase_change,187,1778307786.2383268,/big.txt,24379392,131072
375,375_adaptive_phase_change_run15,adaptive,phase_change,188,1778307786.2409873,/big.txt,24510464,131072
375,375_adaptive_phase_change_run15,adaptive,phase_change,189,1778307786.2436118,/big.txt,24641536,131072
375,375_adaptive_phase_change_run15,adaptive,phase_change,190,1778307786.2462792,/big.txt,24772608,131072
375,375_adaptive_phase_change_run15,adaptive,phase_change,191,1778307786.2489715,/big.txt,24903680,131072
375,375_adaptive_phase_change_run15,adaptive,phase_change,192,1778307786.2516568,/big.txt,25034752,131072
375,375_adaptive_phase_change_run15,adaptive,phase_change,193,1778307786.254354,/big.txt,25165824,131072
375,375_adaptive_phase_change_run15,adaptive,phase_change,194,1778307786.2570326,/big.txt,25296896,131072
375,375_adaptive_phase_change_run15,adaptive,phase_change,195,1778307786.2597072,/big.txt,25427968,131072
375,375_adaptive_phase_change_run15,adaptive,phase_change,196,1778307786.262348,/big.txt,25559040,131072
375,375_adaptive_phase_change_run15,adaptive,phase_change,197,1778307786.2649837,/big.txt,25690112,131072
375,375_adaptive_phase_change_run15,adaptive,phase_change,198,1778307786.2677195,/big.txt,25821184,131072
375,375_adaptive_phase_change_run15,adaptive,phase_change,199,1778307786.2703645,/big.txt,25952256,131072
375,375_adaptive_phase_change_run15,adaptive,phase_change,200,1778307786.2730153,/big.txt,26083328,131072
375,375_adaptive_phase_change_run15,adaptive,phase_change,201,1778307786.2756784,/big.txt,26214400,131072
375,375_adaptive_phase_change_run15,adaptive,phase_change,202,1778307786.2783132,/big.txt,26345472,131072
375,375_adaptive_phase_change_run15,adaptive,phase_change,203,1778307786.2810016,/big.txt,26476544,131072
375,375_adaptive_phase_change_run15,adaptive,phase_change,204,1778307786.2836704,/big.txt,26607616,131072
375,375_adaptive_phase_change_run15,adaptive,phase_change,205,1778307786.2862966,/big.txt,26738688,131072
375,375_adaptive_phase_change_run15,adaptive,phase_change,206,1778307786.288955,/big.txt,26869760,131072
375,375_adaptive_phase_change_run15,adaptive,phase_change,207,1778307786.2916117,/big.txt,27000832,131072
375,375_adaptive_phase_change_run15,adaptive,phase_change,208,1778307786.2942767,/big.txt,27131904,131072
375,375_adaptive_phase_change_run15,adaptive,phase_change,209,1778307786.2969868,/big.txt,27262976,131072
375,375_adaptive_phase_change_run15,adaptive,phase_change,210,1778307786.299652,/big.txt,27394048,131072
375,375_adaptive_phase_change_run15,adaptive,phase_change,211,1778307786.302312,/big.txt,27525120,131072
375,375_adaptive_phase_change_run15,adaptive,phase_change,212,1778307786.3049815,/big.txt,27656192,131072
375,375_adaptive_phase_change_run15,adaptive,phase_change,213,1778307786.3077571,/big.txt,27787264,131072
375,375_adaptive_phase_change_run15,adaptive,phase_change,214,1778307786.3103828,/big.txt,27918336,131072
375,375_adaptive_phase_change_run15,adaptive,phase_change,215,1778307786.3129666,/big.txt,28049408,131072
375,375_adaptive_phase_change_run15,adaptive,phase_change,216,1778307786.31559,/big.txt,28180480,131072
375,375_adaptive_phase_change_run15,adaptive,phase_change,217,1778307786.3182926,/big.txt,28311552,131072
375,375_adaptive_phase_change_run15,adaptive,phase_change,218,1778307786.3209922,/big.txt,28442624,131072
375,375_adaptive_phase_change_run15,adaptive,phase_change,219,1778307786.3236444,/big.txt,28573696,131072
375,375_adaptive_phase_change_run15,adaptive,phase_change,220,1778307786.326304,/big.txt,28704768,131072
375,375_adaptive_phase_change_run15,adaptive,phase_change,221,1778307786.3289526,/big.txt,28835840,131072
375,375_adaptive_phase_change_run15,adaptive,phase_change,222,1778307786.331699,/big.txt,28966912,131072
375,375_adaptive_phase_change_run15,adaptive,phase_change,223,1778307786.3343704,/big.txt,29097984,131072
375,375_adaptive_phase_change_run15,adaptive,phase_change,224,1778307786.337027,/big.txt,29229056,131072
375,375_adaptive_phase_change_run15,adaptive,phase_change,225,1778307786.3396735,/big.txt,29360128,131072
375,375_adaptive_phase_change_run15,adaptive,phase_change,226,1778307786.3422947,/big.txt,29491200,131072
375,375_adaptive_phase_change_run15,adaptive,phase_change,227,1778307786.344956,/big.txt,29622272,131072
375,375_adaptive_phase_change_run15,adaptive,phase_change,228,1778307786.347716,/big.txt,29753344,131072
375,375_adaptive_phase_change_run15,adaptive,phase_change,229,1778307786.350389,/big.txt,29884416,131072
375,375_adaptive_phase_change_run15,adaptive,phase_change,230,1778307786.3530903,/big.txt,30015488,131072
375,375_adaptive_phase_change_run15,adaptive,phase_change,231,1778307786.3558064,/big.txt,30146560,131072
375,375_adaptive_phase_change_run15,adaptive,phase_change,232,1778307786.3584604,/big.txt,30277632,131072
375,375_adaptive_phase_change_run15,adaptive,phase_change,233,1778307786.3611062,/big.txt,30408704,131072
375,375_adaptive_phase_change_run15,adaptive,phase_change,234,1778307786.3637412,/big.txt,30539776,131072
375,375_adaptive_phase_change_run15,adaptive,phase_change,235,1778307786.3663828,/big.txt,30670848,131072
375,375_adaptive_phase_change_run15,adaptive,phase_change,236,1778307786.3690135,/big.txt,30801920,131072
375,375_adaptive_phase_change_run15,adaptive,phase_change,237,1778307786.3717632,/big.txt,30932992,131072
375,375_adaptive_phase_change_run15,adaptive,phase_change,238,1778307786.3743942,/big.txt,31064064,131072
375,375_adaptive_phase_change_run15,adaptive,phase_change,239,1778307786.3770673,/big.txt,31195136,131072
375,375_adaptive_phase_change_run15,adaptive,phase_change,240,1778307786.379724,/big.txt,31326208,131072
375,375_adaptive_phase_change_run15,adaptive,phase_change,241,1778307786.3824036,/big.txt,31457280,131072
375,375_adaptive_phase_change_run15,adaptive,phase_change,242,1778307786.3850386,/big.txt,31588352,131072
375,375_adaptive_phase_change_run15,adaptive,phase_change,243,1778307786.3877597,/big.txt,31719424,131072
375,375_adaptive_phase_change_run15,adaptive,phase_change,244,1778307786.3904207,/big.txt,31850496,131072
375,375_adaptive_phase_change_run15,adaptive,phase_change,245,1778307786.3930938,/big.txt,31981568,131072
375,375_adaptive_phase_change_run15,adaptive,phase_change,246,1778307786.395765,/big.txt,32112640,131072
375,375_adaptive_phase_change_run15,adaptive,phase_change,247,1778307786.3983886,/big.txt,32243712,131072
375,375_adaptive_phase_change_run15,adaptive,phase_change,248,1778307786.4010048,/big.txt,32374784,131072
375,375_adaptive_phase_change_run15,adaptive,phase_change,249,1778307786.4063382,/big.txt,32505856,131072
375,375_adaptive_phase_change_run15,adaptive,phase_change,250,1778307786.4116488,/big.txt,32636928,131072
375,375_adaptive_phase_change_run15,adaptive,phase_change,251,1778307786.4153903,/big.txt,32768000,131072
375,375_adaptive_phase_change_run15,adaptive,phase_change,252,1778307786.41808,/big.txt,32899072,131072
375,375_adaptive_phase_change_run15,adaptive,phase_change,253,1778307786.4207606,/big.txt,33030144,131072
375,375_adaptive_phase_change_run15,adaptive,phase_change,254,1778307786.4235158,/big.txt,33161216,131072
375,375_adaptive_phase_change_run15,adaptive,phase_change,255,1778307786.4261746,/big.txt,33292288,131072
375,375_adaptive_phase_change_run15,adaptive,phase_change,256,1778307786.4288304,/big.txt,33423360,131072
375,375_adaptive_phase_change_run15,adaptive,phase_change,257,1778307786.4314888,/big.txt,33554432,131072
375,375_adaptive_phase_change_run15,adaptive,phase_change,258,1778307786.4341533,/big.txt,33685504,131072
375,375_adaptive_phase_change_run15,adaptive,phase_change,259,1778307786.4368083,/big.txt,33816576,131072
375,375_adaptive_phase_change_run15,adaptive,phase_change,260,1778307786.439555,/big.txt,33947648,131072
375,375_adaptive_phase_change_run15,adaptive,phase_change,261,1778307786.4422185,/big.txt,34078720,131072
375,375_adaptive_phase_change_run15,adaptive,phase_change,262,1778307786.4449165,/big.txt,34209792,131072
375,375_adaptive_phase_change_run15,adaptive,phase_change,263,1778307786.4476023,/big.txt,34340864,131072
375,375_adaptive_phase_change_run15,adaptive,phase_change,264,1778307786.4502797,/big.txt,34471936,131072
375,375_adaptive_phase_change_run15,adaptive,phase_change,265,1778307786.4529965,/big.txt,34603008,131072
375,375_adaptive_phase_change_run15,adaptive,phase_change,266,1778307786.455723,/big.txt,34734080,131072
375,375_adaptive_phase_change_run15,adaptive,phase_change,267,1778307786.4583852,/big.txt,34865152,131072
375,375_adaptive_phase_change_run15,adaptive,phase_change,268,1778307786.461052,/big.txt,34996224,131072
375,375_adaptive_phase_change_run15,adaptive,phase_change,269,1778307786.4636958,/big.txt,35127296,131072
375,375_adaptive_phase_change_run15,adaptive,phase_change,270,1778307786.4663155,/big.txt,35258368,131072
375,375_adaptive_phase_change_run15,adaptive,phase_change,271,1778307786.468998,/big.txt,35389440,131072
375,375_adaptive_phase_change_run15,adaptive,phase_change,272,1778307786.4716358,/big.txt,35520512,131072
375,375_adaptive_phase_change_run15,adaptive,phase_change,273,1778307786.4743187,/big.txt,35651584,131072
375,375_adaptive_phase_change_run15,adaptive,phase_change,274,1778307786.4769988,/big.txt,35782656,131072
375,375_adaptive_phase_change_run15,adaptive,phase_change,275,1778307786.479657,/big.txt,35913728,131072
375,375_adaptive_phase_change_run15,adaptive,phase_change,276,1778307786.4823086,/big.txt,36044800,131072
375,375_adaptive_phase_change_run15,adaptive,phase_change,277,1778307786.4849992,/big.txt,36175872,131072
375,375_adaptive_phase_change_run15,adaptive,phase_change,278,1778307786.4876683,/big.txt,36306944,131072
375,375_adaptive_phase_change_run15,adaptive,phase_change,279,1778307786.4902964,/big.txt,36438016,131072
375,375_adaptive_phase_change_run15,adaptive,phase_change,280,1778307786.4929748,/big.txt,36569088,131072
375,375_adaptive_phase_change_run15,adaptive,phase_change,281,1778307786.495765,/big.txt,36700160,131072
375,375_adaptive_phase_change_run15,adaptive,phase_change,282,1778307786.4983819,/big.txt,36831232,131072
375,375_adaptive_phase_change_run15,adaptive,phase_change,283,1778307786.5010324,/big.txt,36962304,131072
375,375_adaptive_phase_change_run15,adaptive,phase_change,284,1778307786.503694,/big.txt,37093376,131072
375,375_adaptive_phase_change_run15,adaptive,phase_change,285,1778307786.506306,/big.txt,37224448,131072
375,375_adaptive_phase_change_run15,adaptive,phase_change,286,1778307786.5089805,/big.txt,37355520,131072
375,375_adaptive_phase_change_run15,adaptive,phase_change,287,1778307786.5116858,/big.txt,37486592,131072
375,375_adaptive_phase_change_run15,adaptive,phase_change,288,1778307786.514331,/big.txt,37617664,131072
375,375_adaptive_phase_change_run15,adaptive,phase_change,289,1778307786.5169735,/big.txt,37748736,131072
375,375_adaptive_phase_change_run15,adaptive,phase_change,290,1778307786.5196216,/big.txt,37879808,131072
375,375_adaptive_phase_change_run15,adaptive,phase_change,291,1778307786.5223124,/big.txt,38010880,131072
375,375_adaptive_phase_change_run15,adaptive,phase_change,292,1778307786.524972,/big.txt,38141952,131072
375,375_adaptive_phase_change_run15,adaptive,phase_change,293,1778307786.5275965,/big.txt,38273024,131072
375,375_adaptive_phase_change_run15,adaptive,phase_change,294,1778307786.5302682,/big.txt,38404096,131072
375,375_adaptive_phase_change_run15,adaptive,phase_change,295,1778307786.5329645,/big.txt,38535168,131072
375,375_adaptive_phase_change_run15,adaptive,phase_change,296,1778307786.535647,/big.txt,38666240,131072
375,375_adaptive_phase_change_run15,adaptive,phase_change,297,1778307786.5383022,/big.txt,38797312,131072
375,375_adaptive_phase_change_run15,adaptive,phase_change,298,1778307786.540982,/big.txt,38928384,131072
375,375_adaptive_phase_change_run15,adaptive,phase_change,299,1778307786.543731,/big.txt,39059456,131072
375,375_adaptive_phase_change_run15,adaptive,phase_change,300,1778307786.5463753,/big.txt,39190528,131072
375,375_adaptive_phase_change_run15,adaptive,phase_change,301,1778307786.5489933,/big.txt,39321600,131072
375,375_adaptive_phase_change_run15,adaptive,phase_change,302,1778307786.5517302,/big.txt,39452672,131072
375,375_adaptive_phase_change_run15,adaptive,phase_change,303,1778307786.55436,/big.txt,39583744,131072
375,375_adaptive_phase_change_run15,adaptive,phase_change,304,1778307786.5569978,/big.txt,39714816,131072
375,375_adaptive_phase_change_run15,adaptive,phase_change,305,1778307786.5596547,/big.txt,39845888,131072
375,375_adaptive_phase_change_run15,adaptive,phase_change,306,1778307786.5622764,/big.txt,39976960,131072
375,375_adaptive_phase_change_run15,adaptive,phase_change,307,1778307786.5649586,/big.txt,40108032,131072
375,375_adaptive_phase_change_run15,adaptive,phase_change,308,1778307786.5676208,/big.txt,40239104,131072
375,375_adaptive_phase_change_run15,adaptive,phase_change,309,1778307786.570284,/big.txt,40370176,131072
375,375_adaptive_phase_change_run15,adaptive,phase_change,310,1778307786.5729656,/big.txt,40501248,131072
375,375_adaptive_phase_change_run15,adaptive,phase_change,311,1778307786.5757196,/big.txt,40632320,131072
375,375_adaptive_phase_change_run15,adaptive,phase_change,312,1778307786.5783746,/big.txt,40763392,131072
375,375_adaptive_phase_change_run15,adaptive,phase_change,313,1778307786.5809984,/big.txt,40894464,131072
375,375_adaptive_phase_change_run15,adaptive,phase_change,314,1778307786.5837498,/big.txt,41025536,131072
375,375_adaptive_phase_change_run15,adaptive,phase_change,315,1778307786.5863962,/big.txt,41156608,131072
375,375_adaptive_phase_change_run15,adaptive,phase_change,316,1778307786.5889904,/big.txt,41287680,131072
375,375_adaptive_phase_change_run15,adaptive,phase_change,317,1778307786.5916097,/big.txt,41418752,131072
375,375_adaptive_phase_change_run15,adaptive,phase_change,318,1778307786.5942538,/big.txt,41549824,131072
375,375_adaptive_phase_change_run15,adaptive,phase_change,319,1778307786.5969198,/big.txt,41680896,131072
375,375_adaptive_phase_change_run15,adaptive,phase_change,320,1778307786.5995667,/big.txt,41811968,131072
375,375_adaptive_phase_change_run15,adaptive,phase_change,321,1778307786.6022074,/big.txt,41943040,131072
375,375_adaptive_phase_change_run15,adaptive,phase_change,322,1778307786.604885,/big.txt,42074112,131072
375,375_adaptive_phase_change_run15,adaptive,phase_change,323,1778307786.6076097,/big.txt,42205184,131072
375,375_adaptive_phase_change_run15,adaptive,phase_change,324,1778307786.6102862,/big.txt,42336256,131072
375,375_adaptive_phase_change_run15,adaptive,phase_change,325,1778307786.6129742,/big.txt,42467328,131072
375,375_adaptive_phase_change_run15,adaptive,phase_change,326,1778307786.6156218,/big.txt,42598400,131072
375,375_adaptive_phase_change_run15,adaptive,phase_change,327,1778307786.618232,/big.txt,42729472,131072
375,375_adaptive_phase_change_run15,adaptive,phase_change,328,1778307786.6208603,/big.txt,42860544,131072
375,375_adaptive_phase_change_run15,adaptive,phase_change,329,1778307786.6234784,/big.txt,42991616,131072
375,375_adaptive_phase_change_run15,adaptive,phase_change,330,1778307786.6260772,/big.txt,43122688,131072
375,375_adaptive_phase_change_run15,adaptive,phase_change,331,1778307786.6287339,/big.txt,43253760,131072
375,375_adaptive_phase_change_run15,adaptive,phase_change,332,1778307786.6314178,/big.txt,43384832,131072
375,375_adaptive_phase_change_run15,adaptive,phase_change,333,1778307786.6340404,/big.txt,43515904,131072
375,375_adaptive_phase_change_run15,adaptive,phase_change,334,1778307786.636766,/big.txt,43646976,131072
375,375_adaptive_phase_change_run15,adaptive,phase_change,335,1778307786.6394181,/big.txt,43778048,131072
375,375_adaptive_phase_change_run15,adaptive,phase_change,336,1778307786.6420586,/big.txt,43909120,131072
375,375_adaptive_phase_change_run15,adaptive,phase_change,337,1778307786.6447365,/big.txt,44040192,131072
375,375_adaptive_phase_change_run15,adaptive,phase_change,338,1778307786.6474836,/big.txt,44171264,131072
375,375_adaptive_phase_change_run15,adaptive,phase_change,339,1778307786.6501212,/big.txt,44302336,131072
375,375_adaptive_phase_change_run15,adaptive,phase_change,340,1778307786.6527886,/big.txt,44433408,131072
375,375_adaptive_phase_change_run15,adaptive,phase_change,341,1778307786.655519,/big.txt,44564480,131072
375,375_adaptive_phase_change_run15,adaptive,phase_change,342,1778307786.6581573,/big.txt,44695552,131072
375,375_adaptive_phase_change_run15,adaptive,phase_change,343,1778307786.6608124,/big.txt,44826624,131072
375,375_adaptive_phase_change_run15,adaptive,phase_change,344,1778307786.663571,/big.txt,44957696,131072
375,375_adaptive_phase_change_run15,adaptive,phase_change,345,1778307786.666214,/big.txt,45088768,131072
375,375_adaptive_phase_change_run15,adaptive,phase_change,346,1778307786.6689372,/big.txt,45219840,131072
375,375_adaptive_phase_change_run15,adaptive,phase_change,347,1778307786.6716306,/big.txt,45350912,131072
375,375_adaptive_phase_change_run15,adaptive,phase_change,348,1778307786.6743038,/big.txt,45481984,131072
375,375_adaptive_phase_change_run15,adaptive,phase_change,349,1778307786.6768272,/big.txt,45613056,131072
375,375_adaptive_phase_change_run15,adaptive,phase_change,350,1778307786.6793354,/big.txt,45744128,131072
375,375_adaptive_phase_change_run15,adaptive,phase_change,351,1778307786.681861,/big.txt,45875200,131072
375,375_adaptive_phase_change_run15,adaptive,phase_change,352,1778307786.6844435,/big.txt,46006272,131072
375,375_adaptive_phase_change_run15,adaptive,phase_change,353,1778307786.6870131,/big.txt,46137344,131072
375,375_adaptive_phase_change_run15,adaptive,phase_change,354,1778307786.6895194,/big.txt,46268416,131072
375,375_adaptive_phase_change_run15,adaptive,phase_change,355,1778307786.6920493,/big.txt,46399488,131072
375,375_adaptive_phase_change_run15,adaptive,phase_change,356,1778307786.6945257,/big.txt,46530560,131072
375,375_adaptive_phase_change_run15,adaptive,phase_change,357,1778307786.6970387,/big.txt,46661632,131072
375,375_adaptive_phase_change_run15,adaptive,phase_change,358,1778307786.6995149,/big.txt,46792704,131072
375,375_adaptive_phase_change_run15,adaptive,phase_change,359,1778307786.7019823,/big.txt,46923776,131072
375,375_adaptive_phase_change_run15,adaptive,phase_change,360,1778307786.7045498,/big.txt,47054848,131072
375,375_adaptive_phase_change_run15,adaptive,phase_change,361,1778307786.7070618,/big.txt,47185920,131072
375,375_adaptive_phase_change_run15,adaptive,phase_change,362,1778307786.7095366,/big.txt,47316992,131072
375,375_adaptive_phase_change_run15,adaptive,phase_change,363,1778307786.7120838,/big.txt,47448064,131072
375,375_adaptive_phase_change_run15,adaptive,phase_change,364,1778307786.7145965,/big.txt,47579136,131072
375,375_adaptive_phase_change_run15,adaptive,phase_change,365,1778307786.71711,/big.txt,47710208,131072
375,375_adaptive_phase_change_run15,adaptive,phase_change,366,1778307786.7196693,/big.txt,47841280,131072
375,375_adaptive_phase_change_run15,adaptive,phase_change,367,1778307786.7221668,/big.txt,47972352,131072
375,375_adaptive_phase_change_run15,adaptive,phase_change,368,1778307786.7246678,/big.txt,48103424,131072
375,375_adaptive_phase_change_run15,adaptive,phase_change,369,1778307786.7271712,/big.txt,48234496,131072
375,375_adaptive_phase_change_run15,adaptive,phase_change,370,1778307786.7296956,/big.txt,48365568,131072
375,375_adaptive_phase_change_run15,adaptive,phase_change,371,1778307786.732323,/big.txt,48496640,131072
375,375_adaptive_phase_change_run15,adaptive,phase_change,372,1778307786.7348738,/big.txt,48627712,131072
375,375_adaptive_phase_change_run15,adaptive,phase_change,373,1778307786.737413,/big.txt,48758784,131072
375,375_adaptive_phase_change_run15,adaptive,phase_change,374,1778307786.7399251,/big.txt,48889856,131072
375,375_adaptive_phase_change_run15,adaptive,phase_change,375,1778307786.742434,/big.txt,49020928,131072
375,375_adaptive_phase_change_run15,adaptive,phase_change,376,1778307786.7449043,/big.txt,49152000,131072
375,375_adaptive_phase_change_run15,adaptive,phase_change,377,1778307786.7474155,/big.txt,49283072,131072
375,375_adaptive_phase_change_run15,adaptive,phase_change,378,1778307786.7499328,/big.txt,49414144,131072
375,375_adaptive_phase_change_run15,adaptive,phase_change,379,1778307786.7525105,/big.txt,49545216,131072
375,375_adaptive_phase_change_run15,adaptive,phase_change,380,1778307786.755114,/big.txt,49676288,131072
375,375_adaptive_phase_change_run15,adaptive,phase_change,381,1778307786.757607,/big.txt,49807360,131072
375,375_adaptive_phase_change_run15,adaptive,phase_change,382,1778307786.7601202,/big.txt,49938432,131072
375,375_adaptive_phase_change_run15,adaptive,phase_change,383,1778307786.7626035,/big.txt,50069504,131072
375,375_adaptive_phase_change_run15,adaptive,phase_change,384,1778307786.765134,/big.txt,50200576,131072
375,375_adaptive_phase_change_run15,adaptive,phase_change,385,1778307786.7676253,/big.txt,50331648,131072
375,375_adaptive_phase_change_run15,adaptive,phase_change,386,1778307786.7701209,/big.txt,50462720,131072
375,375_adaptive_phase_change_run15,adaptive,phase_change,387,1778307786.7726314,/big.txt,50593792,131072
375,375_adaptive_phase_change_run15,adaptive,phase_change,388,1778307786.7751245,/big.txt,50724864,131072
375,375_adaptive_phase_change_run15,adaptive,phase_change,389,1778307786.7776341,/big.txt,50855936,131072
375,375_adaptive_phase_change_run15,adaptive,phase_change,390,1778307786.7802145,/big.txt,50987008,131072
375,375_adaptive_phase_change_run15,adaptive,phase_change,391,1778307786.7827282,/big.txt,51118080,131072
375,375_adaptive_phase_change_run15,adaptive,phase_change,392,1778307786.7853534,/big.txt,51249152,131072
375,375_adaptive_phase_change_run15,adaptive,phase_change,393,1778307786.7878628,/big.txt,51380224,131072
375,375_adaptive_phase_change_run15,adaptive,phase_change,394,1778307786.7902446,/big.txt,51511296,131072
375,375_adaptive_phase_change_run15,adaptive,phase_change,395,1778307786.7926211,/big.txt,51642368,131072
375,375_adaptive_phase_change_run15,adaptive,phase_change,396,1778307786.7953146,/big.txt,51773440,131072
375,375_adaptive_phase_change_run15,adaptive,phase_change,397,1778307786.8001091,/big.txt,51904512,131072
375,375_adaptive_phase_change_run15,adaptive,phase_change,398,1778307786.8049102,/big.txt,52035584,131072
375,375_adaptive_phase_change_run15,adaptive,phase_change,399,1778307786.8075159,/big.txt,52166656,131072
375,375_adaptive_phase_change_run15,adaptive,phase_change,400,1778307786.809904,/big.txt,52297728,131072
375,375_adaptive_phase_change_run15,adaptive,phase_change,401,1778307786.8123534,/big.txt,52428800,131072
375,375_adaptive_phase_change_run15,adaptive,phase_change,402,1778307786.8148255,/big.txt,52559872,131072
375,375_adaptive_phase_change_run15,adaptive,phase_change,403,1778307786.8172343,/big.txt,52690944,131072
375,375_adaptive_phase_change_run15,adaptive,phase_change,404,1778307786.8196366,/big.txt,52822016,131072
375,375_adaptive_phase_change_run15,adaptive,phase_change,405,1778307786.8220255,/big.txt,52953088,131072
375,375_adaptive_phase_change_run15,adaptive,phase_change,406,1778307786.8244562,/big.txt,53084160,131072
375,375_adaptive_phase_change_run15,adaptive,phase_change,407,1778307786.8269367,/big.txt,53215232,131072
375,375_adaptive_phase_change_run15,adaptive,phase_change,408,1778307786.8293536,/big.txt,53346304,131072
375,375_adaptive_phase_change_run15,adaptive,phase_change,409,1778307786.831787,/big.txt,53477376,131072
375,375_adaptive_phase_change_run15,adaptive,phase_change,410,1778307786.8341956,/big.txt,53608448,131072
375,375_adaptive_phase_change_run15,adaptive,phase_change,411,1778307786.836614,/big.txt,53739520,131072
375,375_adaptive_phase_change_run15,adaptive,phase_change,412,1778307786.8390348,/big.txt,53870592,131072
375,375_adaptive_phase_change_run15,adaptive,phase_change,413,1778307786.8414538,/big.txt,54001664,131072
375,375_adaptive_phase_change_run15,adaptive,phase_change,414,1778307786.8438756,/big.txt,54132736,131072
375,375_adaptive_phase_change_run15,adaptive,phase_change,415,1778307786.8462753,/big.txt,54263808,131072
375,375_adaptive_phase_change_run15,adaptive,phase_change,416,1778307786.8487222,/big.txt,54394880,131072
375,375_adaptive_phase_change_run15,adaptive,phase_change,417,1778307786.851272,/big.txt,54525952,131072
375,375_adaptive_phase_change_run15,adaptive,phase_change,418,1778307786.853731,/big.txt,54657024,131072
375,375_adaptive_phase_change_run15,adaptive,phase_change,419,1778307786.8561704,/big.txt,54788096,131072
375,375_adaptive_phase_change_run15,adaptive,phase_change,420,1778307786.8586202,/big.txt,54919168,131072
375,375_adaptive_phase_change_run15,adaptive,phase_change,421,1778307786.86104,/big.txt,55050240,131072
375,375_adaptive_phase_change_run15,adaptive,phase_change,422,1778307786.8634555,/big.txt,55181312,131072
375,375_adaptive_phase_change_run15,adaptive,phase_change,423,1778307786.865838,/big.txt,55312384,131072
375,375_adaptive_phase_change_run15,adaptive,phase_change,424,1778307786.8682704,/big.txt,55443456,131072
375,375_adaptive_phase_change_run15,adaptive,phase_change,425,1778307786.8707252,/big.txt,55574528,131072
375,375_adaptive_phase_change_run15,adaptive,phase_change,426,1778307786.8731177,/big.txt,55705600,131072
375,375_adaptive_phase_change_run15,adaptive,phase_change,427,1778307786.8755145,/big.txt,55836672,131072
375,375_adaptive_phase_change_run15,adaptive,phase_change,428,1778307786.877878,/big.txt,55967744,131072
375,375_adaptive_phase_change_run15,adaptive,phase_change,429,1778307786.8803258,/big.txt,56098816,131072
375,375_adaptive_phase_change_run15,adaptive,phase_change,430,1778307786.8827631,/big.txt,56229888,131072
375,375_adaptive_phase_change_run15,adaptive,phase_change,431,1778307786.8851683,/big.txt,56360960,131072
375,375_adaptive_phase_change_run15,adaptive,phase_change,432,1778307786.887567,/big.txt,56492032,131072
375,375_adaptive_phase_change_run15,adaptive,phase_change,433,1778307786.8899615,/big.txt,56623104,131072
375,375_adaptive_phase_change_run15,adaptive,phase_change,434,1778307786.8923454,/big.txt,56754176,131072
375,375_adaptive_phase_change_run15,adaptive,phase_change,435,1778307786.8947275,/big.txt,56885248,131072
375,375_adaptive_phase_change_run15,adaptive,phase_change,436,1778307786.8971012,/big.txt,57016320,131072
375,375_adaptive_phase_change_run15,adaptive,phase_change,437,1778307786.8994784,/big.txt,57147392,131072
375,375_adaptive_phase_change_run15,adaptive,phase_change,438,1778307786.9018583,/big.txt,57278464,131072
375,375_adaptive_phase_change_run15,adaptive,phase_change,439,1778307786.9043014,/big.txt,57409536,131072
375,375_adaptive_phase_change_run15,adaptive,phase_change,440,1778307786.9066863,/big.txt,57540608,131072
375,375_adaptive_phase_change_run15,adaptive,phase_change,441,1778307786.9090729,/big.txt,57671680,131072
375,375_adaptive_phase_change_run15,adaptive,phase_change,442,1778307786.9114668,/big.txt,57802752,131072
375,375_adaptive_phase_change_run15,adaptive,phase_change,443,1778307786.913866,/big.txt,57933824,131072
375,375_adaptive_phase_change_run15,adaptive,phase_change,444,1778307786.916317,/big.txt,58064896,131072
375,375_adaptive_phase_change_run15,adaptive,phase_change,445,1778307786.918923,/big.txt,58195968,131072
375,375_adaptive_phase_change_run15,adaptive,phase_change,446,1778307786.9214072,/big.txt,58327040,131072
375,375_adaptive_phase_change_run15,adaptive,phase_change,447,1778307786.9238741,/big.txt,58458112,131072
375,375_adaptive_phase_change_run15,adaptive,phase_change,448,1778307786.9262888,/big.txt,58589184,131072
375,375_adaptive_phase_change_run15,adaptive,phase_change,449,1778307786.9287019,/big.txt,58720256,131072
375,375_adaptive_phase_change_run15,adaptive,phase_change,450,1778307786.9311018,/big.txt,58851328,131072
375,375_adaptive_phase_change_run15,adaptive,phase_change,451,1778307786.9334774,/big.txt,58982400,131072
375,375_adaptive_phase_change_run15,adaptive,phase_change,452,1778307786.9358325,/big.txt,59113472,131072
375,375_adaptive_phase_change_run15,adaptive,phase_change,453,1778307786.93823,/big.txt,59244544,131072
375,375_adaptive_phase_change_run15,adaptive,phase_change,454,1778307786.9406044,/big.txt,59375616,131072
375,375_adaptive_phase_change_run15,adaptive,phase_change,455,1778307786.9429994,/big.txt,59506688,131072
375,375_adaptive_phase_change_run15,adaptive,phase_change,456,1778307786.945388,/big.txt,59637760,131072
375,375_adaptive_phase_change_run15,adaptive,phase_change,457,1778307786.9477725,/big.txt,59768832,131072
375,375_adaptive_phase_change_run15,adaptive,phase_change,458,1778307786.9501529,/big.txt,59899904,131072
375,375_adaptive_phase_change_run15,adaptive,phase_change,459,1778307786.952532,/big.txt,60030976,131072
375,375_adaptive_phase_change_run15,adaptive,phase_change,460,1778307786.9549403,/big.txt,60162048,131072
375,375_adaptive_phase_change_run15,adaptive,phase_change,461,1778307786.9573274,/big.txt,60293120,131072
375,375_adaptive_phase_change_run15,adaptive,phase_change,462,1778307786.9620721,/big.txt,60424192,131072
375,375_adaptive_phase_change_run15,adaptive,phase_change,463,1778307786.9645517,/big.txt,60555264,131072
375,375_adaptive_phase_change_run15,adaptive,phase_change,464,1778307786.966962,/big.txt,60686336,131072
375,375_adaptive_phase_change_run15,adaptive,phase_change,465,1778307786.9693482,/big.txt,60817408,131072
375,375_adaptive_phase_change_run15,adaptive,phase_change,466,1778307786.971744,/big.txt,60948480,131072
375,375_adaptive_phase_change_run15,adaptive,phase_change,467,1778307786.974143,/big.txt,61079552,131072
375,375_adaptive_phase_change_run15,adaptive,phase_change,468,1778307786.9765286,/big.txt,61210624,131072
375,375_adaptive_phase_change_run15,adaptive,phase_change,469,1778307786.9789069,/big.txt,61341696,131072
375,375_adaptive_phase_change_run15,adaptive,phase_change,470,1778307786.981268,/big.txt,61472768,131072
375,375_adaptive_phase_change_run15,adaptive,phase_change,471,1778307786.9836752,/big.txt,61603840,131072
375,375_adaptive_phase_change_run15,adaptive,phase_change,472,1778307786.9860747,/big.txt,61734912,131072
375,375_adaptive_phase_change_run15,adaptive,phase_change,473,1778307786.9884841,/big.txt,61865984,131072
375,375_adaptive_phase_change_run15,adaptive,phase_change,474,1778307786.9908938,/big.txt,61997056,131072
375,375_adaptive_phase_change_run15,adaptive,phase_change,475,1778307786.9932954,/big.txt,62128128,131072
375,375_adaptive_phase_change_run15,adaptive,phase_change,476,1778307786.995686,/big.txt,62259200,131072
375,375_adaptive_phase_change_run15,adaptive,phase_change,477,1778307786.9980662,/big.txt,62390272,131072
375,375_adaptive_phase_change_run15,adaptive,phase_change,478,1778307787.0004675,/big.txt,62521344,131072
375,375_adaptive_phase_change_run15,adaptive,phase_change,479,1778307787.0028815,/big.txt,62652416,131072
375,375_adaptive_phase_change_run15,adaptive,phase_change,480,1778307787.005265,/big.txt,62783488,131072
375,375_adaptive_phase_change_run15,adaptive,phase_change,481,1778307787.0076542,/big.txt,62914560,131072
375,375_adaptive_phase_change_run15,adaptive,phase_change,482,1778307787.010051,/big.txt,63045632,131072
375,375_adaptive_phase_change_run15,adaptive,phase_change,483,1778307787.0124886,/big.txt,63176704,131072
375,375_adaptive_phase_change_run15,adaptive,phase_change,484,1778307787.0150404,/big.txt,63307776,131072
375,375_adaptive_phase_change_run15,adaptive,phase_change,485,1778307787.0175226,/big.txt,63438848,131072
375,375_adaptive_phase_change_run15,adaptive,phase_change,486,1778307787.020009,/big.txt,63569920,131072
375,375_adaptive_phase_change_run15,adaptive,phase_change,487,1778307787.022445,/big.txt,63700992,131072
375,375_adaptive_phase_change_run15,adaptive,phase_change,488,1778307787.0248168,/big.txt,63832064,131072
375,375_adaptive_phase_change_run15,adaptive,phase_change,489,1778307787.0272117,/big.txt,63963136,131072
375,375_adaptive_phase_change_run15,adaptive,phase_change,490,1778307787.0296257,/big.txt,64094208,131072
375,375_adaptive_phase_change_run15,adaptive,phase_change,491,1778307787.0320647,/big.txt,64225280,131072
375,375_adaptive_phase_change_run15,adaptive,phase_change,492,1778307787.0344448,/big.txt,64356352,131072
375,375_adaptive_phase_change_run15,adaptive,phase_change,493,1778307787.0368233,/big.txt,64487424,131072
375,375_adaptive_phase_change_run15,adaptive,phase_change,494,1778307787.039199,/big.txt,64618496,131072
375,375_adaptive_phase_change_run15,adaptive,phase_change,495,1778307787.0415926,/big.txt,64749568,131072
375,375_adaptive_phase_change_run15,adaptive,phase_change,496,1778307787.0440407,/big.txt,64880640,131072
375,375_adaptive_phase_change_run15,adaptive,phase_change,497,1778307787.046461,/big.txt,65011712,131072
375,375_adaptive_phase_change_run15,adaptive,phase_change,498,1778307787.0488658,/big.txt,65142784,131072
375,375_adaptive_phase_change_run15,adaptive,phase_change,499,1778307787.0513122,/big.txt,65273856,131072
375,375_adaptive_phase_change_run15,adaptive,phase_change,500,1778307787.0537457,/big.txt,65404928,131072
375,375_adaptive_phase_change_run15,adaptive,phase_change,501,1778307787.0562093,/big.txt,65536000,131072
375,375_adaptive_phase_change_run15,adaptive,phase_change,502,1778307787.0586362,/big.txt,65667072,131072
375,375_adaptive_phase_change_run15,adaptive,phase_change,503,1778307787.0610127,/big.txt,65798144,131072
375,375_adaptive_phase_change_run15,adaptive,phase_change,504,1778307787.0633876,/big.txt,65929216,131072
375,375_adaptive_phase_change_run15,adaptive,phase_change,505,1778307787.0657804,/big.txt,66060288,131072
375,375_adaptive_phase_change_run15,adaptive,phase_change,506,1778307787.0682232,/big.txt,66191360,131072
375,375_adaptive_phase_change_run15,adaptive,phase_change,507,1778307787.0706367,/big.txt,66322432,131072
375,375_adaptive_phase_change_run15,adaptive,phase_change,508,1778307787.073195,/big.txt,66453504,131072
375,375_adaptive_phase_change_run15,adaptive,phase_change,509,1778307787.0756097,/big.txt,66584576,131072
375,375_adaptive_phase_change_run15,adaptive,phase_change,510,1778307787.077995,/big.txt,66715648,131072
375,375_adaptive_phase_change_run15,adaptive,phase_change,511,1778307787.0804403,/big.txt,66846720,131072
375,375_adaptive_phase_change_run15,adaptive,phase_change,512,1778307787.0828571,/big.txt,66977792,131072
375,375_adaptive_phase_change_run15,adaptive,phase_change,513,1778307787.0852432,/big.txt,67108864,131072
375,375_adaptive_phase_change_run15,adaptive,phase_change,514,1778307787.087699,/big.txt,67239936,131072
375,375_adaptive_phase_change_run15,adaptive,phase_change,515,1778307787.0901108,/big.txt,67371008,131072
375,375_adaptive_phase_change_run15,adaptive,phase_change,516,1778307787.0925074,/big.txt,67502080,131072
375,375_adaptive_phase_change_run15,adaptive,phase_change,517,1778307787.0949118,/big.txt,67633152,131072
375,375_adaptive_phase_change_run15,adaptive,phase_change,518,1778307787.0972948,/big.txt,67764224,131072
375,375_adaptive_phase_change_run15,adaptive,phase_change,519,1778307787.0996838,/big.txt,67895296,131072
375,375_adaptive_phase_change_run15,adaptive,phase_change,520,1778307787.1020563,/big.txt,68026368,131072
375,375_adaptive_phase_change_run15,adaptive,phase_change,521,1778307787.1044624,/big.txt,68157440,131072
375,375_adaptive_phase_change_run15,adaptive,phase_change,522,1778307787.1069448,/big.txt,68288512,131072
375,375_adaptive_phase_change_run15,adaptive,phase_change,523,1778307787.109327,/big.txt,68419584,131072
375,375_adaptive_phase_change_run15,adaptive,phase_change,524,1778307787.1117334,/big.txt,68550656,131072
375,375_adaptive_phase_change_run15,adaptive,phase_change,525,1778307787.1141174,/big.txt,68681728,131072
375,375_adaptive_phase_change_run15,adaptive,phase_change,526,1778307787.116493,/big.txt,68812800,131072
375,375_adaptive_phase_change_run15,adaptive,phase_change,527,1778307787.1188731,/big.txt,68943872,131072
375,375_adaptive_phase_change_run15,adaptive,phase_change,528,1778307787.1212468,/big.txt,69074944,131072
375,375_adaptive_phase_change_run15,adaptive,phase_change,529,1778307787.1236544,/big.txt,69206016,131072
375,375_adaptive_phase_change_run15,adaptive,phase_change,530,1778307787.126029,/big.txt,69337088,131072
375,375_adaptive_phase_change_run15,adaptive,phase_change,531,1778307787.1284547,/big.txt,69468160,131072
375,375_adaptive_phase_change_run15,adaptive,phase_change,532,1778307787.1309237,/big.txt,69599232,131072
375,375_adaptive_phase_change_run15,adaptive,phase_change,533,1778307787.1333153,/big.txt,69730304,131072
375,375_adaptive_phase_change_run15,adaptive,phase_change,534,1778307787.1357172,/big.txt,69861376,131072
375,375_adaptive_phase_change_run15,adaptive,phase_change,535,1778307787.1381152,/big.txt,69992448,131072
375,375_adaptive_phase_change_run15,adaptive,phase_change,536,1778307787.140514,/big.txt,70123520,131072
375,375_adaptive_phase_change_run15,adaptive,phase_change,537,1778307787.1429043,/big.txt,70254592,131072
375,375_adaptive_phase_change_run15,adaptive,phase_change,538,1778307787.145297,/big.txt,70385664,131072
375,375_adaptive_phase_change_run15,adaptive,phase_change,539,1778307787.1477165,/big.txt,70516736,131072
375,375_adaptive_phase_change_run15,adaptive,phase_change,540,1778307787.1501372,/big.txt,70647808,131072
375,375_adaptive_phase_change_run15,adaptive,phase_change,541,1778307787.152568,/big.txt,70778880,131072
375,375_adaptive_phase_change_run15,adaptive,phase_change,542,1778307787.1550233,/big.txt,70909952,131072
375,375_adaptive_phase_change_run15,adaptive,phase_change,543,1778307787.1574345,/big.txt,71041024,131072
375,375_adaptive_phase_change_run15,adaptive,phase_change,544,1778307787.1598644,/big.txt,71172096,131072
375,375_adaptive_phase_change_run15,adaptive,phase_change,545,1778307787.1622756,/big.txt,71303168,131072
375,375_adaptive_phase_change_run15,adaptive,phase_change,546,1778307787.1646671,/big.txt,71434240,131072
375,375_adaptive_phase_change_run15,adaptive,phase_change,547,1778307787.16715,/big.txt,71565312,131072
375,375_adaptive_phase_change_run15,adaptive,phase_change,548,1778307787.1695304,/big.txt,71696384,131072
375,375_adaptive_phase_change_run15,adaptive,phase_change,549,1778307787.171933,/big.txt,71827456,131072
375,375_adaptive_phase_change_run15,adaptive,phase_change,550,1778307787.174326,/big.txt,71958528,131072
375,375_adaptive_phase_change_run15,adaptive,phase_change,551,1778307787.176711,/big.txt,72089600,131072
375,375_adaptive_phase_change_run15,adaptive,phase_change,552,1778307787.1790621,/big.txt,72220672,131072
375,375_adaptive_phase_change_run15,adaptive,phase_change,553,1778307787.1813054,/big.txt,72351744,131072
375,375_adaptive_phase_change_run15,adaptive,phase_change,554,1778307787.1835856,/big.txt,72482816,131072
375,375_adaptive_phase_change_run15,adaptive,phase_change,555,1778307787.1858284,/big.txt,72613888,131072
375,375_adaptive_phase_change_run15,adaptive,phase_change,556,1778307787.1880903,/big.txt,72744960,131072
375,375_adaptive_phase_change_run15,adaptive,phase_change,557,1778307787.190276,/big.txt,72876032,131072
375,375_adaptive_phase_change_run15,adaptive,phase_change,558,1778307787.192453,/big.txt,73007104,131072
375,375_adaptive_phase_change_run15,adaptive,phase_change,559,1778307787.194623,/big.txt,73138176,131072
375,375_adaptive_phase_change_run15,adaptive,phase_change,560,1778307787.1968107,/big.txt,73269248,131072
375,375_adaptive_phase_change_run15,adaptive,phase_change,561,1778307787.1990628,/big.txt,73400320,131072
375,375_adaptive_phase_change_run15,adaptive,phase_change,562,1778307787.2012498,/big.txt,73531392,131072
375,375_adaptive_phase_change_run15,adaptive,phase_change,563,1778307787.2034159,/big.txt,73662464,131072
375,375_adaptive_phase_change_run15,adaptive,phase_change,564,1778307787.2055793,/big.txt,73793536,131072
375,375_adaptive_phase_change_run15,adaptive,phase_change,565,1778307787.207791,/big.txt,73924608,131072
375,375_adaptive_phase_change_run15,adaptive,phase_change,566,1778307787.2099779,/big.txt,74055680,131072
375,375_adaptive_phase_change_run15,adaptive,phase_change,567,1778307787.2121556,/big.txt,74186752,131072
375,375_adaptive_phase_change_run15,adaptive,phase_change,568,1778307787.2143497,/big.txt,74317824,131072
375,375_adaptive_phase_change_run15,adaptive,phase_change,569,1778307787.216556,/big.txt,74448896,131072
375,375_adaptive_phase_change_run15,adaptive,phase_change,570,1778307787.2187536,/big.txt,74579968,131072
375,375_adaptive_phase_change_run15,adaptive,phase_change,571,1778307787.2210238,/big.txt,74711040,131072
375,375_adaptive_phase_change_run15,adaptive,phase_change,572,1778307787.2232003,/big.txt,74842112,131072
375,375_adaptive_phase_change_run15,adaptive,phase_change,573,1778307787.225372,/big.txt,74973184,131072
375,375_adaptive_phase_change_run15,adaptive,phase_change,574,1778307787.2275484,/big.txt,75104256,131072
375,375_adaptive_phase_change_run15,adaptive,phase_change,575,1778307787.2297215,/big.txt,75235328,131072
375,375_adaptive_phase_change_run15,adaptive,phase_change,576,1778307787.2319164,/big.txt,75366400,131072
375,375_adaptive_phase_change_run15,adaptive,phase_change,577,1778307787.2340834,/big.txt,75497472,131072
375,375_adaptive_phase_change_run15,adaptive,phase_change,578,1778307787.2363076,/big.txt,75628544,131072
375,375_adaptive_phase_change_run15,adaptive,phase_change,579,1778307787.238496,/big.txt,75759616,131072
375,375_adaptive_phase_change_run15,adaptive,phase_change,580,1778307787.2406485,/big.txt,75890688,131072
375,375_adaptive_phase_change_run15,adaptive,phase_change,581,1778307787.242835,/big.txt,76021760,131072
375,375_adaptive_phase_change_run15,adaptive,phase_change,582,1778307787.2450063,/big.txt,76152832,131072
375,375_adaptive_phase_change_run15,adaptive,phase_change,583,1778307787.247258,/big.txt,76283904,131072
375,375_adaptive_phase_change_run15,adaptive,phase_change,584,1778307787.2494287,/big.txt,76414976,131072
375,375_adaptive_phase_change_run15,adaptive,phase_change,585,1778307787.251622,/big.txt,76546048,131072
375,375_adaptive_phase_change_run15,adaptive,phase_change,586,1778307787.2537832,/big.txt,76677120,131072
375,375_adaptive_phase_change_run15,adaptive,phase_change,587,1778307787.2559679,/big.txt,76808192,131072
375,375_adaptive_phase_change_run15,adaptive,phase_change,588,1778307787.258137,/big.txt,76939264,131072
375,375_adaptive_phase_change_run15,adaptive,phase_change,589,1778307787.2603643,/big.txt,77070336,131072
375,375_adaptive_phase_change_run15,adaptive,phase_change,590,1778307787.2625484,/big.txt,77201408,131072
375,375_adaptive_phase_change_run15,adaptive,phase_change,591,1778307787.2647269,/big.txt,77332480,131072
375,375_adaptive_phase_change_run15,adaptive,phase_change,592,1778307787.266887,/big.txt,77463552,131072
375,375_adaptive_phase_change_run15,adaptive,phase_change,593,1778307787.2690709,/big.txt,77594624,131072
375,375_adaptive_phase_change_run15,adaptive,phase_change,594,1778307787.2712603,/big.txt,77725696,131072
375,375_adaptive_phase_change_run15,adaptive,phase_change,595,1778307787.2734487,/big.txt,77856768,131072
375,375_adaptive_phase_change_run15,adaptive,phase_change,596,1778307787.275637,/big.txt,77987840,131072
375,375_adaptive_phase_change_run15,adaptive,phase_change,597,1778307787.277794,/big.txt,78118912,131072
375,375_adaptive_phase_change_run15,adaptive,phase_change,598,1778307787.2799892,/big.txt,78249984,131072
375,375_adaptive_phase_change_run15,adaptive,phase_change,599,1778307787.2821512,/big.txt,78381056,131072
375,375_adaptive_phase_change_run15,adaptive,phase_change,600,1778307787.2843177,/big.txt,78512128,131072
375,375_adaptive_phase_change_run15,adaptive,phase_change,601,1778307787.2865038,/big.txt,78643200,131072
375,375_adaptive_phase_change_run15,adaptive,phase_change,602,1778307787.2886782,/big.txt,78774272,131072
375,375_adaptive_phase_change_run15,adaptive,phase_change,603,1778307787.290979,/big.txt,78905344,131072
375,375_adaptive_phase_change_run15,adaptive,phase_change,604,1778307787.2931576,/big.txt,79036416,131072
375,375_adaptive_phase_change_run15,adaptive,phase_change,605,1778307787.2953253,/big.txt,79167488,131072
375,375_adaptive_phase_change_run15,adaptive,phase_change,606,1778307787.2975006,/big.txt,79298560,131072
375,375_adaptive_phase_change_run15,adaptive,phase_change,607,1778307787.2996836,/big.txt,79429632,131072
375,375_adaptive_phase_change_run15,adaptive,phase_change,608,1778307787.3018625,/big.txt,79560704,131072
375,375_adaptive_phase_change_run15,adaptive,phase_change,609,1778307787.3041189,/big.txt,79691776,131072
375,375_adaptive_phase_change_run15,adaptive,phase_change,610,1778307787.3062918,/big.txt,79822848,131072
375,375_adaptive_phase_change_run15,adaptive,phase_change,611,1778307787.3085072,/big.txt,79953920,131072
375,375_adaptive_phase_change_run15,adaptive,phase_change,612,1778307787.3106742,/big.txt,80084992,131072
375,375_adaptive_phase_change_run15,adaptive,phase_change,613,1778307787.3129504,/big.txt,80216064,131072
375,375_adaptive_phase_change_run15,adaptive,phase_change,614,1778307787.3151333,/big.txt,80347136,131072
375,375_adaptive_phase_change_run15,adaptive,phase_change,615,1778307787.317306,/big.txt,80478208,131072
375,375_adaptive_phase_change_run15,adaptive,phase_change,616,1778307787.3194854,/big.txt,80609280,131072
375,375_adaptive_phase_change_run15,adaptive,phase_change,617,1778307787.3216681,/big.txt,80740352,131072
375,375_adaptive_phase_change_run15,adaptive,phase_change,618,1778307787.3238633,/big.txt,80871424,131072
375,375_adaptive_phase_change_run15,adaptive,phase_change,619,1778307787.3260365,/big.txt,81002496,131072
375,375_adaptive_phase_change_run15,adaptive,phase_change,620,1778307787.3282344,/big.txt,81133568,131072
375,375_adaptive_phase_change_run15,adaptive,phase_change,621,1778307787.3303988,/big.txt,81264640,131072
375,375_adaptive_phase_change_run15,adaptive,phase_change,622,1778307787.3325603,/big.txt,81395712,131072
375,375_adaptive_phase_change_run15,adaptive,phase_change,623,1778307787.3347325,/big.txt,81526784,131072
375,375_adaptive_phase_change_run15,adaptive,phase_change,624,1778307787.3369062,/big.txt,81657856,131072
375,375_adaptive_phase_change_run15,adaptive,phase_change,625,1778307787.3397233,/big.txt,81788928,131072
375,375_adaptive_phase_change_run15,adaptive,phase_change,626,1778307787.3441293,/big.txt,81920000,131072
375,375_adaptive_phase_change_run15,adaptive,phase_change,627,1778307787.3485327,/big.txt,82051072,131072
375,375_adaptive_phase_change_run15,adaptive,phase_change,628,1778307787.3514626,/big.txt,82182144,131072
375,375_adaptive_phase_change_run15,adaptive,phase_change,629,1778307787.3536253,/big.txt,82313216,131072
375,375_adaptive_phase_change_run15,adaptive,phase_change,630,1778307787.3558471,/big.txt,82444288,131072
375,375_adaptive_phase_change_run15,adaptive,phase_change,631,1778307787.3580716,/big.txt,82575360,131072
375,375_adaptive_phase_change_run15,adaptive,phase_change,632,1778307787.3602636,/big.txt,82706432,131072
375,375_adaptive_phase_change_run15,adaptive,phase_change,633,1778307787.3624384,/big.txt,82837504,131072
375,375_adaptive_phase_change_run15,adaptive,phase_change,634,1778307787.3646328,/big.txt,82968576,131072
375,375_adaptive_phase_change_run15,adaptive,phase_change,635,1778307787.3668504,/big.txt,83099648,131072
375,375_adaptive_phase_change_run15,adaptive,phase_change,636,1778307787.3690412,/big.txt,83230720,131072
375,375_adaptive_phase_change_run15,adaptive,phase_change,637,1778307787.3712647,/big.txt,83361792,131072
375,375_adaptive_phase_change_run15,adaptive,phase_change,638,1778307787.3734505,/big.txt,83492864,131072
375,375_adaptive_phase_change_run15,adaptive,phase_change,639,1778307787.3756268,/big.txt,83623936,131072
375,375_adaptive_phase_change_run15,adaptive,phase_change,640,1778307787.3778098,/big.txt,83755008,131072
375,375_adaptive_phase_change_run15,adaptive,phase_change,641,1778307787.3799887,/big.txt,83886080,131072
375,375_adaptive_phase_change_run15,adaptive,phase_change,642,1778307787.3821845,/big.txt,84017152,131072
375,375_adaptive_phase_change_run15,adaptive,phase_change,643,1778307787.3843927,/big.txt,84148224,131072
375,375_adaptive_phase_change_run15,adaptive,phase_change,644,1778307787.3865685,/big.txt,84279296,131072
375,375_adaptive_phase_change_run15,adaptive,phase_change,645,1778307787.3887486,/big.txt,84410368,131072
375,375_adaptive_phase_change_run15,adaptive,phase_change,646,1778307787.3909764,/big.txt,84541440,131072
375,375_adaptive_phase_change_run15,adaptive,phase_change,647,1778307787.3931646,/big.txt,84672512,131072
375,375_adaptive_phase_change_run15,adaptive,phase_change,648,1778307787.3954382,/big.txt,84803584,131072
375,375_adaptive_phase_change_run15,adaptive,phase_change,649,1778307787.397628,/big.txt,84934656,131072
375,375_adaptive_phase_change_run15,adaptive,phase_change,650,1778307787.3998675,/big.txt,85065728,131072
375,375_adaptive_phase_change_run15,adaptive,phase_change,651,1778307787.4021158,/big.txt,85196800,131072
375,375_adaptive_phase_change_run15,adaptive,phase_change,652,1778307787.4042983,/big.txt,85327872,131072
375,375_adaptive_phase_change_run15,adaptive,phase_change,653,1778307787.4064684,/big.txt,85458944,131072
375,375_adaptive_phase_change_run15,adaptive,phase_change,654,1778307787.4087849,/big.txt,85590016,131072
375,375_adaptive_phase_change_run15,adaptive,phase_change,655,1778307787.4109745,/big.txt,85721088,131072
375,375_adaptive_phase_change_run15,adaptive,phase_change,656,1778307787.4131455,/big.txt,85852160,131072
375,375_adaptive_phase_change_run15,adaptive,phase_change,657,1778307787.4153423,/big.txt,85983232,131072
375,375_adaptive_phase_change_run15,adaptive,phase_change,658,1778307787.4175224,/big.txt,86114304,131072
375,375_adaptive_phase_change_run15,adaptive,phase_change,659,1778307787.4197416,/big.txt,86245376,131072
375,375_adaptive_phase_change_run15,adaptive,phase_change,660,1778307787.4219096,/big.txt,86376448,131072
375,375_adaptive_phase_change_run15,adaptive,phase_change,661,1778307787.4240987,/big.txt,86507520,131072
375,375_adaptive_phase_change_run15,adaptive,phase_change,662,1778307787.4262786,/big.txt,86638592,131072
375,375_adaptive_phase_change_run15,adaptive,phase_change,663,1778307787.4284663,/big.txt,86769664,131072
375,375_adaptive_phase_change_run15,adaptive,phase_change,664,1778307787.4306297,/big.txt,86900736,131072
375,375_adaptive_phase_change_run15,adaptive,phase_change,665,1778307787.4328074,/big.txt,87031808,131072
375,375_adaptive_phase_change_run15,adaptive,phase_change,666,1778307787.435091,/big.txt,87162880,131072
375,375_adaptive_phase_change_run15,adaptive,phase_change,667,1778307787.43728,/big.txt,87293952,131072
375,375_adaptive_phase_change_run15,adaptive,phase_change,668,1778307787.4394717,/big.txt,87425024,131072
375,375_adaptive_phase_change_run15,adaptive,phase_change,669,1778307787.4416583,/big.txt,87556096,131072
375,375_adaptive_phase_change_run15,adaptive,phase_change,670,1778307787.4438508,/big.txt,87687168,131072
375,375_adaptive_phase_change_run15,adaptive,phase_change,671,1778307787.446023,/big.txt,87818240,131072
375,375_adaptive_phase_change_run15,adaptive,phase_change,672,1778307787.4482179,/big.txt,87949312,131072
375,375_adaptive_phase_change_run15,adaptive,phase_change,673,1778307787.4503899,/big.txt,88080384,131072
375,375_adaptive_phase_change_run15,adaptive,phase_change,674,1778307787.4525704,/big.txt,88211456,131072
375,375_adaptive_phase_change_run15,adaptive,phase_change,675,1778307787.454749,/big.txt,88342528,131072
375,375_adaptive_phase_change_run15,adaptive,phase_change,676,1778307787.457013,/big.txt,88473600,131072
375,375_adaptive_phase_change_run15,adaptive,phase_change,677,1778307787.4592068,/big.txt,88604672,131072
375,375_adaptive_phase_change_run15,adaptive,phase_change,678,1778307787.461378,/big.txt,88735744,131072
375,375_adaptive_phase_change_run15,adaptive,phase_change,679,1778307787.4635546,/big.txt,88866816,131072
375,375_adaptive_phase_change_run15,adaptive,phase_change,680,1778307787.4657342,/big.txt,88997888,131072
375,375_adaptive_phase_change_run15,adaptive,phase_change,681,1778307787.4679258,/big.txt,89128960,131072
375,375_adaptive_phase_change_run15,adaptive,phase_change,682,1778307787.4700959,/big.txt,89260032,131072
375,375_adaptive_phase_change_run15,adaptive,phase_change,683,1778307787.4722645,/big.txt,89391104,131072
375,375_adaptive_phase_change_run15,adaptive,phase_change,684,1778307787.4744532,/big.txt,89522176,131072
375,375_adaptive_phase_change_run15,adaptive,phase_change,685,1778307787.4766178,/big.txt,89653248,131072
375,375_adaptive_phase_change_run15,adaptive,phase_change,686,1778307787.4788544,/big.txt,89784320,131072
375,375_adaptive_phase_change_run15,adaptive,phase_change,687,1778307787.4810348,/big.txt,89915392,131072
375,375_adaptive_phase_change_run15,adaptive,phase_change,688,1778307787.4832313,/big.txt,90046464,131072
375,375_adaptive_phase_change_run15,adaptive,phase_change,689,1778307787.485388,/big.txt,90177536,131072
375,375_adaptive_phase_change_run15,adaptive,phase_change,690,1778307787.4875646,/big.txt,90308608,131072
375,375_adaptive_phase_change_run15,adaptive,phase_change,691,1778307787.4897227,/big.txt,90439680,131072
375,375_adaptive_phase_change_run15,adaptive,phase_change,692,1778307787.491928,/big.txt,90570752,131072
375,375_adaptive_phase_change_run15,adaptive,phase_change,693,1778307787.494135,/big.txt,90701824,131072
375,375_adaptive_phase_change_run15,adaptive,phase_change,694,1778307787.4963157,/big.txt,90832896,131072
375,375_adaptive_phase_change_run15,adaptive,phase_change,695,1778307787.4984927,/big.txt,90963968,131072
375,375_adaptive_phase_change_run15,adaptive,phase_change,696,1778307787.500713,/big.txt,91095040,131072
375,375_adaptive_phase_change_run15,adaptive,phase_change,697,1778307787.5029163,/big.txt,91226112,131072
375,375_adaptive_phase_change_run15,adaptive,phase_change,698,1778307787.5050874,/big.txt,91357184,131072
375,375_adaptive_phase_change_run15,adaptive,phase_change,699,1778307787.5087426,/big.txt,91488256,131072
375,375_adaptive_phase_change_run15,adaptive,phase_change,700,1778307787.513167,/big.txt,91619328,131072
375,375_adaptive_phase_change_run15,adaptive,phase_change,701,1778307787.5175636,/big.txt,91750400,131072
375,375_adaptive_phase_change_run15,adaptive,phase_change,702,1778307787.5198617,/big.txt,91881472,131072
375,375_adaptive_phase_change_run15,adaptive,phase_change,703,1778307787.5221138,/big.txt,92012544,131072
375,375_adaptive_phase_change_run15,adaptive,phase_change,704,1778307787.524375,/big.txt,92143616,131072
375,375_adaptive_phase_change_run15,adaptive,phase_change,705,1778307787.5265896,/big.txt,92274688,131072
375,375_adaptive_phase_change_run15,adaptive,phase_change,706,1778307787.5287786,/big.txt,92405760,131072
375,375_adaptive_phase_change_run15,adaptive,phase_change,707,1778307787.5310183,/big.txt,92536832,131072
375,375_adaptive_phase_change_run15,adaptive,phase_change,708,1778307787.5331838,/big.txt,92667904,131072
375,375_adaptive_phase_change_run15,adaptive,phase_change,709,1778307787.535365,/big.txt,92798976,131072
375,375_adaptive_phase_change_run15,adaptive,phase_change,710,1778307787.5375443,/big.txt,92930048,131072
375,375_adaptive_phase_change_run15,adaptive,phase_change,711,1778307787.5397396,/big.txt,93061120,131072
375,375_adaptive_phase_change_run15,adaptive,phase_change,712,1778307787.5419173,/big.txt,93192192,131072
375,375_adaptive_phase_change_run15,adaptive,phase_change,713,1778307787.544138,/big.txt,93323264,131072
375,375_adaptive_phase_change_run15,adaptive,phase_change,714,1778307787.5463328,/big.txt,93454336,131072
375,375_adaptive_phase_change_run15,adaptive,phase_change,715,1778307787.5485275,/big.txt,93585408,131072
375,375_adaptive_phase_change_run15,adaptive,phase_change,716,1778307787.5507147,/big.txt,93716480,131072
375,375_adaptive_phase_change_run15,adaptive,phase_change,717,1778307787.5529454,/big.txt,93847552,131072
375,375_adaptive_phase_change_run15,adaptive,phase_change,718,1778307787.555141,/big.txt,93978624,131072
375,375_adaptive_phase_change_run15,adaptive,phase_change,719,1778307787.5573578,/big.txt,94109696,131072
375,375_adaptive_phase_change_run15,adaptive,phase_change,720,1778307787.5596106,/big.txt,94240768,131072
375,375_adaptive_phase_change_run15,adaptive,phase_change,721,1778307787.561806,/big.txt,94371840,131072
375,375_adaptive_phase_change_run15,adaptive,phase_change,722,1778307787.5639882,/big.txt,94502912,131072
375,375_adaptive_phase_change_run15,adaptive,phase_change,723,1778307787.5661795,/big.txt,94633984,131072
375,375_adaptive_phase_change_run15,adaptive,phase_change,724,1778307787.5683742,/big.txt,94765056,131072
375,375_adaptive_phase_change_run15,adaptive,phase_change,725,1778307787.5705416,/big.txt,94896128,131072
375,375_adaptive_phase_change_run15,adaptive,phase_change,726,1778307787.5727322,/big.txt,95027200,131072
375,375_adaptive_phase_change_run15,adaptive,phase_change,727,1778307787.5749469,/big.txt,95158272,131072
375,375_adaptive_phase_change_run15,adaptive,phase_change,728,1778307787.577121,/big.txt,95289344,131072
375,375_adaptive_phase_change_run15,adaptive,phase_change,729,1778307787.5793617,/big.txt,95420416,131072
375,375_adaptive_phase_change_run15,adaptive,phase_change,730,1778307787.5815635,/big.txt,95551488,131072
375,375_adaptive_phase_change_run15,adaptive,phase_change,731,1778307787.5837772,/big.txt,95682560,131072
375,375_adaptive_phase_change_run15,adaptive,phase_change,732,1778307787.585977,/big.txt,95813632,131072
375,375_adaptive_phase_change_run15,adaptive,phase_change,733,1778307787.5881844,/big.txt,95944704,131072
375,375_adaptive_phase_change_run15,adaptive,phase_change,734,1778307787.5903683,/big.txt,96075776,131072
375,375_adaptive_phase_change_run15,adaptive,phase_change,735,1778307787.5925376,/big.txt,96206848,131072
375,375_adaptive_phase_change_run15,adaptive,phase_change,736,1778307787.5947223,/big.txt,96337920,131072
375,375_adaptive_phase_change_run15,adaptive,phase_change,737,1778307787.5969112,/big.txt,96468992,131072
375,375_adaptive_phase_change_run15,adaptive,phase_change,738,1778307787.5990973,/big.txt,96600064,131072
375,375_adaptive_phase_change_run15,adaptive,phase_change,739,1778307787.601297,/big.txt,96731136,131072
375,375_adaptive_phase_change_run15,adaptive,phase_change,740,1778307787.6034887,/big.txt,96862208,131072
375,375_adaptive_phase_change_run15,adaptive,phase_change,741,1778307787.605672,/big.txt,96993280,131072
375,375_adaptive_phase_change_run15,adaptive,phase_change,742,1778307787.6078742,/big.txt,97124352,131072
375,375_adaptive_phase_change_run15,adaptive,phase_change,743,1778307787.6100578,/big.txt,97255424,131072
375,375_adaptive_phase_change_run15,adaptive,phase_change,744,1778307787.6122622,/big.txt,97386496,131072
375,375_adaptive_phase_change_run15,adaptive,phase_change,745,1778307787.6144462,/big.txt,97517568,131072
375,375_adaptive_phase_change_run15,adaptive,phase_change,746,1778307787.6166213,/big.txt,97648640,131072
375,375_adaptive_phase_change_run15,adaptive,phase_change,747,1778307787.6190035,/big.txt,97779712,131072
375,375_adaptive_phase_change_run15,adaptive,phase_change,748,1778307787.6211762,/big.txt,97910784,131072
375,375_adaptive_phase_change_run15,adaptive,phase_change,749,1778307787.6233532,/big.txt,98041856,131072
375,375_adaptive_phase_change_run15,adaptive,phase_change,750,1778307787.625528,/big.txt,98172928,131072
375,375_adaptive_phase_change_run15,adaptive,phase_change,751,1778307787.6276813,/big.txt,98304000,131072
375,375_adaptive_phase_change_run15,adaptive,phase_change,752,1778307787.6298757,/big.txt,98435072,131072
375,375_adaptive_phase_change_run15,adaptive,phase_change,753,1778307787.6320868,/big.txt,98566144,131072
375,375_adaptive_phase_change_run15,adaptive,phase_change,754,1778307787.634278,/big.txt,98697216,131072
375,375_adaptive_phase_change_run15,adaptive,phase_change,755,1778307787.636463,/big.txt,98828288,131072
375,375_adaptive_phase_change_run15,adaptive,phase_change,756,1778307787.6386278,/big.txt,98959360,131072
375,375_adaptive_phase_change_run15,adaptive,phase_change,757,1778307787.6408148,/big.txt,99090432,131072
375,375_adaptive_phase_change_run15,adaptive,phase_change,758,1778307787.6429973,/big.txt,99221504,131072
375,375_adaptive_phase_change_run15,adaptive,phase_change,759,1778307787.6451855,/big.txt,99352576,131072
375,375_adaptive_phase_change_run15,adaptive,phase_change,760,1778307787.6473496,/big.txt,99483648,131072
375,375_adaptive_phase_change_run15,adaptive,phase_change,761,1778307787.6495316,/big.txt,99614720,131072
375,375_adaptive_phase_change_run15,adaptive,phase_change,762,1778307787.6517413,/big.txt,99745792,131072
375,375_adaptive_phase_change_run15,adaptive,phase_change,763,1778307787.6539276,/big.txt,99876864,131072
375,375_adaptive_phase_change_run15,adaptive,phase_change,764,1778307787.6561174,/big.txt,100007936,131072
375,375_adaptive_phase_change_run15,adaptive,phase_change,765,1778307787.6583035,/big.txt,100139008,131072
375,375_adaptive_phase_change_run15,adaptive,phase_change,766,1778307787.6605184,/big.txt,100270080,131072
375,375_adaptive_phase_change_run15,adaptive,phase_change,767,1778307787.6627057,/big.txt,100401152,131072
375,375_adaptive_phase_change_run15,adaptive,phase_change,768,1778307787.664903,/big.txt,100532224,131072
375,375_adaptive_phase_change_run15,adaptive,phase_change,769,1778307787.667666,/big.txt,100663296,131072
375,375_adaptive_phase_change_run15,adaptive,phase_change,770,1778307787.6720922,/big.txt,100794368,131072
375,375_adaptive_phase_change_run15,adaptive,phase_change,771,1778307787.6764827,/big.txt,100925440,131072
375,375_adaptive_phase_change_run15,adaptive,phase_change,772,1778307787.6794116,/big.txt,101056512,131072
375,375_adaptive_phase_change_run15,adaptive,phase_change,773,1778307787.6815064,/big.txt,101187584,131072
375,375_adaptive_phase_change_run15,adaptive,phase_change,774,1778307787.6836083,/big.txt,101318656,131072
375,375_adaptive_phase_change_run15,adaptive,phase_change,775,1778307787.685689,/big.txt,101449728,131072
375,375_adaptive_phase_change_run15,adaptive,phase_change,776,1778307787.6877723,/big.txt,101580800,131072
375,375_adaptive_phase_change_run15,adaptive,phase_change,777,1778307787.6898525,/big.txt,101711872,131072
375,375_adaptive_phase_change_run15,adaptive,phase_change,778,1778307787.6919503,/big.txt,101842944,131072
375,375_adaptive_phase_change_run15,adaptive,phase_change,779,1778307787.694056,/big.txt,101974016,131072
375,375_adaptive_phase_change_run15,adaptive,phase_change,780,1778307787.696168,/big.txt,102105088,131072
375,375_adaptive_phase_change_run15,adaptive,phase_change,781,1778307787.6982687,/big.txt,102236160,131072
375,375_adaptive_phase_change_run15,adaptive,phase_change,782,1778307787.7003572,/big.txt,102367232,131072
375,375_adaptive_phase_change_run15,adaptive,phase_change,783,1778307787.7024577,/big.txt,102498304,131072
375,375_adaptive_phase_change_run15,adaptive,phase_change,784,1778307787.7046168,/big.txt,102629376,131072
375,375_adaptive_phase_change_run15,adaptive,phase_change,785,1778307787.7067034,/big.txt,102760448,131072
375,375_adaptive_phase_change_run15,adaptive,phase_change,786,1778307787.7088015,/big.txt,102891520,131072
375,375_adaptive_phase_change_run15,adaptive,phase_change,787,1778307787.7109268,/big.txt,103022592,131072
375,375_adaptive_phase_change_run15,adaptive,phase_change,788,1778307787.713019,/big.txt,103153664,131072
375,375_adaptive_phase_change_run15,adaptive,phase_change,789,1778307787.7151966,/big.txt,103284736,131072
375,375_adaptive_phase_change_run15,adaptive,phase_change,790,1778307787.7172816,/big.txt,103415808,131072
375,375_adaptive_phase_change_run15,adaptive,phase_change,791,1778307787.7193751,/big.txt,103546880,131072
375,375_adaptive_phase_change_run15,adaptive,phase_change,792,1778307787.721464,/big.txt,103677952,131072
375,375_adaptive_phase_change_run15,adaptive,phase_change,793,1778307787.72366,/big.txt,103809024,131072
375,375_adaptive_phase_change_run15,adaptive,phase_change,794,1778307787.725767,/big.txt,103940096,131072
375,375_adaptive_phase_change_run15,adaptive,phase_change,795,1778307787.727866,/big.txt,104071168,131072
375,375_adaptive_phase_change_run15,adaptive,phase_change,796,1778307787.729956,/big.txt,104202240,131072
375,375_adaptive_phase_change_run15,adaptive,phase_change,797,1778307787.7320633,/big.txt,104333312,131072
375,375_adaptive_phase_change_run15,adaptive,phase_change,798,1778307787.7341688,/big.txt,104464384,131072
375,375_adaptive_phase_change_run15,adaptive,phase_change,799,1778307787.736274,/big.txt,104595456,131072
375,375_adaptive_phase_change_run15,adaptive,phase_change,800,1778307787.7383804,/big.txt,104726528,131072
375,375_adaptive_phase_change_run15,adaptive,phase_change,801,1778307787.738598,/big.txt,104857600,0
375,375_adaptive_phase_change_run15,adaptive,phase_change,802,1778307787.742378,/big.txt,20480,4096
375,375_adaptive_phase_change_run15,adaptive,phase_change,803,1778307787.74582,/big.txt,491520,4096
375,375_adaptive_phase_change_run15,adaptive,phase_change,804,1778307787.7493145,/big.txt,172032,4096
375,375_adaptive_phase_change_run15,adaptive,phase_change,805,1778307787.7527392,/big.txt,1228800,4096
375,375_adaptive_phase_change_run15,adaptive,phase_change,806,1778307787.7560976,/big.txt,69632,4096
375,375_adaptive_phase_change_run15,adaptive,phase_change,807,1778307787.7596643,/big.txt,1024000,4096
375,375_adaptive_phase_change_run15,adaptive,phase_change,808,1778307787.763125,/big.txt,360448,4096
375,375_adaptive_phase_change_run15,adaptive,phase_change,809,1778307787.7665315,/big.txt,778240,4096
375,375_adaptive_phase_change_run15,adaptive,phase_change,810,1778307787.7699516,/big.txt,245760,4096
375,375_adaptive_phase_change_run15,adaptive,phase_change,811,1778307787.773478,/big.txt,40960,4096
375,375_adaptive_phase_change_run15,adaptive,phase_change,812,1778307787.7770076,/big.txt,1363968,4096
375,375_adaptive_phase_change_run15,adaptive,phase_change,813,1778307787.78043,/big.txt,307200,4096
375,375_adaptive_phase_change_run15,adaptive,phase_change,814,1778307787.7839258,/big.txt,2097152,4096
375,375_adaptive_phase_change_run15,adaptive,phase_change,815,1778307787.7874253,/big.txt,819200,4096
375,375_adaptive_phase_change_run15,adaptive,phase_change,816,1778307787.7908366,/big.txt,1843200,4096
375,375_adaptive_phase_change_run15,adaptive,phase_change,817,1778307787.7942255,/big.txt,405504,4096
375,375_adaptive_phase_change_run15,adaptive,phase_change,818,1778307787.797714,/big.txt,2457600,4096
375,375_adaptive_phase_change_run15,adaptive,phase_change,819,1778307787.8012202,/big.txt,614400,4096
375,375_adaptive_phase_change_run15,adaptive,phase_change,820,1778307787.8046334,/big.txt,2949120,4096
375,375_adaptive_phase_change_run15,adaptive,phase_change,821,1778307787.8081448,/big.txt,1556480,4096
375,375_adaptive_phase_change_run15,adaptive,phase_change,822,1778307787.811664,/big.txt,102400,4096
375,375_adaptive_phase_change_run15,adaptive,phase_change,823,1778307787.81514,/big.txt,1966080,4096
375,375_adaptive_phase_change_run15,adaptive,phase_change,824,1778307787.8186245,/big.txt,2621440,4096
375,375_adaptive_phase_change_run15,adaptive,phase_change,825,1778307787.822025,/big.txt,225280,4096
375,375_adaptive_phase_change_run15,adaptive,phase_change,826,1778307787.8255768,/big.txt,3317760,4096
375,375_adaptive_phase_change_run15,adaptive,phase_change,827,1778307787.8290586,/big.txt,0,131072
375,375_adaptive_phase_change_run15,adaptive,phase_change,828,1778307787.8311913,/big.txt,131072,131072
375,375_adaptive_phase_change_run15,adaptive,phase_change,829,1778307787.8332596,/big.txt,262144,131072
375,375_adaptive_phase_change_run15,adaptive,phase_change,830,1778307787.8353736,/big.txt,393216,131072
375,375_adaptive_phase_change_run15,adaptive,phase_change,831,1778307787.8374393,/big.txt,524288,131072
375,375_adaptive_phase_change_run15,adaptive,phase_change,832,1778307787.839514,/big.txt,655360,131072
375,375_adaptive_phase_change_run15,adaptive,phase_change,833,1778307787.8416076,/big.txt,786432,131072
375,375_adaptive_phase_change_run15,adaptive,phase_change,834,1778307787.843691,/big.txt,917504,131072
375,375_adaptive_phase_change_run15,adaptive,phase_change,835,1778307787.845786,/big.txt,1048576,131072
375,375_adaptive_phase_change_run15,adaptive,phase_change,836,1778307787.8478732,/big.txt,1179648,131072
375,375_adaptive_phase_change_run15,adaptive,phase_change,837,1778307787.8499696,/big.txt,1310720,131072
375,375_adaptive_phase_change_run15,adaptive,phase_change,838,1778307787.8520803,/big.txt,1441792,131072
375,375_adaptive_phase_change_run15,adaptive,phase_change,839,1778307787.8541875,/big.txt,1572864,131072
375,375_adaptive_phase_change_run15,adaptive,phase_change,840,1778307787.8562913,/big.txt,1703936,131072
375,375_adaptive_phase_change_run15,adaptive,phase_change,841,1778307787.8583887,/big.txt,1835008,131072
375,375_adaptive_phase_change_run15,adaptive,phase_change,842,1778307787.860482,/big.txt,1966080,131072
375,375_adaptive_phase_change_run15,adaptive,phase_change,843,1778307787.8625712,/big.txt,2097152,131072
375,375_adaptive_phase_change_run15,adaptive,phase_change,844,1778307787.8646762,/big.txt,2228224,131072
375,375_adaptive_phase_change_run15,adaptive,phase_change,845,1778307787.8667655,/big.txt,2359296,131072
375,375_adaptive_phase_change_run15,adaptive,phase_change,846,1778307787.8689716,/big.txt,2490368,131072
375,375_adaptive_phase_change_run15,adaptive,phase_change,847,1778307787.8710694,/big.txt,2621440,131072
375,375_adaptive_phase_change_run15,adaptive,phase_change,848,1778307787.8731635,/big.txt,2752512,131072
375,375_adaptive_phase_change_run15,adaptive,phase_change,849,1778307787.875329,/big.txt,2883584,131072
375,375_adaptive_phase_change_run15,adaptive,phase_change,850,1778307787.8774173,/big.txt,3014656,131072
375,375_adaptive_phase_change_run15,adaptive,phase_change,851,1778307787.8795273,/big.txt,3145728,131072
375,375_adaptive_phase_change_run15,adaptive,phase_change,852,1778307787.8816202,/big.txt,3276800,131072
375,375_adaptive_phase_change_run15,adaptive,phase_change,853,1778307787.8837361,/big.txt,3407872,131072
375,375_adaptive_phase_change_run15,adaptive,phase_change,854,1778307787.8858652,/big.txt,3538944,131072
375,375_adaptive_phase_change_run15,adaptive,phase_change,855,1778307787.887977,/big.txt,3670016,131072
375,375_adaptive_phase_change_run15,adaptive,phase_change,856,1778307787.890082,/big.txt,3801088,131072
375,375_adaptive_phase_change_run15,adaptive,phase_change,857,1778307787.8921826,/big.txt,3932160,131072
375,375_adaptive_phase_change_run15,adaptive,phase_change,858,1778307787.8942754,/big.txt,4063232,131072
375,375_adaptive_phase_change_run15,adaptive,phase_change,859,1778307787.8963401,/big.txt,4194304,131072
375,375_adaptive_phase_change_run15,adaptive,phase_change,860,1778307787.8984196,/big.txt,4325376,131072
375,375_adaptive_phase_change_run15,adaptive,phase_change,861,1778307787.900504,/big.txt,4456448,131072
375,375_adaptive_phase_change_run15,adaptive,phase_change,862,1778307787.9025934,/big.txt,4587520,131072
375,375_adaptive_phase_change_run15,adaptive,phase_change,863,1778307787.9046721,/big.txt,4718592,131072
375,375_adaptive_phase_change_run15,adaptive,phase_change,864,1778307787.906744,/big.txt,4849664,131072
375,375_adaptive_phase_change_run15,adaptive,phase_change,865,1778307787.9088767,/big.txt,4980736,131072
375,375_adaptive_phase_change_run15,adaptive,phase_change,866,1778307787.9109573,/big.txt,5111808,131072
375,375_adaptive_phase_change_run15,adaptive,phase_change,867,1778307787.913047,/big.txt,5242880,131072
375,375_adaptive_phase_change_run15,adaptive,phase_change,868,1778307787.915132,/big.txt,5373952,131072
375,375_adaptive_phase_change_run15,adaptive,phase_change,869,1778307787.9172502,/big.txt,5505024,131072
375,375_adaptive_phase_change_run15,adaptive,phase_change,870,1778307787.919335,/big.txt,5636096,131072
375,375_adaptive_phase_change_run15,adaptive,phase_change,871,1778307787.9214306,/big.txt,5767168,131072
375,375_adaptive_phase_change_run15,adaptive,phase_change,872,1778307787.9236083,/big.txt,5898240,131072
375,375_adaptive_phase_change_run15,adaptive,phase_change,873,1778307787.925693,/big.txt,6029312,131072
375,375_adaptive_phase_change_run15,adaptive,phase_change,874,1778307787.927799,/big.txt,6160384,131072
375,375_adaptive_phase_change_run15,adaptive,phase_change,875,1778307787.9299054,/big.txt,6291456,131072
375,375_adaptive_phase_change_run15,adaptive,phase_change,876,1778307787.9319952,/big.txt,6422528,131072
375,375_adaptive_phase_change_run15,adaptive,phase_change,877,1778307787.9340804,/big.txt,6553600,131072
375,375_adaptive_phase_change_run15,adaptive,phase_change,878,1778307787.9361691,/big.txt,6684672,131072
375,375_adaptive_phase_change_run15,adaptive,phase_change,879,1778307787.938269,/big.txt,6815744,131072
375,375_adaptive_phase_change_run15,adaptive,phase_change,880,1778307787.9403663,/big.txt,6946816,131072
375,375_adaptive_phase_change_run15,adaptive,phase_change,881,1778307787.9424438,/big.txt,7077888,131072
375,375_adaptive_phase_change_run15,adaptive,phase_change,882,1778307787.94452,/big.txt,7208960,131072
375,375_adaptive_phase_change_run15,adaptive,phase_change,883,1778307787.9466078,/big.txt,7340032,131072
375,375_adaptive_phase_change_run15,adaptive,phase_change,884,1778307787.9486897,/big.txt,7471104,131072
375,375_adaptive_phase_change_run15,adaptive,phase_change,885,1778307787.9509099,/big.txt,7602176,131072
375,375_adaptive_phase_change_run15,adaptive,phase_change,886,1778307787.953023,/big.txt,7733248,131072
375,375_adaptive_phase_change_run15,adaptive,phase_change,887,1778307787.955131,/big.txt,7864320,131072
375,375_adaptive_phase_change_run15,adaptive,phase_change,888,1778307787.9572313,/big.txt,7995392,131072
375,375_adaptive_phase_change_run15,adaptive,phase_change,889,1778307787.9593773,/big.txt,8126464,131072
375,375_adaptive_phase_change_run15,adaptive,phase_change,890,1778307787.9614558,/big.txt,8257536,131072
375,375_adaptive_phase_change_run15,adaptive,phase_change,891,1778307787.9635477,/big.txt,8388608,131072
375,375_adaptive_phase_change_run15,adaptive,phase_change,892,1778307787.965642,/big.txt,8519680,131072
375,375_adaptive_phase_change_run15,adaptive,phase_change,893,1778307787.9677486,/big.txt,8650752,131072
375,375_adaptive_phase_change_run15,adaptive,phase_change,894,1778307787.9698868,/big.txt,8781824,131072
375,375_adaptive_phase_change_run15,adaptive,phase_change,895,1778307787.9719863,/big.txt,8912896,131072
375,375_adaptive_phase_change_run15,adaptive,phase_change,896,1778307787.9740918,/big.txt,9043968,131072
375,375_adaptive_phase_change_run15,adaptive,phase_change,897,1778307787.9761899,/big.txt,9175040,131072
375,375_adaptive_phase_change_run15,adaptive,phase_change,898,1778307787.9782944,/big.txt,9306112,131072
375,375_adaptive_phase_change_run15,adaptive,phase_change,899,1778307787.9803605,/big.txt,9437184,131072
375,375_adaptive_phase_change_run15,adaptive,phase_change,900,1778307787.9824347,/big.txt,9568256,131072
375,375_adaptive_phase_change_run15,adaptive,phase_change,901,1778307787.9845505,/big.txt,9699328,131072
375,375_adaptive_phase_change_run15,adaptive,phase_change,902,1778307787.986639,/big.txt,9830400,131072
375,375_adaptive_phase_change_run15,adaptive,phase_change,903,1778307787.9887383,/big.txt,9961472,131072
375,375_adaptive_phase_change_run15,adaptive,phase_change,904,1778307787.9908392,/big.txt,10092544,131072
375,375_adaptive_phase_change_run15,adaptive,phase_change,905,1778307787.9929323,/big.txt,10223616,131072
375,375_adaptive_phase_change_run15,adaptive,phase_change,906,1778307787.9954932,/big.txt,10354688,131072
375,375_adaptive_phase_change_run15,adaptive,phase_change,907,1778307787.999733,/big.txt,10485760,131072
375,375_adaptive_phase_change_run15,adaptive,phase_change,908,1778307788.0039768,/big.txt,10616832,131072
375,375_adaptive_phase_change_run15,adaptive,phase_change,909,1778307788.007194,/big.txt,10747904,131072
375,375_adaptive_phase_change_run15,adaptive,phase_change,910,1778307788.0092883,/big.txt,10878976,131072
375,375_adaptive_phase_change_run15,adaptive,phase_change,911,1778307788.0114489,/big.txt,11010048,131072
375,375_adaptive_phase_change_run15,adaptive,phase_change,912,1778307788.0135427,/big.txt,11141120,131072
375,375_adaptive_phase_change_run15,adaptive,phase_change,913,1778307788.0156503,/big.txt,11272192,131072
375,375_adaptive_phase_change_run15,adaptive,phase_change,914,1778307788.017758,/big.txt,11403264,131072
375,375_adaptive_phase_change_run15,adaptive,phase_change,915,1778307788.0198703,/big.txt,11534336,131072
375,375_adaptive_phase_change_run15,adaptive,phase_change,916,1778307788.0219736,/big.txt,11665408,131072
375,375_adaptive_phase_change_run15,adaptive,phase_change,917,1778307788.0241182,/big.txt,11796480,131072
375,375_adaptive_phase_change_run15,adaptive,phase_change,918,1778307788.0262315,/big.txt,11927552,131072
375,375_adaptive_phase_change_run15,adaptive,phase_change,919,1778307788.0283508,/big.txt,12058624,131072
375,375_adaptive_phase_change_run15,adaptive,phase_change,920,1778307788.0304492,/big.txt,12189696,131072
375,375_adaptive_phase_change_run15,adaptive,phase_change,921,1778307788.0325944,/big.txt,12320768,131072
375,375_adaptive_phase_change_run15,adaptive,phase_change,922,1778307788.034722,/big.txt,12451840,131072
375,375_adaptive_phase_change_run15,adaptive,phase_change,923,1778307788.0368075,/big.txt,12582912,131072
375,375_adaptive_phase_change_run15,adaptive,phase_change,924,1778307788.0389152,/big.txt,12713984,131072
375,375_adaptive_phase_change_run15,adaptive,phase_change,925,1778307788.041009,/big.txt,12845056,131072
375,375_adaptive_phase_change_run15,adaptive,phase_change,926,1778307788.0431697,/big.txt,12976128,131072
375,375_adaptive_phase_change_run15,adaptive,phase_change,927,1778307788.0452604,/big.txt,13107200,131072
375,375_adaptive_phase_change_run15,adaptive,phase_change,928,1778307788.0473742,/big.txt,13238272,131072
375,375_adaptive_phase_change_run15,adaptive,phase_change,929,1778307788.0494487,/big.txt,13369344,131072
375,375_adaptive_phase_change_run15,adaptive,phase_change,930,1778307788.0515695,/big.txt,13500416,131072
375,375_adaptive_phase_change_run15,adaptive,phase_change,931,1778307788.05365,/big.txt,13631488,131072
375,375_adaptive_phase_change_run15,adaptive,phase_change,932,1778307788.0557616,/big.txt,13762560,131072
375,375_adaptive_phase_change_run15,adaptive,phase_change,933,1778307788.0578735,/big.txt,13893632,131072
375,375_adaptive_phase_change_run15,adaptive,phase_change,934,1778307788.059985,/big.txt,14024704,131072
375,375_adaptive_phase_change_run15,adaptive,phase_change,935,1778307788.0620651,/big.txt,14155776,131072
375,375_adaptive_phase_change_run15,adaptive,phase_change,936,1778307788.064155,/big.txt,14286848,131072
375,375_adaptive_phase_change_run15,adaptive,phase_change,937,1778307788.0662422,/big.txt,14417920,131072
375,375_adaptive_phase_change_run15,adaptive,phase_change,938,1778307788.0683517,/big.txt,14548992,131072
375,375_adaptive_phase_change_run15,adaptive,phase_change,939,1778307788.0704277,/big.txt,14680064,131072
375,375_adaptive_phase_change_run15,adaptive,phase_change,940,1778307788.0724776,/big.txt,14811136,131072
375,375_adaptive_phase_change_run15,adaptive,phase_change,941,1778307788.0745704,/big.txt,14942208,131072
375,375_adaptive_phase_change_run15,adaptive,phase_change,942,1778307788.07667,/big.txt,15073280,131072
375,375_adaptive_phase_change_run15,adaptive,phase_change,943,1778307788.0787475,/big.txt,15204352,131072
375,375_adaptive_phase_change_run15,adaptive,phase_change,944,1778307788.0809307,/big.txt,15335424,131072
375,375_adaptive_phase_change_run15,adaptive,phase_change,945,1778307788.0830274,/big.txt,15466496,131072
375,375_adaptive_phase_change_run15,adaptive,phase_change,946,1778307788.0851054,/big.txt,15597568,131072
375,375_adaptive_phase_change_run15,adaptive,phase_change,947,1778307788.0872,/big.txt,15728640,131072
375,375_adaptive_phase_change_run15,adaptive,phase_change,948,1778307788.0893254,/big.txt,15859712,131072
375,375_adaptive_phase_change_run15,adaptive,phase_change,949,1778307788.0914283,/big.txt,15990784,131072
375,375_adaptive_phase_change_run15,adaptive,phase_change,950,1778307788.0935326,/big.txt,16121856,131072
375,375_adaptive_phase_change_run15,adaptive,phase_change,951,1778307788.0956318,/big.txt,16252928,131072
375,375_adaptive_phase_change_run15,adaptive,phase_change,952,1778307788.0977333,/big.txt,16384000,131072
375,375_adaptive_phase_change_run15,adaptive,phase_change,953,1778307788.09984,/big.txt,16515072,131072
375,375_adaptive_phase_change_run15,adaptive,phase_change,954,1778307788.1019483,/big.txt,16646144,131072
375,375_adaptive_phase_change_run15,adaptive,phase_change,955,1778307788.1040535,/big.txt,16777216,131072
375,375_adaptive_phase_change_run15,adaptive,phase_change,956,1778307788.1061323,/big.txt,16908288,131072
375,375_adaptive_phase_change_run15,adaptive,phase_change,957,1778307788.1082168,/big.txt,17039360,131072
375,375_adaptive_phase_change_run15,adaptive,phase_change,958,1778307788.1103048,/big.txt,17170432,131072
375,375_adaptive_phase_change_run15,adaptive,phase_change,959,1778307788.112419,/big.txt,17301504,131072
375,375_adaptive_phase_change_run15,adaptive,phase_change,960,1778307788.1145155,/big.txt,17432576,131072
375,375_adaptive_phase_change_run15,adaptive,phase_change,961,1778307788.1166165,/big.txt,17563648,131072
375,375_adaptive_phase_change_run15,adaptive,phase_change,962,1778307788.118724,/big.txt,17694720,131072
375,375_adaptive_phase_change_run15,adaptive,phase_change,963,1778307788.1208482,/big.txt,17825792,131072
375,375_adaptive_phase_change_run15,adaptive,phase_change,964,1778307788.1229286,/big.txt,17956864,131072
375,375_adaptive_phase_change_run15,adaptive,phase_change,965,1778307788.1250281,/big.txt,18087936,131072
375,375_adaptive_phase_change_run15,adaptive,phase_change,966,1778307788.1271281,/big.txt,18219008,131072
375,375_adaptive_phase_change_run15,adaptive,phase_change,967,1778307788.129228,/big.txt,18350080,131072
375,375_adaptive_phase_change_run15,adaptive,phase_change,968,1778307788.1314116,/big.txt,18481152,131072
375,375_adaptive_phase_change_run15,adaptive,phase_change,969,1778307788.133519,/big.txt,18612224,131072
375,375_adaptive_phase_change_run15,adaptive,phase_change,970,1778307788.1356227,/big.txt,18743296,131072
375,375_adaptive_phase_change_run15,adaptive,phase_change,971,1778307788.137717,/big.txt,18874368,131072
375,375_adaptive_phase_change_run15,adaptive,phase_change,972,1778307788.1398132,/big.txt,19005440,131072
375,375_adaptive_phase_change_run15,adaptive,phase_change,973,1778307788.1419191,/big.txt,19136512,131072
375,375_adaptive_phase_change_run15,adaptive,phase_change,974,1778307788.144043,/big.txt,19267584,131072
375,375_adaptive_phase_change_run15,adaptive,phase_change,975,1778307788.146167,/big.txt,19398656,131072
375,375_adaptive_phase_change_run15,adaptive,phase_change,976,1778307788.1482646,/big.txt,19529728,131072
375,375_adaptive_phase_change_run15,adaptive,phase_change,977,1778307788.1503618,/big.txt,19660800,131072
375,375_adaptive_phase_change_run15,adaptive,phase_change,978,1778307788.1524768,/big.txt,19791872,131072
375,375_adaptive_phase_change_run15,adaptive,phase_change,979,1778307788.1545744,/big.txt,19922944,131072
375,375_adaptive_phase_change_run15,adaptive,phase_change,980,1778307788.156677,/big.txt,20054016,131072
375,375_adaptive_phase_change_run15,adaptive,phase_change,981,1778307788.158834,/big.txt,20185088,131072
375,375_adaptive_phase_change_run15,adaptive,phase_change,982,1778307788.1631162,/big.txt,20316160,131072
375,375_adaptive_phase_change_run15,adaptive,phase_change,983,1778307788.1673458,/big.txt,20447232,131072
375,375_adaptive_phase_change_run15,adaptive,phase_change,984,1778307788.171203,/big.txt,20578304,131072
375,375_adaptive_phase_change_run15,adaptive,phase_change,985,1778307788.1733031,/big.txt,20709376,131072
375,375_adaptive_phase_change_run15,adaptive,phase_change,986,1778307788.175411,/big.txt,20840448,131072
375,375_adaptive_phase_change_run15,adaptive,phase_change,987,1778307788.1775098,/big.txt,20971520,131072
375,375_adaptive_phase_change_run15,adaptive,phase_change,988,1778307788.1796336,/big.txt,21102592,131072
375,375_adaptive_phase_change_run15,adaptive,phase_change,989,1778307788.1817222,/big.txt,21233664,131072
375,375_adaptive_phase_change_run15,adaptive,phase_change,990,1778307788.183853,/big.txt,21364736,131072
375,375_adaptive_phase_change_run15,adaptive,phase_change,991,1778307788.18596,/big.txt,21495808,131072
375,375_adaptive_phase_change_run15,adaptive,phase_change,992,1778307788.1880772,/big.txt,21626880,131072
375,375_adaptive_phase_change_run15,adaptive,phase_change,993,1778307788.1901798,/big.txt,21757952,131072
375,375_adaptive_phase_change_run15,adaptive,phase_change,994,1778307788.1922734,/big.txt,21889024,131072
375,375_adaptive_phase_change_run15,adaptive,phase_change,995,1778307788.194377,/big.txt,22020096,131072
375,375_adaptive_phase_change_run15,adaptive,phase_change,996,1778307788.1964908,/big.txt,22151168,131072
375,375_adaptive_phase_change_run15,adaptive,phase_change,997,1778307788.1985846,/big.txt,22282240,131072
375,375_adaptive_phase_change_run15,adaptive,phase_change,998,1778307788.200718,/big.txt,22413312,131072
375,375_adaptive_phase_change_run15,adaptive,phase_change,999,1778307788.2029057,/big.txt,22544384,131072
375,375_adaptive_phase_change_run15,adaptive,phase_change,1000,1778307788.2050061,/big.txt,22675456,131072
375,375_adaptive_phase_change_run15,adaptive,phase_change,1001,1778307788.2071207,/big.txt,22806528,131072
375,375_adaptive_phase_change_run15,adaptive,phase_change,1002,1778307788.209238,/big.txt,22937600,131072
375,375_adaptive_phase_change_run15,adaptive,phase_change,1003,1778307788.211354,/big.txt,23068672,131072
375,375_adaptive_phase_change_run15,adaptive,phase_change,1004,1778307788.213458,/big.txt,23199744,131072
375,375_adaptive_phase_change_run15,adaptive,phase_change,1005,1778307788.215574,/big.txt,23330816,131072
375,375_adaptive_phase_change_run15,adaptive,phase_change,1006,1778307788.217662,/big.txt,23461888,131072
375,375_adaptive_phase_change_run15,adaptive,phase_change,1007,1778307788.219757,/big.txt,23592960,131072
375,375_adaptive_phase_change_run15,adaptive,phase_change,1008,1778307788.221866,/big.txt,23724032,131072
375,375_adaptive_phase_change_run15,adaptive,phase_change,1009,1778307788.2240005,/big.txt,23855104,131072
375,375_adaptive_phase_change_run15,adaptive,phase_change,1010,1778307788.2261174,/big.txt,23986176,131072
375,375_adaptive_phase_change_run15,adaptive,phase_change,1011,1778307788.2282083,/big.txt,24117248,131072
375,375_adaptive_phase_change_run15,adaptive,phase_change,1012,1778307788.230296,/big.txt,24248320,131072
375,375_adaptive_phase_change_run15,adaptive,phase_change,1013,1778307788.2324271,/big.txt,24379392,131072
375,375_adaptive_phase_change_run15,adaptive,phase_change,1014,1778307788.2345314,/big.txt,24510464,131072
375,375_adaptive_phase_change_run15,adaptive,phase_change,1015,1778307788.2366693,/big.txt,24641536,131072
375,375_adaptive_phase_change_run15,adaptive,phase_change,1016,1778307788.2387862,/big.txt,24772608,131072
375,375_adaptive_phase_change_run15,adaptive,phase_change,1017,1778307788.2408888,/big.txt,24903680,131072
375,375_adaptive_phase_change_run15,adaptive,phase_change,1018,1778307788.243085,/big.txt,25034752,131072
375,375_adaptive_phase_change_run15,adaptive,phase_change,1019,1778307788.245183,/big.txt,25165824,131072
375,375_adaptive_phase_change_run15,adaptive,phase_change,1020,1778307788.2472823,/big.txt,25296896,131072
375,375_adaptive_phase_change_run15,adaptive,phase_change,1021,1778307788.2493632,/big.txt,25427968,131072
375,375_adaptive_phase_change_run15,adaptive,phase_change,1022,1778307788.2516003,/big.txt,25559040,131072
375,375_adaptive_phase_change_run15,adaptive,phase_change,1023,1778307788.2536886,/big.txt,25690112,131072
375,375_adaptive_phase_change_run15,adaptive,phase_change,1024,1778307788.25583,/big.txt,25821184,131072
375,375_adaptive_phase_change_run15,adaptive,phase_change,1025,1778307788.2579372,/big.txt,25952256,131072
375,375_adaptive_phase_change_run15,adaptive,phase_change,1026,1778307788.2600348,/big.txt,26083328,131072
375,375_adaptive_phase_change_run15,adaptive,phase_change,1027,1778307788.262137,/big.txt,26214400,131072
375,375_adaptive_phase_change_run15,adaptive,phase_change,1028,1778307788.2642422,/big.txt,26345472,131072
375,375_adaptive_phase_change_run15,adaptive,phase_change,1029,1778307788.2663457,/big.txt,26476544,131072
375,375_adaptive_phase_change_run15,adaptive,phase_change,1030,1778307788.2684398,/big.txt,26607616,131072
375,375_adaptive_phase_change_run15,adaptive,phase_change,1031,1778307788.2705362,/big.txt,26738688,131072
375,375_adaptive_phase_change_run15,adaptive,phase_change,1032,1778307788.2726157,/big.txt,26869760,131072
375,375_adaptive_phase_change_run15,adaptive,phase_change,1033,1778307788.2747028,/big.txt,27000832,131072
375,375_adaptive_phase_change_run15,adaptive,phase_change,1034,1778307788.2768795,/big.txt,27131904,131072
375,375_adaptive_phase_change_run15,adaptive,phase_change,1035,1778307788.2789824,/big.txt,27262976,131072
375,375_adaptive_phase_change_run15,adaptive,phase_change,1036,1778307788.2810571,/big.txt,27394048,131072
375,375_adaptive_phase_change_run15,adaptive,phase_change,1037,1778307788.2832568,/big.txt,27525120,131072
375,375_adaptive_phase_change_run15,adaptive,phase_change,1038,1778307788.2853458,/big.txt,27656192,131072
375,375_adaptive_phase_change_run15,adaptive,phase_change,1039,1778307788.2874773,/big.txt,27787264,131072
375,375_adaptive_phase_change_run15,adaptive,phase_change,1040,1778307788.289578,/big.txt,27918336,131072
375,375_adaptive_phase_change_run15,adaptive,phase_change,1041,1778307788.2916996,/big.txt,28049408,131072
375,375_adaptive_phase_change_run15,adaptive,phase_change,1042,1778307788.2937875,/big.txt,28180480,131072
375,375_adaptive_phase_change_run15,adaptive,phase_change,1043,1778307788.2959,/big.txt,28311552,131072
375,375_adaptive_phase_change_run15,adaptive,phase_change,1044,1778307788.2980044,/big.txt,28442624,131072
375,375_adaptive_phase_change_run15,adaptive,phase_change,1045,1778307788.300132,/big.txt,28573696,131072
375,375_adaptive_phase_change_run15,adaptive,phase_change,1046,1778307788.3022208,/big.txt,28704768,131072
375,375_adaptive_phase_change_run15,adaptive,phase_change,1047,1778307788.3043122,/big.txt,28835840,131072
375,375_adaptive_phase_change_run15,adaptive,phase_change,1048,1778307788.3063986,/big.txt,28966912,131072
375,375_adaptive_phase_change_run15,adaptive,phase_change,1049,1778307788.3084953,/big.txt,29097984,131072
375,375_adaptive_phase_change_run15,adaptive,phase_change,1050,1778307788.3105903,/big.txt,29229056,131072
375,375_adaptive_phase_change_run15,adaptive,phase_change,1051,1778307788.312681,/big.txt,29360128,131072
375,375_adaptive_phase_change_run15,adaptive,phase_change,1052,1778307788.3148437,/big.txt,29491200,131072
375,375_adaptive_phase_change_run15,adaptive,phase_change,1053,1778307788.3169427,/big.txt,29622272,131072
375,375_adaptive_phase_change_run15,adaptive,phase_change,1054,1778307788.319058,/big.txt,29753344,131072
375,375_adaptive_phase_change_run15,adaptive,phase_change,1055,1778307788.321144,/big.txt,29884416,131072
375,375_adaptive_phase_change_run15,adaptive,phase_change,1056,1778307788.3233979,/big.txt,30015488,131072
375,375_adaptive_phase_change_run15,adaptive,phase_change,1057,1778307788.3254826,/big.txt,30146560,131072
375,375_adaptive_phase_change_run15,adaptive,phase_change,1058,1778307788.3275807,/big.txt,30277632,131072
375,375_adaptive_phase_change_run15,adaptive,phase_change,1059,1778307788.329597,/big.txt,30408704,131072
375,375_adaptive_phase_change_run15,adaptive,phase_change,1060,1778307788.3316538,/big.txt,30539776,131072
375,375_adaptive_phase_change_run15,adaptive,phase_change,1061,1778307788.3336957,/big.txt,30670848,131072
375,375_adaptive_phase_change_run15,adaptive,phase_change,1062,1778307788.3357193,/big.txt,30801920,131072
375,375_adaptive_phase_change_run15,adaptive,phase_change,1063,1778307788.3377645,/big.txt,30932992,131072
375,375_adaptive_phase_change_run15,adaptive,phase_change,1064,1778307788.3397894,/big.txt,31064064,131072
375,375_adaptive_phase_change_run15,adaptive,phase_change,1065,1778307788.3418088,/big.txt,31195136,131072
375,375_adaptive_phase_change_run15,adaptive,phase_change,1066,1778307788.34383,/big.txt,31326208,131072
375,375_adaptive_phase_change_run15,adaptive,phase_change,1067,1778307788.3458412,/big.txt,31457280,131072
375,375_adaptive_phase_change_run15,adaptive,phase_change,1068,1778307788.3478477,/big.txt,31588352,131072
375,375_adaptive_phase_change_run15,adaptive,phase_change,1069,1778307788.3498511,/big.txt,31719424,131072
375,375_adaptive_phase_change_run15,adaptive,phase_change,1070,1778307788.351876,/big.txt,31850496,131072
375,375_adaptive_phase_change_run15,adaptive,phase_change,1071,1778307788.3538814,/big.txt,31981568,131072
375,375_adaptive_phase_change_run15,adaptive,phase_change,1072,1778307788.355891,/big.txt,32112640,131072
375,375_adaptive_phase_change_run15,adaptive,phase_change,1073,1778307788.357901,/big.txt,32243712,131072
375,375_adaptive_phase_change_run15,adaptive,phase_change,1074,1778307788.3599248,/big.txt,32374784,131072
375,375_adaptive_phase_change_run15,adaptive,phase_change,1075,1778307788.36194,/big.txt,32505856,131072
375,375_adaptive_phase_change_run15,adaptive,phase_change,1076,1778307788.3639324,/big.txt,32636928,131072
375,375_adaptive_phase_change_run15,adaptive,phase_change,1077,1778307788.3659534,/big.txt,32768000,131072
375,375_adaptive_phase_change_run15,adaptive,phase_change,1078,1778307788.3680053,/big.txt,32899072,131072
375,375_adaptive_phase_change_run15,adaptive,phase_change,1079,1778307788.370024,/big.txt,33030144,131072
375,375_adaptive_phase_change_run15,adaptive,phase_change,1080,1778307788.372051,/big.txt,33161216,131072
375,375_adaptive_phase_change_run15,adaptive,phase_change,1081,1778307788.3740551,/big.txt,33292288,131072
375,375_adaptive_phase_change_run15,adaptive,phase_change,1082,1778307788.3760839,/big.txt,33423360,131072
375,375_adaptive_phase_change_run15,adaptive,phase_change,1083,1778307788.3780882,/big.txt,33554432,131072
375,375_adaptive_phase_change_run15,adaptive,phase_change,1084,1778307788.380122,/big.txt,33685504,131072
375,375_adaptive_phase_change_run15,adaptive,phase_change,1085,1778307788.382144,/big.txt,33816576,131072
375,375_adaptive_phase_change_run15,adaptive,phase_change,1086,1778307788.3841755,/big.txt,33947648,131072
375,375_adaptive_phase_change_run15,adaptive,phase_change,1087,1778307788.3862019,/big.txt,34078720,131072
375,375_adaptive_phase_change_run15,adaptive,phase_change,1088,1778307788.38823,/big.txt,34209792,131072
375,375_adaptive_phase_change_run15,adaptive,phase_change,1089,1778307788.3902545,/big.txt,34340864,131072
375,375_adaptive_phase_change_run15,adaptive,phase_change,1090,1778307788.3922915,/big.txt,34471936,131072
375,375_adaptive_phase_change_run15,adaptive,phase_change,1091,1778307788.3943012,/big.txt,34603008,131072
375,375_adaptive_phase_change_run15,adaptive,phase_change,1092,1778307788.3963075,/big.txt,34734080,131072
375,375_adaptive_phase_change_run15,adaptive,phase_change,1093,1778307788.3983212,/big.txt,34865152,131072
375,375_adaptive_phase_change_run15,adaptive,phase_change,1094,1778307788.4003665,/big.txt,34996224,131072
375,375_adaptive_phase_change_run15,adaptive,phase_change,1095,1778307788.4023614,/big.txt,35127296,131072
375,375_adaptive_phase_change_run15,adaptive,phase_change,1096,1778307788.4043567,/big.txt,35258368,131072
375,375_adaptive_phase_change_run15,adaptive,phase_change,1097,1778307788.406367,/big.txt,35389440,131072
375,375_adaptive_phase_change_run15,adaptive,phase_change,1098,1778307788.408382,/big.txt,35520512,131072
375,375_adaptive_phase_change_run15,adaptive,phase_change,1099,1778307788.4103775,/big.txt,35651584,131072
375,375_adaptive_phase_change_run15,adaptive,phase_change,1100,1778307788.4123716,/big.txt,35782656,131072
375,375_adaptive_phase_change_run15,adaptive,phase_change,1101,1778307788.4143705,/big.txt,35913728,131072
375,375_adaptive_phase_change_run15,adaptive,phase_change,1102,1778307788.4163966,/big.txt,36044800,131072
375,375_adaptive_phase_change_run15,adaptive,phase_change,1103,1778307788.4183981,/big.txt,36175872,131072
375,375_adaptive_phase_change_run15,adaptive,phase_change,1104,1778307788.4204087,/big.txt,36306944,131072
375,375_adaptive_phase_change_run15,adaptive,phase_change,1105,1778307788.4224193,/big.txt,36438016,131072
375,375_adaptive_phase_change_run15,adaptive,phase_change,1106,1778307788.4244447,/big.txt,36569088,131072
375,375_adaptive_phase_change_run15,adaptive,phase_change,1107,1778307788.426454,/big.txt,36700160,131072
375,375_adaptive_phase_change_run15,adaptive,phase_change,1108,1778307788.428417,/big.txt,36831232,131072
375,375_adaptive_phase_change_run15,adaptive,phase_change,1109,1778307788.4304223,/big.txt,36962304,131072
375,375_adaptive_phase_change_run15,adaptive,phase_change,1110,1778307788.432458,/big.txt,37093376,131072
375,375_adaptive_phase_change_run15,adaptive,phase_change,1111,1778307788.4344728,/big.txt,37224448,131072
375,375_adaptive_phase_change_run15,adaptive,phase_change,1112,1778307788.4364493,/big.txt,37355520,131072
375,375_adaptive_phase_change_run15,adaptive,phase_change,1113,1778307788.438466,/big.txt,37486592,131072
375,375_adaptive_phase_change_run15,adaptive,phase_change,1114,1778307788.4425,/big.txt,37617664,131072
375,375_adaptive_phase_change_run15,adaptive,phase_change,1115,1778307788.4465613,/big.txt,37748736,131072
375,375_adaptive_phase_change_run15,adaptive,phase_change,1116,1778307788.4506342,/big.txt,37879808,131072
375,375_adaptive_phase_change_run15,adaptive,phase_change,1117,1778307788.4526672,/big.txt,38010880,131072
375,375_adaptive_phase_change_run15,adaptive,phase_change,1118,1778307788.4546592,/big.txt,38141952,131072
375,375_adaptive_phase_change_run15,adaptive,phase_change,1119,1778307788.4566808,/big.txt,38273024,131072
375,375_adaptive_phase_change_run15,adaptive,phase_change,1120,1778307788.4586754,/big.txt,38404096,131072
375,375_adaptive_phase_change_run15,adaptive,phase_change,1121,1778307788.4606614,/big.txt,38535168,131072
375,375_adaptive_phase_change_run15,adaptive,phase_change,1122,1778307788.4626863,/big.txt,38666240,131072
375,375_adaptive_phase_change_run15,adaptive,phase_change,1123,1778307788.4647114,/big.txt,38797312,131072
375,375_adaptive_phase_change_run15,adaptive,phase_change,1124,1778307788.4667137,/big.txt,38928384,131072
375,375_adaptive_phase_change_run15,adaptive,phase_change,1125,1778307788.4687972,/big.txt,39059456,131072
375,375_adaptive_phase_change_run15,adaptive,phase_change,1126,1778307788.4707997,/big.txt,39190528,131072
375,375_adaptive_phase_change_run15,adaptive,phase_change,1127,1778307788.4728076,/big.txt,39321600,131072
375,375_adaptive_phase_change_run15,adaptive,phase_change,1128,1778307788.4748285,/big.txt,39452672,131072
375,375_adaptive_phase_change_run15,adaptive,phase_change,1129,1778307788.4768295,/big.txt,39583744,131072
375,375_adaptive_phase_change_run15,adaptive,phase_change,1130,1778307788.4788423,/big.txt,39714816,131072
375,375_adaptive_phase_change_run15,adaptive,phase_change,1131,1778307788.4808562,/big.txt,39845888,131072
375,375_adaptive_phase_change_run15,adaptive,phase_change,1132,1778307788.4828944,/big.txt,39976960,131072
375,375_adaptive_phase_change_run15,adaptive,phase_change,1133,1778307788.484899,/big.txt,40108032,131072
375,375_adaptive_phase_change_run15,adaptive,phase_change,1134,1778307788.4869106,/big.txt,40239104,131072
375,375_adaptive_phase_change_run15,adaptive,phase_change,1135,1778307788.4889083,/big.txt,40370176,131072
375,375_adaptive_phase_change_run15,adaptive,phase_change,1136,1778307788.4909112,/big.txt,40501248,131072
375,375_adaptive_phase_change_run15,adaptive,phase_change,1137,1778307788.4929214,/big.txt,40632320,131072
375,375_adaptive_phase_change_run15,adaptive,phase_change,1138,1778307788.4949725,/big.txt,40763392,131072
375,375_adaptive_phase_change_run15,adaptive,phase_change,1139,1778307788.4969945,/big.txt,40894464,131072
375,375_adaptive_phase_change_run15,adaptive,phase_change,1140,1778307788.499086,/big.txt,41025536,131072
375,375_adaptive_phase_change_run15,adaptive,phase_change,1141,1778307788.5010939,/big.txt,41156608,131072
375,375_adaptive_phase_change_run15,adaptive,phase_change,1142,1778307788.503128,/big.txt,41287680,131072
375,375_adaptive_phase_change_run15,adaptive,phase_change,1143,1778307788.5051289,/big.txt,41418752,131072
375,375_adaptive_phase_change_run15,adaptive,phase_change,1144,1778307788.5071452,/big.txt,41549824,131072
375,375_adaptive_phase_change_run15,adaptive,phase_change,1145,1778307788.5091393,/big.txt,41680896,131072
375,375_adaptive_phase_change_run15,adaptive,phase_change,1146,1778307788.511139,/big.txt,41811968,131072
375,375_adaptive_phase_change_run15,adaptive,phase_change,1147,1778307788.5131588,/big.txt,41943040,131072
375,375_adaptive_phase_change_run15,adaptive,phase_change,1148,1778307788.5152848,/big.txt,42074112,131072
375,375_adaptive_phase_change_run15,adaptive,phase_change,1149,1778307788.5172935,/big.txt,42205184,131072
375,375_adaptive_phase_change_run15,adaptive,phase_change,1150,1778307788.5193126,/big.txt,42336256,131072
375,375_adaptive_phase_change_run15,adaptive,phase_change,1151,1778307788.521325,/big.txt,42467328,131072
375,375_adaptive_phase_change_run15,adaptive,phase_change,1152,1778307788.5233467,/big.txt,42598400,131072
375,375_adaptive_phase_change_run15,adaptive,phase_change,1153,1778307788.5253644,/big.txt,42729472,131072
375,375_adaptive_phase_change_run15,adaptive,phase_change,1154,1778307788.5273683,/big.txt,42860544,131072
375,375_adaptive_phase_change_run15,adaptive,phase_change,1155,1778307788.5293868,/big.txt,42991616,131072
375,375_adaptive_phase_change_run15,adaptive,phase_change,1156,1778307788.5315025,/big.txt,43122688,131072
375,375_adaptive_phase_change_run15,adaptive,phase_change,1157,1778307788.5335019,/big.txt,43253760,131072
375,375_adaptive_phase_change_run15,adaptive,phase_change,1158,1778307788.5355392,/big.txt,43384832,131072
375,375_adaptive_phase_change_run15,adaptive,phase_change,1159,1778307788.5375335,/big.txt,43515904,131072
375,375_adaptive_phase_change_run15,adaptive,phase_change,1160,1778307788.5395355,/big.txt,43646976,131072
375,375_adaptive_phase_change_run15,adaptive,phase_change,1161,1778307788.5415306,/big.txt,43778048,131072
375,375_adaptive_phase_change_run15,adaptive,phase_change,1162,1778307788.5435612,/big.txt,43909120,131072
375,375_adaptive_phase_change_run15,adaptive,phase_change,1163,1778307788.545567,/big.txt,44040192,131072
375,375_adaptive_phase_change_run15,adaptive,phase_change,1164,1778307788.547591,/big.txt,44171264,131072
375,375_adaptive_phase_change_run15,adaptive,phase_change,1165,1778307788.5496042,/big.txt,44302336,131072
375,375_adaptive_phase_change_run15,adaptive,phase_change,1166,1778307788.5516117,/big.txt,44433408,131072
375,375_adaptive_phase_change_run15,adaptive,phase_change,1167,1778307788.5536182,/big.txt,44564480,131072
375,375_adaptive_phase_change_run15,adaptive,phase_change,1168,1778307788.555621,/big.txt,44695552,131072
375,375_adaptive_phase_change_run15,adaptive,phase_change,1169,1778307788.5576625,/big.txt,44826624,131072
375,375_adaptive_phase_change_run15,adaptive,phase_change,1170,1778307788.5596738,/big.txt,44957696,131072
375,375_adaptive_phase_change_run15,adaptive,phase_change,1171,1778307788.5616758,/big.txt,45088768,131072
375,375_adaptive_phase_change_run15,adaptive,phase_change,1172,1778307788.5636647,/big.txt,45219840,131072
375,375_adaptive_phase_change_run15,adaptive,phase_change,1173,1778307788.5656679,/big.txt,45350912,131072
375,375_adaptive_phase_change_run15,adaptive,phase_change,1174,1778307788.5676723,/big.txt,45481984,131072
375,375_adaptive_phase_change_run15,adaptive,phase_change,1175,1778307788.569676,/big.txt,45613056,131072
375,375_adaptive_phase_change_run15,adaptive,phase_change,1176,1778307788.571695,/big.txt,45744128,131072
375,375_adaptive_phase_change_run15,adaptive,phase_change,1177,1778307788.5736957,/big.txt,45875200,131072
375,375_adaptive_phase_change_run15,adaptive,phase_change,1178,1778307788.5757039,/big.txt,46006272,131072
375,375_adaptive_phase_change_run15,adaptive,phase_change,1179,1778307788.5777032,/big.txt,46137344,131072
375,375_adaptive_phase_change_run15,adaptive,phase_change,1180,1778307788.579687,/big.txt,46268416,131072
375,375_adaptive_phase_change_run15,adaptive,phase_change,1181,1778307788.5816972,/big.txt,46399488,131072
375,375_adaptive_phase_change_run15,adaptive,phase_change,1182,1778307788.5837202,/big.txt,46530560,131072
375,375_adaptive_phase_change_run15,adaptive,phase_change,1183,1778307788.5857222,/big.txt,46661632,131072
375,375_adaptive_phase_change_run15,adaptive,phase_change,1184,1778307788.5877426,/big.txt,46792704,131072
375,375_adaptive_phase_change_run15,adaptive,phase_change,1185,1778307788.5897555,/big.txt,46923776,131072
375,375_adaptive_phase_change_run15,adaptive,phase_change,1186,1778307788.5917845,/big.txt,47054848,131072
375,375_adaptive_phase_change_run15,adaptive,phase_change,1187,1778307788.5937865,/big.txt,47185920,131072
375,375_adaptive_phase_change_run15,adaptive,phase_change,1188,1778307788.5957751,/big.txt,47316992,131072
375,375_adaptive_phase_change_run15,adaptive,phase_change,1189,1778307788.5977721,/big.txt,47448064,131072
375,375_adaptive_phase_change_run15,adaptive,phase_change,1190,1778307788.5998123,/big.txt,47579136,131072
375,375_adaptive_phase_change_run15,adaptive,phase_change,1191,1778307788.6018324,/big.txt,47710208,131072
375,375_adaptive_phase_change_run15,adaptive,phase_change,1192,1778307788.6038737,/big.txt,47841280,131072
375,375_adaptive_phase_change_run15,adaptive,phase_change,1193,1778307788.6058984,/big.txt,47972352,131072
375,375_adaptive_phase_change_run15,adaptive,phase_change,1194,1778307788.6079068,/big.txt,48103424,131072
375,375_adaptive_phase_change_run15,adaptive,phase_change,1195,1778307788.609897,/big.txt,48234496,131072
375,375_adaptive_phase_change_run15,adaptive,phase_change,1196,1778307788.6119046,/big.txt,48365568,131072
375,375_adaptive_phase_change_run15,adaptive,phase_change,1197,1778307788.6139195,/big.txt,48496640,131072
375,375_adaptive_phase_change_run15,adaptive,phase_change,1198,1778307788.6159532,/big.txt,48627712,131072
375,375_adaptive_phase_change_run15,adaptive,phase_change,1199,1778307788.6179538,/big.txt,48758784,131072
375,375_adaptive_phase_change_run15,adaptive,phase_change,1200,1778307788.6199658,/big.txt,48889856,131072
375,375_adaptive_phase_change_run15,adaptive,phase_change,1201,1778307788.6219811,/big.txt,49020928,131072
375,375_adaptive_phase_change_run15,adaptive,phase_change,1202,1778307788.6239874,/big.txt,49152000,131072
375,375_adaptive_phase_change_run15,adaptive,phase_change,1203,1778307788.6259818,/big.txt,49283072,131072
375,375_adaptive_phase_change_run15,adaptive,phase_change,1204,1778307788.6279933,/big.txt,49414144,131072
375,375_adaptive_phase_change_run15,adaptive,phase_change,1205,1778307788.6300085,/big.txt,49545216,131072
375,375_adaptive_phase_change_run15,adaptive,phase_change,1206,1778307788.6320353,/big.txt,49676288,131072
375,375_adaptive_phase_change_run15,adaptive,phase_change,1207,1778307788.6340487,/big.txt,49807360,131072
375,375_adaptive_phase_change_run15,adaptive,phase_change,1208,1778307788.6360571,/big.txt,49938432,131072
375,375_adaptive_phase_change_run15,adaptive,phase_change,1209,1778307788.638074,/big.txt,50069504,131072
375,375_adaptive_phase_change_run15,adaptive,phase_change,1210,1778307788.6401057,/big.txt,50200576,131072
375,375_adaptive_phase_change_run15,adaptive,phase_change,1211,1778307788.642115,/big.txt,50331648,131072
375,375_adaptive_phase_change_run15,adaptive,phase_change,1212,1778307788.6441543,/big.txt,50462720,131072
375,375_adaptive_phase_change_run15,adaptive,phase_change,1213,1778307788.6462123,/big.txt,50593792,131072
375,375_adaptive_phase_change_run15,adaptive,phase_change,1214,1778307788.6482573,/big.txt,50724864,131072
375,375_adaptive_phase_change_run15,adaptive,phase_change,1215,1778307788.6502526,/big.txt,50855936,131072
375,375_adaptive_phase_change_run15,adaptive,phase_change,1216,1778307788.6522505,/big.txt,50987008,131072
375,375_adaptive_phase_change_run15,adaptive,phase_change,1217,1778307788.654238,/big.txt,51118080,131072
375,375_adaptive_phase_change_run15,adaptive,phase_change,1218,1778307788.6562645,/big.txt,51249152,131072
375,375_adaptive_phase_change_run15,adaptive,phase_change,1219,1778307788.6582532,/big.txt,51380224,131072
375,375_adaptive_phase_change_run15,adaptive,phase_change,1220,1778307788.660251,/big.txt,51511296,131072
375,375_adaptive_phase_change_run15,adaptive,phase_change,1221,1778307788.6622326,/big.txt,51642368,131072
375,375_adaptive_phase_change_run15,adaptive,phase_change,1222,1778307788.664241,/big.txt,51773440,131072
375,375_adaptive_phase_change_run15,adaptive,phase_change,1223,1778307788.6662445,/big.txt,51904512,131072
375,375_adaptive_phase_change_run15,adaptive,phase_change,1224,1778307788.6682444,/big.txt,52035584,131072
375,375_adaptive_phase_change_run15,adaptive,phase_change,1225,1778307788.670248,/big.txt,52166656,131072
375,375_adaptive_phase_change_run15,adaptive,phase_change,1226,1778307788.6722531,/big.txt,52297728,131072
375,375_adaptive_phase_change_run15,adaptive,phase_change,1227,1778307788.6742597,/big.txt,52428800,131072
375,375_adaptive_phase_change_run15,adaptive,phase_change,1228,1778307788.6762724,/big.txt,52559872,131072
375,375_adaptive_phase_change_run15,adaptive,phase_change,1229,1778307788.6782858,/big.txt,52690944,131072
375,375_adaptive_phase_change_run15,adaptive,phase_change,1230,1778307788.6803315,/big.txt,52822016,131072
375,375_adaptive_phase_change_run15,adaptive,phase_change,1231,1778307788.6823394,/big.txt,52953088,131072
375,375_adaptive_phase_change_run15,adaptive,phase_change,1232,1778307788.684323,/big.txt,53084160,131072
375,375_adaptive_phase_change_run15,adaptive,phase_change,1233,1778307788.6863194,/big.txt,53215232,131072
375,375_adaptive_phase_change_run15,adaptive,phase_change,1234,1778307788.688318,/big.txt,53346304,131072
375,375_adaptive_phase_change_run15,adaptive,phase_change,1235,1778307788.6903265,/big.txt,53477376,131072
375,375_adaptive_phase_change_run15,adaptive,phase_change,1236,1778307788.692336,/big.txt,53608448,131072
375,375_adaptive_phase_change_run15,adaptive,phase_change,1237,1778307788.6943538,/big.txt,53739520,131072
375,375_adaptive_phase_change_run15,adaptive,phase_change,1238,1778307788.6963775,/big.txt,53870592,131072
375,375_adaptive_phase_change_run15,adaptive,phase_change,1239,1778307788.6984098,/big.txt,54001664,131072
375,375_adaptive_phase_change_run15,adaptive,phase_change,1240,1778307788.7004023,/big.txt,54132736,131072
375,375_adaptive_phase_change_run15,adaptive,phase_change,1241,1778307788.7024193,/big.txt,54263808,131072
375,375_adaptive_phase_change_run15,adaptive,phase_change,1242,1778307788.7044296,/big.txt,54394880,131072
375,375_adaptive_phase_change_run15,adaptive,phase_change,1243,1778307788.7064362,/big.txt,54525952,131072
375,375_adaptive_phase_change_run15,adaptive,phase_change,1244,1778307788.7084367,/big.txt,54657024,131072
375,375_adaptive_phase_change_run15,adaptive,phase_change,1245,1778307788.7104492,/big.txt,54788096,131072
375,375_adaptive_phase_change_run15,adaptive,phase_change,1246,1778307788.7124605,/big.txt,54919168,131072
375,375_adaptive_phase_change_run15,adaptive,phase_change,1247,1778307788.7144675,/big.txt,55050240,131072
375,375_adaptive_phase_change_run15,adaptive,phase_change,1248,1778307788.716465,/big.txt,55181312,131072
375,375_adaptive_phase_change_run15,adaptive,phase_change,1249,1778307788.7184792,/big.txt,55312384,131072
375,375_adaptive_phase_change_run15,adaptive,phase_change,1250,1778307788.7204943,/big.txt,55443456,131072
375,375_adaptive_phase_change_run15,adaptive,phase_change,1251,1778307788.722501,/big.txt,55574528,131072
375,375_adaptive_phase_change_run15,adaptive,phase_change,1252,1778307788.7244904,/big.txt,55705600,131072
375,375_adaptive_phase_change_run15,adaptive,phase_change,1253,1778307788.726505,/big.txt,55836672,131072
375,375_adaptive_phase_change_run15,adaptive,phase_change,1254,1778307788.7285166,/big.txt,55967744,131072
375,375_adaptive_phase_change_run15,adaptive,phase_change,1255,1778307788.730528,/big.txt,56098816,131072
375,375_adaptive_phase_change_run15,adaptive,phase_change,1256,1778307788.7326174,/big.txt,56229888,131072
375,375_adaptive_phase_change_run15,adaptive,phase_change,1257,1778307788.7346346,/big.txt,56360960,131072
375,375_adaptive_phase_change_run15,adaptive,phase_change,1258,1778307788.736633,/big.txt,56492032,131072
375,375_adaptive_phase_change_run15,adaptive,phase_change,1259,1778307788.7386415,/big.txt,56623104,131072
375,375_adaptive_phase_change_run15,adaptive,phase_change,1260,1778307788.7427447,/big.txt,56754176,131072
375,375_adaptive_phase_change_run15,adaptive,phase_change,1261,1778307788.746819,/big.txt,56885248,131072
375,375_adaptive_phase_change_run15,adaptive,phase_change,1262,1778307788.7509005,/big.txt,57016320,131072
375,375_adaptive_phase_change_run15,adaptive,phase_change,1263,1778307788.7529182,/big.txt,57147392,131072
375,375_adaptive_phase_change_run15,adaptive,phase_change,1264,1778307788.7549083,/big.txt,57278464,131072
375,375_adaptive_phase_change_run15,adaptive,phase_change,1265,1778307788.756904,/big.txt,57409536,131072
375,375_adaptive_phase_change_run15,adaptive,phase_change,1266,1778307788.758917,/big.txt,57540608,131072
375,375_adaptive_phase_change_run15,adaptive,phase_change,1267,1778307788.760923,/big.txt,57671680,131072
375,375_adaptive_phase_change_run15,adaptive,phase_change,1268,1778307788.762958,/big.txt,57802752,131072
375,375_adaptive_phase_change_run15,adaptive,phase_change,1269,1778307788.7649717,/big.txt,57933824,131072
375,375_adaptive_phase_change_run15,adaptive,phase_change,1270,1778307788.7670329,/big.txt,58064896,131072
375,375_adaptive_phase_change_run15,adaptive,phase_change,1271,1778307788.7690396,/big.txt,58195968,131072
375,375_adaptive_phase_change_run15,adaptive,phase_change,1272,1778307788.7710574,/big.txt,58327040,131072
375,375_adaptive_phase_change_run15,adaptive,phase_change,1273,1778307788.7730656,/big.txt,58458112,131072
375,375_adaptive_phase_change_run15,adaptive,phase_change,1274,1778307788.775066,/big.txt,58589184,131072
375,375_adaptive_phase_change_run15,adaptive,phase_change,1275,1778307788.777052,/big.txt,58720256,131072
375,375_adaptive_phase_change_run15,adaptive,phase_change,1276,1778307788.77906,/big.txt,58851328,131072
375,375_adaptive_phase_change_run15,adaptive,phase_change,1277,1778307788.7810817,/big.txt,58982400,131072
375,375_adaptive_phase_change_run15,adaptive,phase_change,1278,1778307788.7831311,/big.txt,59113472,131072
375,375_adaptive_phase_change_run15,adaptive,phase_change,1279,1778307788.7851396,/big.txt,59244544,131072
375,375_adaptive_phase_change_run15,adaptive,phase_change,1280,1778307788.7871566,/big.txt,59375616,131072
375,375_adaptive_phase_change_run15,adaptive,phase_change,1281,1778307788.7891765,/big.txt,59506688,131072
375,375_adaptive_phase_change_run15,adaptive,phase_change,1282,1778307788.7911878,/big.txt,59637760,131072
375,375_adaptive_phase_change_run15,adaptive,phase_change,1283,1778307788.7931824,/big.txt,59768832,131072
375,375_adaptive_phase_change_run15,adaptive,phase_change,1284,1778307788.7951896,/big.txt,59899904,131072
375,375_adaptive_phase_change_run15,adaptive,phase_change,1285,1778307788.7971938,/big.txt,60030976,131072
375,375_adaptive_phase_change_run15,adaptive,phase_change,1286,1778307788.799284,/big.txt,60162048,131072
375,375_adaptive_phase_change_run15,adaptive,phase_change,1287,1778307788.8012927,/big.txt,60293120,131072
375,375_adaptive_phase_change_run15,adaptive,phase_change,1288,1778307788.8033254,/big.txt,60424192,131072
375,375_adaptive_phase_change_run15,adaptive,phase_change,1289,1778307788.8053312,/big.txt,60555264,131072
375,375_adaptive_phase_change_run15,adaptive,phase_change,1290,1778307788.8073583,/big.txt,60686336,131072
375,375_adaptive_phase_change_run15,adaptive,phase_change,1291,1778307788.8093646,/big.txt,60817408,131072
375,375_adaptive_phase_change_run15,adaptive,phase_change,1292,1778307788.811479,/big.txt,60948480,131072
375,375_adaptive_phase_change_run15,adaptive,phase_change,1293,1778307788.8134837,/big.txt,61079552,131072
375,375_adaptive_phase_change_run15,adaptive,phase_change,1294,1778307788.815504,/big.txt,61210624,131072
375,375_adaptive_phase_change_run15,adaptive,phase_change,1295,1778307788.81752,/big.txt,61341696,131072
375,375_adaptive_phase_change_run15,adaptive,phase_change,1296,1778307788.8195221,/big.txt,61472768,131072
375,375_adaptive_phase_change_run15,adaptive,phase_change,1297,1778307788.8215203,/big.txt,61603840,131072
375,375_adaptive_phase_change_run15,adaptive,phase_change,1298,1778307788.8235366,/big.txt,61734912,131072
375,375_adaptive_phase_change_run15,adaptive,phase_change,1299,1778307788.8255565,/big.txt,61865984,131072
375,375_adaptive_phase_change_run15,adaptive,phase_change,1300,1778307788.8276277,/big.txt,61997056,131072
375,375_adaptive_phase_change_run15,adaptive,phase_change,1301,1778307788.8296607,/big.txt,62128128,131072
375,375_adaptive_phase_change_run15,adaptive,phase_change,1302,1778307788.8316784,/big.txt,62259200,131072
375,375_adaptive_phase_change_run15,adaptive,phase_change,1303,1778307788.8336985,/big.txt,62390272,131072
375,375_adaptive_phase_change_run15,adaptive,phase_change,1304,1778307788.835731,/big.txt,62521344,131072
375,375_adaptive_phase_change_run15,adaptive,phase_change,1305,1778307788.8377416,/big.txt,62652416,131072
375,375_adaptive_phase_change_run15,adaptive,phase_change,1306,1778307788.839764,/big.txt,62783488,131072
375,375_adaptive_phase_change_run15,adaptive,phase_change,1307,1778307788.8417654,/big.txt,62914560,131072
375,375_adaptive_phase_change_run15,adaptive,phase_change,1308,1778307788.8437557,/big.txt,63045632,131072
375,375_adaptive_phase_change_run15,adaptive,phase_change,1309,1778307788.8457625,/big.txt,63176704,131072
375,375_adaptive_phase_change_run15,adaptive,phase_change,1310,1778307788.847831,/big.txt,63307776,131072
375,375_adaptive_phase_change_run15,adaptive,phase_change,1311,1778307788.849857,/big.txt,63438848,131072
375,375_adaptive_phase_change_run15,adaptive,phase_change,1312,1778307788.851879,/big.txt,63569920,131072
375,375_adaptive_phase_change_run15,adaptive,phase_change,1313,1778307788.853888,/big.txt,63700992,131072
375,375_adaptive_phase_change_run15,adaptive,phase_change,1314,1778307788.8559093,/big.txt,63832064,131072
375,375_adaptive_phase_change_run15,adaptive,phase_change,1315,1778307788.857923,/big.txt,63963136,131072
375,375_adaptive_phase_change_run15,adaptive,phase_change,1316,1778307788.859938,/big.txt,64094208,131072
375,375_adaptive_phase_change_run15,adaptive,phase_change,1317,1778307788.8619487,/big.txt,64225280,131072
375,375_adaptive_phase_change_run15,adaptive,phase_change,1318,1778307788.8639646,/big.txt,64356352,131072
375,375_adaptive_phase_change_run15,adaptive,phase_change,1319,1778307788.866006,/big.txt,64487424,131072
375,375_adaptive_phase_change_run15,adaptive,phase_change,1320,1778307788.8680296,/big.txt,64618496,131072
375,375_adaptive_phase_change_run15,adaptive,phase_change,1321,1778307788.8700466,/big.txt,64749568,131072
375,375_adaptive_phase_change_run15,adaptive,phase_change,1322,1778307788.8720627,/big.txt,64880640,131072
375,375_adaptive_phase_change_run15,adaptive,phase_change,1323,1778307788.8740637,/big.txt,65011712,131072
375,375_adaptive_phase_change_run15,adaptive,phase_change,1324,1778307788.876095,/big.txt,65142784,131072
375,375_adaptive_phase_change_run15,adaptive,phase_change,1325,1778307788.8781185,/big.txt,65273856,131072
375,375_adaptive_phase_change_run15,adaptive,phase_change,1326,1778307788.8801932,/big.txt,65404928,131072
375,375_adaptive_phase_change_run15,adaptive,phase_change,1327,1778307788.8821971,/big.txt,65536000,131072
375,375_adaptive_phase_change_run15,adaptive,phase_change,1328,1778307788.8842022,/big.txt,65667072,131072
375,375_adaptive_phase_change_run15,adaptive,phase_change,1329,1778307788.8862193,/big.txt,65798144,131072
375,375_adaptive_phase_change_run15,adaptive,phase_change,1330,1778307788.8882234,/big.txt,65929216,131072
375,375_adaptive_phase_change_run15,adaptive,phase_change,1331,1778307788.890217,/big.txt,66060288,131072
375,375_adaptive_phase_change_run15,adaptive,phase_change,1332,1778307788.8922389,/big.txt,66191360,131072
375,375_adaptive_phase_change_run15,adaptive,phase_change,1333,1778307788.894237,/big.txt,66322432,131072
375,375_adaptive_phase_change_run15,adaptive,phase_change,1334,1778307788.8962665,/big.txt,66453504,131072
375,375_adaptive_phase_change_run15,adaptive,phase_change,1335,1778307788.8982754,/big.txt,66584576,131072
375,375_adaptive_phase_change_run15,adaptive,phase_change,1336,1778307788.9002976,/big.txt,66715648,131072
375,375_adaptive_phase_change_run15,adaptive,phase_change,1337,1778307788.90231,/big.txt,66846720,131072
375,375_adaptive_phase_change_run15,adaptive,phase_change,1338,1778307788.9043279,/big.txt,66977792,131072
375,375_adaptive_phase_change_run15,adaptive,phase_change,1339,1778307788.9063246,/big.txt,67108864,131072
375,375_adaptive_phase_change_run15,adaptive,phase_change,1340,1778307788.908306,/big.txt,67239936,131072
375,375_adaptive_phase_change_run15,adaptive,phase_change,1341,1778307788.910313,/big.txt,67371008,131072
375,375_adaptive_phase_change_run15,adaptive,phase_change,1342,1778307788.912324,/big.txt,67502080,131072
375,375_adaptive_phase_change_run15,adaptive,phase_change,1343,1778307788.914332,/big.txt,67633152,131072
375,375_adaptive_phase_change_run15,adaptive,phase_change,1344,1778307788.9163451,/big.txt,67764224,131072
375,375_adaptive_phase_change_run15,adaptive,phase_change,1345,1778307788.918341,/big.txt,67895296,131072
375,375_adaptive_phase_change_run15,adaptive,phase_change,1346,1778307788.9203606,/big.txt,68026368,131072
375,375_adaptive_phase_change_run15,adaptive,phase_change,1347,1778307788.9223664,/big.txt,68157440,131072
375,375_adaptive_phase_change_run15,adaptive,phase_change,1348,1778307788.9243772,/big.txt,68288512,131072
375,375_adaptive_phase_change_run15,adaptive,phase_change,1349,1778307788.926389,/big.txt,68419584,131072
375,375_adaptive_phase_change_run15,adaptive,phase_change,1350,1778307788.9284298,/big.txt,68550656,131072
375,375_adaptive_phase_change_run15,adaptive,phase_change,1351,1778307788.930434,/big.txt,68681728,131072
375,375_adaptive_phase_change_run15,adaptive,phase_change,1352,1778307788.9324193,/big.txt,68812800,131072
375,375_adaptive_phase_change_run15,adaptive,phase_change,1353,1778307788.9344392,/big.txt,68943872,131072
375,375_adaptive_phase_change_run15,adaptive,phase_change,1354,1778307788.9364414,/big.txt,69074944,131072
375,375_adaptive_phase_change_run15,adaptive,phase_change,1355,1778307788.9384615,/big.txt,69206016,131072
375,375_adaptive_phase_change_run15,adaptive,phase_change,1356,1778307788.9406848,/big.txt,69337088,131072
375,375_adaptive_phase_change_run15,adaptive,phase_change,1357,1778307788.9427006,/big.txt,69468160,131072
375,375_adaptive_phase_change_run15,adaptive,phase_change,1358,1778307788.9447908,/big.txt,69599232,131072
375,375_adaptive_phase_change_run15,adaptive,phase_change,1359,1778307788.946822,/big.txt,69730304,131072
375,375_adaptive_phase_change_run15,adaptive,phase_change,1360,1778307788.9488504,/big.txt,69861376,131072
375,375_adaptive_phase_change_run15,adaptive,phase_change,1361,1778307788.9510198,/big.txt,69992448,131072
375,375_adaptive_phase_change_run15,adaptive,phase_change,1362,1778307788.953046,/big.txt,70123520,131072
375,375_adaptive_phase_change_run15,adaptive,phase_change,1363,1778307788.955118,/big.txt,70254592,131072
375,375_adaptive_phase_change_run15,adaptive,phase_change,1364,1778307788.957151,/big.txt,70385664,131072
375,375_adaptive_phase_change_run15,adaptive,phase_change,1365,1778307788.9591882,/big.txt,70516736,131072
375,375_adaptive_phase_change_run15,adaptive,phase_change,1366,1778307788.9612029,/big.txt,70647808,131072
375,375_adaptive_phase_change_run15,adaptive,phase_change,1367,1778307788.9632485,/big.txt,70778880,131072
375,375_adaptive_phase_change_run15,adaptive,phase_change,1368,1778307788.9652536,/big.txt,70909952,131072
375,375_adaptive_phase_change_run15,adaptive,phase_change,1369,1778307788.9672742,/big.txt,71041024,131072
375,375_adaptive_phase_change_run15,adaptive,phase_change,1370,1778307788.9692812,/big.txt,71172096,131072
375,375_adaptive_phase_change_run15,adaptive,phase_change,1371,1778307788.971304,/big.txt,71303168,131072
375,375_adaptive_phase_change_run15,adaptive,phase_change,1372,1778307788.9733284,/big.txt,71434240,131072
375,375_adaptive_phase_change_run15,adaptive,phase_change,1373,1778307788.975356,/big.txt,71565312,131072
375,375_adaptive_phase_change_run15,adaptive,phase_change,1374,1778307788.9773674,/big.txt,71696384,131072
375,375_adaptive_phase_change_run15,adaptive,phase_change,1375,1778307788.9794502,/big.txt,71827456,131072
375,375_adaptive_phase_change_run15,adaptive,phase_change,1376,1778307788.9814632,/big.txt,71958528,131072
375,375_adaptive_phase_change_run15,adaptive,phase_change,1377,1778307788.9834921,/big.txt,72089600,131072
375,375_adaptive_phase_change_run15,adaptive,phase_change,1378,1778307788.9855132,/big.txt,72220672,131072
375,375_adaptive_phase_change_run15,adaptive,phase_change,1379,1778307788.9875295,/big.txt,72351744,131072
375,375_adaptive_phase_change_run15,adaptive,phase_change,1380,1778307788.9895597,/big.txt,72482816,131072
375,375_adaptive_phase_change_run15,adaptive,phase_change,1381,1778307788.9916031,/big.txt,72613888,131072
375,375_adaptive_phase_change_run15,adaptive,phase_change,1382,1778307788.9936268,/big.txt,72744960,131072
375,375_adaptive_phase_change_run15,adaptive,phase_change,1383,1778307788.9956722,/big.txt,72876032,131072
375,375_adaptive_phase_change_run15,adaptive,phase_change,1384,1778307788.9976735,/big.txt,73007104,131072
375,375_adaptive_phase_change_run15,adaptive,phase_change,1385,1778307788.9997075,/big.txt,73138176,131072
375,375_adaptive_phase_change_run15,adaptive,phase_change,1386,1778307789.0017197,/big.txt,73269248,131072
375,375_adaptive_phase_change_run15,adaptive,phase_change,1387,1778307789.0037446,/big.txt,73400320,131072
375,375_adaptive_phase_change_run15,adaptive,phase_change,1388,1778307789.0057762,/big.txt,73531392,131072
375,375_adaptive_phase_change_run15,adaptive,phase_change,1389,1778307789.007801,/big.txt,73662464,131072
375,375_adaptive_phase_change_run15,adaptive,phase_change,1390,1778307789.0098395,/big.txt,73793536,131072
375,375_adaptive_phase_change_run15,adaptive,phase_change,1391,1778307789.0118563,/big.txt,73924608,131072
375,375_adaptive_phase_change_run15,adaptive,phase_change,1392,1778307789.0139043,/big.txt,74055680,131072
375,375_adaptive_phase_change_run15,adaptive,phase_change,1393,1778307789.0159435,/big.txt,74186752,131072
375,375_adaptive_phase_change_run15,adaptive,phase_change,1394,1778307789.0179756,/big.txt,74317824,131072
375,375_adaptive_phase_change_run15,adaptive,phase_change,1395,1778307789.0199916,/big.txt,74448896,131072
375,375_adaptive_phase_change_run15,adaptive,phase_change,1396,1778307789.0219944,/big.txt,74579968,131072
375,375_adaptive_phase_change_run15,adaptive,phase_change,1397,1778307789.024021,/big.txt,74711040,131072
375,375_adaptive_phase_change_run15,adaptive,phase_change,1398,1778307789.026051,/big.txt,74842112,131072
375,375_adaptive_phase_change_run15,adaptive,phase_change,1399,1778307789.0280828,/big.txt,74973184,131072
375,375_adaptive_phase_change_run15,adaptive,phase_change,1400,1778307789.0300999,/big.txt,75104256,131072
375,375_adaptive_phase_change_run15,adaptive,phase_change,1401,1778307789.0321422,/big.txt,75235328,131072
375,375_adaptive_phase_change_run15,adaptive,phase_change,1402,1778307789.0341735,/big.txt,75366400,131072
375,375_adaptive_phase_change_run15,adaptive,phase_change,1403,1778307789.036226,/big.txt,75497472,131072
375,375_adaptive_phase_change_run15,adaptive,phase_change,1404,1778307789.0382562,/big.txt,75628544,131072
375,375_adaptive_phase_change_run15,adaptive,phase_change,1405,1778307789.040268,/big.txt,75759616,131072
375,375_adaptive_phase_change_run15,adaptive,phase_change,1406,1778307789.0422974,/big.txt,75890688,131072
375,375_adaptive_phase_change_run15,adaptive,phase_change,1407,1778307789.0443397,/big.txt,76021760,131072
375,375_adaptive_phase_change_run15,adaptive,phase_change,1408,1778307789.0463502,/big.txt,76152832,131072
375,375_adaptive_phase_change_run15,adaptive,phase_change,1409,1778307789.0483646,/big.txt,76283904,131072
375,375_adaptive_phase_change_run15,adaptive,phase_change,1410,1778307789.0503824,/big.txt,76414976,131072
375,375_adaptive_phase_change_run15,adaptive,phase_change,1411,1778307789.0524228,/big.txt,76546048,131072
375,375_adaptive_phase_change_run15,adaptive,phase_change,1412,1778307789.054439,/big.txt,76677120,131072
375,375_adaptive_phase_change_run15,adaptive,phase_change,1413,1778307789.056422,/big.txt,76808192,131072
375,375_adaptive_phase_change_run15,adaptive,phase_change,1414,1778307789.0584226,/big.txt,76939264,131072
375,375_adaptive_phase_change_run15,adaptive,phase_change,1415,1778307789.0604484,/big.txt,77070336,131072
375,375_adaptive_phase_change_run15,adaptive,phase_change,1416,1778307789.062453,/big.txt,77201408,131072
375,375_adaptive_phase_change_run15,adaptive,phase_change,1417,1778307789.0644605,/big.txt,77332480,131072
375,375_adaptive_phase_change_run15,adaptive,phase_change,1418,1778307789.0664785,/big.txt,77463552,131072
375,375_adaptive_phase_change_run15,adaptive,phase_change,1419,1778307789.0684967,/big.txt,77594624,131072
375,375_adaptive_phase_change_run15,adaptive,phase_change,1420,1778307789.0705311,/big.txt,77725696,131072
375,375_adaptive_phase_change_run15,adaptive,phase_change,1421,1778307789.0725522,/big.txt,77856768,131072
375,375_adaptive_phase_change_run15,adaptive,phase_change,1422,1778307789.0745687,/big.txt,77987840,131072
375,375_adaptive_phase_change_run15,adaptive,phase_change,1423,1778307789.0765991,/big.txt,78118912,131072
375,375_adaptive_phase_change_run15,adaptive,phase_change,1424,1778307789.0786211,/big.txt,78249984,131072
375,375_adaptive_phase_change_run15,adaptive,phase_change,1425,1778307789.0807164,/big.txt,78381056,131072
375,375_adaptive_phase_change_run15,adaptive,phase_change,1426,1778307789.0827527,/big.txt,78512128,131072
375,375_adaptive_phase_change_run15,adaptive,phase_change,1427,1778307789.0847838,/big.txt,78643200,131072
375,375_adaptive_phase_change_run15,adaptive,phase_change,1428,1778307789.0868456,/big.txt,78774272,131072
375,375_adaptive_phase_change_run15,adaptive,phase_change,1429,1778307789.090947,/big.txt,78905344,131072
375,375_adaptive_phase_change_run15,adaptive,phase_change,1430,1778307789.0949986,/big.txt,79036416,131072
375,375_adaptive_phase_change_run15,adaptive,phase_change,1431,1778307789.0989604,/big.txt,79167488,131072
375,375_adaptive_phase_change_run15,adaptive,phase_change,1432,1778307789.1009696,/big.txt,79298560,131072
375,375_adaptive_phase_change_run15,adaptive,phase_change,1433,1778307789.1030757,/big.txt,79429632,131072
375,375_adaptive_phase_change_run15,adaptive,phase_change,1434,1778307789.1051111,/big.txt,79560704,131072
375,375_adaptive_phase_change_run15,adaptive,phase_change,1435,1778307789.1071444,/big.txt,79691776,131072
375,375_adaptive_phase_change_run15,adaptive,phase_change,1436,1778307789.1091473,/big.txt,79822848,131072
375,375_adaptive_phase_change_run15,adaptive,phase_change,1437,1778307789.1112235,/big.txt,79953920,131072
375,375_adaptive_phase_change_run15,adaptive,phase_change,1438,1778307789.1132689,/big.txt,80084992,131072
375,375_adaptive_phase_change_run15,adaptive,phase_change,1439,1778307789.115292,/big.txt,80216064,131072
375,375_adaptive_phase_change_run15,adaptive,phase_change,1440,1778307789.117321,/big.txt,80347136,131072
375,375_adaptive_phase_change_run15,adaptive,phase_change,1441,1778307789.119349,/big.txt,80478208,131072
375,375_adaptive_phase_change_run15,adaptive,phase_change,1442,1778307789.1213694,/big.txt,80609280,131072
375,375_adaptive_phase_change_run15,adaptive,phase_change,1443,1778307789.123398,/big.txt,80740352,131072
375,375_adaptive_phase_change_run15,adaptive,phase_change,1444,1778307789.125419,/big.txt,80871424,131072
375,375_adaptive_phase_change_run15,adaptive,phase_change,1445,1778307789.1274464,/big.txt,81002496,131072
375,375_adaptive_phase_change_run15,adaptive,phase_change,1446,1778307789.1294672,/big.txt,81133568,131072
375,375_adaptive_phase_change_run15,adaptive,phase_change,1447,1778307789.1315546,/big.txt,81264640,131072
375,375_adaptive_phase_change_run15,adaptive,phase_change,1448,1778307789.1335752,/big.txt,81395712,131072
375,375_adaptive_phase_change_run15,adaptive,phase_change,1449,1778307789.135606,/big.txt,81526784,131072
375,375_adaptive_phase_change_run15,adaptive,phase_change,1450,1778307789.137621,/big.txt,81657856,131072
375,375_adaptive_phase_change_run15,adaptive,phase_change,1451,1778307789.1396408,/big.txt,81788928,131072
375,375_adaptive_phase_change_run15,adaptive,phase_change,1452,1778307789.1416671,/big.txt,81920000,131072
375,375_adaptive_phase_change_run15,adaptive,phase_change,1453,1778307789.1436968,/big.txt,82051072,131072
375,375_adaptive_phase_change_run15,adaptive,phase_change,1454,1778307789.145722,/big.txt,82182144,131072
375,375_adaptive_phase_change_run15,adaptive,phase_change,1455,1778307789.1477466,/big.txt,82313216,131072
375,375_adaptive_phase_change_run15,adaptive,phase_change,1456,1778307789.1497698,/big.txt,82444288,131072
375,375_adaptive_phase_change_run15,adaptive,phase_change,1457,1778307789.1517923,/big.txt,82575360,131072
375,375_adaptive_phase_change_run15,adaptive,phase_change,1458,1778307789.1538215,/big.txt,82706432,131072
375,375_adaptive_phase_change_run15,adaptive,phase_change,1459,1778307789.15584,/big.txt,82837504,131072
375,375_adaptive_phase_change_run15,adaptive,phase_change,1460,1778307789.1578574,/big.txt,82968576,131072
375,375_adaptive_phase_change_run15,adaptive,phase_change,1461,1778307789.159877,/big.txt,83099648,131072
375,375_adaptive_phase_change_run15,adaptive,phase_change,1462,1778307789.161911,/big.txt,83230720,131072
375,375_adaptive_phase_change_run15,adaptive,phase_change,1463,1778307789.1639543,/big.txt,83361792,131072
375,375_adaptive_phase_change_run15,adaptive,phase_change,1464,1778307789.1659856,/big.txt,83492864,131072
375,375_adaptive_phase_change_run15,adaptive,phase_change,1465,1778307789.168016,/big.txt,83623936,131072
375,375_adaptive_phase_change_run15,adaptive,phase_change,1466,1778307789.1700196,/big.txt,83755008,131072
375,375_adaptive_phase_change_run15,adaptive,phase_change,1467,1778307789.1720457,/big.txt,83886080,131072
375,375_adaptive_phase_change_run15,adaptive,phase_change,1468,1778307789.174073,/big.txt,84017152,131072
375,375_adaptive_phase_change_run15,adaptive,phase_change,1469,1778307789.1761537,/big.txt,84148224,131072
375,375_adaptive_phase_change_run15,adaptive,phase_change,1470,1778307789.1781602,/big.txt,84279296,131072
375,375_adaptive_phase_change_run15,adaptive,phase_change,1471,1778307789.1801898,/big.txt,84410368,131072
375,375_adaptive_phase_change_run15,adaptive,phase_change,1472,1778307789.1822126,/big.txt,84541440,131072
375,375_adaptive_phase_change_run15,adaptive,phase_change,1473,1778307789.1842382,/big.txt,84672512,131072
375,375_adaptive_phase_change_run15,adaptive,phase_change,1474,1778307789.1862714,/big.txt,84803584,131072
375,375_adaptive_phase_change_run15,adaptive,phase_change,1475,1778307789.1882696,/big.txt,84934656,131072
375,375_adaptive_phase_change_run15,adaptive,phase_change,1476,1778307789.1902926,/big.txt,85065728,131072
375,375_adaptive_phase_change_run15,adaptive,phase_change,1477,1778307789.1922944,/big.txt,85196800,131072
375,375_adaptive_phase_change_run15,adaptive,phase_change,1478,1778307789.1943107,/big.txt,85327872,131072
375,375_adaptive_phase_change_run15,adaptive,phase_change,1479,1778307789.196358,/big.txt,85458944,131072
375,375_adaptive_phase_change_run15,adaptive,phase_change,1480,1778307789.1983705,/big.txt,85590016,131072
375,375_adaptive_phase_change_run15,adaptive,phase_change,1481,1778307789.2003746,/big.txt,85721088,131072
375,375_adaptive_phase_change_run15,adaptive,phase_change,1482,1778307789.2023892,/big.txt,85852160,131072
375,375_adaptive_phase_change_run15,adaptive,phase_change,1483,1778307789.204382,/big.txt,85983232,131072
375,375_adaptive_phase_change_run15,adaptive,phase_change,1484,1778307789.2064257,/big.txt,86114304,131072
375,375_adaptive_phase_change_run15,adaptive,phase_change,1485,1778307789.208424,/big.txt,86245376,131072
375,375_adaptive_phase_change_run15,adaptive,phase_change,1486,1778307789.2104356,/big.txt,86376448,131072
375,375_adaptive_phase_change_run15,adaptive,phase_change,1487,1778307789.212419,/big.txt,86507520,131072
375,375_adaptive_phase_change_run15,adaptive,phase_change,1488,1778307789.2144494,/big.txt,86638592,131072
375,375_adaptive_phase_change_run15,adaptive,phase_change,1489,1778307789.2164545,/big.txt,86769664,131072
375,375_adaptive_phase_change_run15,adaptive,phase_change,1490,1778307789.2184618,/big.txt,86900736,131072
375,375_adaptive_phase_change_run15,adaptive,phase_change,1491,1778307789.2204483,/big.txt,87031808,131072
375,375_adaptive_phase_change_run15,adaptive,phase_change,1492,1778307789.2224693,/big.txt,87162880,131072
375,375_adaptive_phase_change_run15,adaptive,phase_change,1493,1778307789.2244625,/big.txt,87293952,131072
375,375_adaptive_phase_change_run15,adaptive,phase_change,1494,1778307789.2264898,/big.txt,87425024,131072
375,375_adaptive_phase_change_run15,adaptive,phase_change,1495,1778307789.2285182,/big.txt,87556096,131072
375,375_adaptive_phase_change_run15,adaptive,phase_change,1496,1778307789.2305505,/big.txt,87687168,131072
375,375_adaptive_phase_change_run15,adaptive,phase_change,1497,1778307789.2325907,/big.txt,87818240,131072
375,375_adaptive_phase_change_run15,adaptive,phase_change,1498,1778307789.234632,/big.txt,87949312,131072
375,375_adaptive_phase_change_run15,adaptive,phase_change,1499,1778307789.236762,/big.txt,88080384,131072
375,375_adaptive_phase_change_run15,adaptive,phase_change,1500,1778307789.2387922,/big.txt,88211456,131072
375,375_adaptive_phase_change_run15,adaptive,phase_change,1501,1778307789.240807,/big.txt,88342528,131072
375,375_adaptive_phase_change_run15,adaptive,phase_change,1502,1778307789.2429204,/big.txt,88473600,131072
375,375_adaptive_phase_change_run15,adaptive,phase_change,1503,1778307789.2470078,/big.txt,88604672,131072
375,375_adaptive_phase_change_run15,adaptive,phase_change,1504,1778307789.2511003,/big.txt,88735744,131072
375,375_adaptive_phase_change_run15,adaptive,phase_change,1505,1778307789.2549791,/big.txt,88866816,131072
375,375_adaptive_phase_change_run15,adaptive,phase_change,1506,1778307789.256992,/big.txt,88997888,131072
375,375_adaptive_phase_change_run15,adaptive,phase_change,1507,1778307789.2591012,/big.txt,89128960,131072
375,375_adaptive_phase_change_run15,adaptive,phase_change,1508,1778307789.2611024,/big.txt,89260032,131072
375,375_adaptive_phase_change_run15,adaptive,phase_change,1509,1778307789.2631338,/big.txt,89391104,131072
375,375_adaptive_phase_change_run15,adaptive,phase_change,1510,1778307789.265145,/big.txt,89522176,131072
375,375_adaptive_phase_change_run15,adaptive,phase_change,1511,1778307789.2672114,/big.txt,89653248,131072
375,375_adaptive_phase_change_run15,adaptive,phase_change,1512,1778307789.2692275,/big.txt,89784320,131072
375,375_adaptive_phase_change_run15,adaptive,phase_change,1513,1778307789.2712927,/big.txt,89915392,131072
375,375_adaptive_phase_change_run15,adaptive,phase_change,1514,1778307789.2733157,/big.txt,90046464,131072
375,375_adaptive_phase_change_run15,adaptive,phase_change,1515,1778307789.2753441,/big.txt,90177536,131072
375,375_adaptive_phase_change_run15,adaptive,phase_change,1516,1778307789.277378,/big.txt,90308608,131072
375,375_adaptive_phase_change_run15,adaptive,phase_change,1517,1778307789.2794454,/big.txt,90439680,131072
375,375_adaptive_phase_change_run15,adaptive,phase_change,1518,1778307789.281475,/big.txt,90570752,131072
375,375_adaptive_phase_change_run15,adaptive,phase_change,1519,1778307789.2834995,/big.txt,90701824,131072
375,375_adaptive_phase_change_run15,adaptive,phase_change,1520,1778307789.2855356,/big.txt,90832896,131072
375,375_adaptive_phase_change_run15,adaptive,phase_change,1521,1778307789.2875953,/big.txt,90963968,131072
375,375_adaptive_phase_change_run15,adaptive,phase_change,1522,1778307789.2896078,/big.txt,91095040,131072
375,375_adaptive_phase_change_run15,adaptive,phase_change,1523,1778307789.2916284,/big.txt,91226112,131072
375,375_adaptive_phase_change_run15,adaptive,phase_change,1524,1778307789.293651,/big.txt,91357184,131072
375,375_adaptive_phase_change_run15,adaptive,phase_change,1525,1778307789.2956944,/big.txt,91488256,131072
375,375_adaptive_phase_change_run15,adaptive,phase_change,1526,1778307789.2977011,/big.txt,91619328,131072
375,375_adaptive_phase_change_run15,adaptive,phase_change,1527,1778307789.2997265,/big.txt,91750400,131072
375,375_adaptive_phase_change_run15,adaptive,phase_change,1528,1778307789.3017297,/big.txt,91881472,131072
375,375_adaptive_phase_change_run15,adaptive,phase_change,1529,1778307789.3037672,/big.txt,92012544,131072
375,375_adaptive_phase_change_run15,adaptive,phase_change,1530,1778307789.3057854,/big.txt,92143616,131072
375,375_adaptive_phase_change_run15,adaptive,phase_change,1531,1778307789.3078036,/big.txt,92274688,131072
375,375_adaptive_phase_change_run15,adaptive,phase_change,1532,1778307789.309818,/big.txt,92405760,131072
375,375_adaptive_phase_change_run15,adaptive,phase_change,1533,1778307789.311844,/big.txt,92536832,131072
375,375_adaptive_phase_change_run15,adaptive,phase_change,1534,1778307789.313869,/big.txt,92667904,131072
375,375_adaptive_phase_change_run15,adaptive,phase_change,1535,1778307789.3158984,/big.txt,92798976,131072
375,375_adaptive_phase_change_run15,adaptive,phase_change,1536,1778307789.3179293,/big.txt,92930048,131072
375,375_adaptive_phase_change_run15,adaptive,phase_change,1537,1778307789.3199606,/big.txt,93061120,131072
375,375_adaptive_phase_change_run15,adaptive,phase_change,1538,1778307789.321985,/big.txt,93192192,131072
375,375_adaptive_phase_change_run15,adaptive,phase_change,1539,1778307789.3240201,/big.txt,93323264,131072
375,375_adaptive_phase_change_run15,adaptive,phase_change,1540,1778307789.3260694,/big.txt,93454336,131072
375,375_adaptive_phase_change_run15,adaptive,phase_change,1541,1778307789.3281019,/big.txt,93585408,131072
375,375_adaptive_phase_change_run15,adaptive,phase_change,1542,1778307789.330133,/big.txt,93716480,131072
375,375_adaptive_phase_change_run15,adaptive,phase_change,1543,1778307789.3321807,/big.txt,93847552,131072
375,375_adaptive_phase_change_run15,adaptive,phase_change,1544,1778307789.334228,/big.txt,93978624,131072
375,375_adaptive_phase_change_run15,adaptive,phase_change,1545,1778307789.3362343,/big.txt,94109696,131072
375,375_adaptive_phase_change_run15,adaptive,phase_change,1546,1778307789.3382537,/big.txt,94240768,131072
375,375_adaptive_phase_change_run15,adaptive,phase_change,1547,1778307789.3402638,/big.txt,94371840,131072
375,375_adaptive_phase_change_run15,adaptive,phase_change,1548,1778307789.3422732,/big.txt,94502912,131072
375,375_adaptive_phase_change_run15,adaptive,phase_change,1549,1778307789.3442655,/big.txt,94633984,131072
375,375_adaptive_phase_change_run15,adaptive,phase_change,1550,1778307789.3463016,/big.txt,94765056,131072
375,375_adaptive_phase_change_run15,adaptive,phase_change,1551,1778307789.3483152,/big.txt,94896128,131072
375,375_adaptive_phase_change_run15,adaptive,phase_change,1552,1778307789.3503385,/big.txt,95027200,131072
375,375_adaptive_phase_change_run15,adaptive,phase_change,1553,1778307789.3523338,/big.txt,95158272,131072
375,375_adaptive_phase_change_run15,adaptive,phase_change,1554,1778307789.3543549,/big.txt,95289344,131072
375,375_adaptive_phase_change_run15,adaptive,phase_change,1555,1778307789.35633,/big.txt,95420416,131072
375,375_adaptive_phase_change_run15,adaptive,phase_change,1556,1778307789.358354,/big.txt,95551488,131072
375,375_adaptive_phase_change_run15,adaptive,phase_change,1557,1778307789.3604176,/big.txt,95682560,131072
375,375_adaptive_phase_change_run15,adaptive,phase_change,1558,1778307789.3624885,/big.txt,95813632,131072
375,375_adaptive_phase_change_run15,adaptive,phase_change,1559,1778307789.3645356,/big.txt,95944704,131072
375,375_adaptive_phase_change_run15,adaptive,phase_change,1560,1778307789.366607,/big.txt,96075776,131072
375,375_adaptive_phase_change_run15,adaptive,phase_change,1561,1778307789.3686361,/big.txt,96206848,131072
375,375_adaptive_phase_change_run15,adaptive,phase_change,1562,1778307789.370631,/big.txt,96337920,131072
375,375_adaptive_phase_change_run15,adaptive,phase_change,1563,1778307789.372635,/big.txt,96468992,131072
375,375_adaptive_phase_change_run15,adaptive,phase_change,1564,1778307789.3746176,/big.txt,96600064,131072
375,375_adaptive_phase_change_run15,adaptive,phase_change,1565,1778307789.3766122,/big.txt,96731136,131072
375,375_adaptive_phase_change_run15,adaptive,phase_change,1566,1778307789.3786035,/big.txt,96862208,131072
375,375_adaptive_phase_change_run15,adaptive,phase_change,1567,1778307789.3806093,/big.txt,96993280,131072
375,375_adaptive_phase_change_run15,adaptive,phase_change,1568,1778307789.382602,/big.txt,97124352,131072
375,375_adaptive_phase_change_run15,adaptive,phase_change,1569,1778307789.3846452,/big.txt,97255424,131072
375,375_adaptive_phase_change_run15,adaptive,phase_change,1570,1778307789.3866286,/big.txt,97386496,131072
375,375_adaptive_phase_change_run15,adaptive,phase_change,1571,1778307789.3886538,/big.txt,97517568,131072
375,375_adaptive_phase_change_run15,adaptive,phase_change,1572,1778307789.3906424,/big.txt,97648640,131072
375,375_adaptive_phase_change_run15,adaptive,phase_change,1573,1778307789.392639,/big.txt,97779712,131072
375,375_adaptive_phase_change_run15,adaptive,phase_change,1574,1778307789.3946147,/big.txt,97910784,131072
375,375_adaptive_phase_change_run15,adaptive,phase_change,1575,1778307789.3966787,/big.txt,98041856,131072
375,375_adaptive_phase_change_run15,adaptive,phase_change,1576,1778307789.3986654,/big.txt,98172928,131072
375,375_adaptive_phase_change_run15,adaptive,phase_change,1577,1778307789.4006553,/big.txt,98304000,131072
375,375_adaptive_phase_change_run15,adaptive,phase_change,1578,1778307789.4026244,/big.txt,98435072,131072
375,375_adaptive_phase_change_run15,adaptive,phase_change,1579,1778307789.4046648,/big.txt,98566144,131072
375,375_adaptive_phase_change_run15,adaptive,phase_change,1580,1778307789.406645,/big.txt,98697216,131072
375,375_adaptive_phase_change_run15,adaptive,phase_change,1581,1778307789.4086275,/big.txt,98828288,131072
375,375_adaptive_phase_change_run15,adaptive,phase_change,1582,1778307789.4106128,/big.txt,98959360,131072
375,375_adaptive_phase_change_run15,adaptive,phase_change,1583,1778307789.4126043,/big.txt,99090432,131072
375,375_adaptive_phase_change_run15,adaptive,phase_change,1584,1778307789.414595,/big.txt,99221504,131072
375,375_adaptive_phase_change_run15,adaptive,phase_change,1585,1778307789.4165893,/big.txt,99352576,131072
375,375_adaptive_phase_change_run15,adaptive,phase_change,1586,1778307789.4185786,/big.txt,99483648,131072
375,375_adaptive_phase_change_run15,adaptive,phase_change,1587,1778307789.4206789,/big.txt,99614720,131072
375,375_adaptive_phase_change_run15,adaptive,phase_change,1588,1778307789.4226964,/big.txt,99745792,131072
375,375_adaptive_phase_change_run15,adaptive,phase_change,1589,1778307789.4246993,/big.txt,99876864,131072
375,375_adaptive_phase_change_run15,adaptive,phase_change,1590,1778307789.426679,/big.txt,100007936,131072
375,375_adaptive_phase_change_run15,adaptive,phase_change,1591,1778307789.4286747,/big.txt,100139008,131072
375,375_adaptive_phase_change_run15,adaptive,phase_change,1592,1778307789.430651,/big.txt,100270080,131072
375,375_adaptive_phase_change_run15,adaptive,phase_change,1593,1778307789.4347003,/big.txt,100401152,131072
375,375_adaptive_phase_change_run15,adaptive,phase_change,1594,1778307789.438759,/big.txt,100532224,131072
375,375_adaptive_phase_change_run15,adaptive,phase_change,1595,1778307789.4428523,/big.txt,100663296,131072
375,375_adaptive_phase_change_run15,adaptive,phase_change,1596,1778307789.44491,/big.txt,100794368,131072
375,375_adaptive_phase_change_run15,adaptive,phase_change,1597,1778307789.4469173,/big.txt,100925440,131072
375,375_adaptive_phase_change_run15,adaptive,phase_change,1598,1778307789.448908,/big.txt,101056512,131072
375,375_adaptive_phase_change_run15,adaptive,phase_change,1599,1778307789.4509845,/big.txt,101187584,131072
375,375_adaptive_phase_change_run15,adaptive,phase_change,1600,1778307789.4530041,/big.txt,101318656,131072
375,375_adaptive_phase_change_run15,adaptive,phase_change,1601,1778307789.4550304,/big.txt,101449728,131072
375,375_adaptive_phase_change_run15,adaptive,phase_change,1602,1778307789.4570518,/big.txt,101580800,131072
375,375_adaptive_phase_change_run15,adaptive,phase_change,1603,1778307789.4590645,/big.txt,101711872,131072
375,375_adaptive_phase_change_run15,adaptive,phase_change,1604,1778307789.4610767,/big.txt,101842944,131072
375,375_adaptive_phase_change_run15,adaptive,phase_change,1605,1778307789.4630806,/big.txt,101974016,131072
375,375_adaptive_phase_change_run15,adaptive,phase_change,1606,1778307789.465101,/big.txt,102105088,131072
375,375_adaptive_phase_change_run15,adaptive,phase_change,1607,1778307789.4671202,/big.txt,102236160,131072
375,375_adaptive_phase_change_run15,adaptive,phase_change,1608,1778307789.4691308,/big.txt,102367232,131072
375,375_adaptive_phase_change_run15,adaptive,phase_change,1609,1778307789.4711885,/big.txt,102498304,131072
375,375_adaptive_phase_change_run15,adaptive,phase_change,1610,1778307789.473227,/big.txt,102629376,131072
375,375_adaptive_phase_change_run15,adaptive,phase_change,1611,1778307789.475235,/big.txt,102760448,131072
375,375_adaptive_phase_change_run15,adaptive,phase_change,1612,1778307789.477245,/big.txt,102891520,131072
375,375_adaptive_phase_change_run15,adaptive,phase_change,1613,1778307789.4792516,/big.txt,103022592,131072
375,375_adaptive_phase_change_run15,adaptive,phase_change,1614,1778307789.481253,/big.txt,103153664,131072
375,375_adaptive_phase_change_run15,adaptive,phase_change,1615,1778307789.4832675,/big.txt,103284736,131072
375,375_adaptive_phase_change_run15,adaptive,phase_change,1616,1778307789.4852824,/big.txt,103415808,131072
375,375_adaptive_phase_change_run15,adaptive,phase_change,1617,1778307789.4873083,/big.txt,103546880,131072
375,375_adaptive_phase_change_run15,adaptive,phase_change,1618,1778307789.4893112,/big.txt,103677952,131072
375,375_adaptive_phase_change_run15,adaptive,phase_change,1619,1778307789.4913669,/big.txt,103809024,131072
375,375_adaptive_phase_change_run15,adaptive,phase_change,1620,1778307789.4933875,/big.txt,103940096,131072
375,375_adaptive_phase_change_run15,adaptive,phase_change,1621,1778307789.4954145,/big.txt,104071168,131072
375,375_adaptive_phase_change_run15,adaptive,phase_change,1622,1778307789.4974282,/big.txt,104202240,131072
375,375_adaptive_phase_change_run15,adaptive,phase_change,1623,1778307789.4995732,/big.txt,104333312,131072
375,375_adaptive_phase_change_run15,adaptive,phase_change,1624,1778307789.5015826,/big.txt,104464384,131072
375,375_adaptive_phase_change_run15,adaptive,phase_change,1625,1778307789.5036137,/big.txt,104595456,131072
375,375_adaptive_phase_change_run15,adaptive,phase_change,1626,1778307789.5056133,/big.txt,104726528,131072
375,375_adaptive_phase_change_run15,adaptive,phase_change,1627,1778307789.5058246,/big.txt,104857600,0
