run_index,run_label,mode,workload,timestamp,path,offset,size,phase,confidence,decay_rate,seek_delta,prefetch,prefetch_offset,prefetch_size,prefetch_depth,cache_hit,false_negative
16,016_none_sequential_run16,none,sequential,1778267497.2561896,/big.txt,0,131072,unknown,0.0000,0.0000,0,0,,,1,-1,0
16,016_none_sequential_run16,none,sequential,1778267497.2595046,/big.txt,131072,131072,sequential,1.0000,0.0000,0,0,,,1,-1,0
16,016_none_sequential_run16,none,sequential,1778267497.2626176,/big.txt,262144,131072,sequential,1.0000,0.0000,0,0,,,1,-1,0
16,016_none_sequential_run16,none,sequential,1778267497.2657406,/big.txt,393216,131072,sequential,1.0000,0.0000,0,0,,,1,-1,0
16,016_none_sequential_run16,none,sequential,1778267497.2688909,/big.txt,524288,131072,sequential,1.0000,0.0000,0,0,,,1,-1,0
16,016_none_sequential_run16,none,sequential,1778267497.2720642,/big.txt,655360,131072,sequential,1.0000,0.0000,0,0,,,1,-1,0
16,016_none_sequential_run16,none,sequential,1778267497.2751513,/big.txt,786432,131072,sequential,1.0000,0.0000,0,0,,,1,-1,0
16,016_none_sequential_run16,none,sequential,1778267497.2782545,/big.txt,917504,131072,sequential,1.0000,0.0000,0,0,,,1,-1,0
16,016_none_sequential_run16,none,sequential,1778267497.281257,/big.txt,1048576,131072,sequential,1.0000,0.0000,0,0,,,1,-1,0
16,016_none_sequential_run16,none,sequential,1778267497.2842596,/big.txt,1179648,131072,sequential,1.0000,0.0000,0,0,,,1,-1,0
16,016_none_sequential_run16,none,sequential,1778267497.287243,/big.txt,1310720,131072,sequential,1.0000,0.0000,0,0,,,1,-1,0
16,016_none_sequential_run16,none,sequential,1778267497.2901604,/big.txt,1441792,131072,sequential,1.0000,0.0000,0,0,,,1,-1,0
16,016_none_sequential_run16,none,sequential,1778267497.2930832,/big.txt,1572864,131072,sequential,1.0000,0.0000,0,0,,,1,-1,0
16,016_none_sequential_run16,none,sequential,1778267497.2959547,/big.txt,1703936,131072,sequential,1.0000,0.0000,0,0,,,1,-1,0
16,016_none_sequential_run16,none,sequential,1778267497.2988048,/big.txt,1835008,131072,sequential,1.0000,0.0000,0,0,,,1,-1,0
16,016_none_sequential_run16,none,sequential,1778267497.301683,/big.txt,1966080,131072,sequential,1.0000,0.0000,0,0,,,1,-1,0
16,016_none_sequential_run16,none,sequential,1778267497.3046222,/big.txt,2097152,131072,sequential,1.0000,0.0000,0,0,,,1,-1,0
16,016_none_sequential_run16,none,sequential,1778267497.3075418,/big.txt,2228224,131072,sequential,1.0000,0.0000,0,0,,,1,-1,0
16,016_none_sequential_run16,none,sequential,1778267497.310444,/big.txt,2359296,131072,sequential,1.0000,0.0000,0,0,,,1,-1,0
16,016_none_sequential_run16,none,sequential,1778267497.3153098,/big.txt,2490368,131072,sequential,1.0000,0.0000,0,0,,,1,-1,0
16,016_none_sequential_run16,none,sequential,1778267497.3182886,/big.txt,2621440,131072,sequential,1.0000,0.0000,0,0,,,1,-1,0
16,016_none_sequential_run16,none,sequential,1778267497.3212547,/big.txt,2752512,131072,sequential,1.0000,0.0000,0,0,,,1,-1,0
16,016_none_sequential_run16,none,sequential,1778267497.3242424,/big.txt,2883584,131072,sequential,1.0000,0.0000,0,0,,,1,-1,0
16,016_none_sequential_run16,none,sequential,1778267497.3272781,/big.txt,3014656,131072,sequential,1.0000,0.0000,0,0,,,1,-1,0
16,016_none_sequential_run16,none,sequential,1778267497.3302007,/big.txt,3145728,131072,sequential,1.0000,0.0000,0,0,,,1,-1,0
16,016_none_sequential_run16,none,sequential,1778267497.3331313,/big.txt,3276800,131072,sequential,1.0000,0.0000,0,0,,,1,-1,0
16,016_none_sequential_run16,none,sequential,1778267497.3360698,/big.txt,3407872,131072,sequential,1.0000,0.0000,0,0,,,1,-1,0
16,016_none_sequential_run16,none,sequential,1778267497.3390863,/big.txt,3538944,131072,sequential,1.0000,0.0000,0,0,,,1,-1,0
16,016_none_sequential_run16,none,sequential,1778267497.3420448,/big.txt,3670016,131072,sequential,1.0000,0.0000,0,0,,,1,-1,0
16,016_none_sequential_run16,none,sequential,1778267497.3449538,/big.txt,3801088,131072,sequential,1.0000,0.0000,0,0,,,1,-1,0
16,016_none_sequential_run16,none,sequential,1778267497.3478575,/big.txt,3932160,131072,sequential,1.0000,0.0000,0,0,,,1,-1,0
16,016_none_sequential_run16,none,sequential,1778267497.3506956,/big.txt,4063232,131072,sequential,1.0000,0.0000,0,0,,,1,-1,0
16,016_none_sequential_run16,none,sequential,1778267497.3534095,/big.txt,4194304,131072,sequential,1.0000,0.0000,0,0,,,1,-1,0
16,016_none_sequential_run16,none,sequential,1778267497.3560157,/big.txt,4325376,131072,sequential,1.0000,0.0000,0,0,,,1,-1,0
16,016_none_sequential_run16,none,sequential,1778267497.3585832,/big.txt,4456448,131072,sequential,1.0000,0.0000,0,0,,,1,-1,0
16,016_none_sequential_run16,none,sequential,1778267497.3611777,/big.txt,4587520,131072,sequential,1.0000,0.0000,0,0,,,1,-1,0
16,016_none_sequential_run16,none,sequential,1778267497.3637502,/big.txt,4718592,131072,sequential,1.0000,0.0000,0,0,,,1,-1,0
16,016_none_sequential_run16,none,sequential,1778267497.3663127,/big.txt,4849664,131072,sequential,1.0000,0.0000,0,0,,,1,-1,0
16,016_none_sequential_run16,none,sequential,1778267497.3689246,/big.txt,4980736,131072,sequential,1.0000,0.0000,0,0,,,1,-1,0
16,016_none_sequential_run16,none,sequential,1778267497.3715036,/big.txt,5111808,131072,sequential,1.0000,0.0000,0,0,,,1,-1,0
16,016_none_sequential_run16,none,sequential,1778267497.37408,/big.txt,5242880,131072,sequential,1.0000,0.0000,0,0,,,1,-1,0
16,016_none_sequential_run16,none,sequential,1778267497.3767068,/big.txt,5373952,131072,sequential,1.0000,0.0000,0,0,,,1,-1,0
16,016_none_sequential_run16,none,sequential,1778267497.3793805,/big.txt,5505024,131072,sequential,1.0000,0.0000,0,0,,,1,-1,0
16,016_none_sequential_run16,none,sequential,1778267497.3819816,/big.txt,5636096,131072,sequential,1.0000,0.0000,0,0,,,1,-1,0
16,016_none_sequential_run16,none,sequential,1778267497.3846564,/big.txt,5767168,131072,sequential,1.0000,0.0000,0,0,,,1,-1,0
16,016_none_sequential_run16,none,sequential,1778267497.3872786,/big.txt,5898240,131072,sequential,1.0000,0.0000,0,0,,,1,-1,0
16,016_none_sequential_run16,none,sequential,1778267497.3898659,/big.txt,6029312,131072,sequential,1.0000,0.0000,0,0,,,1,-1,0
16,016_none_sequential_run16,none,sequential,1778267497.392529,/big.txt,6160384,131072,sequential,1.0000,0.0000,0,0,,,1,-1,0
16,016_none_sequential_run16,none,sequential,1778267497.3954027,/big.txt,6291456,131072,sequential,1.0000,0.0000,0,0,,,1,-1,0
16,016_none_sequential_run16,none,sequential,1778267497.39804,/big.txt,6422528,131072,sequential,1.0000,0.0000,0,0,,,1,-1,0
16,016_none_sequential_run16,none,sequential,1778267497.4006917,/big.txt,6553600,131072,sequential,1.0000,0.0000,0,0,,,1,-1,0
16,016_none_sequential_run16,none,sequential,1778267497.4032896,/big.txt,6684672,131072,sequential,1.0000,0.0000,0,0,,,1,-1,0
16,016_none_sequential_run16,none,sequential,1778267497.405938,/big.txt,6815744,131072,sequential,1.0000,0.0000,0,0,,,1,-1,0
16,016_none_sequential_run16,none,sequential,1778267497.4085958,/big.txt,6946816,131072,sequential,1.0000,0.0000,0,0,,,1,-1,0
16,016_none_sequential_run16,none,sequential,1778267497.4112637,/big.txt,7077888,131072,sequential,1.0000,0.0000,0,0,,,1,-1,0
16,016_none_sequential_run16,none,sequential,1778267497.4138448,/big.txt,7208960,131072,sequential,1.0000,0.0000,0,0,,,1,-1,0
16,016_none_sequential_run16,none,sequential,1778267497.4165397,/big.txt,7340032,131072,sequential,1.0000,0.0000,0,0,,,1,-1,0
16,016_none_sequential_run16,none,sequential,1778267497.4191563,/big.txt,7471104,131072,sequential,1.0000,0.0000,0,0,,,1,-1,0
16,016_none_sequential_run16,none,sequential,1778267497.4217675,/big.txt,7602176,131072,sequential,1.0000,0.0000,0,0,,,1,-1,0
16,016_none_sequential_run16,none,sequential,1778267497.4244447,/big.txt,7733248,131072,sequential,1.0000,0.0000,0,0,,,1,-1,0
16,016_none_sequential_run16,none,sequential,1778267497.4270656,/big.txt,7864320,131072,sequential,1.0000,0.0000,0,0,,,1,-1,0
16,016_none_sequential_run16,none,sequential,1778267497.4296832,/big.txt,7995392,131072,sequential,1.0000,0.0000,0,0,,,1,-1,0
16,016_none_sequential_run16,none,sequential,1778267497.4323394,/big.txt,8126464,131072,sequential,1.0000,0.0000,0,0,,,1,-1,0
16,016_none_sequential_run16,none,sequential,1778267497.4349494,/big.txt,8257536,131072,sequential,1.0000,0.0000,0,0,,,1,-1,0
16,016_none_sequential_run16,none,sequential,1778267497.4375393,/big.txt,8388608,131072,sequential,1.0000,0.0000,0,0,,,1,-1,0
16,016_none_sequential_run16,none,sequential,1778267497.4402208,/big.txt,8519680,131072,sequential,1.0000,0.0000,0,0,,,1,-1,0
16,016_none_sequential_run16,none,sequential,1778267497.4428535,/big.txt,8650752,131072,sequential,1.0000,0.0000,0,0,,,1,-1,0
16,016_none_sequential_run16,none,sequential,1778267497.4454927,/big.txt,8781824,131072,sequential,1.0000,0.0000,0,0,,,1,-1,0
16,016_none_sequential_run16,none,sequential,1778267497.4481103,/big.txt,8912896,131072,sequential,1.0000,0.0000,0,0,,,1,-1,0
16,016_none_sequential_run16,none,sequential,1778267497.450677,/big.txt,9043968,131072,sequential,1.0000,0.0000,0,0,,,1,-1,0
16,016_none_sequential_run16,none,sequential,1778267497.453247,/big.txt,9175040,131072,sequential,1.0000,0.0000,0,0,,,1,-1,0
16,016_none_sequential_run16,none,sequential,1778267497.4558656,/big.txt,9306112,131072,sequential,1.0000,0.0000,0,0,,,1,-1,0
16,016_none_sequential_run16,none,sequential,1778267497.4584327,/big.txt,9437184,131072,sequential,1.0000,0.0000,0,0,,,1,-1,0
16,016_none_sequential_run16,none,sequential,1778267497.460985,/big.txt,9568256,131072,sequential,1.0000,0.0000,0,0,,,1,-1,0
16,016_none_sequential_run16,none,sequential,1778267497.463554,/big.txt,9699328,131072,sequential,1.0000,0.0000,0,0,,,1,-1,0
16,016_none_sequential_run16,none,sequential,1778267497.4661863,/big.txt,9830400,131072,sequential,1.0000,0.0000,0,0,,,1,-1,0
16,016_none_sequential_run16,none,sequential,1778267497.468835,/big.txt,9961472,131072,sequential,1.0000,0.0000,0,0,,,1,-1,0
16,016_none_sequential_run16,none,sequential,1778267497.4714942,/big.txt,10092544,131072,sequential,1.0000,0.0000,0,0,,,1,-1,0
16,016_none_sequential_run16,none,sequential,1778267497.474141,/big.txt,10223616,131072,sequential,1.0000,0.0000,0,0,,,1,-1,0
16,016_none_sequential_run16,none,sequential,1778267497.47676,/big.txt,10354688,131072,sequential,1.0000,0.0000,0,0,,,1,-1,0
16,016_none_sequential_run16,none,sequential,1778267497.4793913,/big.txt,10485760,131072,sequential,1.0000,0.0000,0,0,,,1,-1,0
16,016_none_sequential_run16,none,sequential,1778267497.4820406,/big.txt,10616832,131072,sequential,1.0000,0.0000,0,0,,,1,-1,0
16,016_none_sequential_run16,none,sequential,1778267497.4847,/big.txt,10747904,131072,sequential,1.0000,0.0000,0,0,,,1,-1,0
16,016_none_sequential_run16,none,sequential,1778267497.487331,/big.txt,10878976,131072,sequential,1.0000,0.0000,0,0,,,1,-1,0
16,016_none_sequential_run16,none,sequential,1778267497.4899676,/big.txt,11010048,131072,sequential,1.0000,0.0000,0,0,,,1,-1,0
16,016_none_sequential_run16,none,sequential,1778267497.4926157,/big.txt,11141120,131072,sequential,1.0000,0.0000,0,0,,,1,-1,0
16,016_none_sequential_run16,none,sequential,1778267497.4952514,/big.txt,11272192,131072,sequential,1.0000,0.0000,0,0,,,1,-1,0
16,016_none_sequential_run16,none,sequential,1778267497.4979112,/big.txt,11403264,131072,sequential,1.0000,0.0000,0,0,,,1,-1,0
16,016_none_sequential_run16,none,sequential,1778267497.5005825,/big.txt,11534336,131072,sequential,1.0000,0.0000,0,0,,,1,-1,0
16,016_none_sequential_run16,none,sequential,1778267497.5033624,/big.txt,11665408,131072,sequential,1.0000,0.0000,0,0,,,1,-1,0
16,016_none_sequential_run16,none,sequential,1778267497.5060031,/big.txt,11796480,131072,sequential,1.0000,0.0000,0,0,,,1,-1,0
16,016_none_sequential_run16,none,sequential,1778267497.508699,/big.txt,11927552,131072,sequential,1.0000,0.0000,0,0,,,1,-1,0
16,016_none_sequential_run16,none,sequential,1778267497.5113506,/big.txt,12058624,131072,sequential,1.0000,0.0000,0,0,,,1,-1,0
16,016_none_sequential_run16,none,sequential,1778267497.5139656,/big.txt,12189696,131072,sequential,1.0000,0.0000,0,0,,,1,-1,0
16,016_none_sequential_run16,none,sequential,1778267497.5166552,/big.txt,12320768,131072,sequential,1.0000,0.0000,0,0,,,1,-1,0
16,016_none_sequential_run16,none,sequential,1778267497.5192668,/big.txt,12451840,131072,sequential,1.0000,0.0000,0,0,,,1,-1,0
16,016_none_sequential_run16,none,sequential,1778267497.5218608,/big.txt,12582912,131072,sequential,1.0000,0.0000,0,0,,,1,-1,0
16,016_none_sequential_run16,none,sequential,1778267497.5245507,/big.txt,12713984,131072,sequential,1.0000,0.0000,0,0,,,1,-1,0
16,016_none_sequential_run16,none,sequential,1778267497.5271676,/big.txt,12845056,131072,sequential,1.0000,0.0000,0,0,,,1,-1,0
16,016_none_sequential_run16,none,sequential,1778267497.5297816,/big.txt,12976128,131072,sequential,1.0000,0.0000,0,0,,,1,-1,0
16,016_none_sequential_run16,none,sequential,1778267497.5324519,/big.txt,13107200,131072,sequential,1.0000,0.0000,0,0,,,1,-1,0
16,016_none_sequential_run16,none,sequential,1778267497.5350823,/big.txt,13238272,131072,sequential,1.0000,0.0000,0,0,,,1,-1,0
16,016_none_sequential_run16,none,sequential,1778267497.5376973,/big.txt,13369344,131072,sequential,1.0000,0.0000,0,0,,,1,-1,0
16,016_none_sequential_run16,none,sequential,1778267497.5403438,/big.txt,13500416,131072,sequential,1.0000,0.0000,0,0,,,1,-1,0
16,016_none_sequential_run16,none,sequential,1778267497.5429754,/big.txt,13631488,131072,sequential,1.0000,0.0000,0,0,,,1,-1,0
16,016_none_sequential_run16,none,sequential,1778267497.5455601,/big.txt,13762560,131072,sequential,1.0000,0.0000,0,0,,,1,-1,0
16,016_none_sequential_run16,none,sequential,1778267497.54821,/big.txt,13893632,131072,sequential,1.0000,0.0000,0,0,,,1,-1,0
16,016_none_sequential_run16,none,sequential,1778267497.5508306,/big.txt,14024704,131072,sequential,1.0000,0.0000,0,0,,,1,-1,0
16,016_none_sequential_run16,none,sequential,1778267497.553422,/big.txt,14155776,131072,sequential,1.0000,0.0000,0,0,,,1,-1,0
16,016_none_sequential_run16,none,sequential,1778267497.5560288,/big.txt,14286848,131072,sequential,1.0000,0.0000,0,0,,,1,-1,0
16,016_none_sequential_run16,none,sequential,1778267497.5585737,/big.txt,14417920,131072,sequential,1.0000,0.0000,0,0,,,1,-1,0
16,016_none_sequential_run16,none,sequential,1778267497.5611537,/big.txt,14548992,131072,sequential,1.0000,0.0000,0,0,,,1,-1,0
16,016_none_sequential_run16,none,sequential,1778267497.563865,/big.txt,14680064,131072,sequential,1.0000,0.0000,0,0,,,1,-1,0
16,016_none_sequential_run16,none,sequential,1778267497.5664058,/big.txt,14811136,131072,sequential,1.0000,0.0000,0,0,,,1,-1,0
16,016_none_sequential_run16,none,sequential,1778267497.569012,/big.txt,14942208,131072,sequential,1.0000,0.0000,0,0,,,1,-1,0
16,016_none_sequential_run16,none,sequential,1778267497.5715704,/big.txt,15073280,131072,sequential,1.0000,0.0000,0,0,,,1,-1,0
16,016_none_sequential_run16,none,sequential,1778267497.5741346,/big.txt,15204352,131072,sequential,1.0000,0.0000,0,0,,,1,-1,0
16,016_none_sequential_run16,none,sequential,1778267497.576728,/big.txt,15335424,131072,sequential,1.0000,0.0000,0,0,,,1,-1,0
16,016_none_sequential_run16,none,sequential,1778267497.5793273,/big.txt,15466496,131072,sequential,1.0000,0.0000,0,0,,,1,-1,0
16,016_none_sequential_run16,none,sequential,1778267497.5818863,/big.txt,15597568,131072,sequential,1.0000,0.0000,0,0,,,1,-1,0
16,016_none_sequential_run16,none,sequential,1778267497.5845482,/big.txt,15728640,131072,sequential,1.0000,0.0000,0,0,,,1,-1,0
16,016_none_sequential_run16,none,sequential,1778267497.5871432,/big.txt,15859712,131072,sequential,1.0000,0.0000,0,0,,,1,-1,0
16,016_none_sequential_run16,none,sequential,1778267497.589745,/big.txt,15990784,131072,sequential,1.0000,0.0000,0,0,,,1,-1,0
16,016_none_sequential_run16,none,sequential,1778267497.5923839,/big.txt,16121856,131072,sequential,1.0000,0.0000,0,0,,,1,-1,0
16,016_none_sequential_run16,none,sequential,1778267497.594964,/big.txt,16252928,131072,sequential,1.0000,0.0000,0,0,,,1,-1,0
16,016_none_sequential_run16,none,sequential,1778267497.5975385,/big.txt,16384000,131072,sequential,1.0000,0.0000,0,0,,,1,-1,0
16,016_none_sequential_run16,none,sequential,1778267497.6001542,/big.txt,16515072,131072,sequential,1.0000,0.0000,0,0,,,1,-1,0
16,016_none_sequential_run16,none,sequential,1778267497.6027172,/big.txt,16646144,131072,sequential,1.0000,0.0000,0,0,,,1,-1,0
16,016_none_sequential_run16,none,sequential,1778267497.605317,/big.txt,16777216,131072,sequential,1.0000,0.0000,0,0,,,1,-1,0
16,016_none_sequential_run16,none,sequential,1778267497.6079013,/big.txt,16908288,131072,sequential,1.0000,0.0000,0,0,,,1,-1,0
16,016_none_sequential_run16,none,sequential,1778267497.6104977,/big.txt,17039360,131072,sequential,1.0000,0.0000,0,0,,,1,-1,0
16,016_none_sequential_run16,none,sequential,1778267497.613063,/big.txt,17170432,131072,sequential,1.0000,0.0000,0,0,,,1,-1,0
16,016_none_sequential_run16,none,sequential,1778267497.6182206,/big.txt,17301504,131072,sequential,1.0000,0.0000,0,0,,,1,-1,0
16,016_none_sequential_run16,none,sequential,1778267497.6234598,/big.txt,17432576,131072,sequential,1.0000,0.0000,0,0,,,1,-1,0
16,016_none_sequential_run16,none,sequential,1778267497.6274488,/big.txt,17563648,131072,sequential,1.0000,0.0000,0,0,,,1,-1,0
16,016_none_sequential_run16,none,sequential,1778267497.6300724,/big.txt,17694720,131072,sequential,1.0000,0.0000,0,0,,,1,-1,0
16,016_none_sequential_run16,none,sequential,1778267497.632682,/big.txt,17825792,131072,sequential,1.0000,0.0000,0,0,,,1,-1,0
16,016_none_sequential_run16,none,sequential,1778267497.6352825,/big.txt,17956864,131072,sequential,1.0000,0.0000,0,0,,,1,-1,0
16,016_none_sequential_run16,none,sequential,1778267497.637882,/big.txt,18087936,131072,sequential,1.0000,0.0000,0,0,,,1,-1,0
16,016_none_sequential_run16,none,sequential,1778267497.6405125,/big.txt,18219008,131072,sequential,1.0000,0.0000,0,0,,,1,-1,0
16,016_none_sequential_run16,none,sequential,1778267497.643213,/big.txt,18350080,131072,sequential,1.0000,0.0000,0,0,,,1,-1,0
16,016_none_sequential_run16,none,sequential,1778267497.6458187,/big.txt,18481152,131072,sequential,1.0000,0.0000,0,0,,,1,-1,0
16,016_none_sequential_run16,none,sequential,1778267497.6484685,/big.txt,18612224,131072,sequential,1.0000,0.0000,0,0,,,1,-1,0
16,016_none_sequential_run16,none,sequential,1778267497.651077,/big.txt,18743296,131072,sequential,1.0000,0.0000,0,0,,,1,-1,0
16,016_none_sequential_run16,none,sequential,1778267497.6536295,/big.txt,18874368,131072,sequential,1.0000,0.0000,0,0,,,1,-1,0
16,016_none_sequential_run16,none,sequential,1778267497.656266,/big.txt,19005440,131072,sequential,1.0000,0.0000,0,0,,,1,-1,0
16,016_none_sequential_run16,none,sequential,1778267497.6588998,/big.txt,19136512,131072,sequential,1.0000,0.0000,0,0,,,1,-1,0
16,016_none_sequential_run16,none,sequential,1778267497.6614594,/big.txt,19267584,131072,sequential,1.0000,0.0000,0,0,,,1,-1,0
16,016_none_sequential_run16,none,sequential,1778267497.6640825,/big.txt,19398656,131072,sequential,1.0000,0.0000,0,0,,,1,-1,0
16,016_none_sequential_run16,none,sequential,1778267497.6666923,/big.txt,19529728,131072,sequential,1.0000,0.0000,0,0,,,1,-1,0
16,016_none_sequential_run16,none,sequential,1778267497.6692674,/big.txt,19660800,131072,sequential,1.0000,0.0000,0,0,,,1,-1,0
16,016_none_sequential_run16,none,sequential,1778267497.6718473,/big.txt,19791872,131072,sequential,1.0000,0.0000,0,0,,,1,-1,0
16,016_none_sequential_run16,none,sequential,1778267497.6744068,/big.txt,19922944,131072,sequential,1.0000,0.0000,0,0,,,1,-1,0
16,016_none_sequential_run16,none,sequential,1778267497.6769745,/big.txt,20054016,131072,sequential,1.0000,0.0000,0,0,,,1,-1,0
16,016_none_sequential_run16,none,sequential,1778267497.6795614,/big.txt,20185088,131072,sequential,1.0000,0.0000,0,0,,,1,-1,0
16,016_none_sequential_run16,none,sequential,1778267497.6821606,/big.txt,20316160,131072,sequential,1.0000,0.0000,0,0,,,1,-1,0
16,016_none_sequential_run16,none,sequential,1778267497.6847336,/big.txt,20447232,131072,sequential,1.0000,0.0000,0,0,,,1,-1,0
16,016_none_sequential_run16,none,sequential,1778267497.6885295,/big.txt,20578304,131072,sequential,1.0000,0.0000,0,0,,,1,-1,0
16,016_none_sequential_run16,none,sequential,1778267497.693747,/big.txt,20709376,131072,sequential,1.0000,0.0000,0,0,,,1,-1,0
16,016_none_sequential_run16,none,sequential,1778267497.6989439,/big.txt,20840448,131072,sequential,1.0000,0.0000,0,0,,,1,-1,0
16,016_none_sequential_run16,none,sequential,1778267497.7015316,/big.txt,20971520,131072,sequential,1.0000,0.0000,0,0,,,1,-1,0
16,016_none_sequential_run16,none,sequential,1778267497.70417,/big.txt,21102592,131072,sequential,1.0000,0.0000,0,0,,,1,-1,0
16,016_none_sequential_run16,none,sequential,1778267497.7067943,/big.txt,21233664,131072,sequential,1.0000,0.0000,0,0,,,1,-1,0
16,016_none_sequential_run16,none,sequential,1778267497.7093782,/big.txt,21364736,131072,sequential,1.0000,0.0000,0,0,,,1,-1,0
16,016_none_sequential_run16,none,sequential,1778267497.7120156,/big.txt,21495808,131072,sequential,1.0000,0.0000,0,0,,,1,-1,0
16,016_none_sequential_run16,none,sequential,1778267497.714608,/big.txt,21626880,131072,sequential,1.0000,0.0000,0,0,,,1,-1,0
16,016_none_sequential_run16,none,sequential,1778267497.7172234,/big.txt,21757952,131072,sequential,1.0000,0.0000,0,0,,,1,-1,0
16,016_none_sequential_run16,none,sequential,1778267497.719869,/big.txt,21889024,131072,sequential,1.0000,0.0000,0,0,,,1,-1,0
16,016_none_sequential_run16,none,sequential,1778267497.722447,/big.txt,22020096,131072,sequential,1.0000,0.0000,0,0,,,1,-1,0
16,016_none_sequential_run16,none,sequential,1778267497.724999,/big.txt,22151168,131072,sequential,1.0000,0.0000,0,0,,,1,-1,0
16,016_none_sequential_run16,none,sequential,1778267497.7275815,/big.txt,22282240,131072,sequential,1.0000,0.0000,0,0,,,1,-1,0
16,016_none_sequential_run16,none,sequential,1778267497.7302618,/big.txt,22413312,131072,sequential,1.0000,0.0000,0,0,,,1,-1,0
16,016_none_sequential_run16,none,sequential,1778267497.7328753,/big.txt,22544384,131072,sequential,1.0000,0.0000,0,0,,,1,-1,0
16,016_none_sequential_run16,none,sequential,1778267497.7354503,/big.txt,22675456,131072,sequential,1.0000,0.0000,0,0,,,1,-1,0
16,016_none_sequential_run16,none,sequential,1778267497.738137,/big.txt,22806528,131072,sequential,1.0000,0.0000,0,0,,,1,-1,0
16,016_none_sequential_run16,none,sequential,1778267497.7407026,/big.txt,22937600,131072,sequential,1.0000,0.0000,0,0,,,1,-1,0
16,016_none_sequential_run16,none,sequential,1778267497.74331,/big.txt,23068672,131072,sequential,1.0000,0.0000,0,0,,,1,-1,0
16,016_none_sequential_run16,none,sequential,1778267497.745884,/big.txt,23199744,131072,sequential,1.0000,0.0000,0,0,,,1,-1,0
16,016_none_sequential_run16,none,sequential,1778267497.7485335,/big.txt,23330816,131072,sequential,1.0000,0.0000,0,0,,,1,-1,0
16,016_none_sequential_run16,none,sequential,1778267497.7511885,/big.txt,23461888,131072,sequential,1.0000,0.0000,0,0,,,1,-1,0
16,016_none_sequential_run16,none,sequential,1778267497.7537858,/big.txt,23592960,131072,sequential,1.0000,0.0000,0,0,,,1,-1,0
16,016_none_sequential_run16,none,sequential,1778267497.7564373,/big.txt,23724032,131072,sequential,1.0000,0.0000,0,0,,,1,-1,0
16,016_none_sequential_run16,none,sequential,1778267497.7590854,/big.txt,23855104,131072,sequential,1.0000,0.0000,0,0,,,1,-1,0
16,016_none_sequential_run16,none,sequential,1778267497.7616763,/big.txt,23986176,131072,sequential,1.0000,0.0000,0,0,,,1,-1,0
16,016_none_sequential_run16,none,sequential,1778267497.7643304,/big.txt,24117248,131072,sequential,1.0000,0.0000,0,0,,,1,-1,0
16,016_none_sequential_run16,none,sequential,1778267497.766968,/big.txt,24248320,131072,sequential,1.0000,0.0000,0,0,,,1,-1,0
16,016_none_sequential_run16,none,sequential,1778267497.7696335,/big.txt,24379392,131072,sequential,1.0000,0.0000,0,0,,,1,-1,0
16,016_none_sequential_run16,none,sequential,1778267497.7722743,/big.txt,24510464,131072,sequential,1.0000,0.0000,0,0,,,1,-1,0
16,016_none_sequential_run16,none,sequential,1778267497.7749174,/big.txt,24641536,131072,sequential,1.0000,0.0000,0,0,,,1,-1,0
16,016_none_sequential_run16,none,sequential,1778267497.777548,/big.txt,24772608,131072,sequential,1.0000,0.0000,0,0,,,1,-1,0
16,016_none_sequential_run16,none,sequential,1778267497.7802022,/big.txt,24903680,131072,sequential,1.0000,0.0000,0,0,,,1,-1,0
16,016_none_sequential_run16,none,sequential,1778267497.7828288,/big.txt,25034752,131072,sequential,1.0000,0.0000,0,0,,,1,-1,0
16,016_none_sequential_run16,none,sequential,1778267497.7854855,/big.txt,25165824,131072,sequential,1.0000,0.0000,0,0,,,1,-1,0
16,016_none_sequential_run16,none,sequential,1778267497.7880743,/big.txt,25296896,131072,sequential,1.0000,0.0000,0,0,,,1,-1,0
16,016_none_sequential_run16,none,sequential,1778267497.7906528,/big.txt,25427968,131072,sequential,1.0000,0.0000,0,0,,,1,-1,0
16,016_none_sequential_run16,none,sequential,1778267497.7932143,/big.txt,25559040,131072,sequential,1.0000,0.0000,0,0,,,1,-1,0
16,016_none_sequential_run16,none,sequential,1778267497.79583,/big.txt,25690112,131072,sequential,1.0000,0.0000,0,0,,,1,-1,0
16,016_none_sequential_run16,none,sequential,1778267497.7983785,/big.txt,25821184,131072,sequential,1.0000,0.0000,0,0,,,1,-1,0
16,016_none_sequential_run16,none,sequential,1778267497.800963,/big.txt,25952256,131072,sequential,1.0000,0.0000,0,0,,,1,-1,0
16,016_none_sequential_run16,none,sequential,1778267497.8056426,/big.txt,26083328,131072,sequential,1.0000,0.0000,0,0,,,1,-1,0
16,016_none_sequential_run16,none,sequential,1778267497.8108683,/big.txt,26214400,131072,sequential,1.0000,0.0000,0,0,,,1,-1,0
16,016_none_sequential_run16,none,sequential,1778267497.8152404,/big.txt,26345472,131072,sequential,1.0000,0.0000,0,0,,,1,-1,0
16,016_none_sequential_run16,none,sequential,1778267497.8178298,/big.txt,26476544,131072,sequential,1.0000,0.0000,0,0,,,1,-1,0
16,016_none_sequential_run16,none,sequential,1778267497.820534,/big.txt,26607616,131072,sequential,1.0000,0.0000,0,0,,,1,-1,0
16,016_none_sequential_run16,none,sequential,1778267497.8232355,/big.txt,26738688,131072,sequential,1.0000,0.0000,0,0,,,1,-1,0
16,016_none_sequential_run16,none,sequential,1778267497.825817,/big.txt,26869760,131072,sequential,1.0000,0.0000,0,0,,,1,-1,0
16,016_none_sequential_run16,none,sequential,1778267497.8285074,/big.txt,27000832,131072,sequential,1.0000,0.0000,0,0,,,1,-1,0
16,016_none_sequential_run16,none,sequential,1778267497.831152,/big.txt,27131904,131072,sequential,1.0000,0.0000,0,0,,,1,-1,0
16,016_none_sequential_run16,none,sequential,1778267497.833772,/big.txt,27262976,131072,sequential,1.0000,0.0000,0,0,,,1,-1,0
16,016_none_sequential_run16,none,sequential,1778267497.8364468,/big.txt,27394048,131072,sequential,1.0000,0.0000,0,0,,,1,-1,0
16,016_none_sequential_run16,none,sequential,1778267497.839141,/big.txt,27525120,131072,sequential,1.0000,0.0000,0,0,,,1,-1,0
16,016_none_sequential_run16,none,sequential,1778267497.8417382,/big.txt,27656192,131072,sequential,1.0000,0.0000,0,0,,,1,-1,0
16,016_none_sequential_run16,none,sequential,1778267497.844414,/big.txt,27787264,131072,sequential,1.0000,0.0000,0,0,,,1,-1,0
16,016_none_sequential_run16,none,sequential,1778267497.8470533,/big.txt,27918336,131072,sequential,1.0000,0.0000,0,0,,,1,-1,0
16,016_none_sequential_run16,none,sequential,1778267497.8496504,/big.txt,28049408,131072,sequential,1.0000,0.0000,0,0,,,1,-1,0
16,016_none_sequential_run16,none,sequential,1778267497.8522975,/big.txt,28180480,131072,sequential,1.0000,0.0000,0,0,,,1,-1,0
16,016_none_sequential_run16,none,sequential,1778267497.8549411,/big.txt,28311552,131072,sequential,1.0000,0.0000,0,0,,,1,-1,0
16,016_none_sequential_run16,none,sequential,1778267497.8575234,/big.txt,28442624,131072,sequential,1.0000,0.0000,0,0,,,1,-1,0
16,016_none_sequential_run16,none,sequential,1778267497.860139,/big.txt,28573696,131072,sequential,1.0000,0.0000,0,0,,,1,-1,0
16,016_none_sequential_run16,none,sequential,1778267497.8627563,/big.txt,28704768,131072,sequential,1.0000,0.0000,0,0,,,1,-1,0
16,016_none_sequential_run16,none,sequential,1778267497.865361,/big.txt,28835840,131072,sequential,1.0000,0.0000,0,0,,,1,-1,0
16,016_none_sequential_run16,none,sequential,1778267497.8679266,/big.txt,28966912,131072,sequential,1.0000,0.0000,0,0,,,1,-1,0
16,016_none_sequential_run16,none,sequential,1778267497.8704689,/big.txt,29097984,131072,sequential,1.0000,0.0000,0,0,,,1,-1,0
16,016_none_sequential_run16,none,sequential,1778267497.8730028,/big.txt,29229056,131072,sequential,1.0000,0.0000,0,0,,,1,-1,0
16,016_none_sequential_run16,none,sequential,1778267497.8755867,/big.txt,29360128,131072,sequential,1.0000,0.0000,0,0,,,1,-1,0
16,016_none_sequential_run16,none,sequential,1778267497.8782415,/big.txt,29491200,131072,sequential,1.0000,0.0000,0,0,,,1,-1,0
16,016_none_sequential_run16,none,sequential,1778267497.8808923,/big.txt,29622272,131072,sequential,1.0000,0.0000,0,0,,,1,-1,0
16,016_none_sequential_run16,none,sequential,1778267497.8836331,/big.txt,29753344,131072,sequential,1.0000,0.0000,0,0,,,1,-1,0
16,016_none_sequential_run16,none,sequential,1778267497.8862953,/big.txt,29884416,131072,sequential,1.0000,0.0000,0,0,,,1,-1,0
16,016_none_sequential_run16,none,sequential,1778267497.8888805,/big.txt,30015488,131072,sequential,1.0000,0.0000,0,0,,,1,-1,0
16,016_none_sequential_run16,none,sequential,1778267497.8914466,/big.txt,30146560,131072,sequential,1.0000,0.0000,0,0,,,1,-1,0
16,016_none_sequential_run16,none,sequential,1778267497.8941357,/big.txt,30277632,131072,sequential,1.0000,0.0000,0,0,,,1,-1,0
16,016_none_sequential_run16,none,sequential,1778267497.8967285,/big.txt,30408704,131072,sequential,1.0000,0.0000,0,0,,,1,-1,0
16,016_none_sequential_run16,none,sequential,1778267497.8994365,/big.txt,30539776,131072,sequential,1.0000,0.0000,0,0,,,1,-1,0
16,016_none_sequential_run16,none,sequential,1778267497.902084,/big.txt,30670848,131072,sequential,1.0000,0.0000,0,0,,,1,-1,0
16,016_none_sequential_run16,none,sequential,1778267497.9047606,/big.txt,30801920,131072,sequential,1.0000,0.0000,0,0,,,1,-1,0
16,016_none_sequential_run16,none,sequential,1778267497.9074256,/big.txt,30932992,131072,sequential,1.0000,0.0000,0,0,,,1,-1,0
16,016_none_sequential_run16,none,sequential,1778267497.9100015,/big.txt,31064064,131072,sequential,1.0000,0.0000,0,0,,,1,-1,0
16,016_none_sequential_run16,none,sequential,1778267497.9126391,/big.txt,31195136,131072,sequential,1.0000,0.0000,0,0,,,1,-1,0
16,016_none_sequential_run16,none,sequential,1778267497.9153032,/big.txt,31326208,131072,sequential,1.0000,0.0000,0,0,,,1,-1,0
16,016_none_sequential_run16,none,sequential,1778267497.917875,/big.txt,31457280,131072,sequential,1.0000,0.0000,0,0,,,1,-1,0
16,016_none_sequential_run16,none,sequential,1778267497.9204996,/big.txt,31588352,131072,sequential,1.0000,0.0000,0,0,,,1,-1,0
16,016_none_sequential_run16,none,sequential,1778267497.9231575,/big.txt,31719424,131072,sequential,1.0000,0.0000,0,0,,,1,-1,0
16,016_none_sequential_run16,none,sequential,1778267497.9257598,/big.txt,31850496,131072,sequential,1.0000,0.0000,0,0,,,1,-1,0
16,016_none_sequential_run16,none,sequential,1778267497.928409,/big.txt,31981568,131072,sequential,1.0000,0.0000,0,0,,,1,-1,0
16,016_none_sequential_run16,none,sequential,1778267497.9310176,/big.txt,32112640,131072,sequential,1.0000,0.0000,0,0,,,1,-1,0
16,016_none_sequential_run16,none,sequential,1778267497.9335911,/big.txt,32243712,131072,sequential,1.0000,0.0000,0,0,,,1,-1,0
16,016_none_sequential_run16,none,sequential,1778267497.9361694,/big.txt,32374784,131072,sequential,1.0000,0.0000,0,0,,,1,-1,0
16,016_none_sequential_run16,none,sequential,1778267497.9387045,/big.txt,32505856,131072,sequential,1.0000,0.0000,0,0,,,1,-1,0
16,016_none_sequential_run16,none,sequential,1778267497.9412646,/big.txt,32636928,131072,sequential,1.0000,0.0000,0,0,,,1,-1,0
16,016_none_sequential_run16,none,sequential,1778267497.9438798,/big.txt,32768000,131072,sequential,1.0000,0.0000,0,0,,,1,-1,0
16,016_none_sequential_run16,none,sequential,1778267497.9464467,/big.txt,32899072,131072,sequential,1.0000,0.0000,0,0,,,1,-1,0
16,016_none_sequential_run16,none,sequential,1778267497.948993,/big.txt,33030144,131072,sequential,1.0000,0.0000,0,0,,,1,-1,0
16,016_none_sequential_run16,none,sequential,1778267497.9515567,/big.txt,33161216,131072,sequential,1.0000,0.0000,0,0,,,1,-1,0
16,016_none_sequential_run16,none,sequential,1778267497.9541218,/big.txt,33292288,131072,sequential,1.0000,0.0000,0,0,,,1,-1,0
16,016_none_sequential_run16,none,sequential,1778267497.956758,/big.txt,33423360,131072,sequential,1.0000,0.0000,0,0,,,1,-1,0
16,016_none_sequential_run16,none,sequential,1778267497.959369,/big.txt,33554432,131072,sequential,1.0000,0.0000,0,0,,,1,-1,0
16,016_none_sequential_run16,none,sequential,1778267497.9619415,/big.txt,33685504,131072,sequential,1.0000,0.0000,0,0,,,1,-1,0
16,016_none_sequential_run16,none,sequential,1778267497.964579,/big.txt,33816576,131072,sequential,1.0000,0.0000,0,0,,,1,-1,0
16,016_none_sequential_run16,none,sequential,1778267497.967328,/big.txt,33947648,131072,sequential,1.0000,0.0000,0,0,,,1,-1,0
16,016_none_sequential_run16,none,sequential,1778267497.9699473,/big.txt,34078720,131072,sequential,1.0000,0.0000,0,0,,,1,-1,0
16,016_none_sequential_run16,none,sequential,1778267497.9726357,/big.txt,34209792,131072,sequential,1.0000,0.0000,0,0,,,1,-1,0
16,016_none_sequential_run16,none,sequential,1778267497.9752676,/big.txt,34340864,131072,sequential,1.0000,0.0000,0,0,,,1,-1,0
16,016_none_sequential_run16,none,sequential,1778267497.9779286,/big.txt,34471936,131072,sequential,1.0000,0.0000,0,0,,,1,-1,0
16,016_none_sequential_run16,none,sequential,1778267497.9805915,/big.txt,34603008,131072,sequential,1.0000,0.0000,0,0,,,1,-1,0
16,016_none_sequential_run16,none,sequential,1778267497.9832525,/big.txt,34734080,131072,sequential,1.0000,0.0000,0,0,,,1,-1,0
16,016_none_sequential_run16,none,sequential,1778267497.985824,/big.txt,34865152,131072,sequential,1.0000,0.0000,0,0,,,1,-1,0
16,016_none_sequential_run16,none,sequential,1778267497.9884531,/big.txt,34996224,131072,sequential,1.0000,0.0000,0,0,,,1,-1,0
16,016_none_sequential_run16,none,sequential,1778267497.9911635,/big.txt,35127296,131072,sequential,1.0000,0.0000,0,0,,,1,-1,0
16,016_none_sequential_run16,none,sequential,1778267497.993836,/big.txt,35258368,131072,sequential,1.0000,0.0000,0,0,,,1,-1,0
16,016_none_sequential_run16,none,sequential,1778267497.9964983,/big.txt,35389440,131072,sequential,1.0000,0.0000,0,0,,,1,-1,0
16,016_none_sequential_run16,none,sequential,1778267497.9991312,/big.txt,35520512,131072,sequential,1.0000,0.0000,0,0,,,1,-1,0
16,016_none_sequential_run16,none,sequential,1778267498.0017254,/big.txt,35651584,131072,sequential,1.0000,0.0000,0,0,,,1,-1,0
16,016_none_sequential_run16,none,sequential,1778267498.0044055,/big.txt,35782656,131072,sequential,1.0000,0.0000,0,0,,,1,-1,0
16,016_none_sequential_run16,none,sequential,1778267498.007047,/big.txt,35913728,131072,sequential,1.0000,0.0000,0,0,,,1,-1,0
16,016_none_sequential_run16,none,sequential,1778267498.0096743,/big.txt,36044800,131072,sequential,1.0000,0.0000,0,0,,,1,-1,0
16,016_none_sequential_run16,none,sequential,1778267498.0123117,/big.txt,36175872,131072,sequential,1.0000,0.0000,0,0,,,1,-1,0
16,016_none_sequential_run16,none,sequential,1778267498.0149324,/big.txt,36306944,131072,sequential,1.0000,0.0000,0,0,,,1,-1,0
16,016_none_sequential_run16,none,sequential,1778267498.017514,/big.txt,36438016,131072,sequential,1.0000,0.0000,0,0,,,1,-1,0
16,016_none_sequential_run16,none,sequential,1778267498.0201478,/big.txt,36569088,131072,sequential,1.0000,0.0000,0,0,,,1,-1,0
16,016_none_sequential_run16,none,sequential,1778267498.022718,/big.txt,36700160,131072,sequential,1.0000,0.0000,0,0,,,1,-1,0
16,016_none_sequential_run16,none,sequential,1778267498.025283,/big.txt,36831232,131072,sequential,1.0000,0.0000,0,0,,,1,-1,0
16,016_none_sequential_run16,none,sequential,1778267498.027862,/big.txt,36962304,131072,sequential,1.0000,0.0000,0,0,,,1,-1,0
16,016_none_sequential_run16,none,sequential,1778267498.030426,/big.txt,37093376,131072,sequential,1.0000,0.0000,0,0,,,1,-1,0
16,016_none_sequential_run16,none,sequential,1778267498.0329804,/big.txt,37224448,131072,sequential,1.0000,0.0000,0,0,,,1,-1,0
16,016_none_sequential_run16,none,sequential,1778267498.0356588,/big.txt,37355520,131072,sequential,1.0000,0.0000,0,0,,,1,-1,0
16,016_none_sequential_run16,none,sequential,1778267498.0382936,/big.txt,37486592,131072,sequential,1.0000,0.0000,0,0,,,1,-1,0
16,016_none_sequential_run16,none,sequential,1778267498.040878,/big.txt,37617664,131072,sequential,1.0000,0.0000,0,0,,,1,-1,0
16,016_none_sequential_run16,none,sequential,1778267498.0434647,/big.txt,37748736,131072,sequential,1.0000,0.0000,0,0,,,1,-1,0
16,016_none_sequential_run16,none,sequential,1778267498.0460975,/big.txt,37879808,131072,sequential,1.0000,0.0000,0,0,,,1,-1,0
16,016_none_sequential_run16,none,sequential,1778267498.0487247,/big.txt,38010880,131072,sequential,1.0000,0.0000,0,0,,,1,-1,0
16,016_none_sequential_run16,none,sequential,1778267498.0514474,/big.txt,38141952,131072,sequential,1.0000,0.0000,0,0,,,1,-1,0
16,016_none_sequential_run16,none,sequential,1778267498.0541072,/big.txt,38273024,131072,sequential,1.0000,0.0000,0,0,,,1,-1,0
16,016_none_sequential_run16,none,sequential,1778267498.056725,/big.txt,38404096,131072,sequential,1.0000,0.0000,0,0,,,1,-1,0
16,016_none_sequential_run16,none,sequential,1778267498.0593426,/big.txt,38535168,131072,sequential,1.0000,0.0000,0,0,,,1,-1,0
16,016_none_sequential_run16,none,sequential,1778267498.0619602,/big.txt,38666240,131072,sequential,1.0000,0.0000,0,0,,,1,-1,0
16,016_none_sequential_run16,none,sequential,1778267498.0646102,/big.txt,38797312,131072,sequential,1.0000,0.0000,0,0,,,1,-1,0
16,016_none_sequential_run16,none,sequential,1778267498.0672462,/big.txt,38928384,131072,sequential,1.0000,0.0000,0,0,,,1,-1,0
16,016_none_sequential_run16,none,sequential,1778267498.0698102,/big.txt,39059456,131072,sequential,1.0000,0.0000,0,0,,,1,-1,0
16,016_none_sequential_run16,none,sequential,1778267498.072466,/big.txt,39190528,131072,sequential,1.0000,0.0000,0,0,,,1,-1,0
16,016_none_sequential_run16,none,sequential,1778267498.0751915,/big.txt,39321600,131072,sequential,1.0000,0.0000,0,0,,,1,-1,0
16,016_none_sequential_run16,none,sequential,1778267498.0777805,/big.txt,39452672,131072,sequential,1.0000,0.0000,0,0,,,1,-1,0
16,016_none_sequential_run16,none,sequential,1778267498.0804174,/big.txt,39583744,131072,sequential,1.0000,0.0000,0,0,,,1,-1,0
16,016_none_sequential_run16,none,sequential,1778267498.083057,/big.txt,39714816,131072,sequential,1.0000,0.0000,0,0,,,1,-1,0
16,016_none_sequential_run16,none,sequential,1778267498.08566,/big.txt,39845888,131072,sequential,1.0000,0.0000,0,0,,,1,-1,0
16,016_none_sequential_run16,none,sequential,1778267498.0882897,/big.txt,39976960,131072,sequential,1.0000,0.0000,0,0,,,1,-1,0
16,016_none_sequential_run16,none,sequential,1778267498.0909402,/big.txt,40108032,131072,sequential,1.0000,0.0000,0,0,,,1,-1,0
16,016_none_sequential_run16,none,sequential,1778267498.0935426,/big.txt,40239104,131072,sequential,1.0000,0.0000,0,0,,,1,-1,0
16,016_none_sequential_run16,none,sequential,1778267498.0961847,/big.txt,40370176,131072,sequential,1.0000,0.0000,0,0,,,1,-1,0
16,016_none_sequential_run16,none,sequential,1778267498.098909,/big.txt,40501248,131072,sequential,1.0000,0.0000,0,0,,,1,-1,0
16,016_none_sequential_run16,none,sequential,1778267498.1016088,/big.txt,40632320,131072,sequential,1.0000,0.0000,0,0,,,1,-1,0
16,016_none_sequential_run16,none,sequential,1778267498.104219,/big.txt,40763392,131072,sequential,1.0000,0.0000,0,0,,,1,-1,0
16,016_none_sequential_run16,none,sequential,1778267498.106799,/big.txt,40894464,131072,sequential,1.0000,0.0000,0,0,,,1,-1,0
16,016_none_sequential_run16,none,sequential,1778267498.1093857,/big.txt,41025536,131072,sequential,1.0000,0.0000,0,0,,,1,-1,0
16,016_none_sequential_run16,none,sequential,1778267498.1120088,/big.txt,41156608,131072,sequential,1.0000,0.0000,0,0,,,1,-1,0
16,016_none_sequential_run16,none,sequential,1778267498.1145875,/big.txt,41287680,131072,sequential,1.0000,0.0000,0,0,,,1,-1,0
16,016_none_sequential_run16,none,sequential,1778267498.1171885,/big.txt,41418752,131072,sequential,1.0000,0.0000,0,0,,,1,-1,0
16,016_none_sequential_run16,none,sequential,1778267498.1197708,/big.txt,41549824,131072,sequential,1.0000,0.0000,0,0,,,1,-1,0
16,016_none_sequential_run16,none,sequential,1778267498.122334,/big.txt,41680896,131072,sequential,1.0000,0.0000,0,0,,,1,-1,0
16,016_none_sequential_run16,none,sequential,1778267498.12496,/big.txt,41811968,131072,sequential,1.0000,0.0000,0,0,,,1,-1,0
16,016_none_sequential_run16,none,sequential,1778267498.1278262,/big.txt,41943040,131072,sequential,1.0000,0.0000,0,0,,,1,-1,0
16,016_none_sequential_run16,none,sequential,1778267498.130497,/big.txt,42074112,131072,sequential,1.0000,0.0000,0,0,,,1,-1,0
16,016_none_sequential_run16,none,sequential,1778267498.1330729,/big.txt,42205184,131072,sequential,1.0000,0.0000,0,0,,,1,-1,0
16,016_none_sequential_run16,none,sequential,1778267498.1356432,/big.txt,42336256,131072,sequential,1.0000,0.0000,0,0,,,1,-1,0
16,016_none_sequential_run16,none,sequential,1778267498.1382658,/big.txt,42467328,131072,sequential,1.0000,0.0000,0,0,,,1,-1,0
16,016_none_sequential_run16,none,sequential,1778267498.1408508,/big.txt,42598400,131072,sequential,1.0000,0.0000,0,0,,,1,-1,0
16,016_none_sequential_run16,none,sequential,1778267498.1434824,/big.txt,42729472,131072,sequential,1.0000,0.0000,0,0,,,1,-1,0
16,016_none_sequential_run16,none,sequential,1778267498.1460514,/big.txt,42860544,131072,sequential,1.0000,0.0000,0,0,,,1,-1,0
16,016_none_sequential_run16,none,sequential,1778267498.1487076,/big.txt,42991616,131072,sequential,1.0000,0.0000,0,0,,,1,-1,0
16,016_none_sequential_run16,none,sequential,1778267498.1513436,/big.txt,43122688,131072,sequential,1.0000,0.0000,0,0,,,1,-1,0
16,016_none_sequential_run16,none,sequential,1778267498.153973,/big.txt,43253760,131072,sequential,1.0000,0.0000,0,0,,,1,-1,0
16,016_none_sequential_run16,none,sequential,1778267498.1566029,/big.txt,43384832,131072,sequential,1.0000,0.0000,0,0,,,1,-1,0
16,016_none_sequential_run16,none,sequential,1778267498.1593833,/big.txt,43515904,131072,sequential,1.0000,0.0000,0,0,,,1,-1,0
16,016_none_sequential_run16,none,sequential,1778267498.1632555,/big.txt,43646976,131072,sequential,1.0000,0.0000,0,0,,,1,-1,0
16,016_none_sequential_run16,none,sequential,1778267498.1657565,/big.txt,43778048,131072,sequential,1.0000,0.0000,0,0,,,1,-1,0
16,016_none_sequential_run16,none,sequential,1778267498.168267,/big.txt,43909120,131072,sequential,1.0000,0.0000,0,0,,,1,-1,0
16,016_none_sequential_run16,none,sequential,1778267498.1707468,/big.txt,44040192,131072,sequential,1.0000,0.0000,0,0,,,1,-1,0
16,016_none_sequential_run16,none,sequential,1778267498.1732526,/big.txt,44171264,131072,sequential,1.0000,0.0000,0,0,,,1,-1,0
16,016_none_sequential_run16,none,sequential,1778267498.1757228,/big.txt,44302336,131072,sequential,1.0000,0.0000,0,0,,,1,-1,0
16,016_none_sequential_run16,none,sequential,1778267498.1781728,/big.txt,44433408,131072,sequential,1.0000,0.0000,0,0,,,1,-1,0
16,016_none_sequential_run16,none,sequential,1778267498.180686,/big.txt,44564480,131072,sequential,1.0000,0.0000,0,0,,,1,-1,0
16,016_none_sequential_run16,none,sequential,1778267498.1832218,/big.txt,44695552,131072,sequential,1.0000,0.0000,0,0,,,1,-1,0
16,016_none_sequential_run16,none,sequential,1778267498.185674,/big.txt,44826624,131072,sequential,1.0000,0.0000,0,0,,,1,-1,0
16,016_none_sequential_run16,none,sequential,1778267498.1881764,/big.txt,44957696,131072,sequential,1.0000,0.0000,0,0,,,1,-1,0
16,016_none_sequential_run16,none,sequential,1778267498.1906502,/big.txt,45088768,131072,sequential,1.0000,0.0000,0,0,,,1,-1,0
16,016_none_sequential_run16,none,sequential,1778267498.19311,/big.txt,45219840,131072,sequential,1.0000,0.0000,0,0,,,1,-1,0
16,016_none_sequential_run16,none,sequential,1778267498.195568,/big.txt,45350912,131072,sequential,1.0000,0.0000,0,0,,,1,-1,0
16,016_none_sequential_run16,none,sequential,1778267498.198067,/big.txt,45481984,131072,sequential,1.0000,0.0000,0,0,,,1,-1,0
16,016_none_sequential_run16,none,sequential,1778267498.2006202,/big.txt,45613056,131072,sequential,1.0000,0.0000,0,0,,,1,-1,0
16,016_none_sequential_run16,none,sequential,1778267498.2031279,/big.txt,45744128,131072,sequential,1.0000,0.0000,0,0,,,1,-1,0
16,016_none_sequential_run16,none,sequential,1778267498.2056406,/big.txt,45875200,131072,sequential,1.0000,0.0000,0,0,,,1,-1,0
16,016_none_sequential_run16,none,sequential,1778267498.2081525,/big.txt,46006272,131072,sequential,1.0000,0.0000,0,0,,,1,-1,0
16,016_none_sequential_run16,none,sequential,1778267498.2106316,/big.txt,46137344,131072,sequential,1.0000,0.0000,0,0,,,1,-1,0
16,016_none_sequential_run16,none,sequential,1778267498.2130919,/big.txt,46268416,131072,sequential,1.0000,0.0000,0,0,,,1,-1,0
16,016_none_sequential_run16,none,sequential,1778267498.215549,/big.txt,46399488,131072,sequential,1.0000,0.0000,0,0,,,1,-1,0
16,016_none_sequential_run16,none,sequential,1778267498.2179952,/big.txt,46530560,131072,sequential,1.0000,0.0000,0,0,,,1,-1,0
16,016_none_sequential_run16,none,sequential,1778267498.2205274,/big.txt,46661632,131072,sequential,1.0000,0.0000,0,0,,,1,-1,0
16,016_none_sequential_run16,none,sequential,1778267498.2230325,/big.txt,46792704,131072,sequential,1.0000,0.0000,0,0,,,1,-1,0
16,016_none_sequential_run16,none,sequential,1778267498.2255058,/big.txt,46923776,131072,sequential,1.0000,0.0000,0,0,,,1,-1,0
16,016_none_sequential_run16,none,sequential,1778267498.2279925,/big.txt,47054848,131072,sequential,1.0000,0.0000,0,0,,,1,-1,0
16,016_none_sequential_run16,none,sequential,1778267498.2304301,/big.txt,47185920,131072,sequential,1.0000,0.0000,0,0,,,1,-1,0
16,016_none_sequential_run16,none,sequential,1778267498.2328804,/big.txt,47316992,131072,sequential,1.0000,0.0000,0,0,,,1,-1,0
16,016_none_sequential_run16,none,sequential,1778267498.2353585,/big.txt,47448064,131072,sequential,1.0000,0.0000,0,0,,,1,-1,0
16,016_none_sequential_run16,none,sequential,1778267498.2377865,/big.txt,47579136,131072,sequential,1.0000,0.0000,0,0,,,1,-1,0
16,016_none_sequential_run16,none,sequential,1778267498.2402806,/big.txt,47710208,131072,sequential,1.0000,0.0000,0,0,,,1,-1,0
16,016_none_sequential_run16,none,sequential,1778267498.2427394,/big.txt,47841280,131072,sequential,1.0000,0.0000,0,0,,,1,-1,0
16,016_none_sequential_run16,none,sequential,1778267498.2451425,/big.txt,47972352,131072,sequential,1.0000,0.0000,0,0,,,1,-1,0
16,016_none_sequential_run16,none,sequential,1778267498.247643,/big.txt,48103424,131072,sequential,1.0000,0.0000,0,0,,,1,-1,0
16,016_none_sequential_run16,none,sequential,1778267498.2500925,/big.txt,48234496,131072,sequential,1.0000,0.0000,0,0,,,1,-1,0
16,016_none_sequential_run16,none,sequential,1778267498.2525854,/big.txt,48365568,131072,sequential,1.0000,0.0000,0,0,,,1,-1,0
16,016_none_sequential_run16,none,sequential,1778267498.2551365,/big.txt,48496640,131072,sequential,1.0000,0.0000,0,0,,,1,-1,0
16,016_none_sequential_run16,none,sequential,1778267498.2575915,/big.txt,48627712,131072,sequential,1.0000,0.0000,0,0,,,1,-1,0
16,016_none_sequential_run16,none,sequential,1778267498.2601078,/big.txt,48758784,131072,sequential,1.0000,0.0000,0,0,,,1,-1,0
16,016_none_sequential_run16,none,sequential,1778267498.2625935,/big.txt,48889856,131072,sequential,1.0000,0.0000,0,0,,,1,-1,0
16,016_none_sequential_run16,none,sequential,1778267498.2651403,/big.txt,49020928,131072,sequential,1.0000,0.0000,0,0,,,1,-1,0
16,016_none_sequential_run16,none,sequential,1778267498.2675827,/big.txt,49152000,131072,sequential,1.0000,0.0000,0,0,,,1,-1,0
16,016_none_sequential_run16,none,sequential,1778267498.2700946,/big.txt,49283072,131072,sequential,1.0000,0.0000,0,0,,,1,-1,0
16,016_none_sequential_run16,none,sequential,1778267498.272617,/big.txt,49414144,131072,sequential,1.0000,0.0000,0,0,,,1,-1,0
16,016_none_sequential_run16,none,sequential,1778267498.275157,/big.txt,49545216,131072,sequential,1.0000,0.0000,0,0,,,1,-1,0
16,016_none_sequential_run16,none,sequential,1778267498.2775998,/big.txt,49676288,131072,sequential,1.0000,0.0000,0,0,,,1,-1,0
16,016_none_sequential_run16,none,sequential,1778267498.2800884,/big.txt,49807360,131072,sequential,1.0000,0.0000,0,0,,,1,-1,0
16,016_none_sequential_run16,none,sequential,1778267498.282548,/big.txt,49938432,131072,sequential,1.0000,0.0000,0,0,,,1,-1,0
16,016_none_sequential_run16,none,sequential,1778267498.2874732,/big.txt,50069504,131072,sequential,1.0000,0.0000,0,0,,,1,-1,0
16,016_none_sequential_run16,none,sequential,1778267498.2912323,/big.txt,50200576,131072,sequential,1.0000,0.0000,0,0,,,1,-1,0
16,016_none_sequential_run16,none,sequential,1778267498.2935631,/big.txt,50331648,131072,sequential,1.0000,0.0000,0,0,,,1,-1,0
16,016_none_sequential_run16,none,sequential,1778267498.2959437,/big.txt,50462720,131072,sequential,1.0000,0.0000,0,0,,,1,-1,0
16,016_none_sequential_run16,none,sequential,1778267498.2982576,/big.txt,50593792,131072,sequential,1.0000,0.0000,0,0,,,1,-1,0
16,016_none_sequential_run16,none,sequential,1778267498.300575,/big.txt,50724864,131072,sequential,1.0000,0.0000,0,0,,,1,-1,0
16,016_none_sequential_run16,none,sequential,1778267498.302905,/big.txt,50855936,131072,sequential,1.0000,0.0000,0,0,,,1,-1,0
16,016_none_sequential_run16,none,sequential,1778267498.3052242,/big.txt,50987008,131072,sequential,1.0000,0.0000,0,0,,,1,-1,0
16,016_none_sequential_run16,none,sequential,1778267498.3075716,/big.txt,51118080,131072,sequential,1.0000,0.0000,0,0,,,1,-1,0
16,016_none_sequential_run16,none,sequential,1778267498.3098838,/big.txt,51249152,131072,sequential,1.0000,0.0000,0,0,,,1,-1,0
16,016_none_sequential_run16,none,sequential,1778267498.3122537,/big.txt,51380224,131072,sequential,1.0000,0.0000,0,0,,,1,-1,0
16,016_none_sequential_run16,none,sequential,1778267498.3146062,/big.txt,51511296,131072,sequential,1.0000,0.0000,0,0,,,1,-1,0
16,016_none_sequential_run16,none,sequential,1778267498.3170168,/big.txt,51642368,131072,sequential,1.0000,0.0000,0,0,,,1,-1,0
16,016_none_sequential_run16,none,sequential,1778267498.3193562,/big.txt,51773440,131072,sequential,1.0000,0.0000,0,0,,,1,-1,0
16,016_none_sequential_run16,none,sequential,1778267498.32167,/big.txt,51904512,131072,sequential,1.0000,0.0000,0,0,,,1,-1,0
16,016_none_sequential_run16,none,sequential,1778267498.3240304,/big.txt,52035584,131072,sequential,1.0000,0.0000,0,0,,,1,-1,0
16,016_none_sequential_run16,none,sequential,1778267498.326318,/big.txt,52166656,131072,sequential,1.0000,0.0000,0,0,,,1,-1,0
16,016_none_sequential_run16,none,sequential,1778267498.328549,/big.txt,52297728,131072,sequential,1.0000,0.0000,0,0,,,1,-1,0
16,016_none_sequential_run16,none,sequential,1778267498.3308234,/big.txt,52428800,131072,sequential,1.0000,0.0000,0,0,,,1,-1,0
16,016_none_sequential_run16,none,sequential,1778267498.3330503,/big.txt,52559872,131072,sequential,1.0000,0.0000,0,0,,,1,-1,0
16,016_none_sequential_run16,none,sequential,1778267498.3352883,/big.txt,52690944,131072,sequential,1.0000,0.0000,0,0,,,1,-1,0
16,016_none_sequential_run16,none,sequential,1778267498.3375022,/big.txt,52822016,131072,sequential,1.0000,0.0000,0,0,,,1,-1,0
16,016_none_sequential_run16,none,sequential,1778267498.3397233,/big.txt,52953088,131072,sequential,1.0000,0.0000,0,0,,,1,-1,0
16,016_none_sequential_run16,none,sequential,1778267498.3419547,/big.txt,53084160,131072,sequential,1.0000,0.0000,0,0,,,1,-1,0
16,016_none_sequential_run16,none,sequential,1778267498.344202,/big.txt,53215232,131072,sequential,1.0000,0.0000,0,0,,,1,-1,0
16,016_none_sequential_run16,none,sequential,1778267498.346414,/big.txt,53346304,131072,sequential,1.0000,0.0000,0,0,,,1,-1,0
16,016_none_sequential_run16,none,sequential,1778267498.3486252,/big.txt,53477376,131072,sequential,1.0000,0.0000,0,0,,,1,-1,0
16,016_none_sequential_run16,none,sequential,1778267498.3508587,/big.txt,53608448,131072,sequential,1.0000,0.0000,0,0,,,1,-1,0
16,016_none_sequential_run16,none,sequential,1778267498.353089,/big.txt,53739520,131072,sequential,1.0000,0.0000,0,0,,,1,-1,0
16,016_none_sequential_run16,none,sequential,1778267498.3553197,/big.txt,53870592,131072,sequential,1.0000,0.0000,0,0,,,1,-1,0
16,016_none_sequential_run16,none,sequential,1778267498.3575337,/big.txt,54001664,131072,sequential,1.0000,0.0000,0,0,,,1,-1,0
16,016_none_sequential_run16,none,sequential,1778267498.3597786,/big.txt,54132736,131072,sequential,1.0000,0.0000,0,0,,,1,-1,0
16,016_none_sequential_run16,none,sequential,1778267498.3620083,/big.txt,54263808,131072,sequential,1.0000,0.0000,0,0,,,1,-1,0
16,016_none_sequential_run16,none,sequential,1778267498.3642278,/big.txt,54394880,131072,sequential,1.0000,0.0000,0,0,,,1,-1,0
16,016_none_sequential_run16,none,sequential,1778267498.3664522,/big.txt,54525952,131072,sequential,1.0000,0.0000,0,0,,,1,-1,0
16,016_none_sequential_run16,none,sequential,1778267498.3686836,/big.txt,54657024,131072,sequential,1.0000,0.0000,0,0,,,1,-1,0
16,016_none_sequential_run16,none,sequential,1778267498.3709621,/big.txt,54788096,131072,sequential,1.0000,0.0000,0,0,,,1,-1,0
16,016_none_sequential_run16,none,sequential,1778267498.3731961,/big.txt,54919168,131072,sequential,1.0000,0.0000,0,0,,,1,-1,0
16,016_none_sequential_run16,none,sequential,1778267498.3754375,/big.txt,55050240,131072,sequential,1.0000,0.0000,0,0,,,1,-1,0
16,016_none_sequential_run16,none,sequential,1778267498.377657,/big.txt,55181312,131072,sequential,1.0000,0.0000,0,0,,,1,-1,0
16,016_none_sequential_run16,none,sequential,1778267498.3798969,/big.txt,55312384,131072,sequential,1.0000,0.0000,0,0,,,1,-1,0
16,016_none_sequential_run16,none,sequential,1778267498.3821287,/big.txt,55443456,131072,sequential,1.0000,0.0000,0,0,,,1,-1,0
16,016_none_sequential_run16,none,sequential,1778267498.3843586,/big.txt,55574528,131072,sequential,1.0000,0.0000,0,0,,,1,-1,0
16,016_none_sequential_run16,none,sequential,1778267498.3865912,/big.txt,55705600,131072,sequential,1.0000,0.0000,0,0,,,1,-1,0
16,016_none_sequential_run16,none,sequential,1778267498.3888993,/big.txt,55836672,131072,sequential,1.0000,0.0000,0,0,,,1,-1,0
16,016_none_sequential_run16,none,sequential,1778267498.3911088,/big.txt,55967744,131072,sequential,1.0000,0.0000,0,0,,,1,-1,0
16,016_none_sequential_run16,none,sequential,1778267498.3933315,/big.txt,56098816,131072,sequential,1.0000,0.0000,0,0,,,1,-1,0
16,016_none_sequential_run16,none,sequential,1778267498.3955405,/big.txt,56229888,131072,sequential,1.0000,0.0000,0,0,,,1,-1,0
16,016_none_sequential_run16,none,sequential,1778267498.3977575,/big.txt,56360960,131072,sequential,1.0000,0.0000,0,0,,,1,-1,0
16,016_none_sequential_run16,none,sequential,1778267498.3999896,/big.txt,56492032,131072,sequential,1.0000,0.0000,0,0,,,1,-1,0
16,016_none_sequential_run16,none,sequential,1778267498.4022055,/big.txt,56623104,131072,sequential,1.0000,0.0000,0,0,,,1,-1,0
16,016_none_sequential_run16,none,sequential,1778267498.4044392,/big.txt,56754176,131072,sequential,1.0000,0.0000,0,0,,,1,-1,0
16,016_none_sequential_run16,none,sequential,1778267498.4066799,/big.txt,56885248,131072,sequential,1.0000,0.0000,0,0,,,1,-1,0
16,016_none_sequential_run16,none,sequential,1778267498.408923,/big.txt,57016320,131072,sequential,1.0000,0.0000,0,0,,,1,-1,0
16,016_none_sequential_run16,none,sequential,1778267498.411126,/big.txt,57147392,131072,sequential,1.0000,0.0000,0,0,,,1,-1,0
16,016_none_sequential_run16,none,sequential,1778267498.4133327,/big.txt,57278464,131072,sequential,1.0000,0.0000,0,0,,,1,-1,0
16,016_none_sequential_run16,none,sequential,1778267498.4179065,/big.txt,57409536,131072,sequential,1.0000,0.0000,0,0,,,1,-1,0
16,016_none_sequential_run16,none,sequential,1778267498.4224305,/big.txt,57540608,131072,sequential,1.0000,0.0000,0,0,,,1,-1,0
16,016_none_sequential_run16,none,sequential,1778267498.4268959,/big.txt,57671680,131072,sequential,1.0000,0.0000,0,0,,,1,-1,0
16,016_none_sequential_run16,none,sequential,1778267498.429096,/big.txt,57802752,131072,sequential,1.0000,0.0000,0,0,,,1,-1,0
16,016_none_sequential_run16,none,sequential,1778267498.4313507,/big.txt,57933824,131072,sequential,1.0000,0.0000,0,0,,,1,-1,0
16,016_none_sequential_run16,none,sequential,1778267498.4335585,/big.txt,58064896,131072,sequential,1.0000,0.0000,0,0,,,1,-1,0
16,016_none_sequential_run16,none,sequential,1778267498.435776,/big.txt,58195968,131072,sequential,1.0000,0.0000,0,0,,,1,-1,0
16,016_none_sequential_run16,none,sequential,1778267498.437964,/big.txt,58327040,131072,sequential,1.0000,0.0000,0,0,,,1,-1,0
16,016_none_sequential_run16,none,sequential,1778267498.4402237,/big.txt,58458112,131072,sequential,1.0000,0.0000,0,0,,,1,-1,0
16,016_none_sequential_run16,none,sequential,1778267498.4424338,/big.txt,58589184,131072,sequential,1.0000,0.0000,0,0,,,1,-1,0
16,016_none_sequential_run16,none,sequential,1778267498.4446669,/big.txt,58720256,131072,sequential,1.0000,0.0000,0,0,,,1,-1,0
16,016_none_sequential_run16,none,sequential,1778267498.4469113,/big.txt,58851328,131072,sequential,1.0000,0.0000,0,0,,,1,-1,0
16,016_none_sequential_run16,none,sequential,1778267498.449114,/big.txt,58982400,131072,sequential,1.0000,0.0000,0,0,,,1,-1,0
16,016_none_sequential_run16,none,sequential,1778267498.4513302,/big.txt,59113472,131072,sequential,1.0000,0.0000,0,0,,,1,-1,0
16,016_none_sequential_run16,none,sequential,1778267498.453547,/big.txt,59244544,131072,sequential,1.0000,0.0000,0,0,,,1,-1,0
16,016_none_sequential_run16,none,sequential,1778267498.4557645,/big.txt,59375616,131072,sequential,1.0000,0.0000,0,0,,,1,-1,0
16,016_none_sequential_run16,none,sequential,1778267498.457981,/big.txt,59506688,131072,sequential,1.0000,0.0000,0,0,,,1,-1,0
16,016_none_sequential_run16,none,sequential,1778267498.460216,/big.txt,59637760,131072,sequential,1.0000,0.0000,0,0,,,1,-1,0
16,016_none_sequential_run16,none,sequential,1778267498.4624174,/big.txt,59768832,131072,sequential,1.0000,0.0000,0,0,,,1,-1,0
16,016_none_sequential_run16,none,sequential,1778267498.4646232,/big.txt,59899904,131072,sequential,1.0000,0.0000,0,0,,,1,-1,0
16,016_none_sequential_run16,none,sequential,1778267498.4668362,/big.txt,60030976,131072,sequential,1.0000,0.0000,0,0,,,1,-1,0
16,016_none_sequential_run16,none,sequential,1778267498.4690394,/big.txt,60162048,131072,sequential,1.0000,0.0000,0,0,,,1,-1,0
16,016_none_sequential_run16,none,sequential,1778267498.471331,/big.txt,60293120,131072,sequential,1.0000,0.0000,0,0,,,1,-1,0
16,016_none_sequential_run16,none,sequential,1778267498.473551,/big.txt,60424192,131072,sequential,1.0000,0.0000,0,0,,,1,-1,0
16,016_none_sequential_run16,none,sequential,1778267498.475761,/big.txt,60555264,131072,sequential,1.0000,0.0000,0,0,,,1,-1,0
16,016_none_sequential_run16,none,sequential,1778267498.4779499,/big.txt,60686336,131072,sequential,1.0000,0.0000,0,0,,,1,-1,0
16,016_none_sequential_run16,none,sequential,1778267498.4801695,/big.txt,60817408,131072,sequential,1.0000,0.0000,0,0,,,1,-1,0
16,016_none_sequential_run16,none,sequential,1778267498.4823966,/big.txt,60948480,131072,sequential,1.0000,0.0000,0,0,,,1,-1,0
16,016_none_sequential_run16,none,sequential,1778267498.4846437,/big.txt,61079552,131072,sequential,1.0000,0.0000,0,0,,,1,-1,0
16,016_none_sequential_run16,none,sequential,1778267498.4870274,/big.txt,61210624,131072,sequential,1.0000,0.0000,0,0,,,1,-1,0
16,016_none_sequential_run16,none,sequential,1778267498.4892383,/big.txt,61341696,131072,sequential,1.0000,0.0000,0,0,,,1,-1,0
16,016_none_sequential_run16,none,sequential,1778267498.4914577,/big.txt,61472768,131072,sequential,1.0000,0.0000,0,0,,,1,-1,0
16,016_none_sequential_run16,none,sequential,1778267498.4936686,/big.txt,61603840,131072,sequential,1.0000,0.0000,0,0,,,1,-1,0
16,016_none_sequential_run16,none,sequential,1778267498.495939,/big.txt,61734912,131072,sequential,1.0000,0.0000,0,0,,,1,-1,0
16,016_none_sequential_run16,none,sequential,1778267498.4981773,/big.txt,61865984,131072,sequential,1.0000,0.0000,0,0,,,1,-1,0
16,016_none_sequential_run16,none,sequential,1778267498.5004344,/big.txt,61997056,131072,sequential,1.0000,0.0000,0,0,,,1,-1,0
16,016_none_sequential_run16,none,sequential,1778267498.5026684,/big.txt,62128128,131072,sequential,1.0000,0.0000,0,0,,,1,-1,0
16,016_none_sequential_run16,none,sequential,1778267498.5048764,/big.txt,62259200,131072,sequential,1.0000,0.0000,0,0,,,1,-1,0
16,016_none_sequential_run16,none,sequential,1778267498.5072086,/big.txt,62390272,131072,sequential,1.0000,0.0000,0,0,,,1,-1,0
16,016_none_sequential_run16,none,sequential,1778267498.5094233,/big.txt,62521344,131072,sequential,1.0000,0.0000,0,0,,,1,-1,0
16,016_none_sequential_run16,none,sequential,1778267498.5116282,/big.txt,62652416,131072,sequential,1.0000,0.0000,0,0,,,1,-1,0
16,016_none_sequential_run16,none,sequential,1778267498.5138574,/big.txt,62783488,131072,sequential,1.0000,0.0000,0,0,,,1,-1,0
16,016_none_sequential_run16,none,sequential,1778267498.5160782,/big.txt,62914560,131072,sequential,1.0000,0.0000,0,0,,,1,-1,0
16,016_none_sequential_run16,none,sequential,1778267498.5183043,/big.txt,63045632,131072,sequential,1.0000,0.0000,0,0,,,1,-1,0
16,016_none_sequential_run16,none,sequential,1778267498.5205314,/big.txt,63176704,131072,sequential,1.0000,0.0000,0,0,,,1,-1,0
16,016_none_sequential_run16,none,sequential,1778267498.522748,/big.txt,63307776,131072,sequential,1.0000,0.0000,0,0,,,1,-1,0
16,016_none_sequential_run16,none,sequential,1778267498.5249453,/big.txt,63438848,131072,sequential,1.0000,0.0000,0,0,,,1,-1,0
16,016_none_sequential_run16,none,sequential,1778267498.5272512,/big.txt,63569920,131072,sequential,1.0000,0.0000,0,0,,,1,-1,0
16,016_none_sequential_run16,none,sequential,1778267498.5294518,/big.txt,63700992,131072,sequential,1.0000,0.0000,0,0,,,1,-1,0
16,016_none_sequential_run16,none,sequential,1778267498.531675,/big.txt,63832064,131072,sequential,1.0000,0.0000,0,0,,,1,-1,0
16,016_none_sequential_run16,none,sequential,1778267498.53388,/big.txt,63963136,131072,sequential,1.0000,0.0000,0,0,,,1,-1,0
16,016_none_sequential_run16,none,sequential,1778267498.5361202,/big.txt,64094208,131072,sequential,1.0000,0.0000,0,0,,,1,-1,0
16,016_none_sequential_run16,none,sequential,1778267498.5383248,/big.txt,64225280,131072,sequential,1.0000,0.0000,0,0,,,1,-1,0
16,016_none_sequential_run16,none,sequential,1778267498.5405293,/big.txt,64356352,131072,sequential,1.0000,0.0000,0,0,,,1,-1,0
16,016_none_sequential_run16,none,sequential,1778267498.5427444,/big.txt,64487424,131072,sequential,1.0000,0.0000,0,0,,,1,-1,0
16,016_none_sequential_run16,none,sequential,1778267498.5449533,/big.txt,64618496,131072,sequential,1.0000,0.0000,0,0,,,1,-1,0
16,016_none_sequential_run16,none,sequential,1778267498.5471756,/big.txt,64749568,131072,sequential,1.0000,0.0000,0,0,,,1,-1,0
16,016_none_sequential_run16,none,sequential,1778267498.5494044,/big.txt,64880640,131072,sequential,1.0000,0.0000,0,0,,,1,-1,0
16,016_none_sequential_run16,none,sequential,1778267498.5516086,/big.txt,65011712,131072,sequential,1.0000,0.0000,0,0,,,1,-1,0
16,016_none_sequential_run16,none,sequential,1778267498.5538197,/big.txt,65142784,131072,sequential,1.0000,0.0000,0,0,,,1,-1,0
16,016_none_sequential_run16,none,sequential,1778267498.556048,/big.txt,65273856,131072,sequential,1.0000,0.0000,0,0,,,1,-1,0
16,016_none_sequential_run16,none,sequential,1778267498.558268,/big.txt,65404928,131072,sequential,1.0000,0.0000,0,0,,,1,-1,0
16,016_none_sequential_run16,none,sequential,1778267498.56051,/big.txt,65536000,131072,sequential,1.0000,0.0000,0,0,,,1,-1,0
16,016_none_sequential_run16,none,sequential,1778267498.5627203,/big.txt,65667072,131072,sequential,1.0000,0.0000,0,0,,,1,-1,0
16,016_none_sequential_run16,none,sequential,1778267498.56499,/big.txt,65798144,131072,sequential,1.0000,0.0000,0,0,,,1,-1,0
16,016_none_sequential_run16,none,sequential,1778267498.5672345,/big.txt,65929216,131072,sequential,1.0000,0.0000,0,0,,,1,-1,0
16,016_none_sequential_run16,none,sequential,1778267498.5694492,/big.txt,66060288,131072,sequential,1.0000,0.0000,0,0,,,1,-1,0
16,016_none_sequential_run16,none,sequential,1778267498.5716715,/big.txt,66191360,131072,sequential,1.0000,0.0000,0,0,,,1,-1,0
16,016_none_sequential_run16,none,sequential,1778267498.5738742,/big.txt,66322432,131072,sequential,1.0000,0.0000,0,0,,,1,-1,0
16,016_none_sequential_run16,none,sequential,1778267498.576112,/big.txt,66453504,131072,sequential,1.0000,0.0000,0,0,,,1,-1,0
16,016_none_sequential_run16,none,sequential,1778267498.5783498,/big.txt,66584576,131072,sequential,1.0000,0.0000,0,0,,,1,-1,0
16,016_none_sequential_run16,none,sequential,1778267498.5805798,/big.txt,66715648,131072,sequential,1.0000,0.0000,0,0,,,1,-1,0
16,016_none_sequential_run16,none,sequential,1778267498.582808,/big.txt,66846720,131072,sequential,1.0000,0.0000,0,0,,,1,-1,0
16,016_none_sequential_run16,none,sequential,1778267498.5850246,/big.txt,66977792,131072,sequential,1.0000,0.0000,0,0,,,1,-1,0
16,016_none_sequential_run16,none,sequential,1778267498.5872338,/big.txt,67108864,131072,sequential,1.0000,0.0000,0,0,,,1,-1,0
16,016_none_sequential_run16,none,sequential,1778267498.589459,/big.txt,67239936,131072,sequential,1.0000,0.0000,0,0,,,1,-1,0
16,016_none_sequential_run16,none,sequential,1778267498.5916984,/big.txt,67371008,131072,sequential,1.0000,0.0000,0,0,,,1,-1,0
16,016_none_sequential_run16,none,sequential,1778267498.5939136,/big.txt,67502080,131072,sequential,1.0000,0.0000,0,0,,,1,-1,0
16,016_none_sequential_run16,none,sequential,1778267498.5961542,/big.txt,67633152,131072,sequential,1.0000,0.0000,0,0,,,1,-1,0
16,016_none_sequential_run16,none,sequential,1778267498.598383,/big.txt,67764224,131072,sequential,1.0000,0.0000,0,0,,,1,-1,0
16,016_none_sequential_run16,none,sequential,1778267498.600617,/big.txt,67895296,131072,sequential,1.0000,0.0000,0,0,,,1,-1,0
16,016_none_sequential_run16,none,sequential,1778267498.602845,/big.txt,68026368,131072,sequential,1.0000,0.0000,0,0,,,1,-1,0
16,016_none_sequential_run16,none,sequential,1778267498.6050682,/big.txt,68157440,131072,sequential,1.0000,0.0000,0,0,,,1,-1,0
16,016_none_sequential_run16,none,sequential,1778267498.607271,/big.txt,68288512,131072,sequential,1.0000,0.0000,0,0,,,1,-1,0
16,016_none_sequential_run16,none,sequential,1778267498.6094909,/big.txt,68419584,131072,sequential,1.0000,0.0000,0,0,,,1,-1,0
16,016_none_sequential_run16,none,sequential,1778267498.6116986,/big.txt,68550656,131072,sequential,1.0000,0.0000,0,0,,,1,-1,0
16,016_none_sequential_run16,none,sequential,1778267498.6139097,/big.txt,68681728,131072,sequential,1.0000,0.0000,0,0,,,1,-1,0
16,016_none_sequential_run16,none,sequential,1778267498.6161735,/big.txt,68812800,131072,sequential,1.0000,0.0000,0,0,,,1,-1,0
16,016_none_sequential_run16,none,sequential,1778267498.6183922,/big.txt,68943872,131072,sequential,1.0000,0.0000,0,0,,,1,-1,0
16,016_none_sequential_run16,none,sequential,1778267498.6206033,/big.txt,69074944,131072,sequential,1.0000,0.0000,0,0,,,1,-1,0
16,016_none_sequential_run16,none,sequential,1778267498.62294,/big.txt,69206016,131072,sequential,1.0000,0.0000,0,0,,,1,-1,0
16,016_none_sequential_run16,none,sequential,1778267498.6274714,/big.txt,69337088,131072,sequential,1.0000,0.0000,0,0,,,1,-1,0
16,016_none_sequential_run16,none,sequential,1778267498.63196,/big.txt,69468160,131072,sequential,1.0000,0.0000,0,0,,,1,-1,0
16,016_none_sequential_run16,none,sequential,1778267498.635281,/big.txt,69599232,131072,sequential,1.0000,0.0000,0,0,,,1,-1,0
16,016_none_sequential_run16,none,sequential,1778267498.6375132,/big.txt,69730304,131072,sequential,1.0000,0.0000,0,0,,,1,-1,0
16,016_none_sequential_run16,none,sequential,1778267498.639762,/big.txt,69861376,131072,sequential,1.0000,0.0000,0,0,,,1,-1,0
16,016_none_sequential_run16,none,sequential,1778267498.6419804,/big.txt,69992448,131072,sequential,1.0000,0.0000,0,0,,,1,-1,0
16,016_none_sequential_run16,none,sequential,1778267498.6442091,/big.txt,70123520,131072,sequential,1.0000,0.0000,0,0,,,1,-1,0
16,016_none_sequential_run16,none,sequential,1778267498.6464205,/big.txt,70254592,131072,sequential,1.0000,0.0000,0,0,,,1,-1,0
16,016_none_sequential_run16,none,sequential,1778267498.6486568,/big.txt,70385664,131072,sequential,1.0000,0.0000,0,0,,,1,-1,0
16,016_none_sequential_run16,none,sequential,1778267498.6509314,/big.txt,70516736,131072,sequential,1.0000,0.0000,0,0,,,1,-1,0
16,016_none_sequential_run16,none,sequential,1778267498.6531832,/big.txt,70647808,131072,sequential,1.0000,0.0000,0,0,,,1,-1,0
16,016_none_sequential_run16,none,sequential,1778267498.6554148,/big.txt,70778880,131072,sequential,1.0000,0.0000,0,0,,,1,-1,0
16,016_none_sequential_run16,none,sequential,1778267498.657644,/big.txt,70909952,131072,sequential,1.0000,0.0000,0,0,,,1,-1,0
16,016_none_sequential_run16,none,sequential,1778267498.6599143,/big.txt,71041024,131072,sequential,1.0000,0.0000,0,0,,,1,-1,0
16,016_none_sequential_run16,none,sequential,1778267498.6621418,/big.txt,71172096,131072,sequential,1.0000,0.0000,0,0,,,1,-1,0
16,016_none_sequential_run16,none,sequential,1778267498.6643674,/big.txt,71303168,131072,sequential,1.0000,0.0000,0,0,,,1,-1,0
16,016_none_sequential_run16,none,sequential,1778267498.6665926,/big.txt,71434240,131072,sequential,1.0000,0.0000,0,0,,,1,-1,0
16,016_none_sequential_run16,none,sequential,1778267498.6688268,/big.txt,71565312,131072,sequential,1.0000,0.0000,0,0,,,1,-1,0
16,016_none_sequential_run16,none,sequential,1778267498.671092,/big.txt,71696384,131072,sequential,1.0000,0.0000,0,0,,,1,-1,0
16,016_none_sequential_run16,none,sequential,1778267498.6732721,/big.txt,71827456,131072,sequential,1.0000,0.0000,0,0,,,1,-1,0
16,016_none_sequential_run16,none,sequential,1778267498.6754916,/big.txt,71958528,131072,sequential,1.0000,0.0000,0,0,,,1,-1,0
16,016_none_sequential_run16,none,sequential,1778267498.6777146,/big.txt,72089600,131072,sequential,1.0000,0.0000,0,0,,,1,-1,0
16,016_none_sequential_run16,none,sequential,1778267498.6799698,/big.txt,72220672,131072,sequential,1.0000,0.0000,0,0,,,1,-1,0
16,016_none_sequential_run16,none,sequential,1778267498.6821756,/big.txt,72351744,131072,sequential,1.0000,0.0000,0,0,,,1,-1,0
16,016_none_sequential_run16,none,sequential,1778267498.6844025,/big.txt,72482816,131072,sequential,1.0000,0.0000,0,0,,,1,-1,0
16,016_none_sequential_run16,none,sequential,1778267498.686627,/big.txt,72613888,131072,sequential,1.0000,0.0000,0,0,,,1,-1,0
16,016_none_sequential_run16,none,sequential,1778267498.6888423,/big.txt,72744960,131072,sequential,1.0000,0.0000,0,0,,,1,-1,0
16,016_none_sequential_run16,none,sequential,1778267498.6910787,/big.txt,72876032,131072,sequential,1.0000,0.0000,0,0,,,1,-1,0
16,016_none_sequential_run16,none,sequential,1778267498.6932874,/big.txt,73007104,131072,sequential,1.0000,0.0000,0,0,,,1,-1,0
16,016_none_sequential_run16,none,sequential,1778267498.6955094,/big.txt,73138176,131072,sequential,1.0000,0.0000,0,0,,,1,-1,0
16,016_none_sequential_run16,none,sequential,1778267498.6977184,/big.txt,73269248,131072,sequential,1.0000,0.0000,0,0,,,1,-1,0
16,016_none_sequential_run16,none,sequential,1778267498.6999648,/big.txt,73400320,131072,sequential,1.0000,0.0000,0,0,,,1,-1,0
16,016_none_sequential_run16,none,sequential,1778267498.7021189,/big.txt,73531392,131072,sequential,1.0000,0.0000,0,0,,,1,-1,0
16,016_none_sequential_run16,none,sequential,1778267498.7043009,/big.txt,73662464,131072,sequential,1.0000,0.0000,0,0,,,1,-1,0
16,016_none_sequential_run16,none,sequential,1778267498.706418,/big.txt,73793536,131072,sequential,1.0000,0.0000,0,0,,,1,-1,0
16,016_none_sequential_run16,none,sequential,1778267498.7085435,/big.txt,73924608,131072,sequential,1.0000,0.0000,0,0,,,1,-1,0
16,016_none_sequential_run16,none,sequential,1778267498.7106833,/big.txt,74055680,131072,sequential,1.0000,0.0000,0,0,,,1,-1,0
16,016_none_sequential_run16,none,sequential,1778267498.7128348,/big.txt,74186752,131072,sequential,1.0000,0.0000,0,0,,,1,-1,0
16,016_none_sequential_run16,none,sequential,1778267498.7149673,/big.txt,74317824,131072,sequential,1.0000,0.0000,0,0,,,1,-1,0
16,016_none_sequential_run16,none,sequential,1778267498.717085,/big.txt,74448896,131072,sequential,1.0000,0.0000,0,0,,,1,-1,0
16,016_none_sequential_run16,none,sequential,1778267498.7192233,/big.txt,74579968,131072,sequential,1.0000,0.0000,0,0,,,1,-1,0
16,016_none_sequential_run16,none,sequential,1778267498.7213473,/big.txt,74711040,131072,sequential,1.0000,0.0000,0,0,,,1,-1,0
16,016_none_sequential_run16,none,sequential,1778267498.723545,/big.txt,74842112,131072,sequential,1.0000,0.0000,0,0,,,1,-1,0
16,016_none_sequential_run16,none,sequential,1778267498.7256777,/big.txt,74973184,131072,sequential,1.0000,0.0000,0,0,,,1,-1,0
16,016_none_sequential_run16,none,sequential,1778267498.727815,/big.txt,75104256,131072,sequential,1.0000,0.0000,0,0,,,1,-1,0
16,016_none_sequential_run16,none,sequential,1778267498.7299495,/big.txt,75235328,131072,sequential,1.0000,0.0000,0,0,,,1,-1,0
16,016_none_sequential_run16,none,sequential,1778267498.7320888,/big.txt,75366400,131072,sequential,1.0000,0.0000,0,0,,,1,-1,0
16,016_none_sequential_run16,none,sequential,1778267498.734207,/big.txt,75497472,131072,sequential,1.0000,0.0000,0,0,,,1,-1,0
16,016_none_sequential_run16,none,sequential,1778267498.7363465,/big.txt,75628544,131072,sequential,1.0000,0.0000,0,0,,,1,-1,0
16,016_none_sequential_run16,none,sequential,1778267498.738474,/big.txt,75759616,131072,sequential,1.0000,0.0000,0,0,,,1,-1,0
16,016_none_sequential_run16,none,sequential,1778267498.7405996,/big.txt,75890688,131072,sequential,1.0000,0.0000,0,0,,,1,-1,0
16,016_none_sequential_run16,none,sequential,1778267498.742705,/big.txt,76021760,131072,sequential,1.0000,0.0000,0,0,,,1,-1,0
16,016_none_sequential_run16,none,sequential,1778267498.7448254,/big.txt,76152832,131072,sequential,1.0000,0.0000,0,0,,,1,-1,0
16,016_none_sequential_run16,none,sequential,1778267498.7470675,/big.txt,76283904,131072,sequential,1.0000,0.0000,0,0,,,1,-1,0
16,016_none_sequential_run16,none,sequential,1778267498.7491858,/big.txt,76414976,131072,sequential,1.0000,0.0000,0,0,,,1,-1,0
16,016_none_sequential_run16,none,sequential,1778267498.7513034,/big.txt,76546048,131072,sequential,1.0000,0.0000,0,0,,,1,-1,0
16,016_none_sequential_run16,none,sequential,1778267498.7534354,/big.txt,76677120,131072,sequential,1.0000,0.0000,0,0,,,1,-1,0
16,016_none_sequential_run16,none,sequential,1778267498.7555687,/big.txt,76808192,131072,sequential,1.0000,0.0000,0,0,,,1,-1,0
16,016_none_sequential_run16,none,sequential,1778267498.7576942,/big.txt,76939264,131072,sequential,1.0000,0.0000,0,0,,,1,-1,0
16,016_none_sequential_run16,none,sequential,1778267498.7598248,/big.txt,77070336,131072,sequential,1.0000,0.0000,0,0,,,1,-1,0
16,016_none_sequential_run16,none,sequential,1778267498.7619474,/big.txt,77201408,131072,sequential,1.0000,0.0000,0,0,,,1,-1,0
16,016_none_sequential_run16,none,sequential,1778267498.764096,/big.txt,77332480,131072,sequential,1.0000,0.0000,0,0,,,1,-1,0
16,016_none_sequential_run16,none,sequential,1778267498.7662342,/big.txt,77463552,131072,sequential,1.0000,0.0000,0,0,,,1,-1,0
16,016_none_sequential_run16,none,sequential,1778267498.7683663,/big.txt,77594624,131072,sequential,1.0000,0.0000,0,0,,,1,-1,0
16,016_none_sequential_run16,none,sequential,1778267498.7704835,/big.txt,77725696,131072,sequential,1.0000,0.0000,0,0,,,1,-1,0
16,016_none_sequential_run16,none,sequential,1778267498.7726083,/big.txt,77856768,131072,sequential,1.0000,0.0000,0,0,,,1,-1,0
16,016_none_sequential_run16,none,sequential,1778267498.775374,/big.txt,77987840,131072,sequential,1.0000,0.0000,0,0,,,1,-1,0
16,016_none_sequential_run16,none,sequential,1778267498.7775092,/big.txt,78118912,131072,sequential,1.0000,0.0000,0,0,,,1,-1,0
16,016_none_sequential_run16,none,sequential,1778267498.779658,/big.txt,78249984,131072,sequential,1.0000,0.0000,0,0,,,1,-1,0
16,016_none_sequential_run16,none,sequential,1778267498.781773,/big.txt,78381056,131072,sequential,1.0000,0.0000,0,0,,,1,-1,0
16,016_none_sequential_run16,none,sequential,1778267498.7839012,/big.txt,78512128,131072,sequential,1.0000,0.0000,0,0,,,1,-1,0
16,016_none_sequential_run16,none,sequential,1778267498.7860186,/big.txt,78643200,131072,sequential,1.0000,0.0000,0,0,,,1,-1,0
16,016_none_sequential_run16,none,sequential,1778267498.7881634,/big.txt,78774272,131072,sequential,1.0000,0.0000,0,0,,,1,-1,0
16,016_none_sequential_run16,none,sequential,1778267498.7902882,/big.txt,78905344,131072,sequential,1.0000,0.0000,0,0,,,1,-1,0
16,016_none_sequential_run16,none,sequential,1778267498.792425,/big.txt,79036416,131072,sequential,1.0000,0.0000,0,0,,,1,-1,0
16,016_none_sequential_run16,none,sequential,1778267498.794557,/big.txt,79167488,131072,sequential,1.0000,0.0000,0,0,,,1,-1,0
16,016_none_sequential_run16,none,sequential,1778267498.7966895,/big.txt,79298560,131072,sequential,1.0000,0.0000,0,0,,,1,-1,0
16,016_none_sequential_run16,none,sequential,1778267498.7988806,/big.txt,79429632,131072,sequential,1.0000,0.0000,0,0,,,1,-1,0
16,016_none_sequential_run16,none,sequential,1778267498.8010144,/big.txt,79560704,131072,sequential,1.0000,0.0000,0,0,,,1,-1,0
16,016_none_sequential_run16,none,sequential,1778267498.8031404,/big.txt,79691776,131072,sequential,1.0000,0.0000,0,0,,,1,-1,0
16,016_none_sequential_run16,none,sequential,1778267498.8052802,/big.txt,79822848,131072,sequential,1.0000,0.0000,0,0,,,1,-1,0
16,016_none_sequential_run16,none,sequential,1778267498.8073964,/big.txt,79953920,131072,sequential,1.0000,0.0000,0,0,,,1,-1,0
16,016_none_sequential_run16,none,sequential,1778267498.8095014,/big.txt,80084992,131072,sequential,1.0000,0.0000,0,0,,,1,-1,0
16,016_none_sequential_run16,none,sequential,1778267498.8116446,/big.txt,80216064,131072,sequential,1.0000,0.0000,0,0,,,1,-1,0
16,016_none_sequential_run16,none,sequential,1778267498.8137853,/big.txt,80347136,131072,sequential,1.0000,0.0000,0,0,,,1,-1,0
16,016_none_sequential_run16,none,sequential,1778267498.8159394,/big.txt,80478208,131072,sequential,1.0000,0.0000,0,0,,,1,-1,0
16,016_none_sequential_run16,none,sequential,1778267498.818071,/big.txt,80609280,131072,sequential,1.0000,0.0000,0,0,,,1,-1,0
16,016_none_sequential_run16,none,sequential,1778267498.8202062,/big.txt,80740352,131072,sequential,1.0000,0.0000,0,0,,,1,-1,0
16,016_none_sequential_run16,none,sequential,1778267498.822341,/big.txt,80871424,131072,sequential,1.0000,0.0000,0,0,,,1,-1,0
16,016_none_sequential_run16,none,sequential,1778267498.8244524,/big.txt,81002496,131072,sequential,1.0000,0.0000,0,0,,,1,-1,0
16,016_none_sequential_run16,none,sequential,1778267498.8265758,/big.txt,81133568,131072,sequential,1.0000,0.0000,0,0,,,1,-1,0
16,016_none_sequential_run16,none,sequential,1778267498.8286614,/big.txt,81264640,131072,sequential,1.0000,0.0000,0,0,,,1,-1,0
16,016_none_sequential_run16,none,sequential,1778267498.8307924,/big.txt,81395712,131072,sequential,1.0000,0.0000,0,0,,,1,-1,0
16,016_none_sequential_run16,none,sequential,1778267498.8329194,/big.txt,81526784,131072,sequential,1.0000,0.0000,0,0,,,1,-1,0
16,016_none_sequential_run16,none,sequential,1778267498.8353524,/big.txt,81657856,131072,sequential,1.0000,0.0000,0,0,,,1,-1,0
16,016_none_sequential_run16,none,sequential,1778267498.8396668,/big.txt,81788928,131072,sequential,1.0000,0.0000,0,0,,,1,-1,0
16,016_none_sequential_run16,none,sequential,1778267498.8439834,/big.txt,81920000,131072,sequential,1.0000,0.0000,0,0,,,1,-1,0
16,016_none_sequential_run16,none,sequential,1778267498.847278,/big.txt,82051072,131072,sequential,1.0000,0.0000,0,0,,,1,-1,0
16,016_none_sequential_run16,none,sequential,1778267498.8493166,/big.txt,82182144,131072,sequential,1.0000,0.0000,0,0,,,1,-1,0
16,016_none_sequential_run16,none,sequential,1778267498.8513746,/big.txt,82313216,131072,sequential,1.0000,0.0000,0,0,,,1,-1,0
16,016_none_sequential_run16,none,sequential,1778267498.8534176,/big.txt,82444288,131072,sequential,1.0000,0.0000,0,0,,,1,-1,0
16,016_none_sequential_run16,none,sequential,1778267498.855454,/big.txt,82575360,131072,sequential,1.0000,0.0000,0,0,,,1,-1,0
16,016_none_sequential_run16,none,sequential,1778267498.8574884,/big.txt,82706432,131072,sequential,1.0000,0.0000,0,0,,,1,-1,0
16,016_none_sequential_run16,none,sequential,1778267498.8595498,/big.txt,82837504,131072,sequential,1.0000,0.0000,0,0,,,1,-1,0
16,016_none_sequential_run16,none,sequential,1778267498.861582,/big.txt,82968576,131072,sequential,1.0000,0.0000,0,0,,,1,-1,0
16,016_none_sequential_run16,none,sequential,1778267498.8636296,/big.txt,83099648,131072,sequential,1.0000,0.0000,0,0,,,1,-1,0
16,016_none_sequential_run16,none,sequential,1778267498.8656662,/big.txt,83230720,131072,sequential,1.0000,0.0000,0,0,,,1,-1,0
16,016_none_sequential_run16,none,sequential,1778267498.86771,/big.txt,83361792,131072,sequential,1.0000,0.0000,0,0,,,1,-1,0
16,016_none_sequential_run16,none,sequential,1778267498.8697357,/big.txt,83492864,131072,sequential,1.0000,0.0000,0,0,,,1,-1,0
16,016_none_sequential_run16,none,sequential,1778267498.8717892,/big.txt,83623936,131072,sequential,1.0000,0.0000,0,0,,,1,-1,0
16,016_none_sequential_run16,none,sequential,1778267498.873818,/big.txt,83755008,131072,sequential,1.0000,0.0000,0,0,,,1,-1,0
16,016_none_sequential_run16,none,sequential,1778267498.87585,/big.txt,83886080,131072,sequential,1.0000,0.0000,0,0,,,1,-1,0
16,016_none_sequential_run16,none,sequential,1778267498.8778992,/big.txt,84017152,131072,sequential,1.0000,0.0000,0,0,,,1,-1,0
16,016_none_sequential_run16,none,sequential,1778267498.879943,/big.txt,84148224,131072,sequential,1.0000,0.0000,0,0,,,1,-1,0
16,016_none_sequential_run16,none,sequential,1778267498.8819766,/big.txt,84279296,131072,sequential,1.0000,0.0000,0,0,,,1,-1,0
16,016_none_sequential_run16,none,sequential,1778267498.8840241,/big.txt,84410368,131072,sequential,1.0000,0.0000,0,0,,,1,-1,0
16,016_none_sequential_run16,none,sequential,1778267498.8860629,/big.txt,84541440,131072,sequential,1.0000,0.0000,0,0,,,1,-1,0
16,016_none_sequential_run16,none,sequential,1778267498.8881211,/big.txt,84672512,131072,sequential,1.0000,0.0000,0,0,,,1,-1,0
16,016_none_sequential_run16,none,sequential,1778267498.8901482,/big.txt,84803584,131072,sequential,1.0000,0.0000,0,0,,,1,-1,0
16,016_none_sequential_run16,none,sequential,1778267498.8922405,/big.txt,84934656,131072,sequential,1.0000,0.0000,0,0,,,1,-1,0
16,016_none_sequential_run16,none,sequential,1778267498.894273,/big.txt,85065728,131072,sequential,1.0000,0.0000,0,0,,,1,-1,0
16,016_none_sequential_run16,none,sequential,1778267498.8963366,/big.txt,85196800,131072,sequential,1.0000,0.0000,0,0,,,1,-1,0
16,016_none_sequential_run16,none,sequential,1778267498.8983834,/big.txt,85327872,131072,sequential,1.0000,0.0000,0,0,,,1,-1,0
16,016_none_sequential_run16,none,sequential,1778267498.9004211,/big.txt,85458944,131072,sequential,1.0000,0.0000,0,0,,,1,-1,0
16,016_none_sequential_run16,none,sequential,1778267498.9024475,/big.txt,85590016,131072,sequential,1.0000,0.0000,0,0,,,1,-1,0
16,016_none_sequential_run16,none,sequential,1778267498.9044971,/big.txt,85721088,131072,sequential,1.0000,0.0000,0,0,,,1,-1,0
16,016_none_sequential_run16,none,sequential,1778267498.9065287,/big.txt,85852160,131072,sequential,1.0000,0.0000,0,0,,,1,-1,0
16,016_none_sequential_run16,none,sequential,1778267498.9085803,/big.txt,85983232,131072,sequential,1.0000,0.0000,0,0,,,1,-1,0
16,016_none_sequential_run16,none,sequential,1778267498.9106312,/big.txt,86114304,131072,sequential,1.0000,0.0000,0,0,,,1,-1,0
16,016_none_sequential_run16,none,sequential,1778267498.9127269,/big.txt,86245376,131072,sequential,1.0000,0.0000,0,0,,,1,-1,0
16,016_none_sequential_run16,none,sequential,1778267498.914766,/big.txt,86376448,131072,sequential,1.0000,0.0000,0,0,,,1,-1,0
16,016_none_sequential_run16,none,sequential,1778267498.91679,/big.txt,86507520,131072,sequential,1.0000,0.0000,0,0,,,1,-1,0
16,016_none_sequential_run16,none,sequential,1778267498.9188507,/big.txt,86638592,131072,sequential,1.0000,0.0000,0,0,,,1,-1,0
16,016_none_sequential_run16,none,sequential,1778267498.9208686,/big.txt,86769664,131072,sequential,1.0000,0.0000,0,0,,,1,-1,0
16,016_none_sequential_run16,none,sequential,1778267498.9228992,/big.txt,86900736,131072,sequential,1.0000,0.0000,0,0,,,1,-1,0
16,016_none_sequential_run16,none,sequential,1778267498.9249227,/big.txt,87031808,131072,sequential,1.0000,0.0000,0,0,,,1,-1,0
16,016_none_sequential_run16,none,sequential,1778267498.9269774,/big.txt,87162880,131072,sequential,1.0000,0.0000,0,0,,,1,-1,0
16,016_none_sequential_run16,none,sequential,1778267498.9290106,/big.txt,87293952,131072,sequential,1.0000,0.0000,0,0,,,1,-1,0
16,016_none_sequential_run16,none,sequential,1778267498.9311585,/big.txt,87425024,131072,sequential,1.0000,0.0000,0,0,,,1,-1,0
16,016_none_sequential_run16,none,sequential,1778267498.9332027,/big.txt,87556096,131072,sequential,1.0000,0.0000,0,0,,,1,-1,0
16,016_none_sequential_run16,none,sequential,1778267498.9352558,/big.txt,87687168,131072,sequential,1.0000,0.0000,0,0,,,1,-1,0
16,016_none_sequential_run16,none,sequential,1778267498.9372709,/big.txt,87818240,131072,sequential,1.0000,0.0000,0,0,,,1,-1,0
16,016_none_sequential_run16,none,sequential,1778267498.9393175,/big.txt,87949312,131072,sequential,1.0000,0.0000,0,0,,,1,-1,0
16,016_none_sequential_run16,none,sequential,1778267498.941338,/big.txt,88080384,131072,sequential,1.0000,0.0000,0,0,,,1,-1,0
16,016_none_sequential_run16,none,sequential,1778267498.943393,/big.txt,88211456,131072,sequential,1.0000,0.0000,0,0,,,1,-1,0
16,016_none_sequential_run16,none,sequential,1778267498.945405,/big.txt,88342528,131072,sequential,1.0000,0.0000,0,0,,,1,-1,0
16,016_none_sequential_run16,none,sequential,1778267498.9474385,/big.txt,88473600,131072,sequential,1.0000,0.0000,0,0,,,1,-1,0
16,016_none_sequential_run16,none,sequential,1778267498.9494684,/big.txt,88604672,131072,sequential,1.0000,0.0000,0,0,,,1,-1,0
16,016_none_sequential_run16,none,sequential,1778267498.9515712,/big.txt,88735744,131072,sequential,1.0000,0.0000,0,0,,,1,-1,0
16,016_none_sequential_run16,none,sequential,1778267498.953607,/big.txt,88866816,131072,sequential,1.0000,0.0000,0,0,,,1,-1,0
16,016_none_sequential_run16,none,sequential,1778267498.9556499,/big.txt,88997888,131072,sequential,1.0000,0.0000,0,0,,,1,-1,0
16,016_none_sequential_run16,none,sequential,1778267498.957675,/big.txt,89128960,131072,sequential,1.0000,0.0000,0,0,,,1,-1,0
16,016_none_sequential_run16,none,sequential,1778267498.9597192,/big.txt,89260032,131072,sequential,1.0000,0.0000,0,0,,,1,-1,0
16,016_none_sequential_run16,none,sequential,1778267498.9617429,/big.txt,89391104,131072,sequential,1.0000,0.0000,0,0,,,1,-1,0
16,016_none_sequential_run16,none,sequential,1778267498.963797,/big.txt,89522176,131072,sequential,1.0000,0.0000,0,0,,,1,-1,0
16,016_none_sequential_run16,none,sequential,1778267498.9658334,/big.txt,89653248,131072,sequential,1.0000,0.0000,0,0,,,1,-1,0
16,016_none_sequential_run16,none,sequential,1778267498.9678817,/big.txt,89784320,131072,sequential,1.0000,0.0000,0,0,,,1,-1,0
16,016_none_sequential_run16,none,sequential,1778267498.969912,/big.txt,89915392,131072,sequential,1.0000,0.0000,0,0,,,1,-1,0
16,016_none_sequential_run16,none,sequential,1778267498.9719672,/big.txt,90046464,131072,sequential,1.0000,0.0000,0,0,,,1,-1,0
16,016_none_sequential_run16,none,sequential,1778267498.9740076,/big.txt,90177536,131072,sequential,1.0000,0.0000,0,0,,,1,-1,0
16,016_none_sequential_run16,none,sequential,1778267498.9760563,/big.txt,90308608,131072,sequential,1.0000,0.0000,0,0,,,1,-1,0
16,016_none_sequential_run16,none,sequential,1778267498.978093,/big.txt,90439680,131072,sequential,1.0000,0.0000,0,0,,,1,-1,0
16,016_none_sequential_run16,none,sequential,1778267498.980164,/big.txt,90570752,131072,sequential,1.0000,0.0000,0,0,,,1,-1,0
16,016_none_sequential_run16,none,sequential,1778267498.9822047,/big.txt,90701824,131072,sequential,1.0000,0.0000,0,0,,,1,-1,0
16,016_none_sequential_run16,none,sequential,1778267498.9843004,/big.txt,90832896,131072,sequential,1.0000,0.0000,0,0,,,1,-1,0
16,016_none_sequential_run16,none,sequential,1778267498.9863255,/big.txt,90963968,131072,sequential,1.0000,0.0000,0,0,,,1,-1,0
16,016_none_sequential_run16,none,sequential,1778267498.988377,/big.txt,91095040,131072,sequential,1.0000,0.0000,0,0,,,1,-1,0
16,016_none_sequential_run16,none,sequential,1778267498.9904158,/big.txt,91226112,131072,sequential,1.0000,0.0000,0,0,,,1,-1,0
16,016_none_sequential_run16,none,sequential,1778267498.992474,/big.txt,91357184,131072,sequential,1.0000,0.0000,0,0,,,1,-1,0
16,016_none_sequential_run16,none,sequential,1778267498.9945233,/big.txt,91488256,131072,sequential,1.0000,0.0000,0,0,,,1,-1,0
16,016_none_sequential_run16,none,sequential,1778267498.9965398,/big.txt,91619328,131072,sequential,1.0000,0.0000,0,0,,,1,-1,0
16,016_none_sequential_run16,none,sequential,1778267498.9985795,/big.txt,91750400,131072,sequential,1.0000,0.0000,0,0,,,1,-1,0
16,016_none_sequential_run16,none,sequential,1778267499.0006285,/big.txt,91881472,131072,sequential,1.0000,0.0000,0,0,,,1,-1,0
16,016_none_sequential_run16,none,sequential,1778267499.0026603,/big.txt,92012544,131072,sequential,1.0000,0.0000,0,0,,,1,-1,0
16,016_none_sequential_run16,none,sequential,1778267499.0047743,/big.txt,92143616,131072,sequential,1.0000,0.0000,0,0,,,1,-1,0
16,016_none_sequential_run16,none,sequential,1778267499.0068283,/big.txt,92274688,131072,sequential,1.0000,0.0000,0,0,,,1,-1,0
16,016_none_sequential_run16,none,sequential,1778267499.0088782,/big.txt,92405760,131072,sequential,1.0000,0.0000,0,0,,,1,-1,0
16,016_none_sequential_run16,none,sequential,1778267499.0110242,/big.txt,92536832,131072,sequential,1.0000,0.0000,0,0,,,1,-1,0
16,016_none_sequential_run16,none,sequential,1778267499.0151892,/big.txt,92667904,131072,sequential,1.0000,0.0000,0,0,,,1,-1,0
16,016_none_sequential_run16,none,sequential,1778267499.0193388,/big.txt,92798976,131072,sequential,1.0000,0.0000,0,0,,,1,-1,0
16,016_none_sequential_run16,none,sequential,1778267499.0231023,/big.txt,92930048,131072,sequential,1.0000,0.0000,0,0,,,1,-1,0
16,016_none_sequential_run16,none,sequential,1778267499.025135,/big.txt,93061120,131072,sequential,1.0000,0.0000,0,0,,,1,-1,0
16,016_none_sequential_run16,none,sequential,1778267499.027184,/big.txt,93192192,131072,sequential,1.0000,0.0000,0,0,,,1,-1,0
16,016_none_sequential_run16,none,sequential,1778267499.0292203,/big.txt,93323264,131072,sequential,1.0000,0.0000,0,0,,,1,-1,0
16,016_none_sequential_run16,none,sequential,1778267499.0313172,/big.txt,93454336,131072,sequential,1.0000,0.0000,0,0,,,1,-1,0
16,016_none_sequential_run16,none,sequential,1778267499.0333548,/big.txt,93585408,131072,sequential,1.0000,0.0000,0,0,,,1,-1,0
16,016_none_sequential_run16,none,sequential,1778267499.0354042,/big.txt,93716480,131072,sequential,1.0000,0.0000,0,0,,,1,-1,0
16,016_none_sequential_run16,none,sequential,1778267499.0374527,/big.txt,93847552,131072,sequential,1.0000,0.0000,0,0,,,1,-1,0
16,016_none_sequential_run16,none,sequential,1778267499.0394745,/big.txt,93978624,131072,sequential,1.0000,0.0000,0,0,,,1,-1,0
16,016_none_sequential_run16,none,sequential,1778267499.0415328,/big.txt,94109696,131072,sequential,1.0000,0.0000,0,0,,,1,-1,0
16,016_none_sequential_run16,none,sequential,1778267499.0435808,/big.txt,94240768,131072,sequential,1.0000,0.0000,0,0,,,1,-1,0
16,016_none_sequential_run16,none,sequential,1778267499.0456295,/big.txt,94371840,131072,sequential,1.0000,0.0000,0,0,,,1,-1,0
16,016_none_sequential_run16,none,sequential,1778267499.0476782,/big.txt,94502912,131072,sequential,1.0000,0.0000,0,0,,,1,-1,0
16,016_none_sequential_run16,none,sequential,1778267499.0497081,/big.txt,94633984,131072,sequential,1.0000,0.0000,0,0,,,1,-1,0
16,016_none_sequential_run16,none,sequential,1778267499.0517538,/big.txt,94765056,131072,sequential,1.0000,0.0000,0,0,,,1,-1,0
16,016_none_sequential_run16,none,sequential,1778267499.0538018,/big.txt,94896128,131072,sequential,1.0000,0.0000,0,0,,,1,-1,0
16,016_none_sequential_run16,none,sequential,1778267499.0558665,/big.txt,95027200,131072,sequential,1.0000,0.0000,0,0,,,1,-1,0
16,016_none_sequential_run16,none,sequential,1778267499.057907,/big.txt,95158272,131072,sequential,1.0000,0.0000,0,0,,,1,-1,0
16,016_none_sequential_run16,none,sequential,1778267499.059952,/big.txt,95289344,131072,sequential,1.0000,0.0000,0,0,,,1,-1,0
16,016_none_sequential_run16,none,sequential,1778267499.061993,/big.txt,95420416,131072,sequential,1.0000,0.0000,0,0,,,1,-1,0
16,016_none_sequential_run16,none,sequential,1778267499.0640502,/big.txt,95551488,131072,sequential,1.0000,0.0000,0,0,,,1,-1,0
16,016_none_sequential_run16,none,sequential,1778267499.0660722,/big.txt,95682560,131072,sequential,1.0000,0.0000,0,0,,,1,-1,0
16,016_none_sequential_run16,none,sequential,1778267499.068134,/big.txt,95813632,131072,sequential,1.0000,0.0000,0,0,,,1,-1,0
16,016_none_sequential_run16,none,sequential,1778267499.0701716,/big.txt,95944704,131072,sequential,1.0000,0.0000,0,0,,,1,-1,0
16,016_none_sequential_run16,none,sequential,1778267499.07225,/big.txt,96075776,131072,sequential,1.0000,0.0000,0,0,,,1,-1,0
16,016_none_sequential_run16,none,sequential,1778267499.074288,/big.txt,96206848,131072,sequential,1.0000,0.0000,0,0,,,1,-1,0
16,016_none_sequential_run16,none,sequential,1778267499.0763414,/big.txt,96337920,131072,sequential,1.0000,0.0000,0,0,,,1,-1,0
16,016_none_sequential_run16,none,sequential,1778267499.0783644,/big.txt,96468992,131072,sequential,1.0000,0.0000,0,0,,,1,-1,0
16,016_none_sequential_run16,none,sequential,1778267499.0805128,/big.txt,96600064,131072,sequential,1.0000,0.0000,0,0,,,1,-1,0
16,016_none_sequential_run16,none,sequential,1778267499.0826445,/big.txt,96731136,131072,sequential,1.0000,0.0000,0,0,,,1,-1,0
16,016_none_sequential_run16,none,sequential,1778267499.0846922,/big.txt,96862208,131072,sequential,1.0000,0.0000,0,0,,,1,-1,0
16,016_none_sequential_run16,none,sequential,1778267499.086782,/big.txt,96993280,131072,sequential,1.0000,0.0000,0,0,,,1,-1,0
16,016_none_sequential_run16,none,sequential,1778267499.0888343,/big.txt,97124352,131072,sequential,1.0000,0.0000,0,0,,,1,-1,0
16,016_none_sequential_run16,none,sequential,1778267499.0908782,/big.txt,97255424,131072,sequential,1.0000,0.0000,0,0,,,1,-1,0
16,016_none_sequential_run16,none,sequential,1778267499.0929232,/big.txt,97386496,131072,sequential,1.0000,0.0000,0,0,,,1,-1,0
16,016_none_sequential_run16,none,sequential,1778267499.09499,/big.txt,97517568,131072,sequential,1.0000,0.0000,0,0,,,1,-1,0
16,016_none_sequential_run16,none,sequential,1778267499.0970376,/big.txt,97648640,131072,sequential,1.0000,0.0000,0,0,,,1,-1,0
16,016_none_sequential_run16,none,sequential,1778267499.0990787,/big.txt,97779712,131072,sequential,1.0000,0.0000,0,0,,,1,-1,0
16,016_none_sequential_run16,none,sequential,1778267499.101116,/big.txt,97910784,131072,sequential,1.0000,0.0000,0,0,,,1,-1,0
16,016_none_sequential_run16,none,sequential,1778267499.1031468,/big.txt,98041856,131072,sequential,1.0000,0.0000,0,0,,,1,-1,0
16,016_none_sequential_run16,none,sequential,1778267499.1051683,/big.txt,98172928,131072,sequential,1.0000,0.0000,0,0,,,1,-1,0
16,016_none_sequential_run16,none,sequential,1778267499.1071954,/big.txt,98304000,131072,sequential,1.0000,0.0000,0,0,,,1,-1,0
16,016_none_sequential_run16,none,sequential,1778267499.1092203,/big.txt,98435072,131072,sequential,1.0000,0.0000,0,0,,,1,-1,0
16,016_none_sequential_run16,none,sequential,1778267499.111264,/big.txt,98566144,131072,sequential,1.0000,0.0000,0,0,,,1,-1,0
16,016_none_sequential_run16,none,sequential,1778267499.1133046,/big.txt,98697216,131072,sequential,1.0000,0.0000,0,0,,,1,-1,0
16,016_none_sequential_run16,none,sequential,1778267499.1153533,/big.txt,98828288,131072,sequential,1.0000,0.0000,0,0,,,1,-1,0
16,016_none_sequential_run16,none,sequential,1778267499.1173828,/big.txt,98959360,131072,sequential,1.0000,0.0000,0,0,,,1,-1,0
16,016_none_sequential_run16,none,sequential,1778267499.1195457,/big.txt,99090432,131072,sequential,1.0000,0.0000,0,0,,,1,-1,0
16,016_none_sequential_run16,none,sequential,1778267499.1215794,/big.txt,99221504,131072,sequential,1.0000,0.0000,0,0,,,1,-1,0
16,016_none_sequential_run16,none,sequential,1778267499.1236217,/big.txt,99352576,131072,sequential,1.0000,0.0000,0,0,,,1,-1,0
16,016_none_sequential_run16,none,sequential,1778267499.125653,/big.txt,99483648,131072,sequential,1.0000,0.0000,0,0,,,1,-1,0
16,016_none_sequential_run16,none,sequential,1778267499.1277003,/big.txt,99614720,131072,sequential,1.0000,0.0000,0,0,,,1,-1,0
16,016_none_sequential_run16,none,sequential,1778267499.1297288,/big.txt,99745792,131072,sequential,1.0000,0.0000,0,0,,,1,-1,0
16,016_none_sequential_run16,none,sequential,1778267499.131774,/big.txt,99876864,131072,sequential,1.0000,0.0000,0,0,,,1,-1,0
16,016_none_sequential_run16,none,sequential,1778267499.1338184,/big.txt,100007936,131072,sequential,1.0000,0.0000,0,0,,,1,-1,0
16,016_none_sequential_run16,none,sequential,1778267499.135878,/big.txt,100139008,131072,sequential,1.0000,0.0000,0,0,,,1,-1,0
16,016_none_sequential_run16,none,sequential,1778267499.1379123,/big.txt,100270080,131072,sequential,1.0000,0.0000,0,0,,,1,-1,0
16,016_none_sequential_run16,none,sequential,1778267499.1399665,/big.txt,100401152,131072,sequential,1.0000,0.0000,0,0,,,1,-1,0
16,016_none_sequential_run16,none,sequential,1778267499.142008,/big.txt,100532224,131072,sequential,1.0000,0.0000,0,0,,,1,-1,0
16,016_none_sequential_run16,none,sequential,1778267499.1440632,/big.txt,100663296,131072,sequential,1.0000,0.0000,0,0,,,1,-1,0
16,016_none_sequential_run16,none,sequential,1778267499.1461241,/big.txt,100794368,131072,sequential,1.0000,0.0000,0,0,,,1,-1,0
16,016_none_sequential_run16,none,sequential,1778267499.1481664,/big.txt,100925440,131072,sequential,1.0000,0.0000,0,0,,,1,-1,0
16,016_none_sequential_run16,none,sequential,1778267499.150198,/big.txt,101056512,131072,sequential,1.0000,0.0000,0,0,,,1,-1,0
16,016_none_sequential_run16,none,sequential,1778267499.1522715,/big.txt,101187584,131072,sequential,1.0000,0.0000,0,0,,,1,-1,0
16,016_none_sequential_run16,none,sequential,1778267499.1543193,/big.txt,101318656,131072,sequential,1.0000,0.0000,0,0,,,1,-1,0
16,016_none_sequential_run16,none,sequential,1778267499.1563487,/big.txt,101449728,131072,sequential,1.0000,0.0000,0,0,,,1,-1,0
16,016_none_sequential_run16,none,sequential,1778267499.1583726,/big.txt,101580800,131072,sequential,1.0000,0.0000,0,0,,,1,-1,0
16,016_none_sequential_run16,none,sequential,1778267499.1625066,/big.txt,101711872,131072,sequential,1.0000,0.0000,0,0,,,1,-1,0
16,016_none_sequential_run16,none,sequential,1778267499.1666236,/big.txt,101842944,131072,sequential,1.0000,0.0000,0,0,,,1,-1,0
16,016_none_sequential_run16,none,sequential,1778267499.1686668,/big.txt,101974016,131072,sequential,1.0000,0.0000,0,0,,,1,-1,0
16,016_none_sequential_run16,none,sequential,1778267499.1706975,/big.txt,102105088,131072,sequential,1.0000,0.0000,0,0,,,1,-1,0
16,016_none_sequential_run16,none,sequential,1778267499.1727602,/big.txt,102236160,131072,sequential,1.0000,0.0000,0,0,,,1,-1,0
16,016_none_sequential_run16,none,sequential,1778267499.1748168,/big.txt,102367232,131072,sequential,1.0000,0.0000,0,0,,,1,-1,0
16,016_none_sequential_run16,none,sequential,1778267499.1768568,/big.txt,102498304,131072,sequential,1.0000,0.0000,0,0,,,1,-1,0
16,016_none_sequential_run16,none,sequential,1778267499.1789382,/big.txt,102629376,131072,sequential,1.0000,0.0000,0,0,,,1,-1,0
16,016_none_sequential_run16,none,sequential,1778267499.1809614,/big.txt,102760448,131072,sequential,1.0000,0.0000,0,0,,,1,-1,0
16,016_none_sequential_run16,none,sequential,1778267499.1830451,/big.txt,102891520,131072,sequential,1.0000,0.0000,0,0,,,1,-1,0
16,016_none_sequential_run16,none,sequential,1778267499.1851108,/big.txt,103022592,131072,sequential,1.0000,0.0000,0,0,,,1,-1,0
16,016_none_sequential_run16,none,sequential,1778267499.1872036,/big.txt,103153664,131072,sequential,1.0000,0.0000,0,0,,,1,-1,0
16,016_none_sequential_run16,none,sequential,1778267499.1892471,/big.txt,103284736,131072,sequential,1.0000,0.0000,0,0,,,1,-1,0
16,016_none_sequential_run16,none,sequential,1778267499.1913292,/big.txt,103415808,131072,sequential,1.0000,0.0000,0,0,,,1,-1,0
16,016_none_sequential_run16,none,sequential,1778267499.1933625,/big.txt,103546880,131072,sequential,1.0000,0.0000,0,0,,,1,-1,0
16,016_none_sequential_run16,none,sequential,1778267499.1954088,/big.txt,103677952,131072,sequential,1.0000,0.0000,0,0,,,1,-1,0
16,016_none_sequential_run16,none,sequential,1778267499.1974344,/big.txt,103809024,131072,sequential,1.0000,0.0000,0,0,,,1,-1,0
16,016_none_sequential_run16,none,sequential,1778267499.199448,/big.txt,103940096,131072,sequential,1.0000,0.0000,0,0,,,1,-1,0
16,016_none_sequential_run16,none,sequential,1778267499.2014692,/big.txt,104071168,131072,sequential,1.0000,0.0000,0,0,,,1,-1,0
16,016_none_sequential_run16,none,sequential,1778267499.2035193,/big.txt,104202240,131072,sequential,1.0000,0.0000,0,0,,,1,-1,0
16,016_none_sequential_run16,none,sequential,1778267499.2055547,/big.txt,104333312,131072,sequential,1.0000,0.0000,0,0,,,1,-1,0
16,016_none_sequential_run16,none,sequential,1778267499.2076058,/big.txt,104464384,131072,sequential,1.0000,0.0000,0,0,,,1,-1,0
16,016_none_sequential_run16,none,sequential,1778267499.2096438,/big.txt,104595456,131072,sequential,1.0000,0.0000,0,0,,,1,-1,0
16,016_none_sequential_run16,none,sequential,1778267499.2116816,/big.txt,104726528,131072,sequential,1.0000,0.0000,0,0,,,1,-1,0
16,016_none_sequential_run16,none,sequential,1778267499.2118556,/big.txt,104857600,0,sequential,1.0000,0.0000,0,0,,,1,0,0
