run_index,run_label,mode,workload,seq,timestamp,path,offset,size
51,051_none_phase_change_run11,none,phase_change,1,1778306404.0769205,/big.txt,0,131072
51,051_none_phase_change_run11,none,phase_change,2,1778306404.0802996,/big.txt,131072,131072
51,051_none_phase_change_run11,none,phase_change,3,1778306404.0834913,/big.txt,262144,131072
51,051_none_phase_change_run11,none,phase_change,4,1778306404.0866463,/big.txt,393216,131072
51,051_none_phase_change_run11,none,phase_change,5,1778306404.0898316,/big.txt,524288,131072
51,051_none_phase_change_run11,none,phase_change,6,1778306404.0930967,/big.txt,655360,131072
51,051_none_phase_change_run11,none,phase_change,7,1778306404.096268,/big.txt,786432,131072
51,051_none_phase_change_run11,none,phase_change,8,1778306404.0992272,/big.txt,917504,131072
51,051_none_phase_change_run11,none,phase_change,9,1778306404.1021454,/big.txt,1048576,131072
51,051_none_phase_change_run11,none,phase_change,10,1778306404.1050944,/big.txt,1179648,131072
51,051_none_phase_change_run11,none,phase_change,11,1778306404.1080549,/big.txt,1310720,131072
51,051_none_phase_change_run11,none,phase_change,12,1778306404.1110947,/big.txt,1441792,131072
51,051_none_phase_change_run11,none,phase_change,13,1778306404.1141236,/big.txt,1572864,131072
51,051_none_phase_change_run11,none,phase_change,14,1778306404.117065,/big.txt,1703936,131072
51,051_none_phase_change_run11,none,phase_change,15,1778306404.1200392,/big.txt,1835008,131072
51,051_none_phase_change_run11,none,phase_change,16,1778306404.1230016,/big.txt,1966080,131072
51,051_none_phase_change_run11,none,phase_change,17,1778306404.1259072,/big.txt,2097152,131072
51,051_none_phase_change_run11,none,phase_change,18,1778306404.128881,/big.txt,2228224,131072
51,051_none_phase_change_run11,none,phase_change,19,1778306404.1318967,/big.txt,2359296,131072
51,051_none_phase_change_run11,none,phase_change,20,1778306404.1347234,/big.txt,2490368,131072
51,051_none_phase_change_run11,none,phase_change,21,1778306404.1377025,/big.txt,2621440,131072
51,051_none_phase_change_run11,none,phase_change,22,1778306404.140561,/big.txt,2752512,131072
51,051_none_phase_change_run11,none,phase_change,23,1778306404.1434877,/big.txt,2883584,131072
51,051_none_phase_change_run11,none,phase_change,24,1778306404.1464148,/big.txt,3014656,131072
51,051_none_phase_change_run11,none,phase_change,25,1778306404.1493015,/big.txt,3145728,131072
51,051_none_phase_change_run11,none,phase_change,26,1778306404.152056,/big.txt,3276800,131072
51,051_none_phase_change_run11,none,phase_change,27,1778306404.1547909,/big.txt,3407872,131072
51,051_none_phase_change_run11,none,phase_change,28,1778306404.1573558,/big.txt,3538944,131072
51,051_none_phase_change_run11,none,phase_change,29,1778306404.1599567,/big.txt,3670016,131072
51,051_none_phase_change_run11,none,phase_change,30,1778306404.1625454,/big.txt,3801088,131072
51,051_none_phase_change_run11,none,phase_change,31,1778306404.1651459,/big.txt,3932160,131072
51,051_none_phase_change_run11,none,phase_change,32,1778306404.1677623,/big.txt,4063232,131072
51,051_none_phase_change_run11,none,phase_change,33,1778306404.1703365,/big.txt,4194304,131072
51,051_none_phase_change_run11,none,phase_change,34,1778306404.1729562,/big.txt,4325376,131072
51,051_none_phase_change_run11,none,phase_change,35,1778306404.1755307,/big.txt,4456448,131072
51,051_none_phase_change_run11,none,phase_change,36,1778306404.1781585,/big.txt,4587520,131072
51,051_none_phase_change_run11,none,phase_change,37,1778306404.1807742,/big.txt,4718592,131072
51,051_none_phase_change_run11,none,phase_change,38,1778306404.1834934,/big.txt,4849664,131072
51,051_none_phase_change_run11,none,phase_change,39,1778306404.1863067,/big.txt,4980736,131072
51,051_none_phase_change_run11,none,phase_change,40,1778306404.1890197,/big.txt,5111808,131072
51,051_none_phase_change_run11,none,phase_change,41,1778306404.191723,/big.txt,5242880,131072
51,051_none_phase_change_run11,none,phase_change,42,1778306404.1943102,/big.txt,5373952,131072
51,051_none_phase_change_run11,none,phase_change,43,1778306404.1969876,/big.txt,5505024,131072
51,051_none_phase_change_run11,none,phase_change,44,1778306404.199696,/big.txt,5636096,131072
51,051_none_phase_change_run11,none,phase_change,45,1778306404.2022643,/big.txt,5767168,131072
51,051_none_phase_change_run11,none,phase_change,46,1778306404.204897,/big.txt,5898240,131072
51,051_none_phase_change_run11,none,phase_change,47,1778306404.2075024,/big.txt,6029312,131072
51,051_none_phase_change_run11,none,phase_change,48,1778306404.2101662,/big.txt,6160384,131072
51,051_none_phase_change_run11,none,phase_change,49,1778306404.2127497,/big.txt,6291456,131072
51,051_none_phase_change_run11,none,phase_change,50,1778306404.2153394,/big.txt,6422528,131072
51,051_none_phase_change_run11,none,phase_change,51,1778306404.2179315,/big.txt,6553600,131072
51,051_none_phase_change_run11,none,phase_change,52,1778306404.2205808,/big.txt,6684672,131072
51,051_none_phase_change_run11,none,phase_change,53,1778306404.223186,/big.txt,6815744,131072
51,051_none_phase_change_run11,none,phase_change,54,1778306404.225779,/big.txt,6946816,131072
51,051_none_phase_change_run11,none,phase_change,55,1778306404.2284582,/big.txt,7077888,131072
51,051_none_phase_change_run11,none,phase_change,56,1778306404.2311547,/big.txt,7208960,131072
51,051_none_phase_change_run11,none,phase_change,57,1778306404.233747,/big.txt,7340032,131072
51,051_none_phase_change_run11,none,phase_change,58,1778306404.236394,/big.txt,7471104,131072
51,051_none_phase_change_run11,none,phase_change,59,1778306404.2391222,/big.txt,7602176,131072
51,051_none_phase_change_run11,none,phase_change,60,1778306404.2417176,/big.txt,7733248,131072
51,051_none_phase_change_run11,none,phase_change,61,1778306404.2443633,/big.txt,7864320,131072
51,051_none_phase_change_run11,none,phase_change,62,1778306404.247018,/big.txt,7995392,131072
51,051_none_phase_change_run11,none,phase_change,63,1778306404.2496824,/big.txt,8126464,131072
51,051_none_phase_change_run11,none,phase_change,64,1778306404.2523477,/big.txt,8257536,131072
51,051_none_phase_change_run11,none,phase_change,65,1778306404.2550027,/big.txt,8388608,131072
51,051_none_phase_change_run11,none,phase_change,66,1778306404.2576032,/big.txt,8519680,131072
51,051_none_phase_change_run11,none,phase_change,67,1778306404.2602403,/big.txt,8650752,131072
51,051_none_phase_change_run11,none,phase_change,68,1778306404.2628317,/big.txt,8781824,131072
51,051_none_phase_change_run11,none,phase_change,69,1778306404.265418,/big.txt,8912896,131072
51,051_none_phase_change_run11,none,phase_change,70,1778306404.2680395,/big.txt,9043968,131072
51,051_none_phase_change_run11,none,phase_change,71,1778306404.2706735,/big.txt,9175040,131072
51,051_none_phase_change_run11,none,phase_change,72,1778306404.273258,/big.txt,9306112,131072
51,051_none_phase_change_run11,none,phase_change,73,1778306404.2759047,/big.txt,9437184,131072
51,051_none_phase_change_run11,none,phase_change,74,1778306404.2785206,/big.txt,9568256,131072
51,051_none_phase_change_run11,none,phase_change,75,1778306404.2811491,/big.txt,9699328,131072
51,051_none_phase_change_run11,none,phase_change,76,1778306404.283799,/big.txt,9830400,131072
51,051_none_phase_change_run11,none,phase_change,77,1778306404.2863898,/big.txt,9961472,131072
51,051_none_phase_change_run11,none,phase_change,78,1778306404.2890081,/big.txt,10092544,131072
51,051_none_phase_change_run11,none,phase_change,79,1778306404.2915883,/big.txt,10223616,131072
51,051_none_phase_change_run11,none,phase_change,80,1778306404.2941825,/big.txt,10354688,131072
51,051_none_phase_change_run11,none,phase_change,81,1778306404.2973711,/big.txt,10485760,131072
51,051_none_phase_change_run11,none,phase_change,82,1778306404.300036,/big.txt,10616832,131072
51,051_none_phase_change_run11,none,phase_change,83,1778306404.3026364,/big.txt,10747904,131072
51,051_none_phase_change_run11,none,phase_change,84,1778306404.3052473,/big.txt,10878976,131072
51,051_none_phase_change_run11,none,phase_change,85,1778306404.3078556,/big.txt,11010048,131072
51,051_none_phase_change_run11,none,phase_change,86,1778306404.3104775,/big.txt,11141120,131072
51,051_none_phase_change_run11,none,phase_change,87,1778306404.3130937,/big.txt,11272192,131072
51,051_none_phase_change_run11,none,phase_change,88,1778306404.3157325,/big.txt,11403264,131072
51,051_none_phase_change_run11,none,phase_change,89,1778306404.3183172,/big.txt,11534336,131072
51,051_none_phase_change_run11,none,phase_change,90,1778306404.3209424,/big.txt,11665408,131072
51,051_none_phase_change_run11,none,phase_change,91,1778306404.3235965,/big.txt,11796480,131072
51,051_none_phase_change_run11,none,phase_change,92,1778306404.326189,/big.txt,11927552,131072
51,051_none_phase_change_run11,none,phase_change,93,1778306404.3287895,/big.txt,12058624,131072
51,051_none_phase_change_run11,none,phase_change,94,1778306404.3313987,/big.txt,12189696,131072
51,051_none_phase_change_run11,none,phase_change,95,1778306404.3340614,/big.txt,12320768,131072
51,051_none_phase_change_run11,none,phase_change,96,1778306404.336705,/big.txt,12451840,131072
51,051_none_phase_change_run11,none,phase_change,97,1778306404.3393288,/big.txt,12582912,131072
51,051_none_phase_change_run11,none,phase_change,98,1778306404.3419318,/big.txt,12713984,131072
51,051_none_phase_change_run11,none,phase_change,99,1778306404.344604,/big.txt,12845056,131072
51,051_none_phase_change_run11,none,phase_change,100,1778306404.347253,/big.txt,12976128,131072
51,051_none_phase_change_run11,none,phase_change,101,1778306404.3499045,/big.txt,13107200,131072
51,051_none_phase_change_run11,none,phase_change,102,1778306404.3525813,/big.txt,13238272,131072
51,051_none_phase_change_run11,none,phase_change,103,1778306404.3552606,/big.txt,13369344,131072
51,051_none_phase_change_run11,none,phase_change,104,1778306404.3579373,/big.txt,13500416,131072
51,051_none_phase_change_run11,none,phase_change,105,1778306404.3606026,/big.txt,13631488,131072
51,051_none_phase_change_run11,none,phase_change,106,1778306404.3632143,/big.txt,13762560,131072
51,051_none_phase_change_run11,none,phase_change,107,1778306404.3658314,/big.txt,13893632,131072
51,051_none_phase_change_run11,none,phase_change,108,1778306404.3684983,/big.txt,14024704,131072
51,051_none_phase_change_run11,none,phase_change,109,1778306404.3712494,/big.txt,14155776,131072
51,051_none_phase_change_run11,none,phase_change,110,1778306404.373944,/big.txt,14286848,131072
51,051_none_phase_change_run11,none,phase_change,111,1778306404.3766046,/big.txt,14417920,131072
51,051_none_phase_change_run11,none,phase_change,112,1778306404.3792212,/big.txt,14548992,131072
51,051_none_phase_change_run11,none,phase_change,113,1778306404.3818305,/big.txt,14680064,131072
51,051_none_phase_change_run11,none,phase_change,114,1778306404.3844724,/big.txt,14811136,131072
51,051_none_phase_change_run11,none,phase_change,115,1778306404.387109,/big.txt,14942208,131072
51,051_none_phase_change_run11,none,phase_change,116,1778306404.3897812,/big.txt,15073280,131072
51,051_none_phase_change_run11,none,phase_change,117,1778306404.3924592,/big.txt,15204352,131072
51,051_none_phase_change_run11,none,phase_change,118,1778306404.3950849,/big.txt,15335424,131072
51,051_none_phase_change_run11,none,phase_change,119,1778306404.3976812,/big.txt,15466496,131072
51,051_none_phase_change_run11,none,phase_change,120,1778306404.4003255,/big.txt,15597568,131072
51,051_none_phase_change_run11,none,phase_change,121,1778306404.4030335,/big.txt,15728640,131072
51,051_none_phase_change_run11,none,phase_change,122,1778306404.405676,/big.txt,15859712,131072
51,051_none_phase_change_run11,none,phase_change,123,1778306404.408324,/big.txt,15990784,131072
51,051_none_phase_change_run11,none,phase_change,124,1778306404.4109666,/big.txt,16121856,131072
51,051_none_phase_change_run11,none,phase_change,125,1778306404.413579,/big.txt,16252928,131072
51,051_none_phase_change_run11,none,phase_change,126,1778306404.416252,/big.txt,16384000,131072
51,051_none_phase_change_run11,none,phase_change,127,1778306404.4188447,/big.txt,16515072,131072
51,051_none_phase_change_run11,none,phase_change,128,1778306404.4214149,/big.txt,16646144,131072
51,051_none_phase_change_run11,none,phase_change,129,1778306404.4240515,/big.txt,16777216,131072
51,051_none_phase_change_run11,none,phase_change,130,1778306404.4266317,/big.txt,16908288,131072
51,051_none_phase_change_run11,none,phase_change,131,1778306404.4292347,/big.txt,17039360,131072
51,051_none_phase_change_run11,none,phase_change,132,1778306404.4319127,/big.txt,17170432,131072
51,051_none_phase_change_run11,none,phase_change,133,1778306404.4345317,/big.txt,17301504,131072
51,051_none_phase_change_run11,none,phase_change,134,1778306404.4371479,/big.txt,17432576,131072
51,051_none_phase_change_run11,none,phase_change,135,1778306404.4424024,/big.txt,17563648,131072
51,051_none_phase_change_run11,none,phase_change,136,1778306404.4476402,/big.txt,17694720,131072
51,051_none_phase_change_run11,none,phase_change,137,1778306404.451364,/big.txt,17825792,131072
51,051_none_phase_change_run11,none,phase_change,138,1778306404.454014,/big.txt,17956864,131072
51,051_none_phase_change_run11,none,phase_change,139,1778306404.4566844,/big.txt,18087936,131072
51,051_none_phase_change_run11,none,phase_change,140,1778306404.4594076,/big.txt,18219008,131072
51,051_none_phase_change_run11,none,phase_change,141,1778306404.4620097,/big.txt,18350080,131072
51,051_none_phase_change_run11,none,phase_change,142,1778306404.4646657,/big.txt,18481152,131072
51,051_none_phase_change_run11,none,phase_change,143,1778306404.4673011,/big.txt,18612224,131072
51,051_none_phase_change_run11,none,phase_change,144,1778306404.4699554,/big.txt,18743296,131072
51,051_none_phase_change_run11,none,phase_change,145,1778306404.4726648,/big.txt,18874368,131072
51,051_none_phase_change_run11,none,phase_change,146,1778306404.4753284,/big.txt,19005440,131072
51,051_none_phase_change_run11,none,phase_change,147,1778306404.4779866,/big.txt,19136512,131072
51,051_none_phase_change_run11,none,phase_change,148,1778306404.4806707,/big.txt,19267584,131072
51,051_none_phase_change_run11,none,phase_change,149,1778306404.4833148,/big.txt,19398656,131072
51,051_none_phase_change_run11,none,phase_change,150,1778306404.4859521,/big.txt,19529728,131072
51,051_none_phase_change_run11,none,phase_change,151,1778306404.4886556,/big.txt,19660800,131072
51,051_none_phase_change_run11,none,phase_change,152,1778306404.4912796,/big.txt,19791872,131072
51,051_none_phase_change_run11,none,phase_change,153,1778306404.4939132,/big.txt,19922944,131072
51,051_none_phase_change_run11,none,phase_change,154,1778306404.4965835,/big.txt,20054016,131072
51,051_none_phase_change_run11,none,phase_change,155,1778306404.499252,/big.txt,20185088,131072
51,051_none_phase_change_run11,none,phase_change,156,1778306404.5019195,/big.txt,20316160,131072
51,051_none_phase_change_run11,none,phase_change,157,1778306404.504624,/big.txt,20447232,131072
51,051_none_phase_change_run11,none,phase_change,158,1778306404.5072908,/big.txt,20578304,131072
51,051_none_phase_change_run11,none,phase_change,159,1778306404.5099828,/big.txt,20709376,131072
51,051_none_phase_change_run11,none,phase_change,160,1778306404.512689,/big.txt,20840448,131072
51,051_none_phase_change_run11,none,phase_change,161,1778306404.5154643,/big.txt,20971520,131072
51,051_none_phase_change_run11,none,phase_change,162,1778306404.5180624,/big.txt,21102592,131072
51,051_none_phase_change_run11,none,phase_change,163,1778306404.5206978,/big.txt,21233664,131072
51,051_none_phase_change_run11,none,phase_change,164,1778306404.5233638,/big.txt,21364736,131072
51,051_none_phase_change_run11,none,phase_change,165,1778306404.5259583,/big.txt,21495808,131072
51,051_none_phase_change_run11,none,phase_change,166,1778306404.5286164,/big.txt,21626880,131072
51,051_none_phase_change_run11,none,phase_change,167,1778306404.5313764,/big.txt,21757952,131072
51,051_none_phase_change_run11,none,phase_change,168,1778306404.5340812,/big.txt,21889024,131072
51,051_none_phase_change_run11,none,phase_change,169,1778306404.5367332,/big.txt,22020096,131072
51,051_none_phase_change_run11,none,phase_change,170,1778306404.5393732,/big.txt,22151168,131072
51,051_none_phase_change_run11,none,phase_change,171,1778306404.5419788,/big.txt,22282240,131072
51,051_none_phase_change_run11,none,phase_change,172,1778306404.5446677,/big.txt,22413312,131072
51,051_none_phase_change_run11,none,phase_change,173,1778306404.5473163,/big.txt,22544384,131072
51,051_none_phase_change_run11,none,phase_change,174,1778306404.5499098,/big.txt,22675456,131072
51,051_none_phase_change_run11,none,phase_change,175,1778306404.5525596,/big.txt,22806528,131072
51,051_none_phase_change_run11,none,phase_change,176,1778306404.5552208,/big.txt,22937600,131072
51,051_none_phase_change_run11,none,phase_change,177,1778306404.5578551,/big.txt,23068672,131072
51,051_none_phase_change_run11,none,phase_change,178,1778306404.5605156,/big.txt,23199744,131072
51,051_none_phase_change_run11,none,phase_change,179,1778306404.5631597,/big.txt,23330816,131072
51,051_none_phase_change_run11,none,phase_change,180,1778306404.5657675,/big.txt,23461888,131072
51,051_none_phase_change_run11,none,phase_change,181,1778306404.5684853,/big.txt,23592960,131072
51,051_none_phase_change_run11,none,phase_change,182,1778306404.5711381,/big.txt,23724032,131072
51,051_none_phase_change_run11,none,phase_change,183,1778306404.5738375,/big.txt,23855104,131072
51,051_none_phase_change_run11,none,phase_change,184,1778306404.576511,/big.txt,23986176,131072
51,051_none_phase_change_run11,none,phase_change,185,1778306404.579221,/big.txt,24117248,131072
51,051_none_phase_change_run11,none,phase_change,186,1778306404.5819037,/big.txt,24248320,131072
51,051_none_phase_change_run11,none,phase_change,187,1778306404.5845566,/big.txt,24379392,131072
51,051_none_phase_change_run11,none,phase_change,188,1778306404.5871925,/big.txt,24510464,131072
51,051_none_phase_change_run11,none,phase_change,189,1778306404.5898244,/big.txt,24641536,131072
51,051_none_phase_change_run11,none,phase_change,190,1778306404.592508,/big.txt,24772608,131072
51,051_none_phase_change_run11,none,phase_change,191,1778306404.5952785,/big.txt,24903680,131072
51,051_none_phase_change_run11,none,phase_change,192,1778306404.597967,/big.txt,25034752,131072
51,051_none_phase_change_run11,none,phase_change,193,1778306404.6006262,/big.txt,25165824,131072
51,051_none_phase_change_run11,none,phase_change,194,1778306404.6032681,/big.txt,25296896,131072
51,051_none_phase_change_run11,none,phase_change,195,1778306404.6058598,/big.txt,25427968,131072
51,051_none_phase_change_run11,none,phase_change,196,1778306404.608558,/big.txt,25559040,131072
51,051_none_phase_change_run11,none,phase_change,197,1778306404.6112783,/big.txt,25690112,131072
51,051_none_phase_change_run11,none,phase_change,198,1778306404.613945,/big.txt,25821184,131072
51,051_none_phase_change_run11,none,phase_change,199,1778306404.6166344,/big.txt,25952256,131072
51,051_none_phase_change_run11,none,phase_change,200,1778306404.6193826,/big.txt,26083328,131072
51,051_none_phase_change_run11,none,phase_change,201,1778306404.6220837,/big.txt,26214400,131072
51,051_none_phase_change_run11,none,phase_change,202,1778306404.624726,/big.txt,26345472,131072
51,051_none_phase_change_run11,none,phase_change,203,1778306404.6274562,/big.txt,26476544,131072
51,051_none_phase_change_run11,none,phase_change,204,1778306404.63011,/big.txt,26607616,131072
51,051_none_phase_change_run11,none,phase_change,205,1778306404.632762,/big.txt,26738688,131072
51,051_none_phase_change_run11,none,phase_change,206,1778306404.6353889,/big.txt,26869760,131072
51,051_none_phase_change_run11,none,phase_change,207,1778306404.6380286,/big.txt,27000832,131072
51,051_none_phase_change_run11,none,phase_change,208,1778306404.6406813,/big.txt,27131904,131072
51,051_none_phase_change_run11,none,phase_change,209,1778306404.643324,/big.txt,27262976,131072
51,051_none_phase_change_run11,none,phase_change,210,1778306404.6459622,/big.txt,27394048,131072
51,051_none_phase_change_run11,none,phase_change,211,1778306404.6486404,/big.txt,27525120,131072
51,051_none_phase_change_run11,none,phase_change,212,1778306404.6512783,/big.txt,27656192,131072
51,051_none_phase_change_run11,none,phase_change,213,1778306404.6538632,/big.txt,27787264,131072
51,051_none_phase_change_run11,none,phase_change,214,1778306404.6565235,/big.txt,27918336,131072
51,051_none_phase_change_run11,none,phase_change,215,1778306404.6591547,/big.txt,28049408,131072
51,051_none_phase_change_run11,none,phase_change,216,1778306404.661833,/big.txt,28180480,131072
51,051_none_phase_change_run11,none,phase_change,217,1778306404.664493,/big.txt,28311552,131072
51,051_none_phase_change_run11,none,phase_change,218,1778306404.667159,/big.txt,28442624,131072
51,051_none_phase_change_run11,none,phase_change,219,1778306404.6697679,/big.txt,28573696,131072
51,051_none_phase_change_run11,none,phase_change,220,1778306404.672463,/big.txt,28704768,131072
51,051_none_phase_change_run11,none,phase_change,221,1778306404.6751049,/big.txt,28835840,131072
51,051_none_phase_change_run11,none,phase_change,222,1778306404.6777155,/big.txt,28966912,131072
51,051_none_phase_change_run11,none,phase_change,223,1778306404.6803932,/big.txt,29097984,131072
51,051_none_phase_change_run11,none,phase_change,224,1778306404.6831315,/big.txt,29229056,131072
51,051_none_phase_change_run11,none,phase_change,225,1778306404.6857522,/big.txt,29360128,131072
51,051_none_phase_change_run11,none,phase_change,226,1778306404.688447,/big.txt,29491200,131072
51,051_none_phase_change_run11,none,phase_change,227,1778306404.691099,/big.txt,29622272,131072
51,051_none_phase_change_run11,none,phase_change,228,1778306404.693738,/big.txt,29753344,131072
51,051_none_phase_change_run11,none,phase_change,229,1778306404.6964605,/big.txt,29884416,131072
51,051_none_phase_change_run11,none,phase_change,230,1778306404.6991236,/big.txt,30015488,131072
51,051_none_phase_change_run11,none,phase_change,231,1778306404.7017567,/big.txt,30146560,131072
51,051_none_phase_change_run11,none,phase_change,232,1778306404.7044075,/big.txt,30277632,131072
51,051_none_phase_change_run11,none,phase_change,233,1778306404.7072248,/big.txt,30408704,131072
51,051_none_phase_change_run11,none,phase_change,234,1778306404.7098296,/big.txt,30539776,131072
51,051_none_phase_change_run11,none,phase_change,235,1778306404.7125301,/big.txt,30670848,131072
51,051_none_phase_change_run11,none,phase_change,236,1778306404.7151742,/big.txt,30801920,131072
51,051_none_phase_change_run11,none,phase_change,237,1778306404.717811,/big.txt,30932992,131072
51,051_none_phase_change_run11,none,phase_change,238,1778306404.7205331,/big.txt,31064064,131072
51,051_none_phase_change_run11,none,phase_change,239,1778306404.7231784,/big.txt,31195136,131072
51,051_none_phase_change_run11,none,phase_change,240,1778306404.7258127,/big.txt,31326208,131072
51,051_none_phase_change_run11,none,phase_change,241,1778306404.7285233,/big.txt,31457280,131072
51,051_none_phase_change_run11,none,phase_change,242,1778306404.7311814,/big.txt,31588352,131072
51,051_none_phase_change_run11,none,phase_change,243,1778306404.7338948,/big.txt,31719424,131072
51,051_none_phase_change_run11,none,phase_change,244,1778306404.736588,/big.txt,31850496,131072
51,051_none_phase_change_run11,none,phase_change,245,1778306404.7392898,/big.txt,31981568,131072
51,051_none_phase_change_run11,none,phase_change,246,1778306404.7419682,/big.txt,32112640,131072
51,051_none_phase_change_run11,none,phase_change,247,1778306404.7446837,/big.txt,32243712,131072
51,051_none_phase_change_run11,none,phase_change,248,1778306404.747297,/big.txt,32374784,131072
51,051_none_phase_change_run11,none,phase_change,249,1778306404.749912,/big.txt,32505856,131072
51,051_none_phase_change_run11,none,phase_change,250,1778306404.7525992,/big.txt,32636928,131072
51,051_none_phase_change_run11,none,phase_change,251,1778306404.7552438,/big.txt,32768000,131072
51,051_none_phase_change_run11,none,phase_change,252,1778306404.757851,/big.txt,32899072,131072
51,051_none_phase_change_run11,none,phase_change,253,1778306404.7606058,/big.txt,33030144,131072
51,051_none_phase_change_run11,none,phase_change,254,1778306404.763247,/big.txt,33161216,131072
51,051_none_phase_change_run11,none,phase_change,255,1778306404.7658787,/big.txt,33292288,131072
51,051_none_phase_change_run11,none,phase_change,256,1778306404.7685506,/big.txt,33423360,131072
51,051_none_phase_change_run11,none,phase_change,257,1778306404.7712052,/big.txt,33554432,131072
51,051_none_phase_change_run11,none,phase_change,258,1778306404.773894,/big.txt,33685504,131072
51,051_none_phase_change_run11,none,phase_change,259,1778306404.7765589,/big.txt,33816576,131072
51,051_none_phase_change_run11,none,phase_change,260,1778306404.7791755,/big.txt,33947648,131072
51,051_none_phase_change_run11,none,phase_change,261,1778306404.7817988,/big.txt,34078720,131072
51,051_none_phase_change_run11,none,phase_change,262,1778306404.7844708,/big.txt,34209792,131072
51,051_none_phase_change_run11,none,phase_change,263,1778306404.7871237,/big.txt,34340864,131072
51,051_none_phase_change_run11,none,phase_change,264,1778306404.7897584,/big.txt,34471936,131072
51,051_none_phase_change_run11,none,phase_change,265,1778306404.792445,/big.txt,34603008,131072
51,051_none_phase_change_run11,none,phase_change,266,1778306404.7950761,/big.txt,34734080,131072
51,051_none_phase_change_run11,none,phase_change,267,1778306404.7977161,/big.txt,34865152,131072
51,051_none_phase_change_run11,none,phase_change,268,1778306404.8003912,/big.txt,34996224,131072
51,051_none_phase_change_run11,none,phase_change,269,1778306404.8030045,/big.txt,35127296,131072
51,051_none_phase_change_run11,none,phase_change,270,1778306404.8056345,/big.txt,35258368,131072
51,051_none_phase_change_run11,none,phase_change,271,1778306404.8082974,/big.txt,35389440,131072
51,051_none_phase_change_run11,none,phase_change,272,1778306404.8109293,/big.txt,35520512,131072
51,051_none_phase_change_run11,none,phase_change,273,1778306404.8135734,/big.txt,35651584,131072
51,051_none_phase_change_run11,none,phase_change,274,1778306404.8162332,/big.txt,35782656,131072
51,051_none_phase_change_run11,none,phase_change,275,1778306404.8188992,/big.txt,35913728,131072
51,051_none_phase_change_run11,none,phase_change,276,1778306404.8215158,/big.txt,36044800,131072
51,051_none_phase_change_run11,none,phase_change,277,1778306404.8241796,/big.txt,36175872,131072
51,051_none_phase_change_run11,none,phase_change,278,1778306404.8268223,/big.txt,36306944,131072
51,051_none_phase_change_run11,none,phase_change,279,1778306404.8295152,/big.txt,36438016,131072
51,051_none_phase_change_run11,none,phase_change,280,1778306404.832149,/big.txt,36569088,131072
51,051_none_phase_change_run11,none,phase_change,281,1778306404.8347285,/big.txt,36700160,131072
51,051_none_phase_change_run11,none,phase_change,282,1778306404.837453,/big.txt,36831232,131072
51,051_none_phase_change_run11,none,phase_change,283,1778306404.8400683,/big.txt,36962304,131072
51,051_none_phase_change_run11,none,phase_change,284,1778306404.8426974,/big.txt,37093376,131072
51,051_none_phase_change_run11,none,phase_change,285,1778306404.8452783,/big.txt,37224448,131072
51,051_none_phase_change_run11,none,phase_change,286,1778306404.8478875,/big.txt,37355520,131072
51,051_none_phase_change_run11,none,phase_change,287,1778306404.8504705,/big.txt,37486592,131072
51,051_none_phase_change_run11,none,phase_change,288,1778306404.8531857,/big.txt,37617664,131072
51,051_none_phase_change_run11,none,phase_change,289,1778306404.8558023,/big.txt,37748736,131072
51,051_none_phase_change_run11,none,phase_change,290,1778306404.8583946,/big.txt,37879808,131072
51,051_none_phase_change_run11,none,phase_change,291,1778306404.860968,/big.txt,38010880,131072
51,051_none_phase_change_run11,none,phase_change,292,1778306404.863555,/big.txt,38141952,131072
51,051_none_phase_change_run11,none,phase_change,293,1778306404.8662355,/big.txt,38273024,131072
51,051_none_phase_change_run11,none,phase_change,294,1778306404.8688374,/big.txt,38404096,131072
51,051_none_phase_change_run11,none,phase_change,295,1778306404.8715236,/big.txt,38535168,131072
51,051_none_phase_change_run11,none,phase_change,296,1778306404.874149,/big.txt,38666240,131072
51,051_none_phase_change_run11,none,phase_change,297,1778306404.876802,/big.txt,38797312,131072
51,051_none_phase_change_run11,none,phase_change,298,1778306404.8794198,/big.txt,38928384,131072
51,051_none_phase_change_run11,none,phase_change,299,1778306404.8820472,/big.txt,39059456,131072
51,051_none_phase_change_run11,none,phase_change,300,1778306404.8846948,/big.txt,39190528,131072
51,051_none_phase_change_run11,none,phase_change,301,1778306404.8874164,/big.txt,39321600,131072
51,051_none_phase_change_run11,none,phase_change,302,1778306404.8900948,/big.txt,39452672,131072
51,051_none_phase_change_run11,none,phase_change,303,1778306404.89273,/big.txt,39583744,131072
51,051_none_phase_change_run11,none,phase_change,304,1778306404.8953345,/big.txt,39714816,131072
51,051_none_phase_change_run11,none,phase_change,305,1778306404.8979387,/big.txt,39845888,131072
51,051_none_phase_change_run11,none,phase_change,306,1778306404.900609,/big.txt,39976960,131072
51,051_none_phase_change_run11,none,phase_change,307,1778306404.9032445,/big.txt,40108032,131072
51,051_none_phase_change_run11,none,phase_change,308,1778306404.905822,/big.txt,40239104,131072
51,051_none_phase_change_run11,none,phase_change,309,1778306404.9084625,/big.txt,40370176,131072
51,051_none_phase_change_run11,none,phase_change,310,1778306404.911114,/big.txt,40501248,131072
51,051_none_phase_change_run11,none,phase_change,311,1778306404.9137716,/big.txt,40632320,131072
51,051_none_phase_change_run11,none,phase_change,312,1778306404.9164326,/big.txt,40763392,131072
51,051_none_phase_change_run11,none,phase_change,313,1778306404.9190254,/big.txt,40894464,131072
51,051_none_phase_change_run11,none,phase_change,314,1778306404.9216342,/big.txt,41025536,131072
51,051_none_phase_change_run11,none,phase_change,315,1778306404.9242978,/big.txt,41156608,131072
51,051_none_phase_change_run11,none,phase_change,316,1778306404.9269586,/big.txt,41287680,131072
51,051_none_phase_change_run11,none,phase_change,317,1778306404.9295936,/big.txt,41418752,131072
51,051_none_phase_change_run11,none,phase_change,318,1778306404.9322693,/big.txt,41549824,131072
51,051_none_phase_change_run11,none,phase_change,319,1778306404.9349387,/big.txt,41680896,131072
51,051_none_phase_change_run11,none,phase_change,320,1778306404.9375744,/big.txt,41811968,131072
51,051_none_phase_change_run11,none,phase_change,321,1778306404.9402544,/big.txt,41943040,131072
51,051_none_phase_change_run11,none,phase_change,322,1778306404.942887,/big.txt,42074112,131072
51,051_none_phase_change_run11,none,phase_change,323,1778306404.9454894,/big.txt,42205184,131072
51,051_none_phase_change_run11,none,phase_change,324,1778306404.9480994,/big.txt,42336256,131072
51,051_none_phase_change_run11,none,phase_change,325,1778306404.9506826,/big.txt,42467328,131072
51,051_none_phase_change_run11,none,phase_change,326,1778306404.9532459,/big.txt,42598400,131072
51,051_none_phase_change_run11,none,phase_change,327,1778306404.9584947,/big.txt,42729472,131072
51,051_none_phase_change_run11,none,phase_change,328,1778306404.9612079,/big.txt,42860544,131072
51,051_none_phase_change_run11,none,phase_change,329,1778306404.9638438,/big.txt,42991616,131072
51,051_none_phase_change_run11,none,phase_change,330,1778306404.9664805,/big.txt,43122688,131072
51,051_none_phase_change_run11,none,phase_change,331,1778306404.9691224,/big.txt,43253760,131072
51,051_none_phase_change_run11,none,phase_change,332,1778306404.9717548,/big.txt,43384832,131072
51,051_none_phase_change_run11,none,phase_change,333,1778306404.9743826,/big.txt,43515904,131072
51,051_none_phase_change_run11,none,phase_change,334,1778306404.9769735,/big.txt,43646976,131072
51,051_none_phase_change_run11,none,phase_change,335,1778306404.979569,/big.txt,43778048,131072
51,051_none_phase_change_run11,none,phase_change,336,1778306404.9822142,/big.txt,43909120,131072
51,051_none_phase_change_run11,none,phase_change,337,1778306404.9848306,/big.txt,44040192,131072
51,051_none_phase_change_run11,none,phase_change,338,1778306404.9874976,/big.txt,44171264,131072
51,051_none_phase_change_run11,none,phase_change,339,1778306404.9901319,/big.txt,44302336,131072
51,051_none_phase_change_run11,none,phase_change,340,1778306404.9927547,/big.txt,44433408,131072
51,051_none_phase_change_run11,none,phase_change,341,1778306404.995386,/big.txt,44564480,131072
51,051_none_phase_change_run11,none,phase_change,342,1778306404.9980495,/big.txt,44695552,131072
51,051_none_phase_change_run11,none,phase_change,343,1778306405.0006902,/big.txt,44826624,131072
51,051_none_phase_change_run11,none,phase_change,344,1778306405.003341,/big.txt,44957696,131072
51,051_none_phase_change_run11,none,phase_change,345,1778306405.0059636,/big.txt,45088768,131072
51,051_none_phase_change_run11,none,phase_change,346,1778306405.0086505,/big.txt,45219840,131072
51,051_none_phase_change_run11,none,phase_change,347,1778306405.0113013,/big.txt,45350912,131072
51,051_none_phase_change_run11,none,phase_change,348,1778306405.013958,/big.txt,45481984,131072
51,051_none_phase_change_run11,none,phase_change,349,1778306405.0166698,/big.txt,45613056,131072
51,051_none_phase_change_run11,none,phase_change,350,1778306405.0193946,/big.txt,45744128,131072
51,051_none_phase_change_run11,none,phase_change,351,1778306405.0220337,/big.txt,45875200,131072
51,051_none_phase_change_run11,none,phase_change,352,1778306405.0247319,/big.txt,46006272,131072
51,051_none_phase_change_run11,none,phase_change,353,1778306405.0273857,/big.txt,46137344,131072
51,051_none_phase_change_run11,none,phase_change,354,1778306405.0299997,/big.txt,46268416,131072
51,051_none_phase_change_run11,none,phase_change,355,1778306405.0325778,/big.txt,46399488,131072
51,051_none_phase_change_run11,none,phase_change,356,1778306405.0351038,/big.txt,46530560,131072
51,051_none_phase_change_run11,none,phase_change,357,1778306405.037561,/big.txt,46661632,131072
51,051_none_phase_change_run11,none,phase_change,358,1778306405.040104,/big.txt,46792704,131072
51,051_none_phase_change_run11,none,phase_change,359,1778306405.0425541,/big.txt,46923776,131072
51,051_none_phase_change_run11,none,phase_change,360,1778306405.0450842,/big.txt,47054848,131072
51,051_none_phase_change_run11,none,phase_change,361,1778306405.0475166,/big.txt,47185920,131072
51,051_none_phase_change_run11,none,phase_change,362,1778306405.04999,/big.txt,47316992,131072
51,051_none_phase_change_run11,none,phase_change,363,1778306405.0525343,/big.txt,47448064,131072
51,051_none_phase_change_run11,none,phase_change,364,1778306405.0550873,/big.txt,47579136,131072
51,051_none_phase_change_run11,none,phase_change,365,1778306405.0575871,/big.txt,47710208,131072
51,051_none_phase_change_run11,none,phase_change,366,1778306405.0600936,/big.txt,47841280,131072
51,051_none_phase_change_run11,none,phase_change,367,1778306405.062564,/big.txt,47972352,131072
51,051_none_phase_change_run11,none,phase_change,368,1778306405.0650482,/big.txt,48103424,131072
51,051_none_phase_change_run11,none,phase_change,369,1778306405.0675938,/big.txt,48234496,131072
51,051_none_phase_change_run11,none,phase_change,370,1778306405.070056,/big.txt,48365568,131072
51,051_none_phase_change_run11,none,phase_change,371,1778306405.072529,/big.txt,48496640,131072
51,051_none_phase_change_run11,none,phase_change,372,1778306405.0750628,/big.txt,48627712,131072
51,051_none_phase_change_run11,none,phase_change,373,1778306405.077599,/big.txt,48758784,131072
51,051_none_phase_change_run11,none,phase_change,374,1778306405.0801253,/big.txt,48889856,131072
51,051_none_phase_change_run11,none,phase_change,375,1778306405.0826309,/big.txt,49020928,131072
51,051_none_phase_change_run11,none,phase_change,376,1778306405.0851505,/big.txt,49152000,131072
51,051_none_phase_change_run11,none,phase_change,377,1778306405.087613,/big.txt,49283072,131072
51,051_none_phase_change_run11,none,phase_change,378,1778306405.0900707,/big.txt,49414144,131072
51,051_none_phase_change_run11,none,phase_change,379,1778306405.0925584,/big.txt,49545216,131072
51,051_none_phase_change_run11,none,phase_change,380,1778306405.0951207,/big.txt,49676288,131072
51,051_none_phase_change_run11,none,phase_change,381,1778306405.0975645,/big.txt,49807360,131072
51,051_none_phase_change_run11,none,phase_change,382,1778306405.1000586,/big.txt,49938432,131072
51,051_none_phase_change_run11,none,phase_change,383,1778306405.1025147,/big.txt,50069504,131072
51,051_none_phase_change_run11,none,phase_change,384,1778306405.1049638,/big.txt,50200576,131072
51,051_none_phase_change_run11,none,phase_change,385,1778306405.1075327,/big.txt,50331648,131072
51,051_none_phase_change_run11,none,phase_change,386,1778306405.1100214,/big.txt,50462720,131072
51,051_none_phase_change_run11,none,phase_change,387,1778306405.1125407,/big.txt,50593792,131072
51,051_none_phase_change_run11,none,phase_change,388,1778306405.1151488,/big.txt,50724864,131072
51,051_none_phase_change_run11,none,phase_change,389,1778306405.1176336,/big.txt,50855936,131072
51,051_none_phase_change_run11,none,phase_change,390,1778306405.1201758,/big.txt,50987008,131072
51,051_none_phase_change_run11,none,phase_change,391,1778306405.1226504,/big.txt,51118080,131072
51,051_none_phase_change_run11,none,phase_change,392,1778306405.1251435,/big.txt,51249152,131072
51,051_none_phase_change_run11,none,phase_change,393,1778306405.127586,/big.txt,51380224,131072
51,051_none_phase_change_run11,none,phase_change,394,1778306405.130065,/big.txt,51511296,131072
51,051_none_phase_change_run11,none,phase_change,395,1778306405.1325572,/big.txt,51642368,131072
51,051_none_phase_change_run11,none,phase_change,396,1778306405.135085,/big.txt,51773440,131072
51,051_none_phase_change_run11,none,phase_change,397,1778306405.1375804,/big.txt,51904512,131072
51,051_none_phase_change_run11,none,phase_change,398,1778306405.1401205,/big.txt,52035584,131072
51,051_none_phase_change_run11,none,phase_change,399,1778306405.1425967,/big.txt,52166656,131072
51,051_none_phase_change_run11,none,phase_change,400,1778306405.1450596,/big.txt,52297728,131072
51,051_none_phase_change_run11,none,phase_change,401,1778306405.1497493,/big.txt,52428800,131072
51,051_none_phase_change_run11,none,phase_change,402,1778306405.154683,/big.txt,52559872,131072
51,051_none_phase_change_run11,none,phase_change,403,1778306405.159094,/big.txt,52690944,131072
51,051_none_phase_change_run11,none,phase_change,404,1778306405.1614213,/big.txt,52822016,131072
51,051_none_phase_change_run11,none,phase_change,405,1778306405.163678,/big.txt,52953088,131072
51,051_none_phase_change_run11,none,phase_change,406,1778306405.1659043,/big.txt,53084160,131072
51,051_none_phase_change_run11,none,phase_change,407,1778306405.1681654,/big.txt,53215232,131072
51,051_none_phase_change_run11,none,phase_change,408,1778306405.1704168,/big.txt,53346304,131072
51,051_none_phase_change_run11,none,phase_change,409,1778306405.1726456,/big.txt,53477376,131072
51,051_none_phase_change_run11,none,phase_change,410,1778306405.174886,/big.txt,53608448,131072
51,051_none_phase_change_run11,none,phase_change,411,1778306405.17714,/big.txt,53739520,131072
51,051_none_phase_change_run11,none,phase_change,412,1778306405.1794004,/big.txt,53870592,131072
51,051_none_phase_change_run11,none,phase_change,413,1778306405.181663,/big.txt,54001664,131072
51,051_none_phase_change_run11,none,phase_change,414,1778306405.1839478,/big.txt,54132736,131072
51,051_none_phase_change_run11,none,phase_change,415,1778306405.1862414,/big.txt,54263808,131072
51,051_none_phase_change_run11,none,phase_change,416,1778306405.1884892,/big.txt,54394880,131072
51,051_none_phase_change_run11,none,phase_change,417,1778306405.1907587,/big.txt,54525952,131072
51,051_none_phase_change_run11,none,phase_change,418,1778306405.1930811,/big.txt,54657024,131072
51,051_none_phase_change_run11,none,phase_change,419,1778306405.1953268,/big.txt,54788096,131072
51,051_none_phase_change_run11,none,phase_change,420,1778306405.1975462,/big.txt,54919168,131072
51,051_none_phase_change_run11,none,phase_change,421,1778306405.1998003,/big.txt,55050240,131072
51,051_none_phase_change_run11,none,phase_change,422,1778306405.2020457,/big.txt,55181312,131072
51,051_none_phase_change_run11,none,phase_change,423,1778306405.2042825,/big.txt,55312384,131072
51,051_none_phase_change_run11,none,phase_change,424,1778306405.2065208,/big.txt,55443456,131072
51,051_none_phase_change_run11,none,phase_change,425,1778306405.2089245,/big.txt,55574528,131072
51,051_none_phase_change_run11,none,phase_change,426,1778306405.211164,/big.txt,55705600,131072
51,051_none_phase_change_run11,none,phase_change,427,1778306405.2134142,/big.txt,55836672,131072
51,051_none_phase_change_run11,none,phase_change,428,1778306405.2156549,/big.txt,55967744,131072
51,051_none_phase_change_run11,none,phase_change,429,1778306405.2178895,/big.txt,56098816,131072
51,051_none_phase_change_run11,none,phase_change,430,1778306405.2201378,/big.txt,56229888,131072
51,051_none_phase_change_run11,none,phase_change,431,1778306405.2223864,/big.txt,56360960,131072
51,051_none_phase_change_run11,none,phase_change,432,1778306405.2246604,/big.txt,56492032,131072
51,051_none_phase_change_run11,none,phase_change,433,1778306405.2270987,/big.txt,56623104,131072
51,051_none_phase_change_run11,none,phase_change,434,1778306405.2293558,/big.txt,56754176,131072
51,051_none_phase_change_run11,none,phase_change,435,1778306405.2316315,/big.txt,56885248,131072
51,051_none_phase_change_run11,none,phase_change,436,1778306405.233866,/big.txt,57016320,131072
51,051_none_phase_change_run11,none,phase_change,437,1778306405.2361274,/big.txt,57147392,131072
51,051_none_phase_change_run11,none,phase_change,438,1778306405.2383566,/big.txt,57278464,131072
51,051_none_phase_change_run11,none,phase_change,439,1778306405.2406237,/big.txt,57409536,131072
51,051_none_phase_change_run11,none,phase_change,440,1778306405.242871,/big.txt,57540608,131072
51,051_none_phase_change_run11,none,phase_change,441,1778306405.2451096,/big.txt,57671680,131072
51,051_none_phase_change_run11,none,phase_change,442,1778306405.2489629,/big.txt,57802752,131072
51,051_none_phase_change_run11,none,phase_change,443,1778306405.2535472,/big.txt,57933824,131072
51,051_none_phase_change_run11,none,phase_change,444,1778306405.2580938,/big.txt,58064896,131072
51,051_none_phase_change_run11,none,phase_change,445,1778306405.2604277,/big.txt,58195968,131072
51,051_none_phase_change_run11,none,phase_change,446,1778306405.2627614,/big.txt,58327040,131072
51,051_none_phase_change_run11,none,phase_change,447,1778306405.2650843,/big.txt,58458112,131072
51,051_none_phase_change_run11,none,phase_change,448,1778306405.2673624,/big.txt,58589184,131072
51,051_none_phase_change_run11,none,phase_change,449,1778306405.26963,/big.txt,58720256,131072
51,051_none_phase_change_run11,none,phase_change,450,1778306405.2719066,/big.txt,58851328,131072
51,051_none_phase_change_run11,none,phase_change,451,1778306405.274168,/big.txt,58982400,131072
51,051_none_phase_change_run11,none,phase_change,452,1778306405.2764454,/big.txt,59113472,131072
51,051_none_phase_change_run11,none,phase_change,453,1778306405.2786882,/big.txt,59244544,131072
51,051_none_phase_change_run11,none,phase_change,454,1778306405.2809186,/big.txt,59375616,131072
51,051_none_phase_change_run11,none,phase_change,455,1778306405.2831624,/big.txt,59506688,131072
51,051_none_phase_change_run11,none,phase_change,456,1778306405.2853885,/big.txt,59637760,131072
51,051_none_phase_change_run11,none,phase_change,457,1778306405.28766,/big.txt,59768832,131072
51,051_none_phase_change_run11,none,phase_change,458,1778306405.2898803,/big.txt,59899904,131072
51,051_none_phase_change_run11,none,phase_change,459,1778306405.2921493,/big.txt,60030976,131072
51,051_none_phase_change_run11,none,phase_change,460,1778306405.2943957,/big.txt,60162048,131072
51,051_none_phase_change_run11,none,phase_change,461,1778306405.2966325,/big.txt,60293120,131072
51,051_none_phase_change_run11,none,phase_change,462,1778306405.298962,/big.txt,60424192,131072
51,051_none_phase_change_run11,none,phase_change,463,1778306405.301226,/big.txt,60555264,131072
51,051_none_phase_change_run11,none,phase_change,464,1778306405.3034768,/big.txt,60686336,131072
51,051_none_phase_change_run11,none,phase_change,465,1778306405.3057196,/big.txt,60817408,131072
51,051_none_phase_change_run11,none,phase_change,466,1778306405.3079715,/big.txt,60948480,131072
51,051_none_phase_change_run11,none,phase_change,467,1778306405.3101952,/big.txt,61079552,131072
51,051_none_phase_change_run11,none,phase_change,468,1778306405.3124478,/big.txt,61210624,131072
51,051_none_phase_change_run11,none,phase_change,469,1778306405.3146718,/big.txt,61341696,131072
51,051_none_phase_change_run11,none,phase_change,470,1778306405.3169045,/big.txt,61472768,131072
51,051_none_phase_change_run11,none,phase_change,471,1778306405.3193033,/big.txt,61603840,131072
51,051_none_phase_change_run11,none,phase_change,472,1778306405.3215384,/big.txt,61734912,131072
51,051_none_phase_change_run11,none,phase_change,473,1778306405.3237963,/big.txt,61865984,131072
51,051_none_phase_change_run11,none,phase_change,474,1778306405.3260083,/big.txt,61997056,131072
51,051_none_phase_change_run11,none,phase_change,475,1778306405.3283,/big.txt,62128128,131072
51,051_none_phase_change_run11,none,phase_change,476,1778306405.3305502,/big.txt,62259200,131072
51,051_none_phase_change_run11,none,phase_change,477,1778306405.3328447,/big.txt,62390272,131072
51,051_none_phase_change_run11,none,phase_change,478,1778306405.3350956,/big.txt,62521344,131072
51,051_none_phase_change_run11,none,phase_change,479,1778306405.3373196,/big.txt,62652416,131072
51,051_none_phase_change_run11,none,phase_change,480,1778306405.3395782,/big.txt,62783488,131072
51,051_none_phase_change_run11,none,phase_change,481,1778306405.3418078,/big.txt,62914560,131072
51,051_none_phase_change_run11,none,phase_change,482,1778306405.3440733,/big.txt,63045632,131072
51,051_none_phase_change_run11,none,phase_change,483,1778306405.3463006,/big.txt,63176704,131072
51,051_none_phase_change_run11,none,phase_change,484,1778306405.3485334,/big.txt,63307776,131072
51,051_none_phase_change_run11,none,phase_change,485,1778306405.3507502,/big.txt,63438848,131072
51,051_none_phase_change_run11,none,phase_change,486,1778306405.353188,/big.txt,63569920,131072
51,051_none_phase_change_run11,none,phase_change,487,1778306405.3554482,/big.txt,63700992,131072
51,051_none_phase_change_run11,none,phase_change,488,1778306405.3576758,/big.txt,63832064,131072
51,051_none_phase_change_run11,none,phase_change,489,1778306405.3599653,/big.txt,63963136,131072
51,051_none_phase_change_run11,none,phase_change,490,1778306405.3622477,/big.txt,64094208,131072
51,051_none_phase_change_run11,none,phase_change,491,1778306405.364483,/big.txt,64225280,131072
51,051_none_phase_change_run11,none,phase_change,492,1778306405.3667254,/big.txt,64356352,131072
51,051_none_phase_change_run11,none,phase_change,493,1778306405.368957,/big.txt,64487424,131072
51,051_none_phase_change_run11,none,phase_change,494,1778306405.372228,/big.txt,64618496,131072
51,051_none_phase_change_run11,none,phase_change,495,1778306405.3767965,/big.txt,64749568,131072
51,051_none_phase_change_run11,none,phase_change,496,1778306405.381351,/big.txt,64880640,131072
51,051_none_phase_change_run11,none,phase_change,497,1778306405.383648,/big.txt,65011712,131072
51,051_none_phase_change_run11,none,phase_change,498,1778306405.3858852,/big.txt,65142784,131072
51,051_none_phase_change_run11,none,phase_change,499,1778306405.3881814,/big.txt,65273856,131072
51,051_none_phase_change_run11,none,phase_change,500,1778306405.390471,/big.txt,65404928,131072
51,051_none_phase_change_run11,none,phase_change,501,1778306405.3927507,/big.txt,65536000,131072
51,051_none_phase_change_run11,none,phase_change,502,1778306405.3950212,/big.txt,65667072,131072
51,051_none_phase_change_run11,none,phase_change,503,1778306405.397254,/big.txt,65798144,131072
51,051_none_phase_change_run11,none,phase_change,504,1778306405.3996089,/big.txt,65929216,131072
51,051_none_phase_change_run11,none,phase_change,505,1778306405.4018612,/big.txt,66060288,131072
51,051_none_phase_change_run11,none,phase_change,506,1778306405.4041295,/big.txt,66191360,131072
51,051_none_phase_change_run11,none,phase_change,507,1778306405.4063585,/big.txt,66322432,131072
51,051_none_phase_change_run11,none,phase_change,508,1778306405.4085877,/big.txt,66453504,131072
51,051_none_phase_change_run11,none,phase_change,509,1778306405.4108522,/big.txt,66584576,131072
51,051_none_phase_change_run11,none,phase_change,510,1778306405.4131012,/big.txt,66715648,131072
51,051_none_phase_change_run11,none,phase_change,511,1778306405.4153981,/big.txt,66846720,131072
51,051_none_phase_change_run11,none,phase_change,512,1778306405.417629,/big.txt,66977792,131072
51,051_none_phase_change_run11,none,phase_change,513,1778306405.4199154,/big.txt,67108864,131072
51,051_none_phase_change_run11,none,phase_change,514,1778306405.4221718,/big.txt,67239936,131072
51,051_none_phase_change_run11,none,phase_change,515,1778306405.4244478,/big.txt,67371008,131072
51,051_none_phase_change_run11,none,phase_change,516,1778306405.4266825,/big.txt,67502080,131072
51,051_none_phase_change_run11,none,phase_change,517,1778306405.4289687,/big.txt,67633152,131072
51,051_none_phase_change_run11,none,phase_change,518,1778306405.4312155,/big.txt,67764224,131072
51,051_none_phase_change_run11,none,phase_change,519,1778306405.433446,/big.txt,67895296,131072
51,051_none_phase_change_run11,none,phase_change,520,1778306405.4357064,/big.txt,68026368,131072
51,051_none_phase_change_run11,none,phase_change,521,1778306405.4379468,/big.txt,68157440,131072
51,051_none_phase_change_run11,none,phase_change,522,1778306405.440229,/big.txt,68288512,131072
51,051_none_phase_change_run11,none,phase_change,523,1778306405.4425101,/big.txt,68419584,131072
51,051_none_phase_change_run11,none,phase_change,524,1778306405.4447749,/big.txt,68550656,131072
51,051_none_phase_change_run11,none,phase_change,525,1778306405.4470317,/big.txt,68681728,131072
51,051_none_phase_change_run11,none,phase_change,526,1778306405.4492714,/big.txt,68812800,131072
51,051_none_phase_change_run11,none,phase_change,527,1778306405.4515283,/big.txt,68943872,131072
51,051_none_phase_change_run11,none,phase_change,528,1778306405.4537787,/big.txt,69074944,131072
51,051_none_phase_change_run11,none,phase_change,529,1778306405.4560347,/big.txt,69206016,131072
51,051_none_phase_change_run11,none,phase_change,530,1778306405.458283,/big.txt,69337088,131072
51,051_none_phase_change_run11,none,phase_change,531,1778306405.4605315,/big.txt,69468160,131072
51,051_none_phase_change_run11,none,phase_change,532,1778306405.4628472,/big.txt,69599232,131072
51,051_none_phase_change_run11,none,phase_change,533,1778306405.4650903,/big.txt,69730304,131072
51,051_none_phase_change_run11,none,phase_change,534,1778306405.46734,/big.txt,69861376,131072
51,051_none_phase_change_run11,none,phase_change,535,1778306405.4695678,/big.txt,69992448,131072
51,051_none_phase_change_run11,none,phase_change,536,1778306405.4718142,/big.txt,70123520,131072
51,051_none_phase_change_run11,none,phase_change,537,1778306405.4740665,/big.txt,70254592,131072
51,051_none_phase_change_run11,none,phase_change,538,1778306405.4763494,/big.txt,70385664,131072
51,051_none_phase_change_run11,none,phase_change,539,1778306405.4785936,/big.txt,70516736,131072
51,051_none_phase_change_run11,none,phase_change,540,1778306405.4808488,/big.txt,70647808,131072
51,051_none_phase_change_run11,none,phase_change,541,1778306405.4831247,/big.txt,70778880,131072
51,051_none_phase_change_run11,none,phase_change,542,1778306405.485356,/big.txt,70909952,131072
51,051_none_phase_change_run11,none,phase_change,543,1778306405.4876113,/big.txt,71041024,131072
51,051_none_phase_change_run11,none,phase_change,544,1778306405.489869,/big.txt,71172096,131072
51,051_none_phase_change_run11,none,phase_change,545,1778306405.4921432,/big.txt,71303168,131072
51,051_none_phase_change_run11,none,phase_change,546,1778306405.4943922,/big.txt,71434240,131072
51,051_none_phase_change_run11,none,phase_change,547,1778306405.4966433,/big.txt,71565312,131072
51,051_none_phase_change_run11,none,phase_change,548,1778306405.498987,/big.txt,71696384,131072
51,051_none_phase_change_run11,none,phase_change,549,1778306405.5012193,/big.txt,71827456,131072
51,051_none_phase_change_run11,none,phase_change,550,1778306405.503463,/big.txt,71958528,131072
51,051_none_phase_change_run11,none,phase_change,551,1778306405.5057154,/big.txt,72089600,131072
51,051_none_phase_change_run11,none,phase_change,552,1778306405.5079944,/big.txt,72220672,131072
51,051_none_phase_change_run11,none,phase_change,553,1778306405.510292,/big.txt,72351744,131072
51,051_none_phase_change_run11,none,phase_change,554,1778306405.5125523,/big.txt,72482816,131072
51,051_none_phase_change_run11,none,phase_change,555,1778306405.5148685,/big.txt,72613888,131072
51,051_none_phase_change_run11,none,phase_change,556,1778306405.5171,/big.txt,72744960,131072
51,051_none_phase_change_run11,none,phase_change,557,1778306405.5209506,/big.txt,72876032,131072
51,051_none_phase_change_run11,none,phase_change,558,1778306405.5255423,/big.txt,73007104,131072
51,051_none_phase_change_run11,none,phase_change,559,1778306405.5300775,/big.txt,73138176,131072
51,051_none_phase_change_run11,none,phase_change,560,1778306405.5324204,/big.txt,73269248,131072
51,051_none_phase_change_run11,none,phase_change,561,1778306405.5346842,/big.txt,73400320,131072
51,051_none_phase_change_run11,none,phase_change,562,1778306405.5368721,/big.txt,73531392,131072
51,051_none_phase_change_run11,none,phase_change,563,1778306405.539048,/big.txt,73662464,131072
51,051_none_phase_change_run11,none,phase_change,564,1778306405.5411963,/big.txt,73793536,131072
51,051_none_phase_change_run11,none,phase_change,565,1778306405.5433362,/big.txt,73924608,131072
51,051_none_phase_change_run11,none,phase_change,566,1778306405.5454974,/big.txt,74055680,131072
51,051_none_phase_change_run11,none,phase_change,567,1778306405.547682,/big.txt,74186752,131072
51,051_none_phase_change_run11,none,phase_change,568,1778306405.5498471,/big.txt,74317824,131072
51,051_none_phase_change_run11,none,phase_change,569,1778306405.5519898,/big.txt,74448896,131072
51,051_none_phase_change_run11,none,phase_change,570,1778306405.5541213,/big.txt,74579968,131072
51,051_none_phase_change_run11,none,phase_change,571,1778306405.5563092,/big.txt,74711040,131072
51,051_none_phase_change_run11,none,phase_change,572,1778306405.5584452,/big.txt,74842112,131072
51,051_none_phase_change_run11,none,phase_change,573,1778306405.5606017,/big.txt,74973184,131072
51,051_none_phase_change_run11,none,phase_change,574,1778306405.562744,/big.txt,75104256,131072
51,051_none_phase_change_run11,none,phase_change,575,1778306405.5648904,/big.txt,75235328,131072
51,051_none_phase_change_run11,none,phase_change,576,1778306405.5670445,/big.txt,75366400,131072
51,051_none_phase_change_run11,none,phase_change,577,1778306405.569173,/big.txt,75497472,131072
51,051_none_phase_change_run11,none,phase_change,578,1778306405.571387,/big.txt,75628544,131072
51,051_none_phase_change_run11,none,phase_change,579,1778306405.5735257,/big.txt,75759616,131072
51,051_none_phase_change_run11,none,phase_change,580,1778306405.5756776,/big.txt,75890688,131072
51,051_none_phase_change_run11,none,phase_change,581,1778306405.577823,/big.txt,76021760,131072
51,051_none_phase_change_run11,none,phase_change,582,1778306405.5799797,/big.txt,76152832,131072
51,051_none_phase_change_run11,none,phase_change,583,1778306405.5821397,/big.txt,76283904,131072
51,051_none_phase_change_run11,none,phase_change,584,1778306405.5843177,/big.txt,76414976,131072
51,051_none_phase_change_run11,none,phase_change,585,1778306405.586455,/big.txt,76546048,131072
51,051_none_phase_change_run11,none,phase_change,586,1778306405.5886037,/big.txt,76677120,131072
51,051_none_phase_change_run11,none,phase_change,587,1778306405.590742,/big.txt,76808192,131072
51,051_none_phase_change_run11,none,phase_change,588,1778306405.5928752,/big.txt,76939264,131072
51,051_none_phase_change_run11,none,phase_change,589,1778306405.5950491,/big.txt,77070336,131072
51,051_none_phase_change_run11,none,phase_change,590,1778306405.5971828,/big.txt,77201408,131072
51,051_none_phase_change_run11,none,phase_change,591,1778306405.5993323,/big.txt,77332480,131072
51,051_none_phase_change_run11,none,phase_change,592,1778306405.6014864,/big.txt,77463552,131072
51,051_none_phase_change_run11,none,phase_change,593,1778306405.603643,/big.txt,77594624,131072
51,051_none_phase_change_run11,none,phase_change,594,1778306405.6057723,/big.txt,77725696,131072
51,051_none_phase_change_run11,none,phase_change,595,1778306405.6079166,/big.txt,77856768,131072
51,051_none_phase_change_run11,none,phase_change,596,1778306405.6100621,/big.txt,77987840,131072
51,051_none_phase_change_run11,none,phase_change,597,1778306405.6122282,/big.txt,78118912,131072
51,051_none_phase_change_run11,none,phase_change,598,1778306405.614368,/big.txt,78249984,131072
51,051_none_phase_change_run11,none,phase_change,599,1778306405.616506,/big.txt,78381056,131072
51,051_none_phase_change_run11,none,phase_change,600,1778306405.6186306,/big.txt,78512128,131072
51,051_none_phase_change_run11,none,phase_change,601,1778306405.6208093,/big.txt,78643200,131072
51,051_none_phase_change_run11,none,phase_change,602,1778306405.6229575,/big.txt,78774272,131072
51,051_none_phase_change_run11,none,phase_change,603,1778306405.625111,/big.txt,78905344,131072
51,051_none_phase_change_run11,none,phase_change,604,1778306405.6272702,/big.txt,79036416,131072
51,051_none_phase_change_run11,none,phase_change,605,1778306405.629418,/big.txt,79167488,131072
51,051_none_phase_change_run11,none,phase_change,606,1778306405.6315694,/big.txt,79298560,131072
51,051_none_phase_change_run11,none,phase_change,607,1778306405.6337237,/big.txt,79429632,131072
51,051_none_phase_change_run11,none,phase_change,608,1778306405.635878,/big.txt,79560704,131072
51,051_none_phase_change_run11,none,phase_change,609,1778306405.6380217,/big.txt,79691776,131072
51,051_none_phase_change_run11,none,phase_change,610,1778306405.6401687,/big.txt,79822848,131072
51,051_none_phase_change_run11,none,phase_change,611,1778306405.6423213,/big.txt,79953920,131072
51,051_none_phase_change_run11,none,phase_change,612,1778306405.6444685,/big.txt,80084992,131072
51,051_none_phase_change_run11,none,phase_change,613,1778306405.6466148,/big.txt,80216064,131072
51,051_none_phase_change_run11,none,phase_change,614,1778306405.6487641,/big.txt,80347136,131072
51,051_none_phase_change_run11,none,phase_change,615,1778306405.6509616,/big.txt,80478208,131072
51,051_none_phase_change_run11,none,phase_change,616,1778306405.653115,/big.txt,80609280,131072
51,051_none_phase_change_run11,none,phase_change,617,1778306405.6552596,/big.txt,80740352,131072
51,051_none_phase_change_run11,none,phase_change,618,1778306405.6574066,/big.txt,80871424,131072
51,051_none_phase_change_run11,none,phase_change,619,1778306405.659648,/big.txt,81002496,131072
51,051_none_phase_change_run11,none,phase_change,620,1778306405.6617885,/big.txt,81133568,131072
51,051_none_phase_change_run11,none,phase_change,621,1778306405.6639562,/big.txt,81264640,131072
51,051_none_phase_change_run11,none,phase_change,622,1778306405.6660962,/big.txt,81395712,131072
51,051_none_phase_change_run11,none,phase_change,623,1778306405.6682947,/big.txt,81526784,131072
51,051_none_phase_change_run11,none,phase_change,624,1778306405.6704595,/big.txt,81657856,131072
51,051_none_phase_change_run11,none,phase_change,625,1778306405.6726136,/big.txt,81788928,131072
51,051_none_phase_change_run11,none,phase_change,626,1778306405.6747556,/big.txt,81920000,131072
51,051_none_phase_change_run11,none,phase_change,627,1778306405.6769319,/big.txt,82051072,131072
51,051_none_phase_change_run11,none,phase_change,628,1778306405.6795847,/big.txt,82182144,131072
51,051_none_phase_change_run11,none,phase_change,629,1778306405.6839726,/big.txt,82313216,131072
51,051_none_phase_change_run11,none,phase_change,630,1778306405.688243,/big.txt,82444288,131072
51,051_none_phase_change_run11,none,phase_change,631,1778306405.6913328,/big.txt,82575360,131072
51,051_none_phase_change_run11,none,phase_change,632,1778306405.693393,/big.txt,82706432,131072
51,051_none_phase_change_run11,none,phase_change,633,1778306405.695451,/big.txt,82837504,131072
51,051_none_phase_change_run11,none,phase_change,634,1778306405.6975095,/big.txt,82968576,131072
51,051_none_phase_change_run11,none,phase_change,635,1778306405.6995661,/big.txt,83099648,131072
51,051_none_phase_change_run11,none,phase_change,636,1778306405.7016354,/big.txt,83230720,131072
51,051_none_phase_change_run11,none,phase_change,637,1778306405.7037015,/big.txt,83361792,131072
51,051_none_phase_change_run11,none,phase_change,638,1778306405.7057588,/big.txt,83492864,131072
51,051_none_phase_change_run11,none,phase_change,639,1778306405.70783,/big.txt,83623936,131072
51,051_none_phase_change_run11,none,phase_change,640,1778306405.709891,/big.txt,83755008,131072
51,051_none_phase_change_run11,none,phase_change,641,1778306405.7119546,/big.txt,83886080,131072
51,051_none_phase_change_run11,none,phase_change,642,1778306405.7140198,/big.txt,84017152,131072
51,051_none_phase_change_run11,none,phase_change,643,1778306405.7160816,/big.txt,84148224,131072
51,051_none_phase_change_run11,none,phase_change,644,1778306405.7181354,/big.txt,84279296,131072
51,051_none_phase_change_run11,none,phase_change,645,1778306405.7201889,/big.txt,84410368,131072
51,051_none_phase_change_run11,none,phase_change,646,1778306405.722249,/big.txt,84541440,131072
51,051_none_phase_change_run11,none,phase_change,647,1778306405.7243075,/big.txt,84672512,131072
51,051_none_phase_change_run11,none,phase_change,648,1778306405.7263663,/big.txt,84803584,131072
51,051_none_phase_change_run11,none,phase_change,649,1778306405.728427,/big.txt,84934656,131072
51,051_none_phase_change_run11,none,phase_change,650,1778306405.730471,/big.txt,85065728,131072
51,051_none_phase_change_run11,none,phase_change,651,1778306405.732567,/big.txt,85196800,131072
51,051_none_phase_change_run11,none,phase_change,652,1778306405.734636,/big.txt,85327872,131072
51,051_none_phase_change_run11,none,phase_change,653,1778306405.73672,/big.txt,85458944,131072
51,051_none_phase_change_run11,none,phase_change,654,1778306405.7387605,/big.txt,85590016,131072
51,051_none_phase_change_run11,none,phase_change,655,1778306405.740825,/big.txt,85721088,131072
51,051_none_phase_change_run11,none,phase_change,656,1778306405.7430005,/big.txt,85852160,131072
51,051_none_phase_change_run11,none,phase_change,657,1778306405.7450554,/big.txt,85983232,131072
51,051_none_phase_change_run11,none,phase_change,658,1778306405.747105,/big.txt,86114304,131072
51,051_none_phase_change_run11,none,phase_change,659,1778306405.7491612,/big.txt,86245376,131072
51,051_none_phase_change_run11,none,phase_change,660,1778306405.751337,/big.txt,86376448,131072
51,051_none_phase_change_run11,none,phase_change,661,1778306405.7534034,/big.txt,86507520,131072
51,051_none_phase_change_run11,none,phase_change,662,1778306405.755475,/big.txt,86638592,131072
51,051_none_phase_change_run11,none,phase_change,663,1778306405.7575343,/big.txt,86769664,131072
51,051_none_phase_change_run11,none,phase_change,664,1778306405.759617,/big.txt,86900736,131072
51,051_none_phase_change_run11,none,phase_change,665,1778306405.7616966,/big.txt,87031808,131072
51,051_none_phase_change_run11,none,phase_change,666,1778306405.7637675,/big.txt,87162880,131072
51,051_none_phase_change_run11,none,phase_change,667,1778306405.765825,/big.txt,87293952,131072
51,051_none_phase_change_run11,none,phase_change,668,1778306405.7678885,/big.txt,87425024,131072
51,051_none_phase_change_run11,none,phase_change,669,1778306405.7699594,/big.txt,87556096,131072
51,051_none_phase_change_run11,none,phase_change,670,1778306405.7720354,/big.txt,87687168,131072
51,051_none_phase_change_run11,none,phase_change,671,1778306405.774105,/big.txt,87818240,131072
51,051_none_phase_change_run11,none,phase_change,672,1778306405.7761946,/big.txt,87949312,131072
51,051_none_phase_change_run11,none,phase_change,673,1778306405.7782536,/big.txt,88080384,131072
51,051_none_phase_change_run11,none,phase_change,674,1778306405.780319,/big.txt,88211456,131072
51,051_none_phase_change_run11,none,phase_change,675,1778306405.7823858,/big.txt,88342528,131072
51,051_none_phase_change_run11,none,phase_change,676,1778306405.784458,/big.txt,88473600,131072
51,051_none_phase_change_run11,none,phase_change,677,1778306405.7865257,/big.txt,88604672,131072
51,051_none_phase_change_run11,none,phase_change,678,1778306405.7886844,/big.txt,88735744,131072
51,051_none_phase_change_run11,none,phase_change,679,1778306405.7907412,/big.txt,88866816,131072
51,051_none_phase_change_run11,none,phase_change,680,1778306405.792809,/big.txt,88997888,131072
51,051_none_phase_change_run11,none,phase_change,681,1778306405.794955,/big.txt,89128960,131072
51,051_none_phase_change_run11,none,phase_change,682,1778306405.799156,/big.txt,89260032,131072
51,051_none_phase_change_run11,none,phase_change,683,1778306405.8032572,/big.txt,89391104,131072
51,051_none_phase_change_run11,none,phase_change,684,1778306405.8070388,/big.txt,89522176,131072
51,051_none_phase_change_run11,none,phase_change,685,1778306405.8090854,/big.txt,89653248,131072
51,051_none_phase_change_run11,none,phase_change,686,1778306405.8111577,/big.txt,89784320,131072
51,051_none_phase_change_run11,none,phase_change,687,1778306405.8132186,/big.txt,89915392,131072
51,051_none_phase_change_run11,none,phase_change,688,1778306405.8153148,/big.txt,90046464,131072
51,051_none_phase_change_run11,none,phase_change,689,1778306405.8173585,/big.txt,90177536,131072
51,051_none_phase_change_run11,none,phase_change,690,1778306405.8194363,/big.txt,90308608,131072
51,051_none_phase_change_run11,none,phase_change,691,1778306405.8214805,/big.txt,90439680,131072
51,051_none_phase_change_run11,none,phase_change,692,1778306405.823549,/big.txt,90570752,131072
51,051_none_phase_change_run11,none,phase_change,693,1778306405.8256185,/big.txt,90701824,131072
51,051_none_phase_change_run11,none,phase_change,694,1778306405.8276756,/big.txt,90832896,131072
51,051_none_phase_change_run11,none,phase_change,695,1778306405.8297253,/big.txt,90963968,131072
51,051_none_phase_change_run11,none,phase_change,696,1778306405.8317986,/big.txt,91095040,131072
51,051_none_phase_change_run11,none,phase_change,697,1778306405.8338518,/big.txt,91226112,131072
51,051_none_phase_change_run11,none,phase_change,698,1778306405.8359134,/big.txt,91357184,131072
51,051_none_phase_change_run11,none,phase_change,699,1778306405.837993,/big.txt,91488256,131072
51,051_none_phase_change_run11,none,phase_change,700,1778306405.8400812,/big.txt,91619328,131072
51,051_none_phase_change_run11,none,phase_change,701,1778306405.8421361,/big.txt,91750400,131072
51,051_none_phase_change_run11,none,phase_change,702,1778306405.8442326,/big.txt,91881472,131072
51,051_none_phase_change_run11,none,phase_change,703,1778306405.8463302,/big.txt,92012544,131072
51,051_none_phase_change_run11,none,phase_change,704,1778306405.8483992,/big.txt,92143616,131072
51,051_none_phase_change_run11,none,phase_change,705,1778306405.850447,/big.txt,92274688,131072
51,051_none_phase_change_run11,none,phase_change,706,1778306405.852563,/big.txt,92405760,131072
51,051_none_phase_change_run11,none,phase_change,707,1778306405.8547065,/big.txt,92536832,131072
51,051_none_phase_change_run11,none,phase_change,708,1778306405.8567789,/big.txt,92667904,131072
51,051_none_phase_change_run11,none,phase_change,709,1778306405.8588567,/big.txt,92798976,131072
51,051_none_phase_change_run11,none,phase_change,710,1778306405.8609152,/big.txt,92930048,131072
51,051_none_phase_change_run11,none,phase_change,711,1778306405.8629658,/big.txt,93061120,131072
51,051_none_phase_change_run11,none,phase_change,712,1778306405.8650215,/big.txt,93192192,131072
51,051_none_phase_change_run11,none,phase_change,713,1778306405.8670878,/big.txt,93323264,131072
51,051_none_phase_change_run11,none,phase_change,714,1778306405.8691542,/big.txt,93454336,131072
51,051_none_phase_change_run11,none,phase_change,715,1778306405.8712325,/big.txt,93585408,131072
51,051_none_phase_change_run11,none,phase_change,716,1778306405.8732889,/big.txt,93716480,131072
51,051_none_phase_change_run11,none,phase_change,717,1778306405.875338,/big.txt,93847552,131072
51,051_none_phase_change_run11,none,phase_change,718,1778306405.8774087,/big.txt,93978624,131072
51,051_none_phase_change_run11,none,phase_change,719,1778306405.8795145,/big.txt,94109696,131072
51,051_none_phase_change_run11,none,phase_change,720,1778306405.8815882,/big.txt,94240768,131072
51,051_none_phase_change_run11,none,phase_change,721,1778306405.883681,/big.txt,94371840,131072
51,051_none_phase_change_run11,none,phase_change,722,1778306405.885734,/big.txt,94502912,131072
51,051_none_phase_change_run11,none,phase_change,723,1778306405.8878212,/big.txt,94633984,131072
51,051_none_phase_change_run11,none,phase_change,724,1778306405.8898602,/big.txt,94765056,131072
51,051_none_phase_change_run11,none,phase_change,725,1778306405.8919382,/big.txt,94896128,131072
51,051_none_phase_change_run11,none,phase_change,726,1778306405.8939943,/big.txt,95027200,131072
51,051_none_phase_change_run11,none,phase_change,727,1778306405.8960834,/big.txt,95158272,131072
51,051_none_phase_change_run11,none,phase_change,728,1778306405.8981407,/big.txt,95289344,131072
51,051_none_phase_change_run11,none,phase_change,729,1778306405.9002066,/big.txt,95420416,131072
51,051_none_phase_change_run11,none,phase_change,730,1778306405.9022727,/big.txt,95551488,131072
51,051_none_phase_change_run11,none,phase_change,731,1778306405.904356,/big.txt,95682560,131072
51,051_none_phase_change_run11,none,phase_change,732,1778306405.9064133,/big.txt,95813632,131072
51,051_none_phase_change_run11,none,phase_change,733,1778306405.9084861,/big.txt,95944704,131072
51,051_none_phase_change_run11,none,phase_change,734,1778306405.9105442,/big.txt,96075776,131072
51,051_none_phase_change_run11,none,phase_change,735,1778306405.9126616,/big.txt,96206848,131072
51,051_none_phase_change_run11,none,phase_change,736,1778306405.9147575,/big.txt,96337920,131072
51,051_none_phase_change_run11,none,phase_change,737,1778306405.916825,/big.txt,96468992,131072
51,051_none_phase_change_run11,none,phase_change,738,1778306405.9188983,/big.txt,96600064,131072
51,051_none_phase_change_run11,none,phase_change,739,1778306405.920959,/big.txt,96731136,131072
51,051_none_phase_change_run11,none,phase_change,740,1778306405.9231153,/big.txt,96862208,131072
51,051_none_phase_change_run11,none,phase_change,741,1778306405.92518,/big.txt,96993280,131072
51,051_none_phase_change_run11,none,phase_change,742,1778306405.9272442,/big.txt,97124352,131072
51,051_none_phase_change_run11,none,phase_change,743,1778306405.9293053,/big.txt,97255424,131072
51,051_none_phase_change_run11,none,phase_change,744,1778306405.931367,/big.txt,97386496,131072
51,051_none_phase_change_run11,none,phase_change,745,1778306405.933433,/big.txt,97517568,131072
51,051_none_phase_change_run11,none,phase_change,746,1778306405.9355497,/big.txt,97648640,131072
51,051_none_phase_change_run11,none,phase_change,747,1778306405.937623,/big.txt,97779712,131072
51,051_none_phase_change_run11,none,phase_change,748,1778306405.939691,/big.txt,97910784,131072
51,051_none_phase_change_run11,none,phase_change,749,1778306405.9417484,/big.txt,98041856,131072
51,051_none_phase_change_run11,none,phase_change,750,1778306405.9437923,/big.txt,98172928,131072
51,051_none_phase_change_run11,none,phase_change,751,1778306405.9458582,/big.txt,98304000,131072
51,051_none_phase_change_run11,none,phase_change,752,1778306405.9479113,/big.txt,98435072,131072
51,051_none_phase_change_run11,none,phase_change,753,1778306405.9499874,/big.txt,98566144,131072
51,051_none_phase_change_run11,none,phase_change,754,1778306405.9520702,/big.txt,98697216,131072
51,051_none_phase_change_run11,none,phase_change,755,1778306405.954131,/big.txt,98828288,131072
51,051_none_phase_change_run11,none,phase_change,756,1778306405.9562013,/big.txt,98959360,131072
51,051_none_phase_change_run11,none,phase_change,757,1778306405.958254,/big.txt,99090432,131072
51,051_none_phase_change_run11,none,phase_change,758,1778306405.9602978,/big.txt,99221504,131072
51,051_none_phase_change_run11,none,phase_change,759,1778306405.962343,/big.txt,99352576,131072
51,051_none_phase_change_run11,none,phase_change,760,1778306405.9644258,/big.txt,99483648,131072
51,051_none_phase_change_run11,none,phase_change,761,1778306405.9664857,/big.txt,99614720,131072
51,051_none_phase_change_run11,none,phase_change,762,1778306405.9685009,/big.txt,99745792,131072
51,051_none_phase_change_run11,none,phase_change,763,1778306405.9705348,/big.txt,99876864,131072
51,051_none_phase_change_run11,none,phase_change,764,1778306405.9747636,/big.txt,100007936,131072
51,051_none_phase_change_run11,none,phase_change,765,1778306405.9789314,/big.txt,100139008,131072
51,051_none_phase_change_run11,none,phase_change,766,1778306405.983093,/big.txt,100270080,131072
51,051_none_phase_change_run11,none,phase_change,767,1778306405.9851463,/big.txt,100401152,131072
51,051_none_phase_change_run11,none,phase_change,768,1778306405.9872186,/big.txt,100532224,131072
51,051_none_phase_change_run11,none,phase_change,769,1778306405.989288,/big.txt,100663296,131072
51,051_none_phase_change_run11,none,phase_change,770,1778306405.991365,/big.txt,100794368,131072
51,051_none_phase_change_run11,none,phase_change,771,1778306405.993438,/big.txt,100925440,131072
51,051_none_phase_change_run11,none,phase_change,772,1778306405.9955635,/big.txt,101056512,131072
51,051_none_phase_change_run11,none,phase_change,773,1778306405.9976218,/big.txt,101187584,131072
51,051_none_phase_change_run11,none,phase_change,774,1778306405.9996877,/big.txt,101318656,131072
51,051_none_phase_change_run11,none,phase_change,775,1778306406.001753,/big.txt,101449728,131072
51,051_none_phase_change_run11,none,phase_change,776,1778306406.0038311,/big.txt,101580800,131072
51,051_none_phase_change_run11,none,phase_change,777,1778306406.0059054,/big.txt,101711872,131072
51,051_none_phase_change_run11,none,phase_change,778,1778306406.0079772,/big.txt,101842944,131072
51,051_none_phase_change_run11,none,phase_change,779,1778306406.0100482,/big.txt,101974016,131072
51,051_none_phase_change_run11,none,phase_change,780,1778306406.0121353,/big.txt,102105088,131072
51,051_none_phase_change_run11,none,phase_change,781,1778306406.0142038,/big.txt,102236160,131072
51,051_none_phase_change_run11,none,phase_change,782,1778306406.0162706,/big.txt,102367232,131072
51,051_none_phase_change_run11,none,phase_change,783,1778306406.0183487,/big.txt,102498304,131072
51,051_none_phase_change_run11,none,phase_change,784,1778306406.020429,/big.txt,102629376,131072
51,051_none_phase_change_run11,none,phase_change,785,1778306406.02248,/big.txt,102760448,131072
51,051_none_phase_change_run11,none,phase_change,786,1778306406.0245097,/big.txt,102891520,131072
51,051_none_phase_change_run11,none,phase_change,787,1778306406.0265968,/big.txt,103022592,131072
51,051_none_phase_change_run11,none,phase_change,788,1778306406.02868,/big.txt,103153664,131072
51,051_none_phase_change_run11,none,phase_change,789,1778306406.030732,/big.txt,103284736,131072
51,051_none_phase_change_run11,none,phase_change,790,1778306406.0328753,/big.txt,103415808,131072
51,051_none_phase_change_run11,none,phase_change,791,1778306406.034939,/big.txt,103546880,131072
51,051_none_phase_change_run11,none,phase_change,792,1778306406.0369856,/big.txt,103677952,131072
51,051_none_phase_change_run11,none,phase_change,793,1778306406.03915,/big.txt,103809024,131072
51,051_none_phase_change_run11,none,phase_change,794,1778306406.0412042,/big.txt,103940096,131072
51,051_none_phase_change_run11,none,phase_change,795,1778306406.0432677,/big.txt,104071168,131072
51,051_none_phase_change_run11,none,phase_change,796,1778306406.0453327,/big.txt,104202240,131072
51,051_none_phase_change_run11,none,phase_change,797,1778306406.0473855,/big.txt,104333312,131072
51,051_none_phase_change_run11,none,phase_change,798,1778306406.049431,/big.txt,104464384,131072
51,051_none_phase_change_run11,none,phase_change,799,1778306406.0515084,/big.txt,104595456,131072
51,051_none_phase_change_run11,none,phase_change,800,1778306406.0535667,/big.txt,104726528,131072
51,051_none_phase_change_run11,none,phase_change,801,1778306406.0537498,/big.txt,104857600,0
51,051_none_phase_change_run11,none,phase_change,802,1778306406.0575767,/big.txt,20480,4096
51,051_none_phase_change_run11,none,phase_change,803,1778306406.0609767,/big.txt,491520,4096
51,051_none_phase_change_run11,none,phase_change,804,1778306406.064421,/big.txt,172032,4096
51,051_none_phase_change_run11,none,phase_change,805,1778306406.067901,/big.txt,1228800,4096
51,051_none_phase_change_run11,none,phase_change,806,1778306406.0730789,/big.txt,69632,4096
51,051_none_phase_change_run11,none,phase_change,807,1778306406.0785487,/big.txt,1024000,4096
51,051_none_phase_change_run11,none,phase_change,808,1778306406.0831797,/big.txt,360448,4096
51,051_none_phase_change_run11,none,phase_change,809,1778306406.0865996,/big.txt,778240,4096
51,051_none_phase_change_run11,none,phase_change,810,1778306406.0899816,/big.txt,245760,4096
51,051_none_phase_change_run11,none,phase_change,811,1778306406.093455,/big.txt,40960,4096
51,051_none_phase_change_run11,none,phase_change,812,1778306406.0969334,/big.txt,1363968,4096
51,051_none_phase_change_run11,none,phase_change,813,1778306406.1004164,/big.txt,307200,4096
51,051_none_phase_change_run11,none,phase_change,814,1778306406.1038942,/big.txt,2097152,4096
51,051_none_phase_change_run11,none,phase_change,815,1778306406.1074166,/big.txt,819200,4096
51,051_none_phase_change_run11,none,phase_change,816,1778306406.1108382,/big.txt,1843200,4096
51,051_none_phase_change_run11,none,phase_change,817,1778306406.1142435,/big.txt,405504,4096
51,051_none_phase_change_run11,none,phase_change,818,1778306406.1176999,/big.txt,2457600,4096
51,051_none_phase_change_run11,none,phase_change,819,1778306406.1212425,/big.txt,614400,4096
51,051_none_phase_change_run11,none,phase_change,820,1778306406.1245675,/big.txt,2949120,4096
51,051_none_phase_change_run11,none,phase_change,821,1778306406.1280577,/big.txt,1556480,4096
51,051_none_phase_change_run11,none,phase_change,822,1778306406.1315725,/big.txt,102400,4096
51,051_none_phase_change_run11,none,phase_change,823,1778306406.1349964,/big.txt,1966080,4096
51,051_none_phase_change_run11,none,phase_change,824,1778306406.138408,/big.txt,2621440,4096
51,051_none_phase_change_run11,none,phase_change,825,1778306406.141743,/big.txt,225280,4096
51,051_none_phase_change_run11,none,phase_change,826,1778306406.1453424,/big.txt,3317760,4096
51,051_none_phase_change_run11,none,phase_change,827,1778306406.14887,/big.txt,0,131072
51,051_none_phase_change_run11,none,phase_change,828,1778306406.1510017,/big.txt,131072,131072
51,051_none_phase_change_run11,none,phase_change,829,1778306406.1530795,/big.txt,262144,131072
51,051_none_phase_change_run11,none,phase_change,830,1778306406.1551523,/big.txt,393216,131072
51,051_none_phase_change_run11,none,phase_change,831,1778306406.15721,/big.txt,524288,131072
51,051_none_phase_change_run11,none,phase_change,832,1778306406.1593375,/big.txt,655360,131072
51,051_none_phase_change_run11,none,phase_change,833,1778306406.161396,/big.txt,786432,131072
51,051_none_phase_change_run11,none,phase_change,834,1778306406.1634605,/big.txt,917504,131072
51,051_none_phase_change_run11,none,phase_change,835,1778306406.16552,/big.txt,1048576,131072
51,051_none_phase_change_run11,none,phase_change,836,1778306406.1676183,/big.txt,1179648,131072
51,051_none_phase_change_run11,none,phase_change,837,1778306406.1696732,/big.txt,1310720,131072
51,051_none_phase_change_run11,none,phase_change,838,1778306406.171765,/big.txt,1441792,131072
51,051_none_phase_change_run11,none,phase_change,839,1778306406.1738229,/big.txt,1572864,131072
51,051_none_phase_change_run11,none,phase_change,840,1778306406.1759114,/big.txt,1703936,131072
51,051_none_phase_change_run11,none,phase_change,841,1778306406.177984,/big.txt,1835008,131072
51,051_none_phase_change_run11,none,phase_change,842,1778306406.1800847,/big.txt,1966080,131072
51,051_none_phase_change_run11,none,phase_change,843,1778306406.1821496,/big.txt,2097152,131072
51,051_none_phase_change_run11,none,phase_change,844,1778306406.184225,/big.txt,2228224,131072
51,051_none_phase_change_run11,none,phase_change,845,1778306406.1862864,/big.txt,2359296,131072
51,051_none_phase_change_run11,none,phase_change,846,1778306406.188364,/big.txt,2490368,131072
51,051_none_phase_change_run11,none,phase_change,847,1778306406.190437,/big.txt,2621440,131072
51,051_none_phase_change_run11,none,phase_change,848,1778306406.1924515,/big.txt,2752512,131072
51,051_none_phase_change_run11,none,phase_change,849,1778306406.1945214,/big.txt,2883584,131072
51,051_none_phase_change_run11,none,phase_change,850,1778306406.1965911,/big.txt,3014656,131072
51,051_none_phase_change_run11,none,phase_change,851,1778306406.1986687,/big.txt,3145728,131072
51,051_none_phase_change_run11,none,phase_change,852,1778306406.200841,/big.txt,3276800,131072
51,051_none_phase_change_run11,none,phase_change,853,1778306406.203011,/big.txt,3407872,131072
51,051_none_phase_change_run11,none,phase_change,854,1778306406.2051535,/big.txt,3538944,131072
51,051_none_phase_change_run11,none,phase_change,855,1778306406.2073193,/big.txt,3670016,131072
51,051_none_phase_change_run11,none,phase_change,856,1778306406.2093968,/big.txt,3801088,131072
51,051_none_phase_change_run11,none,phase_change,857,1778306406.2114797,/big.txt,3932160,131072
51,051_none_phase_change_run11,none,phase_change,858,1778306406.2135491,/big.txt,4063232,131072
51,051_none_phase_change_run11,none,phase_change,859,1778306406.2156067,/big.txt,4194304,131072
51,051_none_phase_change_run11,none,phase_change,860,1778306406.217676,/big.txt,4325376,131072
51,051_none_phase_change_run11,none,phase_change,861,1778306406.219756,/big.txt,4456448,131072
51,051_none_phase_change_run11,none,phase_change,862,1778306406.22182,/big.txt,4587520,131072
51,051_none_phase_change_run11,none,phase_change,863,1778306406.22392,/big.txt,4718592,131072
51,051_none_phase_change_run11,none,phase_change,864,1778306406.225976,/big.txt,4849664,131072
51,051_none_phase_change_run11,none,phase_change,865,1778306406.228045,/big.txt,4980736,131072
51,051_none_phase_change_run11,none,phase_change,866,1778306406.2301307,/big.txt,5111808,131072
51,051_none_phase_change_run11,none,phase_change,867,1778306406.2322402,/big.txt,5242880,131072
51,051_none_phase_change_run11,none,phase_change,868,1778306406.2343042,/big.txt,5373952,131072
51,051_none_phase_change_run11,none,phase_change,869,1778306406.2363753,/big.txt,5505024,131072
51,051_none_phase_change_run11,none,phase_change,870,1778306406.2384343,/big.txt,5636096,131072
51,051_none_phase_change_run11,none,phase_change,871,1778306406.2404883,/big.txt,5767168,131072
51,051_none_phase_change_run11,none,phase_change,872,1778306406.2425578,/big.txt,5898240,131072
51,051_none_phase_change_run11,none,phase_change,873,1778306406.2447102,/big.txt,6029312,131072
51,051_none_phase_change_run11,none,phase_change,874,1778306406.2467833,/big.txt,6160384,131072
51,051_none_phase_change_run11,none,phase_change,875,1778306406.2488408,/big.txt,6291456,131072
51,051_none_phase_change_run11,none,phase_change,876,1778306406.2509267,/big.txt,6422528,131072
51,051_none_phase_change_run11,none,phase_change,877,1778306406.2529907,/big.txt,6553600,131072
51,051_none_phase_change_run11,none,phase_change,878,1778306406.2551212,/big.txt,6684672,131072
51,051_none_phase_change_run11,none,phase_change,879,1778306406.2571726,/big.txt,6815744,131072
51,051_none_phase_change_run11,none,phase_change,880,1778306406.2592297,/big.txt,6946816,131072
51,051_none_phase_change_run11,none,phase_change,881,1778306406.2612948,/big.txt,7077888,131072
51,051_none_phase_change_run11,none,phase_change,882,1778306406.263352,/big.txt,7208960,131072
51,051_none_phase_change_run11,none,phase_change,883,1778306406.2654018,/big.txt,7340032,131072
51,051_none_phase_change_run11,none,phase_change,884,1778306406.2695713,/big.txt,7471104,131072
51,051_none_phase_change_run11,none,phase_change,885,1778306406.2737713,/big.txt,7602176,131072
51,051_none_phase_change_run11,none,phase_change,886,1778306406.2779465,/big.txt,7733248,131072
51,051_none_phase_change_run11,none,phase_change,887,1778306406.280121,/big.txt,7864320,131072
51,051_none_phase_change_run11,none,phase_change,888,1778306406.2822332,/big.txt,7995392,131072
51,051_none_phase_change_run11,none,phase_change,889,1778306406.2843316,/big.txt,8126464,131072
51,051_none_phase_change_run11,none,phase_change,890,1778306406.2864351,/big.txt,8257536,131072
51,051_none_phase_change_run11,none,phase_change,891,1778306406.2880373,/big.txt,8388608,131072
51,051_none_phase_change_run11,none,phase_change,892,1778306406.2893493,/big.txt,8519680,131072
51,051_none_phase_change_run11,none,phase_change,893,1778306406.290633,/big.txt,8650752,131072
51,051_none_phase_change_run11,none,phase_change,894,1778306406.292723,/big.txt,8781824,131072
51,051_none_phase_change_run11,none,phase_change,895,1778306406.294806,/big.txt,8912896,131072
51,051_none_phase_change_run11,none,phase_change,896,1778306406.2969418,/big.txt,9043968,131072
51,051_none_phase_change_run11,none,phase_change,897,1778306406.2990236,/big.txt,9175040,131072
51,051_none_phase_change_run11,none,phase_change,898,1778306406.3010998,/big.txt,9306112,131072
51,051_none_phase_change_run11,none,phase_change,899,1778306406.3031716,/big.txt,9437184,131072
51,051_none_phase_change_run11,none,phase_change,900,1778306406.3052256,/big.txt,9568256,131072
51,051_none_phase_change_run11,none,phase_change,901,1778306406.3073056,/big.txt,9699328,131072
51,051_none_phase_change_run11,none,phase_change,902,1778306406.309366,/big.txt,9830400,131072
51,051_none_phase_change_run11,none,phase_change,903,1778306406.3114457,/big.txt,9961472,131072
51,051_none_phase_change_run11,none,phase_change,904,1778306406.3134935,/big.txt,10092544,131072
51,051_none_phase_change_run11,none,phase_change,905,1778306406.3156931,/big.txt,10223616,131072
51,051_none_phase_change_run11,none,phase_change,906,1778306406.317754,/big.txt,10354688,131072
51,051_none_phase_change_run11,none,phase_change,907,1778306406.3198457,/big.txt,10485760,131072
51,051_none_phase_change_run11,none,phase_change,908,1778306406.3219163,/big.txt,10616832,131072
51,051_none_phase_change_run11,none,phase_change,909,1778306406.3240101,/big.txt,10747904,131072
51,051_none_phase_change_run11,none,phase_change,910,1778306406.3260844,/big.txt,10878976,131072
51,051_none_phase_change_run11,none,phase_change,911,1778306406.3281665,/big.txt,11010048,131072
51,051_none_phase_change_run11,none,phase_change,912,1778306406.3302283,/big.txt,11141120,131072
51,051_none_phase_change_run11,none,phase_change,913,1778306406.332327,/big.txt,11272192,131072
51,051_none_phase_change_run11,none,phase_change,914,1778306406.3343952,/big.txt,11403264,131072
51,051_none_phase_change_run11,none,phase_change,915,1778306406.3364995,/big.txt,11534336,131072
51,051_none_phase_change_run11,none,phase_change,916,1778306406.3385592,/big.txt,11665408,131072
51,051_none_phase_change_run11,none,phase_change,917,1778306406.3406396,/big.txt,11796480,131072
51,051_none_phase_change_run11,none,phase_change,918,1778306406.3427043,/big.txt,11927552,131072
51,051_none_phase_change_run11,none,phase_change,919,1778306406.3449283,/big.txt,12058624,131072
51,051_none_phase_change_run11,none,phase_change,920,1778306406.3470218,/big.txt,12189696,131072
51,051_none_phase_change_run11,none,phase_change,921,1778306406.3491085,/big.txt,12320768,131072
51,051_none_phase_change_run11,none,phase_change,922,1778306406.351212,/big.txt,12451840,131072
51,051_none_phase_change_run11,none,phase_change,923,1778306406.3532732,/big.txt,12582912,131072
51,051_none_phase_change_run11,none,phase_change,924,1778306406.3553405,/big.txt,12713984,131072
51,051_none_phase_change_run11,none,phase_change,925,1778306406.357394,/big.txt,12845056,131072
51,051_none_phase_change_run11,none,phase_change,926,1778306406.3594992,/big.txt,12976128,131072
51,051_none_phase_change_run11,none,phase_change,927,1778306406.3615682,/big.txt,13107200,131072
51,051_none_phase_change_run11,none,phase_change,928,1778306406.3636377,/big.txt,13238272,131072
51,051_none_phase_change_run11,none,phase_change,929,1778306406.3656976,/big.txt,13369344,131072
51,051_none_phase_change_run11,none,phase_change,930,1778306406.3677845,/big.txt,13500416,131072
51,051_none_phase_change_run11,none,phase_change,931,1778306406.3698409,/big.txt,13631488,131072
51,051_none_phase_change_run11,none,phase_change,932,1778306406.371917,/big.txt,13762560,131072
51,051_none_phase_change_run11,none,phase_change,933,1778306406.3739893,/big.txt,13893632,131072
51,051_none_phase_change_run11,none,phase_change,934,1778306406.3760865,/big.txt,14024704,131072
51,051_none_phase_change_run11,none,phase_change,935,1778306406.378159,/big.txt,14155776,131072
51,051_none_phase_change_run11,none,phase_change,936,1778306406.3802347,/big.txt,14286848,131072
51,051_none_phase_change_run11,none,phase_change,937,1778306406.3823073,/big.txt,14417920,131072
51,051_none_phase_change_run11,none,phase_change,938,1778306406.3843765,/big.txt,14548992,131072
51,051_none_phase_change_run11,none,phase_change,939,1778306406.3864343,/big.txt,14680064,131072
51,051_none_phase_change_run11,none,phase_change,940,1778306406.3885,/big.txt,14811136,131072
51,051_none_phase_change_run11,none,phase_change,941,1778306406.390595,/big.txt,14942208,131072
51,051_none_phase_change_run11,none,phase_change,942,1778306406.3926501,/big.txt,15073280,131072
51,051_none_phase_change_run11,none,phase_change,943,1778306406.394729,/big.txt,15204352,131072
51,051_none_phase_change_run11,none,phase_change,944,1778306406.3968737,/big.txt,15335424,131072
51,051_none_phase_change_run11,none,phase_change,945,1778306406.3989654,/big.txt,15466496,131072
51,051_none_phase_change_run11,none,phase_change,946,1778306406.4010322,/big.txt,15597568,131072
51,051_none_phase_change_run11,none,phase_change,947,1778306406.4031823,/big.txt,15728640,131072
51,051_none_phase_change_run11,none,phase_change,948,1778306406.4052448,/big.txt,15859712,131072
51,051_none_phase_change_run11,none,phase_change,949,1778306406.4073234,/big.txt,15990784,131072
51,051_none_phase_change_run11,none,phase_change,950,1778306406.4093986,/big.txt,16121856,131072
51,051_none_phase_change_run11,none,phase_change,951,1778306406.411481,/big.txt,16252928,131072
51,051_none_phase_change_run11,none,phase_change,952,1778306406.4135532,/big.txt,16384000,131072
51,051_none_phase_change_run11,none,phase_change,953,1778306406.4156265,/big.txt,16515072,131072
51,051_none_phase_change_run11,none,phase_change,954,1778306406.4177034,/big.txt,16646144,131072
51,051_none_phase_change_run11,none,phase_change,955,1778306406.4197748,/big.txt,16777216,131072
51,051_none_phase_change_run11,none,phase_change,956,1778306406.4218466,/big.txt,16908288,131072
51,051_none_phase_change_run11,none,phase_change,957,1778306406.4239252,/big.txt,17039360,131072
51,051_none_phase_change_run11,none,phase_change,958,1778306406.4259968,/big.txt,17170432,131072
51,051_none_phase_change_run11,none,phase_change,959,1778306406.4281096,/big.txt,17301504,131072
51,051_none_phase_change_run11,none,phase_change,960,1778306406.4301803,/big.txt,17432576,131072
51,051_none_phase_change_run11,none,phase_change,961,1778306406.4322982,/big.txt,17563648,131072
51,051_none_phase_change_run11,none,phase_change,962,1778306406.4343772,/big.txt,17694720,131072
51,051_none_phase_change_run11,none,phase_change,963,1778306406.436464,/big.txt,17825792,131072
51,051_none_phase_change_run11,none,phase_change,964,1778306406.4385076,/big.txt,17956864,131072
51,051_none_phase_change_run11,none,phase_change,965,1778306406.440592,/big.txt,18087936,131072
51,051_none_phase_change_run11,none,phase_change,966,1778306406.4426663,/big.txt,18219008,131072
51,051_none_phase_change_run11,none,phase_change,967,1778306406.4447992,/big.txt,18350080,131072
51,051_none_phase_change_run11,none,phase_change,968,1778306406.4468753,/big.txt,18481152,131072
51,051_none_phase_change_run11,none,phase_change,969,1778306406.4489412,/big.txt,18612224,131072
51,051_none_phase_change_run11,none,phase_change,970,1778306406.4510586,/big.txt,18743296,131072
51,051_none_phase_change_run11,none,phase_change,971,1778306406.4531233,/big.txt,18874368,131072
51,051_none_phase_change_run11,none,phase_change,972,1778306406.4551933,/big.txt,19005440,131072
51,051_none_phase_change_run11,none,phase_change,973,1778306406.4572575,/big.txt,19136512,131072
51,051_none_phase_change_run11,none,phase_change,974,1778306406.4593554,/big.txt,19267584,131072
51,051_none_phase_change_run11,none,phase_change,975,1778306406.4614394,/big.txt,19398656,131072
51,051_none_phase_change_run11,none,phase_change,976,1778306406.463534,/big.txt,19529728,131072
51,051_none_phase_change_run11,none,phase_change,977,1778306406.4655974,/big.txt,19660800,131072
51,051_none_phase_change_run11,none,phase_change,978,1778306406.4676719,/big.txt,19791872,131072
51,051_none_phase_change_run11,none,phase_change,979,1778306406.4697423,/big.txt,19922944,131072
51,051_none_phase_change_run11,none,phase_change,980,1778306406.4718213,/big.txt,20054016,131072
51,051_none_phase_change_run11,none,phase_change,981,1778306406.4738986,/big.txt,20185088,131072
51,051_none_phase_change_run11,none,phase_change,982,1778306406.4759896,/big.txt,20316160,131072
51,051_none_phase_change_run11,none,phase_change,983,1778306406.4780643,/big.txt,20447232,131072
51,051_none_phase_change_run11,none,phase_change,984,1778306406.4801347,/big.txt,20578304,131072
51,051_none_phase_change_run11,none,phase_change,985,1778306406.4821978,/big.txt,20709376,131072
51,051_none_phase_change_run11,none,phase_change,986,1778306406.4843175,/big.txt,20840448,131072
51,051_none_phase_change_run11,none,phase_change,987,1778306406.4863853,/big.txt,20971520,131072
51,051_none_phase_change_run11,none,phase_change,988,1778306406.4884944,/big.txt,21102592,131072
51,051_none_phase_change_run11,none,phase_change,989,1778306406.4905577,/big.txt,21233664,131072
51,051_none_phase_change_run11,none,phase_change,990,1778306406.4927597,/big.txt,21364736,131072
51,051_none_phase_change_run11,none,phase_change,991,1778306406.4948666,/big.txt,21495808,131072
51,051_none_phase_change_run11,none,phase_change,992,1778306406.4969316,/big.txt,21626880,131072
51,051_none_phase_change_run11,none,phase_change,993,1778306406.499021,/big.txt,21757952,131072
51,051_none_phase_change_run11,none,phase_change,994,1778306406.5010753,/big.txt,21889024,131072
51,051_none_phase_change_run11,none,phase_change,995,1778306406.5031466,/big.txt,22020096,131072
51,051_none_phase_change_run11,none,phase_change,996,1778306406.505205,/big.txt,22151168,131072
51,051_none_phase_change_run11,none,phase_change,997,1778306406.5073655,/big.txt,22282240,131072
51,051_none_phase_change_run11,none,phase_change,998,1778306406.5094194,/big.txt,22413312,131072
51,051_none_phase_change_run11,none,phase_change,999,1778306406.5115116,/big.txt,22544384,131072
51,051_none_phase_change_run11,none,phase_change,1000,1778306406.513587,/big.txt,22675456,131072
51,051_none_phase_change_run11,none,phase_change,1001,1778306406.5156603,/big.txt,22806528,131072
51,051_none_phase_change_run11,none,phase_change,1002,1778306406.5177188,/big.txt,22937600,131072
51,051_none_phase_change_run11,none,phase_change,1003,1778306406.519812,/big.txt,23068672,131072
51,051_none_phase_change_run11,none,phase_change,1004,1778306406.5218992,/big.txt,23199744,131072
51,051_none_phase_change_run11,none,phase_change,1005,1778306406.5239718,/big.txt,23330816,131072
51,051_none_phase_change_run11,none,phase_change,1006,1778306406.5260427,/big.txt,23461888,131072
51,051_none_phase_change_run11,none,phase_change,1007,1778306406.5281208,/big.txt,23592960,131072
51,051_none_phase_change_run11,none,phase_change,1008,1778306406.5301957,/big.txt,23724032,131072
51,051_none_phase_change_run11,none,phase_change,1009,1778306406.5322766,/big.txt,23855104,131072
51,051_none_phase_change_run11,none,phase_change,1010,1778306406.5343602,/big.txt,23986176,131072
51,051_none_phase_change_run11,none,phase_change,1011,1778306406.5364401,/big.txt,24117248,131072
51,051_none_phase_change_run11,none,phase_change,1012,1778306406.5385003,/big.txt,24248320,131072
51,051_none_phase_change_run11,none,phase_change,1013,1778306406.5405815,/big.txt,24379392,131072
51,051_none_phase_change_run11,none,phase_change,1014,1778306406.5426466,/big.txt,24510464,131072
51,051_none_phase_change_run11,none,phase_change,1015,1778306406.544748,/big.txt,24641536,131072
51,051_none_phase_change_run11,none,phase_change,1016,1778306406.546828,/big.txt,24772608,131072
51,051_none_phase_change_run11,none,phase_change,1017,1778306406.5489044,/big.txt,24903680,131072
51,051_none_phase_change_run11,none,phase_change,1018,1778306406.550965,/big.txt,25034752,131072
51,051_none_phase_change_run11,none,phase_change,1019,1778306406.553027,/big.txt,25165824,131072
51,051_none_phase_change_run11,none,phase_change,1020,1778306406.555114,/big.txt,25296896,131072
51,051_none_phase_change_run11,none,phase_change,1021,1778306406.5571904,/big.txt,25427968,131072
51,051_none_phase_change_run11,none,phase_change,1022,1778306406.5592706,/big.txt,25559040,131072
51,051_none_phase_change_run11,none,phase_change,1023,1778306406.5613391,/big.txt,25690112,131072
51,051_none_phase_change_run11,none,phase_change,1024,1778306406.563538,/big.txt,25821184,131072
51,051_none_phase_change_run11,none,phase_change,1025,1778306406.5656323,/big.txt,25952256,131072
51,051_none_phase_change_run11,none,phase_change,1026,1778306406.5677273,/big.txt,26083328,131072
51,051_none_phase_change_run11,none,phase_change,1027,1778306406.569792,/big.txt,26214400,131072
51,051_none_phase_change_run11,none,phase_change,1028,1778306406.5718834,/big.txt,26345472,131072
51,051_none_phase_change_run11,none,phase_change,1029,1778306406.5739639,/big.txt,26476544,131072
51,051_none_phase_change_run11,none,phase_change,1030,1778306406.576051,/big.txt,26607616,131072
51,051_none_phase_change_run11,none,phase_change,1031,1778306406.578106,/big.txt,26738688,131072
51,051_none_phase_change_run11,none,phase_change,1032,1778306406.5801852,/big.txt,26869760,131072
51,051_none_phase_change_run11,none,phase_change,1033,1778306406.582258,/big.txt,27000832,131072
51,051_none_phase_change_run11,none,phase_change,1034,1778306406.584337,/big.txt,27131904,131072
51,051_none_phase_change_run11,none,phase_change,1035,1778306406.5864081,/big.txt,27262976,131072
51,051_none_phase_change_run11,none,phase_change,1036,1778306406.5884423,/big.txt,27394048,131072
51,051_none_phase_change_run11,none,phase_change,1037,1778306406.5904937,/big.txt,27525120,131072
51,051_none_phase_change_run11,none,phase_change,1038,1778306406.5925906,/big.txt,27656192,131072
51,051_none_phase_change_run11,none,phase_change,1039,1778306406.5946474,/big.txt,27787264,131072
51,051_none_phase_change_run11,none,phase_change,1040,1778306406.596712,/big.txt,27918336,131072
51,051_none_phase_change_run11,none,phase_change,1041,1778306406.598783,/big.txt,28049408,131072
51,051_none_phase_change_run11,none,phase_change,1042,1778306406.6008356,/big.txt,28180480,131072
51,051_none_phase_change_run11,none,phase_change,1043,1778306406.6029036,/big.txt,28311552,131072
51,051_none_phase_change_run11,none,phase_change,1044,1778306406.6049607,/big.txt,28442624,131072
51,051_none_phase_change_run11,none,phase_change,1045,1778306406.6071591,/big.txt,28573696,131072
51,051_none_phase_change_run11,none,phase_change,1046,1778306406.6092198,/big.txt,28704768,131072
51,051_none_phase_change_run11,none,phase_change,1047,1778306406.6113014,/big.txt,28835840,131072
51,051_none_phase_change_run11,none,phase_change,1048,1778306406.613368,/big.txt,28966912,131072
51,051_none_phase_change_run11,none,phase_change,1049,1778306406.6154408,/big.txt,29097984,131072
51,051_none_phase_change_run11,none,phase_change,1050,1778306406.617496,/big.txt,29229056,131072
51,051_none_phase_change_run11,none,phase_change,1051,1778306406.6196103,/big.txt,29360128,131072
51,051_none_phase_change_run11,none,phase_change,1052,1778306406.621674,/big.txt,29491200,131072
51,051_none_phase_change_run11,none,phase_change,1053,1778306406.623767,/big.txt,29622272,131072
51,051_none_phase_change_run11,none,phase_change,1054,1778306406.6258335,/big.txt,29753344,131072
51,051_none_phase_change_run11,none,phase_change,1055,1778306406.6279213,/big.txt,29884416,131072
51,051_none_phase_change_run11,none,phase_change,1056,1778306406.6299758,/big.txt,30015488,131072
51,051_none_phase_change_run11,none,phase_change,1057,1778306406.6320405,/big.txt,30146560,131072
51,051_none_phase_change_run11,none,phase_change,1058,1778306406.6341069,/big.txt,30277632,131072
51,051_none_phase_change_run11,none,phase_change,1059,1778306406.6362128,/big.txt,30408704,131072
51,051_none_phase_change_run11,none,phase_change,1060,1778306406.6382747,/big.txt,30539776,131072
51,051_none_phase_change_run11,none,phase_change,1061,1778306406.6403582,/big.txt,30670848,131072
51,051_none_phase_change_run11,none,phase_change,1062,1778306406.6424963,/big.txt,30801920,131072
51,051_none_phase_change_run11,none,phase_change,1063,1778306406.6446338,/big.txt,30932992,131072
51,051_none_phase_change_run11,none,phase_change,1064,1778306406.646706,/big.txt,31064064,131072
51,051_none_phase_change_run11,none,phase_change,1065,1778306406.6487546,/big.txt,31195136,131072
51,051_none_phase_change_run11,none,phase_change,1066,1778306406.6509087,/big.txt,31326208,131072
51,051_none_phase_change_run11,none,phase_change,1067,1778306406.6529677,/big.txt,31457280,131072
51,051_none_phase_change_run11,none,phase_change,1068,1778306406.65505,/big.txt,31588352,131072
51,051_none_phase_change_run11,none,phase_change,1069,1778306406.6571198,/big.txt,31719424,131072
51,051_none_phase_change_run11,none,phase_change,1070,1778306406.6591825,/big.txt,31850496,131072
51,051_none_phase_change_run11,none,phase_change,1071,1778306406.661241,/big.txt,31981568,131072
51,051_none_phase_change_run11,none,phase_change,1072,1778306406.6633034,/big.txt,32112640,131072
51,051_none_phase_change_run11,none,phase_change,1073,1778306406.6653514,/big.txt,32243712,131072
51,051_none_phase_change_run11,none,phase_change,1074,1778306406.6674168,/big.txt,32374784,131072
51,051_none_phase_change_run11,none,phase_change,1075,1778306406.669497,/big.txt,32505856,131072
51,051_none_phase_change_run11,none,phase_change,1076,1778306406.671581,/big.txt,32636928,131072
51,051_none_phase_change_run11,none,phase_change,1077,1778306406.6736376,/big.txt,32768000,131072
51,051_none_phase_change_run11,none,phase_change,1078,1778306406.6756923,/big.txt,32899072,131072
51,051_none_phase_change_run11,none,phase_change,1079,1778306406.6777549,/big.txt,33030144,131072
51,051_none_phase_change_run11,none,phase_change,1080,1778306406.6798263,/big.txt,33161216,131072
51,051_none_phase_change_run11,none,phase_change,1081,1778306406.681884,/big.txt,33292288,131072
51,051_none_phase_change_run11,none,phase_change,1082,1778306406.6839457,/big.txt,33423360,131072
51,051_none_phase_change_run11,none,phase_change,1083,1778306406.6860342,/big.txt,33554432,131072
51,051_none_phase_change_run11,none,phase_change,1084,1778306406.688112,/big.txt,33685504,131072
51,051_none_phase_change_run11,none,phase_change,1085,1778306406.690162,/big.txt,33816576,131072
51,051_none_phase_change_run11,none,phase_change,1086,1778306406.6922498,/big.txt,33947648,131072
51,051_none_phase_change_run11,none,phase_change,1087,1778306406.694327,/big.txt,34078720,131072
51,051_none_phase_change_run11,none,phase_change,1088,1778306406.6963937,/big.txt,34209792,131072
51,051_none_phase_change_run11,none,phase_change,1089,1778306406.6984446,/big.txt,34340864,131072
51,051_none_phase_change_run11,none,phase_change,1090,1778306406.7004693,/big.txt,34471936,131072
51,051_none_phase_change_run11,none,phase_change,1091,1778306406.7025392,/big.txt,34603008,131072
51,051_none_phase_change_run11,none,phase_change,1092,1778306406.7045987,/big.txt,34734080,131072
51,051_none_phase_change_run11,none,phase_change,1093,1778306406.7066598,/big.txt,34865152,131072
51,051_none_phase_change_run11,none,phase_change,1094,1778306406.7087286,/big.txt,34996224,131072
51,051_none_phase_change_run11,none,phase_change,1095,1778306406.7108622,/big.txt,35127296,131072
51,051_none_phase_change_run11,none,phase_change,1096,1778306406.712928,/big.txt,35258368,131072
51,051_none_phase_change_run11,none,phase_change,1097,1778306406.714995,/big.txt,35389440,131072
51,051_none_phase_change_run11,none,phase_change,1098,1778306406.7170575,/big.txt,35520512,131072
51,051_none_phase_change_run11,none,phase_change,1099,1778306406.7191684,/big.txt,35651584,131072
51,051_none_phase_change_run11,none,phase_change,1100,1778306406.7212343,/big.txt,35782656,131072
51,051_none_phase_change_run11,none,phase_change,1101,1778306406.7233112,/big.txt,35913728,131072
51,051_none_phase_change_run11,none,phase_change,1102,1778306406.7253695,/big.txt,36044800,131072
51,051_none_phase_change_run11,none,phase_change,1103,1778306406.7274508,/big.txt,36175872,131072
51,051_none_phase_change_run11,none,phase_change,1104,1778306406.7295153,/big.txt,36306944,131072
51,051_none_phase_change_run11,none,phase_change,1105,1778306406.7315745,/big.txt,36438016,131072
51,051_none_phase_change_run11,none,phase_change,1106,1778306406.733644,/big.txt,36569088,131072
51,051_none_phase_change_run11,none,phase_change,1107,1778306406.7357087,/big.txt,36700160,131072
51,051_none_phase_change_run11,none,phase_change,1108,1778306406.7377794,/big.txt,36831232,131072
51,051_none_phase_change_run11,none,phase_change,1109,1778306406.7398498,/big.txt,36962304,131072
51,051_none_phase_change_run11,none,phase_change,1110,1778306406.741928,/big.txt,37093376,131072
51,051_none_phase_change_run11,none,phase_change,1111,1778306406.744006,/big.txt,37224448,131072
51,051_none_phase_change_run11,none,phase_change,1112,1778306406.7460735,/big.txt,37355520,131072
51,051_none_phase_change_run11,none,phase_change,1113,1778306406.7481544,/big.txt,37486592,131072
51,051_none_phase_change_run11,none,phase_change,1114,1778306406.7502034,/big.txt,37617664,131072
51,051_none_phase_change_run11,none,phase_change,1115,1778306406.7522724,/big.txt,37748736,131072
51,051_none_phase_change_run11,none,phase_change,1116,1778306406.754324,/big.txt,37879808,131072
51,051_none_phase_change_run11,none,phase_change,1117,1778306406.7563846,/big.txt,38010880,131072
51,051_none_phase_change_run11,none,phase_change,1118,1778306406.7584558,/big.txt,38141952,131072
51,051_none_phase_change_run11,none,phase_change,1119,1778306406.7604747,/big.txt,38273024,131072
51,051_none_phase_change_run11,none,phase_change,1120,1778306406.762526,/big.txt,38404096,131072
51,051_none_phase_change_run11,none,phase_change,1121,1778306406.7646594,/big.txt,38535168,131072
51,051_none_phase_change_run11,none,phase_change,1122,1778306406.7667181,/big.txt,38666240,131072
51,051_none_phase_change_run11,none,phase_change,1123,1778306406.768794,/big.txt,38797312,131072
51,051_none_phase_change_run11,none,phase_change,1124,1778306406.7709088,/big.txt,38928384,131072
51,051_none_phase_change_run11,none,phase_change,1125,1778306406.77299,/big.txt,39059456,131072
51,051_none_phase_change_run11,none,phase_change,1126,1778306406.775066,/big.txt,39190528,131072
51,051_none_phase_change_run11,none,phase_change,1127,1778306406.7771275,/big.txt,39321600,131072
51,051_none_phase_change_run11,none,phase_change,1128,1778306406.7792015,/big.txt,39452672,131072
51,051_none_phase_change_run11,none,phase_change,1129,1778306406.7812603,/big.txt,39583744,131072
51,051_none_phase_change_run11,none,phase_change,1130,1778306406.7833066,/big.txt,39714816,131072
51,051_none_phase_change_run11,none,phase_change,1131,1778306406.785289,/big.txt,39845888,131072
51,051_none_phase_change_run11,none,phase_change,1132,1778306406.7872677,/big.txt,39976960,131072
51,051_none_phase_change_run11,none,phase_change,1133,1778306406.7892544,/big.txt,40108032,131072
51,051_none_phase_change_run11,none,phase_change,1134,1778306406.791248,/big.txt,40239104,131072
51,051_none_phase_change_run11,none,phase_change,1135,1778306406.79323,/big.txt,40370176,131072
51,051_none_phase_change_run11,none,phase_change,1136,1778306406.795215,/big.txt,40501248,131072
51,051_none_phase_change_run11,none,phase_change,1137,1778306406.797178,/big.txt,40632320,131072
51,051_none_phase_change_run11,none,phase_change,1138,1778306406.7992551,/big.txt,40763392,131072
51,051_none_phase_change_run11,none,phase_change,1139,1778306406.8012502,/big.txt,40894464,131072
51,051_none_phase_change_run11,none,phase_change,1140,1778306406.8032498,/big.txt,41025536,131072
51,051_none_phase_change_run11,none,phase_change,1141,1778306406.8052192,/big.txt,41156608,131072
51,051_none_phase_change_run11,none,phase_change,1142,1778306406.8072865,/big.txt,41287680,131072
51,051_none_phase_change_run11,none,phase_change,1143,1778306406.8092732,/big.txt,41418752,131072
51,051_none_phase_change_run11,none,phase_change,1144,1778306406.81126,/big.txt,41549824,131072
51,051_none_phase_change_run11,none,phase_change,1145,1778306406.8132398,/big.txt,41680896,131072
51,051_none_phase_change_run11,none,phase_change,1146,1778306406.815239,/big.txt,41811968,131072
51,051_none_phase_change_run11,none,phase_change,1147,1778306406.8172033,/big.txt,41943040,131072
51,051_none_phase_change_run11,none,phase_change,1148,1778306406.8193004,/big.txt,42074112,131072
51,051_none_phase_change_run11,none,phase_change,1149,1778306406.8212833,/big.txt,42205184,131072
51,051_none_phase_change_run11,none,phase_change,1150,1778306406.823267,/big.txt,42336256,131072
51,051_none_phase_change_run11,none,phase_change,1151,1778306406.8252559,/big.txt,42467328,131072
51,051_none_phase_change_run11,none,phase_change,1152,1778306406.8272977,/big.txt,42598400,131072
51,051_none_phase_change_run11,none,phase_change,1153,1778306406.8292625,/big.txt,42729472,131072
51,051_none_phase_change_run11,none,phase_change,1154,1778306406.8312504,/big.txt,42860544,131072
51,051_none_phase_change_run11,none,phase_change,1155,1778306406.833229,/big.txt,42991616,131072
51,051_none_phase_change_run11,none,phase_change,1156,1778306406.8352919,/big.txt,43122688,131072
51,051_none_phase_change_run11,none,phase_change,1157,1778306406.837265,/big.txt,43253760,131072
51,051_none_phase_change_run11,none,phase_change,1158,1778306406.8392622,/big.txt,43384832,131072
51,051_none_phase_change_run11,none,phase_change,1159,1778306406.8412325,/big.txt,43515904,131072
51,051_none_phase_change_run11,none,phase_change,1160,1778306406.8432958,/big.txt,43646976,131072
51,051_none_phase_change_run11,none,phase_change,1161,1778306406.8452845,/big.txt,43778048,131072
51,051_none_phase_change_run11,none,phase_change,1162,1778306406.847278,/big.txt,43909120,131072
51,051_none_phase_change_run11,none,phase_change,1163,1778306406.8492477,/big.txt,44040192,131072
51,051_none_phase_change_run11,none,phase_change,1164,1778306406.851285,/big.txt,44171264,131072
51,051_none_phase_change_run11,none,phase_change,1165,1778306406.8532512,/big.txt,44302336,131072
51,051_none_phase_change_run11,none,phase_change,1166,1778306406.8552437,/big.txt,44433408,131072
51,051_none_phase_change_run11,none,phase_change,1167,1778306406.8572283,/big.txt,44564480,131072
51,051_none_phase_change_run11,none,phase_change,1168,1778306406.8592775,/big.txt,44695552,131072
51,051_none_phase_change_run11,none,phase_change,1169,1778306406.8612487,/big.txt,44826624,131072
51,051_none_phase_change_run11,none,phase_change,1170,1778306406.8632562,/big.txt,44957696,131072
51,051_none_phase_change_run11,none,phase_change,1171,1778306406.8652327,/big.txt,45088768,131072
51,051_none_phase_change_run11,none,phase_change,1172,1778306406.8672729,/big.txt,45219840,131072
51,051_none_phase_change_run11,none,phase_change,1173,1778306406.8692536,/big.txt,45350912,131072
51,051_none_phase_change_run11,none,phase_change,1174,1778306406.8712497,/big.txt,45481984,131072
51,051_none_phase_change_run11,none,phase_change,1175,1778306406.8732228,/big.txt,45613056,131072
51,051_none_phase_change_run11,none,phase_change,1176,1778306406.8752797,/big.txt,45744128,131072
51,051_none_phase_change_run11,none,phase_change,1177,1778306406.8772593,/big.txt,45875200,131072
51,051_none_phase_change_run11,none,phase_change,1178,1778306406.8792565,/big.txt,46006272,131072
51,051_none_phase_change_run11,none,phase_change,1179,1778306406.8812275,/big.txt,46137344,131072
51,051_none_phase_change_run11,none,phase_change,1180,1778306406.8832738,/big.txt,46268416,131072
51,051_none_phase_change_run11,none,phase_change,1181,1778306406.8852453,/big.txt,46399488,131072
51,051_none_phase_change_run11,none,phase_change,1182,1778306406.8872302,/big.txt,46530560,131072
51,051_none_phase_change_run11,none,phase_change,1183,1778306406.8891983,/big.txt,46661632,131072
51,051_none_phase_change_run11,none,phase_change,1184,1778306406.8912036,/big.txt,46792704,131072
51,051_none_phase_change_run11,none,phase_change,1185,1778306406.893174,/big.txt,46923776,131072
51,051_none_phase_change_run11,none,phase_change,1186,1778306406.8951793,/big.txt,47054848,131072
51,051_none_phase_change_run11,none,phase_change,1187,1778306406.8971715,/big.txt,47185920,131072
51,051_none_phase_change_run11,none,phase_change,1188,1778306406.8992093,/big.txt,47316992,131072
51,051_none_phase_change_run11,none,phase_change,1189,1778306406.9011815,/big.txt,47448064,131072
51,051_none_phase_change_run11,none,phase_change,1190,1778306406.9031641,/big.txt,47579136,131072
51,051_none_phase_change_run11,none,phase_change,1191,1778306406.9051511,/big.txt,47710208,131072
51,051_none_phase_change_run11,none,phase_change,1192,1778306406.907212,/big.txt,47841280,131072
51,051_none_phase_change_run11,none,phase_change,1193,1778306406.9091818,/big.txt,47972352,131072
51,051_none_phase_change_run11,none,phase_change,1194,1778306406.9111571,/big.txt,48103424,131072
51,051_none_phase_change_run11,none,phase_change,1195,1778306406.913118,/big.txt,48234496,131072
51,051_none_phase_change_run11,none,phase_change,1196,1778306406.915122,/big.txt,48365568,131072
51,051_none_phase_change_run11,none,phase_change,1197,1778306406.917107,/big.txt,48496640,131072
51,051_none_phase_change_run11,none,phase_change,1198,1778306406.9190907,/big.txt,48627712,131072
51,051_none_phase_change_run11,none,phase_change,1199,1778306406.9210706,/big.txt,48758784,131072
51,051_none_phase_change_run11,none,phase_change,1200,1778306406.9231665,/big.txt,48889856,131072
51,051_none_phase_change_run11,none,phase_change,1201,1778306406.9251328,/big.txt,49020928,131072
51,051_none_phase_change_run11,none,phase_change,1202,1778306406.9271245,/big.txt,49152000,131072
51,051_none_phase_change_run11,none,phase_change,1203,1778306406.9290838,/big.txt,49283072,131072
51,051_none_phase_change_run11,none,phase_change,1204,1778306406.9311144,/big.txt,49414144,131072
51,051_none_phase_change_run11,none,phase_change,1205,1778306406.933109,/big.txt,49545216,131072
51,051_none_phase_change_run11,none,phase_change,1206,1778306406.9351118,/big.txt,49676288,131072
51,051_none_phase_change_run11,none,phase_change,1207,1778306406.9370844,/big.txt,49807360,131072
51,051_none_phase_change_run11,none,phase_change,1208,1778306406.9391592,/big.txt,49938432,131072
51,051_none_phase_change_run11,none,phase_change,1209,1778306406.9411452,/big.txt,50069504,131072
51,051_none_phase_change_run11,none,phase_change,1210,1778306406.9431405,/big.txt,50200576,131072
51,051_none_phase_change_run11,none,phase_change,1211,1778306406.945109,/big.txt,50331648,131072
51,051_none_phase_change_run11,none,phase_change,1212,1778306406.9471383,/big.txt,50462720,131072
51,051_none_phase_change_run11,none,phase_change,1213,1778306406.949156,/big.txt,50593792,131072
51,051_none_phase_change_run11,none,phase_change,1214,1778306406.9511383,/big.txt,50724864,131072
51,051_none_phase_change_run11,none,phase_change,1215,1778306406.9531152,/big.txt,50855936,131072
51,051_none_phase_change_run11,none,phase_change,1216,1778306406.9551003,/big.txt,50987008,131072
51,051_none_phase_change_run11,none,phase_change,1217,1778306406.9570835,/big.txt,51118080,131072
51,051_none_phase_change_run11,none,phase_change,1218,1778306406.9591184,/big.txt,51249152,131072
51,051_none_phase_change_run11,none,phase_change,1219,1778306406.9611225,/big.txt,51380224,131072
51,051_none_phase_change_run11,none,phase_change,1220,1778306406.9631124,/big.txt,51511296,131072
51,051_none_phase_change_run11,none,phase_change,1221,1778306406.9650853,/big.txt,51642368,131072
51,051_none_phase_change_run11,none,phase_change,1222,1778306406.9670875,/big.txt,51773440,131072
51,051_none_phase_change_run11,none,phase_change,1223,1778306406.9690711,/big.txt,51904512,131072
51,051_none_phase_change_run11,none,phase_change,1224,1778306406.9711165,/big.txt,52035584,131072
51,051_none_phase_change_run11,none,phase_change,1225,1778306406.9730928,/big.txt,52166656,131072
51,051_none_phase_change_run11,none,phase_change,1226,1778306406.9750965,/big.txt,52297728,131072
51,051_none_phase_change_run11,none,phase_change,1227,1778306406.977054,/big.txt,52428800,131072
51,051_none_phase_change_run11,none,phase_change,1228,1778306406.9791346,/big.txt,52559872,131072
51,051_none_phase_change_run11,none,phase_change,1229,1778306406.9811082,/big.txt,52690944,131072
51,051_none_phase_change_run11,none,phase_change,1230,1778306406.9831111,/big.txt,52822016,131072
51,051_none_phase_change_run11,none,phase_change,1231,1778306406.9850852,/big.txt,52953088,131072
51,051_none_phase_change_run11,none,phase_change,1232,1778306406.987152,/big.txt,53084160,131072
51,051_none_phase_change_run11,none,phase_change,1233,1778306406.9891346,/big.txt,53215232,131072
51,051_none_phase_change_run11,none,phase_change,1234,1778306406.9911213,/big.txt,53346304,131072
51,051_none_phase_change_run11,none,phase_change,1235,1778306406.9931006,/big.txt,53477376,131072
51,051_none_phase_change_run11,none,phase_change,1236,1778306406.9950855,/big.txt,53608448,131072
51,051_none_phase_change_run11,none,phase_change,1237,1778306406.9970622,/big.txt,53739520,131072
51,051_none_phase_change_run11,none,phase_change,1238,1778306406.9991105,/big.txt,53870592,131072
51,051_none_phase_change_run11,none,phase_change,1239,1778306407.0010812,/big.txt,54001664,131072
51,051_none_phase_change_run11,none,phase_change,1240,1778306407.0030644,/big.txt,54132736,131072
51,051_none_phase_change_run11,none,phase_change,1241,1778306407.005034,/big.txt,54263808,131072
51,051_none_phase_change_run11,none,phase_change,1242,1778306407.0070293,/big.txt,54394880,131072
51,051_none_phase_change_run11,none,phase_change,1243,1778306407.0089953,/big.txt,54525952,131072
51,051_none_phase_change_run11,none,phase_change,1244,1778306407.0110407,/big.txt,54657024,131072
51,051_none_phase_change_run11,none,phase_change,1245,1778306407.013025,/big.txt,54788096,131072
51,051_none_phase_change_run11,none,phase_change,1246,1778306407.015012,/big.txt,54919168,131072
51,051_none_phase_change_run11,none,phase_change,1247,1778306407.0169919,/big.txt,55050240,131072
51,051_none_phase_change_run11,none,phase_change,1248,1778306407.018979,/big.txt,55181312,131072
51,051_none_phase_change_run11,none,phase_change,1249,1778306407.0209548,/big.txt,55312384,131072
51,051_none_phase_change_run11,none,phase_change,1250,1778306407.023019,/big.txt,55443456,131072
51,051_none_phase_change_run11,none,phase_change,1251,1778306407.0249944,/big.txt,55574528,131072
51,051_none_phase_change_run11,none,phase_change,1252,1778306407.026985,/big.txt,55705600,131072
51,051_none_phase_change_run11,none,phase_change,1253,1778306407.0289562,/big.txt,55836672,131072
51,051_none_phase_change_run11,none,phase_change,1254,1778306407.0309448,/big.txt,55967744,131072
51,051_none_phase_change_run11,none,phase_change,1255,1778306407.0329213,/big.txt,56098816,131072
51,051_none_phase_change_run11,none,phase_change,1256,1778306407.0349822,/big.txt,56229888,131072
51,051_none_phase_change_run11,none,phase_change,1257,1778306407.036978,/big.txt,56360960,131072
51,051_none_phase_change_run11,none,phase_change,1258,1778306407.0389638,/big.txt,56492032,131072
51,051_none_phase_change_run11,none,phase_change,1259,1778306407.040949,/big.txt,56623104,131072
51,051_none_phase_change_run11,none,phase_change,1260,1778306407.0429602,/big.txt,56754176,131072
51,051_none_phase_change_run11,none,phase_change,1261,1778306407.044928,/big.txt,56885248,131072
51,051_none_phase_change_run11,none,phase_change,1262,1778306407.0470016,/big.txt,57016320,131072
51,051_none_phase_change_run11,none,phase_change,1263,1778306407.0490003,/big.txt,57147392,131072
51,051_none_phase_change_run11,none,phase_change,1264,1778306407.050974,/big.txt,57278464,131072
51,051_none_phase_change_run11,none,phase_change,1265,1778306407.0529485,/big.txt,57409536,131072
51,051_none_phase_change_run11,none,phase_change,1266,1778306407.0550025,/big.txt,57540608,131072
51,051_none_phase_change_run11,none,phase_change,1267,1778306407.056988,/big.txt,57671680,131072
51,051_none_phase_change_run11,none,phase_change,1268,1778306407.0589883,/big.txt,57802752,131072
51,051_none_phase_change_run11,none,phase_change,1269,1778306407.0609996,/big.txt,57933824,131072
51,051_none_phase_change_run11,none,phase_change,1270,1778306407.0629869,/big.txt,58064896,131072
51,051_none_phase_change_run11,none,phase_change,1271,1778306407.0649562,/big.txt,58195968,131072
51,051_none_phase_change_run11,none,phase_change,1272,1778306407.0670114,/big.txt,58327040,131072
51,051_none_phase_change_run11,none,phase_change,1273,1778306407.0689926,/big.txt,58458112,131072
51,051_none_phase_change_run11,none,phase_change,1274,1778306407.0709867,/big.txt,58589184,131072
51,051_none_phase_change_run11,none,phase_change,1275,1778306407.0729516,/big.txt,58720256,131072
51,051_none_phase_change_run11,none,phase_change,1276,1778306407.0749533,/big.txt,58851328,131072
51,051_none_phase_change_run11,none,phase_change,1277,1778306407.076914,/big.txt,58982400,131072
51,051_none_phase_change_run11,none,phase_change,1278,1778306407.07896,/big.txt,59113472,131072
51,051_none_phase_change_run11,none,phase_change,1279,1778306407.080944,/big.txt,59244544,131072
51,051_none_phase_change_run11,none,phase_change,1280,1778306407.0829155,/big.txt,59375616,131072
51,051_none_phase_change_run11,none,phase_change,1281,1778306407.0848725,/big.txt,59506688,131072
51,051_none_phase_change_run11,none,phase_change,1282,1778306407.0868647,/big.txt,59637760,131072
51,051_none_phase_change_run11,none,phase_change,1283,1778306407.088852,/big.txt,59768832,131072
51,051_none_phase_change_run11,none,phase_change,1284,1778306407.090899,/big.txt,59899904,131072
51,051_none_phase_change_run11,none,phase_change,1285,1778306407.092883,/big.txt,60030976,131072
51,051_none_phase_change_run11,none,phase_change,1286,1778306407.0948648,/big.txt,60162048,131072
51,051_none_phase_change_run11,none,phase_change,1287,1778306407.0968478,/big.txt,60293120,131072
51,051_none_phase_change_run11,none,phase_change,1288,1778306407.098876,/big.txt,60424192,131072
51,051_none_phase_change_run11,none,phase_change,1289,1778306407.1008441,/big.txt,60555264,131072
51,051_none_phase_change_run11,none,phase_change,1290,1778306407.1029274,/big.txt,60686336,131072
51,051_none_phase_change_run11,none,phase_change,1291,1778306407.104902,/big.txt,60817408,131072
51,051_none_phase_change_run11,none,phase_change,1292,1778306407.1068912,/big.txt,60948480,131072
51,051_none_phase_change_run11,none,phase_change,1293,1778306407.1088681,/big.txt,61079552,131072
51,051_none_phase_change_run11,none,phase_change,1294,1778306407.1109388,/big.txt,61210624,131072
51,051_none_phase_change_run11,none,phase_change,1295,1778306407.1129262,/big.txt,61341696,131072
51,051_none_phase_change_run11,none,phase_change,1296,1778306407.1149106,/big.txt,61472768,131072
51,051_none_phase_change_run11,none,phase_change,1297,1778306407.116891,/big.txt,61603840,131072
51,051_none_phase_change_run11,none,phase_change,1298,1778306407.1188853,/big.txt,61734912,131072
51,051_none_phase_change_run11,none,phase_change,1299,1778306407.1208475,/big.txt,61865984,131072
51,051_none_phase_change_run11,none,phase_change,1300,1778306407.1229699,/big.txt,61997056,131072
51,051_none_phase_change_run11,none,phase_change,1301,1778306407.1249564,/big.txt,62128128,131072
51,051_none_phase_change_run11,none,phase_change,1302,1778306407.1269379,/big.txt,62259200,131072
51,051_none_phase_change_run11,none,phase_change,1303,1778306407.1289268,/big.txt,62390272,131072
51,051_none_phase_change_run11,none,phase_change,1304,1778306407.130924,/big.txt,62521344,131072
51,051_none_phase_change_run11,none,phase_change,1305,1778306407.132895,/big.txt,62652416,131072
51,051_none_phase_change_run11,none,phase_change,1306,1778306407.1349666,/big.txt,62783488,131072
51,051_none_phase_change_run11,none,phase_change,1307,1778306407.1369464,/big.txt,62914560,131072
51,051_none_phase_change_run11,none,phase_change,1308,1778306407.1389382,/big.txt,63045632,131072
51,051_none_phase_change_run11,none,phase_change,1309,1778306407.1409085,/big.txt,63176704,131072
51,051_none_phase_change_run11,none,phase_change,1310,1778306407.1429045,/big.txt,63307776,131072
51,051_none_phase_change_run11,none,phase_change,1311,1778306407.1448781,/big.txt,63438848,131072
51,051_none_phase_change_run11,none,phase_change,1312,1778306407.1468463,/big.txt,63569920,131072
51,051_none_phase_change_run11,none,phase_change,1313,1778306407.1488268,/big.txt,63700992,131072
51,051_none_phase_change_run11,none,phase_change,1314,1778306407.1508956,/big.txt,63832064,131072
51,051_none_phase_change_run11,none,phase_change,1315,1778306407.152884,/big.txt,63963136,131072
51,051_none_phase_change_run11,none,phase_change,1316,1778306407.1548705,/big.txt,64094208,131072
51,051_none_phase_change_run11,none,phase_change,1317,1778306407.1568563,/big.txt,64225280,131072
51,051_none_phase_change_run11,none,phase_change,1318,1778306407.158925,/big.txt,64356352,131072
51,051_none_phase_change_run11,none,phase_change,1319,1778306407.1609123,/big.txt,64487424,131072
51,051_none_phase_change_run11,none,phase_change,1320,1778306407.162901,/big.txt,64618496,131072
51,051_none_phase_change_run11,none,phase_change,1321,1778306407.1648693,/big.txt,64749568,131072
51,051_none_phase_change_run11,none,phase_change,1322,1778306407.1669042,/big.txt,64880640,131072
51,051_none_phase_change_run11,none,phase_change,1323,1778306407.1688757,/big.txt,65011712,131072
51,051_none_phase_change_run11,none,phase_change,1324,1778306407.1708782,/big.txt,65142784,131072
51,051_none_phase_change_run11,none,phase_change,1325,1778306407.1728597,/big.txt,65273856,131072
51,051_none_phase_change_run11,none,phase_change,1326,1778306407.1749,/big.txt,65404928,131072
51,051_none_phase_change_run11,none,phase_change,1327,1778306407.1769857,/big.txt,65536000,131072
51,051_none_phase_change_run11,none,phase_change,1328,1778306407.1790936,/big.txt,65667072,131072
51,051_none_phase_change_run11,none,phase_change,1329,1778306407.181086,/big.txt,65798144,131072
51,051_none_phase_change_run11,none,phase_change,1330,1778306407.1831346,/big.txt,65929216,131072
51,051_none_phase_change_run11,none,phase_change,1331,1778306407.1851654,/big.txt,66060288,131072
51,051_none_phase_change_run11,none,phase_change,1332,1778306407.1872103,/big.txt,66191360,131072
51,051_none_phase_change_run11,none,phase_change,1333,1778306407.189208,/big.txt,66322432,131072
51,051_none_phase_change_run11,none,phase_change,1334,1778306407.1911798,/big.txt,66453504,131072
51,051_none_phase_change_run11,none,phase_change,1335,1778306407.1931608,/big.txt,66584576,131072
51,051_none_phase_change_run11,none,phase_change,1336,1778306407.1951382,/big.txt,66715648,131072
51,051_none_phase_change_run11,none,phase_change,1337,1778306407.1971152,/big.txt,66846720,131072
51,051_none_phase_change_run11,none,phase_change,1338,1778306407.1990952,/big.txt,66977792,131072
51,051_none_phase_change_run11,none,phase_change,1339,1778306407.2010748,/big.txt,67108864,131072
51,051_none_phase_change_run11,none,phase_change,1340,1778306407.2030506,/big.txt,67239936,131072
51,051_none_phase_change_run11,none,phase_change,1341,1778306407.2050378,/big.txt,67371008,131072
51,051_none_phase_change_run11,none,phase_change,1342,1778306407.2070854,/big.txt,67502080,131072
51,051_none_phase_change_run11,none,phase_change,1343,1778306407.2090921,/big.txt,67633152,131072
51,051_none_phase_change_run11,none,phase_change,1344,1778306407.2110581,/big.txt,67764224,131072
51,051_none_phase_change_run11,none,phase_change,1345,1778306407.2130365,/big.txt,67895296,131072
51,051_none_phase_change_run11,none,phase_change,1346,1778306407.2150116,/big.txt,68026368,131072
51,051_none_phase_change_run11,none,phase_change,1347,1778306407.2169824,/big.txt,68157440,131072
51,051_none_phase_change_run11,none,phase_change,1348,1778306407.21905,/big.txt,68288512,131072
51,051_none_phase_change_run11,none,phase_change,1349,1778306407.2210221,/big.txt,68419584,131072
51,051_none_phase_change_run11,none,phase_change,1350,1778306407.2229984,/big.txt,68550656,131072
51,051_none_phase_change_run11,none,phase_change,1351,1778306407.2249763,/big.txt,68681728,131072
51,051_none_phase_change_run11,none,phase_change,1352,1778306407.2269537,/big.txt,68812800,131072
51,051_none_phase_change_run11,none,phase_change,1353,1778306407.2289333,/big.txt,68943872,131072
51,051_none_phase_change_run11,none,phase_change,1354,1778306407.2309735,/big.txt,69074944,131072
51,051_none_phase_change_run11,none,phase_change,1355,1778306407.2329519,/big.txt,69206016,131072
51,051_none_phase_change_run11,none,phase_change,1356,1778306407.2349324,/big.txt,69337088,131072
51,051_none_phase_change_run11,none,phase_change,1357,1778306407.2368953,/big.txt,69468160,131072
51,051_none_phase_change_run11,none,phase_change,1358,1778306407.2388923,/big.txt,69599232,131072
51,051_none_phase_change_run11,none,phase_change,1359,1778306407.240862,/big.txt,69730304,131072
51,051_none_phase_change_run11,none,phase_change,1360,1778306407.2428393,/big.txt,69861376,131072
51,051_none_phase_change_run11,none,phase_change,1361,1778306407.2448146,/big.txt,69992448,131072
51,051_none_phase_change_run11,none,phase_change,1362,1778306407.246794,/big.txt,70123520,131072
51,051_none_phase_change_run11,none,phase_change,1363,1778306407.2488003,/big.txt,70254592,131072
51,051_none_phase_change_run11,none,phase_change,1364,1778306407.2507691,/big.txt,70385664,131072
51,051_none_phase_change_run11,none,phase_change,1365,1778306407.2527418,/big.txt,70516736,131072
51,051_none_phase_change_run11,none,phase_change,1366,1778306407.2546992,/big.txt,70647808,131072
51,051_none_phase_change_run11,none,phase_change,1367,1778306407.2567692,/big.txt,70778880,131072
51,051_none_phase_change_run11,none,phase_change,1368,1778306407.2587273,/big.txt,70909952,131072
51,051_none_phase_change_run11,none,phase_change,1369,1778306407.2607148,/big.txt,71041024,131072
51,051_none_phase_change_run11,none,phase_change,1370,1778306407.262666,/big.txt,71172096,131072
51,051_none_phase_change_run11,none,phase_change,1371,1778306407.264653,/big.txt,71303168,131072
51,051_none_phase_change_run11,none,phase_change,1372,1778306407.2666335,/big.txt,71434240,131072
51,051_none_phase_change_run11,none,phase_change,1373,1778306407.2686892,/big.txt,71565312,131072
51,051_none_phase_change_run11,none,phase_change,1374,1778306407.2706625,/big.txt,71696384,131072
51,051_none_phase_change_run11,none,phase_change,1375,1778306407.2726412,/big.txt,71827456,131072
51,051_none_phase_change_run11,none,phase_change,1376,1778306407.2746124,/big.txt,71958528,131072
51,051_none_phase_change_run11,none,phase_change,1377,1778306407.276808,/big.txt,72089600,131072
51,051_none_phase_change_run11,none,phase_change,1378,1778306407.2787845,/big.txt,72220672,131072
51,051_none_phase_change_run11,none,phase_change,1379,1778306407.2807672,/big.txt,72351744,131072
51,051_none_phase_change_run11,none,phase_change,1380,1778306407.2827365,/big.txt,72482816,131072
51,051_none_phase_change_run11,none,phase_change,1381,1778306407.2847815,/big.txt,72613888,131072
51,051_none_phase_change_run11,none,phase_change,1382,1778306407.2867486,/big.txt,72744960,131072
51,051_none_phase_change_run11,none,phase_change,1383,1778306407.2887366,/big.txt,72876032,131072
51,051_none_phase_change_run11,none,phase_change,1384,1778306407.2907183,/big.txt,73007104,131072
51,051_none_phase_change_run11,none,phase_change,1385,1778306407.2927296,/big.txt,73138176,131072
51,051_none_phase_change_run11,none,phase_change,1386,1778306407.294708,/big.txt,73269248,131072
51,051_none_phase_change_run11,none,phase_change,1387,1778306407.2966757,/big.txt,73400320,131072
51,051_none_phase_change_run11,none,phase_change,1388,1778306407.298658,/big.txt,73531392,131072
51,051_none_phase_change_run11,none,phase_change,1389,1778306407.3006818,/big.txt,73662464,131072
51,051_none_phase_change_run11,none,phase_change,1390,1778306407.3026626,/big.txt,73793536,131072
51,051_none_phase_change_run11,none,phase_change,1391,1778306407.3046298,/big.txt,73924608,131072
51,051_none_phase_change_run11,none,phase_change,1392,1778306407.3065996,/big.txt,74055680,131072
51,051_none_phase_change_run11,none,phase_change,1393,1778306407.308634,/big.txt,74186752,131072
51,051_none_phase_change_run11,none,phase_change,1394,1778306407.3106132,/big.txt,74317824,131072
51,051_none_phase_change_run11,none,phase_change,1395,1778306407.312603,/big.txt,74448896,131072
51,051_none_phase_change_run11,none,phase_change,1396,1778306407.314566,/big.txt,74579968,131072
51,051_none_phase_change_run11,none,phase_change,1397,1778306407.3165524,/big.txt,74711040,131072
51,051_none_phase_change_run11,none,phase_change,1398,1778306407.318521,/big.txt,74842112,131072
51,051_none_phase_change_run11,none,phase_change,1399,1778306407.3206034,/big.txt,74973184,131072
51,051_none_phase_change_run11,none,phase_change,1400,1778306407.3225698,/big.txt,75104256,131072
51,051_none_phase_change_run11,none,phase_change,1401,1778306407.324561,/big.txt,75235328,131072
51,051_none_phase_change_run11,none,phase_change,1402,1778306407.326527,/big.txt,75366400,131072
51,051_none_phase_change_run11,none,phase_change,1403,1778306407.3284867,/big.txt,75497472,131072
51,051_none_phase_change_run11,none,phase_change,1404,1778306407.330451,/big.txt,75628544,131072
51,051_none_phase_change_run11,none,phase_change,1405,1778306407.332425,/big.txt,75759616,131072
51,051_none_phase_change_run11,none,phase_change,1406,1778306407.3344016,/big.txt,75890688,131072
51,051_none_phase_change_run11,none,phase_change,1407,1778306407.3363957,/big.txt,76021760,131072
51,051_none_phase_change_run11,none,phase_change,1408,1778306407.338361,/big.txt,76152832,131072
51,051_none_phase_change_run11,none,phase_change,1409,1778306407.340319,/big.txt,76283904,131072
51,051_none_phase_change_run11,none,phase_change,1410,1778306407.3422868,/big.txt,76414976,131072
51,051_none_phase_change_run11,none,phase_change,1411,1778306407.3442898,/big.txt,76546048,131072
51,051_none_phase_change_run11,none,phase_change,1412,1778306407.3462617,/big.txt,76677120,131072
51,051_none_phase_change_run11,none,phase_change,1413,1778306407.3482225,/big.txt,76808192,131072
51,051_none_phase_change_run11,none,phase_change,1414,1778306407.350197,/big.txt,76939264,131072
51,051_none_phase_change_run11,none,phase_change,1415,1778306407.352205,/big.txt,77070336,131072
51,051_none_phase_change_run11,none,phase_change,1416,1778306407.3541827,/big.txt,77201408,131072
51,051_none_phase_change_run11,none,phase_change,1417,1778306407.3561656,/big.txt,77332480,131072
51,051_none_phase_change_run11,none,phase_change,1418,1778306407.3581314,/big.txt,77463552,131072
51,051_none_phase_change_run11,none,phase_change,1419,1778306407.360164,/big.txt,77594624,131072
51,051_none_phase_change_run11,none,phase_change,1420,1778306407.3621407,/big.txt,77725696,131072
51,051_none_phase_change_run11,none,phase_change,1421,1778306407.3641253,/big.txt,77856768,131072
51,051_none_phase_change_run11,none,phase_change,1422,1778306407.3661158,/big.txt,77987840,131072
51,051_none_phase_change_run11,none,phase_change,1423,1778306407.368106,/big.txt,78118912,131072
51,051_none_phase_change_run11,none,phase_change,1424,1778306407.3701138,/big.txt,78249984,131072
51,051_none_phase_change_run11,none,phase_change,1425,1778306407.3721023,/big.txt,78381056,131072
51,051_none_phase_change_run11,none,phase_change,1426,1778306407.3740823,/big.txt,78512128,131072
51,051_none_phase_change_run11,none,phase_change,1427,1778306407.3760796,/big.txt,78643200,131072
51,051_none_phase_change_run11,none,phase_change,1428,1778306407.3780575,/big.txt,78774272,131072
51,051_none_phase_change_run11,none,phase_change,1429,1778306407.3800502,/big.txt,78905344,131072
51,051_none_phase_change_run11,none,phase_change,1430,1778306407.3820293,/big.txt,79036416,131072
51,051_none_phase_change_run11,none,phase_change,1431,1778306407.3840287,/big.txt,79167488,131072
51,051_none_phase_change_run11,none,phase_change,1432,1778306407.386002,/big.txt,79298560,131072
51,051_none_phase_change_run11,none,phase_change,1433,1778306407.3879747,/big.txt,79429632,131072
51,051_none_phase_change_run11,none,phase_change,1434,1778306407.3899488,/big.txt,79560704,131072
51,051_none_phase_change_run11,none,phase_change,1435,1778306407.3919477,/big.txt,79691776,131072
51,051_none_phase_change_run11,none,phase_change,1436,1778306407.3939323,/big.txt,79822848,131072
51,051_none_phase_change_run11,none,phase_change,1437,1778306407.3959265,/big.txt,79953920,131072
51,051_none_phase_change_run11,none,phase_change,1438,1778306407.397933,/big.txt,80084992,131072
51,051_none_phase_change_run11,none,phase_change,1439,1778306407.399936,/big.txt,80216064,131072
51,051_none_phase_change_run11,none,phase_change,1440,1778306407.4019256,/big.txt,80347136,131072
51,051_none_phase_change_run11,none,phase_change,1441,1778306407.4039416,/big.txt,80478208,131072
51,051_none_phase_change_run11,none,phase_change,1442,1778306407.4059367,/big.txt,80609280,131072
51,051_none_phase_change_run11,none,phase_change,1443,1778306407.4079201,/big.txt,80740352,131072
51,051_none_phase_change_run11,none,phase_change,1444,1778306407.4098964,/big.txt,80871424,131072
51,051_none_phase_change_run11,none,phase_change,1445,1778306407.411888,/big.txt,81002496,131072
51,051_none_phase_change_run11,none,phase_change,1446,1778306407.4138665,/big.txt,81133568,131072
51,051_none_phase_change_run11,none,phase_change,1447,1778306407.415852,/big.txt,81264640,131072
51,051_none_phase_change_run11,none,phase_change,1448,1778306407.4178245,/big.txt,81395712,131072
51,051_none_phase_change_run11,none,phase_change,1449,1778306407.4198036,/big.txt,81526784,131072
51,051_none_phase_change_run11,none,phase_change,1450,1778306407.4217775,/big.txt,81657856,131072
51,051_none_phase_change_run11,none,phase_change,1451,1778306407.423766,/big.txt,81788928,131072
51,051_none_phase_change_run11,none,phase_change,1452,1778306407.4257529,/big.txt,81920000,131072
51,051_none_phase_change_run11,none,phase_change,1453,1778306407.4277515,/big.txt,82051072,131072
51,051_none_phase_change_run11,none,phase_change,1454,1778306407.4297276,/big.txt,82182144,131072
51,051_none_phase_change_run11,none,phase_change,1455,1778306407.4317079,/big.txt,82313216,131072
51,051_none_phase_change_run11,none,phase_change,1456,1778306407.433691,/big.txt,82444288,131072
51,051_none_phase_change_run11,none,phase_change,1457,1778306407.4356768,/big.txt,82575360,131072
51,051_none_phase_change_run11,none,phase_change,1458,1778306407.4376645,/big.txt,82706432,131072
51,051_none_phase_change_run11,none,phase_change,1459,1778306407.4396443,/big.txt,82837504,131072
51,051_none_phase_change_run11,none,phase_change,1460,1778306407.4416196,/big.txt,82968576,131072
51,051_none_phase_change_run11,none,phase_change,1461,1778306407.4436116,/big.txt,83099648,131072
51,051_none_phase_change_run11,none,phase_change,1462,1778306407.445591,/big.txt,83230720,131072
51,051_none_phase_change_run11,none,phase_change,1463,1778306407.4495635,/big.txt,83361792,131072
51,051_none_phase_change_run11,none,phase_change,1464,1778306407.451637,/big.txt,83492864,131072
51,051_none_phase_change_run11,none,phase_change,1465,1778306407.453622,/big.txt,83623936,131072
51,051_none_phase_change_run11,none,phase_change,1466,1778306407.455615,/big.txt,83755008,131072
51,051_none_phase_change_run11,none,phase_change,1467,1778306407.4576037,/big.txt,83886080,131072
51,051_none_phase_change_run11,none,phase_change,1468,1778306407.4595873,/big.txt,84017152,131072
51,051_none_phase_change_run11,none,phase_change,1469,1778306407.4615614,/big.txt,84148224,131072
51,051_none_phase_change_run11,none,phase_change,1470,1778306407.4635525,/big.txt,84279296,131072
51,051_none_phase_change_run11,none,phase_change,1471,1778306407.465528,/big.txt,84410368,131072
51,051_none_phase_change_run11,none,phase_change,1472,1778306407.4675376,/big.txt,84541440,131072
51,051_none_phase_change_run11,none,phase_change,1473,1778306407.4695284,/big.txt,84672512,131072
51,051_none_phase_change_run11,none,phase_change,1474,1778306407.4715068,/big.txt,84803584,131072
51,051_none_phase_change_run11,none,phase_change,1475,1778306407.4734921,/big.txt,84934656,131072
51,051_none_phase_change_run11,none,phase_change,1476,1778306407.4755256,/big.txt,85065728,131072
51,051_none_phase_change_run11,none,phase_change,1477,1778306407.4775143,/big.txt,85196800,131072
51,051_none_phase_change_run11,none,phase_change,1478,1778306407.479505,/big.txt,85327872,131072
51,051_none_phase_change_run11,none,phase_change,1479,1778306407.4814684,/big.txt,85458944,131072
51,051_none_phase_change_run11,none,phase_change,1480,1778306407.4835377,/big.txt,85590016,131072
51,051_none_phase_change_run11,none,phase_change,1481,1778306407.4855137,/big.txt,85721088,131072
51,051_none_phase_change_run11,none,phase_change,1482,1778306407.4874988,/big.txt,85852160,131072
51,051_none_phase_change_run11,none,phase_change,1483,1778306407.4894733,/big.txt,85983232,131072
51,051_none_phase_change_run11,none,phase_change,1484,1778306407.4914541,/big.txt,86114304,131072
51,051_none_phase_change_run11,none,phase_change,1485,1778306407.4934256,/big.txt,86245376,131072
51,051_none_phase_change_run11,none,phase_change,1486,1778306407.495451,/big.txt,86376448,131072
51,051_none_phase_change_run11,none,phase_change,1487,1778306407.4974518,/big.txt,86507520,131072
51,051_none_phase_change_run11,none,phase_change,1488,1778306407.4994476,/big.txt,86638592,131072
51,051_none_phase_change_run11,none,phase_change,1489,1778306407.501422,/big.txt,86769664,131072
51,051_none_phase_change_run11,none,phase_change,1490,1778306407.5033975,/big.txt,86900736,131072
51,051_none_phase_change_run11,none,phase_change,1491,1778306407.5053682,/big.txt,87031808,131072
51,051_none_phase_change_run11,none,phase_change,1492,1778306407.5074062,/big.txt,87162880,131072
51,051_none_phase_change_run11,none,phase_change,1493,1778306407.5093913,/big.txt,87293952,131072
51,051_none_phase_change_run11,none,phase_change,1494,1778306407.5114143,/big.txt,87425024,131072
51,051_none_phase_change_run11,none,phase_change,1495,1778306407.5133955,/big.txt,87556096,131072
51,051_none_phase_change_run11,none,phase_change,1496,1778306407.5153787,/big.txt,87687168,131072
51,051_none_phase_change_run11,none,phase_change,1497,1778306407.5173757,/big.txt,87818240,131072
51,051_none_phase_change_run11,none,phase_change,1498,1778306407.5194445,/big.txt,87949312,131072
51,051_none_phase_change_run11,none,phase_change,1499,1778306407.5214279,/big.txt,88080384,131072
51,051_none_phase_change_run11,none,phase_change,1500,1778306407.5234077,/big.txt,88211456,131072
51,051_none_phase_change_run11,none,phase_change,1501,1778306407.5253825,/big.txt,88342528,131072
51,051_none_phase_change_run11,none,phase_change,1502,1778306407.527365,/big.txt,88473600,131072
51,051_none_phase_change_run11,none,phase_change,1503,1778306407.5293324,/big.txt,88604672,131072
51,051_none_phase_change_run11,none,phase_change,1504,1778306407.5313194,/big.txt,88735744,131072
51,051_none_phase_change_run11,none,phase_change,1505,1778306407.5333102,/big.txt,88866816,131072
51,051_none_phase_change_run11,none,phase_change,1506,1778306407.5354044,/big.txt,88997888,131072
51,051_none_phase_change_run11,none,phase_change,1507,1778306407.5374036,/big.txt,89128960,131072
51,051_none_phase_change_run11,none,phase_change,1508,1778306407.5393996,/big.txt,89260032,131072
51,051_none_phase_change_run11,none,phase_change,1509,1778306407.5414011,/big.txt,89391104,131072
51,051_none_phase_change_run11,none,phase_change,1510,1778306407.5433779,/big.txt,89522176,131072
51,051_none_phase_change_run11,none,phase_change,1511,1778306407.5453467,/big.txt,89653248,131072
51,051_none_phase_change_run11,none,phase_change,1512,1778306407.5489893,/big.txt,89784320,131072
51,051_none_phase_change_run11,none,phase_change,1513,1778306407.5530336,/big.txt,89915392,131072
51,051_none_phase_change_run11,none,phase_change,1514,1778306407.5570827,/big.txt,90046464,131072
51,051_none_phase_change_run11,none,phase_change,1515,1778306407.5594604,/big.txt,90177536,131072
51,051_none_phase_change_run11,none,phase_change,1516,1778306407.561439,/big.txt,90308608,131072
51,051_none_phase_change_run11,none,phase_change,1517,1778306407.563416,/big.txt,90439680,131072
51,051_none_phase_change_run11,none,phase_change,1518,1778306407.5653746,/big.txt,90570752,131072
51,051_none_phase_change_run11,none,phase_change,1519,1778306407.567441,/big.txt,90701824,131072
51,051_none_phase_change_run11,none,phase_change,1520,1778306407.5694292,/big.txt,90832896,131072
51,051_none_phase_change_run11,none,phase_change,1521,1778306407.5714111,/big.txt,90963968,131072
51,051_none_phase_change_run11,none,phase_change,1522,1778306407.573373,/big.txt,91095040,131072
51,051_none_phase_change_run11,none,phase_change,1523,1778306407.5753531,/big.txt,91226112,131072
51,051_none_phase_change_run11,none,phase_change,1524,1778306407.5773304,/big.txt,91357184,131072
51,051_none_phase_change_run11,none,phase_change,1525,1778306407.5793111,/big.txt,91488256,131072
51,051_none_phase_change_run11,none,phase_change,1526,1778306407.5812857,/big.txt,91619328,131072
51,051_none_phase_change_run11,none,phase_change,1527,1778306407.5833027,/big.txt,91750400,131072
51,051_none_phase_change_run11,none,phase_change,1528,1778306407.5852783,/big.txt,91881472,131072
51,051_none_phase_change_run11,none,phase_change,1529,1778306407.5872521,/big.txt,92012544,131072
51,051_none_phase_change_run11,none,phase_change,1530,1778306407.5892372,/big.txt,92143616,131072
51,051_none_phase_change_run11,none,phase_change,1531,1778306407.5912116,/big.txt,92274688,131072
51,051_none_phase_change_run11,none,phase_change,1532,1778306407.5931866,/big.txt,92405760,131072
51,051_none_phase_change_run11,none,phase_change,1533,1778306407.5952044,/big.txt,92536832,131072
51,051_none_phase_change_run11,none,phase_change,1534,1778306407.5971935,/big.txt,92667904,131072
51,051_none_phase_change_run11,none,phase_change,1535,1778306407.5991838,/big.txt,92798976,131072
51,051_none_phase_change_run11,none,phase_change,1536,1778306407.6011739,/big.txt,92930048,131072
51,051_none_phase_change_run11,none,phase_change,1537,1778306407.6031642,/big.txt,93061120,131072
51,051_none_phase_change_run11,none,phase_change,1538,1778306407.605148,/big.txt,93192192,131072
51,051_none_phase_change_run11,none,phase_change,1539,1778306407.6072388,/big.txt,93323264,131072
51,051_none_phase_change_run11,none,phase_change,1540,1778306407.6092167,/big.txt,93454336,131072
51,051_none_phase_change_run11,none,phase_change,1541,1778306407.6112025,/big.txt,93585408,131072
51,051_none_phase_change_run11,none,phase_change,1542,1778306407.6131673,/big.txt,93716480,131072
51,051_none_phase_change_run11,none,phase_change,1543,1778306407.615155,/big.txt,93847552,131072
51,051_none_phase_change_run11,none,phase_change,1544,1778306407.6171248,/big.txt,93978624,131072
51,051_none_phase_change_run11,none,phase_change,1545,1778306407.6191087,/big.txt,94109696,131072
51,051_none_phase_change_run11,none,phase_change,1546,1778306407.62108,/big.txt,94240768,131072
51,051_none_phase_change_run11,none,phase_change,1547,1778306407.6230505,/big.txt,94371840,131072
51,051_none_phase_change_run11,none,phase_change,1548,1778306407.6250494,/big.txt,94502912,131072
51,051_none_phase_change_run11,none,phase_change,1549,1778306407.6271255,/big.txt,94633984,131072
51,051_none_phase_change_run11,none,phase_change,1550,1778306407.6291082,/big.txt,94765056,131072
51,051_none_phase_change_run11,none,phase_change,1551,1778306407.6310902,/big.txt,94896128,131072
51,051_none_phase_change_run11,none,phase_change,1552,1778306407.633071,/big.txt,95027200,131072
51,051_none_phase_change_run11,none,phase_change,1553,1778306407.6350594,/big.txt,95158272,131072
51,051_none_phase_change_run11,none,phase_change,1554,1778306407.6370366,/big.txt,95289344,131072
51,051_none_phase_change_run11,none,phase_change,1555,1778306407.6390302,/big.txt,95420416,131072
51,051_none_phase_change_run11,none,phase_change,1556,1778306407.6410162,/big.txt,95551488,131072
51,051_none_phase_change_run11,none,phase_change,1557,1778306407.64329,/big.txt,95682560,131072
51,051_none_phase_change_run11,none,phase_change,1558,1778306407.6473207,/big.txt,95813632,131072
51,051_none_phase_change_run11,none,phase_change,1559,1778306407.6513574,/big.txt,95944704,131072
51,051_none_phase_change_run11,none,phase_change,1560,1778306407.6550274,/big.txt,96075776,131072
51,051_none_phase_change_run11,none,phase_change,1561,1778306407.6570067,/big.txt,96206848,131072
51,051_none_phase_change_run11,none,phase_change,1562,1778306407.65913,/big.txt,96337920,131072
51,051_none_phase_change_run11,none,phase_change,1563,1778306407.6611009,/big.txt,96468992,131072
51,051_none_phase_change_run11,none,phase_change,1564,1778306407.6631093,/big.txt,96600064,131072
51,051_none_phase_change_run11,none,phase_change,1565,1778306407.6650777,/big.txt,96731136,131072
51,051_none_phase_change_run11,none,phase_change,1566,1778306407.6670618,/big.txt,96862208,131072
51,051_none_phase_change_run11,none,phase_change,1567,1778306407.6690316,/big.txt,96993280,131072
51,051_none_phase_change_run11,none,phase_change,1568,1778306407.6710103,/big.txt,97124352,131072
51,051_none_phase_change_run11,none,phase_change,1569,1778306407.672996,/big.txt,97255424,131072
51,051_none_phase_change_run11,none,phase_change,1570,1778306407.6751232,/big.txt,97386496,131072
51,051_none_phase_change_run11,none,phase_change,1571,1778306407.6771207,/big.txt,97517568,131072
51,051_none_phase_change_run11,none,phase_change,1572,1778306407.6791158,/big.txt,97648640,131072
51,051_none_phase_change_run11,none,phase_change,1573,1778306407.6810846,/big.txt,97779712,131072
51,051_none_phase_change_run11,none,phase_change,1574,1778306407.683057,/big.txt,97910784,131072
51,051_none_phase_change_run11,none,phase_change,1575,1778306407.685029,/big.txt,98041856,131072
51,051_none_phase_change_run11,none,phase_change,1576,1778306407.6870103,/big.txt,98172928,131072
51,051_none_phase_change_run11,none,phase_change,1577,1778306407.6889822,/big.txt,98304000,131072
51,051_none_phase_change_run11,none,phase_change,1578,1778306407.691036,/big.txt,98435072,131072
51,051_none_phase_change_run11,none,phase_change,1579,1778306407.6930215,/big.txt,98566144,131072
51,051_none_phase_change_run11,none,phase_change,1580,1778306407.6949914,/big.txt,98697216,131072
51,051_none_phase_change_run11,none,phase_change,1581,1778306407.6969633,/big.txt,98828288,131072
51,051_none_phase_change_run11,none,phase_change,1582,1778306407.6989455,/big.txt,98959360,131072
51,051_none_phase_change_run11,none,phase_change,1583,1778306407.7009194,/big.txt,99090432,131072
51,051_none_phase_change_run11,none,phase_change,1584,1778306407.7029006,/big.txt,99221504,131072
51,051_none_phase_change_run11,none,phase_change,1585,1778306407.7048714,/big.txt,99352576,131072
51,051_none_phase_change_run11,none,phase_change,1586,1778306407.7069356,/big.txt,99483648,131072
51,051_none_phase_change_run11,none,phase_change,1587,1778306407.7089345,/big.txt,99614720,131072
51,051_none_phase_change_run11,none,phase_change,1588,1778306407.7109501,/big.txt,99745792,131072
51,051_none_phase_change_run11,none,phase_change,1589,1778306407.7129369,/big.txt,99876864,131072
51,051_none_phase_change_run11,none,phase_change,1590,1778306407.7149122,/big.txt,100007936,131072
51,051_none_phase_change_run11,none,phase_change,1591,1778306407.716899,/big.txt,100139008,131072
51,051_none_phase_change_run11,none,phase_change,1592,1778306407.718974,/big.txt,100270080,131072
51,051_none_phase_change_run11,none,phase_change,1593,1778306407.7209592,/big.txt,100401152,131072
51,051_none_phase_change_run11,none,phase_change,1594,1778306407.7229419,/big.txt,100532224,131072
51,051_none_phase_change_run11,none,phase_change,1595,1778306407.7249107,/big.txt,100663296,131072
51,051_none_phase_change_run11,none,phase_change,1596,1778306407.726897,/big.txt,100794368,131072
51,051_none_phase_change_run11,none,phase_change,1597,1778306407.7288713,/big.txt,100925440,131072
51,051_none_phase_change_run11,none,phase_change,1598,1778306407.7309813,/big.txt,101056512,131072
51,051_none_phase_change_run11,none,phase_change,1599,1778306407.732963,/big.txt,101187584,131072
51,051_none_phase_change_run11,none,phase_change,1600,1778306407.734936,/big.txt,101318656,131072
51,051_none_phase_change_run11,none,phase_change,1601,1778306407.736901,/big.txt,101449728,131072
51,051_none_phase_change_run11,none,phase_change,1602,1778306407.7388744,/big.txt,101580800,131072
51,051_none_phase_change_run11,none,phase_change,1603,1778306407.740843,/big.txt,101711872,131072
51,051_none_phase_change_run11,none,phase_change,1604,1778306407.7428966,/big.txt,101842944,131072
51,051_none_phase_change_run11,none,phase_change,1605,1778306407.744867,/big.txt,101974016,131072
51,051_none_phase_change_run11,none,phase_change,1606,1778306407.7468524,/big.txt,102105088,131072
51,051_none_phase_change_run11,none,phase_change,1607,1778306407.7488277,/big.txt,102236160,131072
51,051_none_phase_change_run11,none,phase_change,1608,1778306407.750797,/big.txt,102367232,131072
51,051_none_phase_change_run11,none,phase_change,1609,1778306407.752777,/big.txt,102498304,131072
51,051_none_phase_change_run11,none,phase_change,1610,1778306407.7547474,/big.txt,102629376,131072
51,051_none_phase_change_run11,none,phase_change,1611,1778306407.7568376,/big.txt,102760448,131072
51,051_none_phase_change_run11,none,phase_change,1612,1778306407.7588208,/big.txt,102891520,131072
51,051_none_phase_change_run11,none,phase_change,1613,1778306407.7607968,/big.txt,103022592,131072
51,051_none_phase_change_run11,none,phase_change,1614,1778306407.7627814,/big.txt,103153664,131072
51,051_none_phase_change_run11,none,phase_change,1615,1778306407.7647617,/big.txt,103284736,131072
51,051_none_phase_change_run11,none,phase_change,1616,1778306407.7667327,/big.txt,103415808,131072
51,051_none_phase_change_run11,none,phase_change,1617,1778306407.7688098,/big.txt,103546880,131072
51,051_none_phase_change_run11,none,phase_change,1618,1778306407.7707834,/big.txt,103677952,131072
51,051_none_phase_change_run11,none,phase_change,1619,1778306407.7727466,/big.txt,103809024,131072
51,051_none_phase_change_run11,none,phase_change,1620,1778306407.7747223,/big.txt,103940096,131072
51,051_none_phase_change_run11,none,phase_change,1621,1778306407.7767193,/big.txt,104071168,131072
51,051_none_phase_change_run11,none,phase_change,1622,1778306407.77868,/big.txt,104202240,131072
51,051_none_phase_change_run11,none,phase_change,1623,1778306407.7806528,/big.txt,104333312,131072
51,051_none_phase_change_run11,none,phase_change,1624,1778306407.7826173,/big.txt,104464384,131072
51,051_none_phase_change_run11,none,phase_change,1625,1778306407.7846985,/big.txt,104595456,131072
51,051_none_phase_change_run11,none,phase_change,1626,1778306407.7866626,/big.txt,104726528,131072
51,051_none_phase_change_run11,none,phase_change,1627,1778306407.786848,/big.txt,104857600,0
