run_index,run_label,mode,workload,timestamp,path,offset,size,phase,confidence,decay_rate,seek_delta,prefetch,prefetch_offset,prefetch_size,prefetch_depth,cache_hit,false_negative
4,004_none_sequential_run04,none,sequential,1778306191.8966482,/big.txt,0,131072,unknown,0.0000,0.0000,0,0,,,1,1,0
4,004_none_sequential_run04,none,sequential,1778306191.899967,/big.txt,131072,131072,sequential,1.0000,0.0000,0,0,,,1,1,0
4,004_none_sequential_run04,none,sequential,1778306191.90308,/big.txt,262144,131072,sequential,1.0000,0.0000,0,0,,,1,1,0
4,004_none_sequential_run04,none,sequential,1778306191.9062192,/big.txt,393216,131072,sequential,1.0000,0.0000,0,0,,,1,1,0
4,004_none_sequential_run04,none,sequential,1778306191.9093225,/big.txt,524288,131072,sequential,1.0000,0.0000,0,0,,,1,1,0
4,004_none_sequential_run04,none,sequential,1778306191.9125824,/big.txt,655360,131072,sequential,1.0000,0.0000,0,0,,,1,1,0
4,004_none_sequential_run04,none,sequential,1778306191.915691,/big.txt,786432,131072,sequential,1.0000,0.0000,0,0,,,1,1,0
4,004_none_sequential_run04,none,sequential,1778306191.9186995,/big.txt,917504,131072,sequential,1.0000,0.0000,0,0,,,1,1,0
4,004_none_sequential_run04,none,sequential,1778306191.9217181,/big.txt,1048576,131072,sequential,1.0000,0.0000,0,0,,,1,1,0
4,004_none_sequential_run04,none,sequential,1778306191.9247053,/big.txt,1179648,131072,sequential,1.0000,0.0000,0,0,,,1,1,0
4,004_none_sequential_run04,none,sequential,1778306191.9276137,/big.txt,1310720,131072,sequential,1.0000,0.0000,0,0,,,1,1,0
4,004_none_sequential_run04,none,sequential,1778306191.930589,/big.txt,1441792,131072,sequential,1.0000,0.0000,0,0,,,1,1,0
4,004_none_sequential_run04,none,sequential,1778306191.933624,/big.txt,1572864,131072,sequential,1.0000,0.0000,0,0,,,1,1,0
4,004_none_sequential_run04,none,sequential,1778306191.9365637,/big.txt,1703936,131072,sequential,1.0000,0.0000,0,0,,,1,1,0
4,004_none_sequential_run04,none,sequential,1778306191.9394925,/big.txt,1835008,131072,sequential,1.0000,0.0000,0,0,,,1,1,0
4,004_none_sequential_run04,none,sequential,1778306191.9423873,/big.txt,1966080,131072,sequential,1.0000,0.0000,0,0,,,1,1,0
4,004_none_sequential_run04,none,sequential,1778306191.945275,/big.txt,2097152,131072,sequential,1.0000,0.0000,0,0,,,1,1,0
4,004_none_sequential_run04,none,sequential,1778306191.9482443,/big.txt,2228224,131072,sequential,1.0000,0.0000,0,0,,,1,1,0
4,004_none_sequential_run04,none,sequential,1778306191.9512293,/big.txt,2359296,131072,sequential,1.0000,0.0000,0,0,,,1,1,0
4,004_none_sequential_run04,none,sequential,1778306191.954232,/big.txt,2490368,131072,sequential,1.0000,0.0000,0,0,,,1,1,0
4,004_none_sequential_run04,none,sequential,1778306191.9572208,/big.txt,2621440,131072,sequential,1.0000,0.0000,0,0,,,1,1,0
4,004_none_sequential_run04,none,sequential,1778306191.9602058,/big.txt,2752512,131072,sequential,1.0000,0.0000,0,0,,,1,1,0
4,004_none_sequential_run04,none,sequential,1778306191.963201,/big.txt,2883584,131072,sequential,1.0000,0.0000,0,0,,,1,1,0
4,004_none_sequential_run04,none,sequential,1778306191.9661918,/big.txt,3014656,131072,sequential,1.0000,0.0000,0,0,,,1,1,0
4,004_none_sequential_run04,none,sequential,1778306191.9690673,/big.txt,3145728,131072,sequential,1.0000,0.0000,0,0,,,1,1,0
4,004_none_sequential_run04,none,sequential,1778306191.9748373,/big.txt,3276800,131072,sequential,1.0000,0.0000,0,0,,,1,1,0
4,004_none_sequential_run04,none,sequential,1778306191.9778314,/big.txt,3407872,131072,sequential,1.0000,0.0000,0,0,,,1,1,0
4,004_none_sequential_run04,none,sequential,1778306191.9808474,/big.txt,3538944,131072,sequential,1.0000,0.0000,0,0,,,1,1,0
4,004_none_sequential_run04,none,sequential,1778306191.983879,/big.txt,3670016,131072,sequential,1.0000,0.0000,0,0,,,1,1,0
4,004_none_sequential_run04,none,sequential,1778306191.9868002,/big.txt,3801088,131072,sequential,1.0000,0.0000,0,0,,,1,1,0
4,004_none_sequential_run04,none,sequential,1778306191.9894674,/big.txt,3932160,131072,sequential,1.0000,0.0000,0,0,,,1,1,0
4,004_none_sequential_run04,none,sequential,1778306191.9921353,/big.txt,4063232,131072,sequential,1.0000,0.0000,0,0,,,1,1,0
4,004_none_sequential_run04,none,sequential,1778306191.9947996,/big.txt,4194304,131072,sequential,1.0000,0.0000,0,0,,,1,1,0
4,004_none_sequential_run04,none,sequential,1778306191.9973805,/big.txt,4325376,131072,sequential,1.0000,0.0000,0,0,,,1,1,0
4,004_none_sequential_run04,none,sequential,1778306191.999992,/big.txt,4456448,131072,sequential,1.0000,0.0000,0,0,,,1,1,0
4,004_none_sequential_run04,none,sequential,1778306192.0026028,/big.txt,4587520,131072,sequential,1.0000,0.0000,0,0,,,1,1,0
4,004_none_sequential_run04,none,sequential,1778306192.0052705,/big.txt,4718592,131072,sequential,1.0000,0.0000,0,0,,,1,1,0
4,004_none_sequential_run04,none,sequential,1778306192.0078828,/big.txt,4849664,131072,sequential,1.0000,0.0000,0,0,,,1,1,0
4,004_none_sequential_run04,none,sequential,1778306192.0104508,/big.txt,4980736,131072,sequential,1.0000,0.0000,0,0,,,1,1,0
4,004_none_sequential_run04,none,sequential,1778306192.013018,/big.txt,5111808,131072,sequential,1.0000,0.0000,0,0,,,1,1,0
4,004_none_sequential_run04,none,sequential,1778306192.0156624,/big.txt,5242880,131072,sequential,1.0000,0.0000,0,0,,,1,1,0
4,004_none_sequential_run04,none,sequential,1778306192.0183165,/big.txt,5373952,131072,sequential,1.0000,0.0000,0,0,,,1,1,0
4,004_none_sequential_run04,none,sequential,1778306192.021001,/big.txt,5505024,131072,sequential,1.0000,0.0000,0,0,,,1,1,0
4,004_none_sequential_run04,none,sequential,1778306192.0237362,/big.txt,5636096,131072,sequential,1.0000,0.0000,0,0,,,1,1,0
4,004_none_sequential_run04,none,sequential,1778306192.0263722,/big.txt,5767168,131072,sequential,1.0000,0.0000,0,0,,,1,1,0
4,004_none_sequential_run04,none,sequential,1778306192.029037,/big.txt,5898240,131072,sequential,1.0000,0.0000,0,0,,,1,1,0
4,004_none_sequential_run04,none,sequential,1778306192.0316608,/big.txt,6029312,131072,sequential,1.0000,0.0000,0,0,,,1,1,0
4,004_none_sequential_run04,none,sequential,1778306192.0342648,/big.txt,6160384,131072,sequential,1.0000,0.0000,0,0,,,1,1,0
4,004_none_sequential_run04,none,sequential,1778306192.0368793,/big.txt,6291456,131072,sequential,1.0000,0.0000,0,0,,,1,1,0
4,004_none_sequential_run04,none,sequential,1778306192.039552,/big.txt,6422528,131072,sequential,1.0000,0.0000,0,0,,,1,1,0
4,004_none_sequential_run04,none,sequential,1778306192.0421507,/big.txt,6553600,131072,sequential,1.0000,0.0000,0,0,,,1,1,0
4,004_none_sequential_run04,none,sequential,1778306192.0447505,/big.txt,6684672,131072,sequential,1.0000,0.0000,0,0,,,1,1,0
4,004_none_sequential_run04,none,sequential,1778306192.0474112,/big.txt,6815744,131072,sequential,1.0000,0.0000,0,0,,,1,1,0
4,004_none_sequential_run04,none,sequential,1778306192.050074,/big.txt,6946816,131072,sequential,1.0000,0.0000,0,0,,,1,1,0
4,004_none_sequential_run04,none,sequential,1778306192.052732,/big.txt,7077888,131072,sequential,1.0000,0.0000,0,0,,,1,1,0
4,004_none_sequential_run04,none,sequential,1778306192.055394,/big.txt,7208960,131072,sequential,1.0000,0.0000,0,0,,,1,1,0
4,004_none_sequential_run04,none,sequential,1778306192.0580657,/big.txt,7340032,131072,sequential,1.0000,0.0000,0,0,,,1,1,0
4,004_none_sequential_run04,none,sequential,1778306192.060747,/big.txt,7471104,131072,sequential,1.0000,0.0000,0,0,,,1,1,0
4,004_none_sequential_run04,none,sequential,1778306192.0633898,/big.txt,7602176,131072,sequential,1.0000,0.0000,0,0,,,1,1,0
4,004_none_sequential_run04,none,sequential,1778306192.0660644,/big.txt,7733248,131072,sequential,1.0000,0.0000,0,0,,,1,1,0
4,004_none_sequential_run04,none,sequential,1778306192.0687232,/big.txt,7864320,131072,sequential,1.0000,0.0000,0,0,,,1,1,0
4,004_none_sequential_run04,none,sequential,1778306192.0714962,/big.txt,7995392,131072,sequential,1.0000,0.0000,0,0,,,1,1,0
4,004_none_sequential_run04,none,sequential,1778306192.0740964,/big.txt,8126464,131072,sequential,1.0000,0.0000,0,0,,,1,1,0
4,004_none_sequential_run04,none,sequential,1778306192.076792,/big.txt,8257536,131072,sequential,1.0000,0.0000,0,0,,,1,1,0
4,004_none_sequential_run04,none,sequential,1778306192.079457,/big.txt,8388608,131072,sequential,1.0000,0.0000,0,0,,,1,1,0
4,004_none_sequential_run04,none,sequential,1778306192.0821612,/big.txt,8519680,131072,sequential,1.0000,0.0000,0,0,,,1,1,0
4,004_none_sequential_run04,none,sequential,1778306192.0847604,/big.txt,8650752,131072,sequential,1.0000,0.0000,0,0,,,1,1,0
4,004_none_sequential_run04,none,sequential,1778306192.0874438,/big.txt,8781824,131072,sequential,1.0000,0.0000,0,0,,,1,1,0
4,004_none_sequential_run04,none,sequential,1778306192.0900457,/big.txt,8912896,131072,sequential,1.0000,0.0000,0,0,,,1,1,0
4,004_none_sequential_run04,none,sequential,1778306192.0927398,/big.txt,9043968,131072,sequential,1.0000,0.0000,0,0,,,1,1,0
4,004_none_sequential_run04,none,sequential,1778306192.0953903,/big.txt,9175040,131072,sequential,1.0000,0.0000,0,0,,,1,1,0
4,004_none_sequential_run04,none,sequential,1778306192.0980642,/big.txt,9306112,131072,sequential,1.0000,0.0000,0,0,,,1,1,0
4,004_none_sequential_run04,none,sequential,1778306192.1007297,/big.txt,9437184,131072,sequential,1.0000,0.0000,0,0,,,1,1,0
4,004_none_sequential_run04,none,sequential,1778306192.1033618,/big.txt,9568256,131072,sequential,1.0000,0.0000,0,0,,,1,1,0
4,004_none_sequential_run04,none,sequential,1778306192.1059685,/big.txt,9699328,131072,sequential,1.0000,0.0000,0,0,,,1,1,0
4,004_none_sequential_run04,none,sequential,1778306192.1086335,/big.txt,9830400,131072,sequential,1.0000,0.0000,0,0,,,1,1,0
4,004_none_sequential_run04,none,sequential,1778306192.1112454,/big.txt,9961472,131072,sequential,1.0000,0.0000,0,0,,,1,1,0
4,004_none_sequential_run04,none,sequential,1778306192.1138406,/big.txt,10092544,131072,sequential,1.0000,0.0000,0,0,,,1,1,0
4,004_none_sequential_run04,none,sequential,1778306192.1164753,/big.txt,10223616,131072,sequential,1.0000,0.0000,0,0,,,1,1,0
4,004_none_sequential_run04,none,sequential,1778306192.1192179,/big.txt,10354688,131072,sequential,1.0000,0.0000,0,0,,,1,1,0
4,004_none_sequential_run04,none,sequential,1778306192.1218529,/big.txt,10485760,131072,sequential,1.0000,0.0000,0,0,,,1,1,0
4,004_none_sequential_run04,none,sequential,1778306192.1245441,/big.txt,10616832,131072,sequential,1.0000,0.0000,0,0,,,1,1,0
4,004_none_sequential_run04,none,sequential,1778306192.127194,/big.txt,10747904,131072,sequential,1.0000,0.0000,0,0,,,1,1,0
4,004_none_sequential_run04,none,sequential,1778306192.12982,/big.txt,10878976,131072,sequential,1.0000,0.0000,0,0,,,1,1,0
4,004_none_sequential_run04,none,sequential,1778306192.1325095,/big.txt,11010048,131072,sequential,1.0000,0.0000,0,0,,,1,1,0
4,004_none_sequential_run04,none,sequential,1778306192.135168,/big.txt,11141120,131072,sequential,1.0000,0.0000,0,0,,,1,1,0
4,004_none_sequential_run04,none,sequential,1778306192.1378005,/big.txt,11272192,131072,sequential,1.0000,0.0000,0,0,,,1,1,0
4,004_none_sequential_run04,none,sequential,1778306192.140521,/big.txt,11403264,131072,sequential,1.0000,0.0000,0,0,,,1,1,0
4,004_none_sequential_run04,none,sequential,1778306192.14325,/big.txt,11534336,131072,sequential,1.0000,0.0000,0,0,,,1,1,0
4,004_none_sequential_run04,none,sequential,1778306192.145886,/big.txt,11665408,131072,sequential,1.0000,0.0000,0,0,,,1,1,0
4,004_none_sequential_run04,none,sequential,1778306192.1485775,/big.txt,11796480,131072,sequential,1.0000,0.0000,0,0,,,1,1,0
4,004_none_sequential_run04,none,sequential,1778306192.1512353,/big.txt,11927552,131072,sequential,1.0000,0.0000,0,0,,,1,1,0
4,004_none_sequential_run04,none,sequential,1778306192.15385,/big.txt,12058624,131072,sequential,1.0000,0.0000,0,0,,,1,1,0
4,004_none_sequential_run04,none,sequential,1778306192.1565585,/big.txt,12189696,131072,sequential,1.0000,0.0000,0,0,,,1,1,0
4,004_none_sequential_run04,none,sequential,1778306192.1592193,/big.txt,12320768,131072,sequential,1.0000,0.0000,0,0,,,1,1,0
4,004_none_sequential_run04,none,sequential,1778306192.1618366,/big.txt,12451840,131072,sequential,1.0000,0.0000,0,0,,,1,1,0
4,004_none_sequential_run04,none,sequential,1778306192.1645415,/big.txt,12582912,131072,sequential,1.0000,0.0000,0,0,,,1,1,0
4,004_none_sequential_run04,none,sequential,1778306192.1672127,/big.txt,12713984,131072,sequential,1.0000,0.0000,0,0,,,1,1,0
4,004_none_sequential_run04,none,sequential,1778306192.169902,/big.txt,12845056,131072,sequential,1.0000,0.0000,0,0,,,1,1,0
4,004_none_sequential_run04,none,sequential,1778306192.1725802,/big.txt,12976128,131072,sequential,1.0000,0.0000,0,0,,,1,1,0
4,004_none_sequential_run04,none,sequential,1778306192.175373,/big.txt,13107200,131072,sequential,1.0000,0.0000,0,0,,,1,1,0
4,004_none_sequential_run04,none,sequential,1778306192.1779895,/big.txt,13238272,131072,sequential,1.0000,0.0000,0,0,,,1,1,0
4,004_none_sequential_run04,none,sequential,1778306192.1806777,/big.txt,13369344,131072,sequential,1.0000,0.0000,0,0,,,1,1,0
4,004_none_sequential_run04,none,sequential,1778306192.1833067,/big.txt,13500416,131072,sequential,1.0000,0.0000,0,0,,,1,1,0
4,004_none_sequential_run04,none,sequential,1778306192.18592,/big.txt,13631488,131072,sequential,1.0000,0.0000,0,0,,,1,1,0
4,004_none_sequential_run04,none,sequential,1778306192.1885815,/big.txt,13762560,131072,sequential,1.0000,0.0000,0,0,,,1,1,0
4,004_none_sequential_run04,none,sequential,1778306192.191252,/big.txt,13893632,131072,sequential,1.0000,0.0000,0,0,,,1,1,0
4,004_none_sequential_run04,none,sequential,1778306192.1938367,/big.txt,14024704,131072,sequential,1.0000,0.0000,0,0,,,1,1,0
4,004_none_sequential_run04,none,sequential,1778306192.1965063,/big.txt,14155776,131072,sequential,1.0000,0.0000,0,0,,,1,1,0
4,004_none_sequential_run04,none,sequential,1778306192.1991537,/big.txt,14286848,131072,sequential,1.0000,0.0000,0,0,,,1,1,0
4,004_none_sequential_run04,none,sequential,1778306192.201806,/big.txt,14417920,131072,sequential,1.0000,0.0000,0,0,,,1,1,0
4,004_none_sequential_run04,none,sequential,1778306192.2044678,/big.txt,14548992,131072,sequential,1.0000,0.0000,0,0,,,1,1,0
4,004_none_sequential_run04,none,sequential,1778306192.2071686,/big.txt,14680064,131072,sequential,1.0000,0.0000,0,0,,,1,1,0
4,004_none_sequential_run04,none,sequential,1778306192.209756,/big.txt,14811136,131072,sequential,1.0000,0.0000,0,0,,,1,1,0
4,004_none_sequential_run04,none,sequential,1778306192.2123814,/big.txt,14942208,131072,sequential,1.0000,0.0000,0,0,,,1,1,0
4,004_none_sequential_run04,none,sequential,1778306192.214979,/big.txt,15073280,131072,sequential,1.0000,0.0000,0,0,,,1,1,0
4,004_none_sequential_run04,none,sequential,1778306192.217553,/big.txt,15204352,131072,sequential,1.0000,0.0000,0,0,,,1,1,0
4,004_none_sequential_run04,none,sequential,1778306192.2201734,/big.txt,15335424,131072,sequential,1.0000,0.0000,0,0,,,1,1,0
4,004_none_sequential_run04,none,sequential,1778306192.2227356,/big.txt,15466496,131072,sequential,1.0000,0.0000,0,0,,,1,1,0
4,004_none_sequential_run04,none,sequential,1778306192.2253094,/big.txt,15597568,131072,sequential,1.0000,0.0000,0,0,,,1,1,0
4,004_none_sequential_run04,none,sequential,1778306192.227918,/big.txt,15728640,131072,sequential,1.0000,0.0000,0,0,,,1,1,0
4,004_none_sequential_run04,none,sequential,1778306192.2305048,/big.txt,15859712,131072,sequential,1.0000,0.0000,0,0,,,1,1,0
4,004_none_sequential_run04,none,sequential,1778306192.2330904,/big.txt,15990784,131072,sequential,1.0000,0.0000,0,0,,,1,1,0
4,004_none_sequential_run04,none,sequential,1778306192.2358134,/big.txt,16121856,131072,sequential,1.0000,0.0000,0,0,,,1,1,0
4,004_none_sequential_run04,none,sequential,1778306192.238445,/big.txt,16252928,131072,sequential,1.0000,0.0000,0,0,,,1,1,0
4,004_none_sequential_run04,none,sequential,1778306192.241035,/big.txt,16384000,131072,sequential,1.0000,0.0000,0,0,,,1,1,0
4,004_none_sequential_run04,none,sequential,1778306192.2436233,/big.txt,16515072,131072,sequential,1.0000,0.0000,0,0,,,1,1,0
4,004_none_sequential_run04,none,sequential,1778306192.246218,/big.txt,16646144,131072,sequential,1.0000,0.0000,0,0,,,1,1,0
4,004_none_sequential_run04,none,sequential,1778306192.2488596,/big.txt,16777216,131072,sequential,1.0000,0.0000,0,0,,,1,1,0
4,004_none_sequential_run04,none,sequential,1778306192.2514904,/big.txt,16908288,131072,sequential,1.0000,0.0000,0,0,,,1,1,0
4,004_none_sequential_run04,none,sequential,1778306192.2541606,/big.txt,17039360,131072,sequential,1.0000,0.0000,0,0,,,1,1,0
4,004_none_sequential_run04,none,sequential,1778306192.256774,/big.txt,17170432,131072,sequential,1.0000,0.0000,0,0,,,1,1,0
4,004_none_sequential_run04,none,sequential,1778306192.2593844,/big.txt,17301504,131072,sequential,1.0000,0.0000,0,0,,,1,1,0
4,004_none_sequential_run04,none,sequential,1778306192.2620616,/big.txt,17432576,131072,sequential,1.0000,0.0000,0,0,,,1,1,0
4,004_none_sequential_run04,none,sequential,1778306192.2647395,/big.txt,17563648,131072,sequential,1.0000,0.0000,0,0,,,1,1,0
4,004_none_sequential_run04,none,sequential,1778306192.2673514,/big.txt,17694720,131072,sequential,1.0000,0.0000,0,0,,,1,1,0
4,004_none_sequential_run04,none,sequential,1778306192.2699802,/big.txt,17825792,131072,sequential,1.0000,0.0000,0,0,,,1,1,0
4,004_none_sequential_run04,none,sequential,1778306192.2726731,/big.txt,17956864,131072,sequential,1.0000,0.0000,0,0,,,1,1,0
4,004_none_sequential_run04,none,sequential,1778306192.2753332,/big.txt,18087936,131072,sequential,1.0000,0.0000,0,0,,,1,1,0
4,004_none_sequential_run04,none,sequential,1778306192.277958,/big.txt,18219008,131072,sequential,1.0000,0.0000,0,0,,,1,1,0
4,004_none_sequential_run04,none,sequential,1778306192.2806356,/big.txt,18350080,131072,sequential,1.0000,0.0000,0,0,,,1,1,0
4,004_none_sequential_run04,none,sequential,1778306192.2834039,/big.txt,18481152,131072,sequential,1.0000,0.0000,0,0,,,1,1,0
4,004_none_sequential_run04,none,sequential,1778306192.2860525,/big.txt,18612224,131072,sequential,1.0000,0.0000,0,0,,,1,1,0
4,004_none_sequential_run04,none,sequential,1778306192.2887335,/big.txt,18743296,131072,sequential,1.0000,0.0000,0,0,,,1,1,0
4,004_none_sequential_run04,none,sequential,1778306192.2913518,/big.txt,18874368,131072,sequential,1.0000,0.0000,0,0,,,1,1,0
4,004_none_sequential_run04,none,sequential,1778306192.2939942,/big.txt,19005440,131072,sequential,1.0000,0.0000,0,0,,,1,1,0
4,004_none_sequential_run04,none,sequential,1778306192.2966843,/big.txt,19136512,131072,sequential,1.0000,0.0000,0,0,,,1,1,0
4,004_none_sequential_run04,none,sequential,1778306192.2993326,/big.txt,19267584,131072,sequential,1.0000,0.0000,0,0,,,1,1,0
4,004_none_sequential_run04,none,sequential,1778306192.301996,/big.txt,19398656,131072,sequential,1.0000,0.0000,0,0,,,1,1,0
4,004_none_sequential_run04,none,sequential,1778306192.304681,/big.txt,19529728,131072,sequential,1.0000,0.0000,0,0,,,1,1,0
4,004_none_sequential_run04,none,sequential,1778306192.307319,/big.txt,19660800,131072,sequential,1.0000,0.0000,0,0,,,1,1,0
4,004_none_sequential_run04,none,sequential,1778306192.3099458,/big.txt,19791872,131072,sequential,1.0000,0.0000,0,0,,,1,1,0
4,004_none_sequential_run04,none,sequential,1778306192.3126297,/big.txt,19922944,131072,sequential,1.0000,0.0000,0,0,,,1,1,0
4,004_none_sequential_run04,none,sequential,1778306192.3152754,/big.txt,20054016,131072,sequential,1.0000,0.0000,0,0,,,1,1,0
4,004_none_sequential_run04,none,sequential,1778306192.317895,/big.txt,20185088,131072,sequential,1.0000,0.0000,0,0,,,1,1,0
4,004_none_sequential_run04,none,sequential,1778306192.3205752,/big.txt,20316160,131072,sequential,1.0000,0.0000,0,0,,,1,1,0
4,004_none_sequential_run04,none,sequential,1778306192.3232348,/big.txt,20447232,131072,sequential,1.0000,0.0000,0,0,,,1,1,0
4,004_none_sequential_run04,none,sequential,1778306192.325921,/big.txt,20578304,131072,sequential,1.0000,0.0000,0,0,,,1,1,0
4,004_none_sequential_run04,none,sequential,1778306192.3285904,/big.txt,20709376,131072,sequential,1.0000,0.0000,0,0,,,1,1,0
4,004_none_sequential_run04,none,sequential,1778306192.3313394,/big.txt,20840448,131072,sequential,1.0000,0.0000,0,0,,,1,1,0
4,004_none_sequential_run04,none,sequential,1778306192.333935,/big.txt,20971520,131072,sequential,1.0000,0.0000,0,0,,,1,1,0
4,004_none_sequential_run04,none,sequential,1778306192.3366072,/big.txt,21102592,131072,sequential,1.0000,0.0000,0,0,,,1,1,0
4,004_none_sequential_run04,none,sequential,1778306192.3392534,/big.txt,21233664,131072,sequential,1.0000,0.0000,0,0,,,1,1,0
4,004_none_sequential_run04,none,sequential,1778306192.3418765,/big.txt,21364736,131072,sequential,1.0000,0.0000,0,0,,,1,1,0
4,004_none_sequential_run04,none,sequential,1778306192.3445282,/big.txt,21495808,131072,sequential,1.0000,0.0000,0,0,,,1,1,0
4,004_none_sequential_run04,none,sequential,1778306192.3471656,/big.txt,21626880,131072,sequential,1.0000,0.0000,0,0,,,1,1,0
4,004_none_sequential_run04,none,sequential,1778306192.3497481,/big.txt,21757952,131072,sequential,1.0000,0.0000,0,0,,,1,1,0
4,004_none_sequential_run04,none,sequential,1778306192.3523967,/big.txt,21889024,131072,sequential,1.0000,0.0000,0,0,,,1,1,0
4,004_none_sequential_run04,none,sequential,1778306192.355024,/big.txt,22020096,131072,sequential,1.0000,0.0000,0,0,,,1,1,0
4,004_none_sequential_run04,none,sequential,1778306192.3576434,/big.txt,22151168,131072,sequential,1.0000,0.0000,0,0,,,1,1,0
4,004_none_sequential_run04,none,sequential,1778306192.3602624,/big.txt,22282240,131072,sequential,1.0000,0.0000,0,0,,,1,1,0
4,004_none_sequential_run04,none,sequential,1778306192.362987,/big.txt,22413312,131072,sequential,1.0000,0.0000,0,0,,,1,1,0
4,004_none_sequential_run04,none,sequential,1778306192.3655672,/big.txt,22544384,131072,sequential,1.0000,0.0000,0,0,,,1,1,0
4,004_none_sequential_run04,none,sequential,1778306192.3681784,/big.txt,22675456,131072,sequential,1.0000,0.0000,0,0,,,1,1,0
4,004_none_sequential_run04,none,sequential,1778306192.370819,/big.txt,22806528,131072,sequential,1.0000,0.0000,0,0,,,1,1,0
4,004_none_sequential_run04,none,sequential,1778306192.3734205,/big.txt,22937600,131072,sequential,1.0000,0.0000,0,0,,,1,1,0
4,004_none_sequential_run04,none,sequential,1778306192.3760533,/big.txt,23068672,131072,sequential,1.0000,0.0000,0,0,,,1,1,0
4,004_none_sequential_run04,none,sequential,1778306192.3786666,/big.txt,23199744,131072,sequential,1.0000,0.0000,0,0,,,1,1,0
4,004_none_sequential_run04,none,sequential,1778306192.3812642,/big.txt,23330816,131072,sequential,1.0000,0.0000,0,0,,,1,1,0
4,004_none_sequential_run04,none,sequential,1778306192.3838658,/big.txt,23461888,131072,sequential,1.0000,0.0000,0,0,,,1,1,0
4,004_none_sequential_run04,none,sequential,1778306192.3864717,/big.txt,23592960,131072,sequential,1.0000,0.0000,0,0,,,1,1,0
4,004_none_sequential_run04,none,sequential,1778306192.3890753,/big.txt,23724032,131072,sequential,1.0000,0.0000,0,0,,,1,1,0
4,004_none_sequential_run04,none,sequential,1778306192.391697,/big.txt,23855104,131072,sequential,1.0000,0.0000,0,0,,,1,1,0
4,004_none_sequential_run04,none,sequential,1778306192.3943284,/big.txt,23986176,131072,sequential,1.0000,0.0000,0,0,,,1,1,0
4,004_none_sequential_run04,none,sequential,1778306192.3969615,/big.txt,24117248,131072,sequential,1.0000,0.0000,0,0,,,1,1,0
4,004_none_sequential_run04,none,sequential,1778306192.3995643,/big.txt,24248320,131072,sequential,1.0000,0.0000,0,0,,,1,1,0
4,004_none_sequential_run04,none,sequential,1778306192.4021676,/big.txt,24379392,131072,sequential,1.0000,0.0000,0,0,,,1,1,0
4,004_none_sequential_run04,none,sequential,1778306192.404812,/big.txt,24510464,131072,sequential,1.0000,0.0000,0,0,,,1,1,0
4,004_none_sequential_run04,none,sequential,1778306192.4074416,/big.txt,24641536,131072,sequential,1.0000,0.0000,0,0,,,1,1,0
4,004_none_sequential_run04,none,sequential,1778306192.4100666,/big.txt,24772608,131072,sequential,1.0000,0.0000,0,0,,,1,1,0
4,004_none_sequential_run04,none,sequential,1778306192.4127355,/big.txt,24903680,131072,sequential,1.0000,0.0000,0,0,,,1,1,0
4,004_none_sequential_run04,none,sequential,1778306192.4153626,/big.txt,25034752,131072,sequential,1.0000,0.0000,0,0,,,1,1,0
4,004_none_sequential_run04,none,sequential,1778306192.4179842,/big.txt,25165824,131072,sequential,1.0000,0.0000,0,0,,,1,1,0
4,004_none_sequential_run04,none,sequential,1778306192.4206526,/big.txt,25296896,131072,sequential,1.0000,0.0000,0,0,,,1,1,0
4,004_none_sequential_run04,none,sequential,1778306192.4232883,/big.txt,25427968,131072,sequential,1.0000,0.0000,0,0,,,1,1,0
4,004_none_sequential_run04,none,sequential,1778306192.4259067,/big.txt,25559040,131072,sequential,1.0000,0.0000,0,0,,,1,1,0
4,004_none_sequential_run04,none,sequential,1778306192.4285545,/big.txt,25690112,131072,sequential,1.0000,0.0000,0,0,,,1,1,0
4,004_none_sequential_run04,none,sequential,1778306192.4312606,/big.txt,25821184,131072,sequential,1.0000,0.0000,0,0,,,1,1,0
4,004_none_sequential_run04,none,sequential,1778306192.4338696,/big.txt,25952256,131072,sequential,1.0000,0.0000,0,0,,,1,1,0
4,004_none_sequential_run04,none,sequential,1778306192.4365082,/big.txt,26083328,131072,sequential,1.0000,0.0000,0,0,,,1,1,0
4,004_none_sequential_run04,none,sequential,1778306192.4391317,/big.txt,26214400,131072,sequential,1.0000,0.0000,0,0,,,1,1,0
4,004_none_sequential_run04,none,sequential,1778306192.4419038,/big.txt,26345472,131072,sequential,1.0000,0.0000,0,0,,,1,1,0
4,004_none_sequential_run04,none,sequential,1778306192.4445133,/big.txt,26476544,131072,sequential,1.0000,0.0000,0,0,,,1,1,0
4,004_none_sequential_run04,none,sequential,1778306192.4471428,/big.txt,26607616,131072,sequential,1.0000,0.0000,0,0,,,1,1,0
4,004_none_sequential_run04,none,sequential,1778306192.4497447,/big.txt,26738688,131072,sequential,1.0000,0.0000,0,0,,,1,1,0
4,004_none_sequential_run04,none,sequential,1778306192.452397,/big.txt,26869760,131072,sequential,1.0000,0.0000,0,0,,,1,1,0
4,004_none_sequential_run04,none,sequential,1778306192.4550772,/big.txt,27000832,131072,sequential,1.0000,0.0000,0,0,,,1,1,0
4,004_none_sequential_run04,none,sequential,1778306192.4576967,/big.txt,27131904,131072,sequential,1.0000,0.0000,0,0,,,1,1,0
4,004_none_sequential_run04,none,sequential,1778306192.460408,/big.txt,27262976,131072,sequential,1.0000,0.0000,0,0,,,1,1,0
4,004_none_sequential_run04,none,sequential,1778306192.4630857,/big.txt,27394048,131072,sequential,1.0000,0.0000,0,0,,,1,1,0
4,004_none_sequential_run04,none,sequential,1778306192.4657106,/big.txt,27525120,131072,sequential,1.0000,0.0000,0,0,,,1,1,0
4,004_none_sequential_run04,none,sequential,1778306192.4683964,/big.txt,27656192,131072,sequential,1.0000,0.0000,0,0,,,1,1,0
4,004_none_sequential_run04,none,sequential,1778306192.4710495,/big.txt,27787264,131072,sequential,1.0000,0.0000,0,0,,,1,1,0
4,004_none_sequential_run04,none,sequential,1778306192.4736834,/big.txt,27918336,131072,sequential,1.0000,0.0000,0,0,,,1,1,0
4,004_none_sequential_run04,none,sequential,1778306192.4763541,/big.txt,28049408,131072,sequential,1.0000,0.0000,0,0,,,1,1,0
4,004_none_sequential_run04,none,sequential,1778306192.4791484,/big.txt,28180480,131072,sequential,1.0000,0.0000,0,0,,,1,1,0
4,004_none_sequential_run04,none,sequential,1778306192.481766,/big.txt,28311552,131072,sequential,1.0000,0.0000,0,0,,,1,1,0
4,004_none_sequential_run04,none,sequential,1778306192.4844522,/big.txt,28442624,131072,sequential,1.0000,0.0000,0,0,,,1,1,0
4,004_none_sequential_run04,none,sequential,1778306192.487151,/big.txt,28573696,131072,sequential,1.0000,0.0000,0,0,,,1,1,0
4,004_none_sequential_run04,none,sequential,1778306192.4897563,/big.txt,28704768,131072,sequential,1.0000,0.0000,0,0,,,1,1,0
4,004_none_sequential_run04,none,sequential,1778306192.4924319,/big.txt,28835840,131072,sequential,1.0000,0.0000,0,0,,,1,1,0
4,004_none_sequential_run04,none,sequential,1778306192.4951184,/big.txt,28966912,131072,sequential,1.0000,0.0000,0,0,,,1,1,0
4,004_none_sequential_run04,none,sequential,1778306192.4977596,/big.txt,29097984,131072,sequential,1.0000,0.0000,0,0,,,1,1,0
4,004_none_sequential_run04,none,sequential,1778306192.5004344,/big.txt,29229056,131072,sequential,1.0000,0.0000,0,0,,,1,1,0
4,004_none_sequential_run04,none,sequential,1778306192.5031111,/big.txt,29360128,131072,sequential,1.0000,0.0000,0,0,,,1,1,0
4,004_none_sequential_run04,none,sequential,1778306192.5057812,/big.txt,29491200,131072,sequential,1.0000,0.0000,0,0,,,1,1,0
4,004_none_sequential_run04,none,sequential,1778306192.5084667,/big.txt,29622272,131072,sequential,1.0000,0.0000,0,0,,,1,1,0
4,004_none_sequential_run04,none,sequential,1778306192.5111287,/big.txt,29753344,131072,sequential,1.0000,0.0000,0,0,,,1,1,0
4,004_none_sequential_run04,none,sequential,1778306192.513757,/big.txt,29884416,131072,sequential,1.0000,0.0000,0,0,,,1,1,0
4,004_none_sequential_run04,none,sequential,1778306192.516434,/big.txt,30015488,131072,sequential,1.0000,0.0000,0,0,,,1,1,0
4,004_none_sequential_run04,none,sequential,1778306192.5190797,/big.txt,30146560,131072,sequential,1.0000,0.0000,0,0,,,1,1,0
4,004_none_sequential_run04,none,sequential,1778306192.521721,/big.txt,30277632,131072,sequential,1.0000,0.0000,0,0,,,1,1,0
4,004_none_sequential_run04,none,sequential,1778306192.5244071,/big.txt,30408704,131072,sequential,1.0000,0.0000,0,0,,,1,1,0
4,004_none_sequential_run04,none,sequential,1778306192.5272243,/big.txt,30539776,131072,sequential,1.0000,0.0000,0,0,,,1,1,0
4,004_none_sequential_run04,none,sequential,1778306192.5298562,/big.txt,30670848,131072,sequential,1.0000,0.0000,0,0,,,1,1,0
4,004_none_sequential_run04,none,sequential,1778306192.5325632,/big.txt,30801920,131072,sequential,1.0000,0.0000,0,0,,,1,1,0
4,004_none_sequential_run04,none,sequential,1778306192.5352852,/big.txt,30932992,131072,sequential,1.0000,0.0000,0,0,,,1,1,0
4,004_none_sequential_run04,none,sequential,1778306192.537896,/big.txt,31064064,131072,sequential,1.0000,0.0000,0,0,,,1,1,0
4,004_none_sequential_run04,none,sequential,1778306192.540561,/big.txt,31195136,131072,sequential,1.0000,0.0000,0,0,,,1,1,0
4,004_none_sequential_run04,none,sequential,1778306192.543289,/big.txt,31326208,131072,sequential,1.0000,0.0000,0,0,,,1,1,0
4,004_none_sequential_run04,none,sequential,1778306192.5459607,/big.txt,31457280,131072,sequential,1.0000,0.0000,0,0,,,1,1,0
4,004_none_sequential_run04,none,sequential,1778306192.5486436,/big.txt,31588352,131072,sequential,1.0000,0.0000,0,0,,,1,1,0
4,004_none_sequential_run04,none,sequential,1778306192.5513632,/big.txt,31719424,131072,sequential,1.0000,0.0000,0,0,,,1,1,0
4,004_none_sequential_run04,none,sequential,1778306192.553985,/big.txt,31850496,131072,sequential,1.0000,0.0000,0,0,,,1,1,0
4,004_none_sequential_run04,none,sequential,1778306192.556677,/big.txt,31981568,131072,sequential,1.0000,0.0000,0,0,,,1,1,0
4,004_none_sequential_run04,none,sequential,1778306192.5593545,/big.txt,32112640,131072,sequential,1.0000,0.0000,0,0,,,1,1,0
4,004_none_sequential_run04,none,sequential,1778306192.5620277,/big.txt,32243712,131072,sequential,1.0000,0.0000,0,0,,,1,1,0
4,004_none_sequential_run04,none,sequential,1778306192.5647295,/big.txt,32374784,131072,sequential,1.0000,0.0000,0,0,,,1,1,0
4,004_none_sequential_run04,none,sequential,1778306192.5673985,/big.txt,32505856,131072,sequential,1.0000,0.0000,0,0,,,1,1,0
4,004_none_sequential_run04,none,sequential,1778306192.5700557,/big.txt,32636928,131072,sequential,1.0000,0.0000,0,0,,,1,1,0
4,004_none_sequential_run04,none,sequential,1778306192.5727367,/big.txt,32768000,131072,sequential,1.0000,0.0000,0,0,,,1,1,0
4,004_none_sequential_run04,none,sequential,1778306192.5753853,/big.txt,32899072,131072,sequential,1.0000,0.0000,0,0,,,1,1,0
4,004_none_sequential_run04,none,sequential,1778306192.5780578,/big.txt,33030144,131072,sequential,1.0000,0.0000,0,0,,,1,1,0
4,004_none_sequential_run04,none,sequential,1778306192.5807614,/big.txt,33161216,131072,sequential,1.0000,0.0000,0,0,,,1,1,0
4,004_none_sequential_run04,none,sequential,1778306192.5834193,/big.txt,33292288,131072,sequential,1.0000,0.0000,0,0,,,1,1,0
4,004_none_sequential_run04,none,sequential,1778306192.5860333,/big.txt,33423360,131072,sequential,1.0000,0.0000,0,0,,,1,1,0
4,004_none_sequential_run04,none,sequential,1778306192.5887203,/big.txt,33554432,131072,sequential,1.0000,0.0000,0,0,,,1,1,0
4,004_none_sequential_run04,none,sequential,1778306192.5913408,/big.txt,33685504,131072,sequential,1.0000,0.0000,0,0,,,1,1,0
4,004_none_sequential_run04,none,sequential,1778306192.5939717,/big.txt,33816576,131072,sequential,1.0000,0.0000,0,0,,,1,1,0
4,004_none_sequential_run04,none,sequential,1778306192.5966396,/big.txt,33947648,131072,sequential,1.0000,0.0000,0,0,,,1,1,0
4,004_none_sequential_run04,none,sequential,1778306192.5992837,/big.txt,34078720,131072,sequential,1.0000,0.0000,0,0,,,1,1,0
4,004_none_sequential_run04,none,sequential,1778306192.601862,/big.txt,34209792,131072,sequential,1.0000,0.0000,0,0,,,1,1,0
4,004_none_sequential_run04,none,sequential,1778306192.6045132,/big.txt,34340864,131072,sequential,1.0000,0.0000,0,0,,,1,1,0
4,004_none_sequential_run04,none,sequential,1778306192.6071458,/big.txt,34471936,131072,sequential,1.0000,0.0000,0,0,,,1,1,0
4,004_none_sequential_run04,none,sequential,1778306192.60974,/big.txt,34603008,131072,sequential,1.0000,0.0000,0,0,,,1,1,0
4,004_none_sequential_run04,none,sequential,1778306192.6123981,/big.txt,34734080,131072,sequential,1.0000,0.0000,0,0,,,1,1,0
4,004_none_sequential_run04,none,sequential,1778306192.615047,/big.txt,34865152,131072,sequential,1.0000,0.0000,0,0,,,1,1,0
4,004_none_sequential_run04,none,sequential,1778306192.6176963,/big.txt,34996224,131072,sequential,1.0000,0.0000,0,0,,,1,1,0
4,004_none_sequential_run04,none,sequential,1778306192.62037,/big.txt,35127296,131072,sequential,1.0000,0.0000,0,0,,,1,1,0
4,004_none_sequential_run04,none,sequential,1778306192.6229985,/big.txt,35258368,131072,sequential,1.0000,0.0000,0,0,,,1,1,0
4,004_none_sequential_run04,none,sequential,1778306192.6256022,/big.txt,35389440,131072,sequential,1.0000,0.0000,0,0,,,1,1,0
4,004_none_sequential_run04,none,sequential,1778306192.628228,/big.txt,35520512,131072,sequential,1.0000,0.0000,0,0,,,1,1,0
4,004_none_sequential_run04,none,sequential,1778306192.6308358,/big.txt,35651584,131072,sequential,1.0000,0.0000,0,0,,,1,1,0
4,004_none_sequential_run04,none,sequential,1778306192.6334007,/big.txt,35782656,131072,sequential,1.0000,0.0000,0,0,,,1,1,0
4,004_none_sequential_run04,none,sequential,1778306192.6360304,/big.txt,35913728,131072,sequential,1.0000,0.0000,0,0,,,1,1,0
4,004_none_sequential_run04,none,sequential,1778306192.6386163,/big.txt,36044800,131072,sequential,1.0000,0.0000,0,0,,,1,1,0
4,004_none_sequential_run04,none,sequential,1778306192.6412082,/big.txt,36175872,131072,sequential,1.0000,0.0000,0,0,,,1,1,0
4,004_none_sequential_run04,none,sequential,1778306192.6438224,/big.txt,36306944,131072,sequential,1.0000,0.0000,0,0,,,1,1,0
4,004_none_sequential_run04,none,sequential,1778306192.6464212,/big.txt,36438016,131072,sequential,1.0000,0.0000,0,0,,,1,1,0
4,004_none_sequential_run04,none,sequential,1778306192.6490376,/big.txt,36569088,131072,sequential,1.0000,0.0000,0,0,,,1,1,0
4,004_none_sequential_run04,none,sequential,1778306192.6516528,/big.txt,36700160,131072,sequential,1.0000,0.0000,0,0,,,1,1,0
4,004_none_sequential_run04,none,sequential,1778306192.6542752,/big.txt,36831232,131072,sequential,1.0000,0.0000,0,0,,,1,1,0
4,004_none_sequential_run04,none,sequential,1778306192.6568973,/big.txt,36962304,131072,sequential,1.0000,0.0000,0,0,,,1,1,0
4,004_none_sequential_run04,none,sequential,1778306192.6595368,/big.txt,37093376,131072,sequential,1.0000,0.0000,0,0,,,1,1,0
4,004_none_sequential_run04,none,sequential,1778306192.6621928,/big.txt,37224448,131072,sequential,1.0000,0.0000,0,0,,,1,1,0
4,004_none_sequential_run04,none,sequential,1778306192.6648061,/big.txt,37355520,131072,sequential,1.0000,0.0000,0,0,,,1,1,0
4,004_none_sequential_run04,none,sequential,1778306192.6674123,/big.txt,37486592,131072,sequential,1.0000,0.0000,0,0,,,1,1,0
4,004_none_sequential_run04,none,sequential,1778306192.6700933,/big.txt,37617664,131072,sequential,1.0000,0.0000,0,0,,,1,1,0
4,004_none_sequential_run04,none,sequential,1778306192.6727858,/big.txt,37748736,131072,sequential,1.0000,0.0000,0,0,,,1,1,0
4,004_none_sequential_run04,none,sequential,1778306192.6755264,/big.txt,37879808,131072,sequential,1.0000,0.0000,0,0,,,1,1,0
4,004_none_sequential_run04,none,sequential,1778306192.678181,/big.txt,38010880,131072,sequential,1.0000,0.0000,0,0,,,1,1,0
4,004_none_sequential_run04,none,sequential,1778306192.6807957,/big.txt,38141952,131072,sequential,1.0000,0.0000,0,0,,,1,1,0
4,004_none_sequential_run04,none,sequential,1778306192.6834044,/big.txt,38273024,131072,sequential,1.0000,0.0000,0,0,,,1,1,0
4,004_none_sequential_run04,none,sequential,1778306192.6860025,/big.txt,38404096,131072,sequential,1.0000,0.0000,0,0,,,1,1,0
4,004_none_sequential_run04,none,sequential,1778306192.6886718,/big.txt,38535168,131072,sequential,1.0000,0.0000,0,0,,,1,1,0
4,004_none_sequential_run04,none,sequential,1778306192.6913018,/big.txt,38666240,131072,sequential,1.0000,0.0000,0,0,,,1,1,0
4,004_none_sequential_run04,none,sequential,1778306192.693904,/big.txt,38797312,131072,sequential,1.0000,0.0000,0,0,,,1,1,0
4,004_none_sequential_run04,none,sequential,1778306192.6965442,/big.txt,38928384,131072,sequential,1.0000,0.0000,0,0,,,1,1,0
4,004_none_sequential_run04,none,sequential,1778306192.699177,/big.txt,39059456,131072,sequential,1.0000,0.0000,0,0,,,1,1,0
4,004_none_sequential_run04,none,sequential,1778306192.7018044,/big.txt,39190528,131072,sequential,1.0000,0.0000,0,0,,,1,1,0
4,004_none_sequential_run04,none,sequential,1778306192.7044728,/big.txt,39321600,131072,sequential,1.0000,0.0000,0,0,,,1,1,0
4,004_none_sequential_run04,none,sequential,1778306192.7071414,/big.txt,39452672,131072,sequential,1.0000,0.0000,0,0,,,1,1,0
4,004_none_sequential_run04,none,sequential,1778306192.709779,/big.txt,39583744,131072,sequential,1.0000,0.0000,0,0,,,1,1,0
4,004_none_sequential_run04,none,sequential,1778306192.7124548,/big.txt,39714816,131072,sequential,1.0000,0.0000,0,0,,,1,1,0
4,004_none_sequential_run04,none,sequential,1778306192.7151127,/big.txt,39845888,131072,sequential,1.0000,0.0000,0,0,,,1,1,0
4,004_none_sequential_run04,none,sequential,1778306192.717731,/big.txt,39976960,131072,sequential,1.0000,0.0000,0,0,,,1,1,0
4,004_none_sequential_run04,none,sequential,1778306192.7204096,/big.txt,40108032,131072,sequential,1.0000,0.0000,0,0,,,1,1,0
4,004_none_sequential_run04,none,sequential,1778306192.7230709,/big.txt,40239104,131072,sequential,1.0000,0.0000,0,0,,,1,1,0
4,004_none_sequential_run04,none,sequential,1778306192.7257037,/big.txt,40370176,131072,sequential,1.0000,0.0000,0,0,,,1,1,0
4,004_none_sequential_run04,none,sequential,1778306192.7284198,/big.txt,40501248,131072,sequential,1.0000,0.0000,0,0,,,1,1,0
4,004_none_sequential_run04,none,sequential,1778306192.7311158,/big.txt,40632320,131072,sequential,1.0000,0.0000,0,0,,,1,1,0
4,004_none_sequential_run04,none,sequential,1778306192.7337506,/big.txt,40763392,131072,sequential,1.0000,0.0000,0,0,,,1,1,0
4,004_none_sequential_run04,none,sequential,1778306192.736445,/big.txt,40894464,131072,sequential,1.0000,0.0000,0,0,,,1,1,0
4,004_none_sequential_run04,none,sequential,1778306192.7391114,/big.txt,41025536,131072,sequential,1.0000,0.0000,0,0,,,1,1,0
4,004_none_sequential_run04,none,sequential,1778306192.7417727,/big.txt,41156608,131072,sequential,1.0000,0.0000,0,0,,,1,1,0
4,004_none_sequential_run04,none,sequential,1778306192.744497,/big.txt,41287680,131072,sequential,1.0000,0.0000,0,0,,,1,1,0
4,004_none_sequential_run04,none,sequential,1778306192.7471268,/big.txt,41418752,131072,sequential,1.0000,0.0000,0,0,,,1,1,0
4,004_none_sequential_run04,none,sequential,1778306192.749774,/big.txt,41549824,131072,sequential,1.0000,0.0000,0,0,,,1,1,0
4,004_none_sequential_run04,none,sequential,1778306192.7524812,/big.txt,41680896,131072,sequential,1.0000,0.0000,0,0,,,1,1,0
4,004_none_sequential_run04,none,sequential,1778306192.7552516,/big.txt,41811968,131072,sequential,1.0000,0.0000,0,0,,,1,1,0
4,004_none_sequential_run04,none,sequential,1778306192.7578769,/big.txt,41943040,131072,sequential,1.0000,0.0000,0,0,,,1,1,0
4,004_none_sequential_run04,none,sequential,1778306192.7605927,/big.txt,42074112,131072,sequential,1.0000,0.0000,0,0,,,1,1,0
4,004_none_sequential_run04,none,sequential,1778306192.7633607,/big.txt,42205184,131072,sequential,1.0000,0.0000,0,0,,,1,1,0
4,004_none_sequential_run04,none,sequential,1778306192.766032,/big.txt,42336256,131072,sequential,1.0000,0.0000,0,0,,,1,1,0
4,004_none_sequential_run04,none,sequential,1778306192.768695,/big.txt,42467328,131072,sequential,1.0000,0.0000,0,0,,,1,1,0
4,004_none_sequential_run04,none,sequential,1778306192.7713716,/big.txt,42598400,131072,sequential,1.0000,0.0000,0,0,,,1,1,0
4,004_none_sequential_run04,none,sequential,1778306192.7740018,/big.txt,42729472,131072,sequential,1.0000,0.0000,0,0,,,1,1,0
4,004_none_sequential_run04,none,sequential,1778306192.7766562,/big.txt,42860544,131072,sequential,1.0000,0.0000,0,0,,,1,1,0
4,004_none_sequential_run04,none,sequential,1778306192.7794018,/big.txt,42991616,131072,sequential,1.0000,0.0000,0,0,,,1,1,0
4,004_none_sequential_run04,none,sequential,1778306192.782097,/big.txt,43122688,131072,sequential,1.0000,0.0000,0,0,,,1,1,0
4,004_none_sequential_run04,none,sequential,1778306192.7846348,/big.txt,43253760,131072,sequential,1.0000,0.0000,0,0,,,1,1,0
4,004_none_sequential_run04,none,sequential,1778306192.7870495,/big.txt,43384832,131072,sequential,1.0000,0.0000,0,0,,,1,1,0
4,004_none_sequential_run04,none,sequential,1778306192.7895415,/big.txt,43515904,131072,sequential,1.0000,0.0000,0,0,,,1,1,0
4,004_none_sequential_run04,none,sequential,1778306192.7920885,/big.txt,43646976,131072,sequential,1.0000,0.0000,0,0,,,1,1,0
4,004_none_sequential_run04,none,sequential,1778306192.7945964,/big.txt,43778048,131072,sequential,1.0000,0.0000,0,0,,,1,1,0
4,004_none_sequential_run04,none,sequential,1778306192.797084,/big.txt,43909120,131072,sequential,1.0000,0.0000,0,0,,,1,1,0
4,004_none_sequential_run04,none,sequential,1778306192.7995536,/big.txt,44040192,131072,sequential,1.0000,0.0000,0,0,,,1,1,0
4,004_none_sequential_run04,none,sequential,1778306192.8020685,/big.txt,44171264,131072,sequential,1.0000,0.0000,0,0,,,1,1,0
4,004_none_sequential_run04,none,sequential,1778306192.8045797,/big.txt,44302336,131072,sequential,1.0000,0.0000,0,0,,,1,1,0
4,004_none_sequential_run04,none,sequential,1778306192.8071125,/big.txt,44433408,131072,sequential,1.0000,0.0000,0,0,,,1,1,0
4,004_none_sequential_run04,none,sequential,1778306192.8095345,/big.txt,44564480,131072,sequential,1.0000,0.0000,0,0,,,1,1,0
4,004_none_sequential_run04,none,sequential,1778306192.8119206,/big.txt,44695552,131072,sequential,1.0000,0.0000,0,0,,,1,1,0
4,004_none_sequential_run04,none,sequential,1778306192.8142753,/big.txt,44826624,131072,sequential,1.0000,0.0000,0,0,,,1,1,0
4,004_none_sequential_run04,none,sequential,1778306192.816609,/big.txt,44957696,131072,sequential,1.0000,0.0000,0,0,,,1,1,0
4,004_none_sequential_run04,none,sequential,1778306192.8189723,/big.txt,45088768,131072,sequential,1.0000,0.0000,0,0,,,1,1,0
4,004_none_sequential_run04,none,sequential,1778306192.821312,/big.txt,45219840,131072,sequential,1.0000,0.0000,0,0,,,1,1,0
4,004_none_sequential_run04,none,sequential,1778306192.8237488,/big.txt,45350912,131072,sequential,1.0000,0.0000,0,0,,,1,1,0
4,004_none_sequential_run04,none,sequential,1778306192.826075,/big.txt,45481984,131072,sequential,1.0000,0.0000,0,0,,,1,1,0
4,004_none_sequential_run04,none,sequential,1778306192.8284516,/big.txt,45613056,131072,sequential,1.0000,0.0000,0,0,,,1,1,0
4,004_none_sequential_run04,none,sequential,1778306192.8308344,/big.txt,45744128,131072,sequential,1.0000,0.0000,0,0,,,1,1,0
4,004_none_sequential_run04,none,sequential,1778306192.8331723,/big.txt,45875200,131072,sequential,1.0000,0.0000,0,0,,,1,1,0
4,004_none_sequential_run04,none,sequential,1778306192.8355303,/big.txt,46006272,131072,sequential,1.0000,0.0000,0,0,,,1,1,0
4,004_none_sequential_run04,none,sequential,1778306192.8378954,/big.txt,46137344,131072,sequential,1.0000,0.0000,0,0,,,1,1,0
4,004_none_sequential_run04,none,sequential,1778306192.840318,/big.txt,46268416,131072,sequential,1.0000,0.0000,0,0,,,1,1,0
4,004_none_sequential_run04,none,sequential,1778306192.8427017,/big.txt,46399488,131072,sequential,1.0000,0.0000,0,0,,,1,1,0
4,004_none_sequential_run04,none,sequential,1778306192.845099,/big.txt,46530560,131072,sequential,1.0000,0.0000,0,0,,,1,1,0
4,004_none_sequential_run04,none,sequential,1778306192.8475132,/big.txt,46661632,131072,sequential,1.0000,0.0000,0,0,,,1,1,0
4,004_none_sequential_run04,none,sequential,1778306192.8498387,/big.txt,46792704,131072,sequential,1.0000,0.0000,0,0,,,1,1,0
4,004_none_sequential_run04,none,sequential,1778306192.8522472,/big.txt,46923776,131072,sequential,1.0000,0.0000,0,0,,,1,1,0
4,004_none_sequential_run04,none,sequential,1778306192.8546026,/big.txt,47054848,131072,sequential,1.0000,0.0000,0,0,,,1,1,0
4,004_none_sequential_run04,none,sequential,1778306192.8570232,/big.txt,47185920,131072,sequential,1.0000,0.0000,0,0,,,1,1,0
4,004_none_sequential_run04,none,sequential,1778306192.8593884,/big.txt,47316992,131072,sequential,1.0000,0.0000,0,0,,,1,1,0
4,004_none_sequential_run04,none,sequential,1778306192.8617365,/big.txt,47448064,131072,sequential,1.0000,0.0000,0,0,,,1,1,0
4,004_none_sequential_run04,none,sequential,1778306192.8641357,/big.txt,47579136,131072,sequential,1.0000,0.0000,0,0,,,1,1,0
4,004_none_sequential_run04,none,sequential,1778306192.8664958,/big.txt,47710208,131072,sequential,1.0000,0.0000,0,0,,,1,1,0
4,004_none_sequential_run04,none,sequential,1778306192.8688316,/big.txt,47841280,131072,sequential,1.0000,0.0000,0,0,,,1,1,0
4,004_none_sequential_run04,none,sequential,1778306192.8712742,/big.txt,47972352,131072,sequential,1.0000,0.0000,0,0,,,1,1,0
4,004_none_sequential_run04,none,sequential,1778306192.8736384,/big.txt,48103424,131072,sequential,1.0000,0.0000,0,0,,,1,1,0
4,004_none_sequential_run04,none,sequential,1778306192.8760717,/big.txt,48234496,131072,sequential,1.0000,0.0000,0,0,,,1,1,0
4,004_none_sequential_run04,none,sequential,1778306192.8784304,/big.txt,48365568,131072,sequential,1.0000,0.0000,0,0,,,1,1,0
4,004_none_sequential_run04,none,sequential,1778306192.880779,/big.txt,48496640,131072,sequential,1.0000,0.0000,0,0,,,1,1,0
4,004_none_sequential_run04,none,sequential,1778306192.8831604,/big.txt,48627712,131072,sequential,1.0000,0.0000,0,0,,,1,1,0
4,004_none_sequential_run04,none,sequential,1778306192.885486,/big.txt,48758784,131072,sequential,1.0000,0.0000,0,0,,,1,1,0
4,004_none_sequential_run04,none,sequential,1778306192.8878348,/big.txt,48889856,131072,sequential,1.0000,0.0000,0,0,,,1,1,0
4,004_none_sequential_run04,none,sequential,1778306192.8902,/big.txt,49020928,131072,sequential,1.0000,0.0000,0,0,,,1,1,0
4,004_none_sequential_run04,none,sequential,1778306192.8925414,/big.txt,49152000,131072,sequential,1.0000,0.0000,0,0,,,1,1,0
4,004_none_sequential_run04,none,sequential,1778306192.8949602,/big.txt,49283072,131072,sequential,1.0000,0.0000,0,0,,,1,1,0
4,004_none_sequential_run04,none,sequential,1778306192.8973048,/big.txt,49414144,131072,sequential,1.0000,0.0000,0,0,,,1,1,0
4,004_none_sequential_run04,none,sequential,1778306192.8996856,/big.txt,49545216,131072,sequential,1.0000,0.0000,0,0,,,1,1,0
4,004_none_sequential_run04,none,sequential,1778306192.9020476,/big.txt,49676288,131072,sequential,1.0000,0.0000,0,0,,,1,1,0
4,004_none_sequential_run04,none,sequential,1778306192.9044163,/big.txt,49807360,131072,sequential,1.0000,0.0000,0,0,,,1,1,0
4,004_none_sequential_run04,none,sequential,1778306192.9067597,/big.txt,49938432,131072,sequential,1.0000,0.0000,0,0,,,1,1,0
4,004_none_sequential_run04,none,sequential,1778306192.909178,/big.txt,50069504,131072,sequential,1.0000,0.0000,0,0,,,1,1,0
4,004_none_sequential_run04,none,sequential,1778306192.9115431,/big.txt,50200576,131072,sequential,1.0000,0.0000,0,0,,,1,1,0
4,004_none_sequential_run04,none,sequential,1778306192.9138682,/big.txt,50331648,131072,sequential,1.0000,0.0000,0,0,,,1,1,0
4,004_none_sequential_run04,none,sequential,1778306192.9162602,/big.txt,50462720,131072,sequential,1.0000,0.0000,0,0,,,1,1,0
4,004_none_sequential_run04,none,sequential,1778306192.9186337,/big.txt,50593792,131072,sequential,1.0000,0.0000,0,0,,,1,1,0
4,004_none_sequential_run04,none,sequential,1778306192.9209805,/big.txt,50724864,131072,sequential,1.0000,0.0000,0,0,,,1,1,0
4,004_none_sequential_run04,none,sequential,1778306192.9234083,/big.txt,50855936,131072,sequential,1.0000,0.0000,0,0,,,1,1,0
4,004_none_sequential_run04,none,sequential,1778306192.925743,/big.txt,50987008,131072,sequential,1.0000,0.0000,0,0,,,1,1,0
4,004_none_sequential_run04,none,sequential,1778306192.9281425,/big.txt,51118080,131072,sequential,1.0000,0.0000,0,0,,,1,1,0
4,004_none_sequential_run04,none,sequential,1778306192.9305153,/big.txt,51249152,131072,sequential,1.0000,0.0000,0,0,,,1,1,0
4,004_none_sequential_run04,none,sequential,1778306192.932942,/big.txt,51380224,131072,sequential,1.0000,0.0000,0,0,,,1,1,0
4,004_none_sequential_run04,none,sequential,1778306192.935325,/big.txt,51511296,131072,sequential,1.0000,0.0000,0,0,,,1,1,0
4,004_none_sequential_run04,none,sequential,1778306192.9376693,/big.txt,51642368,131072,sequential,1.0000,0.0000,0,0,,,1,1,0
4,004_none_sequential_run04,none,sequential,1778306192.9400473,/big.txt,51773440,131072,sequential,1.0000,0.0000,0,0,,,1,1,0
4,004_none_sequential_run04,none,sequential,1778306192.9423826,/big.txt,51904512,131072,sequential,1.0000,0.0000,0,0,,,1,1,0
4,004_none_sequential_run04,none,sequential,1778306192.944739,/big.txt,52035584,131072,sequential,1.0000,0.0000,0,0,,,1,1,0
4,004_none_sequential_run04,none,sequential,1778306192.9475694,/big.txt,52166656,131072,sequential,1.0000,0.0000,0,0,,,1,1,0
4,004_none_sequential_run04,none,sequential,1778306192.952329,/big.txt,52297728,131072,sequential,1.0000,0.0000,0,0,,,1,1,0
4,004_none_sequential_run04,none,sequential,1778306192.9570808,/big.txt,52428800,131072,sequential,1.0000,0.0000,0,0,,,1,1,0
4,004_none_sequential_run04,none,sequential,1778306192.959651,/big.txt,52559872,131072,sequential,1.0000,0.0000,0,0,,,1,1,0
4,004_none_sequential_run04,none,sequential,1778306192.9619954,/big.txt,52690944,131072,sequential,1.0000,0.0000,0,0,,,1,1,0
4,004_none_sequential_run04,none,sequential,1778306192.9644172,/big.txt,52822016,131072,sequential,1.0000,0.0000,0,0,,,1,1,0
4,004_none_sequential_run04,none,sequential,1778306192.966834,/big.txt,52953088,131072,sequential,1.0000,0.0000,0,0,,,1,1,0
4,004_none_sequential_run04,none,sequential,1778306192.9691887,/big.txt,53084160,131072,sequential,1.0000,0.0000,0,0,,,1,1,0
4,004_none_sequential_run04,none,sequential,1778306192.971551,/big.txt,53215232,131072,sequential,1.0000,0.0000,0,0,,,1,1,0
4,004_none_sequential_run04,none,sequential,1778306192.9738848,/big.txt,53346304,131072,sequential,1.0000,0.0000,0,0,,,1,1,0
4,004_none_sequential_run04,none,sequential,1778306192.9763074,/big.txt,53477376,131072,sequential,1.0000,0.0000,0,0,,,1,1,0
4,004_none_sequential_run04,none,sequential,1778306192.978675,/big.txt,53608448,131072,sequential,1.0000,0.0000,0,0,,,1,1,0
4,004_none_sequential_run04,none,sequential,1778306192.9834664,/big.txt,53739520,131072,sequential,1.0000,0.0000,0,0,,,1,1,0
4,004_none_sequential_run04,none,sequential,1778306192.9882288,/big.txt,53870592,131072,sequential,1.0000,0.0000,0,0,,,1,1,0
4,004_none_sequential_run04,none,sequential,1778306192.9914913,/big.txt,54001664,131072,sequential,1.0000,0.0000,0,0,,,1,1,0
4,004_none_sequential_run04,none,sequential,1778306192.9937212,/big.txt,54132736,131072,sequential,1.0000,0.0000,0,0,,,1,1,0
4,004_none_sequential_run04,none,sequential,1778306192.9959753,/big.txt,54263808,131072,sequential,1.0000,0.0000,0,0,,,1,1,0
4,004_none_sequential_run04,none,sequential,1778306192.998199,/big.txt,54394880,131072,sequential,1.0000,0.0000,0,0,,,1,1,0
4,004_none_sequential_run04,none,sequential,1778306193.0004694,/big.txt,54525952,131072,sequential,1.0000,0.0000,0,0,,,1,1,0
4,004_none_sequential_run04,none,sequential,1778306193.0027118,/big.txt,54657024,131072,sequential,1.0000,0.0000,0,0,,,1,1,0
4,004_none_sequential_run04,none,sequential,1778306193.0049534,/big.txt,54788096,131072,sequential,1.0000,0.0000,0,0,,,1,1,0
4,004_none_sequential_run04,none,sequential,1778306193.0072222,/big.txt,54919168,131072,sequential,1.0000,0.0000,0,0,,,1,1,0
4,004_none_sequential_run04,none,sequential,1778306193.009451,/big.txt,55050240,131072,sequential,1.0000,0.0000,0,0,,,1,1,0
4,004_none_sequential_run04,none,sequential,1778306193.011712,/big.txt,55181312,131072,sequential,1.0000,0.0000,0,0,,,1,1,0
4,004_none_sequential_run04,none,sequential,1778306193.0139234,/big.txt,55312384,131072,sequential,1.0000,0.0000,0,0,,,1,1,0
4,004_none_sequential_run04,none,sequential,1778306193.0161994,/big.txt,55443456,131072,sequential,1.0000,0.0000,0,0,,,1,1,0
4,004_none_sequential_run04,none,sequential,1778306193.0184395,/big.txt,55574528,131072,sequential,1.0000,0.0000,0,0,,,1,1,0
4,004_none_sequential_run04,none,sequential,1778306193.020663,/big.txt,55705600,131072,sequential,1.0000,0.0000,0,0,,,1,1,0
4,004_none_sequential_run04,none,sequential,1778306193.0230026,/big.txt,55836672,131072,sequential,1.0000,0.0000,0,0,,,1,1,0
4,004_none_sequential_run04,none,sequential,1778306193.0252314,/big.txt,55967744,131072,sequential,1.0000,0.0000,0,0,,,1,1,0
4,004_none_sequential_run04,none,sequential,1778306193.0274704,/big.txt,56098816,131072,sequential,1.0000,0.0000,0,0,,,1,1,0
4,004_none_sequential_run04,none,sequential,1778306193.029707,/big.txt,56229888,131072,sequential,1.0000,0.0000,0,0,,,1,1,0
4,004_none_sequential_run04,none,sequential,1778306193.0319724,/big.txt,56360960,131072,sequential,1.0000,0.0000,0,0,,,1,1,0
4,004_none_sequential_run04,none,sequential,1778306193.0342073,/big.txt,56492032,131072,sequential,1.0000,0.0000,0,0,,,1,1,0
4,004_none_sequential_run04,none,sequential,1778306193.0364752,/big.txt,56623104,131072,sequential,1.0000,0.0000,0,0,,,1,1,0
4,004_none_sequential_run04,none,sequential,1778306193.0387042,/big.txt,56754176,131072,sequential,1.0000,0.0000,0,0,,,1,1,0
4,004_none_sequential_run04,none,sequential,1778306193.0409522,/big.txt,56885248,131072,sequential,1.0000,0.0000,0,0,,,1,1,0
4,004_none_sequential_run04,none,sequential,1778306193.0431974,/big.txt,57016320,131072,sequential,1.0000,0.0000,0,0,,,1,1,0
4,004_none_sequential_run04,none,sequential,1778306193.0454524,/big.txt,57147392,131072,sequential,1.0000,0.0000,0,0,,,1,1,0
4,004_none_sequential_run04,none,sequential,1778306193.0477238,/big.txt,57278464,131072,sequential,1.0000,0.0000,0,0,,,1,1,0
4,004_none_sequential_run04,none,sequential,1778306193.0499604,/big.txt,57409536,131072,sequential,1.0000,0.0000,0,0,,,1,1,0
4,004_none_sequential_run04,none,sequential,1778306193.052239,/big.txt,57540608,131072,sequential,1.0000,0.0000,0,0,,,1,1,0
4,004_none_sequential_run04,none,sequential,1778306193.0545323,/big.txt,57671680,131072,sequential,1.0000,0.0000,0,0,,,1,1,0
4,004_none_sequential_run04,none,sequential,1778306193.0567796,/big.txt,57802752,131072,sequential,1.0000,0.0000,0,0,,,1,1,0
4,004_none_sequential_run04,none,sequential,1778306193.0590782,/big.txt,57933824,131072,sequential,1.0000,0.0000,0,0,,,1,1,0
4,004_none_sequential_run04,none,sequential,1778306193.0613015,/big.txt,58064896,131072,sequential,1.0000,0.0000,0,0,,,1,1,0
4,004_none_sequential_run04,none,sequential,1778306193.0658379,/big.txt,58195968,131072,sequential,1.0000,0.0000,0,0,,,1,1,0
4,004_none_sequential_run04,none,sequential,1778306193.0704033,/big.txt,58327040,131072,sequential,1.0000,0.0000,0,0,,,1,1,0
4,004_none_sequential_run04,none,sequential,1778306193.0749812,/big.txt,58458112,131072,sequential,1.0000,0.0000,0,0,,,1,1,0
4,004_none_sequential_run04,none,sequential,1778306193.0772238,/big.txt,58589184,131072,sequential,1.0000,0.0000,0,0,,,1,1,0
4,004_none_sequential_run04,none,sequential,1778306193.0794916,/big.txt,58720256,131072,sequential,1.0000,0.0000,0,0,,,1,1,0
4,004_none_sequential_run04,none,sequential,1778306193.0817175,/big.txt,58851328,131072,sequential,1.0000,0.0000,0,0,,,1,1,0
4,004_none_sequential_run04,none,sequential,1778306193.0840228,/big.txt,58982400,131072,sequential,1.0000,0.0000,0,0,,,1,1,0
4,004_none_sequential_run04,none,sequential,1778306193.086306,/big.txt,59113472,131072,sequential,1.0000,0.0000,0,0,,,1,1,0
4,004_none_sequential_run04,none,sequential,1778306193.0885866,/big.txt,59244544,131072,sequential,1.0000,0.0000,0,0,,,1,1,0
4,004_none_sequential_run04,none,sequential,1778306193.0908196,/big.txt,59375616,131072,sequential,1.0000,0.0000,0,0,,,1,1,0
4,004_none_sequential_run04,none,sequential,1778306193.0930545,/big.txt,59506688,131072,sequential,1.0000,0.0000,0,0,,,1,1,0
4,004_none_sequential_run04,none,sequential,1778306193.0953448,/big.txt,59637760,131072,sequential,1.0000,0.0000,0,0,,,1,1,0
4,004_none_sequential_run04,none,sequential,1778306193.0975888,/big.txt,59768832,131072,sequential,1.0000,0.0000,0,0,,,1,1,0
4,004_none_sequential_run04,none,sequential,1778306193.0998397,/big.txt,59899904,131072,sequential,1.0000,0.0000,0,0,,,1,1,0
4,004_none_sequential_run04,none,sequential,1778306193.1020706,/big.txt,60030976,131072,sequential,1.0000,0.0000,0,0,,,1,1,0
4,004_none_sequential_run04,none,sequential,1778306193.1043704,/big.txt,60162048,131072,sequential,1.0000,0.0000,0,0,,,1,1,0
4,004_none_sequential_run04,none,sequential,1778306193.1066,/big.txt,60293120,131072,sequential,1.0000,0.0000,0,0,,,1,1,0
4,004_none_sequential_run04,none,sequential,1778306193.1088717,/big.txt,60424192,131072,sequential,1.0000,0.0000,0,0,,,1,1,0
4,004_none_sequential_run04,none,sequential,1778306193.1111655,/big.txt,60555264,131072,sequential,1.0000,0.0000,0,0,,,1,1,0
4,004_none_sequential_run04,none,sequential,1778306193.1133904,/big.txt,60686336,131072,sequential,1.0000,0.0000,0,0,,,1,1,0
4,004_none_sequential_run04,none,sequential,1778306193.1156237,/big.txt,60817408,131072,sequential,1.0000,0.0000,0,0,,,1,1,0
4,004_none_sequential_run04,none,sequential,1778306193.1178584,/big.txt,60948480,131072,sequential,1.0000,0.0000,0,0,,,1,1,0
4,004_none_sequential_run04,none,sequential,1778306193.1224701,/big.txt,61079552,131072,sequential,1.0000,0.0000,0,0,,,1,1,0
4,004_none_sequential_run04,none,sequential,1778306193.124748,/big.txt,61210624,131072,sequential,1.0000,0.0000,0,0,,,1,1,0
4,004_none_sequential_run04,none,sequential,1778306193.127025,/big.txt,61341696,131072,sequential,1.0000,0.0000,0,0,,,1,1,0
4,004_none_sequential_run04,none,sequential,1778306193.12927,/big.txt,61472768,131072,sequential,1.0000,0.0000,0,0,,,1,1,0
4,004_none_sequential_run04,none,sequential,1778306193.1315005,/big.txt,61603840,131072,sequential,1.0000,0.0000,0,0,,,1,1,0
4,004_none_sequential_run04,none,sequential,1778306193.1337502,/big.txt,61734912,131072,sequential,1.0000,0.0000,0,0,,,1,1,0
4,004_none_sequential_run04,none,sequential,1778306193.1360512,/big.txt,61865984,131072,sequential,1.0000,0.0000,0,0,,,1,1,0
4,004_none_sequential_run04,none,sequential,1778306193.1383357,/big.txt,61997056,131072,sequential,1.0000,0.0000,0,0,,,1,1,0
4,004_none_sequential_run04,none,sequential,1778306193.1405904,/big.txt,62128128,131072,sequential,1.0000,0.0000,0,0,,,1,1,0
4,004_none_sequential_run04,none,sequential,1778306193.1428387,/big.txt,62259200,131072,sequential,1.0000,0.0000,0,0,,,1,1,0
4,004_none_sequential_run04,none,sequential,1778306193.1451027,/big.txt,62390272,131072,sequential,1.0000,0.0000,0,0,,,1,1,0
4,004_none_sequential_run04,none,sequential,1778306193.14743,/big.txt,62521344,131072,sequential,1.0000,0.0000,0,0,,,1,1,0
4,004_none_sequential_run04,none,sequential,1778306193.1496947,/big.txt,62652416,131072,sequential,1.0000,0.0000,0,0,,,1,1,0
4,004_none_sequential_run04,none,sequential,1778306193.1519945,/big.txt,62783488,131072,sequential,1.0000,0.0000,0,0,,,1,1,0
4,004_none_sequential_run04,none,sequential,1778306193.154262,/big.txt,62914560,131072,sequential,1.0000,0.0000,0,0,,,1,1,0
4,004_none_sequential_run04,none,sequential,1778306193.1565292,/big.txt,63045632,131072,sequential,1.0000,0.0000,0,0,,,1,1,0
4,004_none_sequential_run04,none,sequential,1778306193.1587963,/big.txt,63176704,131072,sequential,1.0000,0.0000,0,0,,,1,1,0
4,004_none_sequential_run04,none,sequential,1778306193.1610234,/big.txt,63307776,131072,sequential,1.0000,0.0000,0,0,,,1,1,0
4,004_none_sequential_run04,none,sequential,1778306193.1633122,/big.txt,63438848,131072,sequential,1.0000,0.0000,0,0,,,1,1,0
4,004_none_sequential_run04,none,sequential,1778306193.1655548,/big.txt,63569920,131072,sequential,1.0000,0.0000,0,0,,,1,1,0
4,004_none_sequential_run04,none,sequential,1778306193.1677954,/big.txt,63700992,131072,sequential,1.0000,0.0000,0,0,,,1,1,0
4,004_none_sequential_run04,none,sequential,1778306193.1700442,/big.txt,63832064,131072,sequential,1.0000,0.0000,0,0,,,1,1,0
4,004_none_sequential_run04,none,sequential,1778306193.1723113,/big.txt,63963136,131072,sequential,1.0000,0.0000,0,0,,,1,1,0
4,004_none_sequential_run04,none,sequential,1778306193.1745462,/big.txt,64094208,131072,sequential,1.0000,0.0000,0,0,,,1,1,0
4,004_none_sequential_run04,none,sequential,1778306193.1768804,/big.txt,64225280,131072,sequential,1.0000,0.0000,0,0,,,1,1,0
4,004_none_sequential_run04,none,sequential,1778306193.1791182,/big.txt,64356352,131072,sequential,1.0000,0.0000,0,0,,,1,1,0
4,004_none_sequential_run04,none,sequential,1778306193.1813474,/big.txt,64487424,131072,sequential,1.0000,0.0000,0,0,,,1,1,0
4,004_none_sequential_run04,none,sequential,1778306193.1836307,/big.txt,64618496,131072,sequential,1.0000,0.0000,0,0,,,1,1,0
4,004_none_sequential_run04,none,sequential,1778306193.185871,/big.txt,64749568,131072,sequential,1.0000,0.0000,0,0,,,1,1,0
4,004_none_sequential_run04,none,sequential,1778306193.1881354,/big.txt,64880640,131072,sequential,1.0000,0.0000,0,0,,,1,1,0
4,004_none_sequential_run04,none,sequential,1778306193.1903741,/big.txt,65011712,131072,sequential,1.0000,0.0000,0,0,,,1,1,0
4,004_none_sequential_run04,none,sequential,1778306193.1926186,/big.txt,65142784,131072,sequential,1.0000,0.0000,0,0,,,1,1,0
4,004_none_sequential_run04,none,sequential,1778306193.1948822,/big.txt,65273856,131072,sequential,1.0000,0.0000,0,0,,,1,1,0
4,004_none_sequential_run04,none,sequential,1778306193.1971033,/big.txt,65404928,131072,sequential,1.0000,0.0000,0,0,,,1,1,0
4,004_none_sequential_run04,none,sequential,1778306193.1993968,/big.txt,65536000,131072,sequential,1.0000,0.0000,0,0,,,1,1,0
4,004_none_sequential_run04,none,sequential,1778306193.2016463,/big.txt,65667072,131072,sequential,1.0000,0.0000,0,0,,,1,1,0
4,004_none_sequential_run04,none,sequential,1778306193.203927,/big.txt,65798144,131072,sequential,1.0000,0.0000,0,0,,,1,1,0
4,004_none_sequential_run04,none,sequential,1778306193.2061677,/big.txt,65929216,131072,sequential,1.0000,0.0000,0,0,,,1,1,0
4,004_none_sequential_run04,none,sequential,1778306193.2084239,/big.txt,66060288,131072,sequential,1.0000,0.0000,0,0,,,1,1,0
4,004_none_sequential_run04,none,sequential,1778306193.210663,/big.txt,66191360,131072,sequential,1.0000,0.0000,0,0,,,1,1,0
4,004_none_sequential_run04,none,sequential,1778306193.2129784,/big.txt,66322432,131072,sequential,1.0000,0.0000,0,0,,,1,1,0
4,004_none_sequential_run04,none,sequential,1778306193.2152655,/big.txt,66453504,131072,sequential,1.0000,0.0000,0,0,,,1,1,0
4,004_none_sequential_run04,none,sequential,1778306193.2174962,/big.txt,66584576,131072,sequential,1.0000,0.0000,0,0,,,1,1,0
4,004_none_sequential_run04,none,sequential,1778306193.2197738,/big.txt,66715648,131072,sequential,1.0000,0.0000,0,0,,,1,1,0
4,004_none_sequential_run04,none,sequential,1778306193.222034,/big.txt,66846720,131072,sequential,1.0000,0.0000,0,0,,,1,1,0
4,004_none_sequential_run04,none,sequential,1778306193.2242877,/big.txt,66977792,131072,sequential,1.0000,0.0000,0,0,,,1,1,0
4,004_none_sequential_run04,none,sequential,1778306193.2265296,/big.txt,67108864,131072,sequential,1.0000,0.0000,0,0,,,1,1,0
4,004_none_sequential_run04,none,sequential,1778306193.2287521,/big.txt,67239936,131072,sequential,1.0000,0.0000,0,0,,,1,1,0
4,004_none_sequential_run04,none,sequential,1778306193.2310464,/big.txt,67371008,131072,sequential,1.0000,0.0000,0,0,,,1,1,0
4,004_none_sequential_run04,none,sequential,1778306193.2333083,/big.txt,67502080,131072,sequential,1.0000,0.0000,0,0,,,1,1,0
4,004_none_sequential_run04,none,sequential,1778306193.2355638,/big.txt,67633152,131072,sequential,1.0000,0.0000,0,0,,,1,1,0
4,004_none_sequential_run04,none,sequential,1778306193.237797,/big.txt,67764224,131072,sequential,1.0000,0.0000,0,0,,,1,1,0
4,004_none_sequential_run04,none,sequential,1778306193.2400863,/big.txt,67895296,131072,sequential,1.0000,0.0000,0,0,,,1,1,0
4,004_none_sequential_run04,none,sequential,1778306193.2423475,/big.txt,68026368,131072,sequential,1.0000,0.0000,0,0,,,1,1,0
4,004_none_sequential_run04,none,sequential,1778306193.2446015,/big.txt,68157440,131072,sequential,1.0000,0.0000,0,0,,,1,1,0
4,004_none_sequential_run04,none,sequential,1778306193.246883,/big.txt,68288512,131072,sequential,1.0000,0.0000,0,0,,,1,1,0
4,004_none_sequential_run04,none,sequential,1778306193.2491226,/big.txt,68419584,131072,sequential,1.0000,0.0000,0,0,,,1,1,0
4,004_none_sequential_run04,none,sequential,1778306193.2513664,/big.txt,68550656,131072,sequential,1.0000,0.0000,0,0,,,1,1,0
4,004_none_sequential_run04,none,sequential,1778306193.253597,/big.txt,68681728,131072,sequential,1.0000,0.0000,0,0,,,1,1,0
4,004_none_sequential_run04,none,sequential,1778306193.2558405,/big.txt,68812800,131072,sequential,1.0000,0.0000,0,0,,,1,1,0
4,004_none_sequential_run04,none,sequential,1778306193.2580895,/big.txt,68943872,131072,sequential,1.0000,0.0000,0,0,,,1,1,0
4,004_none_sequential_run04,none,sequential,1778306193.2603362,/big.txt,69074944,131072,sequential,1.0000,0.0000,0,0,,,1,1,0
4,004_none_sequential_run04,none,sequential,1778306193.26258,/big.txt,69206016,131072,sequential,1.0000,0.0000,0,0,,,1,1,0
4,004_none_sequential_run04,none,sequential,1778306193.2648146,/big.txt,69337088,131072,sequential,1.0000,0.0000,0,0,,,1,1,0
4,004_none_sequential_run04,none,sequential,1778306193.2670622,/big.txt,69468160,131072,sequential,1.0000,0.0000,0,0,,,1,1,0
4,004_none_sequential_run04,none,sequential,1778306193.269301,/big.txt,69599232,131072,sequential,1.0000,0.0000,0,0,,,1,1,0
4,004_none_sequential_run04,none,sequential,1778306193.2715547,/big.txt,69730304,131072,sequential,1.0000,0.0000,0,0,,,1,1,0
4,004_none_sequential_run04,none,sequential,1778306193.273796,/big.txt,69861376,131072,sequential,1.0000,0.0000,0,0,,,1,1,0
4,004_none_sequential_run04,none,sequential,1778306193.2760606,/big.txt,69992448,131072,sequential,1.0000,0.0000,0,0,,,1,1,0
4,004_none_sequential_run04,none,sequential,1778306193.2782838,/big.txt,70123520,131072,sequential,1.0000,0.0000,0,0,,,1,1,0
4,004_none_sequential_run04,none,sequential,1778306193.2805598,/big.txt,70254592,131072,sequential,1.0000,0.0000,0,0,,,1,1,0
4,004_none_sequential_run04,none,sequential,1778306193.28291,/big.txt,70385664,131072,sequential,1.0000,0.0000,0,0,,,1,1,0
4,004_none_sequential_run04,none,sequential,1778306193.2851605,/big.txt,70516736,131072,sequential,1.0000,0.0000,0,0,,,1,1,0
4,004_none_sequential_run04,none,sequential,1778306193.2874112,/big.txt,70647808,131072,sequential,1.0000,0.0000,0,0,,,1,1,0
4,004_none_sequential_run04,none,sequential,1778306193.2896502,/big.txt,70778880,131072,sequential,1.0000,0.0000,0,0,,,1,1,0
4,004_none_sequential_run04,none,sequential,1778306193.29191,/big.txt,70909952,131072,sequential,1.0000,0.0000,0,0,,,1,1,0
4,004_none_sequential_run04,none,sequential,1778306193.2941556,/big.txt,71041024,131072,sequential,1.0000,0.0000,0,0,,,1,1,0
4,004_none_sequential_run04,none,sequential,1778306193.2963998,/big.txt,71172096,131072,sequential,1.0000,0.0000,0,0,,,1,1,0
4,004_none_sequential_run04,none,sequential,1778306193.2986484,/big.txt,71303168,131072,sequential,1.0000,0.0000,0,0,,,1,1,0
4,004_none_sequential_run04,none,sequential,1778306193.3009112,/big.txt,71434240,131072,sequential,1.0000,0.0000,0,0,,,1,1,0
4,004_none_sequential_run04,none,sequential,1778306193.3031437,/big.txt,71565312,131072,sequential,1.0000,0.0000,0,0,,,1,1,0
4,004_none_sequential_run04,none,sequential,1778306193.3053772,/big.txt,71696384,131072,sequential,1.0000,0.0000,0,0,,,1,1,0
4,004_none_sequential_run04,none,sequential,1778306193.307626,/big.txt,71827456,131072,sequential,1.0000,0.0000,0,0,,,1,1,0
4,004_none_sequential_run04,none,sequential,1778306193.3098803,/big.txt,71958528,131072,sequential,1.0000,0.0000,0,0,,,1,1,0
4,004_none_sequential_run04,none,sequential,1778306193.3121507,/big.txt,72089600,131072,sequential,1.0000,0.0000,0,0,,,1,1,0
4,004_none_sequential_run04,none,sequential,1778306193.3143985,/big.txt,72220672,131072,sequential,1.0000,0.0000,0,0,,,1,1,0
4,004_none_sequential_run04,none,sequential,1778306193.3166463,/big.txt,72351744,131072,sequential,1.0000,0.0000,0,0,,,1,1,0
4,004_none_sequential_run04,none,sequential,1778306193.3188696,/big.txt,72482816,131072,sequential,1.0000,0.0000,0,0,,,1,1,0
4,004_none_sequential_run04,none,sequential,1778306193.3211193,/big.txt,72613888,131072,sequential,1.0000,0.0000,0,0,,,1,1,0
4,004_none_sequential_run04,none,sequential,1778306193.3233643,/big.txt,72744960,131072,sequential,1.0000,0.0000,0,0,,,1,1,0
4,004_none_sequential_run04,none,sequential,1778306193.3255908,/big.txt,72876032,131072,sequential,1.0000,0.0000,0,0,,,1,1,0
4,004_none_sequential_run04,none,sequential,1778306193.3277817,/big.txt,73007104,131072,sequential,1.0000,0.0000,0,0,,,1,1,0
4,004_none_sequential_run04,none,sequential,1778306193.3299384,/big.txt,73138176,131072,sequential,1.0000,0.0000,0,0,,,1,1,0
4,004_none_sequential_run04,none,sequential,1778306193.3321123,/big.txt,73269248,131072,sequential,1.0000,0.0000,0,0,,,1,1,0
4,004_none_sequential_run04,none,sequential,1778306193.3342428,/big.txt,73400320,131072,sequential,1.0000,0.0000,0,0,,,1,1,0
4,004_none_sequential_run04,none,sequential,1778306193.3363845,/big.txt,73531392,131072,sequential,1.0000,0.0000,0,0,,,1,1,0
4,004_none_sequential_run04,none,sequential,1778306193.3385947,/big.txt,73662464,131072,sequential,1.0000,0.0000,0,0,,,1,1,0
4,004_none_sequential_run04,none,sequential,1778306193.3407445,/big.txt,73793536,131072,sequential,1.0000,0.0000,0,0,,,1,1,0
4,004_none_sequential_run04,none,sequential,1778306193.3428917,/big.txt,73924608,131072,sequential,1.0000,0.0000,0,0,,,1,1,0
4,004_none_sequential_run04,none,sequential,1778306193.3450253,/big.txt,74055680,131072,sequential,1.0000,0.0000,0,0,,,1,1,0
4,004_none_sequential_run04,none,sequential,1778306193.3479195,/big.txt,74186752,131072,sequential,1.0000,0.0000,0,0,,,1,1,0
4,004_none_sequential_run04,none,sequential,1778306193.3522775,/big.txt,74317824,131072,sequential,1.0000,0.0000,0,0,,,1,1,0
4,004_none_sequential_run04,none,sequential,1778306193.356649,/big.txt,74448896,131072,sequential,1.0000,0.0000,0,0,,,1,1,0
4,004_none_sequential_run04,none,sequential,1778306193.3594496,/big.txt,74579968,131072,sequential,1.0000,0.0000,0,0,,,1,1,0
4,004_none_sequential_run04,none,sequential,1778306193.3615978,/big.txt,74711040,131072,sequential,1.0000,0.0000,0,0,,,1,1,0
4,004_none_sequential_run04,none,sequential,1778306193.3637776,/big.txt,74842112,131072,sequential,1.0000,0.0000,0,0,,,1,1,0
4,004_none_sequential_run04,none,sequential,1778306193.365921,/big.txt,74973184,131072,sequential,1.0000,0.0000,0,0,,,1,1,0
4,004_none_sequential_run04,none,sequential,1778306193.3681092,/big.txt,75104256,131072,sequential,1.0000,0.0000,0,0,,,1,1,0
4,004_none_sequential_run04,none,sequential,1778306193.3702676,/big.txt,75235328,131072,sequential,1.0000,0.0000,0,0,,,1,1,0
4,004_none_sequential_run04,none,sequential,1778306193.372442,/big.txt,75366400,131072,sequential,1.0000,0.0000,0,0,,,1,1,0
4,004_none_sequential_run04,none,sequential,1778306193.37458,/big.txt,75497472,131072,sequential,1.0000,0.0000,0,0,,,1,1,0
4,004_none_sequential_run04,none,sequential,1778306193.3767362,/big.txt,75628544,131072,sequential,1.0000,0.0000,0,0,,,1,1,0
4,004_none_sequential_run04,none,sequential,1778306193.3789365,/big.txt,75759616,131072,sequential,1.0000,0.0000,0,0,,,1,1,0
4,004_none_sequential_run04,none,sequential,1778306193.3810818,/big.txt,75890688,131072,sequential,1.0000,0.0000,0,0,,,1,1,0
4,004_none_sequential_run04,none,sequential,1778306193.3832815,/big.txt,76021760,131072,sequential,1.0000,0.0000,0,0,,,1,1,0
4,004_none_sequential_run04,none,sequential,1778306193.385432,/big.txt,76152832,131072,sequential,1.0000,0.0000,0,0,,,1,1,0
4,004_none_sequential_run04,none,sequential,1778306193.3876307,/big.txt,76283904,131072,sequential,1.0000,0.0000,0,0,,,1,1,0
4,004_none_sequential_run04,none,sequential,1778306193.3897758,/big.txt,76414976,131072,sequential,1.0000,0.0000,0,0,,,1,1,0
4,004_none_sequential_run04,none,sequential,1778306193.3919418,/big.txt,76546048,131072,sequential,1.0000,0.0000,0,0,,,1,1,0
4,004_none_sequential_run04,none,sequential,1778306193.3940861,/big.txt,76677120,131072,sequential,1.0000,0.0000,0,0,,,1,1,0
4,004_none_sequential_run04,none,sequential,1778306193.3962703,/big.txt,76808192,131072,sequential,1.0000,0.0000,0,0,,,1,1,0
4,004_none_sequential_run04,none,sequential,1778306193.3984127,/big.txt,76939264,131072,sequential,1.0000,0.0000,0,0,,,1,1,0
4,004_none_sequential_run04,none,sequential,1778306193.4005632,/big.txt,77070336,131072,sequential,1.0000,0.0000,0,0,,,1,1,0
4,004_none_sequential_run04,none,sequential,1778306193.402702,/big.txt,77201408,131072,sequential,1.0000,0.0000,0,0,,,1,1,0
4,004_none_sequential_run04,none,sequential,1778306193.4048338,/big.txt,77332480,131072,sequential,1.0000,0.0000,0,0,,,1,1,0
4,004_none_sequential_run04,none,sequential,1778306193.4070718,/big.txt,77463552,131072,sequential,1.0000,0.0000,0,0,,,1,1,0
4,004_none_sequential_run04,none,sequential,1778306193.4091914,/big.txt,77594624,131072,sequential,1.0000,0.0000,0,0,,,1,1,0
4,004_none_sequential_run04,none,sequential,1778306193.4113626,/big.txt,77725696,131072,sequential,1.0000,0.0000,0,0,,,1,1,0
4,004_none_sequential_run04,none,sequential,1778306193.4135168,/big.txt,77856768,131072,sequential,1.0000,0.0000,0,0,,,1,1,0
4,004_none_sequential_run04,none,sequential,1778306193.4156675,/big.txt,77987840,131072,sequential,1.0000,0.0000,0,0,,,1,1,0
4,004_none_sequential_run04,none,sequential,1778306193.4178221,/big.txt,78118912,131072,sequential,1.0000,0.0000,0,0,,,1,1,0
4,004_none_sequential_run04,none,sequential,1778306193.4199843,/big.txt,78249984,131072,sequential,1.0000,0.0000,0,0,,,1,1,0
4,004_none_sequential_run04,none,sequential,1778306193.4221249,/big.txt,78381056,131072,sequential,1.0000,0.0000,0,0,,,1,1,0
4,004_none_sequential_run04,none,sequential,1778306193.4242826,/big.txt,78512128,131072,sequential,1.0000,0.0000,0,0,,,1,1,0
4,004_none_sequential_run04,none,sequential,1778306193.426423,/big.txt,78643200,131072,sequential,1.0000,0.0000,0,0,,,1,1,0
4,004_none_sequential_run04,none,sequential,1778306193.4285967,/big.txt,78774272,131072,sequential,1.0000,0.0000,0,0,,,1,1,0
4,004_none_sequential_run04,none,sequential,1778306193.430714,/big.txt,78905344,131072,sequential,1.0000,0.0000,0,0,,,1,1,0
4,004_none_sequential_run04,none,sequential,1778306193.4329011,/big.txt,79036416,131072,sequential,1.0000,0.0000,0,0,,,1,1,0
4,004_none_sequential_run04,none,sequential,1778306193.4350824,/big.txt,79167488,131072,sequential,1.0000,0.0000,0,0,,,1,1,0
4,004_none_sequential_run04,none,sequential,1778306193.4372313,/big.txt,79298560,131072,sequential,1.0000,0.0000,0,0,,,1,1,0
4,004_none_sequential_run04,none,sequential,1778306193.4394684,/big.txt,79429632,131072,sequential,1.0000,0.0000,0,0,,,1,1,0
4,004_none_sequential_run04,none,sequential,1778306193.4416173,/big.txt,79560704,131072,sequential,1.0000,0.0000,0,0,,,1,1,0
4,004_none_sequential_run04,none,sequential,1778306193.4437683,/big.txt,79691776,131072,sequential,1.0000,0.0000,0,0,,,1,1,0
4,004_none_sequential_run04,none,sequential,1778306193.4459124,/big.txt,79822848,131072,sequential,1.0000,0.0000,0,0,,,1,1,0
4,004_none_sequential_run04,none,sequential,1778306193.448065,/big.txt,79953920,131072,sequential,1.0000,0.0000,0,0,,,1,1,0
4,004_none_sequential_run04,none,sequential,1778306193.450207,/big.txt,80084992,131072,sequential,1.0000,0.0000,0,0,,,1,1,0
4,004_none_sequential_run04,none,sequential,1778306193.4523828,/big.txt,80216064,131072,sequential,1.0000,0.0000,0,0,,,1,1,0
4,004_none_sequential_run04,none,sequential,1778306193.4545326,/big.txt,80347136,131072,sequential,1.0000,0.0000,0,0,,,1,1,0
4,004_none_sequential_run04,none,sequential,1778306193.4567006,/big.txt,80478208,131072,sequential,1.0000,0.0000,0,0,,,1,1,0
4,004_none_sequential_run04,none,sequential,1778306193.4588442,/big.txt,80609280,131072,sequential,1.0000,0.0000,0,0,,,1,1,0
4,004_none_sequential_run04,none,sequential,1778306193.4609861,/big.txt,80740352,131072,sequential,1.0000,0.0000,0,0,,,1,1,0
4,004_none_sequential_run04,none,sequential,1778306193.4631832,/big.txt,80871424,131072,sequential,1.0000,0.0000,0,0,,,1,1,0
4,004_none_sequential_run04,none,sequential,1778306193.4653184,/big.txt,81002496,131072,sequential,1.0000,0.0000,0,0,,,1,1,0
4,004_none_sequential_run04,none,sequential,1778306193.4674857,/big.txt,81133568,131072,sequential,1.0000,0.0000,0,0,,,1,1,0
4,004_none_sequential_run04,none,sequential,1778306193.4696226,/big.txt,81264640,131072,sequential,1.0000,0.0000,0,0,,,1,1,0
4,004_none_sequential_run04,none,sequential,1778306193.4718118,/big.txt,81395712,131072,sequential,1.0000,0.0000,0,0,,,1,1,0
4,004_none_sequential_run04,none,sequential,1778306193.4739516,/big.txt,81526784,131072,sequential,1.0000,0.0000,0,0,,,1,1,0
4,004_none_sequential_run04,none,sequential,1778306193.4760978,/big.txt,81657856,131072,sequential,1.0000,0.0000,0,0,,,1,1,0
4,004_none_sequential_run04,none,sequential,1778306193.4782403,/big.txt,81788928,131072,sequential,1.0000,0.0000,0,0,,,1,1,0
4,004_none_sequential_run04,none,sequential,1778306193.4803956,/big.txt,81920000,131072,sequential,1.0000,0.0000,0,0,,,1,1,0
4,004_none_sequential_run04,none,sequential,1778306193.482538,/big.txt,82051072,131072,sequential,1.0000,0.0000,0,0,,,1,1,0
4,004_none_sequential_run04,none,sequential,1778306193.4847016,/big.txt,82182144,131072,sequential,1.0000,0.0000,0,0,,,1,1,0
4,004_none_sequential_run04,none,sequential,1778306193.486917,/big.txt,82313216,131072,sequential,1.0000,0.0000,0,0,,,1,1,0
4,004_none_sequential_run04,none,sequential,1778306193.4890711,/big.txt,82444288,131072,sequential,1.0000,0.0000,0,0,,,1,1,0
4,004_none_sequential_run04,none,sequential,1778306193.4912212,/big.txt,82575360,131072,sequential,1.0000,0.0000,0,0,,,1,1,0
4,004_none_sequential_run04,none,sequential,1778306193.4933593,/big.txt,82706432,131072,sequential,1.0000,0.0000,0,0,,,1,1,0
4,004_none_sequential_run04,none,sequential,1778306193.4955807,/big.txt,82837504,131072,sequential,1.0000,0.0000,0,0,,,1,1,0
4,004_none_sequential_run04,none,sequential,1778306193.497731,/big.txt,82968576,131072,sequential,1.0000,0.0000,0,0,,,1,1,0
4,004_none_sequential_run04,none,sequential,1778306193.4998899,/big.txt,83099648,131072,sequential,1.0000,0.0000,0,0,,,1,1,0
4,004_none_sequential_run04,none,sequential,1778306193.5020382,/big.txt,83230720,131072,sequential,1.0000,0.0000,0,0,,,1,1,0
4,004_none_sequential_run04,none,sequential,1778306193.504177,/big.txt,83361792,131072,sequential,1.0000,0.0000,0,0,,,1,1,0
4,004_none_sequential_run04,none,sequential,1778306193.506322,/big.txt,83492864,131072,sequential,1.0000,0.0000,0,0,,,1,1,0
4,004_none_sequential_run04,none,sequential,1778306193.5084798,/big.txt,83623936,131072,sequential,1.0000,0.0000,0,0,,,1,1,0
4,004_none_sequential_run04,none,sequential,1778306193.5106049,/big.txt,83755008,131072,sequential,1.0000,0.0000,0,0,,,1,1,0
4,004_none_sequential_run04,none,sequential,1778306193.51281,/big.txt,83886080,131072,sequential,1.0000,0.0000,0,0,,,1,1,0
4,004_none_sequential_run04,none,sequential,1778306193.5149555,/big.txt,84017152,131072,sequential,1.0000,0.0000,0,0,,,1,1,0
4,004_none_sequential_run04,none,sequential,1778306193.5170827,/big.txt,84148224,131072,sequential,1.0000,0.0000,0,0,,,1,1,0
4,004_none_sequential_run04,none,sequential,1778306193.5192735,/big.txt,84279296,131072,sequential,1.0000,0.0000,0,0,,,1,1,0
4,004_none_sequential_run04,none,sequential,1778306193.521407,/big.txt,84410368,131072,sequential,1.0000,0.0000,0,0,,,1,1,0
4,004_none_sequential_run04,none,sequential,1778306193.5235505,/big.txt,84541440,131072,sequential,1.0000,0.0000,0,0,,,1,1,0
4,004_none_sequential_run04,none,sequential,1778306193.525711,/big.txt,84672512,131072,sequential,1.0000,0.0000,0,0,,,1,1,0
4,004_none_sequential_run04,none,sequential,1778306193.5278873,/big.txt,84803584,131072,sequential,1.0000,0.0000,0,0,,,1,1,0
4,004_none_sequential_run04,none,sequential,1778306193.5300262,/big.txt,84934656,131072,sequential,1.0000,0.0000,0,0,,,1,1,0
4,004_none_sequential_run04,none,sequential,1778306193.5321724,/big.txt,85065728,131072,sequential,1.0000,0.0000,0,0,,,1,1,0
4,004_none_sequential_run04,none,sequential,1778306193.5343509,/big.txt,85196800,131072,sequential,1.0000,0.0000,0,0,,,1,1,0
4,004_none_sequential_run04,none,sequential,1778306193.5365155,/big.txt,85327872,131072,sequential,1.0000,0.0000,0,0,,,1,1,0
4,004_none_sequential_run04,none,sequential,1778306193.538653,/big.txt,85458944,131072,sequential,1.0000,0.0000,0,0,,,1,1,0
4,004_none_sequential_run04,none,sequential,1778306193.5407882,/big.txt,85590016,131072,sequential,1.0000,0.0000,0,0,,,1,1,0
4,004_none_sequential_run04,none,sequential,1778306193.5429935,/big.txt,85721088,131072,sequential,1.0000,0.0000,0,0,,,1,1,0
4,004_none_sequential_run04,none,sequential,1778306193.545138,/big.txt,85852160,131072,sequential,1.0000,0.0000,0,0,,,1,1,0
4,004_none_sequential_run04,none,sequential,1778306193.547311,/big.txt,85983232,131072,sequential,1.0000,0.0000,0,0,,,1,1,0
4,004_none_sequential_run04,none,sequential,1778306193.5494359,/big.txt,86114304,131072,sequential,1.0000,0.0000,0,0,,,1,1,0
4,004_none_sequential_run04,none,sequential,1778306193.5516083,/big.txt,86245376,131072,sequential,1.0000,0.0000,0,0,,,1,1,0
4,004_none_sequential_run04,none,sequential,1778306193.5537567,/big.txt,86376448,131072,sequential,1.0000,0.0000,0,0,,,1,1,0
4,004_none_sequential_run04,none,sequential,1778306193.5559351,/big.txt,86507520,131072,sequential,1.0000,0.0000,0,0,,,1,1,0
4,004_none_sequential_run04,none,sequential,1778306193.558075,/big.txt,86638592,131072,sequential,1.0000,0.0000,0,0,,,1,1,0
4,004_none_sequential_run04,none,sequential,1778306193.560245,/big.txt,86769664,131072,sequential,1.0000,0.0000,0,0,,,1,1,0
4,004_none_sequential_run04,none,sequential,1778306193.5623956,/big.txt,86900736,131072,sequential,1.0000,0.0000,0,0,,,1,1,0
4,004_none_sequential_run04,none,sequential,1778306193.564649,/big.txt,87031808,131072,sequential,1.0000,0.0000,0,0,,,1,1,0
4,004_none_sequential_run04,none,sequential,1778306193.5668836,/big.txt,87162880,131072,sequential,1.0000,0.0000,0,0,,,1,1,0
4,004_none_sequential_run04,none,sequential,1778306193.569078,/big.txt,87293952,131072,sequential,1.0000,0.0000,0,0,,,1,1,0
4,004_none_sequential_run04,none,sequential,1778306193.5712664,/big.txt,87425024,131072,sequential,1.0000,0.0000,0,0,,,1,1,0
4,004_none_sequential_run04,none,sequential,1778306193.573414,/big.txt,87556096,131072,sequential,1.0000,0.0000,0,0,,,1,1,0
4,004_none_sequential_run04,none,sequential,1778306193.5755913,/big.txt,87687168,131072,sequential,1.0000,0.0000,0,0,,,1,1,0
4,004_none_sequential_run04,none,sequential,1778306193.5777392,/big.txt,87818240,131072,sequential,1.0000,0.0000,0,0,,,1,1,0
4,004_none_sequential_run04,none,sequential,1778306193.5799115,/big.txt,87949312,131072,sequential,1.0000,0.0000,0,0,,,1,1,0
4,004_none_sequential_run04,none,sequential,1778306193.5820448,/big.txt,88080384,131072,sequential,1.0000,0.0000,0,0,,,1,1,0
4,004_none_sequential_run04,none,sequential,1778306193.5842226,/big.txt,88211456,131072,sequential,1.0000,0.0000,0,0,,,1,1,0
4,004_none_sequential_run04,none,sequential,1778306193.5863688,/big.txt,88342528,131072,sequential,1.0000,0.0000,0,0,,,1,1,0
4,004_none_sequential_run04,none,sequential,1778306193.5885115,/big.txt,88473600,131072,sequential,1.0000,0.0000,0,0,,,1,1,0
4,004_none_sequential_run04,none,sequential,1778306193.5906727,/big.txt,88604672,131072,sequential,1.0000,0.0000,0,0,,,1,1,0
4,004_none_sequential_run04,none,sequential,1778306193.5928214,/big.txt,88735744,131072,sequential,1.0000,0.0000,0,0,,,1,1,0
4,004_none_sequential_run04,none,sequential,1778306193.5949714,/big.txt,88866816,131072,sequential,1.0000,0.0000,0,0,,,1,1,0
4,004_none_sequential_run04,none,sequential,1778306193.5971134,/big.txt,88997888,131072,sequential,1.0000,0.0000,0,0,,,1,1,0
4,004_none_sequential_run04,none,sequential,1778306193.599277,/big.txt,89128960,131072,sequential,1.0000,0.0000,0,0,,,1,1,0
4,004_none_sequential_run04,none,sequential,1778306193.601432,/big.txt,89260032,131072,sequential,1.0000,0.0000,0,0,,,1,1,0
4,004_none_sequential_run04,none,sequential,1778306193.6036077,/big.txt,89391104,131072,sequential,1.0000,0.0000,0,0,,,1,1,0
4,004_none_sequential_run04,none,sequential,1778306193.605748,/big.txt,89522176,131072,sequential,1.0000,0.0000,0,0,,,1,1,0
4,004_none_sequential_run04,none,sequential,1778306193.607924,/big.txt,89653248,131072,sequential,1.0000,0.0000,0,0,,,1,1,0
4,004_none_sequential_run04,none,sequential,1778306193.6100786,/big.txt,89784320,131072,sequential,1.0000,0.0000,0,0,,,1,1,0
4,004_none_sequential_run04,none,sequential,1778306193.6122313,/big.txt,89915392,131072,sequential,1.0000,0.0000,0,0,,,1,1,0
4,004_none_sequential_run04,none,sequential,1778306193.6143804,/big.txt,90046464,131072,sequential,1.0000,0.0000,0,0,,,1,1,0
4,004_none_sequential_run04,none,sequential,1778306193.6165555,/big.txt,90177536,131072,sequential,1.0000,0.0000,0,0,,,1,1,0
4,004_none_sequential_run04,none,sequential,1778306193.6187284,/big.txt,90308608,131072,sequential,1.0000,0.0000,0,0,,,1,1,0
4,004_none_sequential_run04,none,sequential,1778306193.6209075,/big.txt,90439680,131072,sequential,1.0000,0.0000,0,0,,,1,1,0
4,004_none_sequential_run04,none,sequential,1778306193.6230583,/big.txt,90570752,131072,sequential,1.0000,0.0000,0,0,,,1,1,0
4,004_none_sequential_run04,none,sequential,1778306193.6252415,/big.txt,90701824,131072,sequential,1.0000,0.0000,0,0,,,1,1,0
4,004_none_sequential_run04,none,sequential,1778306193.6274867,/big.txt,90832896,131072,sequential,1.0000,0.0000,0,0,,,1,1,0
4,004_none_sequential_run04,none,sequential,1778306193.6296513,/big.txt,90963968,131072,sequential,1.0000,0.0000,0,0,,,1,1,0
4,004_none_sequential_run04,none,sequential,1778306193.6318433,/big.txt,91095040,131072,sequential,1.0000,0.0000,0,0,,,1,1,0
4,004_none_sequential_run04,none,sequential,1778306193.633976,/big.txt,91226112,131072,sequential,1.0000,0.0000,0,0,,,1,1,0
4,004_none_sequential_run04,none,sequential,1778306193.6361287,/big.txt,91357184,131072,sequential,1.0000,0.0000,0,0,,,1,1,0
4,004_none_sequential_run04,none,sequential,1778306193.6382785,/big.txt,91488256,131072,sequential,1.0000,0.0000,0,0,,,1,1,0
4,004_none_sequential_run04,none,sequential,1778306193.6404433,/big.txt,91619328,131072,sequential,1.0000,0.0000,0,0,,,1,1,0
4,004_none_sequential_run04,none,sequential,1778306193.6425848,/big.txt,91750400,131072,sequential,1.0000,0.0000,0,0,,,1,1,0
4,004_none_sequential_run04,none,sequential,1778306193.6448526,/big.txt,91881472,131072,sequential,1.0000,0.0000,0,0,,,1,1,0
4,004_none_sequential_run04,none,sequential,1778306193.6470392,/big.txt,92012544,131072,sequential,1.0000,0.0000,0,0,,,1,1,0
4,004_none_sequential_run04,none,sequential,1778306193.649179,/big.txt,92143616,131072,sequential,1.0000,0.0000,0,0,,,1,1,0
4,004_none_sequential_run04,none,sequential,1778306193.652784,/big.txt,92274688,131072,sequential,1.0000,0.0000,0,0,,,1,1,0
4,004_none_sequential_run04,none,sequential,1778306193.6571681,/big.txt,92405760,131072,sequential,1.0000,0.0000,0,0,,,1,1,0
4,004_none_sequential_run04,none,sequential,1778306193.661522,/big.txt,92536832,131072,sequential,1.0000,0.0000,0,0,,,1,1,0
4,004_none_sequential_run04,none,sequential,1778306193.663716,/big.txt,92667904,131072,sequential,1.0000,0.0000,0,0,,,1,1,0
4,004_none_sequential_run04,none,sequential,1778306193.6658576,/big.txt,92798976,131072,sequential,1.0000,0.0000,0,0,,,1,1,0
4,004_none_sequential_run04,none,sequential,1778306193.6680562,/big.txt,92930048,131072,sequential,1.0000,0.0000,0,0,,,1,1,0
4,004_none_sequential_run04,none,sequential,1778306193.6702733,/big.txt,93061120,131072,sequential,1.0000,0.0000,0,0,,,1,1,0
4,004_none_sequential_run04,none,sequential,1778306193.6724455,/big.txt,93192192,131072,sequential,1.0000,0.0000,0,0,,,1,1,0
4,004_none_sequential_run04,none,sequential,1778306193.6745987,/big.txt,93323264,131072,sequential,1.0000,0.0000,0,0,,,1,1,0
4,004_none_sequential_run04,none,sequential,1778306193.6768274,/big.txt,93454336,131072,sequential,1.0000,0.0000,0,0,,,1,1,0
4,004_none_sequential_run04,none,sequential,1778306193.6789842,/big.txt,93585408,131072,sequential,1.0000,0.0000,0,0,,,1,1,0
4,004_none_sequential_run04,none,sequential,1778306193.6811297,/big.txt,93716480,131072,sequential,1.0000,0.0000,0,0,,,1,1,0
4,004_none_sequential_run04,none,sequential,1778306193.683395,/big.txt,93847552,131072,sequential,1.0000,0.0000,0,0,,,1,1,0
4,004_none_sequential_run04,none,sequential,1778306193.6855276,/big.txt,93978624,131072,sequential,1.0000,0.0000,0,0,,,1,1,0
4,004_none_sequential_run04,none,sequential,1778306193.687735,/big.txt,94109696,131072,sequential,1.0000,0.0000,0,0,,,1,1,0
4,004_none_sequential_run04,none,sequential,1778306193.6898928,/big.txt,94240768,131072,sequential,1.0000,0.0000,0,0,,,1,1,0
4,004_none_sequential_run04,none,sequential,1778306193.6920774,/big.txt,94371840,131072,sequential,1.0000,0.0000,0,0,,,1,1,0
4,004_none_sequential_run04,none,sequential,1778306193.694217,/big.txt,94502912,131072,sequential,1.0000,0.0000,0,0,,,1,1,0
4,004_none_sequential_run04,none,sequential,1778306193.6963868,/big.txt,94633984,131072,sequential,1.0000,0.0000,0,0,,,1,1,0
4,004_none_sequential_run04,none,sequential,1778306193.6985347,/big.txt,94765056,131072,sequential,1.0000,0.0000,0,0,,,1,1,0
4,004_none_sequential_run04,none,sequential,1778306193.7007153,/big.txt,94896128,131072,sequential,1.0000,0.0000,0,0,,,1,1,0
4,004_none_sequential_run04,none,sequential,1778306193.7029097,/big.txt,95027200,131072,sequential,1.0000,0.0000,0,0,,,1,1,0
4,004_none_sequential_run04,none,sequential,1778306193.7050612,/big.txt,95158272,131072,sequential,1.0000,0.0000,0,0,,,1,1,0
4,004_none_sequential_run04,none,sequential,1778306193.707209,/big.txt,95289344,131072,sequential,1.0000,0.0000,0,0,,,1,1,0
4,004_none_sequential_run04,none,sequential,1778306193.7093673,/big.txt,95420416,131072,sequential,1.0000,0.0000,0,0,,,1,1,0
4,004_none_sequential_run04,none,sequential,1778306193.7115214,/big.txt,95551488,131072,sequential,1.0000,0.0000,0,0,,,1,1,0
4,004_none_sequential_run04,none,sequential,1778306193.7136629,/big.txt,95682560,131072,sequential,1.0000,0.0000,0,0,,,1,1,0
4,004_none_sequential_run04,none,sequential,1778306193.7158298,/big.txt,95813632,131072,sequential,1.0000,0.0000,0,0,,,1,1,0
4,004_none_sequential_run04,none,sequential,1778306193.7179728,/big.txt,95944704,131072,sequential,1.0000,0.0000,0,0,,,1,1,0
4,004_none_sequential_run04,none,sequential,1778306193.720146,/big.txt,96075776,131072,sequential,1.0000,0.0000,0,0,,,1,1,0
4,004_none_sequential_run04,none,sequential,1778306193.7222834,/big.txt,96206848,131072,sequential,1.0000,0.0000,0,0,,,1,1,0
4,004_none_sequential_run04,none,sequential,1778306193.7244484,/big.txt,96337920,131072,sequential,1.0000,0.0000,0,0,,,1,1,0
4,004_none_sequential_run04,none,sequential,1778306193.7265785,/big.txt,96468992,131072,sequential,1.0000,0.0000,0,0,,,1,1,0
4,004_none_sequential_run04,none,sequential,1778306193.7287395,/big.txt,96600064,131072,sequential,1.0000,0.0000,0,0,,,1,1,0
4,004_none_sequential_run04,none,sequential,1778306193.730934,/big.txt,96731136,131072,sequential,1.0000,0.0000,0,0,,,1,1,0
4,004_none_sequential_run04,none,sequential,1778306193.733074,/big.txt,96862208,131072,sequential,1.0000,0.0000,0,0,,,1,1,0
4,004_none_sequential_run04,none,sequential,1778306193.735252,/big.txt,96993280,131072,sequential,1.0000,0.0000,0,0,,,1,1,0
4,004_none_sequential_run04,none,sequential,1778306193.7373872,/big.txt,97124352,131072,sequential,1.0000,0.0000,0,0,,,1,1,0
4,004_none_sequential_run04,none,sequential,1778306193.7395425,/big.txt,97255424,131072,sequential,1.0000,0.0000,0,0,,,1,1,0
4,004_none_sequential_run04,none,sequential,1778306193.7417014,/big.txt,97386496,131072,sequential,1.0000,0.0000,0,0,,,1,1,0
4,004_none_sequential_run04,none,sequential,1778306193.743898,/big.txt,97517568,131072,sequential,1.0000,0.0000,0,0,,,1,1,0
4,004_none_sequential_run04,none,sequential,1778306193.7460449,/big.txt,97648640,131072,sequential,1.0000,0.0000,0,0,,,1,1,0
4,004_none_sequential_run04,none,sequential,1778306193.7482116,/big.txt,97779712,131072,sequential,1.0000,0.0000,0,0,,,1,1,0
4,004_none_sequential_run04,none,sequential,1778306193.7503543,/big.txt,97910784,131072,sequential,1.0000,0.0000,0,0,,,1,1,0
4,004_none_sequential_run04,none,sequential,1778306193.752516,/big.txt,98041856,131072,sequential,1.0000,0.0000,0,0,,,1,1,0
4,004_none_sequential_run04,none,sequential,1778306193.7546732,/big.txt,98172928,131072,sequential,1.0000,0.0000,0,0,,,1,1,0
4,004_none_sequential_run04,none,sequential,1778306193.7568605,/big.txt,98304000,131072,sequential,1.0000,0.0000,0,0,,,1,1,0
4,004_none_sequential_run04,none,sequential,1778306193.7590172,/big.txt,98435072,131072,sequential,1.0000,0.0000,0,0,,,1,1,0
4,004_none_sequential_run04,none,sequential,1778306193.7611783,/big.txt,98566144,131072,sequential,1.0000,0.0000,0,0,,,1,1,0
4,004_none_sequential_run04,none,sequential,1778306193.7648427,/big.txt,98697216,131072,sequential,1.0000,0.0000,0,0,,,1,1,0
4,004_none_sequential_run04,none,sequential,1778306193.769232,/big.txt,98828288,131072,sequential,1.0000,0.0000,0,0,,,1,1,0
4,004_none_sequential_run04,none,sequential,1778306193.7736168,/big.txt,98959360,131072,sequential,1.0000,0.0000,0,0,,,1,1,0
4,004_none_sequential_run04,none,sequential,1778306193.775873,/big.txt,99090432,131072,sequential,1.0000,0.0000,0,0,,,1,1,0
4,004_none_sequential_run04,none,sequential,1778306193.7780893,/big.txt,99221504,131072,sequential,1.0000,0.0000,0,0,,,1,1,0
4,004_none_sequential_run04,none,sequential,1778306193.7803426,/big.txt,99352576,131072,sequential,1.0000,0.0000,0,0,,,1,1,0
4,004_none_sequential_run04,none,sequential,1778306193.7825556,/big.txt,99483648,131072,sequential,1.0000,0.0000,0,0,,,1,1,0
4,004_none_sequential_run04,none,sequential,1778306193.7847116,/big.txt,99614720,131072,sequential,1.0000,0.0000,0,0,,,1,1,0
4,004_none_sequential_run04,none,sequential,1778306193.7868683,/big.txt,99745792,131072,sequential,1.0000,0.0000,0,0,,,1,1,0
4,004_none_sequential_run04,none,sequential,1778306193.7889972,/big.txt,99876864,131072,sequential,1.0000,0.0000,0,0,,,1,1,0
4,004_none_sequential_run04,none,sequential,1778306193.7910604,/big.txt,100007936,131072,sequential,1.0000,0.0000,0,0,,,1,1,0
4,004_none_sequential_run04,none,sequential,1778306193.7931287,/big.txt,100139008,131072,sequential,1.0000,0.0000,0,0,,,1,1,0
4,004_none_sequential_run04,none,sequential,1778306193.795259,/big.txt,100270080,131072,sequential,1.0000,0.0000,0,0,,,1,1,0
4,004_none_sequential_run04,none,sequential,1778306193.797318,/big.txt,100401152,131072,sequential,1.0000,0.0000,0,0,,,1,1,0
4,004_none_sequential_run04,none,sequential,1778306193.7993917,/big.txt,100532224,131072,sequential,1.0000,0.0000,0,0,,,1,1,0
4,004_none_sequential_run04,none,sequential,1778306193.801461,/big.txt,100663296,131072,sequential,1.0000,0.0000,0,0,,,1,1,0
4,004_none_sequential_run04,none,sequential,1778306193.8035917,/big.txt,100794368,131072,sequential,1.0000,0.0000,0,0,,,1,1,0
4,004_none_sequential_run04,none,sequential,1778306193.8056672,/big.txt,100925440,131072,sequential,1.0000,0.0000,0,0,,,1,1,0
4,004_none_sequential_run04,none,sequential,1778306193.8077514,/big.txt,101056512,131072,sequential,1.0000,0.0000,0,0,,,1,1,0
4,004_none_sequential_run04,none,sequential,1778306193.8098247,/big.txt,101187584,131072,sequential,1.0000,0.0000,0,0,,,1,1,0
4,004_none_sequential_run04,none,sequential,1778306193.8118994,/big.txt,101318656,131072,sequential,1.0000,0.0000,0,0,,,1,1,0
4,004_none_sequential_run04,none,sequential,1778306193.813964,/big.txt,101449728,131072,sequential,1.0000,0.0000,0,0,,,1,1,0
4,004_none_sequential_run04,none,sequential,1778306193.816039,/big.txt,101580800,131072,sequential,1.0000,0.0000,0,0,,,1,1,0
4,004_none_sequential_run04,none,sequential,1778306193.818118,/big.txt,101711872,131072,sequential,1.0000,0.0000,0,0,,,1,1,0
4,004_none_sequential_run04,none,sequential,1778306193.8202012,/big.txt,101842944,131072,sequential,1.0000,0.0000,0,0,,,1,1,0
4,004_none_sequential_run04,none,sequential,1778306193.8222685,/big.txt,101974016,131072,sequential,1.0000,0.0000,0,0,,,1,1,0
4,004_none_sequential_run04,none,sequential,1778306193.8243282,/big.txt,102105088,131072,sequential,1.0000,0.0000,0,0,,,1,1,0
4,004_none_sequential_run04,none,sequential,1778306193.8264005,/big.txt,102236160,131072,sequential,1.0000,0.0000,0,0,,,1,1,0
4,004_none_sequential_run04,none,sequential,1778306193.8284895,/big.txt,102367232,131072,sequential,1.0000,0.0000,0,0,,,1,1,0
4,004_none_sequential_run04,none,sequential,1778306193.8305619,/big.txt,102498304,131072,sequential,1.0000,0.0000,0,0,,,1,1,0
4,004_none_sequential_run04,none,sequential,1778306193.8326418,/big.txt,102629376,131072,sequential,1.0000,0.0000,0,0,,,1,1,0
4,004_none_sequential_run04,none,sequential,1778306193.8347085,/big.txt,102760448,131072,sequential,1.0000,0.0000,0,0,,,1,1,0
4,004_none_sequential_run04,none,sequential,1778306193.836834,/big.txt,102891520,131072,sequential,1.0000,0.0000,0,0,,,1,1,0
4,004_none_sequential_run04,none,sequential,1778306193.8389568,/big.txt,103022592,131072,sequential,1.0000,0.0000,0,0,,,1,1,0
4,004_none_sequential_run04,none,sequential,1778306193.841017,/big.txt,103153664,131072,sequential,1.0000,0.0000,0,0,,,1,1,0
4,004_none_sequential_run04,none,sequential,1778306193.8435948,/big.txt,103284736,131072,sequential,1.0000,0.0000,0,0,,,1,1,0
4,004_none_sequential_run04,none,sequential,1778306193.847779,/big.txt,103415808,131072,sequential,1.0000,0.0000,0,0,,,1,1,0
4,004_none_sequential_run04,none,sequential,1778306193.8519762,/big.txt,103546880,131072,sequential,1.0000,0.0000,0,0,,,1,1,0
4,004_none_sequential_run04,none,sequential,1778306193.8552177,/big.txt,103677952,131072,sequential,1.0000,0.0000,0,0,,,1,1,0
4,004_none_sequential_run04,none,sequential,1778306193.8572698,/big.txt,103809024,131072,sequential,1.0000,0.0000,0,0,,,1,1,0
4,004_none_sequential_run04,none,sequential,1778306193.8593998,/big.txt,103940096,131072,sequential,1.0000,0.0000,0,0,,,1,1,0
4,004_none_sequential_run04,none,sequential,1778306193.8614411,/big.txt,104071168,131072,sequential,1.0000,0.0000,0,0,,,1,1,0
4,004_none_sequential_run04,none,sequential,1778306193.8635068,/big.txt,104202240,131072,sequential,1.0000,0.0000,0,0,,,1,1,0
4,004_none_sequential_run04,none,sequential,1778306193.8655849,/big.txt,104333312,131072,sequential,1.0000,0.0000,0,0,,,1,1,0
4,004_none_sequential_run04,none,sequential,1778306193.867667,/big.txt,104464384,131072,sequential,1.0000,0.0000,0,0,,,1,1,0
4,004_none_sequential_run04,none,sequential,1778306193.869711,/big.txt,104595456,131072,sequential,1.0000,0.0000,0,0,,,1,1,0
4,004_none_sequential_run04,none,sequential,1778306193.871781,/big.txt,104726528,131072,sequential,1.0000,0.0000,0,0,,,1,1,0
4,004_none_sequential_run04,none,sequential,1778306193.8719618,/big.txt,104857600,0,sequential,1.0000,0.0000,0,0,,,1,0,0
