run_index,run_label,mode,workload,timestamp,path,offset,size,phase,confidence,decay_rate,seek_delta,prefetch,prefetch_offset,prefetch_size,prefetch_depth,cache_hit,false_negative
177,177_baseline_sequential_run17,baseline,sequential,1778268180.1388347,/big.txt,0,131072,unknown,0.0000,0.0000,0,1,131072,4096,1,-1,0
177,177_baseline_sequential_run17,baseline,sequential,1778268180.14112,/big.txt,131072,131072,sequential,1.0000,0.0000,0,1,262144,4096,1,-1,0
177,177_baseline_sequential_run17,baseline,sequential,1778268180.1433084,/big.txt,262144,131072,sequential,1.0000,0.0000,0,1,393216,4096,1,-1,0
177,177_baseline_sequential_run17,baseline,sequential,1778268180.1454635,/big.txt,393216,131072,sequential,1.0000,0.0000,0,1,524288,4096,1,-1,0
177,177_baseline_sequential_run17,baseline,sequential,1778268180.1476898,/big.txt,524288,131072,sequential,1.0000,0.0000,0,1,655360,4096,1,-1,0
177,177_baseline_sequential_run17,baseline,sequential,1778268180.149989,/big.txt,655360,131072,sequential,1.0000,0.0000,0,1,786432,4096,1,-1,0
177,177_baseline_sequential_run17,baseline,sequential,1778268180.1521494,/big.txt,786432,131072,sequential,1.0000,0.0000,0,1,917504,4096,1,-1,0
177,177_baseline_sequential_run17,baseline,sequential,1778268180.154378,/big.txt,917504,131072,sequential,1.0000,0.0000,0,1,1048576,4096,1,-1,0
177,177_baseline_sequential_run17,baseline,sequential,1778268180.1565588,/big.txt,1048576,131072,sequential,1.0000,0.0000,0,1,1179648,4096,1,-1,0
177,177_baseline_sequential_run17,baseline,sequential,1778268180.1587577,/big.txt,1179648,131072,sequential,1.0000,0.0000,0,1,1310720,4096,1,-1,0
177,177_baseline_sequential_run17,baseline,sequential,1778268180.1609292,/big.txt,1310720,131072,sequential,1.0000,0.0000,0,1,1441792,4096,1,-1,0
177,177_baseline_sequential_run17,baseline,sequential,1778268180.1631212,/big.txt,1441792,131072,sequential,1.0000,0.0000,0,1,1572864,4096,1,-1,0
177,177_baseline_sequential_run17,baseline,sequential,1778268180.1652808,/big.txt,1572864,131072,sequential,1.0000,0.0000,0,1,1703936,4096,1,-1,0
177,177_baseline_sequential_run17,baseline,sequential,1778268180.167417,/big.txt,1703936,131072,sequential,1.0000,0.0000,0,1,1835008,4096,1,-1,0
177,177_baseline_sequential_run17,baseline,sequential,1778268180.1695766,/big.txt,1835008,131072,sequential,1.0000,0.0000,0,1,1966080,4096,1,-1,0
177,177_baseline_sequential_run17,baseline,sequential,1778268180.171741,/big.txt,1966080,131072,sequential,1.0000,0.0000,0,1,2097152,4096,1,-1,0
177,177_baseline_sequential_run17,baseline,sequential,1778268180.1738844,/big.txt,2097152,131072,sequential,1.0000,0.0000,0,1,2228224,4096,1,-1,0
177,177_baseline_sequential_run17,baseline,sequential,1778268180.1760495,/big.txt,2228224,131072,sequential,1.0000,0.0000,0,1,2359296,4096,1,-1,0
177,177_baseline_sequential_run17,baseline,sequential,1778268180.1782086,/big.txt,2359296,131072,sequential,1.0000,0.0000,0,1,2490368,4096,1,-1,0
177,177_baseline_sequential_run17,baseline,sequential,1778268180.1803694,/big.txt,2490368,131072,sequential,1.0000,0.0000,0,1,2621440,4096,1,-1,0
177,177_baseline_sequential_run17,baseline,sequential,1778268180.1825328,/big.txt,2621440,131072,sequential,1.0000,0.0000,0,1,2752512,4096,1,-1,0
177,177_baseline_sequential_run17,baseline,sequential,1778268180.1846473,/big.txt,2752512,131072,sequential,1.0000,0.0000,0,1,2883584,4096,1,-1,0
177,177_baseline_sequential_run17,baseline,sequential,1778268180.1868684,/big.txt,2883584,131072,sequential,1.0000,0.0000,0,1,3014656,4096,1,-1,0
177,177_baseline_sequential_run17,baseline,sequential,1778268180.1890314,/big.txt,3014656,131072,sequential,1.0000,0.0000,0,1,3145728,4096,1,-1,0
177,177_baseline_sequential_run17,baseline,sequential,1778268180.1912012,/big.txt,3145728,131072,sequential,1.0000,0.0000,0,1,3276800,4096,1,-1,0
177,177_baseline_sequential_run17,baseline,sequential,1778268180.1933436,/big.txt,3276800,131072,sequential,1.0000,0.0000,0,1,3407872,4096,1,-1,0
177,177_baseline_sequential_run17,baseline,sequential,1778268180.1954875,/big.txt,3407872,131072,sequential,1.0000,0.0000,0,1,3538944,4096,1,-1,0
177,177_baseline_sequential_run17,baseline,sequential,1778268180.1976469,/big.txt,3538944,131072,sequential,1.0000,0.0000,0,1,3670016,4096,1,-1,0
177,177_baseline_sequential_run17,baseline,sequential,1778268180.1998065,/big.txt,3670016,131072,sequential,1.0000,0.0000,0,1,3801088,4096,1,-1,0
177,177_baseline_sequential_run17,baseline,sequential,1778268180.2019522,/big.txt,3801088,131072,sequential,1.0000,0.0000,0,1,3932160,4096,1,-1,0
177,177_baseline_sequential_run17,baseline,sequential,1778268180.204125,/big.txt,3932160,131072,sequential,1.0000,0.0000,0,1,4063232,4096,1,-1,0
177,177_baseline_sequential_run17,baseline,sequential,1778268180.2062726,/big.txt,4063232,131072,sequential,1.0000,0.0000,0,1,4194304,4096,1,-1,0
177,177_baseline_sequential_run17,baseline,sequential,1778268180.2084987,/big.txt,4194304,131072,sequential,1.0000,0.0000,0,1,4325376,4096,1,-1,0
177,177_baseline_sequential_run17,baseline,sequential,1778268180.2106416,/big.txt,4325376,131072,sequential,1.0000,0.0000,0,1,4456448,4096,1,-1,0
177,177_baseline_sequential_run17,baseline,sequential,1778268180.2128868,/big.txt,4456448,131072,sequential,1.0000,0.0000,0,1,4587520,4096,1,-1,0
177,177_baseline_sequential_run17,baseline,sequential,1778268180.2150161,/big.txt,4587520,131072,sequential,1.0000,0.0000,0,1,4718592,4096,1,-1,0
177,177_baseline_sequential_run17,baseline,sequential,1778268180.2171407,/big.txt,4718592,131072,sequential,1.0000,0.0000,0,1,4849664,4096,1,-1,0
177,177_baseline_sequential_run17,baseline,sequential,1778268180.2192817,/big.txt,4849664,131072,sequential,1.0000,0.0000,0,1,4980736,4096,1,-1,0
177,177_baseline_sequential_run17,baseline,sequential,1778268180.221433,/big.txt,4980736,131072,sequential,1.0000,0.0000,0,1,5111808,4096,1,-1,0
177,177_baseline_sequential_run17,baseline,sequential,1778268180.2235806,/big.txt,5111808,131072,sequential,1.0000,0.0000,0,1,5242880,4096,1,-1,0
177,177_baseline_sequential_run17,baseline,sequential,1778268180.225762,/big.txt,5242880,131072,sequential,1.0000,0.0000,0,1,5373952,4096,1,-1,0
177,177_baseline_sequential_run17,baseline,sequential,1778268180.2279294,/big.txt,5373952,131072,sequential,1.0000,0.0000,0,1,5505024,4096,1,-1,0
177,177_baseline_sequential_run17,baseline,sequential,1778268180.2300978,/big.txt,5505024,131072,sequential,1.0000,0.0000,0,1,5636096,4096,1,-1,0
177,177_baseline_sequential_run17,baseline,sequential,1778268180.2322536,/big.txt,5636096,131072,sequential,1.0000,0.0000,0,1,5767168,4096,1,-1,0
177,177_baseline_sequential_run17,baseline,sequential,1778268180.234422,/big.txt,5767168,131072,sequential,1.0000,0.0000,0,1,5898240,4096,1,-1,0
177,177_baseline_sequential_run17,baseline,sequential,1778268180.2365687,/big.txt,5898240,131072,sequential,1.0000,0.0000,0,1,6029312,4096,1,-1,0
177,177_baseline_sequential_run17,baseline,sequential,1778268180.2387152,/big.txt,6029312,131072,sequential,1.0000,0.0000,0,1,6160384,4096,1,-1,0
177,177_baseline_sequential_run17,baseline,sequential,1778268180.2408373,/big.txt,6160384,131072,sequential,1.0000,0.0000,0,1,6291456,4096,1,-1,0
177,177_baseline_sequential_run17,baseline,sequential,1778268180.2431107,/big.txt,6291456,131072,sequential,1.0000,0.0000,0,1,6422528,4096,1,-1,0
177,177_baseline_sequential_run17,baseline,sequential,1778268180.245228,/big.txt,6422528,131072,sequential,1.0000,0.0000,0,1,6553600,4096,1,-1,0
177,177_baseline_sequential_run17,baseline,sequential,1778268180.2473826,/big.txt,6553600,131072,sequential,1.0000,0.0000,0,1,6684672,4096,1,-1,0
177,177_baseline_sequential_run17,baseline,sequential,1778268180.2495236,/big.txt,6684672,131072,sequential,1.0000,0.0000,0,1,6815744,4096,1,-1,0
177,177_baseline_sequential_run17,baseline,sequential,1778268180.2516694,/big.txt,6815744,131072,sequential,1.0000,0.0000,0,1,6946816,4096,1,-1,0
177,177_baseline_sequential_run17,baseline,sequential,1778268180.2538273,/big.txt,6946816,131072,sequential,1.0000,0.0000,0,1,7077888,4096,1,-1,0
177,177_baseline_sequential_run17,baseline,sequential,1778268180.2559707,/big.txt,7077888,131072,sequential,1.0000,0.0000,0,1,7208960,4096,1,-1,0
177,177_baseline_sequential_run17,baseline,sequential,1778268180.2581205,/big.txt,7208960,131072,sequential,1.0000,0.0000,0,1,7340032,4096,1,-1,0
177,177_baseline_sequential_run17,baseline,sequential,1778268180.2602901,/big.txt,7340032,131072,sequential,1.0000,0.0000,0,1,7471104,4096,1,-1,0
177,177_baseline_sequential_run17,baseline,sequential,1778268180.262418,/big.txt,7471104,131072,sequential,1.0000,0.0000,0,1,7602176,4096,1,-1,0
177,177_baseline_sequential_run17,baseline,sequential,1778268180.2645664,/big.txt,7602176,131072,sequential,1.0000,0.0000,0,1,7733248,4096,1,-1,0
177,177_baseline_sequential_run17,baseline,sequential,1778268180.2667327,/big.txt,7733248,131072,sequential,1.0000,0.0000,0,1,7864320,4096,1,-1,0
177,177_baseline_sequential_run17,baseline,sequential,1778268180.2688885,/big.txt,7864320,131072,sequential,1.0000,0.0000,0,1,7995392,4096,1,-1,0
177,177_baseline_sequential_run17,baseline,sequential,1778268180.2710314,/big.txt,7995392,131072,sequential,1.0000,0.0000,0,1,8126464,4096,1,-1,0
177,177_baseline_sequential_run17,baseline,sequential,1778268180.273167,/big.txt,8126464,131072,sequential,1.0000,0.0000,0,1,8257536,4096,1,-1,0
177,177_baseline_sequential_run17,baseline,sequential,1778268180.275312,/big.txt,8257536,131072,sequential,1.0000,0.0000,0,1,8388608,4096,1,-1,0
177,177_baseline_sequential_run17,baseline,sequential,1778268180.277433,/big.txt,8388608,131072,sequential,1.0000,0.0000,0,1,8519680,4096,1,-1,0
177,177_baseline_sequential_run17,baseline,sequential,1778268180.2795649,/big.txt,8519680,131072,sequential,1.0000,0.0000,0,1,8650752,4096,1,-1,0
177,177_baseline_sequential_run17,baseline,sequential,1778268180.2817132,/big.txt,8650752,131072,sequential,1.0000,0.0000,0,1,8781824,4096,1,-1,0
177,177_baseline_sequential_run17,baseline,sequential,1778268180.283866,/big.txt,8781824,131072,sequential,1.0000,0.0000,0,1,8912896,4096,1,-1,0
177,177_baseline_sequential_run17,baseline,sequential,1778268180.2860432,/big.txt,8912896,131072,sequential,1.0000,0.0000,0,1,9043968,4096,1,-1,0
177,177_baseline_sequential_run17,baseline,sequential,1778268180.2882054,/big.txt,9043968,131072,sequential,1.0000,0.0000,0,1,9175040,4096,1,-1,0
177,177_baseline_sequential_run17,baseline,sequential,1778268180.2903626,/big.txt,9175040,131072,sequential,1.0000,0.0000,0,1,9306112,4096,1,-1,0
177,177_baseline_sequential_run17,baseline,sequential,1778268180.292495,/big.txt,9306112,131072,sequential,1.0000,0.0000,0,1,9437184,4096,1,-1,0
177,177_baseline_sequential_run17,baseline,sequential,1778268180.2946353,/big.txt,9437184,131072,sequential,1.0000,0.0000,0,1,9568256,4096,1,-1,0
177,177_baseline_sequential_run17,baseline,sequential,1778268180.2967777,/big.txt,9568256,131072,sequential,1.0000,0.0000,0,1,9699328,4096,1,-1,0
177,177_baseline_sequential_run17,baseline,sequential,1778268180.299035,/big.txt,9699328,131072,sequential,1.0000,0.0000,0,1,9830400,4096,1,-1,0
177,177_baseline_sequential_run17,baseline,sequential,1778268180.3011754,/big.txt,9830400,131072,sequential,1.0000,0.0000,0,1,9961472,4096,1,-1,0
177,177_baseline_sequential_run17,baseline,sequential,1778268180.3033125,/big.txt,9961472,131072,sequential,1.0000,0.0000,0,1,10092544,4096,1,-1,0
177,177_baseline_sequential_run17,baseline,sequential,1778268180.3054576,/big.txt,10092544,131072,sequential,1.0000,0.0000,0,1,10223616,4096,1,-1,0
177,177_baseline_sequential_run17,baseline,sequential,1778268180.307609,/big.txt,10223616,131072,sequential,1.0000,0.0000,0,1,10354688,4096,1,-1,0
177,177_baseline_sequential_run17,baseline,sequential,1778268180.3097463,/big.txt,10354688,131072,sequential,1.0000,0.0000,0,1,10485760,4096,1,-1,0
177,177_baseline_sequential_run17,baseline,sequential,1778268180.3119173,/big.txt,10485760,131072,sequential,1.0000,0.0000,0,1,10616832,4096,1,-1,0
177,177_baseline_sequential_run17,baseline,sequential,1778268180.3140845,/big.txt,10616832,131072,sequential,1.0000,0.0000,0,1,10747904,4096,1,-1,0
177,177_baseline_sequential_run17,baseline,sequential,1778268180.3162465,/big.txt,10747904,131072,sequential,1.0000,0.0000,0,1,10878976,4096,1,-1,0
177,177_baseline_sequential_run17,baseline,sequential,1778268180.3184192,/big.txt,10878976,131072,sequential,1.0000,0.0000,0,1,11010048,4096,1,-1,0
177,177_baseline_sequential_run17,baseline,sequential,1778268180.3205812,/big.txt,11010048,131072,sequential,1.0000,0.0000,0,1,11141120,4096,1,-1,0
177,177_baseline_sequential_run17,baseline,sequential,1778268180.3227174,/big.txt,11141120,131072,sequential,1.0000,0.0000,0,1,11272192,4096,1,-1,0
177,177_baseline_sequential_run17,baseline,sequential,1778268180.3248525,/big.txt,11272192,131072,sequential,1.0000,0.0000,0,1,11403264,4096,1,-1,0
177,177_baseline_sequential_run17,baseline,sequential,1778268180.327035,/big.txt,11403264,131072,sequential,1.0000,0.0000,0,1,11534336,4096,1,-1,0
177,177_baseline_sequential_run17,baseline,sequential,1778268180.3291786,/big.txt,11534336,131072,sequential,1.0000,0.0000,0,1,11665408,4096,1,-1,0
177,177_baseline_sequential_run17,baseline,sequential,1778268180.3313165,/big.txt,11665408,131072,sequential,1.0000,0.0000,0,1,11796480,4096,1,-1,0
177,177_baseline_sequential_run17,baseline,sequential,1778268180.3334699,/big.txt,11796480,131072,sequential,1.0000,0.0000,0,1,11927552,4096,1,-1,0
177,177_baseline_sequential_run17,baseline,sequential,1778268180.3356335,/big.txt,11927552,131072,sequential,1.0000,0.0000,0,1,12058624,4096,1,-1,0
177,177_baseline_sequential_run17,baseline,sequential,1778268180.3377628,/big.txt,12058624,131072,sequential,1.0000,0.0000,0,1,12189696,4096,1,-1,0
177,177_baseline_sequential_run17,baseline,sequential,1778268180.339915,/big.txt,12189696,131072,sequential,1.0000,0.0000,0,1,12320768,4096,1,-1,0
177,177_baseline_sequential_run17,baseline,sequential,1778268180.3420875,/big.txt,12320768,131072,sequential,1.0000,0.0000,0,1,12451840,4096,1,-1,0
177,177_baseline_sequential_run17,baseline,sequential,1778268180.3442657,/big.txt,12451840,131072,sequential,1.0000,0.0000,0,1,12582912,4096,1,-1,0
177,177_baseline_sequential_run17,baseline,sequential,1778268180.3464046,/big.txt,12582912,131072,sequential,1.0000,0.0000,0,1,12713984,4096,1,-1,0
177,177_baseline_sequential_run17,baseline,sequential,1778268180.3485906,/big.txt,12713984,131072,sequential,1.0000,0.0000,0,1,12845056,4096,1,-1,0
177,177_baseline_sequential_run17,baseline,sequential,1778268180.350751,/big.txt,12845056,131072,sequential,1.0000,0.0000,0,1,12976128,4096,1,-1,0
177,177_baseline_sequential_run17,baseline,sequential,1778268180.3551946,/big.txt,12976128,131072,sequential,1.0000,0.0000,0,1,13107200,4096,1,-1,0
177,177_baseline_sequential_run17,baseline,sequential,1778268180.3595388,/big.txt,13107200,131072,sequential,1.0000,0.0000,0,1,13238272,4096,1,-1,0
177,177_baseline_sequential_run17,baseline,sequential,1778268180.3631756,/big.txt,13238272,131072,sequential,1.0000,0.0000,0,1,13369344,4096,1,-1,0
177,177_baseline_sequential_run17,baseline,sequential,1778268180.3653271,/big.txt,13369344,131072,sequential,1.0000,0.0000,0,1,13500416,4096,1,-1,0
177,177_baseline_sequential_run17,baseline,sequential,1778268180.367552,/big.txt,13500416,131072,sequential,1.0000,0.0000,0,1,13631488,4096,1,-1,0
177,177_baseline_sequential_run17,baseline,sequential,1778268180.3696938,/big.txt,13631488,131072,sequential,1.0000,0.0000,0,1,13762560,4096,1,-1,0
177,177_baseline_sequential_run17,baseline,sequential,1778268180.3718472,/big.txt,13762560,131072,sequential,1.0000,0.0000,0,1,13893632,4096,1,-1,0
177,177_baseline_sequential_run17,baseline,sequential,1778268180.3740737,/big.txt,13893632,131072,sequential,1.0000,0.0000,0,1,14024704,4096,1,-1,0
177,177_baseline_sequential_run17,baseline,sequential,1778268180.3762498,/big.txt,14024704,131072,sequential,1.0000,0.0000,0,1,14155776,4096,1,-1,0
177,177_baseline_sequential_run17,baseline,sequential,1778268180.3784041,/big.txt,14155776,131072,sequential,1.0000,0.0000,0,1,14286848,4096,1,-1,0
177,177_baseline_sequential_run17,baseline,sequential,1778268180.3805695,/big.txt,14286848,131072,sequential,1.0000,0.0000,0,1,14417920,4096,1,-1,0
177,177_baseline_sequential_run17,baseline,sequential,1778268180.3827121,/big.txt,14417920,131072,sequential,1.0000,0.0000,0,1,14548992,4096,1,-1,0
177,177_baseline_sequential_run17,baseline,sequential,1778268180.3848562,/big.txt,14548992,131072,sequential,1.0000,0.0000,0,1,14680064,4096,1,-1,0
177,177_baseline_sequential_run17,baseline,sequential,1778268180.3870718,/big.txt,14680064,131072,sequential,1.0000,0.0000,0,1,14811136,4096,1,-1,0
177,177_baseline_sequential_run17,baseline,sequential,1778268180.3892114,/big.txt,14811136,131072,sequential,1.0000,0.0000,0,1,14942208,4096,1,-1,0
177,177_baseline_sequential_run17,baseline,sequential,1778268180.3913987,/big.txt,14942208,131072,sequential,1.0000,0.0000,0,1,15073280,4096,1,-1,0
177,177_baseline_sequential_run17,baseline,sequential,1778268180.3935652,/big.txt,15073280,131072,sequential,1.0000,0.0000,0,1,15204352,4096,1,-1,0
177,177_baseline_sequential_run17,baseline,sequential,1778268180.3957255,/big.txt,15204352,131072,sequential,1.0000,0.0000,0,1,15335424,4096,1,-1,0
177,177_baseline_sequential_run17,baseline,sequential,1778268180.3978455,/big.txt,15335424,131072,sequential,1.0000,0.0000,0,1,15466496,4096,1,-1,0
177,177_baseline_sequential_run17,baseline,sequential,1778268180.399981,/big.txt,15466496,131072,sequential,1.0000,0.0000,0,1,15597568,4096,1,-1,0
177,177_baseline_sequential_run17,baseline,sequential,1778268180.402112,/big.txt,15597568,131072,sequential,1.0000,0.0000,0,1,15728640,4096,1,-1,0
177,177_baseline_sequential_run17,baseline,sequential,1778268180.4042912,/big.txt,15728640,131072,sequential,1.0000,0.0000,0,1,15859712,4096,1,-1,0
177,177_baseline_sequential_run17,baseline,sequential,1778268180.4064298,/big.txt,15859712,131072,sequential,1.0000,0.0000,0,1,15990784,4096,1,-1,0
177,177_baseline_sequential_run17,baseline,sequential,1778268180.4085631,/big.txt,15990784,131072,sequential,1.0000,0.0000,0,1,16121856,4096,1,-1,0
177,177_baseline_sequential_run17,baseline,sequential,1778268180.4107075,/big.txt,16121856,131072,sequential,1.0000,0.0000,0,1,16252928,4096,1,-1,0
177,177_baseline_sequential_run17,baseline,sequential,1778268180.4128783,/big.txt,16252928,131072,sequential,1.0000,0.0000,0,1,16384000,4096,1,-1,0
177,177_baseline_sequential_run17,baseline,sequential,1778268180.4150324,/big.txt,16384000,131072,sequential,1.0000,0.0000,0,1,16515072,4096,1,-1,0
177,177_baseline_sequential_run17,baseline,sequential,1778268180.4171808,/big.txt,16515072,131072,sequential,1.0000,0.0000,0,1,16646144,4096,1,-1,0
177,177_baseline_sequential_run17,baseline,sequential,1778268180.419337,/big.txt,16646144,131072,sequential,1.0000,0.0000,0,1,16777216,4096,1,-1,0
177,177_baseline_sequential_run17,baseline,sequential,1778268180.4215012,/big.txt,16777216,131072,sequential,1.0000,0.0000,0,1,16908288,4096,1,-1,0
177,177_baseline_sequential_run17,baseline,sequential,1778268180.4236667,/big.txt,16908288,131072,sequential,1.0000,0.0000,0,1,17039360,4096,1,-1,0
177,177_baseline_sequential_run17,baseline,sequential,1778268180.4258008,/big.txt,17039360,131072,sequential,1.0000,0.0000,0,1,17170432,4096,1,-1,0
177,177_baseline_sequential_run17,baseline,sequential,1778268180.4279685,/big.txt,17170432,131072,sequential,1.0000,0.0000,0,1,17301504,4096,1,-1,0
177,177_baseline_sequential_run17,baseline,sequential,1778268180.4301362,/big.txt,17301504,131072,sequential,1.0000,0.0000,0,1,17432576,4096,1,-1,0
177,177_baseline_sequential_run17,baseline,sequential,1778268180.4323168,/big.txt,17432576,131072,sequential,1.0000,0.0000,0,1,17563648,4096,1,-1,0
177,177_baseline_sequential_run17,baseline,sequential,1778268180.4344532,/big.txt,17563648,131072,sequential,1.0000,0.0000,0,1,17694720,4096,1,-1,0
177,177_baseline_sequential_run17,baseline,sequential,1778268180.436593,/big.txt,17694720,131072,sequential,1.0000,0.0000,0,1,17825792,4096,1,-1,0
177,177_baseline_sequential_run17,baseline,sequential,1778268180.4387603,/big.txt,17825792,131072,sequential,1.0000,0.0000,0,1,17956864,4096,1,-1,0
177,177_baseline_sequential_run17,baseline,sequential,1778268180.4409785,/big.txt,17956864,131072,sequential,1.0000,0.0000,0,1,18087936,4096,1,-1,0
177,177_baseline_sequential_run17,baseline,sequential,1778268180.4431427,/big.txt,18087936,131072,sequential,1.0000,0.0000,0,1,18219008,4096,1,-1,0
177,177_baseline_sequential_run17,baseline,sequential,1778268180.4452891,/big.txt,18219008,131072,sequential,1.0000,0.0000,0,1,18350080,4096,1,-1,0
177,177_baseline_sequential_run17,baseline,sequential,1778268180.4474313,/big.txt,18350080,131072,sequential,1.0000,0.0000,0,1,18481152,4096,1,-1,0
177,177_baseline_sequential_run17,baseline,sequential,1778268180.4495618,/big.txt,18481152,131072,sequential,1.0000,0.0000,0,1,18612224,4096,1,-1,0
177,177_baseline_sequential_run17,baseline,sequential,1778268180.451708,/big.txt,18612224,131072,sequential,1.0000,0.0000,0,1,18743296,4096,1,-1,0
177,177_baseline_sequential_run17,baseline,sequential,1778268180.4538636,/big.txt,18743296,131072,sequential,1.0000,0.0000,0,1,18874368,4096,1,-1,0
177,177_baseline_sequential_run17,baseline,sequential,1778268180.4560456,/big.txt,18874368,131072,sequential,1.0000,0.0000,0,1,19005440,4096,1,-1,0
177,177_baseline_sequential_run17,baseline,sequential,1778268180.458192,/big.txt,19005440,131072,sequential,1.0000,0.0000,0,1,19136512,4096,1,-1,0
177,177_baseline_sequential_run17,baseline,sequential,1778268180.4603715,/big.txt,19136512,131072,sequential,1.0000,0.0000,0,1,19267584,4096,1,-1,0
177,177_baseline_sequential_run17,baseline,sequential,1778268180.4625034,/big.txt,19267584,131072,sequential,1.0000,0.0000,0,1,19398656,4096,1,-1,0
177,177_baseline_sequential_run17,baseline,sequential,1778268180.46467,/big.txt,19398656,131072,sequential,1.0000,0.0000,0,1,19529728,4096,1,-1,0
177,177_baseline_sequential_run17,baseline,sequential,1778268180.4668293,/big.txt,19529728,131072,sequential,1.0000,0.0000,0,1,19660800,4096,1,-1,0
177,177_baseline_sequential_run17,baseline,sequential,1778268180.4689689,/big.txt,19660800,131072,sequential,1.0000,0.0000,0,1,19791872,4096,1,-1,0
177,177_baseline_sequential_run17,baseline,sequential,1778268180.4718106,/big.txt,19791872,131072,sequential,1.0000,0.0000,0,1,19922944,4096,1,-1,0
177,177_baseline_sequential_run17,baseline,sequential,1778268180.476191,/big.txt,19922944,131072,sequential,1.0000,0.0000,0,1,20054016,4096,1,-1,0
177,177_baseline_sequential_run17,baseline,sequential,1778268180.4805553,/big.txt,20054016,131072,sequential,1.0000,0.0000,0,1,20185088,4096,1,-1,0
177,177_baseline_sequential_run17,baseline,sequential,1778268180.4833755,/big.txt,20185088,131072,sequential,1.0000,0.0000,0,1,20316160,4096,1,-1,0
177,177_baseline_sequential_run17,baseline,sequential,1778268180.485534,/big.txt,20316160,131072,sequential,1.0000,0.0000,0,1,20447232,4096,1,-1,0
177,177_baseline_sequential_run17,baseline,sequential,1778268180.487686,/big.txt,20447232,131072,sequential,1.0000,0.0000,0,1,20578304,4096,1,-1,0
177,177_baseline_sequential_run17,baseline,sequential,1778268180.489826,/big.txt,20578304,131072,sequential,1.0000,0.0000,0,1,20709376,4096,1,-1,0
177,177_baseline_sequential_run17,baseline,sequential,1778268180.4919794,/big.txt,20709376,131072,sequential,1.0000,0.0000,0,1,20840448,4096,1,-1,0
177,177_baseline_sequential_run17,baseline,sequential,1778268180.4941127,/big.txt,20840448,131072,sequential,1.0000,0.0000,0,1,20971520,4096,1,-1,0
177,177_baseline_sequential_run17,baseline,sequential,1778268180.4962862,/big.txt,20971520,131072,sequential,1.0000,0.0000,0,1,21102592,4096,1,-1,0
177,177_baseline_sequential_run17,baseline,sequential,1778268180.4984207,/big.txt,21102592,131072,sequential,1.0000,0.0000,0,1,21233664,4096,1,-1,0
177,177_baseline_sequential_run17,baseline,sequential,1778268180.5005732,/big.txt,21233664,131072,sequential,1.0000,0.0000,0,1,21364736,4096,1,-1,0
177,177_baseline_sequential_run17,baseline,sequential,1778268180.50272,/big.txt,21364736,131072,sequential,1.0000,0.0000,0,1,21495808,4096,1,-1,0
177,177_baseline_sequential_run17,baseline,sequential,1778268180.5048933,/big.txt,21495808,131072,sequential,1.0000,0.0000,0,1,21626880,4096,1,-1,0
177,177_baseline_sequential_run17,baseline,sequential,1778268180.5070415,/big.txt,21626880,131072,sequential,1.0000,0.0000,0,1,21757952,4096,1,-1,0
177,177_baseline_sequential_run17,baseline,sequential,1778268180.5092041,/big.txt,21757952,131072,sequential,1.0000,0.0000,0,1,21889024,4096,1,-1,0
177,177_baseline_sequential_run17,baseline,sequential,1778268180.5113547,/big.txt,21889024,131072,sequential,1.0000,0.0000,0,1,22020096,4096,1,-1,0
177,177_baseline_sequential_run17,baseline,sequential,1778268180.5134764,/big.txt,22020096,131072,sequential,1.0000,0.0000,0,1,22151168,4096,1,-1,0
177,177_baseline_sequential_run17,baseline,sequential,1778268180.5156167,/big.txt,22151168,131072,sequential,1.0000,0.0000,0,1,22282240,4096,1,-1,0
177,177_baseline_sequential_run17,baseline,sequential,1778268180.517772,/big.txt,22282240,131072,sequential,1.0000,0.0000,0,1,22413312,4096,1,-1,0
177,177_baseline_sequential_run17,baseline,sequential,1778268180.5199435,/big.txt,22413312,131072,sequential,1.0000,0.0000,0,1,22544384,4096,1,-1,0
177,177_baseline_sequential_run17,baseline,sequential,1778268180.5220945,/big.txt,22544384,131072,sequential,1.0000,0.0000,0,1,22675456,4096,1,-1,0
177,177_baseline_sequential_run17,baseline,sequential,1778268180.5242627,/big.txt,22675456,131072,sequential,1.0000,0.0000,0,1,22806528,4096,1,-1,0
177,177_baseline_sequential_run17,baseline,sequential,1778268180.5264337,/big.txt,22806528,131072,sequential,1.0000,0.0000,0,1,22937600,4096,1,-1,0
177,177_baseline_sequential_run17,baseline,sequential,1778268180.5286505,/big.txt,22937600,131072,sequential,1.0000,0.0000,0,1,23068672,4096,1,-1,0
177,177_baseline_sequential_run17,baseline,sequential,1778268180.5308495,/big.txt,23068672,131072,sequential,1.0000,0.0000,0,1,23199744,4096,1,-1,0
177,177_baseline_sequential_run17,baseline,sequential,1778268180.5330362,/big.txt,23199744,131072,sequential,1.0000,0.0000,0,1,23330816,4096,1,-1,0
177,177_baseline_sequential_run17,baseline,sequential,1778268180.535173,/big.txt,23330816,131072,sequential,1.0000,0.0000,0,1,23461888,4096,1,-1,0
177,177_baseline_sequential_run17,baseline,sequential,1778268180.5373144,/big.txt,23461888,131072,sequential,1.0000,0.0000,0,1,23592960,4096,1,-1,0
177,177_baseline_sequential_run17,baseline,sequential,1778268180.5394926,/big.txt,23592960,131072,sequential,1.0000,0.0000,0,1,23724032,4096,1,-1,0
177,177_baseline_sequential_run17,baseline,sequential,1778268180.5416265,/big.txt,23724032,131072,sequential,1.0000,0.0000,0,1,23855104,4096,1,-1,0
177,177_baseline_sequential_run17,baseline,sequential,1778268180.5437784,/big.txt,23855104,131072,sequential,1.0000,0.0000,0,1,23986176,4096,1,-1,0
177,177_baseline_sequential_run17,baseline,sequential,1778268180.545892,/big.txt,23986176,131072,sequential,1.0000,0.0000,0,1,24117248,4096,1,-1,0
177,177_baseline_sequential_run17,baseline,sequential,1778268180.5480328,/big.txt,24117248,131072,sequential,1.0000,0.0000,0,1,24248320,4096,1,-1,0
177,177_baseline_sequential_run17,baseline,sequential,1778268180.5501919,/big.txt,24248320,131072,sequential,1.0000,0.0000,0,1,24379392,4096,1,-1,0
177,177_baseline_sequential_run17,baseline,sequential,1778268180.5523603,/big.txt,24379392,131072,sequential,1.0000,0.0000,0,1,24510464,4096,1,-1,0
177,177_baseline_sequential_run17,baseline,sequential,1778268180.5545096,/big.txt,24510464,131072,sequential,1.0000,0.0000,0,1,24641536,4096,1,-1,0
177,177_baseline_sequential_run17,baseline,sequential,1778268180.5566795,/big.txt,24641536,131072,sequential,1.0000,0.0000,0,1,24772608,4096,1,-1,0
177,177_baseline_sequential_run17,baseline,sequential,1778268180.5588522,/big.txt,24772608,131072,sequential,1.0000,0.0000,0,1,24903680,4096,1,-1,0
177,177_baseline_sequential_run17,baseline,sequential,1778268180.5609996,/big.txt,24903680,131072,sequential,1.0000,0.0000,0,1,25034752,4096,1,-1,0
177,177_baseline_sequential_run17,baseline,sequential,1778268180.5632517,/big.txt,25034752,131072,sequential,1.0000,0.0000,0,1,25165824,4096,1,-1,0
177,177_baseline_sequential_run17,baseline,sequential,1778268180.565355,/big.txt,25165824,131072,sequential,1.0000,0.0000,0,1,25296896,4096,1,-1,0
177,177_baseline_sequential_run17,baseline,sequential,1778268180.567477,/big.txt,25296896,131072,sequential,1.0000,0.0000,0,1,25427968,4096,1,-1,0
177,177_baseline_sequential_run17,baseline,sequential,1778268180.5695767,/big.txt,25427968,131072,sequential,1.0000,0.0000,0,1,25559040,4096,1,-1,0
177,177_baseline_sequential_run17,baseline,sequential,1778268180.5717134,/big.txt,25559040,131072,sequential,1.0000,0.0000,0,1,25690112,4096,1,-1,0
177,177_baseline_sequential_run17,baseline,sequential,1778268180.5738463,/big.txt,25690112,131072,sequential,1.0000,0.0000,0,1,25821184,4096,1,-1,0
177,177_baseline_sequential_run17,baseline,sequential,1778268180.5759773,/big.txt,25821184,131072,sequential,1.0000,0.0000,0,1,25952256,4096,1,-1,0
177,177_baseline_sequential_run17,baseline,sequential,1778268180.5780945,/big.txt,25952256,131072,sequential,1.0000,0.0000,0,1,26083328,4096,1,-1,0
177,177_baseline_sequential_run17,baseline,sequential,1778268180.5802271,/big.txt,26083328,131072,sequential,1.0000,0.0000,0,1,26214400,4096,1,-1,0
177,177_baseline_sequential_run17,baseline,sequential,1778268180.582352,/big.txt,26214400,131072,sequential,1.0000,0.0000,0,1,26345472,4096,1,-1,0
177,177_baseline_sequential_run17,baseline,sequential,1778268180.5845094,/big.txt,26345472,131072,sequential,1.0000,0.0000,0,1,26476544,4096,1,-1,0
177,177_baseline_sequential_run17,baseline,sequential,1778268180.5866263,/big.txt,26476544,131072,sequential,1.0000,0.0000,0,1,26607616,4096,1,-1,0
177,177_baseline_sequential_run17,baseline,sequential,1778268180.588782,/big.txt,26607616,131072,sequential,1.0000,0.0000,0,1,26738688,4096,1,-1,0
177,177_baseline_sequential_run17,baseline,sequential,1778268180.5909245,/big.txt,26738688,131072,sequential,1.0000,0.0000,0,1,26869760,4096,1,-1,0
177,177_baseline_sequential_run17,baseline,sequential,1778268180.5930336,/big.txt,26869760,131072,sequential,1.0000,0.0000,0,1,27000832,4096,1,-1,0
177,177_baseline_sequential_run17,baseline,sequential,1778268180.5951648,/big.txt,27000832,131072,sequential,1.0000,0.0000,0,1,27131904,4096,1,-1,0
177,177_baseline_sequential_run17,baseline,sequential,1778268180.5973043,/big.txt,27131904,131072,sequential,1.0000,0.0000,0,1,27262976,4096,1,-1,0
177,177_baseline_sequential_run17,baseline,sequential,1778268180.5994425,/big.txt,27262976,131072,sequential,1.0000,0.0000,0,1,27394048,4096,1,-1,0
177,177_baseline_sequential_run17,baseline,sequential,1778268180.6015632,/big.txt,27394048,131072,sequential,1.0000,0.0000,0,1,27525120,4096,1,-1,0
177,177_baseline_sequential_run17,baseline,sequential,1778268180.6037066,/big.txt,27525120,131072,sequential,1.0000,0.0000,0,1,27656192,4096,1,-1,0
177,177_baseline_sequential_run17,baseline,sequential,1778268180.605811,/big.txt,27656192,131072,sequential,1.0000,0.0000,0,1,27787264,4096,1,-1,0
177,177_baseline_sequential_run17,baseline,sequential,1778268180.6079593,/big.txt,27787264,131072,sequential,1.0000,0.0000,0,1,27918336,4096,1,-1,0
177,177_baseline_sequential_run17,baseline,sequential,1778268180.6100712,/big.txt,27918336,131072,sequential,1.0000,0.0000,0,1,28049408,4096,1,-1,0
177,177_baseline_sequential_run17,baseline,sequential,1778268180.6122186,/big.txt,28049408,131072,sequential,1.0000,0.0000,0,1,28180480,4096,1,-1,0
177,177_baseline_sequential_run17,baseline,sequential,1778268180.614349,/big.txt,28180480,131072,sequential,1.0000,0.0000,0,1,28311552,4096,1,-1,0
177,177_baseline_sequential_run17,baseline,sequential,1778268180.6164684,/big.txt,28311552,131072,sequential,1.0000,0.0000,0,1,28442624,4096,1,-1,0
177,177_baseline_sequential_run17,baseline,sequential,1778268180.6185882,/big.txt,28442624,131072,sequential,1.0000,0.0000,0,1,28573696,4096,1,-1,0
177,177_baseline_sequential_run17,baseline,sequential,1778268180.6208646,/big.txt,28573696,131072,sequential,1.0000,0.0000,0,1,28704768,4096,1,-1,0
177,177_baseline_sequential_run17,baseline,sequential,1778268180.6230042,/big.txt,28704768,131072,sequential,1.0000,0.0000,0,1,28835840,4096,1,-1,0
177,177_baseline_sequential_run17,baseline,sequential,1778268180.6251283,/big.txt,28835840,131072,sequential,1.0000,0.0000,0,1,28966912,4096,1,-1,0
177,177_baseline_sequential_run17,baseline,sequential,1778268180.627267,/big.txt,28966912,131072,sequential,1.0000,0.0000,0,1,29097984,4096,1,-1,0
177,177_baseline_sequential_run17,baseline,sequential,1778268180.6293793,/big.txt,29097984,131072,sequential,1.0000,0.0000,0,1,29229056,4096,1,-1,0
177,177_baseline_sequential_run17,baseline,sequential,1778268180.631642,/big.txt,29229056,131072,sequential,1.0000,0.0000,0,1,29360128,4096,1,-1,0
177,177_baseline_sequential_run17,baseline,sequential,1778268180.6337743,/big.txt,29360128,131072,sequential,1.0000,0.0000,0,1,29491200,4096,1,-1,0
177,177_baseline_sequential_run17,baseline,sequential,1778268180.635916,/big.txt,29491200,131072,sequential,1.0000,0.0000,0,1,29622272,4096,1,-1,0
177,177_baseline_sequential_run17,baseline,sequential,1778268180.638026,/big.txt,29622272,131072,sequential,1.0000,0.0000,0,1,29753344,4096,1,-1,0
177,177_baseline_sequential_run17,baseline,sequential,1778268180.6401532,/big.txt,29753344,131072,sequential,1.0000,0.0000,0,1,29884416,4096,1,-1,0
177,177_baseline_sequential_run17,baseline,sequential,1778268180.6422768,/big.txt,29884416,131072,sequential,1.0000,0.0000,0,1,30015488,4096,1,-1,0
177,177_baseline_sequential_run17,baseline,sequential,1778268180.6444066,/big.txt,30015488,131072,sequential,1.0000,0.0000,0,1,30146560,4096,1,-1,0
177,177_baseline_sequential_run17,baseline,sequential,1778268180.6465216,/big.txt,30146560,131072,sequential,1.0000,0.0000,0,1,30277632,4096,1,-1,0
177,177_baseline_sequential_run17,baseline,sequential,1778268180.6486626,/big.txt,30277632,131072,sequential,1.0000,0.0000,0,1,30408704,4096,1,-1,0
177,177_baseline_sequential_run17,baseline,sequential,1778268180.650796,/big.txt,30408704,131072,sequential,1.0000,0.0000,0,1,30539776,4096,1,-1,0
177,177_baseline_sequential_run17,baseline,sequential,1778268180.65292,/big.txt,30539776,131072,sequential,1.0000,0.0000,0,1,30670848,4096,1,-1,0
177,177_baseline_sequential_run17,baseline,sequential,1778268180.6550522,/big.txt,30670848,131072,sequential,1.0000,0.0000,0,1,30801920,4096,1,-1,0
177,177_baseline_sequential_run17,baseline,sequential,1778268180.657167,/big.txt,30801920,131072,sequential,1.0000,0.0000,0,1,30932992,4096,1,-1,0
177,177_baseline_sequential_run17,baseline,sequential,1778268180.659331,/big.txt,30932992,131072,sequential,1.0000,0.0000,0,1,31064064,4096,1,-1,0
177,177_baseline_sequential_run17,baseline,sequential,1778268180.6614635,/big.txt,31064064,131072,sequential,1.0000,0.0000,0,1,31195136,4096,1,-1,0
177,177_baseline_sequential_run17,baseline,sequential,1778268180.6636207,/big.txt,31195136,131072,sequential,1.0000,0.0000,0,1,31326208,4096,1,-1,0
177,177_baseline_sequential_run17,baseline,sequential,1778268180.665742,/big.txt,31326208,131072,sequential,1.0000,0.0000,0,1,31457280,4096,1,-1,0
177,177_baseline_sequential_run17,baseline,sequential,1778268180.6678853,/big.txt,31457280,131072,sequential,1.0000,0.0000,0,1,31588352,4096,1,-1,0
177,177_baseline_sequential_run17,baseline,sequential,1778268180.6700103,/big.txt,31588352,131072,sequential,1.0000,0.0000,0,1,31719424,4096,1,-1,0
177,177_baseline_sequential_run17,baseline,sequential,1778268180.6721787,/big.txt,31719424,131072,sequential,1.0000,0.0000,0,1,31850496,4096,1,-1,0
177,177_baseline_sequential_run17,baseline,sequential,1778268180.6743176,/big.txt,31850496,131072,sequential,1.0000,0.0000,0,1,31981568,4096,1,-1,0
177,177_baseline_sequential_run17,baseline,sequential,1778268180.6764767,/big.txt,31981568,131072,sequential,1.0000,0.0000,0,1,32112640,4096,1,-1,0
177,177_baseline_sequential_run17,baseline,sequential,1778268180.6785922,/big.txt,32112640,131072,sequential,1.0000,0.0000,0,1,32243712,4096,1,-1,0
177,177_baseline_sequential_run17,baseline,sequential,1778268180.680877,/big.txt,32243712,131072,sequential,1.0000,0.0000,0,1,32374784,4096,1,-1,0
177,177_baseline_sequential_run17,baseline,sequential,1778268180.6830037,/big.txt,32374784,131072,sequential,1.0000,0.0000,0,1,32505856,4096,1,-1,0
177,177_baseline_sequential_run17,baseline,sequential,1778268180.6851485,/big.txt,32505856,131072,sequential,1.0000,0.0000,0,1,32636928,4096,1,-1,0
177,177_baseline_sequential_run17,baseline,sequential,1778268180.6873946,/big.txt,32636928,131072,sequential,1.0000,0.0000,0,1,32768000,4096,1,-1,0
177,177_baseline_sequential_run17,baseline,sequential,1778268180.6895127,/big.txt,32768000,131072,sequential,1.0000,0.0000,0,1,32899072,4096,1,-1,0
177,177_baseline_sequential_run17,baseline,sequential,1778268180.691642,/big.txt,32899072,131072,sequential,1.0000,0.0000,0,1,33030144,4096,1,-1,0
177,177_baseline_sequential_run17,baseline,sequential,1778268180.693756,/big.txt,33030144,131072,sequential,1.0000,0.0000,0,1,33161216,4096,1,-1,0
177,177_baseline_sequential_run17,baseline,sequential,1778268180.6959326,/big.txt,33161216,131072,sequential,1.0000,0.0000,0,1,33292288,4096,1,-1,0
177,177_baseline_sequential_run17,baseline,sequential,1778268180.6980727,/big.txt,33292288,131072,sequential,1.0000,0.0000,0,1,33423360,4096,1,-1,0
177,177_baseline_sequential_run17,baseline,sequential,1778268180.7002397,/big.txt,33423360,131072,sequential,1.0000,0.0000,0,1,33554432,4096,1,-1,0
177,177_baseline_sequential_run17,baseline,sequential,1778268180.7023902,/big.txt,33554432,131072,sequential,1.0000,0.0000,0,1,33685504,4096,1,-1,0
177,177_baseline_sequential_run17,baseline,sequential,1778268180.7045026,/big.txt,33685504,131072,sequential,1.0000,0.0000,0,1,33816576,4096,1,-1,0
177,177_baseline_sequential_run17,baseline,sequential,1778268180.70666,/big.txt,33816576,131072,sequential,1.0000,0.0000,0,1,33947648,4096,1,-1,0
177,177_baseline_sequential_run17,baseline,sequential,1778268180.7088337,/big.txt,33947648,131072,sequential,1.0000,0.0000,0,1,34078720,4096,1,-1,0
177,177_baseline_sequential_run17,baseline,sequential,1778268180.7109892,/big.txt,34078720,131072,sequential,1.0000,0.0000,0,1,34209792,4096,1,-1,0
177,177_baseline_sequential_run17,baseline,sequential,1778268180.7131302,/big.txt,34209792,131072,sequential,1.0000,0.0000,0,1,34340864,4096,1,-1,0
177,177_baseline_sequential_run17,baseline,sequential,1778268180.7152746,/big.txt,34340864,131072,sequential,1.0000,0.0000,0,1,34471936,4096,1,-1,0
177,177_baseline_sequential_run17,baseline,sequential,1778268180.7174103,/big.txt,34471936,131072,sequential,1.0000,0.0000,0,1,34603008,4096,1,-1,0
177,177_baseline_sequential_run17,baseline,sequential,1778268180.7195961,/big.txt,34603008,131072,sequential,1.0000,0.0000,0,1,34734080,4096,1,-1,0
177,177_baseline_sequential_run17,baseline,sequential,1778268180.7217398,/big.txt,34734080,131072,sequential,1.0000,0.0000,0,1,34865152,4096,1,-1,0
177,177_baseline_sequential_run17,baseline,sequential,1778268180.7238717,/big.txt,34865152,131072,sequential,1.0000,0.0000,0,1,34996224,4096,1,-1,0
177,177_baseline_sequential_run17,baseline,sequential,1778268180.7260065,/big.txt,34996224,131072,sequential,1.0000,0.0000,0,1,35127296,4096,1,-1,0
177,177_baseline_sequential_run17,baseline,sequential,1778268180.7281508,/big.txt,35127296,131072,sequential,1.0000,0.0000,0,1,35258368,4096,1,-1,0
177,177_baseline_sequential_run17,baseline,sequential,1778268180.730282,/big.txt,35258368,131072,sequential,1.0000,0.0000,0,1,35389440,4096,1,-1,0
177,177_baseline_sequential_run17,baseline,sequential,1778268180.7324216,/big.txt,35389440,131072,sequential,1.0000,0.0000,0,1,35520512,4096,1,-1,0
177,177_baseline_sequential_run17,baseline,sequential,1778268180.7345603,/big.txt,35520512,131072,sequential,1.0000,0.0000,0,1,35651584,4096,1,-1,0
177,177_baseline_sequential_run17,baseline,sequential,1778268180.736699,/big.txt,35651584,131072,sequential,1.0000,0.0000,0,1,35782656,4096,1,-1,0
177,177_baseline_sequential_run17,baseline,sequential,1778268180.738923,/big.txt,35782656,131072,sequential,1.0000,0.0000,0,1,35913728,4096,1,-1,0
177,177_baseline_sequential_run17,baseline,sequential,1778268180.7410293,/big.txt,35913728,131072,sequential,1.0000,0.0000,0,1,36044800,4096,1,-1,0
177,177_baseline_sequential_run17,baseline,sequential,1778268180.7431746,/big.txt,36044800,131072,sequential,1.0000,0.0000,0,1,36175872,4096,1,-1,0
177,177_baseline_sequential_run17,baseline,sequential,1778268180.7453032,/big.txt,36175872,131072,sequential,1.0000,0.0000,0,1,36306944,4096,1,-1,0
177,177_baseline_sequential_run17,baseline,sequential,1778268180.7474437,/big.txt,36306944,131072,sequential,1.0000,0.0000,0,1,36438016,4096,1,-1,0
177,177_baseline_sequential_run17,baseline,sequential,1778268180.7495613,/big.txt,36438016,131072,sequential,1.0000,0.0000,0,1,36569088,4096,1,-1,0
177,177_baseline_sequential_run17,baseline,sequential,1778268180.751674,/big.txt,36569088,131072,sequential,1.0000,0.0000,0,1,36700160,4096,1,-1,0
177,177_baseline_sequential_run17,baseline,sequential,1778268180.7538333,/big.txt,36700160,131072,sequential,1.0000,0.0000,0,1,36831232,4096,1,-1,0
177,177_baseline_sequential_run17,baseline,sequential,1778268180.755974,/big.txt,36831232,131072,sequential,1.0000,0.0000,0,1,36962304,4096,1,-1,0
177,177_baseline_sequential_run17,baseline,sequential,1778268180.7581124,/big.txt,36962304,131072,sequential,1.0000,0.0000,0,1,37093376,4096,1,-1,0
177,177_baseline_sequential_run17,baseline,sequential,1778268180.7602665,/big.txt,37093376,131072,sequential,1.0000,0.0000,0,1,37224448,4096,1,-1,0
177,177_baseline_sequential_run17,baseline,sequential,1778268180.7623827,/big.txt,37224448,131072,sequential,1.0000,0.0000,0,1,37355520,4096,1,-1,0
177,177_baseline_sequential_run17,baseline,sequential,1778268180.764516,/big.txt,37355520,131072,sequential,1.0000,0.0000,0,1,37486592,4096,1,-1,0
177,177_baseline_sequential_run17,baseline,sequential,1778268180.7666402,/big.txt,37486592,131072,sequential,1.0000,0.0000,0,1,37617664,4096,1,-1,0
177,177_baseline_sequential_run17,baseline,sequential,1778268180.768835,/big.txt,37617664,131072,sequential,1.0000,0.0000,0,1,37748736,4096,1,-1,0
177,177_baseline_sequential_run17,baseline,sequential,1778268180.7709627,/big.txt,37748736,131072,sequential,1.0000,0.0000,0,1,37879808,4096,1,-1,0
177,177_baseline_sequential_run17,baseline,sequential,1778268180.7730806,/big.txt,37879808,131072,sequential,1.0000,0.0000,0,1,38010880,4096,1,-1,0
177,177_baseline_sequential_run17,baseline,sequential,1778268180.7751963,/big.txt,38010880,131072,sequential,1.0000,0.0000,0,1,38141952,4096,1,-1,0
177,177_baseline_sequential_run17,baseline,sequential,1778268180.7773151,/big.txt,38141952,131072,sequential,1.0000,0.0000,0,1,38273024,4096,1,-1,0
177,177_baseline_sequential_run17,baseline,sequential,1778268180.7794404,/big.txt,38273024,131072,sequential,1.0000,0.0000,0,1,38404096,4096,1,-1,0
177,177_baseline_sequential_run17,baseline,sequential,1778268180.7815623,/big.txt,38404096,131072,sequential,1.0000,0.0000,0,1,38535168,4096,1,-1,0
177,177_baseline_sequential_run17,baseline,sequential,1778268180.7836912,/big.txt,38535168,131072,sequential,1.0000,0.0000,0,1,38666240,4096,1,-1,0
177,177_baseline_sequential_run17,baseline,sequential,1778268180.785824,/big.txt,38666240,131072,sequential,1.0000,0.0000,0,1,38797312,4096,1,-1,0
177,177_baseline_sequential_run17,baseline,sequential,1778268180.7879965,/big.txt,38797312,131072,sequential,1.0000,0.0000,0,1,38928384,4096,1,-1,0
177,177_baseline_sequential_run17,baseline,sequential,1778268180.7901855,/big.txt,38928384,131072,sequential,1.0000,0.0000,0,1,39059456,4096,1,-1,0
177,177_baseline_sequential_run17,baseline,sequential,1778268180.7923257,/big.txt,39059456,131072,sequential,1.0000,0.0000,0,1,39190528,4096,1,-1,0
177,177_baseline_sequential_run17,baseline,sequential,1778268180.7944374,/big.txt,39190528,131072,sequential,1.0000,0.0000,0,1,39321600,4096,1,-1,0
177,177_baseline_sequential_run17,baseline,sequential,1778268180.7965932,/big.txt,39321600,131072,sequential,1.0000,0.0000,0,1,39452672,4096,1,-1,0
177,177_baseline_sequential_run17,baseline,sequential,1778268180.7987337,/big.txt,39452672,131072,sequential,1.0000,0.0000,0,1,39583744,4096,1,-1,0
177,177_baseline_sequential_run17,baseline,sequential,1778268180.8031352,/big.txt,39583744,131072,sequential,1.0000,0.0000,0,1,39714816,4096,1,-1,0
177,177_baseline_sequential_run17,baseline,sequential,1778268180.8074994,/big.txt,39714816,131072,sequential,1.0000,0.0000,0,1,39845888,4096,1,-1,0
177,177_baseline_sequential_run17,baseline,sequential,1778268180.8112671,/big.txt,39845888,131072,sequential,1.0000,0.0000,0,1,39976960,4096,1,-1,0
177,177_baseline_sequential_run17,baseline,sequential,1778268180.8134022,/big.txt,39976960,131072,sequential,1.0000,0.0000,0,1,40108032,4096,1,-1,0
177,177_baseline_sequential_run17,baseline,sequential,1778268180.8155553,/big.txt,40108032,131072,sequential,1.0000,0.0000,0,1,40239104,4096,1,-1,0
177,177_baseline_sequential_run17,baseline,sequential,1778268180.8176925,/big.txt,40239104,131072,sequential,1.0000,0.0000,0,1,40370176,4096,1,-1,0
177,177_baseline_sequential_run17,baseline,sequential,1778268180.819886,/big.txt,40370176,131072,sequential,1.0000,0.0000,0,1,40501248,4096,1,-1,0
177,177_baseline_sequential_run17,baseline,sequential,1778268180.822038,/big.txt,40501248,131072,sequential,1.0000,0.0000,0,1,40632320,4096,1,-1,0
177,177_baseline_sequential_run17,baseline,sequential,1778268180.8242512,/big.txt,40632320,131072,sequential,1.0000,0.0000,0,1,40763392,4096,1,-1,0
177,177_baseline_sequential_run17,baseline,sequential,1778268180.8263907,/big.txt,40763392,131072,sequential,1.0000,0.0000,0,1,40894464,4096,1,-1,0
177,177_baseline_sequential_run17,baseline,sequential,1778268180.828547,/big.txt,40894464,131072,sequential,1.0000,0.0000,0,1,41025536,4096,1,-1,0
177,177_baseline_sequential_run17,baseline,sequential,1778268180.8307216,/big.txt,41025536,131072,sequential,1.0000,0.0000,0,1,41156608,4096,1,-1,0
177,177_baseline_sequential_run17,baseline,sequential,1778268180.8329196,/big.txt,41156608,131072,sequential,1.0000,0.0000,0,1,41287680,4096,1,-1,0
177,177_baseline_sequential_run17,baseline,sequential,1778268180.835069,/big.txt,41287680,131072,sequential,1.0000,0.0000,0,1,41418752,4096,1,-1,0
177,177_baseline_sequential_run17,baseline,sequential,1778268180.8372016,/big.txt,41418752,131072,sequential,1.0000,0.0000,0,1,41549824,4096,1,-1,0
177,177_baseline_sequential_run17,baseline,sequential,1778268180.8394027,/big.txt,41549824,131072,sequential,1.0000,0.0000,0,1,41680896,4096,1,-1,0
177,177_baseline_sequential_run17,baseline,sequential,1778268180.8415532,/big.txt,41680896,131072,sequential,1.0000,0.0000,0,1,41811968,4096,1,-1,0
177,177_baseline_sequential_run17,baseline,sequential,1778268180.8437214,/big.txt,41811968,131072,sequential,1.0000,0.0000,0,1,41943040,4096,1,-1,0
177,177_baseline_sequential_run17,baseline,sequential,1778268180.8458507,/big.txt,41943040,131072,sequential,1.0000,0.0000,0,1,42074112,4096,1,-1,0
177,177_baseline_sequential_run17,baseline,sequential,1778268180.8480132,/big.txt,42074112,131072,sequential,1.0000,0.0000,0,1,42205184,4096,1,-1,0
177,177_baseline_sequential_run17,baseline,sequential,1778268180.8501573,/big.txt,42205184,131072,sequential,1.0000,0.0000,0,1,42336256,4096,1,-1,0
177,177_baseline_sequential_run17,baseline,sequential,1778268180.8523076,/big.txt,42336256,131072,sequential,1.0000,0.0000,0,1,42467328,4096,1,-1,0
177,177_baseline_sequential_run17,baseline,sequential,1778268180.8544433,/big.txt,42467328,131072,sequential,1.0000,0.0000,0,1,42598400,4096,1,-1,0
177,177_baseline_sequential_run17,baseline,sequential,1778268180.8566,/big.txt,42598400,131072,sequential,1.0000,0.0000,0,1,42729472,4096,1,-1,0
177,177_baseline_sequential_run17,baseline,sequential,1778268180.8587413,/big.txt,42729472,131072,sequential,1.0000,0.0000,0,1,42860544,4096,1,-1,0
177,177_baseline_sequential_run17,baseline,sequential,1778268180.8611004,/big.txt,42860544,131072,sequential,1.0000,0.0000,0,1,42991616,4096,1,-1,0
177,177_baseline_sequential_run17,baseline,sequential,1778268180.8632643,/big.txt,42991616,131072,sequential,1.0000,0.0000,0,1,43122688,4096,1,-1,0
177,177_baseline_sequential_run17,baseline,sequential,1778268180.8653998,/big.txt,43122688,131072,sequential,1.0000,0.0000,0,1,43253760,4096,1,-1,0
177,177_baseline_sequential_run17,baseline,sequential,1778268180.8675582,/big.txt,43253760,131072,sequential,1.0000,0.0000,0,1,43384832,4096,1,-1,0
177,177_baseline_sequential_run17,baseline,sequential,1778268180.8697143,/big.txt,43384832,131072,sequential,1.0000,0.0000,0,1,43515904,4096,1,-1,0
177,177_baseline_sequential_run17,baseline,sequential,1778268180.8718667,/big.txt,43515904,131072,sequential,1.0000,0.0000,0,1,43646976,4096,1,-1,0
177,177_baseline_sequential_run17,baseline,sequential,1778268180.8740232,/big.txt,43646976,131072,sequential,1.0000,0.0000,0,1,43778048,4096,1,-1,0
177,177_baseline_sequential_run17,baseline,sequential,1778268180.8761833,/big.txt,43778048,131072,sequential,1.0000,0.0000,0,1,43909120,4096,1,-1,0
177,177_baseline_sequential_run17,baseline,sequential,1778268180.8783166,/big.txt,43909120,131072,sequential,1.0000,0.0000,0,1,44040192,4096,1,-1,0
177,177_baseline_sequential_run17,baseline,sequential,1778268180.8804865,/big.txt,44040192,131072,sequential,1.0000,0.0000,0,1,44171264,4096,1,-1,0
177,177_baseline_sequential_run17,baseline,sequential,1778268180.882643,/big.txt,44171264,131072,sequential,1.0000,0.0000,0,1,44302336,4096,1,-1,0
177,177_baseline_sequential_run17,baseline,sequential,1778268180.8847916,/big.txt,44302336,131072,sequential,1.0000,0.0000,0,1,44433408,4096,1,-1,0
177,177_baseline_sequential_run17,baseline,sequential,1778268180.8869507,/big.txt,44433408,131072,sequential,1.0000,0.0000,0,1,44564480,4096,1,-1,0
177,177_baseline_sequential_run17,baseline,sequential,1778268180.8890932,/big.txt,44564480,131072,sequential,1.0000,0.0000,0,1,44695552,4096,1,-1,0
177,177_baseline_sequential_run17,baseline,sequential,1778268180.8912394,/big.txt,44695552,131072,sequential,1.0000,0.0000,0,1,44826624,4096,1,-1,0
177,177_baseline_sequential_run17,baseline,sequential,1778268180.8933928,/big.txt,44826624,131072,sequential,1.0000,0.0000,0,1,44957696,4096,1,-1,0
177,177_baseline_sequential_run17,baseline,sequential,1778268180.895538,/big.txt,44957696,131072,sequential,1.0000,0.0000,0,1,45088768,4096,1,-1,0
177,177_baseline_sequential_run17,baseline,sequential,1778268180.897679,/big.txt,45088768,131072,sequential,1.0000,0.0000,0,1,45219840,4096,1,-1,0
177,177_baseline_sequential_run17,baseline,sequential,1778268180.899847,/big.txt,45219840,131072,sequential,1.0000,0.0000,0,1,45350912,4096,1,-1,0
177,177_baseline_sequential_run17,baseline,sequential,1778268180.9020088,/big.txt,45350912,131072,sequential,1.0000,0.0000,0,1,45481984,4096,1,-1,0
177,177_baseline_sequential_run17,baseline,sequential,1778268180.9041696,/big.txt,45481984,131072,sequential,1.0000,0.0000,0,1,45613056,4096,1,-1,0
177,177_baseline_sequential_run17,baseline,sequential,1778268180.9063156,/big.txt,45613056,131072,sequential,1.0000,0.0000,0,1,45744128,4096,1,-1,0
177,177_baseline_sequential_run17,baseline,sequential,1778268180.9084811,/big.txt,45744128,131072,sequential,1.0000,0.0000,0,1,45875200,4096,1,-1,0
177,177_baseline_sequential_run17,baseline,sequential,1778268180.9106097,/big.txt,45875200,131072,sequential,1.0000,0.0000,0,1,46006272,4096,1,-1,0
177,177_baseline_sequential_run17,baseline,sequential,1778268180.9127736,/big.txt,46006272,131072,sequential,1.0000,0.0000,0,1,46137344,4096,1,-1,0
177,177_baseline_sequential_run17,baseline,sequential,1778268180.9150686,/big.txt,46137344,131072,sequential,1.0000,0.0000,0,1,46268416,4096,1,-1,0
177,177_baseline_sequential_run17,baseline,sequential,1778268180.919451,/big.txt,46268416,131072,sequential,1.0000,0.0000,0,1,46399488,4096,1,-1,0
177,177_baseline_sequential_run17,baseline,sequential,1778268180.9238365,/big.txt,46399488,131072,sequential,1.0000,0.0000,0,1,46530560,4096,1,-1,0
177,177_baseline_sequential_run17,baseline,sequential,1778268180.9272432,/big.txt,46530560,131072,sequential,1.0000,0.0000,0,1,46661632,4096,1,-1,0
177,177_baseline_sequential_run17,baseline,sequential,1778268180.9293678,/big.txt,46661632,131072,sequential,1.0000,0.0000,0,1,46792704,4096,1,-1,0
177,177_baseline_sequential_run17,baseline,sequential,1778268180.9315307,/big.txt,46792704,131072,sequential,1.0000,0.0000,0,1,46923776,4096,1,-1,0
177,177_baseline_sequential_run17,baseline,sequential,1778268180.9336686,/big.txt,46923776,131072,sequential,1.0000,0.0000,0,1,47054848,4096,1,-1,0
177,177_baseline_sequential_run17,baseline,sequential,1778268180.9358118,/big.txt,47054848,131072,sequential,1.0000,0.0000,0,1,47185920,4096,1,-1,0
177,177_baseline_sequential_run17,baseline,sequential,1778268180.9379523,/big.txt,47185920,131072,sequential,1.0000,0.0000,0,1,47316992,4096,1,-1,0
177,177_baseline_sequential_run17,baseline,sequential,1778268180.9401264,/big.txt,47316992,131072,sequential,1.0000,0.0000,0,1,47448064,4096,1,-1,0
177,177_baseline_sequential_run17,baseline,sequential,1778268180.9422553,/big.txt,47448064,131072,sequential,1.0000,0.0000,0,1,47579136,4096,1,-1,0
177,177_baseline_sequential_run17,baseline,sequential,1778268180.9444158,/big.txt,47579136,131072,sequential,1.0000,0.0000,0,1,47710208,4096,1,-1,0
177,177_baseline_sequential_run17,baseline,sequential,1778268180.946552,/big.txt,47710208,131072,sequential,1.0000,0.0000,0,1,47841280,4096,1,-1,0
177,177_baseline_sequential_run17,baseline,sequential,1778268180.9487216,/big.txt,47841280,131072,sequential,1.0000,0.0000,0,1,47972352,4096,1,-1,0
177,177_baseline_sequential_run17,baseline,sequential,1778268180.9508674,/big.txt,47972352,131072,sequential,1.0000,0.0000,0,1,48103424,4096,1,-1,0
177,177_baseline_sequential_run17,baseline,sequential,1778268180.9529963,/big.txt,48103424,131072,sequential,1.0000,0.0000,0,1,48234496,4096,1,-1,0
177,177_baseline_sequential_run17,baseline,sequential,1778268180.9551654,/big.txt,48234496,131072,sequential,1.0000,0.0000,0,1,48365568,4096,1,-1,0
177,177_baseline_sequential_run17,baseline,sequential,1778268180.9573033,/big.txt,48365568,131072,sequential,1.0000,0.0000,0,1,48496640,4096,1,-1,0
177,177_baseline_sequential_run17,baseline,sequential,1778268180.9594402,/big.txt,48496640,131072,sequential,1.0000,0.0000,0,1,48627712,4096,1,-1,0
177,177_baseline_sequential_run17,baseline,sequential,1778268180.9615946,/big.txt,48627712,131072,sequential,1.0000,0.0000,0,1,48758784,4096,1,-1,0
177,177_baseline_sequential_run17,baseline,sequential,1778268180.963752,/big.txt,48758784,131072,sequential,1.0000,0.0000,0,1,48889856,4096,1,-1,0
177,177_baseline_sequential_run17,baseline,sequential,1778268180.9658768,/big.txt,48889856,131072,sequential,1.0000,0.0000,0,1,49020928,4096,1,-1,0
177,177_baseline_sequential_run17,baseline,sequential,1778268180.9680688,/big.txt,49020928,131072,sequential,1.0000,0.0000,0,1,49152000,4096,1,-1,0
177,177_baseline_sequential_run17,baseline,sequential,1778268180.9702184,/big.txt,49152000,131072,sequential,1.0000,0.0000,0,1,49283072,4096,1,-1,0
177,177_baseline_sequential_run17,baseline,sequential,1778268180.9723897,/big.txt,49283072,131072,sequential,1.0000,0.0000,0,1,49414144,4096,1,-1,0
177,177_baseline_sequential_run17,baseline,sequential,1778268180.9745386,/big.txt,49414144,131072,sequential,1.0000,0.0000,0,1,49545216,4096,1,-1,0
177,177_baseline_sequential_run17,baseline,sequential,1778268180.9766982,/big.txt,49545216,131072,sequential,1.0000,0.0000,0,1,49676288,4096,1,-1,0
177,177_baseline_sequential_run17,baseline,sequential,1778268180.9789221,/big.txt,49676288,131072,sequential,1.0000,0.0000,0,1,49807360,4096,1,-1,0
177,177_baseline_sequential_run17,baseline,sequential,1778268180.9810407,/big.txt,49807360,131072,sequential,1.0000,0.0000,0,1,49938432,4096,1,-1,0
177,177_baseline_sequential_run17,baseline,sequential,1778268180.983195,/big.txt,49938432,131072,sequential,1.0000,0.0000,0,1,50069504,4096,1,-1,0
177,177_baseline_sequential_run17,baseline,sequential,1778268180.9853544,/big.txt,50069504,131072,sequential,1.0000,0.0000,0,1,50200576,4096,1,-1,0
177,177_baseline_sequential_run17,baseline,sequential,1778268180.9875033,/big.txt,50200576,131072,sequential,1.0000,0.0000,0,1,50331648,4096,1,-1,0
177,177_baseline_sequential_run17,baseline,sequential,1778268180.9896681,/big.txt,50331648,131072,sequential,1.0000,0.0000,0,1,50462720,4096,1,-1,0
177,177_baseline_sequential_run17,baseline,sequential,1778268180.9918303,/big.txt,50462720,131072,sequential,1.0000,0.0000,0,1,50593792,4096,1,-1,0
177,177_baseline_sequential_run17,baseline,sequential,1778268180.9939775,/big.txt,50593792,131072,sequential,1.0000,0.0000,0,1,50724864,4096,1,-1,0
177,177_baseline_sequential_run17,baseline,sequential,1778268180.9961398,/big.txt,50724864,131072,sequential,1.0000,0.0000,0,1,50855936,4096,1,-1,0
177,177_baseline_sequential_run17,baseline,sequential,1778268180.9982727,/big.txt,50855936,131072,sequential,1.0000,0.0000,0,1,50987008,4096,1,-1,0
177,177_baseline_sequential_run17,baseline,sequential,1778268181.0004306,/big.txt,50987008,131072,sequential,1.0000,0.0000,0,1,51118080,4096,1,-1,0
177,177_baseline_sequential_run17,baseline,sequential,1778268181.0025692,/big.txt,51118080,131072,sequential,1.0000,0.0000,0,1,51249152,4096,1,-1,0
177,177_baseline_sequential_run17,baseline,sequential,1778268181.0047178,/big.txt,51249152,131072,sequential,1.0000,0.0000,0,1,51380224,4096,1,-1,0
177,177_baseline_sequential_run17,baseline,sequential,1778268181.0069385,/big.txt,51380224,131072,sequential,1.0000,0.0000,0,1,51511296,4096,1,-1,0
177,177_baseline_sequential_run17,baseline,sequential,1778268181.0090947,/big.txt,51511296,131072,sequential,1.0000,0.0000,0,1,51642368,4096,1,-1,0
177,177_baseline_sequential_run17,baseline,sequential,1778268181.0112445,/big.txt,51642368,131072,sequential,1.0000,0.0000,0,1,51773440,4096,1,-1,0
177,177_baseline_sequential_run17,baseline,sequential,1778268181.0134192,/big.txt,51773440,131072,sequential,1.0000,0.0000,0,1,51904512,4096,1,-1,0
177,177_baseline_sequential_run17,baseline,sequential,1778268181.0156167,/big.txt,51904512,131072,sequential,1.0000,0.0000,0,1,52035584,4096,1,-1,0
177,177_baseline_sequential_run17,baseline,sequential,1778268181.0177834,/big.txt,52035584,131072,sequential,1.0000,0.0000,0,1,52166656,4096,1,-1,0
177,177_baseline_sequential_run17,baseline,sequential,1778268181.019942,/big.txt,52166656,131072,sequential,1.0000,0.0000,0,1,52297728,4096,1,-1,0
177,177_baseline_sequential_run17,baseline,sequential,1778268181.0221128,/big.txt,52297728,131072,sequential,1.0000,0.0000,0,1,52428800,4096,1,-1,0
177,177_baseline_sequential_run17,baseline,sequential,1778268181.0242822,/big.txt,52428800,131072,sequential,1.0000,0.0000,0,1,52559872,4096,1,-1,0
177,177_baseline_sequential_run17,baseline,sequential,1778268181.0264287,/big.txt,52559872,131072,sequential,1.0000,0.0000,0,1,52690944,4096,1,-1,0
177,177_baseline_sequential_run17,baseline,sequential,1778268181.0285945,/big.txt,52690944,131072,sequential,1.0000,0.0000,0,1,52822016,4096,1,-1,0
177,177_baseline_sequential_run17,baseline,sequential,1778268181.0307486,/big.txt,52822016,131072,sequential,1.0000,0.0000,0,1,52953088,4096,1,-1,0
177,177_baseline_sequential_run17,baseline,sequential,1778268181.0328999,/big.txt,52953088,131072,sequential,1.0000,0.0000,0,1,53084160,4096,1,-1,0
177,177_baseline_sequential_run17,baseline,sequential,1778268181.0350595,/big.txt,53084160,131072,sequential,1.0000,0.0000,0,1,53215232,4096,1,-1,0
177,177_baseline_sequential_run17,baseline,sequential,1778268181.037197,/big.txt,53215232,131072,sequential,1.0000,0.0000,0,1,53346304,4096,1,-1,0
177,177_baseline_sequential_run17,baseline,sequential,1778268181.039367,/big.txt,53346304,131072,sequential,1.0000,0.0000,0,1,53477376,4096,1,-1,0
177,177_baseline_sequential_run17,baseline,sequential,1778268181.0415123,/big.txt,53477376,131072,sequential,1.0000,0.0000,0,1,53608448,4096,1,-1,0
177,177_baseline_sequential_run17,baseline,sequential,1778268181.0436833,/big.txt,53608448,131072,sequential,1.0000,0.0000,0,1,53739520,4096,1,-1,0
177,177_baseline_sequential_run17,baseline,sequential,1778268181.0458326,/big.txt,53739520,131072,sequential,1.0000,0.0000,0,1,53870592,4096,1,-1,0
177,177_baseline_sequential_run17,baseline,sequential,1778268181.0479836,/big.txt,53870592,131072,sequential,1.0000,0.0000,0,1,54001664,4096,1,-1,0
177,177_baseline_sequential_run17,baseline,sequential,1778268181.0501351,/big.txt,54001664,131072,sequential,1.0000,0.0000,0,1,54132736,4096,1,-1,0
177,177_baseline_sequential_run17,baseline,sequential,1778268181.0523255,/big.txt,54132736,131072,sequential,1.0000,0.0000,0,1,54263808,4096,1,-1,0
177,177_baseline_sequential_run17,baseline,sequential,1778268181.0544753,/big.txt,54263808,131072,sequential,1.0000,0.0000,0,1,54394880,4096,1,-1,0
177,177_baseline_sequential_run17,baseline,sequential,1778268181.0566306,/big.txt,54394880,131072,sequential,1.0000,0.0000,0,1,54525952,4096,1,-1,0
177,177_baseline_sequential_run17,baseline,sequential,1778268181.0587792,/big.txt,54525952,131072,sequential,1.0000,0.0000,0,1,54657024,4096,1,-1,0
177,177_baseline_sequential_run17,baseline,sequential,1778268181.0609145,/big.txt,54657024,131072,sequential,1.0000,0.0000,0,1,54788096,4096,1,-1,0
177,177_baseline_sequential_run17,baseline,sequential,1778268181.0631187,/big.txt,54788096,131072,sequential,1.0000,0.0000,0,1,54919168,4096,1,-1,0
177,177_baseline_sequential_run17,baseline,sequential,1778268181.0652647,/big.txt,54919168,131072,sequential,1.0000,0.0000,0,1,55050240,4096,1,-1,0
177,177_baseline_sequential_run17,baseline,sequential,1778268181.0674095,/big.txt,55050240,131072,sequential,1.0000,0.0000,0,1,55181312,4096,1,-1,0
177,177_baseline_sequential_run17,baseline,sequential,1778268181.0695236,/big.txt,55181312,131072,sequential,1.0000,0.0000,0,1,55312384,4096,1,-1,0
177,177_baseline_sequential_run17,baseline,sequential,1778268181.0716906,/big.txt,55312384,131072,sequential,1.0000,0.0000,0,1,55443456,4096,1,-1,0
177,177_baseline_sequential_run17,baseline,sequential,1778268181.073816,/big.txt,55443456,131072,sequential,1.0000,0.0000,0,1,55574528,4096,1,-1,0
177,177_baseline_sequential_run17,baseline,sequential,1778268181.0759726,/big.txt,55574528,131072,sequential,1.0000,0.0000,0,1,55705600,4096,1,-1,0
177,177_baseline_sequential_run17,baseline,sequential,1778268181.0781183,/big.txt,55705600,131072,sequential,1.0000,0.0000,0,1,55836672,4096,1,-1,0
177,177_baseline_sequential_run17,baseline,sequential,1778268181.08029,/big.txt,55836672,131072,sequential,1.0000,0.0000,0,1,55967744,4096,1,-1,0
177,177_baseline_sequential_run17,baseline,sequential,1778268181.0824375,/big.txt,55967744,131072,sequential,1.0000,0.0000,0,1,56098816,4096,1,-1,0
177,177_baseline_sequential_run17,baseline,sequential,1778268181.0846088,/big.txt,56098816,131072,sequential,1.0000,0.0000,0,1,56229888,4096,1,-1,0
177,177_baseline_sequential_run17,baseline,sequential,1778268181.0867596,/big.txt,56229888,131072,sequential,1.0000,0.0000,0,1,56360960,4096,1,-1,0
177,177_baseline_sequential_run17,baseline,sequential,1778268181.0888855,/big.txt,56360960,131072,sequential,1.0000,0.0000,0,1,56492032,4096,1,-1,0
177,177_baseline_sequential_run17,baseline,sequential,1778268181.0911405,/big.txt,56492032,131072,sequential,1.0000,0.0000,0,1,56623104,4096,1,-1,0
177,177_baseline_sequential_run17,baseline,sequential,1778268181.0932965,/big.txt,56623104,131072,sequential,1.0000,0.0000,0,1,56754176,4096,1,-1,0
177,177_baseline_sequential_run17,baseline,sequential,1778268181.0954452,/big.txt,56754176,131072,sequential,1.0000,0.0000,0,1,56885248,4096,1,-1,0
177,177_baseline_sequential_run17,baseline,sequential,1778268181.097576,/big.txt,56885248,131072,sequential,1.0000,0.0000,0,1,57016320,4096,1,-1,0
177,177_baseline_sequential_run17,baseline,sequential,1778268181.099738,/big.txt,57016320,131072,sequential,1.0000,0.0000,0,1,57147392,4096,1,-1,0
177,177_baseline_sequential_run17,baseline,sequential,1778268181.1018798,/big.txt,57147392,131072,sequential,1.0000,0.0000,0,1,57278464,4096,1,-1,0
177,177_baseline_sequential_run17,baseline,sequential,1778268181.1040497,/big.txt,57278464,131072,sequential,1.0000,0.0000,0,1,57409536,4096,1,-1,0
177,177_baseline_sequential_run17,baseline,sequential,1778268181.1061893,/big.txt,57409536,131072,sequential,1.0000,0.0000,0,1,57540608,4096,1,-1,0
177,177_baseline_sequential_run17,baseline,sequential,1778268181.1083758,/big.txt,57540608,131072,sequential,1.0000,0.0000,0,1,57671680,4096,1,-1,0
177,177_baseline_sequential_run17,baseline,sequential,1778268181.110517,/big.txt,57671680,131072,sequential,1.0000,0.0000,0,1,57802752,4096,1,-1,0
177,177_baseline_sequential_run17,baseline,sequential,1778268181.1126683,/big.txt,57802752,131072,sequential,1.0000,0.0000,0,1,57933824,4096,1,-1,0
177,177_baseline_sequential_run17,baseline,sequential,1778268181.1148703,/big.txt,57933824,131072,sequential,1.0000,0.0000,0,1,58064896,4096,1,-1,0
177,177_baseline_sequential_run17,baseline,sequential,1778268181.1170146,/big.txt,58064896,131072,sequential,1.0000,0.0000,0,1,58195968,4096,1,-1,0
177,177_baseline_sequential_run17,baseline,sequential,1778268181.119172,/big.txt,58195968,131072,sequential,1.0000,0.0000,0,1,58327040,4096,1,-1,0
177,177_baseline_sequential_run17,baseline,sequential,1778268181.1212938,/big.txt,58327040,131072,sequential,1.0000,0.0000,0,1,58458112,4096,1,-1,0
177,177_baseline_sequential_run17,baseline,sequential,1778268181.1234627,/big.txt,58458112,131072,sequential,1.0000,0.0000,0,1,58589184,4096,1,-1,0
177,177_baseline_sequential_run17,baseline,sequential,1778268181.1256099,/big.txt,58589184,131072,sequential,1.0000,0.0000,0,1,58720256,4096,1,-1,0
177,177_baseline_sequential_run17,baseline,sequential,1778268181.1277797,/big.txt,58720256,131072,sequential,1.0000,0.0000,0,1,58851328,4096,1,-1,0
177,177_baseline_sequential_run17,baseline,sequential,1778268181.129955,/big.txt,58851328,131072,sequential,1.0000,0.0000,0,1,58982400,4096,1,-1,0
177,177_baseline_sequential_run17,baseline,sequential,1778268181.1321015,/big.txt,58982400,131072,sequential,1.0000,0.0000,0,1,59113472,4096,1,-1,0
177,177_baseline_sequential_run17,baseline,sequential,1778268181.1342263,/big.txt,59113472,131072,sequential,1.0000,0.0000,0,1,59244544,4096,1,-1,0
177,177_baseline_sequential_run17,baseline,sequential,1778268181.1364012,/big.txt,59244544,131072,sequential,1.0000,0.0000,0,1,59375616,4096,1,-1,0
177,177_baseline_sequential_run17,baseline,sequential,1778268181.1385818,/big.txt,59375616,131072,sequential,1.0000,0.0000,0,1,59506688,4096,1,-1,0
177,177_baseline_sequential_run17,baseline,sequential,1778268181.140744,/big.txt,59506688,131072,sequential,1.0000,0.0000,0,1,59637760,4096,1,-1,0
177,177_baseline_sequential_run17,baseline,sequential,1778268181.142966,/big.txt,59637760,131072,sequential,1.0000,0.0000,0,1,59768832,4096,1,-1,0
177,177_baseline_sequential_run17,baseline,sequential,1778268181.1451302,/big.txt,59768832,131072,sequential,1.0000,0.0000,0,1,59899904,4096,1,-1,0
177,177_baseline_sequential_run17,baseline,sequential,1778268181.1472666,/big.txt,59899904,131072,sequential,1.0000,0.0000,0,1,60030976,4096,1,-1,0
177,177_baseline_sequential_run17,baseline,sequential,1778268181.149393,/big.txt,60030976,131072,sequential,1.0000,0.0000,0,1,60162048,4096,1,-1,0
177,177_baseline_sequential_run17,baseline,sequential,1778268181.1515322,/big.txt,60162048,131072,sequential,1.0000,0.0000,0,1,60293120,4096,1,-1,0
177,177_baseline_sequential_run17,baseline,sequential,1778268181.153667,/big.txt,60293120,131072,sequential,1.0000,0.0000,0,1,60424192,4096,1,-1,0
177,177_baseline_sequential_run17,baseline,sequential,1778268181.1558356,/big.txt,60424192,131072,sequential,1.0000,0.0000,0,1,60555264,4096,1,-1,0
177,177_baseline_sequential_run17,baseline,sequential,1778268181.1579661,/big.txt,60555264,131072,sequential,1.0000,0.0000,0,1,60686336,4096,1,-1,0
177,177_baseline_sequential_run17,baseline,sequential,1778268181.1601477,/big.txt,60686336,131072,sequential,1.0000,0.0000,0,1,60817408,4096,1,-1,0
177,177_baseline_sequential_run17,baseline,sequential,1778268181.1622765,/big.txt,60817408,131072,sequential,1.0000,0.0000,0,1,60948480,4096,1,-1,0
177,177_baseline_sequential_run17,baseline,sequential,1778268181.1644275,/big.txt,60948480,131072,sequential,1.0000,0.0000,0,1,61079552,4096,1,-1,0
177,177_baseline_sequential_run17,baseline,sequential,1778268181.1665792,/big.txt,61079552,131072,sequential,1.0000,0.0000,0,1,61210624,4096,1,-1,0
177,177_baseline_sequential_run17,baseline,sequential,1778268181.1687152,/big.txt,61210624,131072,sequential,1.0000,0.0000,0,1,61341696,4096,1,-1,0
177,177_baseline_sequential_run17,baseline,sequential,1778268181.1709094,/big.txt,61341696,131072,sequential,1.0000,0.0000,0,1,61472768,4096,1,-1,0
177,177_baseline_sequential_run17,baseline,sequential,1778268181.173053,/big.txt,61472768,131072,sequential,1.0000,0.0000,0,1,61603840,4096,1,-1,0
177,177_baseline_sequential_run17,baseline,sequential,1778268181.1751976,/big.txt,61603840,131072,sequential,1.0000,0.0000,0,1,61734912,4096,1,-1,0
177,177_baseline_sequential_run17,baseline,sequential,1778268181.1773543,/big.txt,61734912,131072,sequential,1.0000,0.0000,0,1,61865984,4096,1,-1,0
177,177_baseline_sequential_run17,baseline,sequential,1778268181.1794941,/big.txt,61865984,131072,sequential,1.0000,0.0000,0,1,61997056,4096,1,-1,0
177,177_baseline_sequential_run17,baseline,sequential,1778268181.181644,/big.txt,61997056,131072,sequential,1.0000,0.0000,0,1,62128128,4096,1,-1,0
177,177_baseline_sequential_run17,baseline,sequential,1778268181.1838148,/big.txt,62128128,131072,sequential,1.0000,0.0000,0,1,62259200,4096,1,-1,0
177,177_baseline_sequential_run17,baseline,sequential,1778268181.1859498,/big.txt,62259200,131072,sequential,1.0000,0.0000,0,1,62390272,4096,1,-1,0
177,177_baseline_sequential_run17,baseline,sequential,1778268181.1881142,/big.txt,62390272,131072,sequential,1.0000,0.0000,0,1,62521344,4096,1,-1,0
177,177_baseline_sequential_run17,baseline,sequential,1778268181.1902666,/big.txt,62521344,131072,sequential,1.0000,0.0000,0,1,62652416,4096,1,-1,0
177,177_baseline_sequential_run17,baseline,sequential,1778268181.1924334,/big.txt,62652416,131072,sequential,1.0000,0.0000,0,1,62783488,4096,1,-1,0
177,177_baseline_sequential_run17,baseline,sequential,1778268181.1946046,/big.txt,62783488,131072,sequential,1.0000,0.0000,0,1,62914560,4096,1,-1,0
177,177_baseline_sequential_run17,baseline,sequential,1778268181.196783,/big.txt,62914560,131072,sequential,1.0000,0.0000,0,1,63045632,4096,1,-1,0
177,177_baseline_sequential_run17,baseline,sequential,1778268181.199002,/big.txt,63045632,131072,sequential,1.0000,0.0000,0,1,63176704,4096,1,-1,0
177,177_baseline_sequential_run17,baseline,sequential,1778268181.2011635,/big.txt,63176704,131072,sequential,1.0000,0.0000,0,1,63307776,4096,1,-1,0
177,177_baseline_sequential_run17,baseline,sequential,1778268181.2033184,/big.txt,63307776,131072,sequential,1.0000,0.0000,0,1,63438848,4096,1,-1,0
177,177_baseline_sequential_run17,baseline,sequential,1778268181.205475,/big.txt,63438848,131072,sequential,1.0000,0.0000,0,1,63569920,4096,1,-1,0
177,177_baseline_sequential_run17,baseline,sequential,1778268181.2076626,/big.txt,63569920,131072,sequential,1.0000,0.0000,0,1,63700992,4096,1,-1,0
177,177_baseline_sequential_run17,baseline,sequential,1778268181.2097933,/big.txt,63700992,131072,sequential,1.0000,0.0000,0,1,63832064,4096,1,-1,0
177,177_baseline_sequential_run17,baseline,sequential,1778268181.2119467,/big.txt,63832064,131072,sequential,1.0000,0.0000,0,1,63963136,4096,1,-1,0
177,177_baseline_sequential_run17,baseline,sequential,1778268181.2141025,/big.txt,63963136,131072,sequential,1.0000,0.0000,0,1,64094208,4096,1,-1,0
177,177_baseline_sequential_run17,baseline,sequential,1778268181.2162726,/big.txt,64094208,131072,sequential,1.0000,0.0000,0,1,64225280,4096,1,-1,0
177,177_baseline_sequential_run17,baseline,sequential,1778268181.2184212,/big.txt,64225280,131072,sequential,1.0000,0.0000,0,1,64356352,4096,1,-1,0
177,177_baseline_sequential_run17,baseline,sequential,1778268181.2205796,/big.txt,64356352,131072,sequential,1.0000,0.0000,0,1,64487424,4096,1,-1,0
177,177_baseline_sequential_run17,baseline,sequential,1778268181.2227314,/big.txt,64487424,131072,sequential,1.0000,0.0000,0,1,64618496,4096,1,-1,0
177,177_baseline_sequential_run17,baseline,sequential,1778268181.2271106,/big.txt,64618496,131072,sequential,1.0000,0.0000,0,1,64749568,4096,1,-1,0
177,177_baseline_sequential_run17,baseline,sequential,1778268181.231464,/big.txt,64749568,131072,sequential,1.0000,0.0000,0,1,64880640,4096,1,-1,0
177,177_baseline_sequential_run17,baseline,sequential,1778268181.235259,/big.txt,64880640,131072,sequential,1.0000,0.0000,0,1,65011712,4096,1,-1,0
177,177_baseline_sequential_run17,baseline,sequential,1778268181.2373972,/big.txt,65011712,131072,sequential,1.0000,0.0000,0,1,65142784,4096,1,-1,0
177,177_baseline_sequential_run17,baseline,sequential,1778268181.2395582,/big.txt,65142784,131072,sequential,1.0000,0.0000,0,1,65273856,4096,1,-1,0
177,177_baseline_sequential_run17,baseline,sequential,1778268181.241717,/big.txt,65273856,131072,sequential,1.0000,0.0000,0,1,65404928,4096,1,-1,0
177,177_baseline_sequential_run17,baseline,sequential,1778268181.2438989,/big.txt,65404928,131072,sequential,1.0000,0.0000,0,1,65536000,4096,1,-1,0
177,177_baseline_sequential_run17,baseline,sequential,1778268181.246036,/big.txt,65536000,131072,sequential,1.0000,0.0000,0,1,65667072,4096,1,-1,0
177,177_baseline_sequential_run17,baseline,sequential,1778268181.248192,/big.txt,65667072,131072,sequential,1.0000,0.0000,0,1,65798144,4096,1,-1,0
177,177_baseline_sequential_run17,baseline,sequential,1778268181.2503376,/big.txt,65798144,131072,sequential,1.0000,0.0000,0,1,65929216,4096,1,-1,0
177,177_baseline_sequential_run17,baseline,sequential,1778268181.2525082,/big.txt,65929216,131072,sequential,1.0000,0.0000,0,1,66060288,4096,1,-1,0
177,177_baseline_sequential_run17,baseline,sequential,1778268181.254651,/big.txt,66060288,131072,sequential,1.0000,0.0000,0,1,66191360,4096,1,-1,0
177,177_baseline_sequential_run17,baseline,sequential,1778268181.2568123,/big.txt,66191360,131072,sequential,1.0000,0.0000,0,1,66322432,4096,1,-1,0
177,177_baseline_sequential_run17,baseline,sequential,1778268181.259044,/big.txt,66322432,131072,sequential,1.0000,0.0000,0,1,66453504,4096,1,-1,0
177,177_baseline_sequential_run17,baseline,sequential,1778268181.2611842,/big.txt,66453504,131072,sequential,1.0000,0.0000,0,1,66584576,4096,1,-1,0
177,177_baseline_sequential_run17,baseline,sequential,1778268181.2633386,/big.txt,66584576,131072,sequential,1.0000,0.0000,0,1,66715648,4096,1,-1,0
177,177_baseline_sequential_run17,baseline,sequential,1778268181.265497,/big.txt,66715648,131072,sequential,1.0000,0.0000,0,1,66846720,4096,1,-1,0
177,177_baseline_sequential_run17,baseline,sequential,1778268181.2676857,/big.txt,66846720,131072,sequential,1.0000,0.0000,0,1,66977792,4096,1,-1,0
177,177_baseline_sequential_run17,baseline,sequential,1778268181.2698336,/big.txt,66977792,131072,sequential,1.0000,0.0000,0,1,67108864,4096,1,-1,0
177,177_baseline_sequential_run17,baseline,sequential,1778268181.2719872,/big.txt,67108864,131072,sequential,1.0000,0.0000,0,1,67239936,4096,1,-1,0
177,177_baseline_sequential_run17,baseline,sequential,1778268181.2741354,/big.txt,67239936,131072,sequential,1.0000,0.0000,0,1,67371008,4096,1,-1,0
177,177_baseline_sequential_run17,baseline,sequential,1778268181.2763333,/big.txt,67371008,131072,sequential,1.0000,0.0000,0,1,67502080,4096,1,-1,0
177,177_baseline_sequential_run17,baseline,sequential,1778268181.2784858,/big.txt,67502080,131072,sequential,1.0000,0.0000,0,1,67633152,4096,1,-1,0
177,177_baseline_sequential_run17,baseline,sequential,1778268181.2806494,/big.txt,67633152,131072,sequential,1.0000,0.0000,0,1,67764224,4096,1,-1,0
177,177_baseline_sequential_run17,baseline,sequential,1778268181.2827966,/big.txt,67764224,131072,sequential,1.0000,0.0000,0,1,67895296,4096,1,-1,0
177,177_baseline_sequential_run17,baseline,sequential,1778268181.284938,/big.txt,67895296,131072,sequential,1.0000,0.0000,0,1,68026368,4096,1,-1,0
177,177_baseline_sequential_run17,baseline,sequential,1778268181.287208,/big.txt,68026368,131072,sequential,1.0000,0.0000,0,1,68157440,4096,1,-1,0
177,177_baseline_sequential_run17,baseline,sequential,1778268181.2893615,/big.txt,68157440,131072,sequential,1.0000,0.0000,0,1,68288512,4096,1,-1,0
177,177_baseline_sequential_run17,baseline,sequential,1778268181.2915087,/big.txt,68288512,131072,sequential,1.0000,0.0000,0,1,68419584,4096,1,-1,0
177,177_baseline_sequential_run17,baseline,sequential,1778268181.2936413,/big.txt,68419584,131072,sequential,1.0000,0.0000,0,1,68550656,4096,1,-1,0
177,177_baseline_sequential_run17,baseline,sequential,1778268181.295831,/big.txt,68550656,131072,sequential,1.0000,0.0000,0,1,68681728,4096,1,-1,0
177,177_baseline_sequential_run17,baseline,sequential,1778268181.2980006,/big.txt,68681728,131072,sequential,1.0000,0.0000,0,1,68812800,4096,1,-1,0
177,177_baseline_sequential_run17,baseline,sequential,1778268181.3001444,/big.txt,68812800,131072,sequential,1.0000,0.0000,0,1,68943872,4096,1,-1,0
177,177_baseline_sequential_run17,baseline,sequential,1778268181.3023164,/big.txt,68943872,131072,sequential,1.0000,0.0000,0,1,69074944,4096,1,-1,0
177,177_baseline_sequential_run17,baseline,sequential,1778268181.3044834,/big.txt,69074944,131072,sequential,1.0000,0.0000,0,1,69206016,4096,1,-1,0
177,177_baseline_sequential_run17,baseline,sequential,1778268181.306617,/big.txt,69206016,131072,sequential,1.0000,0.0000,0,1,69337088,4096,1,-1,0
177,177_baseline_sequential_run17,baseline,sequential,1778268181.3087966,/big.txt,69337088,131072,sequential,1.0000,0.0000,0,1,69468160,4096,1,-1,0
177,177_baseline_sequential_run17,baseline,sequential,1778268181.3109748,/big.txt,69468160,131072,sequential,1.0000,0.0000,0,1,69599232,4096,1,-1,0
177,177_baseline_sequential_run17,baseline,sequential,1778268181.3131616,/big.txt,69599232,131072,sequential,1.0000,0.0000,0,1,69730304,4096,1,-1,0
177,177_baseline_sequential_run17,baseline,sequential,1778268181.3154366,/big.txt,69730304,131072,sequential,1.0000,0.0000,0,1,69861376,4096,1,-1,0
177,177_baseline_sequential_run17,baseline,sequential,1778268181.3175924,/big.txt,69861376,131072,sequential,1.0000,0.0000,0,1,69992448,4096,1,-1,0
177,177_baseline_sequential_run17,baseline,sequential,1778268181.3197584,/big.txt,69992448,131072,sequential,1.0000,0.0000,0,1,70123520,4096,1,-1,0
177,177_baseline_sequential_run17,baseline,sequential,1778268181.3219104,/big.txt,70123520,131072,sequential,1.0000,0.0000,0,1,70254592,4096,1,-1,0
177,177_baseline_sequential_run17,baseline,sequential,1778268181.3240585,/big.txt,70254592,131072,sequential,1.0000,0.0000,0,1,70385664,4096,1,-1,0
177,177_baseline_sequential_run17,baseline,sequential,1778268181.326221,/big.txt,70385664,131072,sequential,1.0000,0.0000,0,1,70516736,4096,1,-1,0
177,177_baseline_sequential_run17,baseline,sequential,1778268181.3284004,/big.txt,70516736,131072,sequential,1.0000,0.0000,0,1,70647808,4096,1,-1,0
177,177_baseline_sequential_run17,baseline,sequential,1778268181.3305585,/big.txt,70647808,131072,sequential,1.0000,0.0000,0,1,70778880,4096,1,-1,0
177,177_baseline_sequential_run17,baseline,sequential,1778268181.3327086,/big.txt,70778880,131072,sequential,1.0000,0.0000,0,1,70909952,4096,1,-1,0
177,177_baseline_sequential_run17,baseline,sequential,1778268181.3348732,/big.txt,70909952,131072,sequential,1.0000,0.0000,0,1,71041024,4096,1,-1,0
177,177_baseline_sequential_run17,baseline,sequential,1778268181.3370128,/big.txt,71041024,131072,sequential,1.0000,0.0000,0,1,71172096,4096,1,-1,0
177,177_baseline_sequential_run17,baseline,sequential,1778268181.3398352,/big.txt,71172096,131072,sequential,1.0000,0.0000,0,1,71303168,4096,1,-1,0
177,177_baseline_sequential_run17,baseline,sequential,1778268181.344225,/big.txt,71303168,131072,sequential,1.0000,0.0000,0,1,71434240,4096,1,-1,0
177,177_baseline_sequential_run17,baseline,sequential,1778268181.3485959,/big.txt,71434240,131072,sequential,1.0000,0.0000,0,1,71565312,4096,1,-1,0
177,177_baseline_sequential_run17,baseline,sequential,1778268181.3513925,/big.txt,71565312,131072,sequential,1.0000,0.0000,0,1,71696384,4096,1,-1,0
177,177_baseline_sequential_run17,baseline,sequential,1778268181.3535628,/big.txt,71696384,131072,sequential,1.0000,0.0000,0,1,71827456,4096,1,-1,0
177,177_baseline_sequential_run17,baseline,sequential,1778268181.3557346,/big.txt,71827456,131072,sequential,1.0000,0.0000,0,1,71958528,4096,1,-1,0
177,177_baseline_sequential_run17,baseline,sequential,1778268181.3578644,/big.txt,71958528,131072,sequential,1.0000,0.0000,0,1,72089600,4096,1,-1,0
177,177_baseline_sequential_run17,baseline,sequential,1778268181.3600311,/big.txt,72089600,131072,sequential,1.0000,0.0000,0,1,72220672,4096,1,-1,0
177,177_baseline_sequential_run17,baseline,sequential,1778268181.3621988,/big.txt,72220672,131072,sequential,1.0000,0.0000,0,1,72351744,4096,1,-1,0
177,177_baseline_sequential_run17,baseline,sequential,1778268181.36437,/big.txt,72351744,131072,sequential,1.0000,0.0000,0,1,72482816,4096,1,-1,0
177,177_baseline_sequential_run17,baseline,sequential,1778268181.3665154,/big.txt,72482816,131072,sequential,1.0000,0.0000,0,1,72613888,4096,1,-1,0
177,177_baseline_sequential_run17,baseline,sequential,1778268181.3686638,/big.txt,72613888,131072,sequential,1.0000,0.0000,0,1,72744960,4096,1,-1,0
177,177_baseline_sequential_run17,baseline,sequential,1778268181.3708055,/big.txt,72744960,131072,sequential,1.0000,0.0000,0,1,72876032,4096,1,-1,0
177,177_baseline_sequential_run17,baseline,sequential,1778268181.3729486,/big.txt,72876032,131072,sequential,1.0000,0.0000,0,1,73007104,4096,1,-1,0
177,177_baseline_sequential_run17,baseline,sequential,1778268181.3751593,/big.txt,73007104,131072,sequential,1.0000,0.0000,0,1,73138176,4096,1,-1,0
177,177_baseline_sequential_run17,baseline,sequential,1778268181.3772998,/big.txt,73138176,131072,sequential,1.0000,0.0000,0,1,73269248,4096,1,-1,0
177,177_baseline_sequential_run17,baseline,sequential,1778268181.3795013,/big.txt,73269248,131072,sequential,1.0000,0.0000,0,1,73400320,4096,1,-1,0
177,177_baseline_sequential_run17,baseline,sequential,1778268181.3816624,/big.txt,73400320,131072,sequential,1.0000,0.0000,0,1,73531392,4096,1,-1,0
177,177_baseline_sequential_run17,baseline,sequential,1778268181.3838682,/big.txt,73531392,131072,sequential,1.0000,0.0000,0,1,73662464,4096,1,-1,0
177,177_baseline_sequential_run17,baseline,sequential,1778268181.3860133,/big.txt,73662464,131072,sequential,1.0000,0.0000,0,1,73793536,4096,1,-1,0
177,177_baseline_sequential_run17,baseline,sequential,1778268181.3881967,/big.txt,73793536,131072,sequential,1.0000,0.0000,0,1,73924608,4096,1,-1,0
177,177_baseline_sequential_run17,baseline,sequential,1778268181.3903508,/big.txt,73924608,131072,sequential,1.0000,0.0000,0,1,74055680,4096,1,-1,0
177,177_baseline_sequential_run17,baseline,sequential,1778268181.392514,/big.txt,74055680,131072,sequential,1.0000,0.0000,0,1,74186752,4096,1,-1,0
177,177_baseline_sequential_run17,baseline,sequential,1778268181.3946779,/big.txt,74186752,131072,sequential,1.0000,0.0000,0,1,74317824,4096,1,-1,0
177,177_baseline_sequential_run17,baseline,sequential,1778268181.3968375,/big.txt,74317824,131072,sequential,1.0000,0.0000,0,1,74448896,4096,1,-1,0
177,177_baseline_sequential_run17,baseline,sequential,1778268181.3989792,/big.txt,74448896,131072,sequential,1.0000,0.0000,0,1,74579968,4096,1,-1,0
177,177_baseline_sequential_run17,baseline,sequential,1778268181.401136,/big.txt,74579968,131072,sequential,1.0000,0.0000,0,1,74711040,4096,1,-1,0
177,177_baseline_sequential_run17,baseline,sequential,1778268181.4033742,/big.txt,74711040,131072,sequential,1.0000,0.0000,0,1,74842112,4096,1,-1,0
177,177_baseline_sequential_run17,baseline,sequential,1778268181.4055414,/big.txt,74842112,131072,sequential,1.0000,0.0000,0,1,74973184,4096,1,-1,0
177,177_baseline_sequential_run17,baseline,sequential,1778268181.4076817,/big.txt,74973184,131072,sequential,1.0000,0.0000,0,1,75104256,4096,1,-1,0
177,177_baseline_sequential_run17,baseline,sequential,1778268181.4098244,/big.txt,75104256,131072,sequential,1.0000,0.0000,0,1,75235328,4096,1,-1,0
177,177_baseline_sequential_run17,baseline,sequential,1778268181.4119866,/big.txt,75235328,131072,sequential,1.0000,0.0000,0,1,75366400,4096,1,-1,0
177,177_baseline_sequential_run17,baseline,sequential,1778268181.414125,/big.txt,75366400,131072,sequential,1.0000,0.0000,0,1,75497472,4096,1,-1,0
177,177_baseline_sequential_run17,baseline,sequential,1778268181.416296,/big.txt,75497472,131072,sequential,1.0000,0.0000,0,1,75628544,4096,1,-1,0
177,177_baseline_sequential_run17,baseline,sequential,1778268181.4184506,/big.txt,75628544,131072,sequential,1.0000,0.0000,0,1,75759616,4096,1,-1,0
177,177_baseline_sequential_run17,baseline,sequential,1778268181.4206204,/big.txt,75759616,131072,sequential,1.0000,0.0000,0,1,75890688,4096,1,-1,0
177,177_baseline_sequential_run17,baseline,sequential,1778268181.4227712,/big.txt,75890688,131072,sequential,1.0000,0.0000,0,1,76021760,4096,1,-1,0
177,177_baseline_sequential_run17,baseline,sequential,1778268181.4249315,/big.txt,76021760,131072,sequential,1.0000,0.0000,0,1,76152832,4096,1,-1,0
177,177_baseline_sequential_run17,baseline,sequential,1778268181.4274971,/big.txt,76152832,131072,sequential,1.0000,0.0000,0,1,76283904,4096,1,-1,0
177,177_baseline_sequential_run17,baseline,sequential,1778268181.4318984,/big.txt,76283904,131072,sequential,1.0000,0.0000,0,1,76414976,4096,1,-1,0
177,177_baseline_sequential_run17,baseline,sequential,1778268181.4362695,/big.txt,76414976,131072,sequential,1.0000,0.0000,0,1,76546048,4096,1,-1,0
177,177_baseline_sequential_run17,baseline,sequential,1778268181.439385,/big.txt,76546048,131072,sequential,1.0000,0.0000,0,1,76677120,4096,1,-1,0
177,177_baseline_sequential_run17,baseline,sequential,1778268181.4415703,/big.txt,76677120,131072,sequential,1.0000,0.0000,0,1,76808192,4096,1,-1,0
177,177_baseline_sequential_run17,baseline,sequential,1778268181.4437215,/big.txt,76808192,131072,sequential,1.0000,0.0000,0,1,76939264,4096,1,-1,0
177,177_baseline_sequential_run17,baseline,sequential,1778268181.445879,/big.txt,76939264,131072,sequential,1.0000,0.0000,0,1,77070336,4096,1,-1,0
177,177_baseline_sequential_run17,baseline,sequential,1778268181.448038,/big.txt,77070336,131072,sequential,1.0000,0.0000,0,1,77201408,4096,1,-1,0
177,177_baseline_sequential_run17,baseline,sequential,1778268181.45022,/big.txt,77201408,131072,sequential,1.0000,0.0000,0,1,77332480,4096,1,-1,0
177,177_baseline_sequential_run17,baseline,sequential,1778268181.4523973,/big.txt,77332480,131072,sequential,1.0000,0.0000,0,1,77463552,4096,1,-1,0
177,177_baseline_sequential_run17,baseline,sequential,1778268181.4545574,/big.txt,77463552,131072,sequential,1.0000,0.0000,0,1,77594624,4096,1,-1,0
177,177_baseline_sequential_run17,baseline,sequential,1778268181.4567435,/big.txt,77594624,131072,sequential,1.0000,0.0000,0,1,77725696,4096,1,-1,0
177,177_baseline_sequential_run17,baseline,sequential,1778268181.4588885,/big.txt,77725696,131072,sequential,1.0000,0.0000,0,1,77856768,4096,1,-1,0
177,177_baseline_sequential_run17,baseline,sequential,1778268181.4610384,/big.txt,77856768,131072,sequential,1.0000,0.0000,0,1,77987840,4096,1,-1,0
177,177_baseline_sequential_run17,baseline,sequential,1778268181.4632509,/big.txt,77987840,131072,sequential,1.0000,0.0000,0,1,78118912,4096,1,-1,0
177,177_baseline_sequential_run17,baseline,sequential,1778268181.4653962,/big.txt,78118912,131072,sequential,1.0000,0.0000,0,1,78249984,4096,1,-1,0
177,177_baseline_sequential_run17,baseline,sequential,1778268181.4675403,/big.txt,78249984,131072,sequential,1.0000,0.0000,0,1,78381056,4096,1,-1,0
177,177_baseline_sequential_run17,baseline,sequential,1778268181.469679,/big.txt,78381056,131072,sequential,1.0000,0.0000,0,1,78512128,4096,1,-1,0
177,177_baseline_sequential_run17,baseline,sequential,1778268181.4718597,/big.txt,78512128,131072,sequential,1.0000,0.0000,0,1,78643200,4096,1,-1,0
177,177_baseline_sequential_run17,baseline,sequential,1778268181.4740138,/big.txt,78643200,131072,sequential,1.0000,0.0000,0,1,78774272,4096,1,-1,0
177,177_baseline_sequential_run17,baseline,sequential,1778268181.4761784,/big.txt,78774272,131072,sequential,1.0000,0.0000,0,1,78905344,4096,1,-1,0
177,177_baseline_sequential_run17,baseline,sequential,1778268181.4783282,/big.txt,78905344,131072,sequential,1.0000,0.0000,0,1,79036416,4096,1,-1,0
177,177_baseline_sequential_run17,baseline,sequential,1778268181.4804773,/big.txt,79036416,131072,sequential,1.0000,0.0000,0,1,79167488,4096,1,-1,0
177,177_baseline_sequential_run17,baseline,sequential,1778268181.4826188,/big.txt,79167488,131072,sequential,1.0000,0.0000,0,1,79298560,4096,1,-1,0
177,177_baseline_sequential_run17,baseline,sequential,1778268181.4848573,/big.txt,79298560,131072,sequential,1.0000,0.0000,0,1,79429632,4096,1,-1,0
177,177_baseline_sequential_run17,baseline,sequential,1778268181.4870262,/big.txt,79429632,131072,sequential,1.0000,0.0000,0,1,79560704,4096,1,-1,0
177,177_baseline_sequential_run17,baseline,sequential,1778268181.4891553,/big.txt,79560704,131072,sequential,1.0000,0.0000,0,1,79691776,4096,1,-1,0
177,177_baseline_sequential_run17,baseline,sequential,1778268181.4914312,/big.txt,79691776,131072,sequential,1.0000,0.0000,0,1,79822848,4096,1,-1,0
177,177_baseline_sequential_run17,baseline,sequential,1778268181.4935575,/big.txt,79822848,131072,sequential,1.0000,0.0000,0,1,79953920,4096,1,-1,0
177,177_baseline_sequential_run17,baseline,sequential,1778268181.4957438,/big.txt,79953920,131072,sequential,1.0000,0.0000,0,1,80084992,4096,1,-1,0
177,177_baseline_sequential_run17,baseline,sequential,1778268181.4978843,/big.txt,80084992,131072,sequential,1.0000,0.0000,0,1,80216064,4096,1,-1,0
177,177_baseline_sequential_run17,baseline,sequential,1778268181.5000618,/big.txt,80216064,131072,sequential,1.0000,0.0000,0,1,80347136,4096,1,-1,0
177,177_baseline_sequential_run17,baseline,sequential,1778268181.5022151,/big.txt,80347136,131072,sequential,1.0000,0.0000,0,1,80478208,4096,1,-1,0
177,177_baseline_sequential_run17,baseline,sequential,1778268181.5043764,/big.txt,80478208,131072,sequential,1.0000,0.0000,0,1,80609280,4096,1,-1,0
177,177_baseline_sequential_run17,baseline,sequential,1778268181.5065162,/big.txt,80609280,131072,sequential,1.0000,0.0000,0,1,80740352,4096,1,-1,0
177,177_baseline_sequential_run17,baseline,sequential,1778268181.5086713,/big.txt,80740352,131072,sequential,1.0000,0.0000,0,1,80871424,4096,1,-1,0
177,177_baseline_sequential_run17,baseline,sequential,1778268181.510815,/big.txt,80871424,131072,sequential,1.0000,0.0000,0,1,81002496,4096,1,-1,0
177,177_baseline_sequential_run17,baseline,sequential,1778268181.512952,/big.txt,81002496,131072,sequential,1.0000,0.0000,0,1,81133568,4096,1,-1,0
177,177_baseline_sequential_run17,baseline,sequential,1778268181.515164,/big.txt,81133568,131072,sequential,1.0000,0.0000,0,1,81264640,4096,1,-1,0
177,177_baseline_sequential_run17,baseline,sequential,1778268181.5172994,/big.txt,81264640,131072,sequential,1.0000,0.0000,0,1,81395712,4096,1,-1,0
177,177_baseline_sequential_run17,baseline,sequential,1778268181.519442,/big.txt,81395712,131072,sequential,1.0000,0.0000,0,1,81526784,4096,1,-1,0
177,177_baseline_sequential_run17,baseline,sequential,1778268181.5215967,/big.txt,81526784,131072,sequential,1.0000,0.0000,0,1,81657856,4096,1,-1,0
177,177_baseline_sequential_run17,baseline,sequential,1778268181.5238392,/big.txt,81657856,131072,sequential,1.0000,0.0000,0,1,81788928,4096,1,-1,0
177,177_baseline_sequential_run17,baseline,sequential,1778268181.5260715,/big.txt,81788928,131072,sequential,1.0000,0.0000,0,1,81920000,4096,1,-1,0
177,177_baseline_sequential_run17,baseline,sequential,1778268181.5282536,/big.txt,81920000,131072,sequential,1.0000,0.0000,0,1,82051072,4096,1,-1,0
177,177_baseline_sequential_run17,baseline,sequential,1778268181.53045,/big.txt,82051072,131072,sequential,1.0000,0.0000,0,1,82182144,4096,1,-1,0
177,177_baseline_sequential_run17,baseline,sequential,1778268181.5326216,/big.txt,82182144,131072,sequential,1.0000,0.0000,0,1,82313216,4096,1,-1,0
177,177_baseline_sequential_run17,baseline,sequential,1778268181.5348036,/big.txt,82313216,131072,sequential,1.0000,0.0000,0,1,82444288,4096,1,-1,0
177,177_baseline_sequential_run17,baseline,sequential,1778268181.5369523,/big.txt,82444288,131072,sequential,1.0000,0.0000,0,1,82575360,4096,1,-1,0
177,177_baseline_sequential_run17,baseline,sequential,1778268181.5391104,/big.txt,82575360,131072,sequential,1.0000,0.0000,0,1,82706432,4096,1,-1,0
177,177_baseline_sequential_run17,baseline,sequential,1778268181.541259,/big.txt,82706432,131072,sequential,1.0000,0.0000,0,1,82837504,4096,1,-1,0
177,177_baseline_sequential_run17,baseline,sequential,1778268181.5434072,/big.txt,82837504,131072,sequential,1.0000,0.0000,0,1,82968576,4096,1,-1,0
177,177_baseline_sequential_run17,baseline,sequential,1778268181.5455344,/big.txt,82968576,131072,sequential,1.0000,0.0000,0,1,83099648,4096,1,-1,0
177,177_baseline_sequential_run17,baseline,sequential,1778268181.5478477,/big.txt,83099648,131072,sequential,1.0000,0.0000,0,1,83230720,4096,1,-1,0
177,177_baseline_sequential_run17,baseline,sequential,1778268181.549983,/big.txt,83230720,131072,sequential,1.0000,0.0000,0,1,83361792,4096,1,-1,0
177,177_baseline_sequential_run17,baseline,sequential,1778268181.552128,/big.txt,83361792,131072,sequential,1.0000,0.0000,0,1,83492864,4096,1,-1,0
177,177_baseline_sequential_run17,baseline,sequential,1778268181.5542767,/big.txt,83492864,131072,sequential,1.0000,0.0000,0,1,83623936,4096,1,-1,0
177,177_baseline_sequential_run17,baseline,sequential,1778268181.5564525,/big.txt,83623936,131072,sequential,1.0000,0.0000,0,1,83755008,4096,1,-1,0
177,177_baseline_sequential_run17,baseline,sequential,1778268181.5586128,/big.txt,83755008,131072,sequential,1.0000,0.0000,0,1,83886080,4096,1,-1,0
177,177_baseline_sequential_run17,baseline,sequential,1778268181.5607607,/big.txt,83886080,131072,sequential,1.0000,0.0000,0,1,84017152,4096,1,-1,0
177,177_baseline_sequential_run17,baseline,sequential,1778268181.5629728,/big.txt,84017152,131072,sequential,1.0000,0.0000,0,1,84148224,4096,1,-1,0
177,177_baseline_sequential_run17,baseline,sequential,1778268181.565111,/big.txt,84148224,131072,sequential,1.0000,0.0000,0,1,84279296,4096,1,-1,0
177,177_baseline_sequential_run17,baseline,sequential,1778268181.567254,/big.txt,84279296,131072,sequential,1.0000,0.0000,0,1,84410368,4096,1,-1,0
177,177_baseline_sequential_run17,baseline,sequential,1778268181.5694034,/big.txt,84410368,131072,sequential,1.0000,0.0000,0,1,84541440,4096,1,-1,0
177,177_baseline_sequential_run17,baseline,sequential,1778268181.5716105,/big.txt,84541440,131072,sequential,1.0000,0.0000,0,1,84672512,4096,1,-1,0
177,177_baseline_sequential_run17,baseline,sequential,1778268181.5737686,/big.txt,84672512,131072,sequential,1.0000,0.0000,0,1,84803584,4096,1,-1,0
177,177_baseline_sequential_run17,baseline,sequential,1778268181.5759323,/big.txt,84803584,131072,sequential,1.0000,0.0000,0,1,84934656,4096,1,-1,0
177,177_baseline_sequential_run17,baseline,sequential,1778268181.5780897,/big.txt,84934656,131072,sequential,1.0000,0.0000,0,1,85065728,4096,1,-1,0
177,177_baseline_sequential_run17,baseline,sequential,1778268181.5802372,/big.txt,85065728,131072,sequential,1.0000,0.0000,0,1,85196800,4096,1,-1,0
177,177_baseline_sequential_run17,baseline,sequential,1778268181.5824304,/big.txt,85196800,131072,sequential,1.0000,0.0000,0,1,85327872,4096,1,-1,0
177,177_baseline_sequential_run17,baseline,sequential,1778268181.5845883,/big.txt,85327872,131072,sequential,1.0000,0.0000,0,1,85458944,4096,1,-1,0
177,177_baseline_sequential_run17,baseline,sequential,1778268181.5867198,/big.txt,85458944,131072,sequential,1.0000,0.0000,0,1,85590016,4096,1,-1,0
177,177_baseline_sequential_run17,baseline,sequential,1778268181.5911274,/big.txt,85590016,131072,sequential,1.0000,0.0000,0,1,85721088,4096,1,-1,0
177,177_baseline_sequential_run17,baseline,sequential,1778268181.5954938,/big.txt,85721088,131072,sequential,1.0000,0.0000,0,1,85852160,4096,1,-1,0
177,177_baseline_sequential_run17,baseline,sequential,1778268181.5991719,/big.txt,85852160,131072,sequential,1.0000,0.0000,0,1,85983232,4096,1,-1,0
177,177_baseline_sequential_run17,baseline,sequential,1778268181.601322,/big.txt,85983232,131072,sequential,1.0000,0.0000,0,1,86114304,4096,1,-1,0
177,177_baseline_sequential_run17,baseline,sequential,1778268181.6035767,/big.txt,86114304,131072,sequential,1.0000,0.0000,0,1,86245376,4096,1,-1,0
177,177_baseline_sequential_run17,baseline,sequential,1778268181.6057136,/big.txt,86245376,131072,sequential,1.0000,0.0000,0,1,86376448,4096,1,-1,0
177,177_baseline_sequential_run17,baseline,sequential,1778268181.6078928,/big.txt,86376448,131072,sequential,1.0000,0.0000,0,1,86507520,4096,1,-1,0
177,177_baseline_sequential_run17,baseline,sequential,1778268181.6100407,/big.txt,86507520,131072,sequential,1.0000,0.0000,0,1,86638592,4096,1,-1,0
177,177_baseline_sequential_run17,baseline,sequential,1778268181.6122174,/big.txt,86638592,131072,sequential,1.0000,0.0000,0,1,86769664,4096,1,-1,0
177,177_baseline_sequential_run17,baseline,sequential,1778268181.6143525,/big.txt,86769664,131072,sequential,1.0000,0.0000,0,1,86900736,4096,1,-1,0
177,177_baseline_sequential_run17,baseline,sequential,1778268181.6165018,/big.txt,86900736,131072,sequential,1.0000,0.0000,0,1,87031808,4096,1,-1,0
177,177_baseline_sequential_run17,baseline,sequential,1778268181.618645,/big.txt,87031808,131072,sequential,1.0000,0.0000,0,1,87162880,4096,1,-1,0
177,177_baseline_sequential_run17,baseline,sequential,1778268181.6207998,/big.txt,87162880,131072,sequential,1.0000,0.0000,0,1,87293952,4096,1,-1,0
177,177_baseline_sequential_run17,baseline,sequential,1778268181.623034,/big.txt,87293952,131072,sequential,1.0000,0.0000,0,1,87425024,4096,1,-1,0
177,177_baseline_sequential_run17,baseline,sequential,1778268181.6251905,/big.txt,87425024,131072,sequential,1.0000,0.0000,0,1,87556096,4096,1,-1,0
177,177_baseline_sequential_run17,baseline,sequential,1778268181.6273885,/big.txt,87556096,131072,sequential,1.0000,0.0000,0,1,87687168,4096,1,-1,0
177,177_baseline_sequential_run17,baseline,sequential,1778268181.6295717,/big.txt,87687168,131072,sequential,1.0000,0.0000,0,1,87818240,4096,1,-1,0
177,177_baseline_sequential_run17,baseline,sequential,1778268181.631716,/big.txt,87818240,131072,sequential,1.0000,0.0000,0,1,87949312,4096,1,-1,0
177,177_baseline_sequential_run17,baseline,sequential,1778268181.6338766,/big.txt,87949312,131072,sequential,1.0000,0.0000,0,1,88080384,4096,1,-1,0
177,177_baseline_sequential_run17,baseline,sequential,1778268181.6360726,/big.txt,88080384,131072,sequential,1.0000,0.0000,0,1,88211456,4096,1,-1,0
177,177_baseline_sequential_run17,baseline,sequential,1778268181.6382482,/big.txt,88211456,131072,sequential,1.0000,0.0000,0,1,88342528,4096,1,-1,0
177,177_baseline_sequential_run17,baseline,sequential,1778268181.6404283,/big.txt,88342528,131072,sequential,1.0000,0.0000,0,1,88473600,4096,1,-1,0
177,177_baseline_sequential_run17,baseline,sequential,1778268181.6425815,/big.txt,88473600,131072,sequential,1.0000,0.0000,0,1,88604672,4096,1,-1,0
177,177_baseline_sequential_run17,baseline,sequential,1778268181.6447823,/big.txt,88604672,131072,sequential,1.0000,0.0000,0,1,88735744,4096,1,-1,0
177,177_baseline_sequential_run17,baseline,sequential,1778268181.646935,/big.txt,88735744,131072,sequential,1.0000,0.0000,0,1,88866816,4096,1,-1,0
177,177_baseline_sequential_run17,baseline,sequential,1778268181.649072,/big.txt,88866816,131072,sequential,1.0000,0.0000,0,1,88997888,4096,1,-1,0
177,177_baseline_sequential_run17,baseline,sequential,1778268181.6512802,/big.txt,88997888,131072,sequential,1.0000,0.0000,0,1,89128960,4096,1,-1,0
177,177_baseline_sequential_run17,baseline,sequential,1778268181.6534204,/big.txt,89128960,131072,sequential,1.0000,0.0000,0,1,89260032,4096,1,-1,0
177,177_baseline_sequential_run17,baseline,sequential,1778268181.6555772,/big.txt,89260032,131072,sequential,1.0000,0.0000,0,1,89391104,4096,1,-1,0
177,177_baseline_sequential_run17,baseline,sequential,1778268181.6577113,/big.txt,89391104,131072,sequential,1.0000,0.0000,0,1,89522176,4096,1,-1,0
177,177_baseline_sequential_run17,baseline,sequential,1778268181.6598923,/big.txt,89522176,131072,sequential,1.0000,0.0000,0,1,89653248,4096,1,-1,0
177,177_baseline_sequential_run17,baseline,sequential,1778268181.6620402,/big.txt,89653248,131072,sequential,1.0000,0.0000,0,1,89784320,4096,1,-1,0
177,177_baseline_sequential_run17,baseline,sequential,1778268181.6642156,/big.txt,89784320,131072,sequential,1.0000,0.0000,0,1,89915392,4096,1,-1,0
177,177_baseline_sequential_run17,baseline,sequential,1778268181.6663647,/big.txt,89915392,131072,sequential,1.0000,0.0000,0,1,90046464,4096,1,-1,0
177,177_baseline_sequential_run17,baseline,sequential,1778268181.6685343,/big.txt,90046464,131072,sequential,1.0000,0.0000,0,1,90177536,4096,1,-1,0
177,177_baseline_sequential_run17,baseline,sequential,1778268181.670695,/big.txt,90177536,131072,sequential,1.0000,0.0000,0,1,90308608,4096,1,-1,0
177,177_baseline_sequential_run17,baseline,sequential,1778268181.6728742,/big.txt,90308608,131072,sequential,1.0000,0.0000,0,1,90439680,4096,1,-1,0
177,177_baseline_sequential_run17,baseline,sequential,1778268181.6750348,/big.txt,90439680,131072,sequential,1.0000,0.0000,0,1,90570752,4096,1,-1,0
177,177_baseline_sequential_run17,baseline,sequential,1778268181.6771848,/big.txt,90570752,131072,sequential,1.0000,0.0000,0,1,90701824,4096,1,-1,0
177,177_baseline_sequential_run17,baseline,sequential,1778268181.6807442,/big.txt,90701824,131072,sequential,1.0000,0.0000,0,1,90832896,4096,1,-1,0
177,177_baseline_sequential_run17,baseline,sequential,1778268181.68515,/big.txt,90832896,131072,sequential,1.0000,0.0000,0,1,90963968,4096,1,-1,0
177,177_baseline_sequential_run17,baseline,sequential,1778268181.6894636,/big.txt,90963968,131072,sequential,1.0000,0.0000,0,1,91095040,4096,1,-1,0
177,177_baseline_sequential_run17,baseline,sequential,1778268181.6916144,/big.txt,91095040,131072,sequential,1.0000,0.0000,0,1,91226112,4096,1,-1,0
177,177_baseline_sequential_run17,baseline,sequential,1778268181.6936803,/big.txt,91226112,131072,sequential,1.0000,0.0000,0,1,91357184,4096,1,-1,0
177,177_baseline_sequential_run17,baseline,sequential,1778268181.695819,/big.txt,91357184,131072,sequential,1.0000,0.0000,0,1,91488256,4096,1,-1,0
177,177_baseline_sequential_run17,baseline,sequential,1778268181.69796,/big.txt,91488256,131072,sequential,1.0000,0.0000,0,1,91619328,4096,1,-1,0
177,177_baseline_sequential_run17,baseline,sequential,1778268181.7000792,/big.txt,91619328,131072,sequential,1.0000,0.0000,0,1,91750400,4096,1,-1,0
177,177_baseline_sequential_run17,baseline,sequential,1778268181.702201,/big.txt,91750400,131072,sequential,1.0000,0.0000,0,1,91881472,4096,1,-1,0
177,177_baseline_sequential_run17,baseline,sequential,1778268181.7043197,/big.txt,91881472,131072,sequential,1.0000,0.0000,0,1,92012544,4096,1,-1,0
177,177_baseline_sequential_run17,baseline,sequential,1778268181.7063873,/big.txt,92012544,131072,sequential,1.0000,0.0000,0,1,92143616,4096,1,-1,0
177,177_baseline_sequential_run17,baseline,sequential,1778268181.708445,/big.txt,92143616,131072,sequential,1.0000,0.0000,0,1,92274688,4096,1,-1,0
177,177_baseline_sequential_run17,baseline,sequential,1778268181.7105033,/big.txt,92274688,131072,sequential,1.0000,0.0000,0,1,92405760,4096,1,-1,0
177,177_baseline_sequential_run17,baseline,sequential,1778268181.7125518,/big.txt,92405760,131072,sequential,1.0000,0.0000,0,1,92536832,4096,1,-1,0
177,177_baseline_sequential_run17,baseline,sequential,1778268181.7145941,/big.txt,92536832,131072,sequential,1.0000,0.0000,0,1,92667904,4096,1,-1,0
177,177_baseline_sequential_run17,baseline,sequential,1778268181.7167037,/big.txt,92667904,131072,sequential,1.0000,0.0000,0,1,92798976,4096,1,-1,0
177,177_baseline_sequential_run17,baseline,sequential,1778268181.7187855,/big.txt,92798976,131072,sequential,1.0000,0.0000,0,1,92930048,4096,1,-1,0
177,177_baseline_sequential_run17,baseline,sequential,1778268181.72085,/big.txt,92930048,131072,sequential,1.0000,0.0000,0,1,93061120,4096,1,-1,0
177,177_baseline_sequential_run17,baseline,sequential,1778268181.7229362,/big.txt,93061120,131072,sequential,1.0000,0.0000,0,1,93192192,4096,1,-1,0
177,177_baseline_sequential_run17,baseline,sequential,1778268181.7249925,/big.txt,93192192,131072,sequential,1.0000,0.0000,0,1,93323264,4096,1,-1,0
177,177_baseline_sequential_run17,baseline,sequential,1778268181.7271245,/big.txt,93323264,131072,sequential,1.0000,0.0000,0,1,93454336,4096,1,-1,0
177,177_baseline_sequential_run17,baseline,sequential,1778268181.7291787,/big.txt,93454336,131072,sequential,1.0000,0.0000,0,1,93585408,4096,1,-1,0
177,177_baseline_sequential_run17,baseline,sequential,1778268181.7312458,/big.txt,93585408,131072,sequential,1.0000,0.0000,0,1,93716480,4096,1,-1,0
177,177_baseline_sequential_run17,baseline,sequential,1778268181.7332935,/big.txt,93716480,131072,sequential,1.0000,0.0000,0,1,93847552,4096,1,-1,0
177,177_baseline_sequential_run17,baseline,sequential,1778268181.7354527,/big.txt,93847552,131072,sequential,1.0000,0.0000,0,1,93978624,4096,1,-1,0
177,177_baseline_sequential_run17,baseline,sequential,1778268181.7375107,/big.txt,93978624,131072,sequential,1.0000,0.0000,0,1,94109696,4096,1,-1,0
177,177_baseline_sequential_run17,baseline,sequential,1778268181.7396085,/big.txt,94109696,131072,sequential,1.0000,0.0000,0,1,94240768,4096,1,-1,0
177,177_baseline_sequential_run17,baseline,sequential,1778268181.7416825,/big.txt,94240768,131072,sequential,1.0000,0.0000,0,1,94371840,4096,1,-1,0
177,177_baseline_sequential_run17,baseline,sequential,1778268181.7437637,/big.txt,94371840,131072,sequential,1.0000,0.0000,0,1,94502912,4096,1,-1,0
177,177_baseline_sequential_run17,baseline,sequential,1778268181.7458656,/big.txt,94502912,131072,sequential,1.0000,0.0000,0,1,94633984,4096,1,-1,0
177,177_baseline_sequential_run17,baseline,sequential,1778268181.7479565,/big.txt,94633984,131072,sequential,1.0000,0.0000,0,1,94765056,4096,1,-1,0
177,177_baseline_sequential_run17,baseline,sequential,1778268181.75001,/big.txt,94765056,131072,sequential,1.0000,0.0000,0,1,94896128,4096,1,-1,0
177,177_baseline_sequential_run17,baseline,sequential,1778268181.7520685,/big.txt,94896128,131072,sequential,1.0000,0.0000,0,1,95027200,4096,1,-1,0
177,177_baseline_sequential_run17,baseline,sequential,1778268181.7541685,/big.txt,95027200,131072,sequential,1.0000,0.0000,0,1,95158272,4096,1,-1,0
177,177_baseline_sequential_run17,baseline,sequential,1778268181.7562814,/big.txt,95158272,131072,sequential,1.0000,0.0000,0,1,95289344,4096,1,-1,0
177,177_baseline_sequential_run17,baseline,sequential,1778268181.7583637,/big.txt,95289344,131072,sequential,1.0000,0.0000,0,1,95420416,4096,1,-1,0
177,177_baseline_sequential_run17,baseline,sequential,1778268181.760428,/big.txt,95420416,131072,sequential,1.0000,0.0000,0,1,95551488,4096,1,-1,0
177,177_baseline_sequential_run17,baseline,sequential,1778268181.7624853,/big.txt,95551488,131072,sequential,1.0000,0.0000,0,1,95682560,4096,1,-1,0
177,177_baseline_sequential_run17,baseline,sequential,1778268181.764552,/big.txt,95682560,131072,sequential,1.0000,0.0000,0,1,95813632,4096,1,-1,0
177,177_baseline_sequential_run17,baseline,sequential,1778268181.7666306,/big.txt,95813632,131072,sequential,1.0000,0.0000,0,1,95944704,4096,1,-1,0
177,177_baseline_sequential_run17,baseline,sequential,1778268181.7687056,/big.txt,95944704,131072,sequential,1.0000,0.0000,0,1,96075776,4096,1,-1,0
177,177_baseline_sequential_run17,baseline,sequential,1778268181.7707493,/big.txt,96075776,131072,sequential,1.0000,0.0000,0,1,96206848,4096,1,-1,0
177,177_baseline_sequential_run17,baseline,sequential,1778268181.772868,/big.txt,96206848,131072,sequential,1.0000,0.0000,0,1,96337920,4096,1,-1,0
177,177_baseline_sequential_run17,baseline,sequential,1778268181.7749288,/big.txt,96337920,131072,sequential,1.0000,0.0000,0,1,96468992,4096,1,-1,0
177,177_baseline_sequential_run17,baseline,sequential,1778268181.7769754,/big.txt,96468992,131072,sequential,1.0000,0.0000,0,1,96600064,4096,1,-1,0
177,177_baseline_sequential_run17,baseline,sequential,1778268181.7791002,/big.txt,96600064,131072,sequential,1.0000,0.0000,0,1,96731136,4096,1,-1,0
177,177_baseline_sequential_run17,baseline,sequential,1778268181.7811534,/big.txt,96731136,131072,sequential,1.0000,0.0000,0,1,96862208,4096,1,-1,0
177,177_baseline_sequential_run17,baseline,sequential,1778268181.7832172,/big.txt,96862208,131072,sequential,1.0000,0.0000,0,1,96993280,4096,1,-1,0
177,177_baseline_sequential_run17,baseline,sequential,1778268181.7852972,/big.txt,96993280,131072,sequential,1.0000,0.0000,0,1,97124352,4096,1,-1,0
177,177_baseline_sequential_run17,baseline,sequential,1778268181.7873933,/big.txt,97124352,131072,sequential,1.0000,0.0000,0,1,97255424,4096,1,-1,0
177,177_baseline_sequential_run17,baseline,sequential,1778268181.7894883,/big.txt,97255424,131072,sequential,1.0000,0.0000,0,1,97386496,4096,1,-1,0
177,177_baseline_sequential_run17,baseline,sequential,1778268181.7915747,/big.txt,97386496,131072,sequential,1.0000,0.0000,0,1,97517568,4096,1,-1,0
177,177_baseline_sequential_run17,baseline,sequential,1778268181.7936623,/big.txt,97517568,131072,sequential,1.0000,0.0000,0,1,97648640,4096,1,-1,0
177,177_baseline_sequential_run17,baseline,sequential,1778268181.7957227,/big.txt,97648640,131072,sequential,1.0000,0.0000,0,1,97779712,4096,1,-1,0
177,177_baseline_sequential_run17,baseline,sequential,1778268181.7977924,/big.txt,97779712,131072,sequential,1.0000,0.0000,0,1,97910784,4096,1,-1,0
177,177_baseline_sequential_run17,baseline,sequential,1778268181.7998707,/big.txt,97910784,131072,sequential,1.0000,0.0000,0,1,98041856,4096,1,-1,0
177,177_baseline_sequential_run17,baseline,sequential,1778268181.8019302,/big.txt,98041856,131072,sequential,1.0000,0.0000,0,1,98172928,4096,1,-1,0
177,177_baseline_sequential_run17,baseline,sequential,1778268181.8040063,/big.txt,98172928,131072,sequential,1.0000,0.0000,0,1,98304000,4096,1,-1,0
177,177_baseline_sequential_run17,baseline,sequential,1778268181.8060815,/big.txt,98304000,131072,sequential,1.0000,0.0000,0,1,98435072,4096,1,-1,0
177,177_baseline_sequential_run17,baseline,sequential,1778268181.8081672,/big.txt,98435072,131072,sequential,1.0000,0.0000,0,1,98566144,4096,1,-1,0
177,177_baseline_sequential_run17,baseline,sequential,1778268181.8102415,/big.txt,98566144,131072,sequential,1.0000,0.0000,0,1,98697216,4096,1,-1,0
177,177_baseline_sequential_run17,baseline,sequential,1778268181.8123462,/big.txt,98697216,131072,sequential,1.0000,0.0000,0,1,98828288,4096,1,-1,0
177,177_baseline_sequential_run17,baseline,sequential,1778268181.8144245,/big.txt,98828288,131072,sequential,1.0000,0.0000,0,1,98959360,4096,1,-1,0
177,177_baseline_sequential_run17,baseline,sequential,1778268181.8164985,/big.txt,98959360,131072,sequential,1.0000,0.0000,0,1,99090432,4096,1,-1,0
177,177_baseline_sequential_run17,baseline,sequential,1778268181.818552,/big.txt,99090432,131072,sequential,1.0000,0.0000,0,1,99221504,4096,1,-1,0
177,177_baseline_sequential_run17,baseline,sequential,1778268181.8206844,/big.txt,99221504,131072,sequential,1.0000,0.0000,0,1,99352576,4096,1,-1,0
177,177_baseline_sequential_run17,baseline,sequential,1778268181.8227592,/big.txt,99352576,131072,sequential,1.0000,0.0000,0,1,99483648,4096,1,-1,0
177,177_baseline_sequential_run17,baseline,sequential,1778268181.8248005,/big.txt,99483648,131072,sequential,1.0000,0.0000,0,1,99614720,4096,1,-1,0
177,177_baseline_sequential_run17,baseline,sequential,1778268181.8269763,/big.txt,99614720,131072,sequential,1.0000,0.0000,0,1,99745792,4096,1,-1,0
177,177_baseline_sequential_run17,baseline,sequential,1778268181.8311775,/big.txt,99745792,131072,sequential,1.0000,0.0000,0,1,99876864,4096,1,-1,0
177,177_baseline_sequential_run17,baseline,sequential,1778268181.8353643,/big.txt,99876864,131072,sequential,1.0000,0.0000,0,1,100007936,4096,1,-1,0
177,177_baseline_sequential_run17,baseline,sequential,1778268181.8391097,/big.txt,100007936,131072,sequential,1.0000,0.0000,0,1,100139008,4096,1,-1,0
177,177_baseline_sequential_run17,baseline,sequential,1778268181.841162,/big.txt,100139008,131072,sequential,1.0000,0.0000,0,1,100270080,4096,1,-1,0
177,177_baseline_sequential_run17,baseline,sequential,1778268181.8432937,/big.txt,100270080,131072,sequential,1.0000,0.0000,0,1,100401152,4096,1,-1,0
177,177_baseline_sequential_run17,baseline,sequential,1778268181.8453631,/big.txt,100401152,131072,sequential,1.0000,0.0000,0,1,100532224,4096,1,-1,0
177,177_baseline_sequential_run17,baseline,sequential,1778268181.847427,/big.txt,100532224,131072,sequential,1.0000,0.0000,0,1,100663296,4096,1,-1,0
177,177_baseline_sequential_run17,baseline,sequential,1778268181.8494995,/big.txt,100663296,131072,sequential,1.0000,0.0000,0,1,100794368,4096,1,-1,0
177,177_baseline_sequential_run17,baseline,sequential,1778268181.8515723,/big.txt,100794368,131072,sequential,1.0000,0.0000,0,1,100925440,4096,1,-1,0
177,177_baseline_sequential_run17,baseline,sequential,1778268181.8536255,/big.txt,100925440,131072,sequential,1.0000,0.0000,0,1,101056512,4096,1,-1,0
177,177_baseline_sequential_run17,baseline,sequential,1778268181.8557158,/big.txt,101056512,131072,sequential,1.0000,0.0000,0,1,101187584,4096,1,-1,0
177,177_baseline_sequential_run17,baseline,sequential,1778268181.857778,/big.txt,101187584,131072,sequential,1.0000,0.0000,0,1,101318656,4096,1,-1,0
177,177_baseline_sequential_run17,baseline,sequential,1778268181.8598745,/big.txt,101318656,131072,sequential,1.0000,0.0000,0,1,101449728,4096,1,-1,0
177,177_baseline_sequential_run17,baseline,sequential,1778268181.861952,/big.txt,101449728,131072,sequential,1.0000,0.0000,0,1,101580800,4096,1,-1,0
177,177_baseline_sequential_run17,baseline,sequential,1778268181.8640363,/big.txt,101580800,131072,sequential,1.0000,0.0000,0,1,101711872,4096,1,-1,0
177,177_baseline_sequential_run17,baseline,sequential,1778268181.866079,/big.txt,101711872,131072,sequential,1.0000,0.0000,0,1,101842944,4096,1,-1,0
177,177_baseline_sequential_run17,baseline,sequential,1778268181.868173,/big.txt,101842944,131072,sequential,1.0000,0.0000,0,1,101974016,4096,1,-1,0
177,177_baseline_sequential_run17,baseline,sequential,1778268181.870236,/big.txt,101974016,131072,sequential,1.0000,0.0000,0,1,102105088,4096,1,-1,0
177,177_baseline_sequential_run17,baseline,sequential,1778268181.8723178,/big.txt,102105088,131072,sequential,1.0000,0.0000,0,1,102236160,4096,1,-1,0
177,177_baseline_sequential_run17,baseline,sequential,1778268181.8743722,/big.txt,102236160,131072,sequential,1.0000,0.0000,0,1,102367232,4096,1,-1,0
177,177_baseline_sequential_run17,baseline,sequential,1778268181.8764427,/big.txt,102367232,131072,sequential,1.0000,0.0000,0,1,102498304,4096,1,-1,0
177,177_baseline_sequential_run17,baseline,sequential,1778268181.87852,/big.txt,102498304,131072,sequential,1.0000,0.0000,0,1,102629376,4096,1,-1,0
177,177_baseline_sequential_run17,baseline,sequential,1778268181.880594,/big.txt,102629376,131072,sequential,1.0000,0.0000,0,1,102760448,4096,1,-1,0
177,177_baseline_sequential_run17,baseline,sequential,1778268181.8826642,/big.txt,102760448,131072,sequential,1.0000,0.0000,0,1,102891520,4096,1,-1,0
177,177_baseline_sequential_run17,baseline,sequential,1778268181.8847268,/big.txt,102891520,131072,sequential,1.0000,0.0000,0,1,103022592,4096,1,-1,0
177,177_baseline_sequential_run17,baseline,sequential,1778268181.886853,/big.txt,103022592,131072,sequential,1.0000,0.0000,0,1,103153664,4096,1,-1,0
177,177_baseline_sequential_run17,baseline,sequential,1778268181.8889055,/big.txt,103153664,131072,sequential,1.0000,0.0000,0,1,103284736,4096,1,-1,0
177,177_baseline_sequential_run17,baseline,sequential,1778268181.890975,/big.txt,103284736,131072,sequential,1.0000,0.0000,0,1,103415808,4096,1,-1,0
177,177_baseline_sequential_run17,baseline,sequential,1778268181.893027,/big.txt,103415808,131072,sequential,1.0000,0.0000,0,1,103546880,4096,1,-1,0
177,177_baseline_sequential_run17,baseline,sequential,1778268181.8950932,/big.txt,103546880,131072,sequential,1.0000,0.0000,0,1,103677952,4096,1,-1,0
177,177_baseline_sequential_run17,baseline,sequential,1778268181.8971264,/big.txt,103677952,131072,sequential,1.0000,0.0000,0,1,103809024,4096,1,-1,0
177,177_baseline_sequential_run17,baseline,sequential,1778268181.8992782,/big.txt,103809024,131072,sequential,1.0000,0.0000,0,1,103940096,4096,1,-1,0
177,177_baseline_sequential_run17,baseline,sequential,1778268181.9013262,/big.txt,103940096,131072,sequential,1.0000,0.0000,0,1,104071168,4096,1,-1,0
177,177_baseline_sequential_run17,baseline,sequential,1778268181.9034028,/big.txt,104071168,131072,sequential,1.0000,0.0000,0,1,104202240,4096,1,-1,0
177,177_baseline_sequential_run17,baseline,sequential,1778268181.9054725,/big.txt,104202240,131072,sequential,1.0000,0.0000,0,1,104333312,4096,1,-1,0
177,177_baseline_sequential_run17,baseline,sequential,1778268181.9076395,/big.txt,104333312,131072,sequential,1.0000,0.0000,0,1,104464384,4096,1,-1,0
177,177_baseline_sequential_run17,baseline,sequential,1778268181.9097025,/big.txt,104464384,131072,sequential,1.0000,0.0000,0,1,104595456,4096,1,-1,0
177,177_baseline_sequential_run17,baseline,sequential,1778268181.911809,/big.txt,104595456,131072,sequential,1.0000,0.0000,0,1,104726528,4096,1,-1,0
177,177_baseline_sequential_run17,baseline,sequential,1778268181.9138987,/big.txt,104726528,131072,sequential,1.0000,0.0000,0,1,104857600,4096,1,-1,0
177,177_baseline_sequential_run17,baseline,sequential,1778268181.9140878,/big.txt,104857600,0,sequential,1.0000,0.0000,0,0,,,1,0,0
